Field,Point_ID,Aleket_cnt,ndvi_slope,gndvi_slope,green_red_ratio_slope,ndre_slope,entropy_slope,green_slope,homogeneity_slope,asm_slope
Boundary_Fields_Addition_2010-12 — EHI_tet_2012,1.0,1.0,,,,,,,,
Boundary_Fields_Addition_2010-12 — EHI_tet_2012,2.0,1.0,,,,,,,,
Boundary_Fields_Addition_2010-12 — EHI_tet_2012,3.0,1.0,,,,,,,,
Boundary_Fields_Addition_2010-12 — EHI_tet_2012,4.0,1.0,,,,,,,,
Boundary_Fields_Addition_2010-12 — EHI_tet_2012,5.0,1.0,,,,,,,,
Boundary_Fields_Addition_2010-12 — EHI_tet_2012,6.0,1.0,,,,,,,,
Boundary_Fields_Addition_2010-12 — EHI_tet_2012,7.0,1.0,,,,,,,,
Boundary_Fields_Addition_2010-12 — EHI_tet_2012,8.0,1.0,,,,,,,,
Boundary_Fields_Addition_2010-12 — EHI_tet_2012,9.0,1.0,,,,,,,,
Boundary_Fields_Addition_2010-12 — EHI_tet_2012,10.0,1.0,,,,,,,,
Boundary_Fields_Addition_2010-12 — EHI_tet_2012,11.0,1.0,,,,,,,,
Boundary_Fields_Addition_2010-12 — EHI_tet_2012,12.0,1.0,,,,,,,,
Boundary_Fields_Addition_2010-12 — EHI_tet_2012,13.0,1.0,,,,,,,,
Boundary_Fields_Addition_2010-12 — EHI_tet_2012,14.0,1.0,,,,,,,,
Boundary_Fields_Addition_2010-12 — EHI_tet_2012,15.0,1.0,,,,,,,,
Boundary_Fields_Addition_2010-12 — EHI_tet_2012,16.0,1.0,,,,,,,,
Boundary_Fields_Addition_2010-12 — EHI_tet_2012,17.0,1.0,,,,,,,,
Boundary_Fields_Addition_2010-12 — EHI_tet_2012,18.0,1.0,,,,,,,,
Boundary_Fields_Addition_2010-12 — EHI_tet_2012,19.0,1.0,,,,,,,,
Boundary_Fields_Addition_2010-12 — EHI_tet_2012,20.0,1.0,,,,,,,,
Boundary_Fields_Addition_2010-12 — EHI_tet_2012,21.0,0.0,,,,,,,,
Boundary_Fields_Addition_2010-12 — EHI_tet_2012,22.0,1.0,,,,,,,,
Boundary_Fields_Addition_2010-12 — EHI_tet_2012,23.0,1.0,,,,,,,,
Boundary_Fields_Addition_2010-12 — EHI_tet_2012,24.0,1.0,,,,,,,,
Boundary_Fields_Addition_2010-12 — EHI_tet_2012,25.0,1.0,,,,,,,,
Boundary_Fields_Addition_2010-12 — EHI_tet_2012,26.0,1.0,,,,,,,,
Boundary_Fields_Addition_2010-12 — EHI_tet_2012,27.0,1.0,,,,,,,,
Boundary_Fields_Addition_2010-12 — EHI_tet_2012,28.0,1.0,,,,,,,,
Boundary_Fields_Addition_2010-12 — EHI_tet_2012,29.0,1.0,,,,,,,,
Boundary_Fields_Addition_2010-12 — EHI_tet_2012,30.0,2.0,,,,,,,,
Boundary_Fields_Addition_2010-12 — EHI_tet_2012,31.0,1.0,,,,,,,,
Boundary_Fields_Addition_2010-12 — EHI_tet_2012,32.0,1.0,,,,,,,,
Boundary_Fields_Addition_2010-12 — EHI_tet_2012,33.0,1.0,,,,,,,,
Boundary_Fields_Addition_2010-12 — EHI_tet_2012,34.0,1.0,,,,,,,,
Boundary_Fields_Addition_2010-12 — EHI_tet_2012,35.0,2.0,,,,,,,,
Boundary_Fields_Addition_2010-12 — EHI_tet_2012,36.0,2.0,,,,,,,,
Boundary_Fields_Addition_2010-12 — EHI_tet_2012,37.0,2.0,,,,,,,,
Boundary_Fields_Addition_2010-12 — EHI_tet_2012,38.0,2.0,,,,,,,,
Boundary_Fields_Addition_2010-12 — EHI_tet_2012,39.0,2.0,,,,,,,,
Boundary_Fields_Addition_2010-12 — EHI_tet_2012,40.0,2.0,,,,,,,,
Boundary_Fields_Addition_2010-12 — EHI_tet_2012,41.0,2.0,,,,,,,,
Boundary_Fields_Addition_2010-12 — EHI_tet_2012,42.0,2.0,,,,,,,,
Boundary_Fields_Addition_2010-12 — EHI_tet_2012,43.0,2.0,,,,,,,,
Boundary_Fields_Addition_2010-12 — EHI_tet_2012,44.0,2.0,,,,,,,,
Boundary_Fields_Addition_2010-12 — EHI_tet_2012,45.0,2.0,,,,,,,,
Boundary_Fields_Addition_2010-12 — EHI_tet_2012,46.0,2.0,,,,,,,,
Boundary_Fields_Addition_2010-12 — EHI_tet_2012,47.0,2.0,,,,,,,,
Boundary_Fields_Addition_2010-12 — EHI_tet_2012,48.0,2.0,,,,,,,,
Boundary_Fields_Addition_2010-12 — EHI_tet_2012,49.0,3.0,,,,,,,,
Boundary_Fields_Addition_2010-12 — EHI_tet_2012,50.0,3.0,,,,,,,,
Boundary_Fields_Addition_2010-12 — EHI_tet_2012,51.0,3.0,,,,,,,,
Boundary_Fields_Addition_2010-12 — EHI_tet_2012,52.0,3.0,,,,,,,,
Boundary_Fields_Addition_2010-12 — EHI_tet_2012,53.0,3.0,,,,,,,,
Boundary_Fields_Addition_2010-12 — EHI_tet_2012,54.0,3.0,,,,,,,,
Boundary_Fields_Addition_2010-12 — EHI_tet_2012,55.0,3.0,,,,,,,,
Boundary_Fields_Addition_2010-12 — EHI_tet_2012,56.0,3.0,,,,,,,,
Boundary_Fields_Addition_2010-12 — EHI_tet_2012,57.0,3.0,,,,,,,,
Boundary_Fields_Addition_2010-12 — EHI_tet_2012,58.0,3.0,,,,,,,,
Boundary_Fields_Addition_2010-12 — EHI_tet_2012,59.0,3.0,,,,,,,,
Boundary_Fields_Addition_2010-12 — EHI_tet_2012,60.0,3.0,,,,,,,,
Boundary_Fields_Addition_2010-12 — EHI_tet_2012,61.0,3.0,,,,,,,,
Boundary_Fields_Addition_2010-12 — EHI_tet_2012,62.0,3.0,,,,,,,,
Boundary_Fields_Addition_2010-12 — EHI_tet_2012,63.0,3.0,,,,,,,,
Boundary_Fields_Addition_2010-12 — EHI_tet_2012,64.0,3.0,,,,,,,,
Boundary_Fields_Addition_2010-12 — EHI_tet_2012,65.0,2.0,,,,,,,,
Boundary_Fields_Addition_2010-12 — EHI_tet_2012,66.0,3.0,,,,,,,,
Boundary_Fields_Addition_2010-12 — EHI_tet_2012,67.0,3.0,,,,,,,,
Boundary_Fields_Addition_2010-12 — EHI_tet_2012,68.0,3.0,,,,,,,,
Boundary_Fields_Addition_2010-12 — EHI_tet_2012,69.0,3.0,,,,,,,,
Boundary_Fields_Addition_2010-12 — EHI_tet_2012,70.0,3.0,,,,,,,,
Boundary_Fields_Addition_2010-12 — EHI_tet_2012,71.0,3.0,,,,,,,,
Boundary_Fields_Addition_2010-12 — EHI_tet_2012,72.0,3.0,,,,,,,,
Boundary_Fields_Addition_2010-12 — EHI_tet_2012,73.0,3.0,,,,,,,,
Boundary_Fields_Addition_2010-12 — EHI_tet_2012,74.0,3.0,,,,,,,,
Boundary_Fields_Addition_2010-12 — EHI_tet_2012,75.0,3.0,,,,,,,,
Boundary_Fields_Addition_2010-12 — EHI_tet_2012,76.0,3.0,,,,,,,,
Boundary_Fields_Addition_2010-12 — EHI_tet_2012,77.0,3.0,,,,,,,,
Boundary_Fields_Addition_2010-12 — EHI_tet_2012,78.0,3.0,,,,,,,,
Boundary_Fields_Addition_2010-12 — EHI_tet_2012,79.0,2.0,,,,,,,,
Boundary_Fields_Addition_2010-12 — EHI_tet_2012,80.0,3.0,,,,,,,,
Boundary_Fields_Addition_2010-12 — EHI_tet_2012,81.0,2.0,,,,,,,,
Boundary_Fields_Addition_2010-12 — EHI_tet_2012,82.0,2.0,,,,,,,,
Boundary_Fields_Addition_2010-12 — EHI_tet_2012,83.0,2.0,,,,,,,,
Boundary_Fields_Addition_2010-12 — EHI_tet_2012,84.0,2.0,,,,,,,,
Boundary_Fields_Addition_2010-12 — EHI_tet_2012,85.0,1.0,,,,,,,,
Boundary_Fields_Addition_2010-12 — EHI_tet_2012,86.0,2.0,,,,,,,,
Boundary_Fields_Addition_2010-12 — EHI_tet_2012,87.0,2.0,,,,,,,,
Boundary_Fields_Addition_2010-12 — EHI_tet_2012,88.0,2.0,,,,,,,,
Boundary_Fields_Addition_2010-12 — EHI_tet_2012,89.0,2.0,,,,,,,,
Boundary_Fields_Addition_2010-12 — EHI_tet_2012,90.0,2.0,,,,,,,,
Boundary_Fields_Addition_2010-12 — EHI_tet_2012,91.0,2.0,,,,,,,,
Boundary_Fields_Addition_2010-12 — EHI_tet_2012,92.0,2.0,,,,,,,,
Boundary_Fields_Addition_2010-12 — EHI_tet_2012,93.0,1.0,,,,,,,,
Boundary_Fields_Addition_2010-12 — EHI_tet_2012,94.0,2.0,,,,,,,,
Boundary_Fields_Addition_2010-12 — EHI_tet_2012,95.0,1.0,,,,,,,,
Boundary_Fields_Addition_2010-12 — EHI_tet_2012,96.0,1.0,,,,,,,,
Boundary_Fields_Addition_2010-12 — EHI_tet_2012,97.0,1.0,,,,,,,,
Boundary_Fields_Addition_2010-12 — EHI_tet_2012,98.0,2.0,,,,,,,,
Boundary_Fields_Addition_2010-12 — EHI_tet_2012,99.0,2.0,,,,,,,,
Boundary_Fields_Addition_2010-12 — EHI_tet_2012,100.0,2.0,,,,,,,,
Boundary_Fields_Addition_2010-12 — EHI_tet_2012,101.0,2.0,,,,,,,,
Boundary_Fields_Addition_2010-12 — EHI_tet_2012,102.0,1.0,,,,,,,,
Boundary_Fields_Addition_2010-12 — EHI_tet_2012,103.0,1.0,,,,,,,,
Boundary_Fields_Addition_2010-12 — EHI_tet_2012,104.0,1.0,,,,,,,,
Boundary_Fields_Addition_2010-12 — EHI_tet_2012,105.0,1.0,,,,,,,,
Boundary_Fields_Addition_2010-12 — EHI_tet_2012,106.0,2.0,,,,,,,,
Boundary_Fields_Addition_2010-12 — EHI_tet_2012,107.0,1.0,,,,,,,,
Boundary_Fields_Addition_2010-12 — EHI_tet_2012,108.0,1.0,,,,,,,,
Boundary_Fields_Addition_2010-12 — EHI_tet_2012,109.0,2.0,,,,,,,,
Boundary_Fields_Addition_2010-12 — EHI_tet_2012,110.0,2.0,,,,,,,,
Boundary_Fields_Addition_2010-12 — EHI_tet_2012,111.0,2.0,,,,,,,,
Boundary_Fields_Addition_2010-12 — EHI_tet_2012,112.0,2.0,,,,,,,,
Boundary_Fields_Addition_2010-12 — EHI_tet_2012,113.0,1.0,,,,,,,,
Boundary_Fields_Addition_2010-12 — EHI_tet_2012,114.0,1.0,,,,,,,,
Boundary_Fields_Addition_2010-12 — EHI_tet_2012,115.0,1.0,,,,,,,,
Boundary_Fields_Addition_2010-12 — EHI_tet_2012,116.0,1.0,,,,,,,,
Boundary_Fields_Addition_2010-12 — EHI_tet_2012,117.0,1.0,,,,,,,,
Boundary_Fields_Addition_2010-12 — EHI_tet_2012,118.0,1.0,,,,,,,,
Boundary_Fields_Addition_2010-12 — EHI_tet_2012,119.0,2.0,,,,,,,,
Boundary_Fields_Addition_2010-12 — EHI_tet_2012,120.0,1.0,,,,,,,,
Boundary_Fields_Addition_2010-12 — EHI_tet_2012,121.0,2.0,,,,,,,,
Boundary_Fields_Addition_2010-12 — EHI_tet_2012,122.0,2.0,,,,,,,,
Boundary_Fields_Addition_2010-12 — EHI_tet_2012,123.0,2.0,,,,,,,,
Boundary_Fields_Addition_2010-12 — EHI_tet_2012,124.0,2.0,,,,,,,,
Boundary_Fields_Addition_2010-12 — EHI_tet_2012,125.0,2.0,,,,,,,,
Boundary_Fields_Addition_2010-12 — EHI_tet_2012,126.0,2.0,,,,,,,,
Boundary_Fields_Addition_2010-12 — EHI_tet_2012,127.0,3.0,,,,,,,,
Boundary_Fields_Addition_2010-12 — EHI_tet_2012,128.0,3.0,,,,,,,,
Boundary_Fields_Addition_2010-12 — EHI_tet_2012,129.0,3.0,,,,,,,,
Boundary_Fields_Addition_2010-12 — EHI_tet_2012,130.0,3.0,,,,,,,,
Boundary_Fields_Addition_2010-12 — EHI_tet_2012,131.0,3.0,,,,,,,,
Boundary_Fields_Addition_2010-12 — EHI_tet_2012,132.0,3.0,,,,,,,,
Boundary_Fields_Addition_2010-12 — EHI_tet_2012,133.0,3.0,,,,,,,,
Boundary_Fields_Addition_2010-12 — EHI_tet_2012,134.0,3.0,,,,,,,,
Boundary_Fields_Addition_2010-12 — EHI_tet_2012,135.0,3.0,,,,,,,,
Boundary_Fields_Addition_2010-12 — EHI_tet_2012,136.0,3.0,,,,,,,,
Boundary_Fields_Addition_2010-12 — EHI_tet_2012,137.0,3.0,,,,,,,,
Boundary_Fields_Addition_2010-12 — EHI_tet_2012,138.0,3.0,,,,,,,,
Boundary_Fields_Addition_2010-12 — EHI_tet_2012,139.0,3.0,,,,,,,,
Boundary_Fields_Addition_2010-12 — EHI_tet_2012,140.0,3.0,,,,,,,,
Boundary_Fields_Addition_2010-12 — EHI_tet_2012,141.0,3.0,,,,,,,,
Boundary_Fields_Addition_2010-12 — EHI_tet_2012,142.0,3.0,,,,,,,,
Boundary_Fields_Addition_2010-12 — EHI_tet_2012,143.0,3.0,,,,,,,,
Boundary_Fields_Addition_2010-12 — EHI_tet_2012,144.0,3.0,,,,,,,,
Boundary_Fields_Addition_2010-12 — EHI_tet_2012,145.0,3.0,,,,,,,,
Boundary_Fields_Addition_2010-12 — EHI_tet_2012,146.0,3.0,,,,,,,,
Boundary_Fields_Addition_2010-12 — EHI_tet_2012,147.0,3.0,,,,,,,,
Boundary_Fields_Addition_2010-12 — EHI_tet_2012,148.0,3.0,,,,,,,,
Boundary_Fields_Addition_2010-12 — EHI_tet_2012,149.0,3.0,,,,,,,,
Boundary_Fields_Addition_2010-12 — EHI_tet_2012,150.0,3.0,,,,,,,,
Boundary_Fields_Addition_2010-12 — EHI_tet_2012,151.0,3.0,,,,,,,,
Boundary_Fields_Addition_2010-12 — EHI_tet_2012,152.0,3.0,,,,,,,,
Boundary_Fields_Addition_2010-12 — EHI_tet_2012,153.0,3.0,,,,,,,,
Boundary_Fields_Addition_2010-12 — EHI_tet_2012,154.0,3.0,,,,,,,,
Boundary_Fields_Addition_2010-12 — EHI_tet_2012,155.0,3.0,,,,,,,,
Boundary_Fields_Addition_2010-12 — EHI_tet_2012,156.0,3.0,,,,,,,,
Boundary_Fields_Addition_2010-12 — EHI_tet_2012,157.0,3.0,,,,,,,,
Boundary_Fields_Addition_2010-12 — EHI_tet_2012,158.0,3.0,,,,,,,,
Boundary_Fields_Addition_2010-12 — EHI_tet_2012,159.0,3.0,,,,,,,,
Boundary_Fields_Addition_2010-12 — EHI_tet_2012,160.0,3.0,,,,,,,,
Boundary_Fields_Addition_2010-12 — EHI_tet_2012,161.0,3.0,,,,,,,,
Boundary_Fields_Addition_2010-12 — EHI_tet_2012,162.0,3.0,,,,,,,,
Boundary_Fields_Addition_2010-12 — EHI_tet_2012,163.0,3.0,,,,,,,,
Boundary_Fields_Addition_2010-12 — EHI_tet_2012,164.0,3.0,,,,,,,,
Boundary_Fields_Addition_2010-12 — EHI_tet_2012,165.0,3.0,,,,,,,,
Boundary_Fields_Addition_2010-12 — EHI_tet_2012,166.0,3.0,,,,,,,,
Boundary_Fields_Addition_2010-12 — EHI_tet_2012,167.0,3.0,,,,,,,,
Boundary_Fields_Addition_2010-12 — EHI_tet_2012,168.0,3.0,,,,,,,,
Boundary_Fields_Addition_2010-12 — EHI_tet_2012,169.0,2.0,,,,,,,,
Boundary_Fields_Addition_2010-12 — EHI_tet_2012,170.0,3.0,,,,,,,,
Boundary_Fields_Addition_2010-12 — EHI_tet_2012,171.0,3.0,,,,,,,,
Boundary_Fields_Addition_2010-12 — EHI_tet_2012,172.0,3.0,,,,,,,,
Boundary_Fields_Addition_2010-12 — EHI_tet_2012,173.0,3.0,,,,,,,,
Boundary_Fields_Addition_2010-12 — EHI_tet_2012,174.0,2.0,,,,,,,,
Boundary_Fields_Addition_2010-12 — EHI_tet_2012,175.0,2.0,,,,,,,,
Boundary_Fields_Addition_2010-12 — EHI_tet_2012,176.0,2.0,,,,,,,,
Boundary_Fields_Addition_2010-12 — EHI_tet_2012,177.0,2.0,,,,,,,,
Boundary_Fields_Addition_2010-12 — EHI_tet_2012,178.0,2.0,,,,,,,,
Boundary_Fields_Addition_2010-12 — EHI_tet_2012,179.0,2.0,,,,,,,,
Boundary_Fields_Addition_2010-12 — EHI_tet_2012,180.0,2.0,,,,,,,,
Boundary_Fields_Addition_2010-12 — EHI_tet_2012,181.0,2.0,,,,,,,,
Boundary_Fields_Addition_2010-12 — EHI_tet_2012,182.0,2.0,,,,,,,,
Boundary_Fields_Addition_2010-12 — Geva_13_2012,1.0,1.0,,,,,,,,
Boundary_Fields_Addition_2010-12 — Geva_13_2012,2.0,2.0,,,,,,,,
Boundary_Fields_Addition_2010-12 — Geva_13_2012,3.0,2.0,,,,,,,,
Boundary_Fields_Addition_2010-12 — Geva_13_2012,4.0,2.0,,,,,,,,
Boundary_Fields_Addition_2010-12 — Geva_13_2012,5.0,2.0,,,,,,,,
Boundary_Fields_Addition_2010-12 — Geva_13_2012,6.0,2.0,,,,,,,,
Boundary_Fields_Addition_2010-12 — Geva_13_2012,7.0,2.0,,,,,,,,
Boundary_Fields_Addition_2010-12 — Geva_13_2012,8.0,2.0,,,,,,,,
Boundary_Fields_Addition_2010-12 — Geva_13_2012,9.0,2.0,,,,,,,,
Boundary_Fields_Addition_2010-12 — Geva_13_2012,10.0,2.0,,,,,,,,
Boundary_Fields_Addition_2010-12 — Geva_13_2012,11.0,1.0,,,,,,,,
Boundary_Fields_Addition_2010-12 — Geva_13_2012,12.0,2.0,,,,,,,,
Boundary_Fields_Addition_2010-12 — Geva_13_2012,13.0,2.0,,,,,,,,
Boundary_Fields_Addition_2010-12 — Geva_13_2012,14.0,3.0,,,,,,,,
Boundary_Fields_Addition_2010-12 — Geva_13_2012,15.0,2.0,,,,,,,,
Boundary_Fields_Addition_2010-12 — Geva_13_2012,16.0,2.0,,,,,,,,
Boundary_Fields_Addition_2010-12 — Geva_13_2012,17.0,2.0,,,,,,,,
Boundary_Fields_Addition_2010-12 — Geva_13_2012,18.0,2.0,,,,,,,,
Boundary_Fields_Addition_2010-12 — Geva_13_2012,19.0,2.0,,,,,,,,
Boundary_Fields_Addition_2010-12 — Geva_13_2012,20.0,2.0,,,,,,,,
Boundary_Fields_Addition_2010-12 — Geva_13_2012,21.0,2.0,,,,,,,,
Boundary_Fields_Addition_2010-12 — Geva_13_2012,22.0,2.0,,,,,,,,
Boundary_Fields_Addition_2010-12 — Geva_13_2012,23.0,2.0,,,,,,,,
Boundary_Fields_Addition_2010-12 — Geva_13_2012,24.0,2.0,,,,,,,,
Boundary_Fields_Addition_2010-12 — Geva_13_2012,25.0,2.0,,,,,,,,
Boundary_Fields_Addition_2010-12 — Geva_13_2012,26.0,2.0,,,,,,,,
Boundary_Fields_Addition_2010-12 — Geva_13_2012,27.0,2.0,,,,,,,,
Boundary_Fields_Addition_2010-12 — Geva_13_2012,28.0,2.0,,,,,,,,
Boundary_Fields_Addition_2010-12 — Geva_13_2012,29.0,1.0,,,,,,,,
Boundary_Fields_Addition_2010-12 — Geva_13_2012,30.0,1.0,,,,,,,,
Boundary_Fields_Addition_2010-12 — Geva_13_2012,31.0,2.0,,,,,,,,
Boundary_Fields_Addition_2010-12 — Geva_13_2012,32.0,2.0,,,,,,,,
Boundary_Fields_Addition_2010-12 — Geva_13_2012,33.0,2.0,,,,,,,,
Boundary_Fields_Addition_2010-12 — Geva_13_2012,34.0,2.0,,,,,,,,
Boundary_Fields_Addition_2010-12 — Geva_13_2012,35.0,2.0,,,,,,,,
Boundary_Fields_Addition_2010-12 — Geva_13_2012,36.0,2.0,,,,,,,,
Boundary_Fields_Addition_2010-12 — Geva_13_2012,37.0,2.0,,,,,,,,
Boundary_Fields_Addition_2010-12 — Geva_13_2012,38.0,2.0,,,,,,,,
Boundary_Fields_Addition_2010-12 — Geva_13_2012,39.0,2.0,,,,,,,,
Boundary_Fields_Addition_2010-12 — Geva_13_2012,40.0,2.0,,,,,,,,
Boundary_Fields_Addition_2010-12 — Geva_13_2012,41.0,2.0,,,,,,,,
Boundary_Fields_Addition_2010-12 — Geva_13_2012,42.0,2.0,,,,,,,,
Boundary_Fields_Addition_2010-12 — Geva_13_2012,45.0,1.0,,,,,,,,
Boundary_Fields_Addition_2010-12 — Geva_13_2012,46.0,2.0,,,,,,,,
Boundary_Fields_Addition_2010-12 — Geva_13_2012,47.0,2.0,,,,,,,,
Boundary_Fields_Addition_2010-12 — Geva_13_2012,48.0,2.0,,,,,,,,
Boundary_Fields_Addition_2010-12 — Geva_13_2012,49.0,2.0,,,,,,,,
Boundary_Fields_Addition_2010-12 — Geva_13_2012,50.0,2.0,,,,,,,,
Boundary_Fields_Addition_2010-12 — Geva_13_2012,51.0,2.0,,,,,,,,
Boundary_Fields_Addition_2010-12 — Geva_13_2012,52.0,2.0,,,,,,,,
Boundary_Fields_Addition_2010-12 — Geva_13_2012,53.0,1.0,,,,,,,,
Boundary_Fields_Addition_2010-12 — Geva_13_2012,54.0,2.0,,,,,,,,
Boundary_Fields_Addition_2010-12 — Geva_13_2012,55.0,2.0,,,,,,,,
Boundary_Fields_Addition_2010-12 — Geva_13_2012,56.0,1.0,,,,,,,,
Boundary_Fields_Addition_2010-12 — Geva_13_2012,57.0,1.0,,,,,,,,
Boundary_Fields_Addition_2010-12 — Geva_13_2012,58.0,2.0,,,,,,,,
Boundary_Fields_Addition_2010-12 — Geva_13_2012,59.0,1.0,,,,,,,,
Boundary_Fields_Addition_2010-12 — Geva_13_2012,60.0,1.0,,,,,,,,
Boundary_Fields_Addition_2010-12 — Geva_13_2012,61.0,1.0,,,,,,,,
Boundary_Fields_Addition_2010-12 — Geva_13_2012,62.0,2.0,,,,,,,,
Boundary_Fields_Addition_2010-12 — Geva_13_2012,63.0,2.0,,,,,,,,
Boundary_Fields_Addition_2010-12 — Geva_13_2012,64.0,2.0,,,,,,,,
Boundary_Fields_Addition_2010-12 — Geva_13_2012,65.0,2.0,,,,,,,,
Boundary_Fields_Addition_2010-12 — Geva_13_2012,66.0,2.0,,,,,,,,
Boundary_Fields_Addition_2010-12 — Geva_13_2012,67.0,2.0,,,,,,,,
Boundary_Fields_Addition_2010-12 — Geva_13_2012,68.0,2.0,,,,,,,,
Boundary_Fields_Addition_2010-12 — Geva_13_2012,69.0,1.0,,,,,,,,
Boundary_Fields_Addition_2010-12 — Geva_13_2012,70.0,2.0,,,,,,,,
Boundary_Fields_Addition_2010-12 — Geva_13_2012,71.0,2.0,,,,,,,,
Boundary_Fields_Addition_2010-12 — Geva_13_2012,72.0,2.0,,,,,,,,
Boundary_Fields_Addition_2010-12 — Geva_13_2012,73.0,2.0,,,,,,,,
Boundary_Fields_Addition_2010-12 — Geva_13_2012,74.0,2.0,,,,,,,,
Boundary_Fields_Addition_2010-12 — Geva_13_2012,75.0,2.0,,,,,,,,
Boundary_Fields_Addition_2010-12 — Geva_13_2012,76.0,1.0,,,,,,,,
Boundary_Fields_Addition_2010-12 — Geva_13_2012,77.0,2.0,,,,,,,,
Boundary_Fields_Addition_2010-12 — Geva_13_2012,78.0,2.0,,,,,,,,
Boundary_Fields_Addition_2010-12 — Geva_13_2012,79.0,2.0,,,,,,,,
Boundary_Fields_Addition_2010-12 — Geva_13_2012,80.0,2.0,,,,,,,,
Boundary_Fields_Addition_2010-12 — Geva_13_2012,81.0,2.0,,,,,,,,
Boundary_Fields_Addition_2010-12 — Geva_13_2012,82.0,2.0,,,,,,,,
Boundary_Fields_Addition_2010-12 — Geva_13_2012,83.0,2.0,,,,,,,,
Boundary_Fields_Addition_2010-12 — Geva_13_2012,84.0,2.0,,,,,,,,
Boundary_Fields_Addition_2010-12 — Geva_13_2012,85.0,2.0,,,,,,,,
Boundary_Fields_Addition_2010-12 — Geva_13_2012,86.0,2.0,,,,,,,,
Boundary_Fields_Addition_2010-12 — Geva_13_2012,87.0,2.0,,,,,,,,
Boundary_Fields_Addition_2010-12 — Geva_13_2012,88.0,2.0,,,,,,,,
Boundary_Fields_Addition_2010-12 — Geva_13_2012,89.0,2.0,,,,,,,,
Boundary_Fields_Addition_2010-12 — Geva_13_2012,90.0,2.0,,,,,,,,
Boundary_Fields_Addition_2010-12 — Geva_13_2012,91.0,2.0,,,,,,,,
Boundary_Fields_Addition_2010-12 — Geva_13_2012,92.0,2.0,,,,,,,,
Boundary_Fields_Addition_2010-12 — Geva_13_2012,93.0,2.0,,,,,,,,
Boundary_Fields_Addition_2010-12 — Geva_13_2012,94.0,2.0,,,,,,,,
Boundary_Fields_Addition_2010-12 — Geva_13_2012,95.0,2.0,,,,,,,,
Boundary_Fields_Addition_2010-12 — Geva_13_2012,96.0,2.0,,,,,,,,
Boundary_Fields_Addition_2010-12 — Geva_13_2012,97.0,2.0,,,,,,,,
Boundary_Fields_Addition_2010-12 — Geva_13_2012,98.0,2.0,,,,,,,,
Boundary_Fields_Addition_2010-12 — Geva_13_2012,99.0,2.0,,,,,,,,
Boundary_Fields_Addition_2010-12 — Geva_13_2012,100.0,2.0,,,,,,,,
Boundary_Fields_Addition_2010-12 — Geva_13_2012,101.0,2.0,,,,,,,,
Boundary_Fields_Addition_2010-12 — Geva_13_2012,102.0,2.0,,,,,,,,
Boundary_Fields_Addition_2010-12 — Geva_13_2012,103.0,2.0,,,,,,,,
Boundary_Fields_Addition_2010-12 — Geva_13_2012,104.0,1.0,,,,,,,,
Boundary_Fields_Addition_2010-12 — Geva_13_2012,105.0,1.0,,,,,,,,
Boundary_Fields_Addition_2010-12 — Geva_13_2012,106.0,2.0,,,,,,,,
Boundary_Fields_Addition_2010-12 — Geva_13_2012,107.0,1.0,,,,,,,,
Boundary_Fields_Addition_2010-12 — Geva_13_2012,108.0,2.0,,,,,,,,
Boundary_Fields_Addition_2010-12 — Geva_13_2012,109.0,2.0,,,,,,,,
Boundary_Fields_Addition_2010-12 — Geva_13_2012,110.0,2.0,,,,,,,,
Boundary_Fields_Addition_2010-12 — Geva_13_2012,111.0,2.0,,,,,,,,
Boundary_Fields_Addition_2010-12 — Geva_13_2012,112.0,2.0,,,,,,,,
Boundary_Fields_Addition_2010-12 — Geva_13_2012,113.0,2.0,,,,,,,,
Boundary_Fields_Addition_2010-12 — Geva_13_2012,114.0,1.0,,,,,,,,
Boundary_Fields_Addition_2010-12 — Geva_13_2012,115.0,1.0,,,,,,,,
Boundary_Fields_Addition_2010-12 — Geva_13_2012,116.0,1.0,,,,,,,,
Boundary_Fields_Addition_2010-12 — Geva_13_2012,117.0,1.0,,,,,,,,
Boundary_Fields_Addition_2010-12 — Geva_13_2012,118.0,1.0,,,,,,,,
Boundary_Fields_Addition_2010-12 — Geva_13_2012,119.0,1.0,,,,,,,,
Boundary_Fields_Addition_2010-12 — Geva_13_2012,120.0,1.0,,,,,,,,
Boundary_Fields_Addition_2010-12 — Geva_13_2012,121.0,1.0,,,,,,,,
Boundary_Fields_Addition_2010-12 — Geva_13_2012,122.0,1.0,,,,,,,,
Boundary_Fields_Addition_2010-12 — Geva_13_2012,123.0,1.0,,,,,,,,
Boundary_Fields_Addition_2010-12 — Geva_13_2012,124.0,2.0,,,,,,,,
Boundary_Fields_Addition_2010-12 — Geva_13_2012,125.0,2.0,,,,,,,,
Boundary_Fields_Addition_2010-12 — Geva_13_2012,126.0,1.0,,,,,,,,
Boundary_Fields_Addition_2010-12 — Geva_13_2012,127.0,2.0,,,,,,,,
Boundary_Fields_Addition_2010-12 — Geva_13_2012,128.0,2.0,,,,,,,,
Boundary_Fields_Addition_2010-12 — Geva_13_2012,129.0,2.0,,,,,,,,
Boundary_Fields_Addition_2010-12 — Geva_13_2012,130.0,2.0,,,,,,,,
Boundary_Fields_Addition_2010-12 — Geva_13_2012,131.0,2.0,,,,,,,,
Boundary_Fields_Addition_2010-12 — Geva_13_2012,132.0,2.0,,,,,,,,
Boundary_Fields_Addition_2010-12 — Geva_13_2012,133.0,2.0,,,,,,,,
Boundary_Fields_Addition_2010-12 — Geva_13_2012,134.0,2.0,,,,,,,,
Boundary_Fields_Addition_2010-12 — Geva_13_2012,135.0,2.0,,,,,,,,
Boundary_Fields_Addition_2010-12 — Geva_13_2012,136.0,2.0,,,,,,,,
Boundary_Fields_Addition_2010-12 — Geva_13_2012,137.0,2.0,,,,,,,,
Boundary_Fields_Addition_2010-12 — Geva_13_2012,138.0,2.0,,,,,,,,
Boundary_Fields_Addition_2010-12 — Geva_13_2012,139.0,2.0,,,,,,,,
Boundary_Fields_Addition_2010-12 — Geva_13_2012,140.0,2.0,,,,,,,,
Boundary_Fields_Addition_2010-12 — Geva_13_2012,141.0,2.0,,,,,,,,
Boundary_Fields_Addition_2010-12 — Geva_13_2012,142.0,2.0,,,,,,,,
Boundary_Fields_Addition_2010-12 — Geva_13_2012,143.0,2.0,,,,,,,,
Boundary_Fields_Addition_2010-12 — Geva_13_2012,144.0,2.0,,,,,,,,
Boundary_Fields_Addition_2010-12 — Geva_13_2012,145.0,2.0,,,,,,,,
Boundary_Fields_Addition_2010-12 — Geva_13_2012,146.0,2.0,,,,,,,,
Boundary_Fields_Addition_2010-12 — Geva_13_2012,147.0,2.0,,,,,,,,
Boundary_Fields_Addition_2010-12 — Geva_13_2012,148.0,2.0,,,,,,,,
Boundary_Fields_Addition_2010-12 — Geva_13_2012,149.0,2.0,,,,,,,,
Boundary_Fields_Addition_2010-12 — Geva_13_2012,150.0,2.0,,,,,,,,
Boundary_Fields_Addition_2010-12 — Geva_13_2012,151.0,2.0,,,,,,,,
Boundary_Fields_Addition_2010-12 — Geva_13_2012,152.0,1.0,,,,,,,,
Boundary_Fields_Addition_2010-12 — Geva_13_2012,153.0,2.0,,,,,,,,
Boundary_Fields_Addition_2010-12 — Geva_13_2012,154.0,2.0,,,,,,,,
Boundary_Fields_Addition_2010-12 — Geva_13_2012,155.0,2.0,,,,,,,,
Boundary_Fields_Addition_2010-12 — Geva_13_2012,156.0,2.0,,,,,,,,
Boundary_Fields_Addition_2010-12 — Geva_13_2012,157.0,2.0,,,,,,,,
Boundary_Fields_Addition_2010-12 — Geva_13_2012,158.0,1.0,,,,,,,,
Boundary_Fields_Addition_2010-12 — Geva_13_2012,159.0,1.0,,,,,,,,
Boundary_Fields_Addition_2010-12 — Geva_13_2012,160.0,2.0,,,,,,,,
Boundary_Fields_Addition_2010-12 — Geva_13_2012,161.0,1.0,,,,,,,,
Boundary_Fields_Addition_2010-12 — Geva_13_2012,163.0,1.0,,,,,,,,
Boundary_Fields_Addition_2010-12 — Geva_13_2012,164.0,1.0,,,,,,,,
Boundary_Fields_Addition_2010-12 — Geva_13_2012,165.0,1.0,,,,,,,,
Boundary_Fields_Addition_2010-12 — Geva_13_2012,166.0,1.0,,,,,,,,
Boundary_Fields_Addition_2010-12 — Geva_13_2012,167.0,1.0,,,,,,,,
Boundary_Fields_Addition_2010-12 — Geva_13_2012,168.0,1.0,,,,,,,,
Boundary_Fields_Addition_2010-12 — Geva_13_2012,169.0,2.0,,,,,,,,
Boundary_Fields_Addition_2010-12 — Geva_13_2012,170.0,1.0,,,,,,,,
Boundary_Fields_Addition_2010-12 — Geva_13_2012,171.0,1.0,,,,,,,,
Boundary_Fields_Addition_2010-12 — Geva_13_2012,172.0,1.0,,,,,,,,
Boundary_Fields_Addition_2010-12 — Geva_13_2012,173.0,2.0,,,,,,,,
Boundary_Fields_Addition_2010-12 — Geva_13_2012,174.0,2.0,,,,,,,,
Boundary_Fields_Addition_2010-12 — Geva_13_2012,175.0,1.0,,,,,,,,
Boundary_Fields_Addition_2010-12 — Geva_13_2012,176.0,1.0,,,,,,,,
Boundary_Fields_Addition_2010-12 — Geva_13_2012,177.0,1.0,,,,,,,,
Boundary_Fields_Addition_2010-12 — Geva_13_2012,178.0,1.0,,,,,,,,
Boundary_Fields_Addition_2010-12 — Geva_13_2012,179.0,1.0,,,,,,,,
Boundary_Fields_Addition_2010-12 — Geva_13_2012,180.0,2.0,,,,,,,,
Boundary_Fields_Addition_2010-12 — Geva_13_2012,181.0,1.0,,,,,,,,
Boundary_Fields_Addition_2010-12 — Geva_13_2012,182.0,2.0,,,,,,,,
Boundary_Fields_Addition_2010-12 — Geva_13_2012,183.0,2.0,,,,,,,,
Boundary_Fields_Addition_2010-12 — Geva_13_2012,184.0,2.0,,,,,,,,
Boundary_Fields_Addition_2010-12 — Geva_13_2012,185.0,1.0,,,,,,,,
Boundary_Fields_Addition_2010-12 — Geva_13_2012,186.0,2.0,,,,,,,,
Boundary_Fields_Addition_2010-12 — Geva_13_2012,187.0,2.0,,,,,,,,
Boundary_Fields_Addition_2010-12 — Geva_13_2012,188.0,2.0,,,,,,,,
Boundary_Fields_Addition_2010-12 — Geva_13_2012,189.0,2.0,,,,,,,,
Boundary_Fields_Addition_2010-12 — Geva_13_2012,190.0,2.0,,,,,,,,
Boundary_Fields_Addition_2010-12 — Geva_13_2012,191.0,2.0,,,,,,,,
Boundary_Fields_Addition_2010-12 — Geva_13_2012,192.0,2.0,,,,,,,,
Boundary_Fields_Addition_2010-12 — Geva_13_2012,193.0,2.0,,,,,,,,
Boundary_Fields_Addition_2010-12 — Geva_13_2012,194.0,1.0,,,,,,,,
Boundary_Fields_Addition_2010-12 — Geva_13_2012,195.0,2.0,,,,,,,,
Boundary_Fields_Addition_2010-12 — Geva_13_2012,196.0,2.0,,,,,,,,
Boundary_Fields_Addition_2010-12 — Geva_13_2012,197.0,2.0,,,,,,,,
Boundary_Fields_Addition_2010-12 — Geva_13_2012,198.0,2.0,,,,,,,,
Boundary_Fields_Addition_2010-12 — Geva_13_2012,199.0,1.0,,,,,,,,
Boundary_Fields_Addition_2010-12 — Geva_13_2012,200.0,1.0,,,,,,,,
Boundary_Fields_Addition_2010-12 — Geva_13_2012,201.0,2.0,,,,,,,,
Boundary_Fields_Addition_2010-12 — Geva_13_2012,202.0,2.0,,,,,,,,
Boundary_Fields_Addition_2010-12 — Geva_13_2012,203.0,1.0,,,,,,,,
Boundary_Fields_Addition_2010-12 — Geva_13_2012,204.0,2.0,,,,,,,,
Boundary_Fields_Addition_2010-12 — Geva_13_2012,205.0,2.0,,,,,,,,
Boundary_Fields_Addition_2010-12 — Geva_13_2012,206.0,1.0,,,,,,,,
Boundary_Fields_Addition_2010-12 — Geva_13_2012,207.0,1.0,,,,,,,,
Boundary_Fields_Addition_2010-12 — Geva_13_2012,208.0,1.0,,,,,,,,
Boundary_Fields_Addition_2010-12 — Geva_13_2012,209.0,1.0,,,,,,,,
Boundary_Fields_Addition_2010-12 — Geva_13_2012,210.0,2.0,,,,,,,,
Boundary_Fields_Addition_2010-12 — Geva_13_2012,211.0,2.0,,,,,,,,
Boundary_Fields_Addition_2010-12 — Geva_13_2012,212.0,2.0,,,,,,,,
Boundary_Fields_Addition_2010-12 — Geva_13_2012,213.0,1.0,,,,,,,,
Boundary_Fields_Addition_2010-12 — Geva_13_2012,214.0,1.0,,,,,,,,
Boundary_Fields_Addition_2010-12 — Geva_13_2012,215.0,2.0,,,,,,,,
Boundary_Fields_Addition_2010-12 — Geva_13_2012,216.0,2.0,,,,,,,,
Boundary_Fields_Addition_2010-12 — Geva_13_2012,217.0,2.0,,,,,,,,
Boundary_Fields_Addition_2010-12 — Geva_13_2012,218.0,1.0,,,,,,,,
Boundary_Fields_Addition_2010-12 — Geva_13_2012,219.0,2.0,,,,,,,,
Boundary_Fields_Addition_2010-12 — Geva_13_2012,220.0,1.0,,,,,,,,
Boundary_Fields_Addition_2010-12 — Geva_13_2012,221.0,1.0,,,,,,,,
Boundary_Fields_Addition_2010-12 — Geva_13_2012,222.0,1.0,,,,,,,,
Boundary_Fields_Addition_2010-12 — Geva_13_2012,223.0,1.0,,,,,,,,
Boundary_Fields_Addition_2010-12 — Geva_13_2012,225.0,1.0,,,,,,,,
Boundary_Fields_Addition_2010-12 — Geva_13_2012,226.0,2.0,,,,,,,,
Boundary_Fields_Addition_2010-12 — Geva_13_2012,227.0,2.0,,,,,,,,
Boundary_Fields_Addition_2010-12 — Geva_13_2012,228.0,2.0,,,,,,,,
Boundary_Fields_Addition_2010-12 — Geva_13_2012,229.0,2.0,,,,,,,,
Boundary_Fields_Addition_2010-12 — Geva_13_2012,230.0,1.0,,,,,,,,
Boundary_Fields_Addition_2010-12 — Geva_13_2012,231.0,2.0,,,,,,,,
Boundary_Fields_Addition_2010-12 — Geva_13_2012,232.0,2.0,,,,,,,,
Boundary_Fields_Addition_2010-12 — Geva_13_2012,233.0,2.0,,,,,,,,
Boundary_Fields_Addition_2010-12 — Geva_13_2012,234.0,2.0,,,,,,,,
Boundary_Fields_Addition_2010-12 — Geva_13_2012,235.0,2.0,,,,,,,,
Boundary_Fields_Addition_2010-12 — Geva_13_2012,236.0,2.0,,,,,,,,
Boundary_Fields_Addition_2010-12 — Geva_13_2012,237.0,2.0,,,,,,,,
Boundary_Fields_Addition_2010-12 — Geva_13_2012,238.0,2.0,,,,,,,,
Boundary_Fields_Addition_2010-12 — Geva_13_2012,239.0,2.0,,,,,,,,
Boundary_Fields_Addition_2010-12 — Geva_13_2012,240.0,2.0,,,,,,,,
Boundary_Fields_Addition_2010-12 — Geva_13_2012,241.0,2.0,,,,,,,,
Boundary_Fields_Addition_2010-12 — Geva_13_2012,242.0,2.0,,,,,,,,
Boundary_Fields_Addition_2010-12 — Geva_13_2012,243.0,2.0,,,,,,,,
Boundary_Fields_Addition_2010-12 — Geva_13_2012,244.0,1.0,,,,,,,,
Boundary_Fields_Addition_2010-12 — Geva_13_2012,245.0,1.0,,,,,,,,
Boundary_Fields_Addition_2010-12 — Geva_13_2012,247.0,1.0,,,,,,,,
Boundary_Fields_Addition_2010-12 — Geva_13_2012,248.0,1.0,,,,,,,,
Boundary_Fields_Addition_2010-12 — Geva_13_2012,249.0,2.0,,,,,,,,
Boundary_Fields_Addition_2010-12 — Geva_13_2012,250.0,2.0,,,,,,,,
Boundary_Fields_Addition_2010-12 — Geva_13_2012,251.0,2.0,,,,,,,,
Boundary_Fields_Addition_2010-12 — Geva_13_2012,253.0,2.0,,,,,,,,
Boundary_Fields_Addition_2010-12 — Geva_13_2012,254.0,2.0,,,,,,,,
Boundary_Fields_Addition_2010-12 — Geva_13_2012,255.0,2.0,,,,,,,,
Boundary_Fields_Addition_2010-12 — Geva_13_2012,256.0,2.0,,,,,,,,
Boundary_Fields_Addition_2010-12 — Geva_13_2012,257.0,1.0,,,,,,,,
Boundary_Fields_Addition_2010-12 — Geva_13_2012,258.0,2.0,,,,,,,,
Boundary_Fields_Addition_2010-12 — Geva_13_2012,259.0,2.0,,,,,,,,
Boundary_Fields_Addition_2010-12 — Geva_13_2012,260.0,2.0,,,,,,,,
Boundary_Fields_Addition_2010-12 — Geva_13_2012,261.0,2.0,,,,,,,,
Boundary_Fields_Addition_2010-12 — Geva_13_2012,262.0,2.0,,,,,,,,
Boundary_Fields_Addition_2010-12 — Geva_13_2012,263.0,2.0,,,,,,,,
Boundary_Fields_Addition_2010-12 — Geva_13_2012,264.0,1.0,,,,,,,,
Boundary_Fields_Addition_2010-12 — Geva_13_2012,265.0,1.0,,,,,,,,
Boundary_Fields_Addition_2010-12 — Geva_13_2012,266.0,1.0,,,,,,,,
Boundary_Fields_Addition_2010-12 — Geva_13_2012,267.0,1.0,,,,,,,,
Boundary_Fields_Addition_2010-12 — Geva_13_2012,268.0,2.0,,,,,,,,
Boundary_Fields_Addition_2010-12 — Geva_13_2012,269.0,2.0,,,,,,,,
Boundary_Fields_Addition_2010-12 — Geva_13_2012,270.0,2.0,,,,,,,,
Boundary_Fields_Addition_2010-12 — Geva_13_2012,271.0,2.0,,,,,,,,
Boundary_Fields_Addition_2010-12 — Geva_13_2012,272.0,2.0,,,,,,,,
Boundary_Fields_Addition_2010-12 — Geva_13_2012,273.0,2.0,,,,,,,,
Boundary_Fields_Addition_2010-12 — Geva_13_2012,274.0,2.0,,,,,,,,
Boundary_Fields_Addition_2010-12 — Geva_13_2012,275.0,2.0,,,,,,,,
Boundary_Fields_Addition_2010-12 — Geva_13_2012,276.0,2.0,,,,,,,,
Boundary_Fields_Addition_2010-12 — Geva_13_2012,277.0,1.0,,,,,,,,
Boundary_Fields_Addition_2010-12 — Geva_13_2012,278.0,1.0,,,,,,,,
Boundary_Fields_Addition_2010-12 — Geva_13_2012,279.0,2.0,,,,,,,,
Boundary_Fields_Addition_2010-12 — Geva_13_2012,280.0,2.0,,,,,,,,
Boundary_Fields_Addition_2010-12 — Geva_13_2012,281.0,2.0,,,,,,,,
Boundary_Fields_Addition_2010-12 — Geva_13_2012,282.0,2.0,,,,,,,,
Boundary_Fields_Addition_2010-12 — Geva_13_2012,283.0,2.0,,,,,,,,
Boundary_Fields_Addition_2010-12 — Geva_13_2012,284.0,2.0,,,,,,,,
Boundary_Fields_Addition_2010-12 — Geva_13_2012,285.0,1.0,,,,,,,,
Boundary_Fields_Addition_2010-12 — Geva_13_2012,286.0,1.0,,,,,,,,
Boundary_Fields_Addition_2010-12 — Geva_13_2012,287.0,1.0,,,,,,,,
Boundary_Fields_Addition_2010-12 — Geva_13_2012,288.0,1.0,,,,,,,,
Boundary_Fields_Addition_2010-12 — Geva_13_2012,289.0,1.0,,,,,,,,
Boundary_Fields_Addition_2010-12 — Geva_13_2012,290.0,1.0,,,,,,,,
Boundary_Fields_Addition_2010-12 — Geva_13_2012,291.0,1.0,,,,,,,,
Boundary_Fields_Addition_2010-12 — Geva_13_2012,292.0,1.0,,,,,,,,
Boundary_Fields_Addition_2010-12 — Geva_13_2012,293.0,1.0,,,,,,,,
Boundary_Fields_Addition_2010-12 — Geva_13_2012,294.0,1.0,,,,,,,,
Boundary_Fields_Addition_2010-12 — Geva_13_2012,295.0,1.0,,,,,,,,
Boundary_Fields_Addition_2010-12 — Geva_13_2012,296.0,2.0,,,,,,,,
Boundary_Fields_Addition_2010-12 — Geva_13_2012,298.0,2.0,,,,,,,,
Boundary_Fields_Addition_2010-12 — Geva_13_2012,299.0,2.0,,,,,,,,
Boundary_Fields_Addition_2010-12 — Geva_13_2012,300.0,2.0,,,,,,,,
Boundary_Fields_Addition_2010-12 — Geva_13_2012,301.0,2.0,,,,,,,,
Boundary_Fields_Addition_2010-12 — Geva_13_2012,302.0,2.0,,,,,,,,
Boundary_Fields_Addition_2010-12 — Geva_13_2012,303.0,2.0,,,,,,,,
Boundary_Fields_Addition_2010-12 — Geva_13_2012,304.0,1.0,,,,,,,,
Boundary_Fields_Addition_2010-12 — Geva_13_2012,305.0,1.0,,,,,,,,
Boundary_Fields_Addition_2010-12 — Geva_13_2012,306.0,2.0,,,,,,,,
Boundary_Fields_Addition_2010-12 — Geva_13_2012,307.0,2.0,,,,,,,,
Boundary_Fields_Addition_2010-12 — Geva_13_2012,308.0,2.0,,,,,,,,
Boundary_Fields_Addition_2010-12 — Geva_13_2012,309.0,2.0,,,,,,,,
Boundary_Fields_Addition_2010-12 — Geva_13_2012,310.0,2.0,,,,,,,,
Boundary_Fields_Addition_2010-12 — Geva_13_2012,311.0,2.0,,,,,,,,
Boundary_Fields_Addition_2010-12 — Geva_13_2012,312.0,2.0,,,,,,,,
Boundary_Fields_Addition_2010-12 — Geva_13_2012,313.0,2.0,,,,,,,,
Boundary_Fields_Addition_2010-12 — Geva_13_2012,314.0,2.0,,,,,,,,
Boundary_Fields_Addition_2010-12 — Geva_13_2012,315.0,2.0,,,,,,,,
Boundary_Fields_Addition_2010-12 — Geva_13_2012,316.0,2.0,,,,,,,,
Boundary_Fields_Addition_2010-12 — Geva_13_2012,317.0,2.0,,,,,,,,
Boundary_Fields_Addition_2010-12 — Geva_13_2012,318.0,1.0,,,,,,,,
Boundary_Fields_Addition_2010-12 — Geva_13_2012,319.0,2.0,,,,,,,,
Boundary_Fields_Addition_2010-12 — Geva_13_2012,320.0,2.0,,,,,,,,
Boundary_Fields_Addition_2010-12 — Geva_13_2012,321.0,2.0,,,,,,,,
Boundary_Fields_Addition_2010-12 — Geva_13_2012,322.0,2.0,,,,,,,,
Boundary_Fields_Addition_2010-12 — Geva_13_2012,323.0,2.0,,,,,,,,
Boundary_Fields_Addition_2010-12 — Geva_13_2012,324.0,2.0,,,,,,,,
Boundary_Fields_Addition_2010-12 — Geva_13_2012,325.0,2.0,,,,,,,,
Boundary_Fields_Addition_2010-12 — Geva_13_2012,326.0,2.0,,,,,,,,
Boundary_Fields_Addition_2010-12 — Geva_13_2012,327.0,2.0,,,,,,,,
Boundary_Fields_Addition_2010-12 — Geva_13_2012,328.0,2.0,,,,,,,,
Boundary_Fields_Addition_2010-12 — Geva_13_2012,329.0,2.0,,,,,,,,
Boundary_Fields_Addition_2010-12 — Geva_13_2012,330.0,2.0,,,,,,,,
Boundary_Fields_Addition_2010-12 — Geva_13_2012,331.0,1.0,,,,,,,,
Boundary_Fields_Addition_2010-12 — Geva_13_2012,332.0,1.0,,,,,,,,
Boundary_Fields_Addition_2010-12 — Geva_13_2012,333.0,1.0,,,,,,,,
Boundary_Fields_Addition_2010-12 — Geva_13_2012,334.0,1.0,,,,,,,,
Boundary_Fields_Addition_2010-12 — Geva_13_2012,335.0,1.0,,,,,,,,
Boundary_Fields_Addition_2010-12 — Geva_13_2012,336.0,1.0,,,,,,,,
Boundary_Fields_Addition_2010-12 — Geva_13_2012,337.0,1.0,,,,,,,,
Boundary_Fields_Addition_2010-12 — Geva_13_2012,338.0,1.0,,,,,,,,
Boundary_Fields_Addition_2010-12 — Geva_13_2012,339.0,1.0,,,,,,,,
Boundary_Fields_Addition_2010-12 — Geva_13_2012,340.0,1.0,,,,,,,,
Boundary_Fields_Addition_2010-12 — Geva_13_2012,341.0,1.0,,,,,,,,
Boundary_Fields_Addition_2010-12 — Geva_13_2012,342.0,1.0,,,,,,,,
Boundary_Fields_Addition_2010-12 — Geva_13_2012,343.0,1.0,,,,,,,,
Boundary_Fields_Addition_2010-12 — Geva_13_2012,344.0,1.0,,,,,,,,
Boundary_Fields_Addition_2010-12 — Geva_13_2012,345.0,1.0,,,,,,,,
Boundary_Fields_Addition_2010-12 — Geva_13_2012,346.0,1.0,,,,,,,,
Boundary_Fields_Addition_2010-12 — Geva_13_2012,347.0,2.0,,,,,,,,
Boundary_Fields_Addition_2010-12 — Geva_13_2012,348.0,1.0,,,,,,,,
Boundary_Fields_Addition_2010-12 — Geva_13_2012,349.0,1.0,,,,,,,,
Boundary_Fields_Addition_2010-12 — Geva_13_2012,350.0,1.0,,,,,,,,
Boundary_Fields_Addition_2010-12 — Geva_13_2012,351.0,1.0,,,,,,,,
Boundary_Fields_Addition_2010-12 — Geva_13_2012,352.0,2.0,,,,,,,,
Boundary_Fields_Addition_2010-12 — Geva_13_2012,353.0,1.0,,,,,,,,
Boundary_Fields_Addition_2010-12 — Geva_13_2012,354.0,1.0,,,,,,,,
Boundary_Fields_Addition_2010-12 — Geva_13_2012,355.0,1.0,,,,,,,,
Boundary_Fields_Addition_2010-12 — Geva_13_2012,356.0,1.0,,,,,,,,
Boundary_Fields_Addition_2010-12 — Geva_13_2012,357.0,2.0,,,,,,,,
Boundary_Fields_Addition_2010-12 — Geva_13_2012,359.0,1.0,,,,,,,,
Boundary_Fields_Addition_2010-12 — Geva_13_2012,360.0,1.0,,,,,,,,
Boundary_Fields_Addition_2010-12 — Geva_13_2012,361.0,1.0,,,,,,,,
Boundary_Fields_Addition_2010-12 — Geva_13_2012,362.0,1.0,,,,,,,,
Boundary_Fields_Addition_2010-12 — Geva_13_2012,363.0,1.0,,,,,,,,
Boundary_Fields_Addition_2010-12 — Geva_13_2012,364.0,1.0,,,,,,,,
Boundary_Fields_Addition_2010-12 — Geva_13_2012,365.0,1.0,,,,,,,,
Boundary_Fields_Addition_2010-12 — Geva_13_2012,366.0,1.0,,,,,,,,
Boundary_Fields_Addition_2010-12 — Geva_13_2012,367.0,1.0,,,,,,,,
Boundary_Fields_Addition_2010-12 — Geva_13_2012,368.0,1.0,,,,,,,,
Boundary_Fields_Addition_2010-12 — Geva_13_2012,369.0,1.0,,,,,,,,
Boundary_Fields_Addition_2010-12 — Geva_13_2012,370.0,1.0,,,,,,,,
Boundary_Fields_Addition_2010-12 — Geva_13_2012,371.0,1.0,,,,,,,,
Boundary_Fields_Addition_2010-12 — Geva_13_2012,372.0,1.0,,,,,,,,
Boundary_Fields_Addition_2010-12 — Geva_13_2012,373.0,2.0,,,,,,,,
Boundary_Fields_Addition_2010-12 — Geva_13_2012,374.0,1.0,,,,,,,,
Boundary_Fields_Addition_2010-12 — Geva_13_2012,375.0,1.0,,,,,,,,
Boundary_Fields_Addition_2010-12 — Geva_13_2012,376.0,1.0,,,,,,,,
Boundary_Fields_Addition_2010-12 — Geva_13_2012,377.0,1.0,,,,,,,,
Boundary_Fields_Addition_2010-12 — Geva_13_2012,378.0,1.0,,,,,,,,
Boundary_Fields_Addition_2010-12 — Geva_13_2012,379.0,1.0,,,,,,,,
Boundary_Fields_Addition_2010-12 — Geva_13_2012,380.0,1.0,,,,,,,,
Boundary_Fields_Addition_2010-12 — Havat_Gadash_2_2012,0.0,0.0,,,,,,,,
Boundary_Fields_Addition_2010-12 — Havat_Gadash_2_2012,1.0,3.0,,,,,,,,
Boundary_Fields_Addition_2010-12 — Havat_Gadash_2_2012,2.0,2.0,,,,,,,,
Boundary_Fields_Addition_2010-12 — Havat_Gadash_2_2012,3.0,1.0,,,,,,,,
Boundary_Fields_Addition_2010-12 — Havat_Gadash_2_2012,4.0,1.0,,,,,,,,
Boundary_Fields_Addition_2010-12 — Havat_Gadash_2_2012,5.0,1.0,,,,,,,,
Boundary_Fields_Addition_2010-12 — Havat_Gadash_2_2012,6.0,1.0,,,,,,,,
Boundary_Fields_Addition_2010-12 — Havat_Gadash_2_2012,7.0,1.0,,,,,,,,
Boundary_Fields_Addition_2010-12 — Havat_Gadash_2_2012,8.0,1.0,,,,,,,,
Boundary_Fields_Addition_2010-12 — Havat_Gadash_2_2012,9.0,0.0,,,,,,,,
Boundary_Fields_Addition_2010-12 — Havat_Gadash_2_2012,10.0,1.0,,,,,,,,
Boundary_Fields_Addition_2010-12 — Havat_Gadash_2_2012,11.0,1.0,,,,,,,,
Boundary_Fields_Addition_2010-12 — Havat_Gadash_2_2012,12.0,1.0,,,,,,,,
Boundary_Fields_Addition_2010-12 — Havat_Gadash_2_2012,13.0,1.0,,,,,,,,
Boundary_Fields_Addition_2010-12 — Havat_Gadash_2_2012,14.0,1.0,,,,,,,,
Boundary_Fields_Addition_2010-12 — Havat_Gadash_2_2012,15.0,1.0,,,,,,,,
Boundary_Fields_Addition_2010-12 — Havat_Gadash_2_2012,16.0,1.0,,,,,,,,
Boundary_Fields_Addition_2010-12 — Havat_Gadash_2_2012,17.0,1.0,,,,,,,,
Boundary_Fields_Addition_2010-12 — Havat_Gadash_2_2012,18.0,1.0,,,,,,,,
Boundary_Fields_Addition_2010-12 — Havat_Gadash_2_2012,19.0,1.0,,,,,,,,
Boundary_Fields_Addition_2010-12 — Havat_Gadash_2_2012,20.0,1.0,,,,,,,,
Boundary_Fields_Addition_2010-12 — Havat_Gadash_2_2012,21.0,1.0,,,,,,,,
Boundary_Fields_Addition_2010-12 — Havat_Gadash_2_2012,22.0,1.0,,,,,,,,
Boundary_Fields_Addition_2010-12 — Havat_Gadash_2_2012,23.0,1.0,,,,,,,,
Boundary_Fields_Addition_2010-12 — Havat_Gadash_2_2012,24.0,1.0,,,,,,,,
Boundary_Fields_Addition_2010-12 — Havat_Gadash_2_2012,25.0,1.0,,,,,,,,
Boundary_Fields_Addition_2010-12 — Havat_Gadash_2_2012,26.0,1.0,,,,,,,,
Boundary_Fields_Addition_2010-12 — Havat_Gadash_2_2012,27.0,1.0,,,,,,,,
Boundary_Fields_Addition_2010-12 — Havat_Gadash_2_2012,28.0,1.0,,,,,,,,
Boundary_Fields_Addition_2010-12 — Havat_Gadash_2_2012,29.0,1.0,,,,,,,,
Boundary_Fields_Addition_2010-12 — Havat_Gadash_2_2012,30.0,0.0,,,,,,,,
Boundary_Fields_Addition_2010-12 — Havat_Gadash_2_2012,31.0,1.0,,,,,,,,
Boundary_Fields_Addition_2010-12 — Havat_Gadash_2_2012,32.0,1.0,,,,,,,,
Boundary_Fields_Addition_2010-12 — Havat_Gadash_2_2012,33.0,1.0,,,,,,,,
Boundary_Fields_Addition_2010-12 — Havat_Gadash_2_2012,34.0,1.0,,,,,,,,
Boundary_Fields_Addition_2010-12 — Havat_Gadash_2_2012,35.0,1.0,,,,,,,,
Boundary_Fields_Addition_2010-12 — Havat_Gadash_2_2012,36.0,3.0,,,,,,,,
Boundary_Fields_Addition_2010-12 — Havat_Gadash_2_2012,37.0,2.0,,,,,,,,
Boundary_Fields_Addition_2010-12 — Havat_Gadash_2_2012,38.0,1.0,,,,,,,,
Boundary_Fields_Addition_2010-12 — Havat_Gadash_2_2012,39.0,1.0,,,,,,,,
Boundary_Fields_Addition_2010-12 — Havat_Gadash_2_2012,40.0,0.0,,,,,,,,
Boundary_Fields_Addition_2010-12 — Havat_Gadash_2_2012,41.0,1.0,,,,,,,,
Boundary_Fields_Addition_2010-12 — Havat_Gadash_2_2012,42.0,1.0,,,,,,,,
Boundary_Fields_Addition_2010-12 — Havat_Gadash_2_2012,43.0,1.0,,,,,,,,
Boundary_Fields_Addition_2010-12 — Havat_Gadash_2_2012,44.0,1.0,,,,,,,,
Boundary_Fields_Addition_2010-12 — Havat_Gadash_2_2012,45.0,0.0,,,,,,,,
Boundary_Fields_Addition_2010-12 — Havat_Gadash_2_2012,46.0,1.0,,,,,,,,
Boundary_Fields_Addition_2010-12 — Havat_Gadash_2_2012,47.0,1.0,,,,,,,,
Boundary_Fields_Addition_2010-12 — Havat_Gadash_2_2012,48.0,1.0,,,,,,,,
Boundary_Fields_Addition_2010-12 — Havat_Gadash_2_2012,49.0,1.0,,,,,,,,
Boundary_Fields_Addition_2010-12 — Havat_Gadash_2_2012,50.0,1.0,,,,,,,,
Boundary_Fields_Addition_2010-12 — Havat_Gadash_2_2012,51.0,1.0,,,,,,,,
Boundary_Fields_Addition_2010-12 — Havat_Gadash_2_2012,52.0,1.0,,,,,,,,
Boundary_Fields_Addition_2010-12 — Havat_Gadash_2_2012,53.0,1.0,,,,,,,,
Boundary_Fields_Addition_2010-12 — Havat_Gadash_2_2012,54.0,1.0,,,,,,,,
Boundary_Fields_Addition_2010-12 — Havat_Gadash_2_2012,55.0,2.0,,,,,,,,
Boundary_Fields_Addition_2010-12 — Havat_Gadash_2_2012,56.0,2.0,,,,,,,,
Boundary_Fields_Addition_2010-12 — Havat_Gadash_2_2012,57.0,1.0,,,,,,,,
Boundary_Fields_Addition_2010-12 — Havat_Gadash_2_2012,58.0,1.0,,,,,,,,
Boundary_Fields_Addition_2010-12 — Havat_Gadash_2_2012,59.0,1.0,,,,,,,,
Boundary_Fields_Addition_2010-12 — Havat_Gadash_2_2012,60.0,0.0,,,,,,,,
Boundary_Fields_Addition_2010-12 — Havat_Gadash_2_2012,61.0,1.0,,,,,,,,
Boundary_Fields_Addition_2010-12 — Havat_Gadash_2_2012,62.0,1.0,,,,,,,,
Boundary_Fields_Addition_2010-12 — Havat_Gadash_2_2012,63.0,1.0,,,,,,,,
Boundary_Fields_Addition_2010-12 — Havat_Gadash_2_2012,64.0,1.0,,,,,,,,
Boundary_Fields_Addition_2010-12 — Havat_Gadash_2_2012,65.0,1.0,,,,,,,,
Boundary_Fields_Addition_2010-12 — Havat_Gadash_2_2012,66.0,1.0,,,,,,,,
Boundary_Fields_Addition_2010-12 — Havat_Gadash_2_2012,67.0,1.0,,,,,,,,
Boundary_Fields_Addition_2010-12 — Havat_Gadash_2_2012,68.0,1.0,,,,,,,,
Boundary_Fields_Addition_2010-12 — Havat_Gadash_2_2012,69.0,1.0,,,,,,,,
Boundary_Fields_Addition_2010-12 — Havat_Gadash_2_2012,70.0,1.0,,,,,,,,
Boundary_Fields_Addition_2010-12 — Havat_Gadash_2_2012,71.0,1.0,,,,,,,,
Boundary_Fields_Addition_2010-12 — Havat_Gadash_2_2012,72.0,1.0,,,,,,,,
Boundary_Fields_Addition_2010-12 — Havat_Gadash_2_2012,73.0,1.0,,,,,,,,
Boundary_Fields_Addition_2010-12 — Havat_Gadash_2_2012,74.0,2.0,,,,,,,,
Boundary_Fields_Addition_2010-12 — Havat_Gadash_2_2012,75.0,1.0,,,,,,,,
Boundary_Fields_Addition_2010-12 — Havat_Gadash_2_2012,76.0,1.0,,,,,,,,
Boundary_Fields_Addition_2010-12 — Havat_Gadash_2_2012,77.0,1.0,,,,,,,,
Boundary_Fields_Addition_2010-12 — Havat_Gadash_2_2012,78.0,2.0,,,,,,,,
Boundary_Fields_Addition_2010-12 — Havat_Gadash_2_2012,79.0,2.0,,,,,,,,
Boundary_Fields_Addition_2010-12 — Havat_Gadash_2_2012,80.0,1.0,,,,,,,,
Boundary_Fields_Addition_2010-12 — Havat_Gadash_2_2012,81.0,1.0,,,,,,,,
Boundary_Fields_Addition_2010-12 — Havat_Gadash_2_2012,82.0,1.0,,,,,,,,
Boundary_Fields_Addition_2010-12 — Havat_Gadash_2_2012,83.0,1.0,,,,,,,,
Boundary_Fields_Addition_2010-12 — Havat_Gadash_2_2012,84.0,1.0,,,,,,,,
Boundary_Fields_Addition_2010-12 — Havat_Gadash_2_2012,85.0,1.0,,,,,,,,
Boundary_Fields_Addition_2010-12 — Havat_Gadash_2_2012,86.0,0.0,,,,,,,,
Boundary_Fields_Addition_2010-12 — Havat_Gadash_2_2012,87.0,1.0,,,,,,,,
Boundary_Fields_Addition_2010-12 — Havat_Gadash_2_2012,88.0,1.0,,,,,,,,
Boundary_Fields_Addition_2010-12 — Havat_Gadash_2_2012,89.0,1.0,,,,,,,,
Boundary_Fields_Addition_2010-12 — Havat_Gadash_2_2012,90.0,2.0,,,,,,,,
Boundary_Fields_Addition_2010-12 — Havat_Gadash_2_2012,91.0,1.0,,,,,,,,
Boundary_Fields_Addition_2010-12 — Havat_Gadash_2_2012,92.0,2.0,,,,,,,,
Boundary_Fields_Addition_2010-12 — Havat_Gadash_2_2012,93.0,2.0,,,,,,,,
Boundary_Fields_Addition_2010-12 — Havat_Gadash_2_2012,94.0,1.0,,,,,,,,
Boundary_Fields_Addition_2010-12 — Havat_Gadash_2_2012,95.0,2.0,,,,,,,,
Boundary_Fields_Addition_2010-12 — Havat_Gadash_2_2012,96.0,1.0,,,,,,,,
Boundary_Fields_Addition_2010-12 — Havat_Gadash_2_2012,97.0,2.0,,,,,,,,
Boundary_Fields_Addition_2010-12 — Havat_Gadash_2_2012,98.0,1.0,,,,,,,,
Boundary_Fields_Addition_2010-12 — Havat_Gadash_2_2012,99.0,1.0,,,,,,,,
Boundary_Fields_Addition_2010-12 — Havat_Gadash_2_2012,100.0,1.0,,,,,,,,
Boundary_Fields_Addition_2010-12 — Havat_Gadash_2_2012,101.0,1.0,,,,,,,,
Boundary_Fields_Addition_2010-12 — Havat_Gadash_2_2012,102.0,1.0,,,,,,,,
Boundary_Fields_Addition_2010-12 — Havat_Gadash_2_2012,103.0,1.0,,,,,,,,
Boundary_Fields_Addition_2010-12 — Havat_Gadash_2_2012,105.0,1.0,,,,,,,,
Boundary_Fields_Addition_2010-12 — Havat_Gadash_2_2012,106.0,1.0,,,,,,,,
Boundary_Fields_Addition_2010-12 — Havat_Gadash_2_2012,107.0,2.0,,,,,,,,
Boundary_Fields_Addition_2010-12 — Havat_Gadash_2_2012,108.0,2.0,,,,,,,,
Boundary_Fields_Addition_2010-12 — Havat_Gadash_2_2012,109.0,1.0,,,,,,,,
Boundary_Fields_Addition_2010-12 — Havat_Gadash_2_2012,110.0,2.0,,,,,,,,
Boundary_Fields_Addition_2010-12 — Havat_Gadash_2_2012,111.0,2.0,,,,,,,,
Boundary_Fields_Addition_2010-12 — Havat_Gadash_2_2012,112.0,1.0,,,,,,,,
Boundary_Fields_Addition_2010-12 — Havat_Gadash_2_2012,113.0,1.0,,,,,,,,
Boundary_Fields_Addition_2010-12 — Havat_Gadash_2_2012,115.0,2.0,,,,,,,,
Boundary_Fields_Addition_2010-12 — Havat_Gadash_2_2012,116.0,2.0,,,,,,,,
Boundary_Fields_Addition_2010-12 — Havat_Gadash_2_2012,117.0,2.0,,,,,,,,
Boundary_Fields_Addition_2010-12 — Havat_Gadash_2_2012,118.0,2.0,,,,,,,,
Boundary_Fields_Addition_2010-12 — Havat_Gadash_2_2012,119.0,2.0,,,,,,,,
Boundary_Fields_Addition_2010-12 — Havat_Gadash_2_2012,120.0,2.0,,,,,,,,
Boundary_Fields_Addition_2010-12 — Havat_Gadash_2_2012,121.0,1.0,,,,,,,,
Boundary_Fields_Addition_2010-12 — Havat_Gadash_2_2012,122.0,1.0,,,,,,,,
Boundary_Fields_Addition_2010-12 — Havat_Gadash_2_2012,123.0,1.0,,,,,,,,
Boundary_Fields_Addition_2010-12 — Havat_Gadash_2_2012,124.0,1.0,,,,,,,,
Boundary_Fields_Addition_2010-12 — Havat_Gadash_2_2012,125.0,2.0,,,,,,,,
Boundary_Fields_Addition_2010-12 — Havat_Gadash_2_2012,126.0,1.0,,,,,,,,
Boundary_Fields_Addition_2010-12 — Havat_Gadash_2_2012,127.0,1.0,,,,,,,,
Boundary_Fields_Addition_2010-12 — Havat_Gadash_2_2012,128.0,1.0,,,,,,,,
Boundary_Fields_Addition_2010-12 — Havat_Gadash_2_2012,129.0,1.0,,,,,,,,
Boundary_Fields_Addition_2010-12 — Havat_Gadash_2_2012,130.0,1.0,,,,,,,,
Boundary_Fields_Addition_2010-12 — Havat_Gadash_2_2012,131.0,2.0,,,,,,,,
Boundary_Fields_Addition_2010-12 — Havat_Gadash_2_2012,132.0,2.0,,,,,,,,
Boundary_Fields_Addition_2010-12 — Havat_Gadash_2_2012,133.0,2.0,,,,,,,,
Boundary_Fields_Addition_2010-12 — Havat_Gadash_2_2012,134.0,2.0,,,,,,,,
Boundary_Fields_Addition_2010-12 — Havat_Gadash_2_2012,135.0,1.0,,,,,,,,
Boundary_Fields_Addition_2010-12 — Havat_Gadash_2_2012,136.0,1.0,,,,,,,,
Boundary_Fields_Addition_2010-12 — Havat_Gadash_2_2012,137.0,1.0,,,,,,,,
Boundary_Fields_Addition_2010-12 — Havat_Gadash_2_2012,138.0,1.0,,,,,,,,
Boundary_Fields_Addition_2010-12 — Havat_Gadash_2_2012,139.0,1.0,,,,,,,,
Boundary_Fields_Addition_2010-12 — Havat_Gadash_2_2012,140.0,2.0,,,,,,,,
Boundary_Fields_Addition_2010-12 — Havat_Gadash_2_2012,141.0,2.0,,,,,,,,
Boundary_Fields_Addition_2010-12 — Havat_Gadash_2_2012,142.0,1.0,,,,,,,,
Boundary_Fields_Addition_2010-12 — Havat_Gadash_2_2012,143.0,1.0,,,,,,,,
Boundary_Fields_Addition_2010-12 — Havat_Gadash_2_2012,144.0,1.0,,,,,,,,
Boundary_Fields_Addition_2010-12 — Havat_Gadash_2_2012,145.0,1.0,,,,,,,,
Boundary_Fields_Addition_2010-12 — Havat_Gadash_2_2012,146.0,2.0,,,,,,,,
Boundary_Fields_Addition_2010-12 — Havat_Gadash_2_2012,147.0,2.0,,,,,,,,
Boundary_Fields_Addition_2010-12 — Havat_Gadash_2_2012,148.0,2.0,,,,,,,,
Boundary_Fields_Addition_2010-12 — Havat_Gadash_2_2012,149.0,2.0,,,,,,,,
Boundary_Fields_Addition_2010-12 — Havat_Gadash_2_2012,150.0,2.0,,,,,,,,
Boundary_Fields_Addition_2010-12 — Havat_Gadash_2_2012,151.0,2.0,,,,,,,,
Boundary_Fields_Addition_2010-12 — Havat_Gadash_2_2012,152.0,2.0,,,,,,,,
Boundary_Fields_Addition_2010-12 — Havat_Gadash_2_2012,153.0,2.0,,,,,,,,
Boundary_Fields_Addition_2010-12 — Havat_Gadash_2_2012,154.0,2.0,,,,,,,,
Boundary_Fields_Addition_2010-12 — Havat_Gadash_2_2012,155.0,1.0,,,,,,,,
Boundary_Fields_Addition_2010-12 — Havat_Gadash_2_2012,156.0,1.0,,,,,,,,
Boundary_Fields_Addition_2010-12 — Havat_Gadash_2_2012,157.0,1.0,,,,,,,,
Boundary_Fields_Addition_2010-12 — Havat_Gadash_2_2012,158.0,1.0,,,,,,,,
Boundary_Fields_Addition_2010-12 — Havat_Gadash_2_2012,159.0,1.0,,,,,,,,
Boundary_Fields_Addition_2010-12 — Havat_Gadash_2_2012,160.0,1.0,,,,,,,,
Boundary_Fields_Addition_2010-12 — Havat_Gadash_2_2012,161.0,1.0,,,,,,,,
Boundary_Fields_Addition_2010-12 — Havat_Gadash_2_2012,162.0,1.0,,,,,,,,
Boundary_Fields_Addition_2010-12 — Havat_Gadash_2_2012,163.0,1.0,,,,,,,,
Boundary_Fields_Addition_2010-12 — Havat_Gadash_2_2012,164.0,1.0,,,,,,,,
Boundary_Fields_Addition_2010-12 — Havat_Gadash_2_2012,165.0,1.0,,,,,,,,
Boundary_Fields_Addition_2010-12 — Havat_Gadash_2_2012,166.0,1.0,,,,,,,,
Boundary_Fields_Addition_2010-12 — Havat_Gadash_2_2012,167.0,2.0,,,,,,,,
Boundary_Fields_Addition_2010-12 — Havat_Gadash_2_2012,168.0,2.0,,,,,,,,
Boundary_Fields_Addition_2010-12 — Havat_Gadash_2_2012,169.0,2.0,,,,,,,,
Boundary_Fields_Addition_2010-12 — Havat_Gadash_2_2012,170.0,1.0,,,,,,,,
Boundary_Fields_Addition_2010-12 — Havat_Gadash_2_2012,171.0,1.0,,,,,,,,
Boundary_Fields_Addition_2010-12 — Havat_Gadash_2_2012,172.0,2.0,,,,,,,,
Boundary_Fields_Addition_2010-12 — Havat_Gadash_2_2012,173.0,1.0,,,,,,,,
Boundary_Fields_Addition_2010-12 — Havat_Gadash_2_2012,174.0,1.0,,,,,,,,
Boundary_Fields_Addition_2010-12 — Havat_Gadash_2_2012,175.0,1.0,,,,,,,,
Boundary_Fields_Addition_2010-12 — Havat_Gadash_2_2012,176.0,1.0,,,,,,,,
Boundary_Fields_Addition_2010-12 — Havat_Gadash_2_2012,177.0,2.0,,,,,,,,
Boundary_Fields_Addition_2010-12 — Havat_Gadash_2_2012,178.0,2.0,,,,,,,,
Boundary_Fields_Addition_2010-12 — Havat_Gadash_2_2012,179.0,1.0,,,,,,,,
Boundary_Fields_Addition_2010-12 — Havat_Gadash_2_2012,180.0,1.0,,,,,,,,
Boundary_Fields_Addition_2010-12 — Havat_Gadash_2_2012,181.0,1.0,,,,,,,,
Boundary_Fields_Addition_2010-12 — Havat_Gadash_2_2012,182.0,1.0,,,,,,,,
Boundary_Fields_Addition_2010-12 — Havat_Gadash_2_2012,183.0,2.0,,,,,,,,
Boundary_Fields_Addition_2010-12 — Havat_Gadash_2_2012,184.0,2.0,,,,,,,,
Boundary_Fields_Addition_2010-12 — Havat_Gadash_2_2012,185.0,2.0,,,,,,,,
Boundary_Fields_Addition_2010-12 — Havat_Gadash_2_2012,186.0,2.0,,,,,,,,
Boundary_Fields_Addition_2010-12 — Havat_Gadash_2_2012,187.0,2.0,,,,,,,,
Boundary_Fields_Addition_2010-12 — Havat_Gadash_2_2012,188.0,2.0,,,,,,,,
Boundary_Fields_Addition_2010-12 — Havat_Gadash_2_2012,189.0,1.0,,,,,,,,
Boundary_Fields_Addition_2010-12 — Havat_Gadash_2_2012,190.0,1.0,,,,,,,,
Boundary_Fields_Addition_2010-12 — Havat_Gadash_2_2012,191.0,1.0,,,,,,,,
Boundary_Fields_Addition_2010-12 — Havat_Gadash_2_2012,192.0,1.0,,,,,,,,
Boundary_Fields_Addition_2010-12 — Havat_Gadash_2_2012,193.0,1.0,,,,,,,,
Boundary_Fields_Addition_2010-12 — Havat_Gadash_2_2012,194.0,1.0,,,,,,,,
Boundary_Fields_Addition_2010-12 — Havat_Gadash_2_2012,195.0,1.0,,,,,,,,
Boundary_Fields_Addition_2010-12 — Havat_Gadash_2_2012,196.0,2.0,,,,,,,,
Boundary_Fields_Addition_2010-12 — Havat_Gadash_2_2012,197.0,1.0,,,,,,,,
Boundary_Fields_Addition_2010-12 — Havat_Gadash_2_2012,198.0,1.0,,,,,,,,
Boundary_Fields_Addition_2010-12 — Havat_Gadash_2_2012,199.0,2.0,,,,,,,,
Boundary_Fields_Addition_2010-12 — Havat_Gadash_2_2012,200.0,1.0,,,,,,,,
Boundary_Fields_Addition_2010-12 — Havat_Gadash_2_2012,201.0,1.0,,,,,,,,
Boundary_Fields_Addition_2010-12 — Havat_Gadash_2_2012,202.0,2.0,,,,,,,,
Boundary_Fields_Addition_2010-12 — Havat_Gadash_2_2012,203.0,2.0,,,,,,,,
Boundary_Fields_Addition_2010-12 — Havat_Gadash_2_2012,204.0,2.0,,,,,,,,
Boundary_Fields_Addition_2010-12 — Havat_Gadash_2_2012,205.0,2.0,,,,,,,,
Boundary_Fields_Addition_2010-12 — Havat_Gadash_2_2012,206.0,2.0,,,,,,,,
Boundary_Fields_Addition_2010-12 — Havat_Gadash_2_2012,207.0,2.0,,,,,,,,
Boundary_Fields_Addition_2010-12 — Havat_Gadash_2_2012,208.0,2.0,,,,,,,,
Boundary_Fields_Addition_2010-12 — Havat_Gadash_2_2012,209.0,2.0,,,,,,,,
Boundary_Fields_Addition_2010-12 — Havat_Gadash_2_2012,210.0,2.0,,,,,,,,
Boundary_Fields_Addition_2010-12 — Havat_Gadash_2_2012,211.0,2.0,,,,,,,,
Boundary_Fields_Addition_2010-12 — Havat_Gadash_2_2012,212.0,2.0,,,,,,,,
Boundary_Fields_Addition_2010-12 — Havat_Gadash_2_2012,213.0,2.0,,,,,,,,
Boundary_Fields_Addition_2010-12 — Havat_Gadash_2_2012,214.0,2.0,,,,,,,,
Boundary_Fields_Addition_2010-12 — Havat_Gadash_2_2012,215.0,2.0,,,,,,,,
Boundary_Fields_Addition_2010-12 — Havat_Gadash_2_2012,216.0,2.0,,,,,,,,
Boundary_Fields_Addition_2010-12 — Havat_Gadash_2_2012,217.0,2.0,,,,,,,,
Boundary_Fields_Addition_2010-12 — Havat_Gadash_2_2012,218.0,3.0,,,,,,,,
Boundary_Fields_Addition_2010-12 — Havat_Gadash_2_2012,219.0,3.0,,,,,,,,
Boundary_Fields_Addition_2010-12 — Havat_Gadash_2_2012,220.0,3.0,,,,,,,,
Boundary_Fields_Addition_2010-12 — Havat_Gadash_2_2012,221.0,3.0,,,,,,,,
Boundary_Fields_Addition_2010-12 — Havat_Gadash_2_2012,222.0,3.0,,,,,,,,
Boundary_Fields_Addition_2010-12 — Havat_Gadash_2_2012,223.0,3.0,,,,,,,,
Boundary_Fields_Addition_2010-12 — Kfar_blum_b_2011,1.0,1.0,,,,,,,,
Boundary_Fields_Addition_2010-12 — Kfar_blum_b_2011,2.0,1.0,,,,,,,,
Boundary_Fields_Addition_2010-12 — Kfar_blum_b_2011,3.0,1.0,,,,,,,,
Boundary_Fields_Addition_2010-12 — Kfar_blum_b_2011,4.0,1.0,,,,,,,,
Boundary_Fields_Addition_2010-12 — Kfar_blum_b_2011,5.0,1.0,,,,,,,,
Boundary_Fields_Addition_2010-12 — Kfar_blum_b_2011,6.0,1.0,,,,,,,,
Boundary_Fields_Addition_2010-12 — Kfar_blum_b_2011,7.0,1.0,,,,,,,,
Boundary_Fields_Addition_2010-12 — Kfar_blum_b_2011,8.0,1.0,,,,,,,,
Boundary_Fields_Addition_2010-12 — Kfar_blum_b_2011,9.0,1.0,,,,,,,,
Boundary_Fields_Addition_2010-12 — Kfar_blum_b_2011,10.0,1.0,,,,,,,,
Boundary_Fields_Addition_2010-12 — Kfar_blum_b_2011,11.0,1.0,,,,,,,,
Boundary_Fields_Addition_2010-12 — Kfar_blum_b_2011,12.0,1.0,,,,,,,,
Boundary_Fields_Addition_2010-12 — Kfar_blum_b_2011,13.0,1.0,,,,,,,,
Boundary_Fields_Addition_2010-12 — Kfar_blum_b_2011,14.0,1.0,,,,,,,,
Boundary_Fields_Addition_2010-12 — Kfar_blum_b_2011,15.0,1.0,,,,,,,,
Boundary_Fields_Addition_2010-12 — Kfar_blum_b_2011,16.0,1.0,,,,,,,,
Boundary_Fields_Addition_2010-12 — Kfar_blum_b_2011,17.0,1.0,,,,,,,,
Boundary_Fields_Addition_2010-12 — Kfar_blum_b_2011,18.0,1.0,,,,,,,,
Boundary_Fields_Addition_2010-12 — Kfar_blum_b_2011,19.0,1.0,,,,,,,,
Boundary_Fields_Addition_2010-12 — Kfar_blum_b_2011,20.0,1.0,,,,,,,,
Boundary_Fields_Addition_2010-12 — Kfar_blum_b_2011,21.0,1.0,,,,,,,,
Boundary_Fields_Addition_2010-12 — Kfar_blum_b_2011,22.0,1.0,,,,,,,,
Boundary_Fields_Addition_2010-12 — Kfar_blum_b_2011,23.0,1.0,,,,,,,,
Boundary_Fields_Addition_2010-12 — Kfar_blum_b_2011,24.0,1.0,,,,,,,,
Boundary_Fields_Addition_2010-12 — Kfar_blum_b_2011,25.0,1.0,,,,,,,,
Boundary_Fields_Addition_2010-12 — Kfar_blum_b_2011,26.0,1.0,,,,,,,,
Boundary_Fields_Addition_2010-12 — Kfar_blum_b_2011,27.0,1.0,,,,,,,,
Boundary_Fields_Addition_2010-12 — Kfar_blum_b_2011,28.0,2.0,,,,,,,,
Boundary_Fields_Addition_2010-12 — Kfar_blum_b_2011,29.0,2.0,,,,,,,,
Boundary_Fields_Addition_2010-12 — Kfar_blum_b_2011,30.0,2.0,,,,,,,,
Boundary_Fields_Addition_2010-12 — Kfar_blum_b_2011,31.0,2.0,,,,,,,,
Boundary_Fields_Addition_2010-12 — Kfar_blum_b_2011,32.0,2.0,,,,,,,,
Boundary_Fields_Addition_2010-12 — Kfar_blum_b_2011,33.0,2.0,,,,,,,,
Boundary_Fields_Addition_2010-12 — Kfar_blum_b_2011,34.0,1.0,,,,,,,,
Boundary_Fields_Addition_2010-12 — Kfar_blum_b_2011,35.0,1.0,,,,,,,,
Boundary_Fields_Addition_2010-12 — Kfar_blum_b_2011,36.0,1.0,,,,,,,,
Boundary_Fields_Addition_2010-12 — Kfar_blum_b_2011,37.0,2.0,,,,,,,,
Boundary_Fields_Addition_2010-12 — Kfar_blum_b_2011,38.0,1.0,,,,,,,,
Boundary_Fields_Addition_2010-12 — Kfar_blum_b_2011,39.0,2.0,,,,,,,,
Boundary_Fields_Addition_2010-12 — Kfar_blum_b_2011,40.0,2.0,,,,,,,,
Boundary_Fields_Addition_2010-12 — Kfar_blum_b_2011,41.0,1.0,,,,,,,,
Boundary_Fields_Addition_2010-12 — Kfar_blum_b_2011,42.0,2.0,,,,,,,,
Boundary_Fields_Addition_2010-12 — Kfar_blum_b_2011,43.0,2.0,,,,,,,,
Boundary_Fields_Addition_2010-12 — Kfar_blum_b_2011,44.0,2.0,,,,,,,,
Boundary_Fields_Addition_2010-12 — Kfar_blum_b_2011,45.0,2.0,,,,,,,,
Boundary_Fields_Addition_2010-12 — Kfar_blum_b_2011,46.0,2.0,,,,,,,,
Boundary_Fields_Addition_2010-12 — Kfar_blum_b_2011,47.0,2.0,,,,,,,,
Boundary_Fields_Addition_2010-12 — Kfar_blum_b_2011,48.0,2.0,,,,,,,,
Boundary_Fields_Addition_2010-12 — Kfar_blum_b_2011,49.0,2.0,,,,,,,,
Boundary_Fields_Addition_2010-12 — Kfar_blum_b_2011,50.0,2.0,,,,,,,,
Boundary_Fields_Addition_2010-12 — Kfar_blum_b_2011,51.0,2.0,,,,,,,,
Boundary_Fields_Addition_2010-12 — Kfar_blum_b_2011,52.0,1.0,,,,,,,,
Boundary_Fields_Addition_2010-12 — Kfar_blum_b_2011,53.0,1.0,,,,,,,,
Boundary_Fields_Addition_2010-12 — Kfar_blum_b_2011,54.0,1.0,,,,,,,,
Boundary_Fields_Addition_2010-12 — Kfar_blum_b_2011,55.0,1.0,,,,,,,,
Boundary_Fields_Addition_2010-12 — Kfar_blum_b_2011,56.0,1.0,,,,,,,,
Boundary_Fields_Addition_2010-12 — Kfar_blum_b_2011,57.0,1.0,,,,,,,,
Boundary_Fields_Addition_2010-12 — Kfar_blum_b_2011,58.0,2.0,,,,,,,,
Boundary_Fields_Addition_2010-12 — Kfar_blum_b_2011,59.0,2.0,,,,,,,,
Boundary_Fields_Addition_2010-12 — Kfar_blum_b_2011,60.0,1.0,,,,,,,,
Boundary_Fields_Addition_2010-12 — Kfar_blum_b_2011,61.0,2.0,,,,,,,,
Boundary_Fields_Addition_2010-12 — Kfar_blum_b_2011,62.0,2.0,,,,,,,,
Boundary_Fields_Addition_2010-12 — Kfar_blum_b_2011,63.0,2.0,,,,,,,,
Boundary_Fields_Addition_2010-12 — Kfar_blum_b_2011,64.0,2.0,,,,,,,,
Boundary_Fields_Addition_2010-12 — Kfar_blum_b_2011,65.0,2.0,,,,,,,,
Boundary_Fields_Addition_2010-12 — Kfar_blum_b_2011,66.0,2.0,,,,,,,,
Boundary_Fields_Addition_2010-12 — Kfar_blum_b_2011,67.0,2.0,,,,,,,,
Boundary_Fields_Addition_2010-12 — Kfar_blum_b_2011,68.0,2.0,,,,,,,,
Boundary_Fields_Addition_2010-12 — Kfar_blum_b_2011,69.0,2.0,,,,,,,,
Boundary_Fields_Addition_2010-12 — Kfar_blum_b_2011,70.0,2.0,,,,,,,,
Boundary_Fields_Addition_2010-12 — Kfar_blum_b_2011,71.0,2.0,,,,,,,,
Boundary_Fields_Addition_2010-12 — Kfar_blum_b_2011,72.0,2.0,,,,,,,,
Boundary_Fields_Addition_2010-12 — Kfar_blum_b_2011,73.0,2.0,,,,,,,,
Boundary_Fields_Addition_2010-12 — Kfar_blum_b_2011,74.0,2.0,,,,,,,,
Boundary_Fields_Addition_2010-12 — Kfar_blum_b_2011,75.0,2.0,,,,,,,,
Boundary_Fields_Addition_2010-12 — Kfar_blum_b_2011,76.0,2.0,,,,,,,,
Boundary_Fields_Addition_2010-12 — Kfar_blum_b_2011,77.0,2.0,,,,,,,,
Boundary_Fields_Addition_2010-12 — Kfar_blum_b_2011,78.0,2.0,,,,,,,,
Boundary_Fields_Addition_2010-12 — Kfar_blum_b_2011,79.0,2.0,,,,,,,,
Boundary_Fields_Addition_2010-12 — Kfar_blum_b_2011,80.0,2.0,,,,,,,,
Boundary_Fields_Addition_2010-12 — Kfar_blum_b_2011,81.0,2.0,,,,,,,,
Boundary_Fields_Addition_2010-12 — Kfar_blum_b_2011,82.0,2.0,,,,,,,,
Boundary_Fields_Addition_2010-12 — Kfar_blum_b_2011,83.0,2.0,,,,,,,,
Boundary_Fields_Addition_2010-12 — Kfar_blum_b_2011,84.0,2.0,,,,,,,,
Boundary_Fields_Addition_2010-12 — Kfar_blum_b_2011,85.0,2.0,,,,,,,,
Boundary_Fields_Addition_2010-12 — Kfar_blum_b_2011,86.0,2.0,,,,,,,,
Boundary_Fields_Addition_2010-12 — Kfar_blum_b_2011,87.0,2.0,,,,,,,,
Boundary_Fields_Addition_2010-12 — Kfar_blum_b_2011,88.0,2.0,,,,,,,,
Boundary_Fields_Addition_2010-12 — Kfar_blum_b_2011,89.0,2.0,,,,,,,,
Boundary_Fields_Addition_2010-12 — Kfar_blum_b_2011,90.0,2.0,,,,,,,,
Boundary_Fields_Addition_2010-12 — Kfar_blum_b_2011,91.0,2.0,,,,,,,,
Boundary_Fields_Addition_2010-12 — Kfar_blum_b_2011,92.0,2.0,,,,,,,,
Boundary_Fields_Addition_2010-12 — Kfar_blum_b_2011,93.0,2.0,,,,,,,,
Boundary_Fields_Addition_2010-12 — Kfar_blum_b_2011,94.0,2.0,,,,,,,,
Boundary_Fields_Addition_2010-12 — Kfar_blum_b_2011,95.0,2.0,,,,,,,,
Boundary_Fields_Addition_2010-12 — Kfar_blum_b_2011,96.0,2.0,,,,,,,,
Boundary_Fields_Addition_2010-12 — Kfar_blum_b_2011,97.0,2.0,,,,,,,,
Boundary_Fields_Addition_2010-12 — Kfar_blum_b_2011,98.0,2.0,,,,,,,,
Boundary_Fields_Addition_2010-12 — Kfar_blum_b_2011,99.0,2.0,,,,,,,,
Boundary_Fields_Addition_2010-12 — Kfar_blum_b_2011,100.0,2.0,,,,,,,,
Boundary_Fields_Addition_2010-12 — Kfar_blum_b_2011,101.0,2.0,,,,,,,,
Boundary_Fields_Addition_2010-12 — Kfar_blum_b_2011,102.0,2.0,,,,,,,,
Boundary_Fields_Addition_2010-12 — Kfar_blum_b_2011,103.0,2.0,,,,,,,,
Boundary_Fields_Addition_2010-12 — Kfar_blum_b_2011,104.0,2.0,,,,,,,,
Boundary_Fields_Addition_2010-12 — Kfar_blum_b_2011,105.0,2.0,,,,,,,,
Boundary_Fields_Addition_2010-12 — Kfar_blum_b_2011,106.0,2.0,,,,,,,,
Boundary_Fields_Addition_2010-12 — Kfar_blum_b_2011,107.0,2.0,,,,,,,,
Boundary_Fields_Addition_2010-12 — Kfar_blum_b_2011,108.0,2.0,,,,,,,,
Boundary_Fields_Addition_2010-12 — Kfar_blum_b_2011,109.0,1.0,,,,,,,,
Boundary_Fields_Addition_2010-12 — Kfar_blum_b_2011,110.0,2.0,,,,,,,,
Boundary_Fields_Addition_2010-12 — Kfar_blum_b_2011,111.0,2.0,,,,,,,,
Boundary_Fields_Addition_2010-12 — Kfar_blum_b_2011,112.0,2.0,,,,,,,,
Boundary_Fields_Addition_2010-12 — Kfar_blum_b_2011,113.0,2.0,,,,,,,,
Boundary_Fields_Addition_2010-12 — Kfar_blum_b_2011,114.0,2.0,,,,,,,,
Boundary_Fields_Addition_2010-12 — Kfar_blum_b_2011,115.0,2.0,,,,,,,,
Boundary_Fields_Addition_2010-12 — Kfar_blum_b_2011,116.0,2.0,,,,,,,,
Boundary_Fields_Addition_2010-12 — Kfar_blum_b_2011,117.0,2.0,,,,,,,,
Boundary_Fields_Addition_2010-12 — Kfar_blum_b_2011,118.0,2.0,,,,,,,,
Boundary_Fields_Addition_2010-12 — Kfar_blum_b_2011,119.0,2.0,,,,,,,,
Boundary_Fields_Addition_2010-12 — Kfar_blum_b_2011,120.0,2.0,,,,,,,,
Boundary_Fields_Addition_2010-12 — Kfar_blum_b_2011,121.0,2.0,,,,,,,,
Boundary_Fields_Addition_2010-12 — Kfar_blum_b_2011,122.0,2.0,,,,,,,,
Boundary_Fields_Addition_2010-12 — Kfar_blum_b_2011,123.0,2.0,,,,,,,,
Boundary_Fields_Addition_2010-12 — Kfar_blum_b_2011,124.0,2.0,,,,,,,,
Boundary_Fields_Addition_2010-12 — Kfar_blum_b_2011,125.0,2.0,,,,,,,,
Boundary_Fields_Addition_2010-12 — Kfar_blum_b_2011,126.0,2.0,,,,,,,,
Boundary_Fields_Addition_2010-12 — Kfar_blum_b_2011,127.0,2.0,,,,,,,,
Boundary_Fields_Addition_2010-12 — Kfar_blum_b_2011,128.0,2.0,,,,,,,,
Boundary_Fields_Addition_2010-12 — Kfar_blum_b_2011,129.0,2.0,,,,,,,,
Boundary_Fields_Addition_2010-12 — Kfar_blum_b_2011,130.0,2.0,,,,,,,,
Boundary_Fields_Addition_2010-12 — Kfar_blum_b_2011,131.0,2.0,,,,,,,,
Boundary_Fields_Addition_2010-12 — Kfar_blum_b_2011,132.0,2.0,,,,,,,,
Boundary_Fields_Addition_2010-12 — Kfar_blum_b_2011,133.0,2.0,,,,,,,,
Boundary_Fields_Addition_2010-12 — Kfar_blum_b_2011,134.0,2.0,,,,,,,,
Boundary_Fields_Addition_2010-12 — Kfar_blum_b_2011,135.0,2.0,,,,,,,,
Boundary_Fields_Addition_2010-12 — Kfar_blum_b_2011,136.0,2.0,,,,,,,,
Boundary_Fields_Addition_2010-12 — Kfar_blum_b_2011,137.0,2.0,,,,,,,,
Boundary_Fields_Addition_2010-12 — Kfar_blum_b_2011,138.0,2.0,,,,,,,,
Boundary_Fields_Addition_2010-12 — Kfar_blum_b_2011,139.0,1.0,,,,,,,,
Boundary_Fields_Addition_2010-12 — Kfar_blum_b_2011,140.0,1.0,,,,,,,,
Boundary_Fields_Addition_2010-12 — Kfar_blum_b_2011,141.0,2.0,,,,,,,,
Boundary_Fields_Addition_2010-12 — Kfar_blum_b_2011,142.0,2.0,,,,,,,,
Boundary_Fields_Addition_2010-12 — Kfar_blum_b_2011,143.0,2.0,,,,,,,,
Boundary_Fields_Addition_2010-12 — Kfar_blum_b_2011,144.0,1.0,,,,,,,,
Boundary_Fields_Addition_2010-12 — Kfar_blum_b_2011,145.0,2.0,,,,,,,,
Boundary_Fields_Addition_2010-12 — Kfar_blum_b_2011,146.0,2.0,,,,,,,,
Boundary_Fields_Addition_2010-12 — Kfar_blum_b_2011,147.0,2.0,,,,,,,,
Boundary_Fields_Addition_2010-12 — Kfar_blum_b_2011,148.0,2.0,,,,,,,,
Boundary_Fields_Addition_2010-12 — Kfar_blum_b_2011,149.0,2.0,,,,,,,,
Boundary_Fields_Addition_2010-12 — Kfar_blum_b_2011,150.0,2.0,,,,,,,,
Boundary_Fields_Addition_2010-12 — Kfar_blum_b_2011,151.0,2.0,,,,,,,,
Boundary_Fields_Addition_2010-12 — Kfar_blum_b_2011,152.0,2.0,,,,,,,,
Boundary_Fields_Addition_2010-12 — Kfar_blum_b_2011,153.0,2.0,,,,,,,,
Boundary_Fields_Addition_2010-12 — Kfar_blum_b_2011,154.0,2.0,,,,,,,,
Boundary_Fields_Addition_2010-12 — Kfar_blum_b_2011,155.0,2.0,,,,,,,,
Boundary_Fields_Addition_2010-12 — Kfar_blum_b_2011,156.0,1.0,,,,,,,,
Boundary_Fields_Addition_2010-12 — Kfar_blum_b_2011,157.0,2.0,,,,,,,,
Boundary_Fields_Addition_2010-12 — Kfar_blum_b_2011,158.0,2.0,,,,,,,,
Boundary_Fields_Addition_2010-12 — Kfar_blum_b_2011,159.0,2.0,,,,,,,,
Boundary_Fields_Addition_2010-12 — Kfar_blum_b_2011,160.0,2.0,,,,,,,,
Boundary_Fields_Addition_2010-12 — Kfar_blum_b_2011,161.0,2.0,,,,,,,,
Boundary_Fields_Addition_2010-12 — Kfar_blum_b_2011,162.0,2.0,,,,,,,,
Boundary_Fields_Addition_2010-12 — Kfar_blum_b_2011,163.0,2.0,,,,,,,,
Boundary_Fields_Addition_2010-12 — Kfar_blum_b_2011,164.0,2.0,,,,,,,,
Boundary_Fields_Addition_2010-12 — Kfar_blum_b_2011,165.0,2.0,,,,,,,,
Boundary_Fields_Addition_2010-12 — Kfar_blum_b_2011,166.0,2.0,,,,,,,,
Boundary_Fields_Addition_2010-12 — Kfar_blum_b_2011,167.0,2.0,,,,,,,,
Boundary_Fields_Addition_2010-12 — Kfar_blum_b_2011,168.0,2.0,,,,,,,,
Boundary_Fields_Addition_2010-12 — Kfar_blum_b_2011,169.0,2.0,,,,,,,,
Boundary_Fields_Addition_2010-12 — Kfar_blum_b_2011,170.0,2.0,,,,,,,,
Boundary_Fields_Addition_2010-12 — Kfar_blum_b_2011,171.0,2.0,,,,,,,,
Boundary_Fields_Addition_2010-12 — Kfar_blum_b_2011,172.0,2.0,,,,,,,,
Boundary_Fields_Addition_2010-12 — Kfar_blum_b_2011,173.0,2.0,,,,,,,,
Boundary_Fields_Addition_2010-12 — Kfar_blum_b_2011,174.0,2.0,,,,,,,,
Boundary_Fields_Addition_2010-12 — Kfar_blum_b_2011,175.0,2.0,,,,,,,,
Boundary_Fields_Addition_2010-12 — Kfar_blum_b_2011,176.0,2.0,,,,,,,,
Boundary_Fields_Addition_2010-12 — Kfar_blum_b_2011,177.0,2.0,,,,,,,,
Boundary_Fields_Addition_2010-12 — Kfar_blum_b_2011,178.0,2.0,,,,,,,,
Boundary_Fields_Addition_2010-12 — Kfar_blum_b_2011,179.0,2.0,,,,,,,,
Boundary_Fields_Addition_2010-12 — Kfar_blum_b_2011,180.0,2.0,,,,,,,,
Boundary_Fields_Addition_2010-12 — Kfar_blum_b_2011,181.0,2.0,,,,,,,,
Boundary_Fields_Addition_2010-12 — Kfar_blum_b_2011,182.0,2.0,,,,,,,,
Boundary_Fields_Addition_2010-12 — Kfar_blum_b_2011,183.0,2.0,,,,,,,,
Boundary_Fields_Addition_2010-12 — Kfar_blum_b_2011,184.0,2.0,,,,,,,,
Boundary_Fields_Addition_2010-12 — Kfar_blum_b_2011,185.0,2.0,,,,,,,,
Boundary_Fields_Addition_2010-12 — Kfar_blum_b_2011,186.0,2.0,,,,,,,,
Boundary_Fields_Addition_2010-12 — Kfar_blum_b_2011,187.0,2.0,,,,,,,,
Boundary_Fields_Addition_2010-12 — Kfar_blum_b_2011,188.0,2.0,,,,,,,,
Boundary_Fields_Addition_2010-12 — Kfar_blum_b_2011,189.0,2.0,,,,,,,,
Boundary_Fields_Addition_2010-12 — Kfar_blum_b_2011,190.0,1.0,,,,,,,,
Boundary_Fields_Addition_2010-12 — Kfar_blum_b_2011,191.0,1.0,,,,,,,,
Boundary_Fields_Addition_2010-12 — Kfar_blum_b_2011,192.0,1.0,,,,,,,,
Boundary_Fields_Addition_2010-12 — Kfar_blum_b_2011,193.0,2.0,,,,,,,,
Boundary_Fields_Addition_2010-12 — Kfar_blum_b_2011,194.0,2.0,,,,,,,,
Boundary_Fields_Addition_2010-12 — Kfar_blum_b_2011,195.0,2.0,,,,,,,,
Boundary_Fields_Addition_2010-12 — Kfar_blum_b_2011,196.0,2.0,,,,,,,,
Boundary_Fields_Addition_2010-12 — Kfar_blum_b_2011,197.0,2.0,,,,,,,,
Boundary_Fields_Addition_2010-12 — Kfar_blum_b_2011,198.0,2.0,,,,,,,,
Boundary_Fields_Addition_2010-12 — Kfar_blum_b_2011,199.0,2.0,,,,,,,,
Boundary_Fields_Addition_2010-12 — Kfar_blum_b_2011,200.0,2.0,,,,,,,,
Boundary_Fields_Addition_2010-12 — Kfar_blum_b_2011,201.0,2.0,,,,,,,,
Boundary_Fields_Addition_2010-12 — Kfar_blum_b_2011,202.0,2.0,,,,,,,,
Boundary_Fields_Addition_2010-12 — Kfar_blum_b_2011,203.0,2.0,,,,,,,,
Boundary_Fields_Addition_2010-12 — Kfar_blum_b_2011,204.0,1.0,,,,,,,,
Boundary_Fields_Addition_2010-12 — Kfar_blum_b_2011,205.0,2.0,,,,,,,,
Boundary_Fields_Addition_2010-12 — Kfar_blum_b_2011,206.0,2.0,,,,,,,,
Boundary_Fields_Addition_2010-12 — Kfar_blum_b_2011,207.0,1.0,,,,,,,,
Boundary_Fields_Addition_2010-12 — Kfar_blum_b_2011,208.0,1.0,,,,,,,,
Boundary_Fields_Addition_2010-12 — Kfar_blum_b_2011,209.0,1.0,,,,,,,,
Boundary_Fields_Addition_2010-12 — Kfar_blum_b_2011,210.0,2.0,,,,,,,,
Boundary_Fields_Addition_2010-12 — Kfar_blum_b_2011,211.0,2.0,,,,,,,,
Boundary_Fields_Addition_2010-12 — Kfar_blum_b_2011,212.0,2.0,,,,,,,,
Boundary_Fields_Addition_2010-12 — Kfar_blum_b_2011,213.0,2.0,,,,,,,,
Boundary_Fields_Addition_2010-12 — Kfar_blum_b_2011,214.0,2.0,,,,,,,,
Boundary_Fields_Addition_2010-12 — Kfar_blum_b_2011,215.0,2.0,,,,,,,,
Boundary_Fields_Addition_2010-12 — Kfar_blum_b_2011,216.0,2.0,,,,,,,,
Boundary_Fields_Addition_2010-12 — Kfar_blum_b_2011,217.0,2.0,,,,,,,,
Boundary_Fields_Addition_2010-12 — Kfar_blum_b_2011,218.0,2.0,,,,,,,,
Boundary_Fields_Addition_2010-12 — Kfar_blum_b_2011,219.0,2.0,,,,,,,,
Boundary_Fields_Addition_2010-12 — Kfar_blum_b_2011,220.0,2.0,,,,,,,,
Boundary_Fields_Addition_2010-12 — Kfar_blum_b_2011,221.0,2.0,,,,,,,,
Boundary_Fields_Addition_2010-12 — Kfar_blum_b_2011,222.0,2.0,,,,,,,,
Boundary_Fields_Addition_2010-12 — Kfar_blum_b_2011,223.0,2.0,,,,,,,,
Boundary_Fields_Addition_2010-12 — Kfar_blum_b_2011,224.0,2.0,,,,,,,,
Boundary_Fields_Addition_2010-12 — Kfar_blum_b_2011,225.0,2.0,,,,,,,,
Boundary_Fields_Addition_2010-12 — Kfar_blum_b_2011,226.0,2.0,,,,,,,,
Boundary_Fields_Addition_2010-12 — Kfar_blum_b_2011,227.0,2.0,,,,,,,,
Boundary_Fields_Addition_2010-12 — Kfar_blum_b_2011,228.0,2.0,,,,,,,,
Boundary_Fields_Addition_2010-12 — Kfar_blum_b_2011,229.0,2.0,,,,,,,,
Boundary_Fields_Addition_2010-12 — Kfar_blum_b_2011,230.0,2.0,,,,,,,,
Boundary_Fields_Addition_2010-12 — Kfar_blum_b_2011,231.0,2.0,,,,,,,,
Boundary_Fields_Addition_2010-12 — Kfar_blum_b_2011,232.0,2.0,,,,,,,,
Boundary_Fields_Addition_2010-12 — Kfar_blum_b_2011,233.0,2.0,,,,,,,,
Boundary_Fields_Addition_2010-12 — Kfar_blum_b_2011,234.0,1.0,,,,,,,,
Boundary_Fields_Addition_2010-12 — Kfar_blum_b_2011,235.0,2.0,,,,,,,,
Boundary_Fields_Addition_2010-12 — Kfar_blum_b_2011,236.0,2.0,,,,,,,,
Boundary_Fields_Addition_2010-12 — Kfar_blum_b_2011,237.0,2.0,,,,,,,,
Boundary_Fields_Addition_2010-12 — Kfar_blum_b_2011,238.0,2.0,,,,,,,,
Boundary_Fields_Addition_2010-12 — Kfar_blum_b_2011,239.0,2.0,,,,,,,,
Boundary_Fields_Addition_2010-12 — Kfar_blum_b_2011,240.0,2.0,,,,,,,,
Boundary_Fields_Addition_2010-12 — Kfar_blum_b_2011,241.0,2.0,,,,,,,,
Boundary_Fields_Addition_2010-12 — Kfar_blum_b_2011,242.0,2.0,,,,,,,,
Boundary_Fields_Addition_2010-12 — Kfar_blum_b_2011,243.0,2.0,,,,,,,,
Boundary_Fields_Addition_2010-12 — Kfar_blum_b_2011,244.0,1.0,,,,,,,,
Boundary_Fields_Addition_2010-12 — Kfar_blum_b_2011,245.0,2.0,,,,,,,,
Boundary_Fields_Addition_2010-12 — Kfar_blum_b_2011,246.0,1.0,,,,,,,,
Boundary_Fields_Addition_2010-12 — Kfar_blum_b_2011,247.0,2.0,,,,,,,,
Boundary_Fields_Addition_2010-12 — Kfar_blum_b_2011,248.0,1.0,,,,,,,,
Boundary_Fields_Addition_2010-12 — Kfar_blum_b_2011,249.0,2.0,,,,,,,,
Boundary_Fields_Addition_2010-12 — Kfar_blum_b_2011,250.0,1.0,,,,,,,,
Boundary_Fields_Addition_2010-12 — Kfar_blum_b_2011,251.0,2.0,,,,,,,,
Boundary_Fields_Addition_2010-12 — Kfar_blum_b_2011,252.0,2.0,,,,,,,,
Boundary_Fields_Addition_2010-12 — Kfar_blum_b_2011,253.0,2.0,,,,,,,,
Boundary_Fields_Addition_2010-12 — Kfar_blum_b_2011,254.0,2.0,,,,,,,,
Boundary_Fields_Addition_2010-12 — Kfar_blum_b_2011,255.0,2.0,,,,,,,,
Boundary_Fields_Addition_2010-12 — Kfar_blum_b_2011,256.0,2.0,,,,,,,,
Boundary_Fields_Addition_2010-12 — Kfar_blum_b_2011,257.0,2.0,,,,,,,,
Boundary_Fields_Addition_2010-12 — Kfar_blum_b_2011,258.0,2.0,,,,,,,,
Boundary_Fields_Addition_2010-12 — Kfar_blum_b_2011,259.0,2.0,,,,,,,,
Boundary_Fields_Addition_2010-12 — Kfar_blum_b_2011,260.0,2.0,,,,,,,,
Boundary_Fields_Addition_2010-12 — Kfar_blum_b_2011,261.0,2.0,,,,,,,,
Boundary_Fields_Addition_2010-12 — Kfar_blum_b_2011,262.0,1.0,,,,,,,,
Boundary_Fields_Addition_2010-12 — Kfar_blum_b_2011,263.0,1.0,,,,,,,,
Boundary_Fields_Addition_2010-12 — Kfar_blum_b_2011,264.0,1.0,,,,,,,,
Boundary_Fields_Addition_2010-12 — Kfar_blum_b_2011,265.0,1.0,,,,,,,,
Boundary_Fields_Addition_2010-12 — Kfar_blum_b_2011,266.0,1.0,,,,,,,,
Boundary_Fields_Addition_2010-12 — Kfar_blum_b_2011,267.0,1.0,,,,,,,,
Boundary_Fields_Addition_2010-12 — Kfar_blum_b_2011,268.0,1.0,,,,,,,,
Boundary_Fields_Addition_2010-12 — Kfar_blum_b_2011,269.0,0.0,,,,,,,,
Boundary_Fields_Addition_2010-12 — Kfar_blum_b_2011,270.0,0.0,,,,,,,,
Boundary_Fields_Addition_2010-12 — Kfar_blum_b_2011,271.0,0.0,,,,,,,,
Boundary_Fields_Addition_2010-12 — Kfar_blum_b_2011,272.0,1.0,,,,,,,,
Boundary_Fields_Addition_2010-12 — Kfar_blum_b_2011,273.0,0.0,,,,,,,,
Boundary_Fields_Addition_2010-12 — Kfar_blum_b_2011,274.0,1.0,,,,,,,,
Boundary_Fields_Addition_2010-12 — Kfar_blum_b_2011,275.0,1.0,,,,,,,,
Boundary_Fields_Addition_2010-12 — Kfar_blum_b_2011,276.0,1.0,,,,,,,,
Boundary_Fields_Addition_2010-12 — Kfar_blum_b_2011,277.0,1.0,,,,,,,,
Boundary_Fields_Addition_2010-12 — Kfar_blum_b_2011,278.0,1.0,,,,,,,,
Boundary_Fields_Addition_2010-12 — Kfar_blum_b_2011,279.0,1.0,,,,,,,,
Boundary_Fields_Addition_2010-12 — Kfar_blum_b_2011,280.0,1.0,,,,,,,,
Boundary_Fields_Addition_2010-12 — Kfar_blum_rekiak_E_2012,0.0,0.0,,,,,,,,
Boundary_Fields_Addition_2010-12 — Kfar_blum_rekiak_E_2012,1.0,0.0,,,,,,,,
Boundary_Fields_Addition_2010-12 — Kfar_blum_rekiak_E_2012,2.0,0.0,,,,,,,,
Boundary_Fields_Addition_2010-12 — Kfar_blum_rekiak_E_2012,3.0,0.0,,,,,,,,
Boundary_Fields_Addition_2010-12 — Kfar_blum_rekiak_E_2012,4.0,0.0,,,,,,,,
Boundary_Fields_Addition_2010-12 — Kfar_blum_rekiak_E_2012,5.0,1.0,,,,,,,,
Boundary_Fields_Addition_2010-12 — Kfar_blum_rekiak_E_2012,6.0,0.0,,,,,,,,
Boundary_Fields_Addition_2010-12 — Kfar_blum_rekiak_E_2012,7.0,0.0,,,,,,,,
Boundary_Fields_Addition_2010-12 — Kfar_blum_rekiak_E_2012,8.0,0.0,,,,,,,,
Boundary_Fields_Addition_2010-12 — Kfar_blum_rekiak_E_2012,9.0,1.0,,,,,,,,
Boundary_Fields_Addition_2010-12 — Kfar_blum_rekiak_E_2012,10.0,1.0,,,,,,,,
Boundary_Fields_Addition_2010-12 — Kfar_blum_rekiak_E_2012,11.0,1.0,,,,,,,,
Boundary_Fields_Addition_2010-12 — Kfar_blum_rekiak_E_2012,12.0,1.0,,,,,,,,
Boundary_Fields_Addition_2010-12 — Kfar_blum_rekiak_E_2012,13.0,1.0,,,,,,,,
Boundary_Fields_Addition_2010-12 — Kfar_blum_rekiak_E_2012,14.0,1.0,,,,,,,,
Boundary_Fields_Addition_2010-12 — Kfar_blum_rekiak_E_2012,15.0,1.0,,,,,,,,
Boundary_Fields_Addition_2010-12 — Kfar_blum_rekiak_E_2012,16.0,1.0,,,,,,,,
Boundary_Fields_Addition_2010-12 — Kfar_blum_rekiak_E_2012,17.0,1.0,,,,,,,,
Boundary_Fields_Addition_2010-12 — Kfar_blum_rekiak_E_2012,18.0,0.0,,,,,,,,
Boundary_Fields_Addition_2010-12 — Kfar_blum_rekiak_E_2012,19.0,1.0,,,,,,,,
Boundary_Fields_Addition_2010-12 — Kfar_blum_rekiak_E_2012,20.0,1.0,,,,,,,,
Boundary_Fields_Addition_2010-12 — Kfar_blum_rekiak_E_2012,21.0,1.0,,,,,,,,
Boundary_Fields_Addition_2010-12 — Kfar_blum_rekiak_E_2012,22.0,1.0,,,,,,,,
Boundary_Fields_Addition_2010-12 — Kfar_blum_rekiak_E_2012,23.0,1.0,,,,,,,,
Boundary_Fields_Addition_2010-12 — Kfar_blum_rekiak_E_2012,25.0,1.0,,,,,,,,
Boundary_Fields_Addition_2010-12 — Kfar_blum_rekiak_E_2012,26.0,0.0,,,,,,,,
Boundary_Fields_Addition_2010-12 — Kfar_blum_rekiak_E_2012,27.0,1.0,,,,,,,,
Boundary_Fields_Addition_2010-12 — Kfar_blum_rekiak_E_2012,28.0,1.0,,,,,,,,
Boundary_Fields_Addition_2010-12 — Kfar_blum_rekiak_E_2012,29.0,1.0,,,,,,,,
Boundary_Fields_Addition_2010-12 — Kfar_blum_rekiak_E_2012,30.0,0.0,,,,,,,,
Boundary_Fields_Addition_2010-12 — Kfar_blum_rekiak_E_2012,31.0,0.0,,,,,,,,
Boundary_Fields_Addition_2010-12 — Kfar_blum_rekiak_E_2012,32.0,3.0,,,,,,,,
Boundary_Fields_Addition_2010-12 — Kfar_blum_rekiak_E_2012,33.0,3.0,,,,,,,,
Boundary_Fields_Addition_2010-12 — Kfar_blum_rekiak_E_2012,34.0,2.0,,,,,,,,
Boundary_Fields_Addition_2010-12 — Kfar_blum_rekiak_E_2012,35.0,2.0,,,,,,,,
Boundary_Fields_Addition_2010-12 — Kfar_blum_rekiak_E_2012,36.0,1.0,,,,,,,,
Boundary_Fields_Addition_2010-12 — Kfar_blum_rekiak_E_2012,37.0,1.0,,,,,,,,
Boundary_Fields_Addition_2010-12 — Kfar_blum_rekiak_E_2012,38.0,1.0,,,,,,,,
Boundary_Fields_Addition_2010-12 — Kfar_blum_rekiak_E_2012,39.0,1.0,,,,,,,,
Boundary_Fields_Addition_2010-12 — Kfar_blum_rekiak_E_2012,40.0,1.0,,,,,,,,
Boundary_Fields_Addition_2010-12 — Kfar_blum_rekiak_E_2012,41.0,1.0,,,,,,,,
Boundary_Fields_Addition_2010-12 — Kfar_blum_rekiak_E_2012,42.0,1.0,,,,,,,,
Boundary_Fields_Addition_2010-12 — Kfar_blum_rekiak_E_2012,43.0,1.0,,,,,,,,
Boundary_Fields_Addition_2010-12 — Kfar_blum_rekiak_E_2012,44.0,1.0,,,,,,,,
Boundary_Fields_Addition_2010-12 — Kfar_blum_rekiak_E_2012,45.0,0.0,,,,,,,,
Boundary_Fields_Addition_2010-12 — Kfar_blum_rekiak_E_2012,46.0,1.0,,,,,,,,
Boundary_Fields_Addition_2010-12 — Kfar_blum_rekiak_E_2012,47.0,0.0,,,,,,,,
Boundary_Fields_Addition_2010-12 — Kfar_blum_rekiak_E_2012,48.0,1.0,,,,,,,,
Boundary_Fields_Addition_2010-12 — Kfar_blum_rekiak_E_2012,49.0,1.0,,,,,,,,
Boundary_Fields_Addition_2010-12 — Kfar_blum_rekiak_E_2012,50.0,1.0,,,,,,,,
Boundary_Fields_Addition_2010-12 — Kfar_blum_rekiak_E_2012,51.0,1.0,,,,,,,,
Boundary_Fields_Addition_2010-12 — Kfar_blum_rekiak_E_2012,52.0,1.0,,,,,,,,
Boundary_Fields_Addition_2010-12 — Kfar_blum_rekiak_E_2012,53.0,0.0,,,,,,,,
Boundary_Fields_Addition_2010-12 — Kfar_blum_rekiak_E_2012,54.0,1.0,,,,,,,,
Boundary_Fields_Addition_2010-12 — Kfar_blum_rekiak_E_2012,55.0,1.0,,,,,,,,
Boundary_Fields_Addition_2010-12 — Kfar_blum_rekiak_E_2012,56.0,1.0,,,,,,,,
Boundary_Fields_Addition_2010-12 — Kfar_blum_rekiak_E_2012,57.0,1.0,,,,,,,,
Boundary_Fields_Addition_2010-12 — Kfar_blum_rekiak_E_2012,58.0,1.0,,,,,,,,
Boundary_Fields_Addition_2010-12 — Kfar_blum_rekiak_E_2012,59.0,2.0,,,,,,,,
Boundary_Fields_Addition_2010-12 — Kfar_blum_rekiak_E_2012,60.0,2.0,,,,,,,,
Boundary_Fields_Addition_2010-12 — Kfar_blum_rekiak_E_2012,61.0,3.0,,,,,,,,
Boundary_Fields_Addition_2010-12 — Kfar_blum_rekiak_E_2012,62.0,3.0,,,,,,,,
Boundary_Fields_Addition_2010-12 — Kfar_blum_rekiak_E_2012,63.0,3.0,,,,,,,,
Boundary_Fields_Addition_2010-12 — Kfar_blum_rekiak_E_2012,64.0,3.0,,,,,,,,
Boundary_Fields_Addition_2010-12 — Kfar_blum_rekiak_E_2012,65.0,2.0,,,,,,,,
Boundary_Fields_Addition_2010-12 — Kfar_blum_rekiak_E_2012,66.0,2.0,,,,,,,,
Boundary_Fields_Addition_2010-12 — Kfar_blum_rekiak_E_2012,67.0,1.0,,,,,,,,
Boundary_Fields_Addition_2010-12 — Kfar_blum_rekiak_E_2012,68.0,0.0,,,,,,,,
Boundary_Fields_Addition_2010-12 — Kfar_blum_rekiak_E_2012,69.0,0.0,,,,,,,,
Boundary_Fields_Addition_2010-12 — Kfar_blum_rekiak_E_2012,70.0,0.0,,,,,,,,
Boundary_Fields_Addition_2010-12 — Kfar_blum_rekiak_E_2012,71.0,1.0,,,,,,,,
Boundary_Fields_Addition_2010-12 — Kfar_blum_rekiak_E_2012,72.0,1.0,,,,,,,,
Boundary_Fields_Addition_2010-12 — Kfar_blum_rekiak_E_2012,73.0,1.0,,,,,,,,
Boundary_Fields_Addition_2010-12 — Kfar_blum_rekiak_E_2012,74.0,1.0,,,,,,,,
Boundary_Fields_Addition_2010-12 — Kfar_blum_rekiak_E_2012,75.0,1.0,,,,,,,,
Boundary_Fields_Addition_2010-12 — Kfar_blum_rekiak_E_2012,76.0,1.0,,,,,,,,
Boundary_Fields_Addition_2010-12 — Kfar_blum_rekiak_E_2012,77.0,1.0,,,,,,,,
Boundary_Fields_Addition_2010-12 — Kfar_blum_rekiak_E_2012,78.0,1.0,,,,,,,,
Boundary_Fields_Addition_2010-12 — Kfar_blum_rekiak_E_2012,79.0,1.0,,,,,,,,
Boundary_Fields_Addition_2010-12 — Kfar_blum_rekiak_E_2012,80.0,2.0,,,,,,,,
Boundary_Fields_Addition_2010-12 — Kfar_blum_rekiak_E_2012,81.0,1.0,,,,,,,,
Boundary_Fields_Addition_2010-12 — Kfar_blum_rekiak_E_2012,82.0,1.0,,,,,,,,
Boundary_Fields_Addition_2010-12 — Kfar_blum_rekiak_E_2012,83.0,1.0,,,,,,,,
Boundary_Fields_Addition_2010-12 — Kfar_blum_rekiak_E_2012,84.0,1.0,,,,,,,,
Boundary_Fields_Addition_2010-12 — Kfar_blum_rekiak_E_2012,85.0,1.0,,,,,,,,
Boundary_Fields_Addition_2010-12 — Kfar_blum_rekiak_E_2012,86.0,1.0,,,,,,,,
Boundary_Fields_Addition_2010-12 — Kfar_blum_rekiak_E_2012,87.0,1.0,,,,,,,,
Boundary_Fields_Addition_2010-12 — Kfar_blum_rekiak_E_2012,88.0,1.0,,,,,,,,
Boundary_Fields_Addition_2010-12 — Kfar_blum_rekiak_E_2012,89.0,1.0,,,,,,,,
Boundary_Fields_Addition_2010-12 — Kfar_blum_rekiak_E_2012,90.0,1.0,,,,,,,,
Boundary_Fields_Addition_2010-12 — Kfar_blum_rekiak_E_2012,91.0,2.0,,,,,,,,
Boundary_Fields_Addition_2010-12 — Kfar_blum_rekiak_E_2012,92.0,2.0,,,,,,,,
Boundary_Fields_Addition_2010-12 — Kfar_blum_rekiak_E_2012,93.0,3.0,,,,,,,,
Boundary_Fields_Addition_2010-12 — Kfar_blum_rekiak_E_2012,94.0,3.0,,,,,,,,
Boundary_Fields_Addition_2010-12 — Kfar_blum_rekiak_E_2012,95.0,3.0,,,,,,,,
Boundary_Fields_Addition_2010-12 — Kfar_blum_rekiak_E_2012,96.0,3.0,,,,,,,,
Boundary_Fields_Addition_2010-12 — Kfar_blum_rekiak_E_2012,97.0,2.0,,,,,,,,
Boundary_Fields_Addition_2010-12 — Kfar_blum_rekiak_E_2012,98.0,2.0,,,,,,,,
Boundary_Fields_Addition_2010-12 — Kfar_blum_rekiak_E_2012,99.0,1.0,,,,,,,,
Boundary_Fields_Addition_2010-12 — Kfar_blum_rekiak_E_2012,100.0,1.0,,,,,,,,
Boundary_Fields_Addition_2010-12 — Kfar_blum_rekiak_E_2012,101.0,1.0,,,,,,,,
Boundary_Fields_Addition_2010-12 — Kfar_blum_rekiak_E_2012,102.0,1.0,,,,,,,,
Boundary_Fields_Addition_2010-12 — Kfar_blum_rekiak_E_2012,103.0,1.0,,,,,,,,
Boundary_Fields_Addition_2010-12 — Kfar_blum_rekiak_E_2012,104.0,1.0,,,,,,,,
Boundary_Fields_Addition_2010-12 — Kfar_blum_rekiak_E_2012,105.0,1.0,,,,,,,,
Boundary_Fields_Addition_2010-12 — Kfar_blum_rekiak_E_2012,106.0,1.0,,,,,,,,
Boundary_Fields_Addition_2010-12 — Kfar_blum_rekiak_E_2012,107.0,1.0,,,,,,,,
Boundary_Fields_Addition_2010-12 — Kfar_blum_rekiak_E_2012,108.0,1.0,,,,,,,,
Boundary_Fields_Addition_2010-12 — Kfar_blum_rekiak_E_2012,109.0,1.0,,,,,,,,
Boundary_Fields_Addition_2010-12 — Kfar_blum_rekiak_E_2012,110.0,1.0,,,,,,,,
Boundary_Fields_Addition_2010-12 — Kfar_blum_rekiak_E_2012,111.0,0.0,,,,,,,,
Boundary_Fields_Addition_2010-12 — Kfar_blum_rekiak_E_2012,112.0,1.0,,,,,,,,
Boundary_Fields_Addition_2010-12 — Kfar_blum_rekiak_E_2012,113.0,1.0,,,,,,,,
Boundary_Fields_Addition_2010-12 — Kfar_blum_rekiak_E_2012,114.0,1.0,,,,,,,,
Boundary_Fields_Addition_2010-12 — Kfar_blum_rekiak_E_2012,115.0,1.0,,,,,,,,
Boundary_Fields_Addition_2010-12 — Kfar_blum_rekiak_E_2012,116.0,1.0,,,,,,,,
Boundary_Fields_Addition_2010-12 — Kfar_blum_rekiak_E_2012,117.0,1.0,,,,,,,,
Boundary_Fields_Addition_2010-12 — Kfar_blum_rekiak_E_2012,118.0,1.0,,,,,,,,
Boundary_Fields_Addition_2010-12 — Kfar_blum_rekiak_E_2012,119.0,1.0,,,,,,,,
Boundary_Fields_Addition_2010-12 — Kfar_blum_rekiak_E_2012,120.0,1.0,,,,,,,,
Boundary_Fields_Addition_2010-12 — Kfar_blum_rekiak_E_2012,121.0,1.0,,,,,,,,
Boundary_Fields_Addition_2010-12 — Kfar_blum_rekiak_E_2012,122.0,2.0,,,,,,,,
Boundary_Fields_Addition_2010-12 — Kfar_blum_rekiak_E_2012,123.0,2.0,,,,,,,,
Boundary_Fields_Addition_2010-12 — Kfar_blum_rekiak_E_2012,124.0,3.0,,,,,,,,
Boundary_Fields_Addition_2010-12 — Kfar_blum_rekiak_E_2012,125.0,1.0,,,,,,,,
Boundary_Fields_Addition_2010-12 — Kfar_blum_rekiak_E_2012,126.0,3.0,,,,,,,,
Boundary_Fields_Addition_2010-12 — Kfar_blum_rekiak_E_2012,127.0,3.0,,,,,,,,
Boundary_Fields_Addition_2010-12 — Kfar_blum_rekiak_E_2012,128.0,2.0,,,,,,,,
Boundary_Fields_Addition_2010-12 — Kfar_blum_rekiak_E_2012,129.0,2.0,,,,,,,,
Boundary_Fields_Addition_2010-12 — Kfar_blum_rekiak_E_2012,130.0,1.0,,,,,,,,
Boundary_Fields_Addition_2010-12 — Kfar_blum_rekiak_E_2012,131.0,2.0,,,,,,,,
Boundary_Fields_Addition_2010-12 — Kfar_blum_rekiak_E_2012,132.0,2.0,,,,,,,,
Boundary_Fields_Addition_2010-12 — Kfar_blum_rekiak_E_2012,133.0,1.0,,,,,,,,
Boundary_Fields_Addition_2010-12 — Kfar_blum_rekiak_E_2012,134.0,1.0,,,,,,,,
Boundary_Fields_Addition_2010-12 — Kfar_blum_rekiak_E_2012,135.0,1.0,,,,,,,,
Boundary_Fields_Addition_2010-12 — Kfar_blum_rekiak_E_2012,136.0,1.0,,,,,,,,
Boundary_Fields_Addition_2010-12 — Kfar_blum_rekiak_E_2012,137.0,1.0,,,,,,,,
Boundary_Fields_Addition_2010-12 — Kfar_blum_rekiak_E_2012,138.0,1.0,,,,,,,,
Boundary_Fields_Addition_2010-12 — Kfar_blum_rekiak_E_2012,139.0,1.0,,,,,,,,
Boundary_Fields_Addition_2010-12 — Kfar_blum_rekiak_E_2012,140.0,1.0,,,,,,,,
Boundary_Fields_Addition_2010-12 — Kfar_blum_rekiak_E_2012,141.0,1.0,,,,,,,,
Boundary_Fields_Addition_2010-12 — Kfar_blum_rekiak_E_2012,142.0,1.0,,,,,,,,
Boundary_Fields_Addition_2010-12 — Kfar_blum_rekiak_E_2012,143.0,1.0,,,,,,,,
Boundary_Fields_Addition_2010-12 — Kfar_blum_rekiak_E_2012,144.0,1.0,,,,,,,,
Boundary_Fields_Addition_2010-12 — Kfar_blum_rekiak_E_2012,145.0,1.0,,,,,,,,
Boundary_Fields_Addition_2010-12 — Kfar_blum_rekiak_E_2012,146.0,1.0,,,,,,,,
Boundary_Fields_Addition_2010-12 — Kfar_blum_rekiak_E_2012,147.0,1.0,,,,,,,,
Boundary_Fields_Addition_2010-12 — Kfar_blum_rekiak_E_2012,148.0,1.0,,,,,,,,
Boundary_Fields_Addition_2010-12 — Kfar_blum_rekiak_E_2012,150.0,1.0,,,,,,,,
Boundary_Fields_Addition_2010-12 — Kfar_blum_rekiak_E_2012,151.0,1.0,,,,,,,,
Boundary_Fields_Addition_2010-12 — Kfar_blum_rekiak_E_2012,152.0,1.0,,,,,,,,
Boundary_Fields_Addition_2010-12 — Kfar_blum_rekiak_E_2012,153.0,1.0,,,,,,,,
Boundary_Fields_Addition_2010-12 — Kfar_blum_rekiak_E_2012,154.0,2.0,,,,,,,,
Boundary_Fields_Addition_2010-12 — Kfar_blum_rekiak_E_2012,155.0,3.0,,,,,,,,
Boundary_Fields_Addition_2010-12 — Kfar_blum_rekiak_E_2012,156.0,3.0,,,,,,,,
Boundary_Fields_Addition_2010-12 — Kfar_blum_rekiak_E_2012,157.0,3.0,,,,,,,,
Boundary_Fields_Addition_2010-12 — Kfar_blum_rekiak_E_2012,158.0,3.0,,,,,,,,
Boundary_Fields_Addition_2010-12 — Kfar_blum_rekiak_E_2012,159.0,2.0,,,,,,,,
Boundary_Fields_Addition_2010-12 — Kfar_blum_rekiak_E_2012,160.0,2.0,,,,,,,,
Boundary_Fields_Addition_2010-12 — Kfar_blum_rekiak_E_2012,161.0,1.0,,,,,,,,
Boundary_Fields_Addition_2010-12 — Kfar_blum_rekiak_E_2012,162.0,1.0,,,,,,,,
Boundary_Fields_Addition_2010-12 — Kfar_blum_rekiak_E_2012,163.0,1.0,,,,,,,,
Boundary_Fields_Addition_2010-12 — Kfar_blum_rekiak_E_2012,164.0,1.0,,,,,,,,
Boundary_Fields_Addition_2010-12 — Kfar_blum_rekiak_E_2012,165.0,1.0,,,,,,,,
Boundary_Fields_Addition_2010-12 — Kfar_blum_rekiak_E_2012,166.0,1.0,,,,,,,,
Boundary_Fields_Addition_2010-12 — Kfar_blum_rekiak_E_2012,167.0,1.0,,,,,,,,
Boundary_Fields_Addition_2010-12 — Kfar_blum_rekiak_E_2012,168.0,0.0,,,,,,,,
Boundary_Fields_Addition_2010-12 — Kfar_blum_rekiak_E_2012,169.0,1.0,,,,,,,,
Boundary_Fields_Addition_2010-12 — Kfar_blum_rekiak_E_2012,170.0,1.0,,,,,,,,
Boundary_Fields_Addition_2010-12 — Kfar_blum_rekiak_E_2012,171.0,1.0,,,,,,,,
Boundary_Fields_Addition_2010-12 — Kfar_blum_rekiak_E_2012,172.0,1.0,,,,,,,,
Boundary_Fields_Addition_2010-12 — Kfar_blum_rekiak_E_2012,173.0,1.0,,,,,,,,
Boundary_Fields_Addition_2010-12 — Kfar_blum_rekiak_E_2012,174.0,1.0,,,,,,,,
Boundary_Fields_Addition_2010-12 — Kfar_blum_rekiak_E_2012,175.0,0.0,,,,,,,,
Boundary_Fields_Addition_2010-12 — Kfar_blum_rekiak_E_2012,176.0,1.0,,,,,,,,
Boundary_Fields_Addition_2010-12 — Kfar_blum_rekiak_E_2012,177.0,1.0,,,,,,,,
Boundary_Fields_Addition_2010-12 — Kfar_blum_rekiak_E_2012,178.0,1.0,,,,,,,,
Boundary_Fields_Addition_2010-12 — Kfar_blum_rekiak_E_2012,179.0,2.0,,,,,,,,
Boundary_Fields_Addition_2010-12 — Kfar_blum_rekiak_E_2012,180.0,2.0,,,,,,,,
Boundary_Fields_Addition_2010-12 — Kfar_blum_rekiak_E_2012,181.0,2.0,,,,,,,,
Boundary_Fields_Addition_2010-12 — Kfar_blum_rekiak_E_2012,183.0,2.0,,,,,,,,
Boundary_Fields_Addition_2010-12 — Kfar_blum_rekiak_E_2012,184.0,2.0,,,,,,,,
Boundary_Fields_Addition_2010-12 — Kfar_blum_rekiak_E_2012,185.0,3.0,,,,,,,,
Boundary_Fields_Addition_2010-12 — Kfar_blum_rekiak_E_2012,186.0,3.0,,,,,,,,
Boundary_Fields_Addition_2010-12 — Kfar_blum_rekiak_E_2012,187.0,3.0,,,,,,,,
Boundary_Fields_Addition_2010-12 — Kfar_blum_rekiak_E_2012,188.0,3.0,,,,,,,,
Boundary_Fields_Addition_2010-12 — Kfar_horash_2011,1.0,3.0,,,,,,,,
Boundary_Fields_Addition_2010-12 — Kfar_horash_2011,2.0,3.0,,,,,,,,
Boundary_Fields_Addition_2010-12 — Kfar_horash_2011,3.0,3.0,,,,,,,,
Boundary_Fields_Addition_2010-12 — Kfar_horash_2011,4.0,3.0,,,,,,,,
Boundary_Fields_Addition_2010-12 — Kfar_horash_2011,5.0,3.0,,,,,,,,
Boundary_Fields_Addition_2010-12 — Kfar_horash_2011,6.0,3.0,,,,,,,,
Boundary_Fields_Addition_2010-12 — Kfar_horash_2011,7.0,3.0,,,,,,,,
Boundary_Fields_Addition_2010-12 — Kfar_horash_2011,8.0,3.0,,,,,,,,
Boundary_Fields_Addition_2010-12 — Kfar_horash_2011,9.0,3.0,,,,,,,,
Boundary_Fields_Addition_2010-12 — Kfar_horash_2011,10.0,3.0,,,,,,,,
Boundary_Fields_Addition_2010-12 — Kfar_horash_2011,11.0,3.0,,,,,,,,
Boundary_Fields_Addition_2010-12 — Kfar_horash_2011,12.0,3.0,,,,,,,,
Boundary_Fields_Addition_2010-12 — Kfar_horash_2011,13.0,3.0,,,,,,,,
Boundary_Fields_Addition_2010-12 — Kfar_horash_2011,14.0,3.0,,,,,,,,
Boundary_Fields_Addition_2010-12 — Kfar_horash_2011,15.0,3.0,,,,,,,,
Boundary_Fields_Addition_2010-12 — Kfar_horash_2011,16.0,3.0,,,,,,,,
Boundary_Fields_Addition_2010-12 — Kfar_horash_2011,17.0,3.0,,,,,,,,
Boundary_Fields_Addition_2010-12 — Kfar_horash_2011,18.0,3.0,,,,,,,,
Boundary_Fields_Addition_2010-12 — Kfar_horash_2011,19.0,3.0,,,,,,,,
Boundary_Fields_Addition_2010-12 — Kfar_horash_2011,20.0,3.0,,,,,,,,
Boundary_Fields_Addition_2010-12 — Kfar_horash_2011,21.0,3.0,,,,,,,,
Boundary_Fields_Addition_2010-12 — Kfar_horash_2011,22.0,3.0,,,,,,,,
Boundary_Fields_Addition_2010-12 — Kfar_horash_2011,23.0,3.0,,,,,,,,
Boundary_Fields_Addition_2010-12 — Kfar_horash_2011,24.0,3.0,,,,,,,,
Boundary_Fields_Addition_2010-12 — Kfar_horash_2011,25.0,3.0,,,,,,,,
Boundary_Fields_Addition_2010-12 — Kfar_horash_2011,26.0,3.0,,,,,,,,
Boundary_Fields_Addition_2010-12 — Kfar_horash_2011,27.0,3.0,,,,,,,,
Boundary_Fields_Addition_2010-12 — Kfar_horash_2011,28.0,3.0,,,,,,,,
Boundary_Fields_Addition_2010-12 — Kfar_horash_2011,29.0,3.0,,,,,,,,
Boundary_Fields_Addition_2010-12 — Kfar_horash_2011,30.0,3.0,,,,,,,,
Boundary_Fields_Addition_2010-12 — Kfar_horash_2011,31.0,3.0,,,,,,,,
Boundary_Fields_Addition_2010-12 — Kfar_horash_2011,32.0,3.0,,,,,,,,
Boundary_Fields_Addition_2010-12 — Kfar_horash_2011,33.0,3.0,,,,,,,,
Boundary_Fields_Addition_2010-12 — Kfar_horash_2011,34.0,3.0,,,,,,,,
Boundary_Fields_Addition_2010-12 — Kfar_horash_2011,35.0,3.0,,,,,,,,
Boundary_Fields_Addition_2010-12 — Kfar_horash_2011,36.0,3.0,,,,,,,,
Boundary_Fields_Addition_2010-12 — Kfar_horash_2011,37.0,3.0,,,,,,,,
Boundary_Fields_Addition_2010-12 — Kfar_horash_2011,38.0,3.0,,,,,,,,
Boundary_Fields_Addition_2010-12 — Kfar_horash_2011,39.0,3.0,,,,,,,,
Boundary_Fields_Addition_2010-12 — Kfar_horash_2011,40.0,3.0,,,,,,,,
Boundary_Fields_Addition_2010-12 — Kfar_horash_2011,41.0,3.0,,,,,,,,
Boundary_Fields_Addition_2010-12 — Kfar_horash_2011,42.0,3.0,,,,,,,,
Boundary_Fields_Addition_2010-12 — Kfar_horash_2011,43.0,3.0,,,,,,,,
Boundary_Fields_Addition_2010-12 — Kfar_horash_2011,44.0,3.0,,,,,,,,
Boundary_Fields_Addition_2010-12 — Kfar_horash_2011,45.0,3.0,,,,,,,,
Boundary_Fields_Addition_2010-12 — Kfar_horash_2011,46.0,3.0,,,,,,,,
Boundary_Fields_Addition_2010-12 — Kfar_horash_2011,47.0,3.0,,,,,,,,
Boundary_Fields_Addition_2010-12 — Kfar_horash_2011,48.0,3.0,,,,,,,,
Boundary_Fields_Addition_2010-12 — Kfar_horash_2011,49.0,3.0,,,,,,,,
Boundary_Fields_Addition_2010-12 — Kfar_horash_2011,50.0,3.0,,,,,,,,
Boundary_Fields_Addition_2010-12 — Kfar_horash_2011,51.0,3.0,,,,,,,,
Boundary_Fields_Addition_2010-12 — Kfar_horash_2011,52.0,3.0,,,,,,,,
Boundary_Fields_Addition_2010-12 — Kfar_horash_2011,53.0,3.0,,,,,,,,
Boundary_Fields_Addition_2010-12 — Kfar_horash_2011,54.0,3.0,,,,,,,,
Boundary_Fields_Addition_2010-12 — Kfar_horash_2011,55.0,3.0,,,,,,,,
Boundary_Fields_Addition_2010-12 — Kfar_horash_2011,56.0,3.0,,,,,,,,
Boundary_Fields_Addition_2010-12 — Kfar_horash_2011,57.0,3.0,,,,,,,,
Boundary_Fields_Addition_2010-12 — Kfar_horash_2011,58.0,3.0,,,,,,,,
Boundary_Fields_Addition_2010-12 — Kfar_horash_2011,59.0,3.0,,,,,,,,
Boundary_Fields_Addition_2010-12 — Kfar_horash_2011,60.0,3.0,,,,,,,,
Boundary_Fields_Addition_2010-12 — Kfar_horash_2011,61.0,3.0,,,,,,,,
Boundary_Fields_Addition_2010-12 — Kfar_horash_2011,62.0,3.0,,,,,,,,
Boundary_Fields_Addition_2010-12 — Kfar_horash_2011,63.0,3.0,,,,,,,,
Boundary_Fields_Addition_2010-12 — Kfar_horash_2011,64.0,3.0,,,,,,,,
Boundary_Fields_Addition_2010-12 — Kfar_horash_2011,65.0,3.0,,,,,,,,
Boundary_Fields_Addition_2010-12 — Kfar_horash_2011,66.0,3.0,,,,,,,,
Boundary_Fields_Addition_2010-12 — Kfar_horash_2011,67.0,3.0,,,,,,,,
Boundary_Fields_Addition_2010-12 — Kfar_horash_2011,68.0,3.0,,,,,,,,
Boundary_Fields_Addition_2010-12 — Kfar_horash_2011,69.0,3.0,,,,,,,,
Boundary_Fields_Addition_2010-12 — Kfar_horash_2011,70.0,3.0,,,,,,,,
Boundary_Fields_Addition_2010-12 — Kfar_horash_2011,71.0,3.0,,,,,,,,
Boundary_Fields_Addition_2010-12 — Kfar_horash_2011,72.0,3.0,,,,,,,,
Boundary_Fields_Addition_2010-12 — Kfar_horash_2011,73.0,3.0,,,,,,,,
Boundary_Fields_Addition_2010-12 — Kfar_horash_2011,74.0,3.0,,,,,,,,
Boundary_Fields_Addition_2010-12 — Kfar_horash_2011,75.0,3.0,,,,,,,,
Boundary_Fields_Addition_2010-12 — Kfar_horash_2011,76.0,3.0,,,,,,,,
Boundary_Fields_Addition_2010-12 — Kfar_horash_2011,77.0,3.0,,,,,,,,
Boundary_Fields_Addition_2010-12 — Kfar_horash_2011,78.0,3.0,,,,,,,,
Boundary_Fields_Addition_2010-12 — Kfar_horash_2011,79.0,3.0,,,,,,,,
Boundary_Fields_Addition_2010-12 — Kfar_horash_2011,80.0,3.0,,,,,,,,
Boundary_Fields_Addition_2010-12 — Kfar_horash_2011,81.0,3.0,,,,,,,,
Boundary_Fields_Addition_2010-12 — Kfar_horash_2011,82.0,3.0,,,,,,,,
Boundary_Fields_Addition_2010-12 — Kfar_horash_2011,83.0,3.0,,,,,,,,
Boundary_Fields_Addition_2010-12 — Kfar_horash_2011,84.0,3.0,,,,,,,,
Boundary_Fields_Addition_2010-12 — Kfar_horash_2011,85.0,3.0,,,,,,,,
Boundary_Fields_Addition_2010-12 — Kfar_horash_2011,86.0,3.0,,,,,,,,
Boundary_Fields_Addition_2010-12 — Kfar_horash_2011,87.0,3.0,,,,,,,,
Boundary_Fields_Addition_2010-12 — Kfar_horash_2011,88.0,3.0,,,,,,,,
Boundary_Fields_Addition_2010-12 — Kfar_horash_2011,89.0,3.0,,,,,,,,
Boundary_Fields_Addition_2010-12 — Kfar_horash_2011,90.0,3.0,,,,,,,,
Boundary_Fields_Addition_2010-12 — Kfar_horash_2011,91.0,3.0,,,,,,,,
Boundary_Fields_Addition_2010-12 — Kfar_horash_2011,92.0,3.0,,,,,,,,
Boundary_Fields_Addition_2010-12 — Kfar_horash_2011,93.0,3.0,,,,,,,,
Boundary_Fields_Addition_2010-12 — Kfar_horash_2011,94.0,3.0,,,,,,,,
Boundary_Fields_Addition_2010-12 — Kfar_horash_2011,95.0,3.0,,,,,,,,
Boundary_Fields_Addition_2010-12 — Kfar_horash_2011,96.0,3.0,,,,,,,,
Boundary_Fields_Addition_2010-12 — Kfar_horash_2011,97.0,3.0,,,,,,,,
Boundary_Fields_Addition_2010-12 — Kfar_horash_2011,98.0,3.0,,,,,,,,
Boundary_Fields_Addition_2010-12 — Kfar_horash_2011,99.0,3.0,,,,,,,,
Boundary_Fields_Addition_2010-12 — Kfar_horash_2011,100.0,3.0,,,,,,,,
Boundary_Fields_Addition_2010-12 — Kfar_horash_2011,101.0,3.0,,,,,,,,
Boundary_Fields_Addition_2010-12 — Kfar_horash_2011,102.0,3.0,,,,,,,,
Boundary_Fields_Addition_2010-12 — Kfar_horash_2011,103.0,3.0,,,,,,,,
Boundary_Fields_Addition_2010-12 — Kfar_horash_2011,104.0,3.0,,,,,,,,
Boundary_Fields_Addition_2010-12 — Kfar_horash_2011,105.0,3.0,,,,,,,,
Boundary_Fields_Addition_2010-12 — Kfar_horash_2011,106.0,3.0,,,,,,,,
Boundary_Fields_Addition_2010-12 — Kfar_horash_2011,107.0,3.0,,,,,,,,
Boundary_Fields_Addition_2010-12 — Kfar_horash_2011,108.0,3.0,,,,,,,,
Boundary_Fields_Addition_2010-12 — Kfar_horash_2011,109.0,2.0,,,,,,,,
Boundary_Fields_Addition_2010-12 — Kfar_horash_2011,110.0,3.0,,,,,,,,
Boundary_Fields_Addition_2010-12 — Kfar_horash_2011,111.0,3.0,,,,,,,,
Boundary_Fields_Addition_2010-12 — Kfar_horash_2011,112.0,3.0,,,,,,,,
Boundary_Fields_Addition_2010-12 — Kfar_horash_2011,113.0,3.0,,,,,,,,
Boundary_Fields_Addition_2010-12 — Kfar_horash_2011,114.0,2.0,,,,,,,,
Boundary_Fields_Addition_2010-12 — Kfar_horash_2011,115.0,3.0,,,,,,,,
Boundary_Fields_Addition_2010-12 — Kfar_horash_2011,116.0,3.0,,,,,,,,
Boundary_Fields_Addition_2010-12 — Kfar_horash_2011,117.0,3.0,,,,,,,,
Boundary_Fields_Addition_2010-12 — Kfar_horash_2011,118.0,3.0,,,,,,,,
Boundary_Fields_Addition_2010-12 — Kfar_horash_2011,119.0,3.0,,,,,,,,
Boundary_Fields_Addition_2010-12 — Kfar_horash_2011,120.0,3.0,,,,,,,,
Boundary_Fields_Addition_2010-12 — Kfar_horash_2011,121.0,3.0,,,,,,,,
Boundary_Fields_Addition_2010-12 — Kfar_horash_2011,122.0,3.0,,,,,,,,
Boundary_Fields_Addition_2010-12 — Kfar_horash_2011,123.0,3.0,,,,,,,,
Boundary_Fields_Addition_2010-12 — Kfar_horash_2011,124.0,3.0,,,,,,,,
Boundary_Fields_Addition_2010-12 — Kfar_horash_2011,125.0,3.0,,,,,,,,
Boundary_Fields_Addition_2010-12 — Kfar_horash_2011,126.0,3.0,,,,,,,,
Boundary_Fields_Addition_2010-12 — Kfar_horash_2011,127.0,3.0,,,,,,,,
Boundary_Fields_Addition_2010-12 — Kfar_horash_2011,128.0,3.0,,,,,,,,
Boundary_Fields_Addition_2010-12 — Kfar_horash_2011,129.0,2.0,,,,,,,,
Boundary_Fields_Addition_2010-12 — Kfar_horash_2011,130.0,3.0,,,,,,,,
Boundary_Fields_Addition_2010-12 — Kfar_horash_2011,131.0,3.0,,,,,,,,
Boundary_Fields_Addition_2010-12 — Kfar_horash_2011,132.0,2.0,,,,,,,,
Boundary_Fields_Addition_2010-12 — Kfar_horash_2011,133.0,3.0,,,,,,,,
Boundary_Fields_Addition_2010-12 — Kfar_horash_2011,134.0,3.0,,,,,,,,
Boundary_Fields_Addition_2010-12 — Kfar_horash_2011,135.0,2.0,,,,,,,,
Boundary_Fields_Addition_2010-12 — Kfar_horash_2011,136.0,3.0,,,,,,,,
Boundary_Fields_Addition_2010-12 — Kfar_horash_2011,137.0,2.0,,,,,,,,
Boundary_Fields_Addition_2010-12 — Kfar_horash_2011,138.0,3.0,,,,,,,,
Boundary_Fields_Addition_2010-12 — Kfar_horash_2011,139.0,2.0,,,,,,,,
Boundary_Fields_Addition_2010-12 — Kfar_horash_2011,140.0,2.0,,,,,,,,
Boundary_Fields_Addition_2010-12 — Kfar_horash_2011,141.0,2.0,,,,,,,,
Boundary_Fields_Addition_2010-12 — Kfar_horash_2011,142.0,3.0,,,,,,,,
Boundary_Fields_Addition_2010-12 — Kfar_horash_2011,143.0,2.0,,,,,,,,
Boundary_Fields_Addition_2010-12 — Kfar_horash_2011,144.0,2.0,,,,,,,,
Boundary_Fields_Addition_2010-12 — Kfar_horash_2011,145.0,2.0,,,,,,,,
Boundary_Fields_Addition_2010-12 — Kfar_horash_2011,146.0,3.0,,,,,,,,
Boundary_Fields_Addition_2010-12 — Kfar_horash_2011,147.0,2.0,,,,,,,,
Boundary_Fields_Addition_2010-12 — Kfar_horash_2011,148.0,2.0,,,,,,,,
Boundary_Fields_Addition_2010-12 — Kfar_horash_2011,149.0,2.0,,,,,,,,
Boundary_Fields_Addition_2010-12 — Kfar_horash_2011,150.0,2.0,,,,,,,,
Boundary_Fields_Addition_2010-12 — Kfar_horash_2011,151.0,2.0,,,,,,,,
Boundary_Fields_Addition_2010-12 — Kfar_horash_2011,152.0,2.0,,,,,,,,
Boundary_Fields_Addition_2010-12 — Kfar_horash_2011,153.0,3.0,,,,,,,,
Boundary_Fields_Addition_2010-12 — Kfar_horash_2011,154.0,3.0,,,,,,,,
Boundary_Fields_Addition_2010-12 — Kfar_horash_2011,155.0,2.0,,,,,,,,
Boundary_Fields_Addition_2010-12 — Kfar_horash_2011,156.0,2.0,,,,,,,,
Boundary_Fields_Addition_2010-12 — Kfar_horash_2011,157.0,2.0,,,,,,,,
Boundary_Fields_Addition_2010-12 — Kfar_horash_2011,158.0,2.0,,,,,,,,
Boundary_Fields_Addition_2010-12 — Kfar_horash_2011,159.0,2.0,,,,,,,,
Boundary_Fields_Addition_2010-12 — Kfar_horash_2011,160.0,1.0,,,,,,,,
Boundary_Fields_Addition_2010-12 — Kfar_horash_2011,161.0,2.0,,,,,,,,
Boundary_Fields_Addition_2010-12 — Kfar_horash_2011,162.0,2.0,,,,,,,,
Boundary_Fields_Addition_2010-12 — Kfar_horash_2011,163.0,2.0,,,,,,,,
Boundary_Fields_Addition_2010-12 — Kfar_horash_2011,164.0,2.0,,,,,,,,
Boundary_Fields_Addition_2010-12 — Kfar_horash_2011,165.0,2.0,,,,,,,,
Boundary_Fields_Addition_2010-12 — Kfar_horash_2011,166.0,2.0,,,,,,,,
Boundary_Fields_Addition_2010-12 — Kfar_horash_2011,167.0,2.0,,,,,,,,
Boundary_Fields_Addition_2010-12 — Kfar_horash_2011,168.0,2.0,,,,,,,,
Boundary_Fields_Addition_2010-12 — Kfar_horash_2011,169.0,2.0,,,,,,,,
Boundary_Fields_Addition_2010-12 — Kfar_horash_2011,170.0,2.0,,,,,,,,
Boundary_Fields_Addition_2010-12 — Kfar_horash_2011,171.0,2.0,,,,,,,,
Boundary_Fields_Addition_2010-12 — Kfar_horash_2011,172.0,2.0,,,,,,,,
Boundary_Fields_Addition_2010-12 — Kfar_horash_2011,173.0,2.0,,,,,,,,
Boundary_Fields_Addition_2010-12 — Kfar_horash_2011,174.0,2.0,,,,,,,,
Boundary_Fields_Addition_2010-12 — Kfar_horash_2011,175.0,1.0,,,,,,,,
Boundary_Fields_Addition_2010-12 — Kfar_horash_2011,176.0,1.0,,,,,,,,
Boundary_Fields_Addition_2010-12 — Kfar_horash_2011,177.0,2.0,,,,,,,,
Boundary_Fields_Addition_2010-12 — Kfar_horash_2011,178.0,2.0,,,,,,,,
Boundary_Fields_Addition_2010-12 — Kfar_horash_2011,179.0,1.0,,,,,,,,
Boundary_Fields_Addition_2010-12 — Kfar_horash_2011,180.0,2.0,,,,,,,,
Boundary_Fields_Addition_2010-12 — Kfar_horash_2011,181.0,2.0,,,,,,,,
Boundary_Fields_Addition_2010-12 — Kfar_horash_2011,182.0,2.0,,,,,,,,
Boundary_Fields_Addition_2010-12 — Kfar_horash_2011,183.0,2.0,,,,,,,,
Boundary_Fields_Addition_2010-12 — Kfar_horash_2011,184.0,2.0,,,,,,,,
Boundary_Fields_Addition_2010-12 — Kfar_horash_2011,185.0,2.0,,,,,,,,
Boundary_Fields_Addition_2010-12 — Kfar_horash_2011,186.0,2.0,,,,,,,,
Boundary_Fields_Addition_2010-12 — Kfar_horash_2011,187.0,1.0,,,,,,,,
Boundary_Fields_Addition_2010-12 — Kfar_horash_2011,188.0,2.0,,,,,,,,
Boundary_Fields_Addition_2010-12 — Kfar_horash_2011,189.0,1.0,,,,,,,,
Boundary_Fields_Addition_2010-12 — Kfar_horash_2011,190.0,2.0,,,,,,,,
Boundary_Fields_Addition_2010-12 — Kfar_horash_2011,191.0,2.0,,,,,,,,
Boundary_Fields_Addition_2010-12 — Kfar_horash_2011,192.0,2.0,,,,,,,,
Boundary_Fields_Addition_2010-12 — Kfar_horash_2011,193.0,2.0,,,,,,,,
Boundary_Fields_Addition_2010-12 — Kfar_horash_2011,194.0,2.0,,,,,,,,
Boundary_Fields_Addition_2010-12 — Kfar_horash_2011,195.0,2.0,,,,,,,,
Boundary_Fields_Addition_2010-12 — Kfar_horash_2011,196.0,2.0,,,,,,,,
Boundary_Fields_Addition_2010-12 — Kfar_horash_2011,197.0,3.0,,,,,,,,
Boundary_Fields_Addition_2010-12 — Kfar_horash_2011,198.0,2.0,,,,,,,,
Boundary_Fields_Addition_2010-12 — Kfar_horash_2011,199.0,3.0,,,,,,,,
Boundary_Fields_Addition_2010-12 — Kfar_horash_2011,200.0,3.0,,,,,,,,
Boundary_Fields_Addition_2010-12 — Kfar_horash_2011,201.0,3.0,,,,,,,,
Boundary_Fields_Addition_2010-12 — Kfar_horash_2011,202.0,2.0,,,,,,,,
Boundary_Fields_Addition_2010-12 — Kfar_horash_2011,203.0,3.0,,,,,,,,
Boundary_Fields_Addition_2010-12 — Kfar_horash_2011,204.0,3.0,,,,,,,,
Boundary_Fields_Addition_2010-12 — Kfar_horash_2011,205.0,3.0,,,,,,,,
Boundary_Fields_Addition_2010-12 — Kfar_horash_2011,206.0,3.0,,,,,,,,
Boundary_Fields_Addition_2010-12 — Kfar_horash_2011,207.0,3.0,,,,,,,,
Boundary_Fields_Addition_2010-12 — Kfar_horash_2011,208.0,3.0,,,,,,,,
Boundary_Fields_Addition_2010-12 — Kfar_horash_2011,209.0,3.0,,,,,,,,
Boundary_Fields_Addition_2010-12 — Kfar_horash_2011,210.0,3.0,,,,,,,,
Boundary_Fields_Addition_2010-12 — Kfar_horash_2011,211.0,3.0,,,,,,,,
Boundary_Fields_Addition_2010-12 — Kfar_horash_2011,212.0,3.0,,,,,,,,
Boundary_Fields_Addition_2010-12 — Kfar_horash_2011,213.0,3.0,,,,,,,,
Boundary_Fields_Addition_2010-12 — Kfar_horash_2011,214.0,3.0,,,,,,,,
Boundary_Fields_Addition_2010-12 — Kfar_horash_2011,215.0,3.0,,,,,,,,
Boundary_Fields_Addition_2010-12 — Kfar_horash_2011,216.0,3.0,,,,,,,,
Boundary_Fields_Addition_2010-12 — Kfar_horash_2011,217.0,3.0,,,,,,,,
Boundary_Fields_Addition_2010-12 — Kfar_horash_2011,218.0,3.0,,,,,,,,
Boundary_Fields_Addition_2010-12 — Kfar_horash_2011,219.0,3.0,,,,,,,,
Boundary_Fields_Addition_2010-12 — Kfar_horash_2011,220.0,3.0,,,,,,,,
Boundary_Fields_Addition_2010-12 — Kfar_horash_2011,221.0,3.0,,,,,,,,
Boundary_Fields_Addition_2010-12 — Kfar_horash_2011,222.0,3.0,,,,,,,,
Boundary_Fields_Addition_2010-12 — Kfar_horash_2011,223.0,2.0,,,,,,,,
Boundary_Fields_Addition_2010-12 — Kfar_horash_2011,224.0,2.0,,,,,,,,
Boundary_Fields_Addition_2010-12 — Kfar_horash_2011,225.0,2.0,,,,,,,,
Boundary_Fields_Addition_2010-12 — Kfar_horash_2011,226.0,3.0,,,,,,,,
Boundary_Fields_Addition_2010-12 — Kfar_horash_2011,227.0,3.0,,,,,,,,
Boundary_Fields_Addition_2010-12 — Kfar_horash_2011,228.0,3.0,,,,,,,,
Boundary_Fields_Addition_2010-12 — Kfar_horash_2011,229.0,3.0,,,,,,,,
Boundary_Fields_Addition_2010-12 — Kfar_horash_2011,230.0,3.0,,,,,,,,
Boundary_Fields_Addition_2010-12 — Kfar_horash_2011,231.0,3.0,,,,,,,,
Boundary_Fields_Addition_2010-12 — Kfar_horash_2011,232.0,3.0,,,,,,,,
Boundary_Fields_Addition_2010-12 — Kfar_horash_2011,233.0,3.0,,,,,,,,
Boundary_Fields_Addition_2010-12 — Kfar_horash_2011,234.0,3.0,,,,,,,,
Boundary_Fields_Addition_2010-12 — Kfar_horash_2011,235.0,3.0,,,,,,,,
Boundary_Fields_Addition_2010-12 — Kfar_horash_2011,236.0,3.0,,,,,,,,
Boundary_Fields_Addition_2010-12 — Kfar_horash_2011,237.0,3.0,,,,,,,,
Boundary_Fields_Addition_2010-12 — Kfar_horash_2011,238.0,3.0,,,,,,,,
Boundary_Fields_Addition_2010-12 — Kfar_horash_2011,239.0,3.0,,,,,,,,
Boundary_Fields_Addition_2010-12 — Kfar_horash_2011,240.0,3.0,,,,,,,,
Boundary_Fields_Addition_2010-12 — Kfar_horash_2011,241.0,3.0,,,,,,,,
Boundary_Fields_Addition_2010-12 — Kfar_horash_2011,242.0,3.0,,,,,,,,
Boundary_Fields_Addition_2010-12 — Kfar_horash_2011,243.0,3.0,,,,,,,,
Boundary_Fields_Addition_2010-12 — Kfar_horash_2011,244.0,3.0,,,,,,,,
Boundary_Fields_Addition_2010-12 — Kfar_horash_2011,245.0,3.0,,,,,,,,
Boundary_Fields_Addition_2010-12 — Kfar_horash_2011,246.0,3.0,,,,,,,,
Boundary_Fields_Addition_2010-12 — Kfar_horash_2011,247.0,1.0,,,,,,,,
Boundary_Fields_Addition_2010-12 — Kfar_horash_2011,248.0,1.0,,,,,,,,
Boundary_Fields_Addition_2010-12 — Kfar_horash_2011,249.0,1.0,,,,,,,,
Boundary_Fields_Addition_2010-12 — Kfar_horash_2011,250.0,1.0,,,,,,,,
Boundary_Fields_Addition_2010-12 — Kfar_horash_2011,251.0,1.0,,,,,,,,
Boundary_Fields_Addition_2010-12 — Kfar_horash_2011,252.0,1.0,,,,,,,,
Boundary_Fields_Addition_2010-12 — Kfar_horash_2011,253.0,1.0,,,,,,,,
Boundary_Fields_Addition_2010-12 — Kfar_horash_2011,254.0,1.0,,,,,,,,
Boundary_Fields_Addition_2010-12 — Kfar_horash_2011,255.0,2.0,,,,,,,,
Boundary_Fields_Addition_2010-12 — Kfar_horash_2011,256.0,2.0,,,,,,,,
Boundary_Fields_Addition_2010-12 — Kfar_horash_2011,257.0,1.0,,,,,,,,
Boundary_Fields_Addition_2010-12 — Kfar_horash_2011,258.0,1.0,,,,,,,,
Boundary_Fields_Addition_2010-12 — Kfar_horash_2011,259.0,1.0,,,,,,,,
Boundary_Fields_Addition_2010-12 — Kfar_horash_2011,260.0,1.0,,,,,,,,
Boundary_Fields_Addition_2010-12 — Kfar_horash_2011,261.0,1.0,,,,,,,,
Boundary_Fields_Addition_2010-12 — Kfar_horash_2011,262.0,1.0,,,,,,,,
Boundary_Fields_Addition_2010-12 — Kfar_horash_2011,263.0,1.0,,,,,,,,
Boundary_Fields_Addition_2010-12 — Kfar_horash_2011,264.0,1.0,,,,,,,,
Boundary_Fields_Addition_2010-12 — Kfar_horash_2011,265.0,2.0,,,,,,,,
Boundary_Fields_Addition_2010-12 — Kfar_horash_2011,266.0,2.0,,,,,,,,
Boundary_Fields_Addition_2010-12 — Kfar_horash_2011,267.0,2.0,,,,,,,,
Boundary_Fields_Addition_2010-12 — Kfar_horash_2011,268.0,2.0,,,,,,,,
Boundary_Fields_Addition_2010-12 — Kfar_horash_2011,269.0,2.0,,,,,,,,
Boundary_Fields_Addition_2010-12 — Kfar_horash_2011,270.0,2.0,,,,,,,,
Boundary_Fields_Addition_2010-12 — Kfar_horash_2011,271.0,1.0,,,,,,,,
Boundary_Fields_Addition_2010-12 — Kfar_horash_2011,272.0,1.0,,,,,,,,
Boundary_Fields_Addition_2010-12 — Kfar_horash_2011,273.0,2.0,,,,,,,,
Boundary_Fields_Addition_2010-12 — Kfar_horash_2011,274.0,2.0,,,,,,,,
Boundary_Fields_Addition_2010-12 — Kfar_horash_2011,275.0,2.0,,,,,,,,
Boundary_Fields_Addition_2010-12 — Kfar_horash_2011,276.0,2.0,,,,,,,,
Boundary_Fields_Addition_2010-12 — Kfar_horash_2011,277.0,2.0,,,,,,,,
Boundary_Fields_Addition_2010-12 — Kfar_horash_2011,278.0,2.0,,,,,,,,
Boundary_Fields_Addition_2010-12 — Kfar_horash_2011,279.0,2.0,,,,,,,,
Boundary_Fields_Addition_2010-12 — Kfar_horash_2011,280.0,2.0,,,,,,,,
Boundary_Fields_Addition_2010-12 — Kfar_horash_2011,281.0,2.0,,,,,,,,
Boundary_Fields_Addition_2010-12 — Kfar_horash_2011,282.0,2.0,,,,,,,,
Boundary_Fields_Addition_2010-12 — Kfar_horash_2011,283.0,2.0,,,,,,,,
Boundary_Fields_Addition_2010-12 — Kfar_horash_2011,284.0,2.0,,,,,,,,
Boundary_Fields_Addition_2010-12 — Kfar_horash_2011,285.0,2.0,,,,,,,,
Boundary_Fields_Addition_2010-12 — Kfar_horash_2011,286.0,2.0,,,,,,,,
Boundary_Fields_Addition_2010-12 — Kfar_horash_2011,287.0,2.0,,,,,,,,
Boundary_Fields_Addition_2010-12 — Kfar_horash_2011,288.0,3.0,,,,,,,,
Boundary_Fields_Addition_2010-12 — Kfar_horash_2011,289.0,3.0,,,,,,,,
Boundary_Fields_Addition_2010-12 — Kfar_horash_2011,290.0,3.0,,,,,,,,
Boundary_Fields_Addition_2010-12 — Kfar_horash_2011,291.0,2.0,,,,,,,,
Boundary_Fields_Addition_2010-12 — Kfar_horash_2011,292.0,2.0,,,,,,,,
Boundary_Fields_Addition_2010-12 — Kfar_horash_2011,293.0,2.0,,,,,,,,
Boundary_Fields_Addition_2010-12 — Kfar_horash_2011,294.0,2.0,,,,,,,,
Boundary_Fields_Addition_2010-12 — Kfar_horash_2011,295.0,3.0,,,,,,,,
Boundary_Fields_Addition_2010-12 — Kfar_horash_2011,296.0,3.0,,,,,,,,
Boundary_Fields_Addition_2010-12 — Kfar_horash_2011,297.0,3.0,,,,,,,,
Boundary_Fields_Addition_2010-12 — Kfar_horash_2011,298.0,3.0,,,,,,,,
Boundary_Fields_Addition_2010-12 — Kfar_horash_2011,299.0,3.0,,,,,,,,
Boundary_Fields_Addition_2010-12 — Kfar_horash_2011,300.0,3.0,,,,,,,,
Boundary_Fields_Addition_2010-12 — Kfar_horash_2011,301.0,3.0,,,,,,,,
Boundary_Fields_Addition_2010-12 — Kfar_horash_2011,302.0,2.0,,,,,,,,
Boundary_Fields_Addition_2010-12 — Kfar_horash_2011,303.0,2.0,,,,,,,,
Boundary_Fields_Addition_2010-12 — Kfar_horash_2011,304.0,3.0,,,,,,,,
Boundary_Fields_Addition_2010-12 — Kfar_horash_2011,305.0,3.0,,,,,,,,
Boundary_Fields_Addition_2010-12 — Kfar_horash_2011,306.0,3.0,,,,,,,,
Boundary_Fields_Addition_2010-12 — Kfar_horash_2011,307.0,3.0,,,,,,,,
Boundary_Fields_Addition_2010-12 — Kfar_horash_2011,308.0,3.0,,,,,,,,
Boundary_Fields_Addition_2010-12 — Kfar_horash_2011,309.0,3.0,,,,,,,,
Boundary_Fields_Addition_2010-12 — Kfar_horash_2011,310.0,3.0,,,,,,,,
Boundary_Fields_Addition_2010-12 — Kfar_horash_2011,311.0,3.0,,,,,,,,
Boundary_Fields_Addition_2010-12 — Kfar_horash_2011,312.0,3.0,,,,,,,,
Boundary_Fields_Addition_2010-12 — Kfar_horash_2011,313.0,3.0,,,,,,,,
Boundary_Fields_Addition_2010-12 — Kfar_horash_2011,314.0,3.0,,,,,,,,
Boundary_Fields_Addition_2010-12 — Kfar_horash_2011,315.0,3.0,,,,,,,,
Boundary_Fields_Addition_2010-12 — Kfar_horash_2011,316.0,3.0,,,,,,,,
Boundary_Fields_Addition_2010-12 — Kfar_horash_2011,317.0,3.0,,,,,,,,
Boundary_Fields_Addition_2010-12 — Kfar_horash_2011,318.0,3.0,,,,,,,,
Boundary_Fields_Addition_2010-12 — Kfar_horash_2011,319.0,3.0,,,,,,,,
Boundary_Fields_Addition_2010-12 — Kfar_horash_2011,320.0,3.0,,,,,,,,
Boundary_Fields_Addition_2010-12 — Kfar_horash_2011,321.0,2.0,,,,,,,,
Boundary_Fields_Addition_2010-12 — Kfar_horash_2011,322.0,3.0,,,,,,,,
Boundary_Fields_Addition_2010-12 — Kfar_horash_2011,323.0,3.0,,,,,,,,
Boundary_Fields_Addition_2010-12 — Kfar_horash_2011,324.0,3.0,,,,,,,,
Boundary_Fields_Addition_2010-12 — Kfar_horash_2011,325.0,3.0,,,,,,,,
Boundary_Fields_Addition_2010-12 — Kfar_horash_2011,326.0,3.0,,,,,,,,
Boundary_Fields_Addition_2010-12 — Kfar_horash_2011,327.0,3.0,,,,,,,,
Boundary_Fields_Addition_2010-12 — Kfar_horash_2011,328.0,3.0,,,,,,,,
Boundary_Fields_Addition_2010-12 — Kfar_horash_2011,329.0,3.0,,,,,,,,
Boundary_Fields_Addition_2010-12 — Kfar_horash_2011,330.0,3.0,,,,,,,,
Boundary_Fields_Addition_2010-12 — Kfar_horash_2011,331.0,3.0,,,,,,,,
Boundary_Fields_Addition_2010-12 — Kfar_horash_2011,332.0,3.0,,,,,,,,
Boundary_Fields_Addition_2010-12 — Kfar_horash_2011,333.0,3.0,,,,,,,,
Boundary_Fields_Addition_2010-12 — Kfar_horash_2011,334.0,3.0,,,,,,,,
Boundary_Fields_Addition_2010-12 — Kfar_horash_2011,335.0,3.0,,,,,,,,
Boundary_Fields_Addition_2010-12 — Kfar_horash_2011,336.0,3.0,,,,,,,,
Boundary_Fields_Addition_2010-12 — Kfar_horash_2011,337.0,3.0,,,,,,,,
Boundary_Fields_Addition_2010-12 — Kfar_horash_2011,338.0,3.0,,,,,,,,
Boundary_Fields_Addition_2010-12 — Kfar_horash_2011,339.0,3.0,,,,,,,,
Boundary_Fields_Addition_2010-12 — Kfar_horash_2011,340.0,3.0,,,,,,,,
Boundary_Fields_Addition_2010-12 — Kfar_horash_2011,341.0,3.0,,,,,,,,
Boundary_Fields_Addition_2010-12 — Kfar_horash_2011,342.0,3.0,,,,,,,,
Boundary_Fields_Addition_2010-12 — Kfar_horash_2011,343.0,3.0,,,,,,,,
Boundary_Fields_Addition_2010-12 — Kfar_horash_2011,344.0,3.0,,,,,,,,
Boundary_Fields_Addition_2010-12 — Kfar_horash_2011,345.0,3.0,,,,,,,,
Boundary_Fields_Addition_2010-12 — Kfar_horash_2011,346.0,3.0,,,,,,,,
Boundary_Fields_Addition_2010-12 — Kfar_horash_2011,347.0,3.0,,,,,,,,
Boundary_Fields_Addition_2010-12 — Kfar_horash_2011,348.0,3.0,,,,,,,,
Boundary_Fields_Addition_2010-12 — Kfar_horash_2011,349.0,2.0,,,,,,,,
Boundary_Fields_Addition_2010-12 — Kfar_horash_2011,350.0,3.0,,,,,,,,
Boundary_Fields_Addition_2010-12 — Kfar_horash_2011,351.0,3.0,,,,,,,,
Boundary_Fields_Addition_2010-12 — Kfar_horash_2011,352.0,3.0,,,,,,,,
Boundary_Fields_Addition_2010-12 — Kfar_horash_2011,353.0,3.0,,,,,,,,
Boundary_Fields_Addition_2010-12 — Kfar_horash_2011,354.0,3.0,,,,,,,,
Boundary_Fields_Addition_2010-12 — Kfar_horash_2011,355.0,2.0,,,,,,,,
Boundary_Fields_Addition_2010-12 — Kfar_horash_2011,356.0,3.0,,,,,,,,
Boundary_Fields_Addition_2010-12 — Kfar_horash_2011,357.0,3.0,,,,,,,,
Boundary_Fields_Addition_2010-12 — Kfar_horash_2011,358.0,3.0,,,,,,,,
Boundary_Fields_Addition_2010-12 — Kfar_horash_2011,359.0,3.0,,,,,,,,
Boundary_Fields_Addition_2010-12 — Kfar_horash_2011,360.0,3.0,,,,,,,,
Boundary_Fields_Addition_2010-12 — Kfar_horash_2011,361.0,3.0,,,,,,,,
Boundary_Fields_Addition_2010-12 — Kfar_horash_2011,362.0,3.0,,,,,,,,
Boundary_Fields_Addition_2010-12 — Kfar_horash_2011,363.0,2.0,,,,,,,,
Boundary_Fields_Addition_2010-12 — Kfar_horash_2011,364.0,2.0,,,,,,,,
Boundary_Fields_Addition_2010-12 — Kfar_horash_2011,365.0,2.0,,,,,,,,
Boundary_Fields_Addition_2010-12 — Kfar_horash_2011,366.0,3.0,,,,,,,,
Boundary_Fields_Addition_2010-12 — Kfar_horash_2011,367.0,3.0,,,,,,,,
Boundary_Fields_Addition_2010-12 — Kfar_horash_2011,368.0,2.0,,,,,,,,
Boundary_Fields_Addition_2010-12 — Kfar_horash_2011,369.0,3.0,,,,,,,,
Boundary_Fields_Addition_2010-12 — Kfar_horash_2011,370.0,3.0,,,,,,,,
Boundary_Fields_Addition_2010-12 — Kfar_horash_2011,371.0,3.0,,,,,,,,
Boundary_Fields_Addition_2010-12 — Kfar_horash_2011,372.0,3.0,,,,,,,,
Boundary_Fields_Addition_2010-12 — Kfar_horash_2011,373.0,3.0,,,,,,,,
Boundary_Fields_Addition_2010-12 — Kfar_horash_2011,374.0,3.0,,,,,,,,
Boundary_Fields_Addition_2010-12 — Kfar_horash_2011,375.0,3.0,,,,,,,,
Boundary_Fields_Addition_2010-12 — Kfar_horash_2011,376.0,3.0,,,,,,,,
Boundary_Fields_Addition_2010-12 — Kfar_horash_2011,377.0,3.0,,,,,,,,
Boundary_Fields_Addition_2010-12 — Kfar_horash_2011,378.0,3.0,,,,,,,,
Boundary_Fields_Addition_2010-12 — Kfar_horash_2011,379.0,3.0,,,,,,,,
Boundary_Fields_Addition_2010-12 — Kfar_horash_2011,380.0,3.0,,,,,,,,
Boundary_Fields_Addition_2010-12 — Kfar_horash_2011,381.0,2.0,,,,,,,,
Boundary_Fields_Addition_2010-12 — Kfar_horash_2011,382.0,2.0,,,,,,,,
Boundary_Fields_Addition_2010-12 — Kfar_horash_2011,383.0,3.0,,,,,,,,
Boundary_Fields_Addition_2010-12 — Kfar_horash_2011,384.0,2.0,,,,,,,,
Boundary_Fields_Addition_2010-12 — Kfar_horash_2011,385.0,2.0,,,,,,,,
Boundary_Fields_Addition_2010-12 — Kfar_horash_2011,386.0,2.0,,,,,,,,
Boundary_Fields_Addition_2010-12 — Kfar_horash_2011,387.0,2.0,,,,,,,,
Boundary_Fields_Addition_2010-12 — Kfar_horash_2011,388.0,2.0,,,,,,,,
Boundary_Fields_Addition_2010-12 — Kfar_horash_2011,389.0,1.0,,,,,,,,
Boundary_Fields_Addition_2010-12 — Kfar_horash_2011,390.0,1.0,,,,,,,,
Boundary_Fields_Addition_2010-12 — Kfar_horash_2011,391.0,2.0,,,,,,,,
Boundary_Fields_Addition_2010-12 — Kfar_horash_2011,392.0,2.0,,,,,,,,
Boundary_Fields_Addition_2010-12 — Kfar_horash_2011,393.0,2.0,,,,,,,,
Boundary_Fields_Addition_2010-12 — Kfar_horash_2011,394.0,2.0,,,,,,,,
Boundary_Fields_Addition_2010-12 — Kfar_horash_2011,395.0,2.0,,,,,,,,
Boundary_Fields_Addition_2010-12 — Kfar_horash_2011,396.0,2.0,,,,,,,,
Boundary_Fields_Addition_2010-12 — Kfar_horash_2011,397.0,2.0,,,,,,,,
Boundary_Fields_Addition_2010-12 — Kfar_horash_2011,398.0,2.0,,,,,,,,
Boundary_Fields_Addition_2010-12 — Kfar_horash_2011,399.0,2.0,,,,,,,,
Boundary_Fields_Addition_2010-12 — Kfar_horash_2011,400.0,1.0,,,,,,,,
Boundary_Fields_Addition_2010-12 — Kfar_horash_2011,401.0,1.0,,,,,,,,
Boundary_Fields_Addition_2010-12 — Kfar_horash_2011,402.0,2.0,,,,,,,,
Boundary_Fields_Addition_2010-12 — Kfar_horash_2011,403.0,2.0,,,,,,,,
Boundary_Fields_Addition_2010-12 — Kfar_horash_2011,404.0,2.0,,,,,,,,
Boundary_Fields_Addition_2010-12 — Kfar_horash_2011,405.0,2.0,,,,,,,,
Boundary_Fields_Addition_2010-12 — Kfar_horash_2011,406.0,2.0,,,,,,,,
Boundary_Fields_Addition_2010-12 — Kfar_horash_2011,407.0,2.0,,,,,,,,
Boundary_Fields_Addition_2010-12 — Kfar_horash_2011,408.0,2.0,,,,,,,,
Boundary_Fields_Addition_2010-12 — Kfar_horash_2011,409.0,2.0,,,,,,,,
Boundary_Fields_Addition_2010-12 — Kfar_horash_2011,410.0,2.0,,,,,,,,
Boundary_Fields_Addition_2010-12 — Kfar_horash_2011,411.0,2.0,,,,,,,,
Boundary_Fields_Addition_2010-12 — Kfar_horash_2011,412.0,2.0,,,,,,,,
Boundary_Fields_Addition_2010-12 — Kfar_horash_2011,413.0,2.0,,,,,,,,
Boundary_Fields_Addition_2010-12 — Kfar_horash_2011,414.0,2.0,,,,,,,,
Boundary_Fields_Addition_2010-12 — Kfar_horash_2011,415.0,2.0,,,,,,,,
Boundary_Fields_Addition_2010-12 — Kfar_horash_2011,416.0,2.0,,,,,,,,
Boundary_Fields_Addition_2010-12 — Kfar_horash_2011,417.0,2.0,,,,,,,,
Boundary_Fields_Addition_2010-12 — Kfar_horash_2011,418.0,2.0,,,,,,,,
Boundary_Fields_Addition_2010-12 — Kfar_horash_2011,419.0,1.0,,,,,,,,
Boundary_Fields_Addition_2010-12 — Kfar_horash_2011,420.0,2.0,,,,,,,,
Boundary_Fields_Addition_2010-12 — Kfar_horash_2011,421.0,2.0,,,,,,,,
Boundary_Fields_Addition_2010-12 — Kfar_horash_2011,422.0,2.0,,,,,,,,
Boundary_Fields_Addition_2010-12 — Kfar_horash_2011,423.0,2.0,,,,,,,,
Boundary_Fields_Addition_2010-12 — Kfar_horash_2011,424.0,2.0,,,,,,,,
Boundary_Fields_Addition_2010-12 — Kfar_horash_2011,425.0,2.0,,,,,,,,
Boundary_Fields_Addition_2010-12 — Kfar_horash_2011,426.0,2.0,,,,,,,,
Boundary_Fields_Addition_2010-12 — Kfar_horash_2011,427.0,2.0,,,,,,,,
Boundary_Fields_Addition_2010-12 — Kfar_horash_2011,428.0,2.0,,,,,,,,
Boundary_Fields_Addition_2010-12 — Kfar_horash_2011,429.0,2.0,,,,,,,,
Boundary_Fields_Addition_2010-12 — Kfar_horash_2011,430.0,2.0,,,,,,,,
Boundary_Fields_Addition_2010-12 — Kfar_horash_2011,431.0,2.0,,,,,,,,
Boundary_Fields_Addition_2010-12 — Kfar_horash_2011,432.0,1.0,,,,,,,,
Boundary_Fields_Addition_2010-12 — Kfar_horash_2011,433.0,1.0,,,,,,,,
Boundary_Fields_Addition_2010-12 — Kfar_horash_2011,434.0,1.0,,,,,,,,
Boundary_Fields_Addition_2010-12 — Kfar_horash_2011,435.0,1.0,,,,,,,,
Boundary_Fields_Addition_2010-12 — Kfar_horash_2011,436.0,1.0,,,,,,,,
Boundary_Fields_Addition_2010-12 — Kfar_horash_2011,437.0,1.0,,,,,,,,
Boundary_Fields_Addition_2010-12 — Kfar_horash_2011,438.0,1.0,,,,,,,,
Boundary_Fields_Addition_2010-12 — Kfar_horash_2011,439.0,1.0,,,,,,,,
Boundary_Fields_Addition_2010-12 — Kfar_horash_2011,440.0,1.0,,,,,,,,
Boundary_Fields_Addition_2010-12 — Kfar_horash_2011,441.0,1.0,,,,,,,,
Boundary_Fields_Addition_2010-12 — Kfar_horash_2011,442.0,1.0,,,,,,,,
Boundary_Fields_Addition_2010-12 — Kfar_horash_2011,443.0,1.0,,,,,,,,
Boundary_Fields_Addition_2010-12 — Kfar_horash_2011,444.0,2.0,,,,,,,,
Boundary_Fields_Addition_2010-12 — Kfar_horash_2011,445.0,2.0,,,,,,,,
Boundary_Fields_Addition_2010-12 — Kfar_horash_2011,446.0,2.0,,,,,,,,
Boundary_Fields_Addition_2010-12 — Kfar_horash_2011,447.0,2.0,,,,,,,,
Boundary_Fields_Addition_2010-12 — Kfar_horash_2011,448.0,2.0,,,,,,,,
Boundary_Fields_Addition_2010-12 — Kfar_horash_2011,449.0,2.0,,,,,,,,
Boundary_Fields_Addition_2010-12 — Kfar_horash_2011,450.0,2.0,,,,,,,,
Boundary_Fields_Addition_2010-12 — Kfar_horash_2011,451.0,2.0,,,,,,,,
Boundary_Fields_Addition_2010-12 — Kfar_horash_2011,452.0,1.0,,,,,,,,
Boundary_Fields_Addition_2010-12 — Kfar_horash_2011,453.0,2.0,,,,,,,,
Boundary_Fields_Addition_2010-12 — Kfar_horash_2011,454.0,2.0,,,,,,,,
Boundary_Fields_Addition_2010-12 — Kfar_horash_2011,455.0,2.0,,,,,,,,
Boundary_Fields_Addition_2010-12 — Kfar_horash_2011,456.0,2.0,,,,,,,,
Boundary_Fields_Addition_2010-12 — Kfar_horash_2011,457.0,2.0,,,,,,,,
Boundary_Fields_Addition_2010-12 — Kfar_horash_2011,458.0,3.0,,,,,,,,
Boundary_Fields_Addition_2010-12 — Kfar_horash_2011,459.0,2.0,,,,,,,,
Boundary_Fields_Addition_2010-12 — Kfar_horash_2011,460.0,2.0,,,,,,,,
Boundary_Fields_Addition_2010-12 — Kfar_horash_2011,461.0,2.0,,,,,,,,
Boundary_Fields_Addition_2010-12 — Kfar_horash_2011,462.0,2.0,,,,,,,,
Boundary_Fields_Addition_2010-12 — Kfar_horash_2011,463.0,3.0,,,,,,,,
Boundary_Fields_Addition_2010-12 — Kfar_horash_2011,464.0,3.0,,,,,,,,
Boundary_Fields_Addition_2010-12 — Kfar_horash_2011,465.0,3.0,,,,,,,,
Boundary_Fields_Addition_2010-12 — Kfar_horash_2011,466.0,3.0,,,,,,,,
Boundary_Fields_Addition_2010-12 — Kfar_horash_2011,467.0,3.0,,,,,,,,
Boundary_Fields_Addition_2010-12 — Kfar_horash_2011,468.0,3.0,,,,,,,,
Boundary_Fields_Addition_2010-12 — Kfar_horash_2011,469.0,3.0,,,,,,,,
Boundary_Fields_Addition_2010-12 — Kfar_horash_2011,470.0,3.0,,,,,,,,
Boundary_Fields_Addition_2010-12 — Kfar_horash_2011,471.0,3.0,,,,,,,,
Boundary_Fields_Addition_2010-12 — Kfar_horash_2011,472.0,2.0,,,,,,,,
Boundary_Fields_Addition_2010-12 — Kfar_horash_2011,473.0,2.0,,,,,,,,
Boundary_Fields_Addition_2010-12 — Kfar_horash_2011,474.0,3.0,,,,,,,,
Boundary_Fields_Addition_2010-12 — Kfar_horash_2011,475.0,2.0,,,,,,,,
Boundary_Fields_Addition_2010-12 — Kfar_horash_2011,476.0,2.0,,,,,,,,
Boundary_Fields_Addition_2010-12 — Kfar_horash_2011,477.0,2.0,,,,,,,,
Boundary_Fields_Addition_2010-12 — Kfar_horash_2011,478.0,3.0,,,,,,,,
Boundary_Fields_Addition_2010-12 — Kfar_horash_2011,479.0,3.0,,,,,,,,
Boundary_Fields_Addition_2010-12 — Kfar_horash_2011,480.0,3.0,,,,,,,,
Boundary_Fields_Addition_2010-12 — Kfar_horash_2011,481.0,2.0,,,,,,,,
Boundary_Fields_Addition_2010-12 — Kfar_horash_2011,482.0,2.0,,,,,,,,
Boundary_Fields_Addition_2010-12 — Kfar_horash_2011,483.0,2.0,,,,,,,,
Boundary_Fields_Addition_2010-12 — Kfar_horash_2011,484.0,2.0,,,,,,,,
Boundary_Fields_Addition_2010-12 — Kfar_horash_2011,485.0,2.0,,,,,,,,
Boundary_Fields_Addition_2010-12 — Kfar_horash_2011,486.0,3.0,,,,,,,,
Boundary_Fields_Addition_2010-12 — Kfar_horash_2011,487.0,3.0,,,,,,,,
Boundary_Fields_Addition_2010-12 — Kfar_horash_2011,488.0,3.0,,,,,,,,
Boundary_Fields_Addition_2010-12 — Kfar_horash_2011,489.0,2.0,,,,,,,,
Boundary_Fields_Addition_2010-12 — Kfar_horash_2011,490.0,3.0,,,,,,,,
Boundary_Fields_Addition_2010-12 — Kfar_horash_2011,491.0,2.0,,,,,,,,
Boundary_Fields_Addition_2010-12 — Kfar_horash_2011,492.0,3.0,,,,,,,,
Boundary_Fields_Addition_2010-12 — Kfar_horash_2011,493.0,3.0,,,,,,,,
Boundary_Fields_Addition_2010-12 — Kfar_horash_2011,494.0,3.0,,,,,,,,
Boundary_Fields_Addition_2010-12 — Kfar_horash_2011,495.0,3.0,,,,,,,,
Boundary_Fields_Addition_2010-12 — Kfar_horash_2011,496.0,3.0,,,,,,,,
Boundary_Fields_Addition_2010-12 — Kfar_horash_2011,497.0,3.0,,,,,,,,
Boundary_Fields_Addition_2010-12 — Kfar_horash_2011,498.0,3.0,,,,,,,,
Boundary_Fields_Addition_2010-12 — Kfar_horash_2011,499.0,3.0,,,,,,,,
Boundary_Fields_Addition_2010-12 — Kfar_horash_2011,500.0,3.0,,,,,,,,
Boundary_Fields_Addition_2010-12 — Kfar_horash_2011,501.0,3.0,,,,,,,,
Boundary_Fields_Addition_2010-12 — Kfar_horash_2011,502.0,3.0,,,,,,,,
Boundary_Fields_Addition_2010-12 — Kfar_horash_2011,503.0,3.0,,,,,,,,
Boundary_Fields_Addition_2010-12 — Kfar_horash_2011,504.0,3.0,,,,,,,,
Boundary_Fields_Addition_2010-12 — Kfar_horash_2011,505.0,3.0,,,,,,,,
Boundary_Fields_Addition_2010-12 — Kfar_horash_2011,506.0,3.0,,,,,,,,
Boundary_Fields_Addition_2010-12 — Kfar_horash_2011,507.0,3.0,,,,,,,,
Boundary_Fields_Addition_2010-12 — Kfar_horash_2011,508.0,3.0,,,,,,,,
Boundary_Fields_Addition_2010-12 — Kfar_horash_2011,509.0,3.0,,,,,,,,
Boundary_Fields_Addition_2010-12 — Kfar_horash_2011,510.0,3.0,,,,,,,,
Boundary_Fields_Addition_2010-12 — Kfar_horash_2011,511.0,3.0,,,,,,,,
Boundary_Fields_Addition_2010-12 — Kfar_horash_2011,512.0,3.0,,,,,,,,
Boundary_Fields_Addition_2010-12 — Kfar_horash_2011,513.0,3.0,,,,,,,,
Boundary_Fields_Addition_2010-12 — Kfar_horash_2011,514.0,3.0,,,,,,,,
Boundary_Fields_Addition_2010-12 — Kfar_horash_2011,515.0,3.0,,,,,,,,
Boundary_Fields_Addition_2010-12 — Kfar_horash_2011,516.0,3.0,,,,,,,,
Boundary_Fields_Addition_2010-12 — Kfar_horash_2011,517.0,3.0,,,,,,,,
Boundary_Fields_Addition_2010-12 — Kfar_horash_2011,518.0,3.0,,,,,,,,
Boundary_Fields_Addition_2010-12 — Kfar_horash_2011,519.0,3.0,,,,,,,,
Boundary_Fields_Addition_2010-12 — Kfar_horash_2011,520.0,3.0,,,,,,,,
Boundary_Fields_Addition_2010-12 — Kfar_horash_2011,521.0,3.0,,,,,,,,
Boundary_Fields_Addition_2010-12 — Kfar_horash_2011,522.0,3.0,,,,,,,,
Boundary_Fields_Addition_2010-12 — Kfar_horash_2011,523.0,3.0,,,,,,,,
Boundary_Fields_Addition_2010-12 — Kfar_horash_2011,524.0,2.0,,,,,,,,
Boundary_Fields_Addition_2010-12 — Kfar_horash_2011,525.0,3.0,,,,,,,,
Boundary_Fields_Addition_2010-12 — Kfar_horash_2011,526.0,3.0,,,,,,,,
Boundary_Fields_Addition_2010-12 — Kfar_horash_2011,527.0,3.0,,,,,,,,
Boundary_Fields_Addition_2010-12 — Kfar_horash_2011,528.0,3.0,,,,,,,,
Boundary_Fields_Addition_2010-12 — Kfar_horash_2011,529.0,3.0,,,,,,,,
Boundary_Fields_Addition_2010-12 — Kfar_horash_2011,530.0,2.0,,,,,,,,
Boundary_Fields_Addition_2010-12 — Kfar_horash_2011,531.0,2.0,,,,,,,,
Boundary_Fields_Addition_2010-12 — Kfar_horash_2011,532.0,2.0,,,,,,,,
Boundary_Fields_Addition_2010-12 — Kfar_horash_2011,533.0,2.0,,,,,,,,
Boundary_Fields_Addition_2010-12 — Kfar_horash_2011,534.0,2.0,,,,,,,,
Boundary_Fields_Addition_2010-12 — Kfar_horash_2011,535.0,2.0,,,,,,,,
Boundary_Fields_Addition_2010-12 — Kfar_horash_2011,536.0,2.0,,,,,,,,
Boundary_Fields_Addition_2010-12 — Kfar_horash_2011,537.0,2.0,,,,,,,,
Boundary_Fields_Addition_2010-12 — Kfar_horash_2011,538.0,3.0,,,,,,,,
Boundary_Fields_Addition_2010-12 — Kfar_horash_2011,539.0,3.0,,,,,,,,
Boundary_Fields_Addition_2010-12 — Kfar_horash_2011,540.0,3.0,,,,,,,,
Boundary_Fields_Addition_2010-12 — Kfar_horash_2011,541.0,3.0,,,,,,,,
Boundary_Fields_Addition_2010-12 — Kfar_horash_2011,542.0,3.0,,,,,,,,
Boundary_Fields_Addition_2010-12 — Kfar_horash_2011,543.0,3.0,,,,,,,,
Boundary_Fields_Addition_2010-12 — Kfar_horash_2011,544.0,3.0,,,,,,,,
Boundary_Fields_Addition_2010-12 — Kfar_horash_2011,545.0,3.0,,,,,,,,
Boundary_Fields_Addition_2010-12 — Kfar_horash_2011,546.0,3.0,,,,,,,,
Boundary_Fields_Addition_2010-12 — Kfar_horash_2011,547.0,2.0,,,,,,,,
Boundary_Fields_Addition_2010-12 — Kfar_horash_2011,548.0,1.0,,,,,,,,
Boundary_Fields_Addition_2010-12 — Kfar_horash_2011,549.0,1.0,,,,,,,,
Boundary_Fields_Addition_2010-12 — Kfar_horash_2011,550.0,1.0,,,,,,,,
Boundary_Fields_Addition_2010-12 — Kfar_horash_2011,551.0,1.0,,,,,,,,
Boundary_Fields_Addition_2010-12 — Kfar_horash_2011,552.0,1.0,,,,,,,,
Boundary_Fields_Addition_2010-12 — Kfar_horash_2011,553.0,1.0,,,,,,,,
Boundary_Fields_Addition_2010-12 — Kfar_horash_2011,554.0,1.0,,,,,,,,
Boundary_Fields_Addition_2010-12 — Kfar_horash_2011,555.0,1.0,,,,,,,,
Boundary_Fields_Addition_2010-12 — Kfar_horash_2011,556.0,1.0,,,,,,,,
Boundary_Fields_Addition_2010-12 — Kfar_horash_2011,557.0,1.0,,,,,,,,
Boundary_Fields_Addition_2010-12 — Kfar_horash_2011,558.0,1.0,,,,,,,,
Boundary_Fields_Addition_2010-12 — Kfar_horash_2011,559.0,1.0,,,,,,,,
Boundary_Fields_Addition_2010-12 — Kfar_horash_2011,560.0,1.0,,,,,,,,
Boundary_Fields_Addition_2010-12 — Kfar_horash_2011,561.0,1.0,,,,,,,,
Boundary_Fields_Addition_2010-12 — Kfar_horash_2011,562.0,1.0,,,,,,,,
Boundary_Fields_Addition_2010-12 — Kfar_horash_2011,563.0,1.0,,,,,,,,
Boundary_Fields_Addition_2010-12 — Kfar_horash_2011,564.0,1.0,,,,,,,,
Boundary_Fields_Addition_2010-12 — Kfar_horash_2011,565.0,1.0,,,,,,,,
Boundary_Fields_Addition_2010-12 — Kfar_horash_2011,566.0,1.0,,,,,,,,
Boundary_Fields_Addition_2010-12 — Kfar_horash_2011,567.0,1.0,,,,,,,,
Boundary_Fields_Addition_2010-12 — Kfar_horash_2011,568.0,1.0,,,,,,,,
Boundary_Fields_Addition_2010-12 — Kfar_horash_2011,569.0,1.0,,,,,,,,
Boundary_Fields_Addition_2010-12 — Kfar_horash_2011,570.0,1.0,,,,,,,,
Boundary_Fields_Addition_2010-12 — Kfar_horash_2011,571.0,1.0,,,,,,,,
Boundary_Fields_Addition_2010-12 — Kfar_horash_2011,572.0,1.0,,,,,,,,
Boundary_Fields_Addition_2010-12 — Kfar_horash_2011,573.0,1.0,,,,,,,,
Boundary_Fields_Addition_2010-12 — Kfar_horash_2011,574.0,1.0,,,,,,,,
Boundary_Fields_Addition_2010-12 — Kfar_horash_2011,575.0,1.0,,,,,,,,
Boundary_Fields_Addition_2010-12 — Kfar_horash_2011,576.0,1.0,,,,,,,,
Boundary_Fields_Addition_2010-12 — Kfar_horash_2011,577.0,1.0,,,,,,,,
Boundary_Fields_Addition_2010-12 — Kfar_horash_2011,578.0,1.0,,,,,,,,
Boundary_Fields_Addition_2010-12 — Kfar_horash_2011,579.0,1.0,,,,,,,,
Boundary_Fields_Addition_2010-12 — Kfar_horash_2011,580.0,1.0,,,,,,,,
Boundary_Fields_Addition_2010-12 — Kfar_horash_2011,581.0,1.0,,,,,,,,
Boundary_Fields_Addition_2010-12 — Kfar_horash_2011,582.0,1.0,,,,,,,,
Boundary_Fields_Addition_2010-12 — Kfar_horash_2011,583.0,1.0,,,,,,,,
Boundary_Fields_Addition_2010-12 — Kfar_horash_2011,584.0,1.0,,,,,,,,
Boundary_Fields_Addition_2010-12 — Kfar_horash_2011,585.0,1.0,,,,,,,,
Boundary_Fields_Addition_2010-12 — Kfar_horash_2011,586.0,1.0,,,,,,,,
Boundary_Fields_Addition_2010-12 — Kfar_horash_2011,587.0,1.0,,,,,,,,
Boundary_Fields_Addition_2010-12 — Kfar_horash_2011,588.0,1.0,,,,,,,,
Boundary_Fields_Addition_2010-12 — Kfar_horash_2011,589.0,1.0,,,,,,,,
Boundary_Fields_Addition_2010-12 — Kfar_horash_2011,590.0,2.0,,,,,,,,
Boundary_Fields_Addition_2010-12 — Kfar_horash_2011,591.0,2.0,,,,,,,,
Boundary_Fields_Addition_2010-12 — Kfar_horash_2011,592.0,3.0,,,,,,,,
Boundary_Fields_Addition_2010-12 — Kfar_horash_2011,593.0,3.0,,,,,,,,
Boundary_Fields_Addition_2010-12 — Kfar_horash_2011,594.0,3.0,,,,,,,,
Boundary_Fields_Addition_2010-12 — Kfar_horash_2011,595.0,3.0,,,,,,,,
Boundary_Fields_Addition_2010-12 — Kfar_horash_2011,596.0,3.0,,,,,,,,
Boundary_Fields_Addition_2010-12 — Kfar_horash_2011,597.0,3.0,,,,,,,,
Boundary_Fields_Addition_2010-12 — Kfar_horash_2011,598.0,3.0,,,,,,,,
Boundary_Fields_Addition_2010-12 — Kfar_horash_2011,599.0,3.0,,,,,,,,
Boundary_Fields_Addition_2010-12 — Kfar_horash_2011,600.0,3.0,,,,,,,,
Boundary_Fields_Addition_2010-12 — Kfar_horash_2011,601.0,3.0,,,,,,,,
Boundary_Fields_Addition_2010-12 — Kfar_horash_2011,602.0,3.0,,,,,,,,
Boundary_Fields_Addition_2010-12 — Kfar_horash_2011,603.0,3.0,,,,,,,,
Boundary_Fields_Addition_2010-12 — Kfar_horash_2011,604.0,3.0,,,,,,,,
Boundary_Fields_Addition_2010-12 — Kfar_horash_2011,605.0,3.0,,,,,,,,
Boundary_Fields_Addition_2010-12 — Kfar_horash_2011,606.0,3.0,,,,,,,,
Boundary_Fields_Addition_2010-12 — Kfar_horash_2011,607.0,3.0,,,,,,,,
Boundary_Fields_Addition_2010-12 — Kfar_horash_2011,608.0,3.0,,,,,,,,
Boundary_Fields_Addition_2010-12 — Kfar_horash_2011,609.0,3.0,,,,,,,,
Boundary_Fields_Addition_2010-12 — Kfar_horash_2011,610.0,3.0,,,,,,,,
Boundary_Fields_Addition_2010-12 — Kfar_horash_2011,611.0,3.0,,,,,,,,
Boundary_Fields_Addition_2010-12 — Kfar_horash_2011,612.0,3.0,,,,,,,,
Boundary_Fields_Addition_2010-12 — Kfar_horash_2011,613.0,3.0,,,,,,,,
Boundary_Fields_Addition_2010-12 — Kfar_horash_2011,614.0,3.0,,,,,,,,
Boundary_Fields_Addition_2010-12 — Kfar_horash_2011,615.0,3.0,,,,,,,,
Boundary_Fields_Addition_2010-12 — Kfar_horash_2011,616.0,3.0,,,,,,,,
Boundary_Fields_Addition_2010-12 — Kfar_horash_2011,617.0,3.0,,,,,,,,
Boundary_Fields_Addition_2010-12 — Kfar_horash_2011,618.0,3.0,,,,,,,,
Boundary_Fields_Addition_2010-12 — Kfar_horash_2011,619.0,3.0,,,,,,,,
Boundary_Fields_Addition_2010-12 — Kfar_horash_2011,620.0,3.0,,,,,,,,
Boundary_Fields_Addition_2010-12 — Kfar_horash_2011,621.0,3.0,,,,,,,,
Boundary_Fields_Addition_2010-12 — Kfar_horash_2011,622.0,3.0,,,,,,,,
Boundary_Fields_Addition_2010-12 — Kfar_horash_2011,623.0,3.0,,,,,,,,
Boundary_Fields_Addition_2010-12 — Kfar_horash_2011,624.0,3.0,,,,,,,,
Boundary_Fields_Addition_2010-12 — Kfar_horash_2011,625.0,3.0,,,,,,,,
Boundary_Fields_Addition_2010-12 — Kfar_horash_2011,626.0,3.0,,,,,,,,
Boundary_Fields_Addition_2010-12 — Kfar_horash_2011,627.0,3.0,,,,,,,,
Boundary_Fields_Addition_2010-12 — Kfar_horash_2011,628.0,2.0,,,,,,,,
Boundary_Fields_Addition_2010-12 — Kfar_horash_2011,633.0,3.0,,,,,,,,
Boundary_Fields_Addition_2010-12 — Kfar_horash_2011,695.0,2.0,,,,,,,,
Boundary_Fields_Addition_2010-12 — Maale_gilboa_makruz_2011,1.0,3.0,,,,,,,,
Boundary_Fields_Addition_2010-12 — Maale_gilboa_makruz_2011,2.0,3.0,,,,,,,,
Boundary_Fields_Addition_2010-12 — Maale_gilboa_makruz_2011,3.0,3.0,,,,,,,,
Boundary_Fields_Addition_2010-12 — Maale_gilboa_makruz_2011,4.0,3.0,,,,,,,,
Boundary_Fields_Addition_2010-12 — Maale_gilboa_makruz_2011,5.0,3.0,,,,,,,,
Boundary_Fields_Addition_2010-12 — Maale_gilboa_makruz_2011,6.0,3.0,,,,,,,,
Boundary_Fields_Addition_2010-12 — Maale_gilboa_makruz_2011,7.0,3.0,,,,,,,,
Boundary_Fields_Addition_2010-12 — Maale_gilboa_makruz_2011,8.0,3.0,,,,,,,,
Boundary_Fields_Addition_2010-12 — Maale_gilboa_makruz_2011,9.0,2.0,,,,,,,,
Boundary_Fields_Addition_2010-12 — Maale_gilboa_makruz_2011,10.0,2.0,,,,,,,,
Boundary_Fields_Addition_2010-12 — Maale_gilboa_makruz_2011,11.0,2.0,,,,,,,,
Boundary_Fields_Addition_2010-12 — Maale_gilboa_makruz_2011,12.0,2.0,,,,,,,,
Boundary_Fields_Addition_2010-12 — Maale_gilboa_makruz_2011,13.0,3.0,,,,,,,,
Boundary_Fields_Addition_2010-12 — Maale_gilboa_makruz_2011,14.0,3.0,,,,,,,,
Boundary_Fields_Addition_2010-12 — Maale_gilboa_makruz_2011,15.0,3.0,,,,,,,,
Boundary_Fields_Addition_2010-12 — Maale_gilboa_makruz_2011,16.0,3.0,,,,,,,,
Boundary_Fields_Addition_2010-12 — Maale_gilboa_makruz_2011,17.0,3.0,,,,,,,,
Boundary_Fields_Addition_2010-12 — Maale_gilboa_makruz_2011,18.0,3.0,,,,,,,,
Boundary_Fields_Addition_2010-12 — Maale_gilboa_makruz_2011,19.0,3.0,,,,,,,,
Boundary_Fields_Addition_2010-12 — Maale_gilboa_makruz_2011,20.0,3.0,,,,,,,,
Boundary_Fields_Addition_2010-12 — Maale_gilboa_makruz_2011,21.0,3.0,,,,,,,,
Boundary_Fields_Addition_2010-12 — Maale_gilboa_makruz_2011,22.0,3.0,,,,,,,,
Boundary_Fields_Addition_2010-12 — Maale_gilboa_makruz_2011,23.0,3.0,,,,,,,,
Boundary_Fields_Addition_2010-12 — Maale_gilboa_makruz_2011,24.0,3.0,,,,,,,,
Boundary_Fields_Addition_2010-12 — Maale_gilboa_makruz_2011,25.0,3.0,,,,,,,,
Boundary_Fields_Addition_2010-12 — Maale_gilboa_makruz_2011,26.0,3.0,,,,,,,,
Boundary_Fields_Addition_2010-12 — Maale_gilboa_makruz_2011,27.0,3.0,,,,,,,,
Boundary_Fields_Addition_2010-12 — Maale_gilboa_makruz_2011,28.0,3.0,,,,,,,,
Boundary_Fields_Addition_2010-12 — Maale_gilboa_makruz_2011,29.0,3.0,,,,,,,,
Boundary_Fields_Addition_2010-12 — Maale_gilboa_makruz_2011,30.0,3.0,,,,,,,,
Boundary_Fields_Addition_2010-12 — Maale_gilboa_makruz_2011,31.0,3.0,,,,,,,,
Boundary_Fields_Addition_2010-12 — Maale_gilboa_makruz_2011,32.0,3.0,,,,,,,,
Boundary_Fields_Addition_2010-12 — Maale_gilboa_makruz_2011,33.0,3.0,,,,,,,,
Boundary_Fields_Addition_2010-12 — Maale_gilboa_makruz_2011,34.0,3.0,,,,,,,,
Boundary_Fields_Addition_2010-12 — Maale_gilboa_makruz_2011,35.0,3.0,,,,,,,,
Boundary_Fields_Addition_2010-12 — Maale_gilboa_makruz_2011,36.0,3.0,,,,,,,,
Boundary_Fields_Addition_2010-12 — Maale_gilboa_makruz_2011,37.0,3.0,,,,,,,,
Boundary_Fields_Addition_2010-12 — Maale_gilboa_makruz_2011,38.0,3.0,,,,,,,,
Boundary_Fields_Addition_2010-12 — Maale_gilboa_makruz_2011,39.0,3.0,,,,,,,,
Boundary_Fields_Addition_2010-12 — Maale_gilboa_makruz_2011,40.0,3.0,,,,,,,,
Boundary_Fields_Addition_2010-12 — Maale_gilboa_makruz_2011,41.0,2.0,,,,,,,,
Boundary_Fields_Addition_2010-12 — Maale_gilboa_makruz_2011,42.0,1.0,,,,,,,,
Boundary_Fields_Addition_2010-12 — Maale_gilboa_makruz_2011,43.0,1.0,,,,,,,,
Boundary_Fields_Addition_2010-12 — Maale_gilboa_makruz_2011,44.0,1.0,,,,,,,,
Boundary_Fields_Addition_2010-12 — Maale_gilboa_makruz_2011,45.0,1.0,,,,,,,,
Boundary_Fields_Addition_2010-12 — Maale_gilboa_makruz_2011,46.0,1.0,,,,,,,,
Boundary_Fields_Addition_2010-12 — Maale_gilboa_makruz_2011,47.0,1.0,,,,,,,,
Boundary_Fields_Addition_2010-12 — Maale_gilboa_makruz_2011,48.0,1.0,,,,,,,,
Boundary_Fields_Addition_2010-12 — Maale_gilboa_makruz_2011,49.0,1.0,,,,,,,,
Boundary_Fields_Addition_2010-12 — Maale_gilboa_makruz_2011,50.0,1.0,,,,,,,,
Boundary_Fields_Addition_2010-12 — Maale_gilboa_makruz_2011,51.0,1.0,,,,,,,,
Boundary_Fields_Addition_2010-12 — Maale_gilboa_makruz_2011,52.0,1.0,,,,,,,,
Boundary_Fields_Addition_2010-12 — Maale_gilboa_makruz_2011,53.0,1.0,,,,,,,,
Boundary_Fields_Addition_2010-12 — Maale_gilboa_makruz_2011,54.0,1.0,,,,,,,,
Boundary_Fields_Addition_2010-12 — Maale_gilboa_makruz_2011,55.0,1.0,,,,,,,,
Boundary_Fields_Addition_2010-12 — Maale_gilboa_makruz_2011,56.0,1.0,,,,,,,,
Boundary_Fields_Addition_2010-12 — Maale_gilboa_makruz_2011,57.0,1.0,,,,,,,,
Boundary_Fields_Addition_2010-12 — Maale_gilboa_makruz_2011,58.0,1.0,,,,,,,,
Boundary_Fields_Addition_2010-12 — Maale_gilboa_makruz_2011,59.0,1.0,,,,,,,,
Boundary_Fields_Addition_2010-12 — Maale_gilboa_makruz_2011,60.0,1.0,,,,,,,,
Boundary_Fields_Addition_2010-12 — Maale_gilboa_makruz_2011,61.0,1.0,,,,,,,,
Boundary_Fields_Addition_2010-12 — Maale_gilboa_makruz_2011,62.0,1.0,,,,,,,,
Boundary_Fields_Addition_2010-12 — Maale_gilboa_makruz_2011,63.0,2.0,,,,,,,,
Boundary_Fields_Addition_2010-12 — Maale_gilboa_makruz_2011,64.0,3.0,,,,,,,,
Boundary_Fields_Addition_2010-12 — Maale_gilboa_makruz_2011,65.0,3.0,,,,,,,,
Boundary_Fields_Addition_2010-12 — Maale_gilboa_makruz_2011,66.0,3.0,,,,,,,,
Boundary_Fields_Addition_2010-12 — Maale_gilboa_makruz_2011,67.0,3.0,,,,,,,,
Boundary_Fields_Addition_2010-12 — Maale_gilboa_makruz_2011,68.0,3.0,,,,,,,,
Boundary_Fields_Addition_2010-12 — Maale_gilboa_makruz_2011,69.0,3.0,,,,,,,,
Boundary_Fields_Addition_2010-12 — Maale_gilboa_makruz_2011,70.0,3.0,,,,,,,,
Boundary_Fields_Addition_2010-12 — Maale_gilboa_makruz_2011,71.0,3.0,,,,,,,,
Boundary_Fields_Addition_2010-12 — Maale_gilboa_makruz_2011,72.0,3.0,,,,,,,,
Boundary_Fields_Addition_2010-12 — Maale_gilboa_makruz_2011,73.0,3.0,,,,,,,,
Boundary_Fields_Addition_2010-12 — Maale_gilboa_makruz_2011,74.0,3.0,,,,,,,,
Boundary_Fields_Addition_2010-12 — Maale_gilboa_makruz_2011,75.0,3.0,,,,,,,,
Boundary_Fields_Addition_2010-12 — Maale_gilboa_makruz_2011,76.0,3.0,,,,,,,,
Boundary_Fields_Addition_2010-12 — Maale_gilboa_makruz_2011,77.0,3.0,,,,,,,,
Boundary_Fields_Addition_2010-12 — Maale_gilboa_makruz_2011,78.0,3.0,,,,,,,,
Boundary_Fields_Addition_2010-12 — Maale_gilboa_makruz_2011,79.0,3.0,,,,,,,,
Boundary_Fields_Addition_2010-12 — Maale_gilboa_makruz_2011,80.0,3.0,,,,,,,,
Boundary_Fields_Addition_2010-12 — Maale_gilboa_makruz_2011,81.0,3.0,,,,,,,,
Boundary_Fields_Addition_2010-12 — Maale_gilboa_makruz_2011,82.0,3.0,,,,,,,,
Boundary_Fields_Addition_2010-12 — Maale_gilboa_makruz_2011,83.0,3.0,,,,,,,,
Boundary_Fields_Addition_2010-12 — Maale_gilboa_makruz_2011,84.0,3.0,,,,,,,,
Boundary_Fields_Addition_2010-12 — Maale_gilboa_makruz_2011,85.0,3.0,,,,,,,,
Boundary_Fields_Addition_2010-12 — Maale_gilboa_makruz_2011,86.0,3.0,,,,,,,,
Boundary_Fields_Addition_2010-12 — Maale_gilboa_makruz_2011,87.0,3.0,,,,,,,,
Boundary_Fields_Addition_2010-12 — Maale_gilboa_makruz_2011,88.0,3.0,,,,,,,,
Boundary_Fields_Addition_2010-12 — Maale_gilboa_makruz_2011,89.0,3.0,,,,,,,,
Boundary_Fields_Addition_2010-12 — Maale_gilboa_makruz_2011,90.0,3.0,,,,,,,,
Boundary_Fields_Addition_2010-12 — Maale_gilboa_makruz_2011,91.0,3.0,,,,,,,,
Boundary_Fields_Addition_2010-12 — Maale_gilboa_makruz_2011,92.0,3.0,,,,,,,,
Boundary_Fields_Addition_2010-12 — Maale_gilboa_makruz_2011,93.0,3.0,,,,,,,,
Boundary_Fields_Addition_2010-12 — Maale_gilboa_makruz_2011,94.0,3.0,,,,,,,,
Boundary_Fields_Addition_2010-12 — Maale_gilboa_makruz_2011,95.0,3.0,,,,,,,,
Boundary_Fields_Addition_2010-12 — Maale_gilboa_makruz_2011,96.0,3.0,,,,,,,,
Boundary_Fields_Addition_2010-12 — Maale_gilboa_makruz_2011,97.0,3.0,,,,,,,,
Boundary_Fields_Addition_2010-12 — Maale_gilboa_makruz_2011,98.0,3.0,,,,,,,,
Boundary_Fields_Addition_2010-12 — Maale_gilboa_makruz_2011,99.0,3.0,,,,,,,,
Boundary_Fields_Addition_2010-12 — Maale_gilboa_makruz_2011,100.0,3.0,,,,,,,,
Boundary_Fields_Addition_2010-12 — Maale_gilboa_makruz_2011,101.0,3.0,,,,,,,,
Boundary_Fields_Addition_2010-12 — Maale_gilboa_makruz_2011,102.0,3.0,,,,,,,,
Boundary_Fields_Addition_2010-12 — Maale_gilboa_makruz_2011,103.0,3.0,,,,,,,,
Boundary_Fields_Addition_2010-12 — Maale_gilboa_makruz_2011,104.0,3.0,,,,,,,,
Boundary_Fields_Addition_2010-12 — Maale_gilboa_makruz_2011,105.0,3.0,,,,,,,,
Boundary_Fields_Addition_2010-12 — Maale_gilboa_makruz_2011,106.0,3.0,,,,,,,,
Boundary_Fields_Addition_2010-12 — Maale_gilboa_makruz_2011,107.0,3.0,,,,,,,,
Boundary_Fields_Addition_2010-12 — Maale_gilboa_makruz_2011,108.0,3.0,,,,,,,,
Boundary_Fields_Addition_2010-12 — Maale_gilboa_makruz_2011,109.0,3.0,,,,,,,,
Boundary_Fields_Addition_2010-12 — Maale_gilboa_makruz_2011,110.0,3.0,,,,,,,,
Boundary_Fields_Addition_2010-12 — Maale_gilboa_makruz_2011,111.0,3.0,,,,,,,,
Boundary_Fields_Addition_2010-12 — Maale_gilboa_makruz_2011,112.0,3.0,,,,,,,,
Boundary_Fields_Addition_2010-12 — Maale_gilboa_makruz_2011,113.0,3.0,,,,,,,,
Boundary_Fields_Addition_2010-12 — Maale_gilboa_makruz_2011,114.0,3.0,,,,,,,,
Boundary_Fields_Addition_2010-12 — Maale_gilboa_makruz_2011,115.0,3.0,,,,,,,,
Boundary_Fields_Addition_2010-12 — Maale_gilboa_makruz_2011,116.0,3.0,,,,,,,,
Boundary_Fields_Addition_2010-12 — Maale_gilboa_makruz_2011,117.0,3.0,,,,,,,,
Boundary_Fields_Addition_2010-12 — Maale_gilboa_makruz_2011,118.0,3.0,,,,,,,,
Boundary_Fields_Addition_2010-12 — Maale_gilboa_makruz_2011,119.0,3.0,,,,,,,,
Boundary_Fields_Addition_2010-12 — Maale_gilboa_makruz_2011,120.0,3.0,,,,,,,,
Boundary_Fields_Addition_2010-12 — Maale_gilboa_makruz_2011,121.0,3.0,,,,,,,,
Boundary_Fields_Addition_2010-12 — Maale_gilboa_makruz_2011,122.0,3.0,,,,,,,,
Boundary_Fields_Addition_2010-12 — Maale_gilboa_makruz_2011,123.0,3.0,,,,,,,,
Boundary_Fields_Addition_2010-12 — Maale_gilboa_makruz_2011,124.0,3.0,,,,,,,,
Boundary_Fields_Addition_2010-12 — Maale_gilboa_makruz_2011,125.0,3.0,,,,,,,,
Boundary_Fields_Addition_2010-12 — Maale_gilboa_makruz_2011,126.0,3.0,,,,,,,,
Boundary_Fields_Addition_2010-12 — Maale_gilboa_makruz_2011,127.0,3.0,,,,,,,,
Boundary_Fields_Addition_2010-12 — Maale_gilboa_makruz_2011,128.0,3.0,,,,,,,,
Boundary_Fields_Addition_2010-12 — Maale_gilboa_makruz_2011,129.0,3.0,,,,,,,,
Boundary_Fields_Addition_2010-12 — Maale_gilboa_makruz_2011,130.0,3.0,,,,,,,,
Boundary_Fields_Addition_2010-12 — Maale_gilboa_makruz_2011,131.0,3.0,,,,,,,,
Boundary_Fields_Addition_2010-12 — Maale_gilboa_makruz_2011,132.0,3.0,,,,,,,,
Boundary_Fields_Addition_2010-12 — Maale_gilboa_makruz_2011,133.0,3.0,,,,,,,,
Boundary_Fields_Addition_2010-12 — Maale_gilboa_makruz_2011,134.0,3.0,,,,,,,,
Boundary_Fields_Addition_2010-12 — Maale_gilboa_makruz_2011,135.0,3.0,,,,,,,,
Boundary_Fields_Addition_2010-12 — Maale_gilboa_makruz_2011,136.0,3.0,,,,,,,,
Boundary_Fields_Addition_2010-12 — Maale_gilboa_makruz_2011,137.0,3.0,,,,,,,,
Boundary_Fields_Addition_2010-12 — Maale_gilboa_makruz_2011,138.0,3.0,,,,,,,,
Boundary_Fields_Addition_2010-12 — Maale_gilboa_makruz_2011,139.0,3.0,,,,,,,,
Boundary_Fields_Addition_2010-12 — Maale_gilboa_makruz_2011,140.0,3.0,,,,,,,,
Boundary_Fields_Addition_2010-12 — Maale_gilboa_makruz_2011,141.0,3.0,,,,,,,,
Boundary_Fields_Addition_2010-12 — Maale_gilboa_makruz_2011,142.0,3.0,,,,,,,,
Boundary_Fields_Addition_2010-12 — Maale_gilboa_makruz_2011,143.0,3.0,,,,,,,,
Boundary_Fields_Addition_2010-12 — Maale_gilboa_makruz_2011,144.0,3.0,,,,,,,,
Boundary_Fields_Addition_2010-12 — Maale_gilboa_makruz_2011,145.0,3.0,,,,,,,,
Boundary_Fields_Addition_2010-12 — Maale_gilboa_makruz_2011,146.0,1.0,,,,,,,,
Boundary_Fields_Addition_2010-12 — Maale_gilboa_makruz_2011,147.0,1.0,,,,,,,,
Boundary_Fields_Addition_2010-12 — Maale_gilboa_makruz_2011,148.0,1.0,,,,,,,,
Boundary_Fields_Addition_2010-12 — Maale_gilboa_makruz_2011,149.0,1.0,,,,,,,,
Boundary_Fields_Addition_2010-12 — Maale_gilboa_makruz_2011,150.0,1.0,,,,,,,,
Boundary_Fields_Addition_2010-12 — Maale_gilboa_makruz_2011,151.0,1.0,,,,,,,,
Boundary_Fields_Addition_2010-12 — Maale_gilboa_makruz_2011,152.0,1.0,,,,,,,,
Boundary_Fields_Addition_2010-12 — Maale_gilboa_makruz_2011,153.0,1.0,,,,,,,,
Boundary_Fields_Addition_2010-12 — Maale_gilboa_makruz_2011,154.0,1.0,,,,,,,,
Boundary_Fields_Addition_2010-12 — Maale_gilboa_makruz_2011,155.0,1.0,,,,,,,,
Boundary_Fields_Addition_2010-12 — Maale_gilboa_makruz_2011,156.0,1.0,,,,,,,,
Boundary_Fields_Addition_2010-12 — Maale_gilboa_makruz_2011,157.0,1.0,,,,,,,,
Boundary_Fields_Addition_2010-12 — Maale_gilboa_makruz_2011,158.0,1.0,,,,,,,,
Boundary_Fields_Addition_2010-12 — Maale_gilboa_makruz_2011,159.0,1.0,,,,,,,,
Boundary_Fields_Addition_2010-12 — Maale_gilboa_makruz_2011,160.0,1.0,,,,,,,,
Boundary_Fields_Addition_2010-12 — Maale_gilboa_makruz_2011,161.0,1.0,,,,,,,,
Boundary_Fields_Addition_2010-12 — Maale_gilboa_makruz_2011,162.0,1.0,,,,,,,,
Boundary_Fields_Addition_2010-12 — Maale_gilboa_makruz_2011,163.0,1.0,,,,,,,,
Boundary_Fields_Addition_2010-12 — Maale_gilboa_makruz_2011,164.0,1.0,,,,,,,,
Boundary_Fields_Addition_2010-12 — Maale_gilboa_makruz_2011,165.0,1.0,,,,,,,,
Boundary_Fields_Addition_2010-12 — Maale_gilboa_makruz_2011,166.0,1.0,,,,,,,,
Boundary_Fields_Addition_2010-12 — Maale_gilboa_makruz_2011,167.0,1.0,,,,,,,,
Boundary_Fields_Addition_2010-12 — Maale_gilboa_makruz_2011,168.0,2.0,,,,,,,,
Boundary_Fields_Addition_2010-12 — Maale_gilboa_makruz_2011,169.0,3.0,,,,,,,,
Boundary_Fields_Addition_2010-12 — Maale_gilboa_makruz_2011,170.0,3.0,,,,,,,,
Boundary_Fields_Addition_2010-12 — Maale_gilboa_makruz_2011,171.0,3.0,,,,,,,,
Boundary_Fields_Addition_2010-12 — Maale_gilboa_makruz_2011,172.0,3.0,,,,,,,,
Boundary_Fields_Addition_2010-12 — Maale_gilboa_makruz_2011,173.0,3.0,,,,,,,,
Boundary_Fields_Addition_2010-12 — Maale_gilboa_makruz_2011,174.0,3.0,,,,,,,,
Boundary_Fields_Addition_2010-12 — Maale_gilboa_makruz_2011,175.0,3.0,,,,,,,,
Boundary_Fields_Addition_2010-12 — Maale_gilboa_makruz_2011,176.0,3.0,,,,,,,,
Boundary_Fields_Addition_2010-12 — Maale_gilboa_makruz_2011,177.0,3.0,,,,,,,,
Boundary_Fields_Addition_2010-12 — Maale_gilboa_makruz_2011,178.0,3.0,,,,,,,,
Boundary_Fields_Addition_2010-12 — Maale_gilboa_makruz_2011,179.0,3.0,,,,,,,,
Boundary_Fields_Addition_2010-12 — Maale_gilboa_makruz_2011,180.0,3.0,,,,,,,,
Boundary_Fields_Addition_2010-12 — Maale_gilboa_makruz_2011,181.0,3.0,,,,,,,,
Boundary_Fields_Addition_2010-12 — Maale_gilboa_makruz_2011,182.0,3.0,,,,,,,,
Boundary_Fields_Addition_2010-12 — Maale_gilboa_makruz_2011,183.0,3.0,,,,,,,,
Boundary_Fields_Addition_2010-12 — Maale_gilboa_makruz_2011,184.0,3.0,,,,,,,,
Boundary_Fields_Addition_2010-12 — Maale_gilboa_makruz_2011,185.0,3.0,,,,,,,,
Boundary_Fields_Addition_2010-12 — Maale_gilboa_makruz_2011,186.0,3.0,,,,,,,,
Boundary_Fields_Addition_2010-12 — Maale_gilboa_makruz_2011,187.0,3.0,,,,,,,,
Boundary_Fields_Addition_2010-12 — Maale_gilboa_makruz_2011,188.0,3.0,,,,,,,,
Boundary_Fields_Addition_2010-12 — Maale_gilboa_makruz_2011,189.0,3.0,,,,,,,,
Boundary_Fields_Addition_2010-12 — Maale_gilboa_makruz_2011,190.0,3.0,,,,,,,,
Boundary_Fields_Addition_2010-12 — Maale_gilboa_makruz_2011,191.0,3.0,,,,,,,,
Boundary_Fields_Addition_2010-12 — Maale_gilboa_makruz_2011,192.0,3.0,,,,,,,,
Boundary_Fields_Addition_2010-12 — Maale_gilboa_makruz_2011,193.0,3.0,,,,,,,,
Boundary_Fields_Addition_2010-12 — Maale_gilboa_makruz_2011,194.0,3.0,,,,,,,,
Boundary_Fields_Addition_2010-12 — Maale_gilboa_makruz_2011,195.0,3.0,,,,,,,,
Boundary_Fields_Addition_2010-12 — Maale_gilboa_makruz_2011,196.0,3.0,,,,,,,,
Boundary_Fields_Addition_2010-12 — Maale_gilboa_makruz_2011,197.0,3.0,,,,,,,,
Boundary_Fields_Addition_2010-12 — Maale_gilboa_makruz_2011,198.0,3.0,,,,,,,,
Boundary_Fields_Addition_2010-12 — Maale_gilboa_makruz_2011,199.0,3.0,,,,,,,,
Boundary_Fields_Addition_2010-12 — Maale_gilboa_makruz_2011,200.0,3.0,,,,,,,,
Boundary_Fields_Addition_2010-12 — Maale_gilboa_makruz_2011,201.0,3.0,,,,,,,,
Boundary_Fields_Addition_2010-12 — Maale_gilboa_makruz_2011,202.0,3.0,,,,,,,,
Boundary_Fields_Addition_2010-12 — Maale_gilboa_makruz_2011,203.0,3.0,,,,,,,,
Boundary_Fields_Addition_2010-12 — Maale_gilboa_makruz_2011,204.0,3.0,,,,,,,,
Boundary_Fields_Addition_2010-12 — Maale_gilboa_makruz_2011,205.0,3.0,,,,,,,,
Boundary_Fields_Addition_2010-12 — Maale_gilboa_makruz_2011,206.0,3.0,,,,,,,,
Boundary_Fields_Addition_2010-12 — Maale_gilboa_makruz_2011,207.0,3.0,,,,,,,,
Boundary_Fields_Addition_2010-12 — Maale_gilboa_makruz_2011,208.0,3.0,,,,,,,,
Boundary_Fields_Addition_2010-12 — Maale_gilboa_makruz_2011,209.0,3.0,,,,,,,,
Boundary_Fields_Addition_2010-12 — Maale_gilboa_makruz_2011,210.0,3.0,,,,,,,,
Boundary_Fields_Addition_2010-12 — Maale_gilboa_makruz_2011,211.0,3.0,,,,,,,,
Boundary_Fields_Addition_2010-12 — Maale_gilboa_makruz_2011,212.0,3.0,,,,,,,,
Boundary_Fields_Addition_2010-12 — Maale_gilboa_makruz_2011,213.0,3.0,,,,,,,,
Boundary_Fields_Addition_2010-12 — Maale_gilboa_makruz_2011,214.0,3.0,,,,,,,,
Boundary_Fields_Addition_2010-12 — Maale_gilboa_makruz_2011,215.0,3.0,,,,,,,,
Boundary_Fields_Addition_2010-12 — Maale_gilboa_makruz_2011,216.0,3.0,,,,,,,,
Boundary_Fields_Addition_2010-12 — Maale_gilboa_makruz_2011,217.0,3.0,,,,,,,,
Boundary_Fields_Addition_2010-12 — Maale_gilboa_makruz_2011,218.0,3.0,,,,,,,,
Boundary_Fields_Addition_2010-12 — Maale_gilboa_makruz_2011,219.0,3.0,,,,,,,,
Boundary_Fields_Addition_2010-12 — Maale_gilboa_makruz_2011,220.0,3.0,,,,,,,,
Boundary_Fields_Addition_2010-12 — Maale_gilboa_makruz_2011,221.0,3.0,,,,,,,,
Boundary_Fields_Addition_2010-12 — Maale_gilboa_makruz_2011,222.0,3.0,,,,,,,,
Boundary_Fields_Addition_2010-12 — Maale_gilboa_makruz_2011,223.0,3.0,,,,,,,,
Boundary_Fields_Addition_2010-12 — Maale_gilboa_makruz_2011,224.0,3.0,,,,,,,,
Boundary_Fields_Addition_2010-12 — Maale_gilboa_makruz_2011,225.0,3.0,,,,,,,,
Boundary_Fields_Addition_2010-12 — Maale_gilboa_makruz_2011,226.0,3.0,,,,,,,,
Boundary_Fields_Addition_2010-12 — Maale_gilboa_makruz_2011,227.0,3.0,,,,,,,,
Boundary_Fields_Addition_2010-12 — Maale_gilboa_makruz_2011,228.0,3.0,,,,,,,,
Boundary_Fields_Addition_2010-12 — Maale_gilboa_makruz_2011,229.0,3.0,,,,,,,,
Boundary_Fields_Addition_2010-12 — Maale_gilboa_makruz_2011,230.0,3.0,,,,,,,,
Boundary_Fields_Addition_2010-12 — Maale_gilboa_makruz_2011,231.0,3.0,,,,,,,,
Boundary_Fields_Addition_2010-12 — Maale_gilboa_makruz_2011,232.0,3.0,,,,,,,,
Boundary_Fields_Addition_2010-12 — Maale_gilboa_makruz_2011,233.0,3.0,,,,,,,,
Boundary_Fields_Addition_2010-12 — Maale_gilboa_makruz_2011,234.0,3.0,,,,,,,,
Boundary_Fields_Addition_2010-12 — Maale_gilboa_makruz_2011,235.0,3.0,,,,,,,,
Boundary_Fields_Addition_2010-12 — Maale_gilboa_makruz_2011,236.0,3.0,,,,,,,,
Boundary_Fields_Addition_2010-12 — Maale_gilboa_makruz_2011,237.0,3.0,,,,,,,,
Boundary_Fields_Addition_2010-12 — Maale_gilboa_makruz_2011,238.0,3.0,,,,,,,,
Boundary_Fields_Addition_2010-12 — Maale_gilboa_makruz_2011,239.0,3.0,,,,,,,,
Boundary_Fields_Addition_2010-12 — Maale_gilboa_makruz_2011,240.0,3.0,,,,,,,,
Boundary_Fields_Addition_2010-12 — Maale_gilboa_makruz_2011,241.0,3.0,,,,,,,,
Boundary_Fields_Addition_2010-12 — Maale_gilboa_makruz_2011,242.0,3.0,,,,,,,,
Boundary_Fields_Addition_2010-12 — Maale_gilboa_makruz_2011,243.0,3.0,,,,,,,,
Boundary_Fields_Addition_2010-12 — Maale_gilboa_makruz_2011,244.0,3.0,,,,,,,,
Boundary_Fields_Addition_2010-12 — Maale_gilboa_makruz_2011,245.0,3.0,,,,,,,,
Boundary_Fields_Addition_2010-12 — Maale_gilboa_makruz_2011,246.0,3.0,,,,,,,,
Boundary_Fields_Addition_2010-12 — Maale_gilboa_makruz_2011,247.0,3.0,,,,,,,,
Boundary_Fields_Addition_2010-12 — Maale_gilboa_makruz_2011,248.0,2.0,,,,,,,,
Boundary_Fields_Addition_2010-12 — Maale_gilboa_makruz_2011,249.0,1.0,,,,,,,,
Boundary_Fields_Addition_2010-12 — Maale_gilboa_makruz_2011,250.0,1.0,,,,,,,,
Boundary_Fields_Addition_2010-12 — Maale_gilboa_makruz_2011,251.0,1.0,,,,,,,,
Boundary_Fields_Addition_2010-12 — Maale_gilboa_makruz_2011,252.0,1.0,,,,,,,,
Boundary_Fields_Addition_2010-12 — Maale_gilboa_makruz_2011,253.0,1.0,,,,,,,,
Boundary_Fields_Addition_2010-12 — Maale_gilboa_makruz_2011,254.0,1.0,,,,,,,,
Boundary_Fields_Addition_2010-12 — Maale_gilboa_makruz_2011,255.0,1.0,,,,,,,,
Boundary_Fields_Addition_2010-12 — Maale_gilboa_makruz_2011,256.0,1.0,,,,,,,,
Boundary_Fields_Addition_2010-12 — Maale_gilboa_makruz_2011,257.0,1.0,,,,,,,,
Boundary_Fields_Addition_2010-12 — Maale_gilboa_makruz_2011,258.0,1.0,,,,,,,,
Boundary_Fields_Addition_2010-12 — Maale_gilboa_makruz_2011,259.0,1.0,,,,,,,,
Boundary_Fields_Addition_2010-12 — Maale_gilboa_makruz_2011,260.0,1.0,,,,,,,,
Boundary_Fields_Addition_2010-12 — Maale_gilboa_makruz_2011,261.0,1.0,,,,,,,,
Boundary_Fields_Addition_2010-12 — Maale_gilboa_makruz_2011,262.0,1.0,,,,,,,,
Boundary_Fields_Addition_2010-12 — Maale_gilboa_makruz_2011,263.0,1.0,,,,,,,,
Boundary_Fields_Addition_2010-12 — Maale_gilboa_makruz_2011,264.0,1.0,,,,,,,,
Boundary_Fields_Addition_2010-12 — Maale_gilboa_makruz_2011,265.0,1.0,,,,,,,,
Boundary_Fields_Addition_2010-12 — Maale_gilboa_makruz_2011,266.0,1.0,,,,,,,,
Boundary_Fields_Addition_2010-12 — Maale_gilboa_makruz_2011,267.0,1.0,,,,,,,,
Boundary_Fields_Addition_2010-12 — Maale_gilboa_makruz_2011,268.0,1.0,,,,,,,,
Boundary_Fields_Addition_2010-12 — Maale_gilboa_makruz_2011,269.0,1.0,,,,,,,,
Boundary_Fields_Addition_2010-12 — Maale_gilboa_makruz_2011,270.0,1.0,,,,,,,,
Boundary_Fields_Addition_2010-12 — Maale_gilboa_makruz_2011,271.0,3.0,,,,,,,,
Boundary_Fields_Addition_2010-12 — Maale_gilboa_makruz_2011,272.0,3.0,,,,,,,,
Boundary_Fields_Addition_2010-12 — Maale_gilboa_makruz_2011,273.0,3.0,,,,,,,,
Boundary_Fields_Addition_2010-12 — Maale_gilboa_makruz_2011,274.0,3.0,,,,,,,,
Boundary_Fields_Addition_2010-12 — Maale_gilboa_makruz_2011,275.0,3.0,,,,,,,,
Boundary_Fields_Addition_2010-12 — Maale_gilboa_makruz_2011,276.0,3.0,,,,,,,,
Boundary_Fields_Addition_2010-12 — Maale_gilboa_makruz_2011,277.0,3.0,,,,,,,,
Boundary_Fields_Addition_2010-12 — Maale_gilboa_makruz_2011,278.0,3.0,,,,,,,,
Boundary_Fields_Addition_2010-12 — Maale_gilboa_makruz_2011,279.0,3.0,,,,,,,,
Boundary_Fields_Addition_2010-12 — Maale_gilboa_makruz_2011,280.0,3.0,,,,,,,,
Boundary_Fields_Addition_2010-12 — Maale_gilboa_makruz_2011,281.0,3.0,,,,,,,,
Boundary_Fields_Addition_2010-12 — Maale_gilboa_makruz_2011,282.0,3.0,,,,,,,,
Boundary_Fields_Addition_2010-12 — Maale_gilboa_makruz_2011,283.0,3.0,,,,,,,,
Boundary_Fields_Addition_2010-12 — Maale_gilboa_makruz_2011,284.0,3.0,,,,,,,,
Boundary_Fields_Addition_2010-12 — Maale_gilboa_makruz_2011,285.0,3.0,,,,,,,,
Boundary_Fields_Addition_2010-12 — Maale_gilboa_makruz_2011,286.0,3.0,,,,,,,,
Boundary_Fields_Addition_2010-12 — Maale_gilboa_makruz_2011,287.0,3.0,,,,,,,,
Boundary_Fields_Addition_2010-12 — Maale_gilboa_makruz_2011,288.0,3.0,,,,,,,,
Boundary_Fields_Addition_2010-12 — Maale_gilboa_makruz_2011,289.0,3.0,,,,,,,,
Boundary_Fields_Addition_2010-12 — Maale_gilboa_makruz_2011,290.0,3.0,,,,,,,,
Boundary_Fields_Addition_2010-12 — Maale_gilboa_makruz_2011,291.0,3.0,,,,,,,,
Boundary_Fields_Addition_2010-12 — Maale_gilboa_makruz_2011,292.0,3.0,,,,,,,,
Boundary_Fields_Addition_2010-12 — Maale_gilboa_makruz_2011,293.0,3.0,,,,,,,,
Boundary_Fields_Addition_2010-12 — Maale_gilboa_makruz_2011,294.0,3.0,,,,,,,,
Boundary_Fields_Addition_2010-12 — Maale_gilboa_makruz_2011,295.0,3.0,,,,,,,,
Boundary_Fields_Addition_2010-12 — Maale_gilboa_makruz_2011,296.0,3.0,,,,,,,,
Boundary_Fields_Addition_2010-12 — Maale_gilboa_makruz_2011,297.0,3.0,,,,,,,,
Boundary_Fields_Addition_2010-12 — Maale_gilboa_makruz_2011,298.0,3.0,,,,,,,,
Boundary_Fields_Addition_2010-12 — Maale_gilboa_makruz_2011,299.0,3.0,,,,,,,,
Boundary_Fields_Addition_2010-12 — Maale_gilboa_makruz_2011,300.0,3.0,,,,,,,,
Boundary_Fields_Addition_2010-12 — Maale_gilboa_makruz_2011,301.0,3.0,,,,,,,,
Boundary_Fields_Addition_2010-12 — Maale_gilboa_makruz_2011,302.0,3.0,,,,,,,,
Boundary_Fields_Addition_2010-12 — Maale_gilboa_makruz_2011,303.0,3.0,,,,,,,,
Boundary_Fields_Addition_2010-12 — Maale_gilboa_makruz_2011,304.0,3.0,,,,,,,,
Boundary_Fields_Addition_2010-12 — Maale_gilboa_makruz_2011,305.0,3.0,,,,,,,,
Boundary_Fields_Addition_2010-12 — Maale_gilboa_makruz_2011,306.0,3.0,,,,,,,,
Boundary_Fields_Addition_2010-12 — Maale_gilboa_makruz_2011,307.0,3.0,,,,,,,,
Boundary_Fields_Addition_2010-12 — Maale_gilboa_makruz_2011,308.0,3.0,,,,,,,,
Boundary_Fields_Addition_2010-12 — Maale_gilboa_makruz_2011,309.0,3.0,,,,,,,,
Boundary_Fields_Addition_2010-12 — Maale_gilboa_makruz_2011,310.0,3.0,,,,,,,,
Boundary_Fields_Addition_2010-12 — Maale_gilboa_makruz_2011,311.0,3.0,,,,,,,,
Boundary_Fields_Addition_2010-12 — Maale_gilboa_makruz_2011,312.0,1.0,,,,,,,,
Boundary_Fields_Addition_2010-12 — Maale_gilboa_makruz_2011,313.0,1.0,,,,,,,,
Boundary_Fields_Addition_2010-12 — Maale_gilboa_makruz_2011,314.0,1.0,,,,,,,,
Boundary_Fields_Addition_2010-12 — Maale_gilboa_makruz_2011,315.0,1.0,,,,,,,,
Boundary_Fields_Addition_2010-12 — Maale_gilboa_makruz_2011,316.0,1.0,,,,,,,,
Boundary_Fields_Addition_2010-12 — Maale_gilboa_makruz_2011,317.0,1.0,,,,,,,,
Boundary_Fields_Addition_2010-12 — Maale_gilboa_makruz_2011,318.0,1.0,,,,,,,,
Boundary_Fields_Addition_2010-12 — Maale_gilboa_makruz_2011,319.0,1.0,,,,,,,,
Boundary_Fields_Addition_2010-12 — Maale_gilboa_makruz_2011,320.0,1.0,,,,,,,,
Boundary_Fields_Addition_2010-12 — Maale_gilboa_makruz_2011,321.0,1.0,,,,,,,,
Boundary_Fields_Addition_2010-12 — Maale_gilboa_makruz_2011,322.0,1.0,,,,,,,,
Boundary_Fields_Addition_2010-12 — Maale_gilboa_makruz_2011,323.0,1.0,,,,,,,,
Boundary_Fields_Addition_2010-12 — Maale_gilboa_makruz_2011,324.0,1.0,,,,,,,,
Boundary_Fields_Addition_2010-12 — Maale_gilboa_makruz_2011,325.0,1.0,,,,,,,,
Boundary_Fields_Addition_2010-12 — Maale_gilboa_makruz_2011,326.0,1.0,,,,,,,,
Boundary_Fields_Addition_2010-12 — Maale_gilboa_makruz_2011,327.0,1.0,,,,,,,,
Boundary_Fields_Addition_2010-12 — Maale_gilboa_makruz_2011,328.0,1.0,,,,,,,,
Boundary_Fields_Addition_2010-12 — Maale_gilboa_makruz_2011,329.0,1.0,,,,,,,,
Boundary_Fields_Addition_2010-12 — Maale_gilboa_makruz_2011,330.0,1.0,,,,,,,,
Boundary_Fields_Addition_2010-12 — Maale_gilboa_makruz_2011,331.0,1.0,,,,,,,,
Boundary_Fields_Addition_2010-12 — Maale_gilboa_makruz_2011,332.0,1.0,,,,,,,,
Boundary_Fields_Addition_2010-12 — Maale_gilboa_makruz_2011,333.0,1.0,,,,,,,,
Boundary_Fields_Addition_2010-12 — Maale_gilboa_makruz_2011,334.0,1.0,,,,,,,,
Boundary_Fields_Addition_2010-12 — Maale_gilboa_makruz_2011,335.0,1.0,,,,,,,,
Boundary_Fields_Addition_2010-12 — Maale_gilboa_makruz_2011,336.0,1.0,,,,,,,,
Boundary_Fields_Addition_2010-12 — Maale_gilboa_makruz_2011,337.0,1.0,,,,,,,,
Boundary_Fields_Addition_2010-12 — Maale_gilboa_makruz_2011,338.0,1.0,,,,,,,,
Boundary_Fields_Addition_2010-12 — Maale_gilboa_makruz_2011,339.0,1.0,,,,,,,,
Boundary_Fields_Addition_2010-12 — Maale_gilboa_makruz_2011,340.0,1.0,,,,,,,,
Boundary_Fields_Addition_2010-12 — Maale_gilboa_makruz_2011,341.0,1.0,,,,,,,,
Boundary_Fields_Addition_2010-12 — Maale_gilboa_makruz_2011,342.0,1.0,,,,,,,,
Boundary_Fields_Addition_2010-12 — Maale_gilboa_makruz_2011,343.0,1.0,,,,,,,,
Boundary_Fields_Addition_2010-12 — Maale_gilboa_makruz_2011,344.0,1.0,,,,,,,,
Boundary_Fields_Addition_2010-12 — Maale_gilboa_makruz_2011,345.0,1.0,,,,,,,,
Boundary_Fields_Addition_2010-12 — Maale_gilboa_makruz_2011,346.0,1.0,,,,,,,,
Boundary_Fields_Addition_2010-12 — Maale_gilboa_makruz_2011,347.0,1.0,,,,,,,,
Boundary_Fields_Addition_2010-12 — Maale_gilboa_makruz_2011,348.0,1.0,,,,,,,,
Boundary_Fields_Addition_2010-12 — Maale_gilboa_makruz_2011,349.0,1.0,,,,,,,,
Boundary_Fields_Addition_2010-12 — Maale_gilboa_makruz_2011,350.0,1.0,,,,,,,,
Boundary_Fields_Addition_2010-12 — Maale_gilboa_makruz_2011,351.0,1.0,,,,,,,,
Boundary_Fields_Addition_2010-12 — Maale_gilboa_makruz_2011,352.0,1.0,,,,,,,,
Boundary_Fields_Addition_2010-12 — Maale_gilboa_makruz_2011,353.0,1.0,,,,,,,,
Boundary_Fields_Addition_2010-12 — Maale_gilboa_makruz_2011,354.0,1.0,,,,,,,,
Boundary_Fields_Addition_2010-12 — Maale_gilboa_makruz_2011,355.0,1.0,,,,,,,,
Boundary_Fields_Addition_2010-12 — Maale_gilboa_makruz_2011,356.0,1.0,,,,,,,,
Boundary_Fields_Addition_2010-12 — Maale_gilboa_makruz_2011,357.0,1.0,,,,,,,,
Boundary_Fields_Addition_2010-12 — Maale_gilboa_makruz_2011,358.0,1.0,,,,,,,,
Boundary_Fields_Addition_2010-12 — Maale_gilboa_makruz_2011,359.0,1.0,,,,,,,,
Boundary_Fields_Addition_2010-12 — Maale_gilboa_makruz_2011,360.0,1.0,,,,,,,,
Boundary_Fields_Addition_2010-12 — Maale_gilboa_makruz_2011,361.0,1.0,,,,,,,,
Boundary_Fields_Addition_2010-12 — Maale_gilboa_makruz_2011,362.0,1.0,,,,,,,,
Boundary_Fields_Addition_2010-12 — Maale_gilboa_makruz_2011,363.0,1.0,,,,,,,,
Boundary_Fields_Addition_2010-12 — Maale_gilboa_makruz_2011,364.0,1.0,,,,,,,,
Boundary_Fields_Addition_2010-12 — Maale_gilboa_makruz_2011,365.0,1.0,,,,,,,,
Boundary_Fields_Addition_2010-12 — Maale_gilboa_makruz_2011,366.0,1.0,,,,,,,,
Boundary_Fields_Addition_2010-12 — Maale_gilboa_makruz_2011,367.0,1.0,,,,,,,,
Boundary_Fields_Addition_2010-12 — Maale_gilboa_makruz_2011,368.0,1.0,,,,,,,,
Boundary_Fields_Addition_2010-12 — Maale_gilboa_makruz_2011,369.0,1.0,,,,,,,,
Boundary_Fields_Addition_2010-12 — Maale_gilboa_makruz_2011,370.0,1.0,,,,,,,,
Boundary_Fields_Addition_2010-12 — Maale_gilboa_makruz_2011,371.0,1.0,,,,,,,,
Boundary_Fields_Addition_2010-12 — Maale_gilboa_makruz_2011,372.0,1.0,,,,,,,,
Boundary_Fields_Addition_2010-12 — Maale_gilboa_makruz_2011,373.0,1.0,,,,,,,,
Boundary_Fields_Addition_2010-12 — Maale_gilboa_makruz_2011,374.0,1.0,,,,,,,,
Boundary_Fields_Addition_2010-12 — Maale_gilboa_makruz_2011,375.0,1.0,,,,,,,,
Boundary_Fields_Addition_2010-12 — Maale_gilboa_makruz_2011,376.0,1.0,,,,,,,,
Boundary_Fields_Addition_2010-12 — Maale_gilboa_makruz_2011,377.0,1.0,,,,,,,,
Boundary_Fields_Addition_2010-12 — Maale_gilboa_makruz_2011,378.0,1.0,,,,,,,,
Boundary_Fields_Addition_2010-12 — Maale_gilboa_makruz_2011,379.0,1.0,,,,,,,,
Boundary_Fields_Addition_2010-12 — Maale_gilboa_makruz_2011,380.0,1.0,,,,,,,,
Boundary_Fields_Addition_2010-12 — Maale_gilboa_makruz_2011,381.0,1.0,,,,,,,,
Boundary_Fields_Addition_2010-12 — Maale_gilboa_makruz_2011,382.0,1.0,,,,,,,,
Boundary_Fields_Addition_2010-12 — Maale_gilboa_makruz_2011,383.0,1.0,,,,,,,,
Boundary_Fields_Addition_2010-12 — Maale_gilboa_makruz_2011,384.0,1.0,,,,,,,,
Boundary_Fields_Addition_2010-12 — Maale_gilboa_makruz_2011,385.0,1.0,,,,,,,,
Boundary_Fields_Addition_2010-12 — Maale_gilboa_makruz_2011,386.0,1.0,,,,,,,,
Boundary_Fields_Addition_2010-12 — Maale_gilboa_makruz_2011,387.0,1.0,,,,,,,,
Boundary_Fields_Addition_2010-12 — Maale_gilboa_makruz_2011,388.0,1.0,,,,,,,,
Boundary_Fields_Addition_2010-12 — Maale_gilboa_makruz_2011,389.0,1.0,,,,,,,,
Boundary_Fields_Addition_2010-12 — Maale_gilboa_makruz_2011,390.0,1.0,,,,,,,,
Boundary_Fields_Addition_2010-12 — Maale_gilboa_makruz_2011,391.0,1.0,,,,,,,,
Boundary_Fields_Addition_2010-12 — Maale_gilboa_makruz_2011,392.0,1.0,,,,,,,,
Boundary_Fields_Addition_2010-12 — Maale_gilboa_makruz_2011,393.0,1.0,,,,,,,,
Boundary_Fields_Addition_2010-12 — Maale_gilboa_makruz_2011,394.0,1.0,,,,,,,,
Boundary_Fields_Addition_2010-12 — Maale_gilboa_makruz_2011,395.0,1.0,,,,,,,,
Boundary_Fields_Addition_2010-12 — Maale_gilboa_makruz_2011,396.0,1.0,,,,,,,,
Boundary_Fields_Addition_2010-12 — Maale_gilboa_makruz_2011,397.0,1.0,,,,,,,,
Boundary_Fields_Addition_2010-12 — Maale_gilboa_makruz_2011,398.0,0.0,,,,,,,,
Boundary_Fields_Addition_2010-12 — Maale_gilboa_makruz_2011,399.0,1.0,,,,,,,,
Boundary_Fields_Addition_2010-12 — Maale_gilboa_makruz_2011,400.0,1.0,,,,,,,,
Boundary_Fields_Addition_2010-12 — Maale_gilboa_makruz_2011,401.0,1.0,,,,,,,,
Boundary_Fields_Addition_2010-12 — Maale_gilboa_makruz_2011,402.0,1.0,,,,,,,,
Boundary_Fields_Addition_2010-12 — Maale_gilboa_makruz_2011,403.0,1.0,,,,,,,,
Boundary_Fields_Addition_2010-12 — Maale_gilboa_makruz_2011,404.0,1.0,,,,,,,,
Boundary_Fields_Addition_2010-12 — Maale_gilboa_makruz_2011,405.0,0.0,,,,,,,,
Boundary_Fields_Addition_2010-12 — Maale_gilboa_makruz_2011,406.0,1.0,,,,,,,,
Boundary_Fields_Addition_2010-12 — Maale_gilboa_makruz_2011,407.0,1.0,,,,,,,,
Boundary_Fields_Addition_2010-12 — Maale_gilboa_makruz_2011,408.0,1.0,,,,,,,,
Boundary_Fields_Addition_2010-12 — Maale_gilboa_makruz_2011,409.0,1.0,,,,,,,,
Boundary_Fields_Addition_2010-12 — Maale_gilboa_makruz_2011,410.0,1.0,,,,,,,,
Boundary_Fields_Addition_2010-12 — Maale_gilboa_makruz_2011,411.0,1.0,,,,,,,,
Boundary_Fields_Addition_2010-12 — Maale_gilboa_makruz_2011,412.0,1.0,,,,,,,,
Boundary_Fields_Addition_2010-12 — Maale_gilboa_makruz_2011,413.0,1.0,,,,,,,,
Boundary_Fields_Addition_2010-12 — Maale_gilboa_makruz_2011,414.0,1.0,,,,,,,,
Boundary_Fields_Addition_2010-12 — Maale_gilboa_makruz_2011,415.0,0.0,,,,,,,,
Boundary_Fields_Addition_2010-12 — Maale_gilboa_makruz_2011,416.0,1.0,,,,,,,,
Boundary_Fields_Addition_2010-12 — Maale_gilboa_makruz_2011,417.0,1.0,,,,,,,,
Boundary_Fields_Addition_2010-12 — Maale_gilboa_makruz_2011,418.0,1.0,,,,,,,,
Boundary_Fields_Addition_2010-12 — Maale_gilboa_makruz_2011,419.0,1.0,,,,,,,,
Boundary_Fields_Addition_2010-12 — Maale_gilboa_makruz_2011,420.0,1.0,,,,,,,,
Boundary_Fields_Addition_2010-12 — Mesilot_mafrek_E_2011,1.0,2.0,,,,,,,,
Boundary_Fields_Addition_2010-12 — Mesilot_mafrek_E_2011,2.0,2.0,,,,,,,,
Boundary_Fields_Addition_2010-12 — Mesilot_mafrek_E_2011,3.0,2.0,,,,,,,,
Boundary_Fields_Addition_2010-12 — Mesilot_mafrek_E_2011,4.0,2.0,,,,,,,,
Boundary_Fields_Addition_2010-12 — Mesilot_mafrek_E_2011,5.0,2.0,,,,,,,,
Boundary_Fields_Addition_2010-12 — Mesilot_mafrek_E_2011,6.0,2.0,,,,,,,,
Boundary_Fields_Addition_2010-12 — Mesilot_mafrek_E_2011,7.0,2.0,,,,,,,,
Boundary_Fields_Addition_2010-12 — Mesilot_mafrek_E_2011,8.0,2.0,,,,,,,,
Boundary_Fields_Addition_2010-12 — Mesilot_mafrek_E_2011,9.0,2.0,,,,,,,,
Boundary_Fields_Addition_2010-12 — Mesilot_mafrek_E_2011,10.0,2.0,,,,,,,,
Boundary_Fields_Addition_2010-12 — Mesilot_mafrek_E_2011,11.0,2.0,,,,,,,,
Boundary_Fields_Addition_2010-12 — Mesilot_mafrek_E_2011,12.0,2.0,,,,,,,,
Boundary_Fields_Addition_2010-12 — Mesilot_mafrek_E_2011,13.0,3.0,,,,,,,,
Boundary_Fields_Addition_2010-12 — Mesilot_mafrek_E_2011,14.0,3.0,,,,,,,,
Boundary_Fields_Addition_2010-12 — Mesilot_mafrek_E_2011,15.0,3.0,,,,,,,,
Boundary_Fields_Addition_2010-12 — Mesilot_mafrek_E_2011,16.0,3.0,,,,,,,,
Boundary_Fields_Addition_2010-12 — Mesilot_mafrek_E_2011,17.0,3.0,,,,,,,,
Boundary_Fields_Addition_2010-12 — Mesilot_mafrek_E_2011,18.0,3.0,,,,,,,,
Boundary_Fields_Addition_2010-12 — Mesilot_mafrek_E_2011,19.0,3.0,,,,,,,,
Boundary_Fields_Addition_2010-12 — Mesilot_mafrek_E_2011,20.0,3.0,,,,,,,,
Boundary_Fields_Addition_2010-12 — Mesilot_mafrek_E_2011,21.0,3.0,,,,,,,,
Boundary_Fields_Addition_2010-12 — Mesilot_mafrek_E_2011,22.0,3.0,,,,,,,,
Boundary_Fields_Addition_2010-12 — Mesilot_mafrek_E_2011,23.0,3.0,,,,,,,,
Boundary_Fields_Addition_2010-12 — Mesilot_mafrek_E_2011,24.0,3.0,,,,,,,,
Boundary_Fields_Addition_2010-12 — Mesilot_mafrek_E_2011,25.0,3.0,,,,,,,,
Boundary_Fields_Addition_2010-12 — Mesilot_mafrek_E_2011,26.0,2.0,,,,,,,,
Boundary_Fields_Addition_2010-12 — Mesilot_mafrek_E_2011,27.0,2.0,,,,,,,,
Boundary_Fields_Addition_2010-12 — Mesilot_mafrek_E_2011,28.0,2.0,,,,,,,,
Boundary_Fields_Addition_2010-12 — Mesilot_mafrek_E_2011,29.0,2.0,,,,,,,,
Boundary_Fields_Addition_2010-12 — Mesilot_mafrek_E_2011,30.0,2.0,,,,,,,,
Boundary_Fields_Addition_2010-12 — Mesilot_mafrek_E_2011,31.0,2.0,,,,,,,,
Boundary_Fields_Addition_2010-12 — Mesilot_mafrek_E_2011,32.0,2.0,,,,,,,,
Boundary_Fields_Addition_2010-12 — Mesilot_mafrek_E_2011,33.0,2.0,,,,,,,,
Boundary_Fields_Addition_2010-12 — Mesilot_mafrek_E_2011,34.0,2.0,,,,,,,,
Boundary_Fields_Addition_2010-12 — Mesilot_mafrek_E_2011,35.0,2.0,,,,,,,,
Boundary_Fields_Addition_2010-12 — Mesilot_mafrek_E_2011,36.0,2.0,,,,,,,,
Boundary_Fields_Addition_2010-12 — Mesilot_mafrek_E_2011,37.0,2.0,,,,,,,,
Boundary_Fields_Addition_2010-12 — Mesilot_mafrek_E_2011,38.0,2.0,,,,,,,,
Boundary_Fields_Addition_2010-12 — Mesilot_mafrek_E_2011,39.0,2.0,,,,,,,,
Boundary_Fields_Addition_2010-12 — Mesilot_mafrek_E_2011,40.0,2.0,,,,,,,,
Boundary_Fields_Addition_2010-12 — Mesilot_mafrek_E_2011,41.0,2.0,,,,,,,,
Boundary_Fields_Addition_2010-12 — Mesilot_mafrek_E_2011,42.0,3.0,,,,,,,,
Boundary_Fields_Addition_2010-12 — Mesilot_mafrek_E_2011,43.0,2.0,,,,,,,,
Boundary_Fields_Addition_2010-12 — Mesilot_mafrek_E_2011,44.0,2.0,,,,,,,,
Boundary_Fields_Addition_2010-12 — Mesilot_mafrek_E_2011,45.0,2.0,,,,,,,,
Boundary_Fields_Addition_2010-12 — Mesilot_mafrek_E_2011,46.0,2.0,,,,,,,,
Boundary_Fields_Addition_2010-12 — Mesilot_mafrek_E_2011,47.0,2.0,,,,,,,,
Boundary_Fields_Addition_2010-12 — Mesilot_mafrek_E_2011,48.0,2.0,,,,,,,,
Boundary_Fields_Addition_2010-12 — Mesilot_mafrek_E_2011,49.0,2.0,,,,,,,,
Boundary_Fields_Addition_2010-12 — Mesilot_mafrek_E_2011,50.0,3.0,,,,,,,,
Boundary_Fields_Addition_2010-12 — Mesilot_mafrek_E_2011,51.0,2.0,,,,,,,,
Boundary_Fields_Addition_2010-12 — Mesilot_mafrek_E_2011,52.0,2.0,,,,,,,,
Boundary_Fields_Addition_2010-12 — Mesilot_mafrek_E_2011,53.0,3.0,,,,,,,,
Boundary_Fields_Addition_2010-12 — Mesilot_mafrek_E_2011,54.0,3.0,,,,,,,,
Boundary_Fields_Addition_2010-12 — Mesilot_mafrek_E_2011,55.0,3.0,,,,,,,,
Boundary_Fields_Addition_2010-12 — Mesilot_mafrek_E_2011,56.0,3.0,,,,,,,,
Boundary_Fields_Addition_2010-12 — Mesilot_mafrek_E_2011,57.0,2.0,,,,,,,,
Boundary_Fields_Addition_2010-12 — Mesilot_mafrek_E_2011,58.0,2.0,,,,,,,,
Boundary_Fields_Addition_2010-12 — Mesilot_mafrek_E_2011,59.0,2.0,,,,,,,,
Boundary_Fields_Addition_2010-12 — Mesilot_mafrek_E_2011,60.0,2.0,,,,,,,,
Boundary_Fields_Addition_2010-12 — Mesilot_mafrek_E_2011,61.0,2.0,,,,,,,,
Boundary_Fields_Addition_2010-12 — Mesilot_mafrek_E_2011,62.0,3.0,,,,,,,,
Boundary_Fields_Addition_2010-12 — Mesilot_mafrek_E_2011,63.0,3.0,,,,,,,,
Boundary_Fields_Addition_2010-12 — Mesilot_mafrek_E_2011,64.0,3.0,,,,,,,,
Boundary_Fields_Addition_2010-12 — Mesilot_mafrek_E_2011,65.0,3.0,,,,,,,,
Boundary_Fields_Addition_2010-12 — Mesilot_mafrek_E_2011,66.0,2.0,,,,,,,,
Boundary_Fields_Addition_2010-12 — Mesilot_mafrek_E_2011,67.0,2.0,,,,,,,,
Boundary_Fields_Addition_2010-12 — Mesilot_mafrek_E_2011,68.0,2.0,,,,,,,,
Boundary_Fields_Addition_2010-12 — Mesilot_mafrek_E_2011,69.0,2.0,,,,,,,,
Boundary_Fields_Addition_2010-12 — Mesilot_mafrek_E_2011,70.0,2.0,,,,,,,,
Boundary_Fields_Addition_2010-12 — Mesilot_mafrek_E_2011,71.0,2.0,,,,,,,,
Boundary_Fields_Addition_2010-12 — Mesilot_mafrek_E_2011,72.0,2.0,,,,,,,,
Boundary_Fields_Addition_2010-12 — Mesilot_mafrek_E_2011,73.0,2.0,,,,,,,,
Boundary_Fields_Addition_2010-12 — Mesilot_mafrek_E_2011,74.0,2.0,,,,,,,,
Boundary_Fields_Addition_2010-12 — Mesilot_mafrek_E_2011,75.0,2.0,,,,,,,,
Boundary_Fields_Addition_2010-12 — Mesilot_mafrek_E_2011,76.0,2.0,,,,,,,,
Boundary_Fields_Addition_2010-12 — Mesilot_mafrek_E_2011,77.0,2.0,,,,,,,,
Boundary_Fields_Addition_2010-12 — Mesilot_mafrek_E_2011,78.0,2.0,,,,,,,,
Boundary_Fields_Addition_2010-12 — Mesilot_mafrek_E_2011,79.0,2.0,,,,,,,,
Boundary_Fields_Addition_2010-12 — Mesilot_mafrek_E_2011,80.0,3.0,,,,,,,,
Boundary_Fields_Addition_2010-12 — Mesilot_mafrek_E_2011,81.0,2.0,,,,,,,,
Boundary_Fields_Addition_2010-12 — Mesilot_mafrek_E_2011,82.0,2.0,,,,,,,,
Boundary_Fields_Addition_2010-12 — Mesilot_mafrek_E_2011,83.0,2.0,,,,,,,,
Boundary_Fields_Addition_2010-12 — Mesilot_mafrek_E_2011,84.0,2.0,,,,,,,,
Boundary_Fields_Addition_2010-12 — Mesilot_mafrek_E_2011,85.0,2.0,,,,,,,,
Boundary_Fields_Addition_2010-12 — Mesilot_mafrek_E_2011,86.0,2.0,,,,,,,,
Boundary_Fields_Addition_2010-12 — Mesilot_mafrek_E_2011,87.0,2.0,,,,,,,,
Boundary_Fields_Addition_2010-12 — Mesilot_mafrek_E_2011,88.0,2.0,,,,,,,,
Boundary_Fields_Addition_2010-12 — Mesilot_mafrek_E_2011,89.0,2.0,,,,,,,,
Boundary_Fields_Addition_2010-12 — Mesilot_mafrek_E_2011,90.0,2.0,,,,,,,,
Boundary_Fields_Addition_2010-12 — Mesilot_mafrek_E_2011,91.0,2.0,,,,,,,,
Boundary_Fields_Addition_2010-12 — Mesilot_mafrek_E_2011,92.0,2.0,,,,,,,,
Boundary_Fields_Addition_2010-12 — Mesilot_mafrek_E_2011,93.0,2.0,,,,,,,,
Boundary_Fields_Addition_2010-12 — Mesilot_mafrek_E_2011,94.0,1.0,,,,,,,,
Boundary_Fields_Addition_2010-12 — Mesilot_mafrek_E_2011,95.0,2.0,,,,,,,,
Boundary_Fields_Addition_2010-12 — Mesilot_mafrek_E_2011,96.0,2.0,,,,,,,,
Boundary_Fields_Addition_2010-12 — Mesilot_mafrek_E_2011,97.0,1.0,,,,,,,,
Boundary_Fields_Addition_2010-12 — Mesilot_mafrek_E_2011,98.0,2.0,,,,,,,,
Boundary_Fields_Addition_2010-12 — Mesilot_mafrek_E_2011,99.0,2.0,,,,,,,,
Boundary_Fields_Addition_2010-12 — Mesilot_mafrek_E_2011,100.0,2.0,,,,,,,,
Boundary_Fields_Addition_2010-12 — Mesilot_mafrek_E_2011,101.0,2.0,,,,,,,,
Boundary_Fields_Addition_2010-12 — Mesilot_mafrek_E_2011,102.0,2.0,,,,,,,,
Boundary_Fields_Addition_2010-12 — Mesilot_mafrek_E_2011,103.0,2.0,,,,,,,,
Boundary_Fields_Addition_2010-12 — Mesilot_mafrek_E_2011,104.0,3.0,,,,,,,,
Boundary_Fields_Addition_2010-12 — Mesilot_mafrek_E_2011,105.0,2.0,,,,,,,,
Boundary_Fields_Addition_2010-12 — Mesilot_mafrek_E_2011,106.0,2.0,,,,,,,,
Boundary_Fields_Addition_2010-12 — Mesilot_mafrek_E_2011,107.0,2.0,,,,,,,,
Boundary_Fields_Addition_2010-12 — Mesilot_mafrek_E_2011,108.0,3.0,,,,,,,,
Boundary_Fields_Addition_2010-12 — Mesilot_mafrek_E_2011,109.0,3.0,,,,,,,,
Boundary_Fields_Addition_2010-12 — Mesilot_mafrek_E_2011,110.0,3.0,,,,,,,,
Boundary_Fields_Addition_2010-12 — Mesilot_mafrek_E_2011,111.0,3.0,,,,,,,,
Boundary_Fields_Addition_2010-12 — Mesilot_mafrek_E_2011,112.0,3.0,,,,,,,,
Boundary_Fields_Addition_2010-12 — Mesilot_mafrek_E_2011,113.0,3.0,,,,,,,,
Boundary_Fields_Addition_2010-12 — Mesilot_mafrek_E_2011,114.0,3.0,,,,,,,,
Boundary_Fields_Addition_2010-12 — Mesilot_mafrek_E_2011,115.0,3.0,,,,,,,,
Boundary_Fields_Addition_2010-12 — Mesilot_mafrek_E_2011,116.0,3.0,,,,,,,,
Boundary_Fields_Addition_2010-12 — Mesilot_mafrek_E_2011,117.0,3.0,,,,,,,,
Boundary_Fields_Addition_2010-12 — Mesilot_mafrek_E_2011,118.0,3.0,,,,,,,,
Boundary_Fields_Addition_2010-12 — Mesilot_mafrek_E_2011,119.0,3.0,,,,,,,,
Boundary_Fields_Addition_2010-12 — Mesilot_mafrek_E_2011,120.0,3.0,,,,,,,,
Boundary_Fields_Addition_2010-12 — Mesilot_mafrek_E_2011,121.0,3.0,,,,,,,,
Boundary_Fields_Addition_2010-12 — Mesilot_mafrek_E_2011,122.0,3.0,,,,,,,,
Boundary_Fields_Addition_2010-12 — Mesilot_mafrek_E_2011,123.0,3.0,,,,,,,,
Boundary_Fields_Addition_2010-12 — Mesilot_mafrek_E_2011,124.0,3.0,,,,,,,,
Boundary_Fields_Addition_2010-12 — Mesilot_mafrek_E_2011,125.0,3.0,,,,,,,,
Boundary_Fields_Addition_2010-12 — Mesilot_mafrek_E_2011,126.0,3.0,,,,,,,,
Boundary_Fields_Addition_2010-12 — Mesilot_mafrek_E_2011,127.0,3.0,,,,,,,,
Boundary_Fields_Addition_2010-12 — Mesilot_mafrek_E_2011,128.0,2.0,,,,,,,,
Boundary_Fields_Addition_2010-12 — Mesilot_mafrek_E_2011,129.0,2.0,,,,,,,,
Boundary_Fields_Addition_2010-12 — Mesilot_mafrek_E_2011,130.0,2.0,,,,,,,,
Boundary_Fields_Addition_2010-12 — Mesilot_mafrek_E_2011,131.0,2.0,,,,,,,,
Boundary_Fields_Addition_2010-12 — Mesilot_mafrek_E_2011,132.0,2.0,,,,,,,,
Boundary_Fields_Addition_2010-12 — Mesilot_mafrek_E_2011,133.0,2.0,,,,,,,,
Boundary_Fields_Addition_2010-12 — Mesilot_mafrek_E_2011,134.0,2.0,,,,,,,,
Boundary_Fields_Addition_2010-12 — Mesilot_mafrek_E_2011,135.0,2.0,,,,,,,,
Boundary_Fields_Addition_2010-12 — Mesilot_mafrek_E_2011,136.0,2.0,,,,,,,,
Boundary_Fields_Addition_2010-12 — Mesilot_mafrek_E_2011,137.0,2.0,,,,,,,,
Boundary_Fields_Addition_2010-12 — Mesilot_mafrek_E_2011,138.0,2.0,,,,,,,,
Boundary_Fields_Addition_2010-12 — Mesilot_mafrek_E_2011,139.0,2.0,,,,,,,,
Boundary_Fields_Addition_2010-12 — Mesilot_mafrek_E_2011,140.0,2.0,,,,,,,,
Boundary_Fields_Addition_2010-12 — Mesilot_mafrek_E_2011,141.0,2.0,,,,,,,,
Boundary_Fields_Addition_2010-12 — Mesilot_mafrek_E_2011,142.0,2.0,,,,,,,,
Boundary_Fields_Addition_2010-12 — Mesilot_mafrek_E_2011,143.0,2.0,,,,,,,,
Boundary_Fields_Addition_2010-12 — Mesilot_mafrek_E_2011,144.0,2.0,,,,,,,,
Boundary_Fields_Addition_2010-12 — Mesilot_mafrek_E_2011,145.0,2.0,,,,,,,,
Boundary_Fields_Addition_2010-12 — Mesilot_mafrek_E_2011,146.0,2.0,,,,,,,,
Boundary_Fields_Addition_2010-12 — Mesilot_mafrek_E_2011,147.0,2.0,,,,,,,,
Boundary_Fields_Addition_2010-12 — Mesilot_mafrek_E_2011,148.0,2.0,,,,,,,,
Boundary_Fields_Addition_2010-12 — Mesilot_mafrek_E_2011,149.0,2.0,,,,,,,,
Boundary_Fields_Addition_2010-12 — Mesilot_mafrek_E_2011,150.0,2.0,,,,,,,,
Boundary_Fields_Addition_2010-12 — Mesilot_mafrek_E_2011,151.0,2.0,,,,,,,,
Boundary_Fields_Addition_2010-12 — Mesilot_mafrek_E_2011,152.0,2.0,,,,,,,,
Boundary_Fields_Addition_2010-12 — Mesilot_mafrek_E_2011,153.0,2.0,,,,,,,,
Boundary_Fields_Addition_2010-12 — Mesilot_mafrek_E_2011,154.0,2.0,,,,,,,,
Boundary_Fields_Addition_2010-12 — Mesilot_mafrek_E_2011,155.0,2.0,,,,,,,,
Boundary_Fields_Addition_2010-12 — Mesilot_mafrek_E_2011,156.0,2.0,,,,,,,,
Boundary_Fields_Addition_2010-12 — Mesilot_mafrek_E_2011,157.0,2.0,,,,,,,,
Boundary_Fields_Addition_2010-12 — Mesilot_mafrek_E_2011,158.0,2.0,,,,,,,,
Boundary_Fields_Addition_2010-12 — Mesilot_mafrek_E_2011,159.0,2.0,,,,,,,,
Boundary_Fields_Addition_2010-12 — Mesilot_mafrek_E_2011,160.0,2.0,,,,,,,,
Boundary_Fields_Addition_2010-12 — Mesilot_mafrek_E_2011,161.0,2.0,,,,,,,,
Boundary_Fields_Addition_2010-12 — Mesilot_mafrek_E_2011,162.0,2.0,,,,,,,,
Boundary_Fields_Addition_2010-12 — Mesilot_mafrek_E_2011,163.0,1.0,,,,,,,,
Boundary_Fields_Addition_2010-12 — Mesilot_mafrek_E_2011,164.0,2.0,,,,,,,,
Boundary_Fields_Addition_2010-12 — Mesilot_mafrek_E_2011,165.0,2.0,,,,,,,,
Boundary_Fields_Addition_2010-12 — Mesilot_mafrek_E_2011,166.0,2.0,,,,,,,,
Boundary_Fields_Addition_2010-12 — Mesilot_mafrek_E_2011,167.0,2.0,,,,,,,,
Boundary_Fields_Addition_2010-12 — Mesilot_mafrek_E_2011,168.0,2.0,,,,,,,,
Boundary_Fields_Addition_2010-12 — Mesilot_mafrek_E_2011,169.0,2.0,,,,,,,,
Boundary_Fields_Addition_2010-12 — Mesilot_mafrek_E_2011,170.0,2.0,,,,,,,,
Boundary_Fields_Addition_2010-12 — Mesilot_mafrek_E_2011,171.0,3.0,,,,,,,,
Boundary_Fields_Addition_2010-12 — Mesilot_mafrek_E_2011,172.0,3.0,,,,,,,,
Boundary_Fields_Addition_2010-12 — Mesilot_mafrek_E_2011,173.0,3.0,,,,,,,,
Boundary_Fields_Addition_2010-12 — Mesilot_mafrek_E_2011,174.0,3.0,,,,,,,,
Boundary_Fields_Addition_2010-12 — Mesilot_mafrek_E_2011,175.0,3.0,,,,,,,,
Boundary_Fields_Addition_2010-12 — Mesilot_mafrek_E_2011,176.0,3.0,,,,,,,,
Boundary_Fields_Addition_2010-12 — Mesilot_mafrek_E_2011,177.0,3.0,,,,,,,,
Boundary_Fields_Addition_2010-12 — Mesilot_mafrek_E_2011,178.0,3.0,,,,,,,,
Boundary_Fields_Addition_2010-12 — Mesilot_mafrek_E_2011,179.0,2.0,,,,,,,,
Boundary_Fields_Addition_2010-12 — Mesilot_mafrek_E_2011,180.0,3.0,,,,,,,,
Boundary_Fields_Addition_2010-12 — Mesilot_mafrek_E_2011,181.0,3.0,,,,,,,,
Boundary_Fields_Addition_2010-12 — Mesilot_mafrek_E_2011,182.0,3.0,,,,,,,,
Boundary_Fields_Addition_2010-12 — Mesilot_mafrek_E_2011,183.0,3.0,,,,,,,,
Boundary_Fields_Addition_2010-12 — Mesilot_mafrek_E_2011,184.0,3.0,,,,,,,,
Boundary_Fields_Addition_2010-12 — Mesilot_mafrek_E_2011,185.0,3.0,,,,,,,,
Boundary_Fields_Addition_2010-12 — Mesilot_mafrek_E_2011,186.0,3.0,,,,,,,,
Boundary_Fields_Addition_2010-12 — Mesilot_mafrek_E_2011,187.0,3.0,,,,,,,,
Boundary_Fields_Addition_2010-12 — Mesilot_mafrek_E_2011,188.0,2.0,,,,,,,,
Boundary_Fields_Addition_2010-12 — Mesilot_mafrek_E_2011,189.0,2.0,,,,,,,,
Boundary_Fields_Addition_2010-12 — Mesilot_mafrek_E_2011,190.0,2.0,,,,,,,,
Boundary_Fields_Addition_2010-12 — Mesilot_mafrek_E_2011,191.0,2.0,,,,,,,,
Boundary_Fields_Addition_2010-12 — Mesilot_mafrek_E_2011,192.0,2.0,,,,,,,,
Boundary_Fields_Addition_2010-12 — Mesilot_mafrek_E_2011,193.0,2.0,,,,,,,,
Boundary_Fields_Addition_2010-12 — Mesilot_mafrek_E_2011,194.0,3.0,,,,,,,,
Boundary_Fields_Addition_2010-12 — Mesilot_mafrek_E_2011,195.0,2.0,,,,,,,,
Boundary_Fields_Addition_2010-12 — Mesilot_mafrek_E_2011,196.0,3.0,,,,,,,,
Boundary_Fields_Addition_2010-12 — Mesilot_mafrek_E_2011,197.0,3.0,,,,,,,,
Boundary_Fields_Addition_2010-12 — Mesilot_mafrek_E_2011,198.0,3.0,,,,,,,,
Boundary_Fields_Addition_2010-12 — Mesilot_mafrek_E_2011,199.0,3.0,,,,,,,,
Boundary_Fields_Addition_2010-12 — Mesilot_mafrek_E_2011,200.0,2.0,,,,,,,,
Boundary_Fields_Addition_2010-12 — Mesilot_mafrek_E_2011,201.0,2.0,,,,,,,,
Boundary_Fields_Addition_2010-12 — Mesilot_mafrek_E_2011,202.0,2.0,,,,,,,,
Boundary_Fields_Addition_2010-12 — Mesilot_mafrek_E_2011,203.0,2.0,,,,,,,,
Boundary_Fields_Addition_2010-12 — Mesilot_mafrek_E_2011,204.0,3.0,,,,,,,,
Boundary_Fields_Addition_2010-12 — Mesilot_mafrek_E_2011,205.0,3.0,,,,,,,,
Boundary_Fields_Addition_2010-12 — Mesilot_mafrek_E_2011,206.0,3.0,,,,,,,,
Boundary_Fields_Addition_2010-12 — Mesilot_mafrek_E_2011,207.0,2.0,,,,,,,,
Boundary_Fields_Addition_2010-12 — Mesilot_mafrek_E_2011,208.0,2.0,,,,,,,,
Boundary_Fields_Addition_2010-12 — Mesilot_mafrek_E_2011,209.0,2.0,,,,,,,,
Boundary_Fields_Addition_2010-12 — Mesilot_mafrek_E_2011,210.0,2.0,,,,,,,,
Boundary_Fields_Addition_2010-12 — Mesilot_mafrek_E_2011,211.0,2.0,,,,,,,,
Boundary_Fields_Addition_2010-12 — Mesilot_mafrek_E_2011,212.0,2.0,,,,,,,,
Boundary_Fields_Addition_2010-12 — Mesilot_mafrek_E_2011,213.0,2.0,,,,,,,,
Boundary_Fields_Addition_2010-12 — Mesilot_mafrek_E_2011,214.0,2.0,,,,,,,,
Boundary_Fields_Addition_2010-12 — Mesilot_mafrek_E_2011,215.0,2.0,,,,,,,,
Boundary_Fields_Addition_2010-12 — Mesilot_mafrek_E_2011,216.0,2.0,,,,,,,,
Boundary_Fields_Addition_2010-12 — Mesilot_mafrek_E_2011,217.0,2.0,,,,,,,,
Boundary_Fields_Addition_2010-12 — Mesilot_mafrek_E_2011,218.0,2.0,,,,,,,,
Boundary_Fields_Addition_2010-12 — Mesilot_mafrek_E_2011,219.0,2.0,,,,,,,,
Boundary_Fields_Addition_2010-12 — Mesilot_mafrek_E_2011,220.0,3.0,,,,,,,,
Boundary_Fields_Addition_2010-12 — Mesilot_mafrek_E_2011,221.0,2.0,,,,,,,,
Boundary_Fields_Addition_2010-12 — Mesilot_mafrek_E_2011,222.0,2.0,,,,,,,,
Boundary_Fields_Addition_2010-12 — Mesilot_mafrek_E_2011,223.0,2.0,,,,,,,,
Boundary_Fields_Addition_2010-12 — Mesilot_mafrek_E_2011,224.0,2.0,,,,,,,,
Boundary_Fields_Addition_2010-12 — Mesilot_mafrek_E_2011,225.0,3.0,,,,,,,,
Boundary_Fields_Addition_2010-12 — Mesilot_mafrek_E_2011,226.0,3.0,,,,,,,,
Boundary_Fields_Addition_2010-12 — Mesilot_mafrek_E_2011,227.0,2.0,,,,,,,,
Boundary_Fields_Addition_2010-12 — Mesilot_mafrek_E_2011,228.0,3.0,,,,,,,,
Boundary_Fields_Addition_2010-12 — Mesilot_mafrek_E_2011,229.0,2.0,,,,,,,,
Boundary_Fields_Addition_2010-12 — Mesilot_mafrek_E_2011,230.0,2.0,,,,,,,,
Boundary_Fields_Addition_2010-12 — Mesilot_mafrek_E_2011,231.0,2.0,,,,,,,,
Boundary_Fields_Addition_2010-12 — Mesilot_mafrek_E_2011,232.0,3.0,,,,,,,,
Boundary_Fields_Addition_2010-12 — Mesilot_mafrek_E_2011,233.0,3.0,,,,,,,,
Boundary_Fields_Addition_2010-12 — Mesilot_mafrek_E_2011,234.0,3.0,,,,,,,,
Boundary_Fields_Addition_2010-12 — Mesilot_mafrek_E_2011,235.0,3.0,,,,,,,,
Boundary_Fields_Addition_2010-12 — Mesilot_mafrek_E_2011,236.0,2.0,,,,,,,,
Boundary_Fields_Addition_2010-12 — Mesilot_mafrek_E_2011,237.0,2.0,,,,,,,,
Boundary_Fields_Addition_2010-12 — Mesilot_mafrek_E_2011,238.0,2.0,,,,,,,,
Boundary_Fields_Addition_2010-12 — Mesilot_mafrek_E_2011,239.0,2.0,,,,,,,,
Boundary_Fields_Addition_2010-12 — Mesilot_mafrek_E_2011,240.0,2.0,,,,,,,,
Boundary_Fields_Addition_2010-12 — Mesilot_mafrek_E_2011,241.0,2.0,,,,,,,,
Boundary_Fields_Addition_2010-12 — Mesilot_mafrek_E_2011,242.0,2.0,,,,,,,,
Boundary_Fields_Addition_2010-12 — Mesilot_mafrek_E_2011,243.0,2.0,,,,,,,,
Boundary_Fields_Addition_2010-12 — Mesilot_mafrek_E_2011,244.0,3.0,,,,,,,,
Boundary_Fields_Addition_2010-12 — Mesilot_mafrek_E_2011,245.0,3.0,,,,,,,,
Boundary_Fields_Addition_2010-12 — Mesilot_mafrek_E_2011,246.0,2.0,,,,,,,,
Boundary_Fields_Addition_2010-12 — Mesilot_mafrek_E_2011,247.0,2.0,,,,,,,,
Boundary_Fields_Addition_2010-12 — Mesilot_mafrek_E_2011,248.0,2.0,,,,,,,,
Boundary_Fields_Addition_2010-12 — Mesilot_mafrek_E_2011,249.0,2.0,,,,,,,,
Boundary_Fields_Addition_2010-12 — Mesilot_mafrek_E_2011,250.0,2.0,,,,,,,,
Boundary_Fields_Addition_2010-12 — Mesilot_mafrek_E_2011,251.0,2.0,,,,,,,,
Boundary_Fields_Addition_2010-12 — Mesilot_mafrek_E_2011,252.0,2.0,,,,,,,,
Boundary_Fields_Addition_2010-12 — Mesilot_mafrek_E_2011,253.0,2.0,,,,,,,,
Boundary_Fields_Addition_2010-12 — Mesilot_mafrek_E_2011,254.0,2.0,,,,,,,,
Boundary_Fields_Addition_2010-12 — Mesilot_mafrek_E_2011,255.0,3.0,,,,,,,,
Boundary_Fields_Addition_2010-12 — Mesilot_mafrek_E_2011,256.0,3.0,,,,,,,,
Boundary_Fields_Addition_2010-12 — Mesilot_mafrek_E_2011,257.0,3.0,,,,,,,,
Boundary_Fields_Addition_2010-12 — Mesilot_mafrek_E_2011,258.0,3.0,,,,,,,,
Boundary_Fields_Addition_2010-12 — Mesilot_mafrek_E_2011,259.0,3.0,,,,,,,,
Boundary_Fields_Addition_2010-12 — Mesilot_mafrek_E_2011,260.0,2.0,,,,,,,,
Boundary_Fields_Addition_2010-12 — Mesilot_mafrek_E_2011,261.0,3.0,,,,,,,,
Boundary_Fields_Addition_2010-12 — Mesilot_mafrek_E_2011,262.0,3.0,,,,,,,,
Boundary_Fields_Addition_2010-12 — Mesilot_mafrek_E_2011,263.0,3.0,,,,,,,,
Boundary_Fields_Addition_2010-12 — Mesilot_mafrek_E_2011,264.0,3.0,,,,,,,,
Boundary_Fields_Addition_2010-12 — Mesilot_mafrek_E_2011,265.0,3.0,,,,,,,,
Boundary_Fields_Addition_2010-12 — Mesilot_mafrek_E_2011,266.0,3.0,,,,,,,,
Boundary_Fields_Addition_2010-12 — Mesilot_mafrek_E_2011,267.0,3.0,,,,,,,,
Boundary_Fields_Addition_2010-12 — Mesilot_mafrek_E_2011,268.0,3.0,,,,,,,,
Boundary_Fields_Addition_2010-12 — Mesilot_mafrek_E_2011,269.0,2.0,,,,,,,,
Boundary_Fields_Addition_2010-12 — Mesilot_mafrek_E_2011,270.0,2.0,,,,,,,,
Boundary_Fields_Addition_2010-12 — Mesilot_mafrek_E_2011,271.0,2.0,,,,,,,,
Boundary_Fields_Addition_2010-12 — Mesilot_mafrek_E_2011,272.0,3.0,,,,,,,,
Boundary_Fields_Addition_2010-12 — Mesilot_mafrek_E_2011,273.0,3.0,,,,,,,,
Boundary_Fields_Addition_2010-12 — Mesilot_mafrek_E_2011,274.0,3.0,,,,,,,,
Boundary_Fields_Addition_2010-12 — Mesilot_mafrek_E_2011,275.0,3.0,,,,,,,,
Boundary_Fields_Addition_2010-12 — Mesilot_mafrek_E_2011,276.0,2.0,,,,,,,,
Boundary_Fields_Addition_2010-12 — Mesilot_mafrek_E_2011,277.0,3.0,,,,,,,,
Boundary_Fields_Addition_2010-12 — Mesilot_mafrek_E_2011,278.0,3.0,,,,,,,,
Boundary_Fields_Addition_2010-12 — Mesilot_mafrek_E_2011,279.0,3.0,,,,,,,,
Boundary_Fields_Addition_2010-12 — Mesilot_mafrek_E_2011,280.0,3.0,,,,,,,,
Boundary_Fields_Addition_2010-12 — Mesilot_mafrek_E_2011,281.0,3.0,,,,,,,,
Boundary_Fields_Addition_2010-12 — Mesilot_mafrek_E_2011,282.0,3.0,,,,,,,,
Boundary_Fields_Addition_2010-12 — Mesilot_mafrek_E_2011,283.0,3.0,,,,,,,,
Boundary_Fields_Addition_2010-12 — Mesilot_mafrek_E_2011,284.0,3.0,,,,,,,,
Boundary_Fields_Addition_2010-12 — Mesilot_mafrek_E_2011,285.0,3.0,,,,,,,,
Boundary_Fields_Addition_2010-12 — Mesilot_mafrek_E_2011,286.0,3.0,,,,,,,,
Boundary_Fields_Addition_2010-12 — Mesilot_mafrek_E_2011,287.0,3.0,,,,,,,,
Boundary_Fields_Addition_2010-12 — Mesilot_mafrek_E_2011,288.0,3.0,,,,,,,,
Boundary_Fields_Addition_2010-12 — Mesilot_mafrek_E_2011,289.0,3.0,,,,,,,,
Boundary_Fields_Addition_2010-12 — Mesilot_mafrek_E_2011,290.0,3.0,,,,,,,,
Boundary_Fields_Addition_2010-12 — Mesilot_mafrek_E_2011,291.0,3.0,,,,,,,,
Boundary_Fields_Addition_2010-12 — Mesilot_mafrek_E_2011,292.0,3.0,,,,,,,,
Boundary_Fields_Addition_2010-12 — Mesilot_mafrek_E_2011,293.0,3.0,,,,,,,,
Boundary_Fields_Addition_2010-12 — Mesilot_mafrek_E_2011,294.0,3.0,,,,,,,,
Boundary_Fields_Addition_2010-12 — Mesilot_mafrek_E_2011,295.0,3.0,,,,,,,,
Boundary_Fields_Addition_2010-12 — Mesilot_mafrek_E_2011,296.0,3.0,,,,,,,,
Boundary_Fields_Addition_2010-12 — Mesilot_mafrek_E_2011,297.0,3.0,,,,,,,,
Boundary_Fields_Addition_2010-12 — Mesilot_mafrek_E_2011,298.0,3.0,,,,,,,,
Boundary_Fields_Addition_2010-12 — Mesilot_mafrek_E_2011,299.0,3.0,,,,,,,,
Boundary_Fields_Addition_2010-12 — Mesilot_mafrek_E_2011,300.0,2.0,,,,,,,,
Boundary_Fields_Addition_2010-12 — Mesilot_mafrek_E_2011,301.0,2.0,,,,,,,,
Boundary_Fields_Addition_2010-12 — Mesilot_mafrek_E_2011,302.0,3.0,,,,,,,,
Boundary_Fields_Addition_2010-12 — Mesilot_mafrek_E_2011,303.0,3.0,,,,,,,,
Boundary_Fields_Addition_2010-12 — Mesilot_mafrek_E_2011,304.0,3.0,,,,,,,,
Boundary_Fields_Addition_2010-12 — Mesilot_mafrek_E_2011,305.0,3.0,,,,,,,,
Boundary_Fields_Addition_2010-12 — Mesilot_mafrek_E_2011,306.0,3.0,,,,,,,,
Boundary_Fields_Addition_2010-12 — Mesilot_mafrek_E_2011,307.0,3.0,,,,,,,,
Boundary_Fields_Addition_2010-12 — Mesilot_mafrek_E_2011,308.0,3.0,,,,,,,,
Boundary_Fields_Addition_2010-12 — Mesilot_mafrek_E_2011,309.0,3.0,,,,,,,,
Boundary_Fields_Addition_2010-12 — Mesilot_mafrek_E_2011,310.0,3.0,,,,,,,,
Boundary_Fields_Addition_2010-12 — Mesilot_mafrek_E_2011,311.0,3.0,,,,,,,,
Boundary_Fields_Addition_2010-12 — Mesilot_mafrek_E_2011,312.0,3.0,,,,,,,,
Boundary_Fields_Addition_2010-12 — Mesilot_mafrek_E_2011,313.0,3.0,,,,,,,,
Boundary_Fields_Addition_2010-12 — Mesilot_mafrek_E_2011,314.0,3.0,,,,,,,,
Boundary_Fields_Addition_2010-12 — Mesilot_mafrek_E_2011,315.0,3.0,,,,,,,,
Boundary_Fields_Addition_2010-12 — Mesilot_mafrek_E_2011,316.0,3.0,,,,,,,,
Boundary_Fields_Addition_2010-12 — Mesilot_mafrek_E_2011,317.0,3.0,,,,,,,,
Boundary_Fields_Addition_2010-12 — Mesilot_mafrek_E_2011,318.0,3.0,,,,,,,,
Boundary_Fields_Addition_2010-12 — Mesilot_mafrek_E_2011,319.0,3.0,,,,,,,,
Boundary_Fields_Addition_2010-12 — Mesilot_mafrek_E_2011,320.0,3.0,,,,,,,,
Boundary_Fields_Addition_2010-12 — Mesilot_mafrek_E_2011,321.0,3.0,,,,,,,,
Boundary_Fields_Addition_2010-12 — Mesilot_mafrek_E_2011,322.0,3.0,,,,,,,,
Boundary_Fields_Addition_2010-12 — Mesilot_mafrek_E_2011,323.0,3.0,,,,,,,,
Boundary_Fields_Addition_2010-12 — Mesilot_mafrek_E_2011,324.0,3.0,,,,,,,,
Boundary_Fields_Addition_2010-12 — Mesilot_mafrek_E_2011,325.0,3.0,,,,,,,,
Boundary_Fields_Addition_2010-12 — Mesilot_mafrek_E_2011,326.0,3.0,,,,,,,,
Boundary_Fields_Addition_2010-12 — Mesilot_mafrek_E_2011,327.0,3.0,,,,,,,,
Boundary_Fields_Addition_2010-12 — Mesilot_mafrek_E_2011,328.0,3.0,,,,,,,,
Boundary_Fields_Addition_2010-12 — Mesilot_mafrek_E_2011,329.0,3.0,,,,,,,,
Boundary_Fields_Addition_2010-12 — Mesilot_mafrek_E_2011,330.0,3.0,,,,,,,,
Boundary_Fields_Addition_2010-12 — Mesilot_mafrek_E_2011,331.0,3.0,,,,,,,,
Boundary_Fields_Addition_2010-12 — Mesilot_mafrek_E_2011,332.0,3.0,,,,,,,,
Boundary_Fields_Addition_2010-12 — Mesilot_mafrek_E_2011,333.0,3.0,,,,,,,,
Boundary_Fields_Addition_2010-12 — Mesilot_mafrek_E_2011,334.0,3.0,,,,,,,,
Boundary_Fields_Addition_2010-12 — Mesilot_mafrek_E_2011,335.0,3.0,,,,,,,,
Boundary_Fields_Addition_2010-12 — Mesilot_mafrek_E_2011,336.0,3.0,,,,,,,,
Boundary_Fields_Addition_2010-12 — Mesilot_mafrek_E_2011,337.0,3.0,,,,,,,,
Boundary_Fields_Addition_2010-12 — Mesilot_mafrek_E_2011,338.0,3.0,,,,,,,,
Boundary_Fields_Addition_2010-12 — Mesilot_mafrek_E_2011,339.0,3.0,,,,,,,,
Boundary_Fields_Addition_2010-12 — Mesilot_mafrek_E_2011,340.0,3.0,,,,,,,,
Boundary_Fields_Addition_2010-12 — Mesilot_mafrek_E_2011,341.0,3.0,,,,,,,,
Boundary_Fields_Addition_2010-12 — Mesilot_mafrek_E_2011,342.0,3.0,,,,,,,,
Boundary_Fields_Addition_2010-12 — Mesilot_mafrek_E_2011,343.0,3.0,,,,,,,,
Boundary_Fields_Addition_2010-12 — Mesilot_mafrek_E_2011,344.0,3.0,,,,,,,,
Boundary_Fields_Addition_2010-12 — Mesilot_mafrek_E_2011,345.0,3.0,,,,,,,,
Boundary_Fields_Addition_2010-12 — Mesilot_mafrek_E_2011,346.0,3.0,,,,,,,,
Boundary_Fields_Addition_2010-12 — Mesilot_mafrek_E_2011,347.0,3.0,,,,,,,,
Boundary_Fields_Addition_2010-12 — Mesilot_mafrek_E_2011,348.0,3.0,,,,,,,,
Boundary_Fields_Addition_2010-12 — Mesilot_mafrek_E_2011,349.0,3.0,,,,,,,,
Boundary_Fields_Addition_2010-12 — Mesilot_mafrek_E_2011,350.0,3.0,,,,,,,,
Boundary_Fields_Addition_2010-12 — Mesilot_mafrek_E_2011,351.0,3.0,,,,,,,,
Boundary_Fields_Addition_2010-12 — Mesilot_mafrek_E_2011,352.0,3.0,,,,,,,,
Boundary_Fields_Addition_2010-12 — Mesilot_mafrek_E_2011,353.0,3.0,,,,,,,,
Boundary_Fields_Addition_2010-12 — Mesilot_mafrek_E_2011,354.0,3.0,,,,,,,,
Boundary_Fields_Addition_2010-12 — Mesilot_mafrek_E_2011,355.0,3.0,,,,,,,,
Boundary_Fields_Addition_2010-12 — Mesilot_mafrek_E_2011,356.0,3.0,,,,,,,,
Boundary_Fields_Addition_2010-12 — Mesilot_mafrek_E_2011,357.0,2.0,,,,,,,,
Boundary_Fields_Addition_2010-12 — Mesilot_mafrek_E_2011,358.0,2.0,,,,,,,,
Boundary_Fields_Addition_2010-12 — Mesilot_mafrek_E_2011,359.0,2.0,,,,,,,,
Boundary_Fields_Addition_2010-12 — Mesilot_mafrek_E_2011,360.0,2.0,,,,,,,,
Boundary_Fields_Addition_2010-12 — Mesilot_mafrek_E_2011,361.0,2.0,,,,,,,,
Boundary_Fields_Addition_2010-12 — Mesilot_mafrek_E_2011,362.0,3.0,,,,,,,,
Boundary_Fields_Addition_2010-12 — Mesilot_mafrek_E_2011,363.0,3.0,,,,,,,,
Boundary_Fields_Addition_2010-12 — Mesilot_mafrek_E_2011,364.0,3.0,,,,,,,,
Boundary_Fields_Addition_2010-12 — Mesilot_mafrek_E_2011,365.0,2.0,,,,,,,,
Boundary_Fields_Addition_2010-12 — Mesilot_mafrek_E_2011,366.0,3.0,,,,,,,,
Boundary_Fields_Addition_2010-12 — Mesilot_mafrek_E_2011,367.0,3.0,,,,,,,,
Boundary_Fields_Addition_2010-12 — Mesilot_mafrek_E_2011,368.0,3.0,,,,,,,,
Boundary_Fields_Addition_2010-12 — Mesilot_mafrek_E_2011,369.0,3.0,,,,,,,,
Boundary_Fields_Addition_2010-12 — Mesilot_mafrek_E_2011,370.0,3.0,,,,,,,,
Boundary_Fields_Addition_2010-12 — Mesilot_mafrek_E_2011,371.0,3.0,,,,,,,,
Boundary_Fields_Addition_2010-12 — Mesilot_mafrek_E_2011,372.0,3.0,,,,,,,,
Boundary_Fields_Addition_2010-12 — Mesilot_mafrek_E_2011,373.0,3.0,,,,,,,,
Boundary_Fields_Addition_2010-12 — Mesilot_mafrek_E_2011,374.0,3.0,,,,,,,,
Boundary_Fields_Addition_2010-12 — Mesilot_mafrek_E_2011,375.0,3.0,,,,,,,,
Boundary_Fields_Addition_2010-12 — Mesilot_mafrek_E_2011,376.0,3.0,,,,,,,,
Boundary_Fields_Addition_2010-12 — Mesilot_mafrek_E_2011,377.0,3.0,,,,,,,,
Boundary_Fields_Addition_2010-12 — Mesilot_mafrek_E_2011,378.0,3.0,,,,,,,,
Boundary_Fields_Addition_2010-12 — Mesilot_mafrek_E_2011,379.0,3.0,,,,,,,,
Boundary_Fields_Addition_2010-12 — Mesilot_mafrek_E_2011,380.0,3.0,,,,,,,,
Boundary_Fields_Addition_2010-12 — Mesilot_mafrek_E_2011,381.0,3.0,,,,,,,,
Boundary_Fields_Addition_2010-12 — Mesilot_mafrek_E_2011,382.0,3.0,,,,,,,,
Boundary_Fields_Addition_2010-12 — Mesilot_mafrek_E_2011,383.0,3.0,,,,,,,,
Boundary_Fields_Addition_2010-12 — Mesilot_mafrek_E_2011,384.0,3.0,,,,,,,,
Boundary_Fields_Addition_2010-12 — Mesilot_mafrek_E_2011,385.0,3.0,,,,,,,,
Boundary_Fields_Addition_2010-12 — Mesilot_mafrek_E_2011,386.0,3.0,,,,,,,,
Boundary_Fields_Addition_2010-12 — Mesilot_mafrek_E_2011,387.0,3.0,,,,,,,,
Boundary_Fields_Addition_2010-12 — Mesilot_mafrek_E_2011,388.0,3.0,,,,,,,,
Boundary_Fields_Addition_2010-12 — Mesilot_mafrek_E_2011,389.0,3.0,,,,,,,,
Boundary_Fields_Addition_2010-12 — Mesilot_mafrek_E_2011,390.0,3.0,,,,,,,,
Boundary_Fields_Addition_2010-12 — Mesilot_mafrek_E_2011,391.0,3.0,,,,,,,,
Boundary_Fields_Addition_2010-12 — Mesilot_mafrek_E_2011,392.0,3.0,,,,,,,,
Boundary_Fields_Addition_2010-12 — Mesilot_mafrek_E_2011,393.0,3.0,,,,,,,,
Boundary_Fields_Addition_2010-12 — Mesilot_mafrek_E_2011,394.0,3.0,,,,,,,,
Boundary_Fields_Addition_2010-12 — Mesilot_mafrek_E_2011,395.0,3.0,,,,,,,,
Boundary_Fields_Addition_2010-12 — Mesilot_mafrek_E_2011,396.0,3.0,,,,,,,,
Boundary_Fields_Addition_2010-12 — Mesilot_mafrek_E_2011,397.0,3.0,,,,,,,,
Boundary_Fields_Addition_2010-12 — Mesilot_mafrek_E_2011,398.0,3.0,,,,,,,,
Boundary_Fields_Addition_2010-12 — Mesilot_mafrek_E_2011,399.0,3.0,,,,,,,,
Boundary_Fields_Addition_2010-12 — Mesilot_mafrek_E_2011,400.0,3.0,,,,,,,,
Boundary_Fields_Addition_2010-12 — Mesilot_mafrek_E_2011,401.0,3.0,,,,,,,,
Boundary_Fields_Addition_2010-12 — Mesilot_mafrek_E_2011,402.0,3.0,,,,,,,,
Boundary_Fields_Addition_2010-12 — Mesilot_mafrek_E_2011,403.0,3.0,,,,,,,,
Boundary_Fields_Addition_2010-12 — Mesilot_mafrek_E_2011,404.0,3.0,,,,,,,,
Boundary_Fields_Addition_2010-12 — Mesilot_mafrek_E_2011,405.0,3.0,,,,,,,,
Boundary_Fields_Addition_2010-12 — Mesilot_mafrek_E_2011,406.0,3.0,,,,,,,,
Boundary_Fields_Addition_2010-12 — Mesilot_mafrek_E_2011,407.0,3.0,,,,,,,,
Boundary_Fields_Addition_2010-12 — Mesilot_mafrek_E_2011,408.0,3.0,,,,,,,,
Boundary_Fields_Addition_2010-12 — Mesilot_mafrek_E_2011,409.0,3.0,,,,,,,,
Boundary_Fields_Addition_2010-12 — Mesilot_mafrek_E_2011,410.0,3.0,,,,,,,,
Boundary_Fields_Addition_2010-12 — Mesilot_mafrek_E_2011,411.0,3.0,,,,,,,,
Boundary_Fields_Addition_2010-12 — Mesilot_mafrek_E_2011,412.0,3.0,,,,,,,,
Boundary_Fields_Addition_2010-12 — Mesilot_mafrek_E_2011,413.0,3.0,,,,,,,,
Boundary_Fields_Addition_2010-12 — Mesilot_mafrek_E_2011,414.0,3.0,,,,,,,,
Boundary_Fields_Addition_2010-12 — Mesilot_mafrek_E_2011,415.0,3.0,,,,,,,,
Boundary_Fields_Addition_2010-12 — Mesilot_mafrek_E_2011,416.0,3.0,,,,,,,,
Boundary_Fields_Addition_2010-12 — Mesilot_mafrek_E_2011,417.0,3.0,,,,,,,,
Boundary_Fields_Addition_2010-12 — Mesilot_mafrek_E_2011,418.0,3.0,,,,,,,,
Boundary_Fields_Addition_2010-12 — Mesilot_mafrek_E_2011,419.0,3.0,,,,,,,,
Boundary_Fields_Addition_2010-12 — Mesilot_mafrek_E_2011,420.0,3.0,,,,,,,,
Boundary_Fields_Addition_2010-12 — Mesilot_mafrek_E_2011,421.0,3.0,,,,,,,,
Boundary_Fields_Addition_2010-12 — Mesilot_mafrek_E_2011,422.0,3.0,,,,,,,,
Boundary_Fields_Addition_2010-12 — Mesilot_mafrek_E_2011,423.0,3.0,,,,,,,,
Boundary_Fields_Addition_2010-12 — Mesilot_mafrek_E_2011,424.0,3.0,,,,,,,,
Boundary_Fields_Addition_2010-12 — Mesilot_mafrek_E_2011,425.0,3.0,,,,,,,,
Boundary_Fields_Addition_2010-12 — Mesilot_mafrek_E_2011,426.0,3.0,,,,,,,,
Boundary_Fields_Addition_2010-12 — Mesilot_mafrek_E_2011,427.0,3.0,,,,,,,,
Boundary_Fields_Addition_2010-12 — Mesilot_mafrek_E_2011,428.0,3.0,,,,,,,,
Boundary_Fields_Addition_2010-12 — Mesilot_mafrek_E_2011,429.0,3.0,,,,,,,,
Boundary_Fields_Addition_2010-12 — Mesilot_mafrek_E_2011,430.0,3.0,,,,,,,,
Boundary_Fields_Addition_2010-12 — Mesilot_mafrek_E_2011,431.0,3.0,,,,,,,,
Boundary_Fields_Addition_2010-12 — Mesilot_mafrek_E_2011,432.0,3.0,,,,,,,,
Boundary_Fields_Addition_2010-12 — Mesilot_mafrek_E_2011,433.0,3.0,,,,,,,,
Boundary_Fields_Addition_2010-12 — Mesilot_mafrek_E_2011,434.0,3.0,,,,,,,,
Boundary_Fields_Addition_2010-12 — Mesilot_mafrek_E_2011,435.0,3.0,,,,,,,,
Boundary_Fields_Addition_2010-12 — Mesilot_mafrek_E_2011,436.0,3.0,,,,,,,,
Boundary_Fields_Addition_2010-12 — Mesilot_mafrek_E_2011,437.0,3.0,,,,,,,,
Boundary_Fields_Addition_2010-12 — Mesilot_mafrek_E_2011,438.0,3.0,,,,,,,,
Boundary_Fields_Addition_2010-12 — Mesilot_mafrek_E_2011,439.0,3.0,,,,,,,,
Boundary_Fields_Addition_2010-12 — Mesilot_mafrek_E_2011,440.0,3.0,,,,,,,,
Boundary_Fields_Addition_2010-12 — Mesilot_mafrek_E_2011,441.0,3.0,,,,,,,,
Boundary_Fields_Addition_2010-12 — Mesilot_mafrek_E_2011,442.0,3.0,,,,,,,,
Boundary_Fields_Addition_2010-12 — Mesilot_mafrek_E_2011,443.0,3.0,,,,,,,,
Boundary_Fields_Addition_2010-12 — Mesilot_mafrek_E_2011,444.0,3.0,,,,,,,,
Boundary_Fields_Addition_2010-12 — Mesilot_mafrek_E_2011,445.0,3.0,,,,,,,,
Boundary_Fields_Addition_2010-12 — Mesilot_mafrek_E_2011,446.0,3.0,,,,,,,,
Boundary_Fields_Addition_2010-12 — Mesilot_mafrek_E_2011,447.0,3.0,,,,,,,,
Boundary_Fields_Addition_2010-12 — Mesilot_mafrek_E_2011,448.0,3.0,,,,,,,,
Boundary_Fields_Addition_2010-12 — Mesilot_mafrek_E_2011,449.0,3.0,,,,,,,,
Boundary_Fields_Addition_2010-12 — Mesilot_mafrek_E_2011,450.0,3.0,,,,,,,,
Boundary_Fields_Addition_2010-12 — Mesilot_mafrek_E_2011,451.0,3.0,,,,,,,,
Boundary_Fields_Addition_2010-12 — Mesilot_mafrek_E_2011,452.0,3.0,,,,,,,,
Boundary_Fields_Addition_2010-12 — Mesilot_mafrek_E_2011,453.0,3.0,,,,,,,,
Boundary_Fields_Addition_2010-12 — Mesilot_mafrek_E_2011,454.0,3.0,,,,,,,,
Boundary_Fields_Addition_2010-12 — Mesilot_mafrek_E_2011,455.0,3.0,,,,,,,,
Boundary_Fields_Addition_2010-12 — Mesilot_mafrek_E_2011,456.0,2.0,,,,,,,,
Boundary_Fields_Addition_2010-12 — Mesilot_mafrek_E_2011,457.0,3.0,,,,,,,,
Boundary_Fields_Addition_2010-12 — Mesilot_mafrek_E_2011,458.0,3.0,,,,,,,,
Boundary_Fields_Addition_2010-12 — Mesilot_mafrek_E_2011,459.0,3.0,,,,,,,,
Boundary_Fields_Addition_2010-12 — Mesilot_mafrek_E_2011,460.0,3.0,,,,,,,,
Boundary_Fields_Addition_2010-12 — Mesilot_mafrek_E_2011,461.0,3.0,,,,,,,,
Boundary_Fields_Addition_2010-12 — Mesilot_mafrek_E_2011,462.0,3.0,,,,,,,,
Boundary_Fields_Addition_2010-12 — Mesilot_mafrek_E_2011,463.0,3.0,,,,,,,,
Boundary_Fields_Addition_2010-12 — Mesilot_mafrek_E_2011,464.0,3.0,,,,,,,,
Boundary_Fields_Addition_2010-12 — Mesilot_mafrek_E_2011,465.0,3.0,,,,,,,,
Boundary_Fields_Addition_2010-12 — Mesilot_mafrek_E_2011,466.0,3.0,,,,,,,,
Boundary_Fields_Addition_2010-12 — Mesilot_mafrek_E_2011,467.0,3.0,,,,,,,,
Boundary_Fields_Addition_2010-12 — Mesilot_mafrek_E_2011,468.0,3.0,,,,,,,,
Boundary_Fields_Addition_2010-12 — Mesilot_mafrek_E_2011,469.0,3.0,,,,,,,,
Boundary_Fields_Addition_2010-12 — Mesilot_mafrek_E_2011,470.0,3.0,,,,,,,,
Boundary_Fields_Addition_2010-12 — Mesilot_mafrek_E_2011,471.0,3.0,,,,,,,,
Boundary_Fields_Addition_2010-12 — Mesilot_mafrek_E_2011,472.0,3.0,,,,,,,,
Boundary_Fields_Addition_2010-12 — Mesilot_mafrek_E_2011,473.0,3.0,,,,,,,,
Boundary_Fields_Addition_2010-12 — Mesilot_mafrek_E_2011,474.0,3.0,,,,,,,,
Boundary_Fields_Addition_2010-12 — Mesilot_mafrek_E_2011,475.0,3.0,,,,,,,,
Boundary_Fields_Addition_2010-12 — Mesilot_mafrek_E_2011,476.0,3.0,,,,,,,,
Boundary_Fields_Addition_2010-12 — Mesilot_mafrek_E_2011,477.0,3.0,,,,,,,,
Boundary_Fields_Addition_2010-12 — Mesilot_mafrek_E_2011,478.0,3.0,,,,,,,,
Boundary_Fields_Addition_2010-12 — Mesilot_mafrek_E_2011,479.0,3.0,,,,,,,,
Boundary_Fields_Addition_2010-12 — Mesilot_mafrek_E_2011,480.0,3.0,,,,,,,,
Boundary_Fields_Addition_2010-12 — Mesilot_mafrek_E_2011,481.0,3.0,,,,,,,,
Boundary_Fields_Addition_2010-12 — Mesilot_mafrek_E_2011,482.0,3.0,,,,,,,,
Boundary_Fields_Addition_2010-12 — Mesilot_mafrek_E_2011,483.0,3.0,,,,,,,,
Boundary_Fields_Addition_2010-12 — Mesilot_mafrek_E_2011,484.0,3.0,,,,,,,,
Boundary_Fields_Addition_2010-12 — Mesilot_mafrek_E_2011,485.0,3.0,,,,,,,,
Boundary_Fields_Addition_2010-12 — Mesilot_mafrek_E_2011,486.0,3.0,,,,,,,,
Boundary_Fields_Addition_2010-12 — Mesilot_mafrek_E_2011,487.0,3.0,,,,,,,,
Boundary_Fields_Addition_2010-12 — Mesilot_mafrek_E_2011,488.0,3.0,,,,,,,,
Boundary_Fields_Addition_2010-12 — Mesilot_mafrek_E_2011,489.0,3.0,,,,,,,,
Boundary_Fields_Addition_2010-12 — Mesilot_mafrek_E_2011,490.0,3.0,,,,,,,,
Boundary_Fields_Addition_2010-12 — Mesilot_mafrek_E_2011,491.0,3.0,,,,,,,,
Boundary_Fields_Addition_2010-12 — Mesilot_mafrek_E_2011,492.0,3.0,,,,,,,,
Boundary_Fields_Addition_2010-12 — Mesilot_mafrek_E_2011,493.0,3.0,,,,,,,,
Boundary_Fields_Addition_2010-12 — Mesilot_mafrek_E_2011,494.0,3.0,,,,,,,,
Boundary_Fields_Addition_2010-12 — Mesilot_mafrek_E_2011,495.0,3.0,,,,,,,,
Boundary_Fields_Addition_2010-12 — Mesilot_mafrek_E_2011,496.0,3.0,,,,,,,,
Boundary_Fields_Addition_2010-12 — Mesilot_mafrek_E_2011,497.0,3.0,,,,,,,,
Boundary_Fields_Addition_2010-12 — Mesilot_mafrek_E_2011,498.0,3.0,,,,,,,,
Boundary_Fields_Addition_2010-12 — Mesilot_mafrek_E_2011,499.0,3.0,,,,,,,,
Boundary_Fields_Addition_2010-12 — Mesilot_mafrek_E_2011,500.0,3.0,,,,,,,,
Boundary_Fields_Addition_2010-12 — Mesilot_mafrek_E_2011,501.0,3.0,,,,,,,,
Boundary_Fields_Addition_2010-12 — Mesilot_mafrek_E_2011,502.0,3.0,,,,,,,,
Boundary_Fields_Addition_2010-12 — Mesilot_mafrek_E_2011,503.0,3.0,,,,,,,,
Boundary_Fields_Addition_2010-12 — Mesilot_mafrek_E_2011,504.0,3.0,,,,,,,,
Boundary_Fields_Addition_2010-12 — Mesilot_mafrek_E_2011,505.0,3.0,,,,,,,,
Boundary_Fields_Addition_2010-12 — Mesilot_mafrek_E_2011,506.0,3.0,,,,,,,,
Boundary_Fields_Addition_2010-12 — Mesilot_mafrek_E_2011,507.0,3.0,,,,,,,,
Boundary_Fields_Addition_2010-12 — Mesilot_mafrek_E_2011,508.0,3.0,,,,,,,,
Boundary_Fields_Addition_2010-12 — Mesilot_mafrek_E_2011,509.0,3.0,,,,,,,,
Boundary_Fields_Addition_2010-12 — Mesilot_mafrek_E_2011,510.0,3.0,,,,,,,,
Boundary_Fields_Addition_2010-12 — Mesilot_mafrek_E_2011,511.0,3.0,,,,,,,,
Boundary_Fields_Addition_2010-12 — Mesilot_mafrek_E_2011,512.0,3.0,,,,,,,,
Boundary_Fields_Addition_2010-12 — Mesilot_mafrek_E_2011,513.0,3.0,,,,,,,,
Boundary_Fields_Addition_2010-12 — Mesilot_mafrek_E_2011,514.0,3.0,,,,,,,,
Boundary_Fields_Addition_2010-12 — Mesilot_mafrek_E_2011,515.0,3.0,,,,,,,,
Boundary_Fields_Addition_2010-12 — Mesilot_mafrek_E_2011,516.0,3.0,,,,,,,,
Boundary_Fields_Addition_2010-12 — Mesilot_mafrek_E_2011,517.0,3.0,,,,,,,,
Boundary_Fields_Addition_2010-12 — Mesilot_mafrek_E_2011,518.0,3.0,,,,,,,,
Boundary_Fields_Addition_2010-12 — Mesilot_um_savisa_2011,1.0,3.0,,,,,,,,
Boundary_Fields_Addition_2010-12 — Mesilot_um_savisa_2011,2.0,3.0,,,,,,,,
Boundary_Fields_Addition_2010-12 — Mesilot_um_savisa_2011,3.0,3.0,,,,,,,,
Boundary_Fields_Addition_2010-12 — Mesilot_um_savisa_2011,4.0,3.0,,,,,,,,
Boundary_Fields_Addition_2010-12 — Mesilot_um_savisa_2011,5.0,3.0,,,,,,,,
Boundary_Fields_Addition_2010-12 — Mesilot_um_savisa_2011,6.0,3.0,,,,,,,,
Boundary_Fields_Addition_2010-12 — Mesilot_um_savisa_2011,7.0,3.0,,,,,,,,
Boundary_Fields_Addition_2010-12 — Mesilot_um_savisa_2011,8.0,3.0,,,,,,,,
Boundary_Fields_Addition_2010-12 — Mesilot_um_savisa_2011,9.0,3.0,,,,,,,,
Boundary_Fields_Addition_2010-12 — Mesilot_um_savisa_2011,10.0,3.0,,,,,,,,
Boundary_Fields_Addition_2010-12 — Mesilot_um_savisa_2011,11.0,2.0,,,,,,,,
Boundary_Fields_Addition_2010-12 — Mesilot_um_savisa_2011,12.0,2.0,,,,,,,,
Boundary_Fields_Addition_2010-12 — Mesilot_um_savisa_2011,13.0,2.0,,,,,,,,
Boundary_Fields_Addition_2010-12 — Mesilot_um_savisa_2011,14.0,2.0,,,,,,,,
Boundary_Fields_Addition_2010-12 — Mesilot_um_savisa_2011,15.0,2.0,,,,,,,,
Boundary_Fields_Addition_2010-12 — Mesilot_um_savisa_2011,16.0,2.0,,,,,,,,
Boundary_Fields_Addition_2010-12 — Mesilot_um_savisa_2011,17.0,3.0,,,,,,,,
Boundary_Fields_Addition_2010-12 — Mesilot_um_savisa_2011,18.0,3.0,,,,,,,,
Boundary_Fields_Addition_2010-12 — Mesilot_um_savisa_2011,19.0,3.0,,,,,,,,
Boundary_Fields_Addition_2010-12 — Mesilot_um_savisa_2011,20.0,3.0,,,,,,,,
Boundary_Fields_Addition_2010-12 — Mesilot_um_savisa_2011,21.0,3.0,,,,,,,,
Boundary_Fields_Addition_2010-12 — Mesilot_um_savisa_2011,23.0,3.0,,,,,,,,
Boundary_Fields_Addition_2010-12 — Mesilot_um_savisa_2011,24.0,3.0,,,,,,,,
Boundary_Fields_Addition_2010-12 — Mesilot_um_savisa_2011,25.0,3.0,,,,,,,,
Boundary_Fields_Addition_2010-12 — Mesilot_um_savisa_2011,26.0,3.0,,,,,,,,
Boundary_Fields_Addition_2010-12 — Mesilot_um_savisa_2011,27.0,3.0,,,,,,,,
Boundary_Fields_Addition_2010-12 — Mesilot_um_savisa_2011,28.0,3.0,,,,,,,,
Boundary_Fields_Addition_2010-12 — Mesilot_um_savisa_2011,29.0,3.0,,,,,,,,
Boundary_Fields_Addition_2010-12 — Mesilot_um_savisa_2011,30.0,3.0,,,,,,,,
Boundary_Fields_Addition_2010-12 — Mesilot_um_savisa_2011,31.0,3.0,,,,,,,,
Boundary_Fields_Addition_2010-12 — Mesilot_um_savisa_2011,32.0,3.0,,,,,,,,
Boundary_Fields_Addition_2010-12 — Mesilot_um_savisa_2011,33.0,3.0,,,,,,,,
Boundary_Fields_Addition_2010-12 — Mesilot_um_savisa_2011,34.0,3.0,,,,,,,,
Boundary_Fields_Addition_2010-12 — Mesilot_um_savisa_2011,35.0,3.0,,,,,,,,
Boundary_Fields_Addition_2010-12 — Mesilot_um_savisa_2011,36.0,3.0,,,,,,,,
Boundary_Fields_Addition_2010-12 — Mesilot_um_savisa_2011,37.0,3.0,,,,,,,,
Boundary_Fields_Addition_2010-12 — Mesilot_um_savisa_2011,38.0,3.0,,,,,,,,
Boundary_Fields_Addition_2010-12 — Mesilot_um_savisa_2011,39.0,2.0,,,,,,,,
Boundary_Fields_Addition_2010-12 — Mesilot_um_savisa_2011,40.0,2.0,,,,,,,,
Boundary_Fields_Addition_2010-12 — Mesilot_um_savisa_2011,41.0,2.0,,,,,,,,
Boundary_Fields_Addition_2010-12 — Mesilot_um_savisa_2011,42.0,3.0,,,,,,,,
Boundary_Fields_Addition_2010-12 — Mesilot_um_savisa_2011,43.0,2.0,,,,,,,,
Boundary_Fields_Addition_2010-12 — Mesilot_um_savisa_2011,44.0,2.0,,,,,,,,
Boundary_Fields_Addition_2010-12 — Mesilot_um_savisa_2011,45.0,2.0,,,,,,,,
Boundary_Fields_Addition_2010-12 — Mesilot_um_savisa_2011,46.0,2.0,,,,,,,,
Boundary_Fields_Addition_2010-12 — Mesilot_um_savisa_2011,47.0,2.0,,,,,,,,
Boundary_Fields_Addition_2010-12 — Mesilot_um_savisa_2011,48.0,2.0,,,,,,,,
Boundary_Fields_Addition_2010-12 — Mesilot_um_savisa_2011,49.0,2.0,,,,,,,,
Boundary_Fields_Addition_2010-12 — Mesilot_um_savisa_2011,50.0,2.0,,,,,,,,
Boundary_Fields_Addition_2010-12 — Mesilot_um_savisa_2011,51.0,2.0,,,,,,,,
Boundary_Fields_Addition_2010-12 — Mesilot_um_savisa_2011,52.0,2.0,,,,,,,,
Boundary_Fields_Addition_2010-12 — Mesilot_um_savisa_2011,53.0,2.0,,,,,,,,
Boundary_Fields_Addition_2010-12 — Mesilot_um_savisa_2011,54.0,2.0,,,,,,,,
Boundary_Fields_Addition_2010-12 — Mesilot_um_savisa_2011,55.0,2.0,,,,,,,,
Boundary_Fields_Addition_2010-12 — Mesilot_um_savisa_2011,56.0,2.0,,,,,,,,
Boundary_Fields_Addition_2010-12 — Mesilot_um_savisa_2011,57.0,2.0,,,,,,,,
Boundary_Fields_Addition_2010-12 — Mesilot_um_savisa_2011,58.0,2.0,,,,,,,,
Boundary_Fields_Addition_2010-12 — Mesilot_um_savisa_2011,59.0,2.0,,,,,,,,
Boundary_Fields_Addition_2010-12 — Mesilot_um_savisa_2011,60.0,2.0,,,,,,,,
Boundary_Fields_Addition_2010-12 — Mesilot_um_savisa_2011,61.0,2.0,,,,,,,,
Boundary_Fields_Addition_2010-12 — Mesilot_um_savisa_2011,62.0,2.0,,,,,,,,
Boundary_Fields_Addition_2010-12 — Mesilot_um_savisa_2011,63.0,2.0,,,,,,,,
Boundary_Fields_Addition_2010-12 — Mesilot_um_savisa_2011,64.0,2.0,,,,,,,,
Boundary_Fields_Addition_2010-12 — Mesilot_um_savisa_2011,65.0,2.0,,,,,,,,
Boundary_Fields_Addition_2010-12 — Mesilot_um_savisa_2011,66.0,2.0,,,,,,,,
Boundary_Fields_Addition_2010-12 — Mesilot_um_savisa_2011,67.0,2.0,,,,,,,,
Boundary_Fields_Addition_2010-12 — Mesilot_um_savisa_2011,68.0,2.0,,,,,,,,
Boundary_Fields_Addition_2010-12 — Mesilot_um_savisa_2011,69.0,2.0,,,,,,,,
Boundary_Fields_Addition_2010-12 — Mesilot_um_savisa_2011,70.0,2.0,,,,,,,,
Boundary_Fields_Addition_2010-12 — Mesilot_um_savisa_2011,71.0,2.0,,,,,,,,
Boundary_Fields_Addition_2010-12 — Mesilot_um_savisa_2011,72.0,2.0,,,,,,,,
Boundary_Fields_Addition_2010-12 — Mesilot_um_savisa_2011,73.0,2.0,,,,,,,,
Boundary_Fields_Addition_2010-12 — Mesilot_um_savisa_2011,74.0,2.0,,,,,,,,
Boundary_Fields_Addition_2010-12 — Mesilot_um_savisa_2011,75.0,2.0,,,,,,,,
Boundary_Fields_Addition_2010-12 — Mesilot_um_savisa_2011,76.0,2.0,,,,,,,,
Boundary_Fields_Addition_2010-12 — Mesilot_um_savisa_2011,77.0,2.0,,,,,,,,
Boundary_Fields_Addition_2010-12 — Mesilot_um_savisa_2011,78.0,2.0,,,,,,,,
Boundary_Fields_Addition_2010-12 — Mesilot_um_savisa_2011,79.0,2.0,,,,,,,,
Boundary_Fields_Addition_2010-12 — Mesilot_um_savisa_2011,80.0,2.0,,,,,,,,
Boundary_Fields_Addition_2010-12 — Mesilot_um_savisa_2011,81.0,2.0,,,,,,,,
Boundary_Fields_Addition_2010-12 — Mesilot_um_savisa_2011,82.0,3.0,,,,,,,,
Boundary_Fields_Addition_2010-12 — Mesilot_um_savisa_2011,83.0,3.0,,,,,,,,
Boundary_Fields_Addition_2010-12 — Mesilot_um_savisa_2011,84.0,3.0,,,,,,,,
Boundary_Fields_Addition_2010-12 — Mesilot_um_savisa_2011,85.0,3.0,,,,,,,,
Boundary_Fields_Addition_2010-12 — Mesilot_um_savisa_2011,86.0,2.0,,,,,,,,
Boundary_Fields_Addition_2010-12 — Mesilot_um_savisa_2011,87.0,3.0,,,,,,,,
Boundary_Fields_Addition_2010-12 — Mesilot_um_savisa_2011,88.0,3.0,,,,,,,,
Boundary_Fields_Addition_2010-12 — Mesilot_um_savisa_2011,89.0,3.0,,,,,,,,
Boundary_Fields_Addition_2010-12 — Mesilot_um_savisa_2011,90.0,3.0,,,,,,,,
Boundary_Fields_Addition_2010-12 — Mesilot_um_savisa_2011,91.0,3.0,,,,,,,,
Boundary_Fields_Addition_2010-12 — Mesilot_um_savisa_2011,92.0,3.0,,,,,,,,
Boundary_Fields_Addition_2010-12 — Mesilot_um_savisa_2011,93.0,3.0,,,,,,,,
Boundary_Fields_Addition_2010-12 — Mesilot_um_savisa_2011,94.0,3.0,,,,,,,,
Boundary_Fields_Addition_2010-12 — Mesilot_um_savisa_2011,95.0,3.0,,,,,,,,
Boundary_Fields_Addition_2010-12 — Mesilot_um_savisa_2011,96.0,3.0,,,,,,,,
Boundary_Fields_Addition_2010-12 — Mesilot_um_savisa_2011,97.0,3.0,,,,,,,,
Boundary_Fields_Addition_2010-12 — Mesilot_um_savisa_2011,98.0,3.0,,,,,,,,
Boundary_Fields_Addition_2010-12 — Mesilot_um_savisa_2011,99.0,3.0,,,,,,,,
Boundary_Fields_Addition_2010-12 — Mesilot_um_savisa_2011,100.0,3.0,,,,,,,,
Boundary_Fields_Addition_2010-12 — Mesilot_um_savisa_2011,101.0,3.0,,,,,,,,
Boundary_Fields_Addition_2010-12 — Mesilot_um_savisa_2011,102.0,3.0,,,,,,,,
Boundary_Fields_Addition_2010-12 — Mesilot_um_savisa_2011,103.0,3.0,,,,,,,,
Boundary_Fields_Addition_2010-12 — Mesilot_um_savisa_2011,104.0,3.0,,,,,,,,
Boundary_Fields_Addition_2010-12 — Mesilot_um_savisa_2011,105.0,3.0,,,,,,,,
Boundary_Fields_Addition_2010-12 — Mesilot_um_savisa_2011,106.0,3.0,,,,,,,,
Boundary_Fields_Addition_2010-12 — Mesilot_um_savisa_2011,107.0,3.0,,,,,,,,
Boundary_Fields_Addition_2010-12 — Mesilot_um_savisa_2011,108.0,3.0,,,,,,,,
Boundary_Fields_Addition_2010-12 — Mesilot_um_savisa_2011,109.0,3.0,,,,,,,,
Boundary_Fields_Addition_2010-12 — Mesilot_um_savisa_2011,110.0,3.0,,,,,,,,
Boundary_Fields_Addition_2010-12 — Mesilot_um_savisa_2011,111.0,3.0,,,,,,,,
Boundary_Fields_Addition_2010-12 — Mesilot_um_savisa_2011,112.0,3.0,,,,,,,,
Boundary_Fields_Addition_2010-12 — Mesilot_um_savisa_2011,113.0,3.0,,,,,,,,
Boundary_Fields_Addition_2010-12 — Mesilot_um_savisa_2011,114.0,3.0,,,,,,,,
Boundary_Fields_Addition_2010-12 — Mesilot_um_savisa_2011,115.0,3.0,,,,,,,,
Boundary_Fields_Addition_2010-12 — Mesilot_um_savisa_2011,116.0,3.0,,,,,,,,
Boundary_Fields_Addition_2010-12 — Mesilot_um_savisa_2011,117.0,3.0,,,,,,,,
Boundary_Fields_Addition_2010-12 — Mesilot_um_savisa_2011,118.0,3.0,,,,,,,,
Boundary_Fields_Addition_2010-12 — Mesilot_um_savisa_2011,119.0,3.0,,,,,,,,
Boundary_Fields_Addition_2010-12 — Mesilot_um_savisa_2011,120.0,3.0,,,,,,,,
Boundary_Fields_Addition_2010-12 — Mesilot_um_savisa_2011,121.0,3.0,,,,,,,,
Boundary_Fields_Addition_2010-12 — Mesilot_um_savisa_2011,122.0,3.0,,,,,,,,
Boundary_Fields_Addition_2010-12 — Mesilot_um_savisa_2011,123.0,3.0,,,,,,,,
Boundary_Fields_Addition_2010-12 — Mesilot_um_savisa_2011,124.0,3.0,,,,,,,,
Boundary_Fields_Addition_2010-12 — Mesilot_um_savisa_2011,125.0,3.0,,,,,,,,
Boundary_Fields_Addition_2010-12 — Mesilot_um_savisa_2011,126.0,3.0,,,,,,,,
Boundary_Fields_Addition_2010-12 — Mesilot_um_savisa_2011,127.0,3.0,,,,,,,,
Boundary_Fields_Addition_2010-12 — Mesilot_um_savisa_2011,128.0,3.0,,,,,,,,
Boundary_Fields_Addition_2010-12 — Mesilot_um_savisa_2011,129.0,3.0,,,,,,,,
Boundary_Fields_Addition_2010-12 — Mesilot_um_savisa_2011,130.0,3.0,,,,,,,,
Boundary_Fields_Addition_2010-12 — Mesilot_um_savisa_2011,131.0,3.0,,,,,,,,
Boundary_Fields_Addition_2010-12 — Mesilot_um_savisa_2011,132.0,3.0,,,,,,,,
Boundary_Fields_Addition_2010-12 — Mesilot_um_savisa_2011,133.0,3.0,,,,,,,,
Boundary_Fields_Addition_2010-12 — Mesilot_um_savisa_2011,134.0,3.0,,,,,,,,
Boundary_Fields_Addition_2010-12 — Mesilot_um_savisa_2011,135.0,3.0,,,,,,,,
Boundary_Fields_Addition_2010-12 — Mesilot_um_savisa_2011,136.0,3.0,,,,,,,,
Boundary_Fields_Addition_2010-12 — Mesilot_um_savisa_2011,137.0,3.0,,,,,,,,
Boundary_Fields_Addition_2010-12 — Mesilot_um_savisa_2011,138.0,3.0,,,,,,,,
Boundary_Fields_Addition_2010-12 — Mesilot_um_savisa_2011,139.0,3.0,,,,,,,,
Boundary_Fields_Addition_2010-12 — Mesilot_um_savisa_2011,140.0,3.0,,,,,,,,
Boundary_Fields_Addition_2010-12 — Mesilot_um_savisa_2011,141.0,3.0,,,,,,,,
Boundary_Fields_Addition_2010-12 — Mesilot_um_savisa_2011,142.0,3.0,,,,,,,,
Boundary_Fields_Addition_2010-12 — Mesilot_um_savisa_2011,143.0,2.0,,,,,,,,
Boundary_Fields_Addition_2010-12 — Mesilot_um_savisa_2011,144.0,3.0,,,,,,,,
Boundary_Fields_Addition_2010-12 — Mesilot_um_savisa_2011,145.0,3.0,,,,,,,,
Boundary_Fields_Addition_2010-12 — Mesilot_um_savisa_2011,146.0,3.0,,,,,,,,
Boundary_Fields_Addition_2010-12 — Mesilot_um_savisa_2011,147.0,3.0,,,,,,,,
Boundary_Fields_Addition_2010-12 — Mesilot_um_savisa_2011,148.0,3.0,,,,,,,,
Boundary_Fields_Addition_2010-12 — Mesilot_um_savisa_2011,149.0,2.0,,,,,,,,
Boundary_Fields_Addition_2010-12 — Mesilot_um_savisa_2011,150.0,2.0,,,,,,,,
Boundary_Fields_Addition_2010-12 — Mesilot_um_savisa_2011,151.0,2.0,,,,,,,,
Boundary_Fields_Addition_2010-12 — Mesilot_um_savisa_2011,152.0,3.0,,,,,,,,
Boundary_Fields_Addition_2010-12 — Mesilot_um_savisa_2011,153.0,3.0,,,,,,,,
Boundary_Fields_Addition_2010-12 — Mesilot_um_savisa_2011,154.0,3.0,,,,,,,,
Boundary_Fields_Addition_2010-12 — Mesilot_um_savisa_2011,155.0,3.0,,,,,,,,
Boundary_Fields_Addition_2010-12 — Mesilot_um_savisa_2011,156.0,3.0,,,,,,,,
Boundary_Fields_Addition_2010-12 — Mesilot_um_savisa_2011,157.0,3.0,,,,,,,,
Boundary_Fields_Addition_2010-12 — Mesilot_um_savisa_2011,158.0,3.0,,,,,,,,
Boundary_Fields_Addition_2010-12 — Mesilot_um_savisa_2011,159.0,3.0,,,,,,,,
Boundary_Fields_Addition_2010-12 — Mesilot_um_savisa_2011,160.0,2.0,,,,,,,,
Boundary_Fields_Addition_2010-12 — Mesilot_um_savisa_2011,161.0,2.0,,,,,,,,
Boundary_Fields_Addition_2010-12 — Mesilot_um_savisa_2011,162.0,2.0,,,,,,,,
Boundary_Fields_Addition_2010-12 — Mesilot_um_savisa_2011,163.0,2.0,,,,,,,,
Boundary_Fields_Addition_2010-12 — Mesilot_um_savisa_2011,164.0,2.0,,,,,,,,
Boundary_Fields_Addition_2010-12 — Mesilot_um_savisa_2011,165.0,2.0,,,,,,,,
Boundary_Fields_Addition_2010-12 — Mesilot_um_savisa_2011,166.0,2.0,,,,,,,,
Boundary_Fields_Addition_2010-12 — Mesilot_um_savisa_2011,167.0,2.0,,,,,,,,
Boundary_Fields_Addition_2010-12 — Mesilot_um_savisa_2011,168.0,2.0,,,,,,,,
Boundary_Fields_Addition_2010-12 — Mesilot_um_savisa_2011,169.0,2.0,,,,,,,,
Boundary_Fields_Addition_2010-12 — Mesilot_um_savisa_2011,170.0,3.0,,,,,,,,
Boundary_Fields_Addition_2010-12 — Mesilot_um_savisa_2011,171.0,3.0,,,,,,,,
Boundary_Fields_Addition_2010-12 — Mesilot_um_savisa_2011,172.0,3.0,,,,,,,,
Boundary_Fields_Addition_2010-12 — Mesilot_um_savisa_2011,173.0,2.0,,,,,,,,
Boundary_Fields_Addition_2010-12 — Mesilot_um_savisa_2011,174.0,3.0,,,,,,,,
Boundary_Fields_Addition_2010-12 — Mesilot_um_savisa_2011,175.0,3.0,,,,,,,,
Boundary_Fields_Addition_2010-12 — Mesilot_um_savisa_2011,176.0,3.0,,,,,,,,
Boundary_Fields_Addition_2010-12 — Mesilot_um_savisa_2011,177.0,3.0,,,,,,,,
Boundary_Fields_Addition_2010-12 — Mesilot_um_savisa_2011,178.0,3.0,,,,,,,,
Boundary_Fields_Addition_2010-12 — Mesilot_um_savisa_2011,179.0,3.0,,,,,,,,
Boundary_Fields_Addition_2010-12 — Mesilot_um_savisa_2011,180.0,2.0,,,,,,,,
Boundary_Fields_Addition_2010-12 — Mesilot_um_savisa_2011,181.0,3.0,,,,,,,,
Boundary_Fields_Addition_2010-12 — Mesilot_um_savisa_2011,182.0,3.0,,,,,,,,
Boundary_Fields_Addition_2010-12 — Mesilot_um_savisa_2011,183.0,3.0,,,,,,,,
Boundary_Fields_Addition_2010-12 — Mesilot_um_savisa_2011,184.0,3.0,,,,,,,,
Boundary_Fields_Addition_2010-12 — Mesilot_um_savisa_2011,185.0,3.0,,,,,,,,
Boundary_Fields_Addition_2010-12 — Mesilot_um_savisa_2011,186.0,3.0,,,,,,,,
Boundary_Fields_Addition_2010-12 — Mesilot_um_savisa_2011,187.0,3.0,,,,,,,,
Boundary_Fields_Addition_2010-12 — Mesilot_um_savisa_2011,188.0,3.0,,,,,,,,
Boundary_Fields_Addition_2010-12 — Mesilot_um_savisa_2011,189.0,3.0,,,,,,,,
Boundary_Fields_Addition_2010-12 — Mesilot_um_savisa_2011,190.0,3.0,,,,,,,,
Boundary_Fields_Addition_2010-12 — Mesilot_um_savisa_2011,191.0,3.0,,,,,,,,
Boundary_Fields_Addition_2010-12 — Mesilot_um_savisa_2011,192.0,3.0,,,,,,,,
Boundary_Fields_Addition_2010-12 — Mesilot_um_savisa_2011,193.0,3.0,,,,,,,,
Boundary_Fields_Addition_2010-12 — Mesilot_um_savisa_2011,194.0,3.0,,,,,,,,
Boundary_Fields_Addition_2010-12 — Mesilot_um_savisa_2011,195.0,3.0,,,,,,,,
Boundary_Fields_Addition_2010-12 — Mesilot_um_savisa_2011,196.0,3.0,,,,,,,,
Boundary_Fields_Addition_2010-12 — Mesilot_um_savisa_2011,197.0,3.0,,,,,,,,
Boundary_Fields_Addition_2010-12 — Mesilot_um_savisa_2011,198.0,3.0,,,,,,,,
Boundary_Fields_Addition_2010-12 — Mesilot_um_savisa_2011,199.0,3.0,,,,,,,,
Boundary_Fields_Addition_2010-12 — Mesilot_um_savisa_2011,200.0,3.0,,,,,,,,
Boundary_Fields_Addition_2010-12 — Mesilot_um_savisa_2011,201.0,3.0,,,,,,,,
Boundary_Fields_Addition_2010-12 — Mesilot_um_savisa_2011,202.0,3.0,,,,,,,,
Boundary_Fields_Addition_2010-12 — Mesilot_um_savisa_2011,203.0,3.0,,,,,,,,
Boundary_Fields_Addition_2010-12 — Mesilot_um_savisa_2011,204.0,3.0,,,,,,,,
Boundary_Fields_Addition_2010-12 — Mesilot_um_savisa_2011,205.0,3.0,,,,,,,,
Boundary_Fields_Addition_2010-12 — Mesilot_um_savisa_2011,206.0,3.0,,,,,,,,
Boundary_Fields_Addition_2010-12 — Mesilot_um_savisa_2011,207.0,3.0,,,,,,,,
Boundary_Fields_Addition_2010-12 — Mesilot_um_savisa_2011,208.0,3.0,,,,,,,,
Boundary_Fields_Addition_2010-12 — Mesilot_um_savisa_2011,209.0,3.0,,,,,,,,
Boundary_Fields_Addition_2010-12 — Mesilot_um_savisa_2011,210.0,3.0,,,,,,,,
Boundary_Fields_Addition_2010-12 — Mesilot_um_savisa_2011,211.0,3.0,,,,,,,,
Boundary_Fields_Addition_2010-12 — Mesilot_um_savisa_2011,212.0,3.0,,,,,,,,
Boundary_Fields_Addition_2010-12 — Mesilot_um_savisa_2011,213.0,3.0,,,,,,,,
Boundary_Fields_Addition_2010-12 — Mesilot_um_savisa_2011,214.0,3.0,,,,,,,,
Boundary_Fields_Addition_2010-12 — Mesilot_um_savisa_2011,215.0,3.0,,,,,,,,
Boundary_Fields_Addition_2010-12 — Mesilot_um_savisa_2011,216.0,3.0,,,,,,,,
Boundary_Fields_Addition_2010-12 — Mesilot_um_savisa_2011,217.0,3.0,,,,,,,,
Boundary_Fields_Addition_2010-12 — Mesilot_um_savisa_2011,218.0,3.0,,,,,,,,
Boundary_Fields_Addition_2010-12 — Mesilot_um_savisa_2011,219.0,3.0,,,,,,,,
Boundary_Fields_Addition_2010-12 — Mesilot_um_savisa_2011,220.0,3.0,,,,,,,,
Boundary_Fields_Addition_2010-12 — Mesilot_um_savisa_2011,221.0,3.0,,,,,,,,
Boundary_Fields_Addition_2010-12 — Mesilot_um_savisa_2011,222.0,3.0,,,,,,,,
Boundary_Fields_Addition_2010-12 — Mesilot_um_savisa_2011,223.0,3.0,,,,,,,,
Boundary_Fields_Addition_2010-12 — Mesilot_um_savisa_2011,224.0,3.0,,,,,,,,
Boundary_Fields_Addition_2010-12 — Mesilot_um_savisa_2011,225.0,3.0,,,,,,,,
Boundary_Fields_Addition_2010-12 — Mesilot_um_savisa_2011,226.0,3.0,,,,,,,,
Boundary_Fields_Addition_2010-12 — Mesilot_um_savisa_2011,227.0,3.0,,,,,,,,
Boundary_Fields_Addition_2010-12 — Mesilot_um_savisa_2011,228.0,3.0,,,,,,,,
Boundary_Fields_Addition_2010-12 — Mesilot_um_savisa_2011,229.0,3.0,,,,,,,,
Boundary_Fields_Addition_2010-12 — Mesilot_um_savisa_2011,230.0,3.0,,,,,,,,
Boundary_Fields_Addition_2010-12 — Mesilot_um_savisa_2011,231.0,3.0,,,,,,,,
Boundary_Fields_Addition_2010-12 — Mesilot_um_savisa_2011,232.0,3.0,,,,,,,,
Boundary_Fields_Addition_2010-12 — Mesilot_um_savisa_2011,233.0,3.0,,,,,,,,
Boundary_Fields_Addition_2010-12 — Mesilot_um_savisa_2011,234.0,3.0,,,,,,,,
Boundary_Fields_Addition_2010-12 — Mesilot_um_savisa_2011,235.0,3.0,,,,,,,,
Boundary_Fields_Addition_2010-12 — Mesilot_um_savisa_2011,236.0,3.0,,,,,,,,
Boundary_Fields_Addition_2010-12 — Mesilot_um_savisa_2011,237.0,3.0,,,,,,,,
Boundary_Fields_Addition_2010-12 — Mesilot_um_savisa_2011,238.0,3.0,,,,,,,,
Boundary_Fields_Addition_2010-12 — Mesilot_um_savisa_2011,239.0,3.0,,,,,,,,
Boundary_Fields_Addition_2010-12 — Mesilot_um_savisa_2011,240.0,3.0,,,,,,,,
Boundary_Fields_Addition_2010-12 — Mesilot_um_savisa_2011,241.0,3.0,,,,,,,,
Boundary_Fields_Addition_2010-12 — Mesilot_um_savisa_2011,242.0,3.0,,,,,,,,
Boundary_Fields_Addition_2010-12 — Mesilot_um_savisa_2011,243.0,3.0,,,,,,,,
Boundary_Fields_Addition_2010-12 — Mesilot_um_savisa_2011,244.0,2.0,,,,,,,,
Boundary_Fields_Addition_2010-12 — Mesilot_um_savisa_2011,245.0,2.0,,,,,,,,
Boundary_Fields_Addition_2010-12 — Mesilot_um_savisa_2011,246.0,2.0,,,,,,,,
Boundary_Fields_Addition_2010-12 — Mesilot_um_savisa_2011,247.0,3.0,,,,,,,,
Boundary_Fields_Addition_2010-12 — Mesilot_um_savisa_2011,248.0,3.0,,,,,,,,
Boundary_Fields_Addition_2010-12 — Mesilot_um_savisa_2011,249.0,3.0,,,,,,,,
Boundary_Fields_Addition_2010-12 — Mesilot_um_savisa_2011,250.0,3.0,,,,,,,,
Boundary_Fields_Addition_2010-12 — Mesilot_um_savisa_2011,251.0,3.0,,,,,,,,
Boundary_Fields_Addition_2010-12 — Mesilot_um_savisa_2011,252.0,3.0,,,,,,,,
Boundary_Fields_Addition_2010-12 — Mesilot_um_savisa_2011,253.0,3.0,,,,,,,,
Boundary_Fields_Addition_2010-12 — Mesilot_um_savisa_2011,254.0,3.0,,,,,,,,
Boundary_Fields_Addition_2010-12 — Mesilot_um_savisa_2011,255.0,3.0,,,,,,,,
Boundary_Fields_Addition_2010-12 — Mesilot_um_savisa_2011,256.0,3.0,,,,,,,,
Boundary_Fields_Addition_2010-12 — Mesilot_um_savisa_2011,257.0,3.0,,,,,,,,
Boundary_Fields_Addition_2010-12 — Mesilot_um_savisa_2011,258.0,3.0,,,,,,,,
Boundary_Fields_Addition_2010-12 — Mesilot_um_savisa_2011,259.0,3.0,,,,,,,,
Boundary_Fields_Addition_2010-12 — Mesilot_um_savisa_2011,260.0,2.0,,,,,,,,
Boundary_Fields_Addition_2010-12 — Mesilot_um_savisa_2011,261.0,2.0,,,,,,,,
Boundary_Fields_Addition_2010-12 — Mesilot_um_savisa_2011,262.0,2.0,,,,,,,,
Boundary_Fields_Addition_2010-12 — Mesilot_um_savisa_2011,263.0,2.0,,,,,,,,
Boundary_Fields_Addition_2010-12 — Mesilot_um_savisa_2011,264.0,2.0,,,,,,,,
Boundary_Fields_Addition_2010-12 — Mesilot_um_savisa_2011,265.0,2.0,,,,,,,,
Boundary_Fields_Addition_2010-12 — Mesilot_um_savisa_2011,266.0,2.0,,,,,,,,
Boundary_Fields_Addition_2010-12 — Mesilot_um_savisa_2011,267.0,2.0,,,,,,,,
Boundary_Fields_Addition_2010-12 — Mesilot_um_savisa_2011,268.0,2.0,,,,,,,,
Boundary_Fields_Addition_2010-12 — Mesilot_um_savisa_2011,269.0,2.0,,,,,,,,
Boundary_Fields_Addition_2010-12 — Mesilot_um_savisa_2011,270.0,2.0,,,,,,,,
Boundary_Fields_Addition_2010-12 — Mesilot_um_savisa_2011,271.0,2.0,,,,,,,,
Boundary_Fields_Addition_2010-12 — Mesilot_um_savisa_2011,272.0,2.0,,,,,,,,
Boundary_Fields_Addition_2010-12 — Mesilot_um_savisa_2011,273.0,3.0,,,,,,,,
Boundary_Fields_Addition_2010-12 — Mesilot_um_savisa_2011,274.0,3.0,,,,,,,,
Boundary_Fields_Addition_2010-12 — Mesilot_um_savisa_2011,275.0,2.0,,,,,,,,
Boundary_Fields_Addition_2010-12 — Mesilot_um_savisa_2011,276.0,2.0,,,,,,,,
Boundary_Fields_Addition_2010-12 — Mesilot_um_savisa_2011,277.0,2.0,,,,,,,,
Boundary_Fields_Addition_2010-12 — Mesilot_um_savisa_2011,278.0,2.0,,,,,,,,
Boundary_Fields_Addition_2010-12 — Mesilot_um_savisa_2011,279.0,2.0,,,,,,,,
Boundary_Fields_Addition_2010-12 — Mesilot_um_savisa_2011,280.0,3.0,,,,,,,,
Boundary_Fields_Addition_2010-12 — Mesilot_um_savisa_2011,281.0,3.0,,,,,,,,
Boundary_Fields_Addition_2010-12 — Mesilot_um_savisa_2011,282.0,3.0,,,,,,,,
Boundary_Fields_Addition_2010-12 — Mesilot_um_savisa_2011,283.0,3.0,,,,,,,,
Boundary_Fields_Addition_2010-12 — Mesilot_um_savisa_2011,284.0,3.0,,,,,,,,
Boundary_Fields_Addition_2010-12 — Mesilot_um_savisa_2011,285.0,3.0,,,,,,,,
Boundary_Fields_Addition_2010-12 — Mesilot_um_savisa_2011,286.0,3.0,,,,,,,,
Boundary_Fields_Addition_2010-12 — Mesilot_um_savisa_2011,287.0,3.0,,,,,,,,
Boundary_Fields_Addition_2010-12 — Mesilot_um_savisa_2011,288.0,3.0,,,,,,,,
Boundary_Fields_Addition_2010-12 — Mesilot_um_savisa_2011,289.0,3.0,,,,,,,,
Boundary_Fields_Addition_2010-12 — Mesilot_um_savisa_2011,290.0,3.0,,,,,,,,
Boundary_Fields_Addition_2010-12 — Mesilot_um_savisa_2011,291.0,3.0,,,,,,,,
Boundary_Fields_Addition_2010-12 — Mesilot_um_savisa_2011,292.0,3.0,,,,,,,,
Boundary_Fields_Addition_2010-12 — Mesilot_um_savisa_2011,293.0,3.0,,,,,,,,
Boundary_Fields_Addition_2010-12 — Mesilot_um_savisa_2011,294.0,3.0,,,,,,,,
Boundary_Fields_Addition_2010-12 — Mesilot_um_savisa_2011,295.0,3.0,,,,,,,,
Boundary_Fields_Addition_2010-12 — Mesilot_um_savisa_2011,296.0,3.0,,,,,,,,
Boundary_Fields_Addition_2010-12 — Mesilot_um_savisa_2011,297.0,3.0,,,,,,,,
Boundary_Fields_Addition_2010-12 — Mesilot_um_savisa_2011,298.0,3.0,,,,,,,,
Boundary_Fields_Addition_2010-12 — Mesilot_um_savisa_2011,299.0,3.0,,,,,,,,
Boundary_Fields_Addition_2010-12 — Mesilot_um_savisa_2011,300.0,3.0,,,,,,,,
Boundary_Fields_Addition_2010-12 — Mesilot_um_savisa_2011,301.0,3.0,,,,,,,,
Boundary_Fields_Addition_2010-12 — Mesilot_um_savisa_2011,302.0,3.0,,,,,,,,
Boundary_Fields_Addition_2010-12 — Mesilot_um_savisa_2011,303.0,3.0,,,,,,,,
Boundary_Fields_Addition_2010-12 — Mesilot_um_savisa_2011,304.0,3.0,,,,,,,,
Boundary_Fields_Addition_2010-12 — Mesilot_um_savisa_2011,305.0,3.0,,,,,,,,
Boundary_Fields_Addition_2010-12 — Mesilot_um_savisa_2011,306.0,3.0,,,,,,,,
Boundary_Fields_Addition_2010-12 — Mesilot_um_savisa_2011,307.0,3.0,,,,,,,,
Boundary_Fields_Addition_2010-12 — Mesilot_um_savisa_2011,308.0,3.0,,,,,,,,
Boundary_Fields_Addition_2010-12 — Mesilot_um_savisa_2011,309.0,3.0,,,,,,,,
Boundary_Fields_Addition_2010-12 — Mesilot_um_savisa_2011,310.0,3.0,,,,,,,,
Boundary_Fields_Addition_2010-12 — Mesilot_um_savisa_2011,311.0,3.0,,,,,,,,
Boundary_Fields_Addition_2010-12 — Mesilot_um_savisa_2011,312.0,3.0,,,,,,,,
Boundary_Fields_Addition_2010-12 — Mesilot_um_savisa_2011,313.0,3.0,,,,,,,,
Boundary_Fields_Addition_2010-12 — Mesilot_um_savisa_2011,314.0,3.0,,,,,,,,
Boundary_Fields_Addition_2010-12 — Mesilot_um_savisa_2011,315.0,3.0,,,,,,,,
Boundary_Fields_Addition_2010-12 — Mesilot_um_savisa_2011,316.0,3.0,,,,,,,,
Boundary_Fields_Addition_2010-12 — Mesilot_um_savisa_2011,317.0,3.0,,,,,,,,
Boundary_Fields_Addition_2010-12 — Mesilot_um_savisa_2011,318.0,3.0,,,,,,,,
Boundary_Fields_Addition_2010-12 — Mesilot_um_savisa_2011,319.0,3.0,,,,,,,,
Boundary_Fields_Addition_2010-12 — Mesilot_um_savisa_2011,320.0,3.0,,,,,,,,
Boundary_Fields_Addition_2010-12 — Mesilot_um_savisa_2011,321.0,3.0,,,,,,,,
Boundary_Fields_Addition_2010-12 — Mesilot_um_savisa_2011,322.0,3.0,,,,,,,,
Boundary_Fields_Addition_2010-12 — Mesilot_um_savisa_2011,323.0,3.0,,,,,,,,
Boundary_Fields_Addition_2010-12 — Mesilot_um_savisa_2011,324.0,3.0,,,,,,,,
Boundary_Fields_Addition_2010-12 — Mesilot_um_savisa_2011,325.0,3.0,,,,,,,,
Boundary_Fields_Addition_2010-12 — Mesilot_um_savisa_2011,326.0,3.0,,,,,,,,
Boundary_Fields_Addition_2010-12 — Mesilot_um_savisa_2011,327.0,3.0,,,,,,,,
Boundary_Fields_Addition_2010-12 — Mesilot_um_savisa_2011,328.0,3.0,,,,,,,,
Boundary_Fields_Addition_2010-12 — Mesilot_um_savisa_2011,329.0,2.0,,,,,,,,
Boundary_Fields_Addition_2010-12 — Mesilot_um_savisa_2011,330.0,2.0,,,,,,,,
Boundary_Fields_Addition_2010-12 — Mesilot_um_savisa_2011,331.0,2.0,,,,,,,,
Boundary_Fields_Addition_2010-12 — Mesilot_um_savisa_2011,332.0,2.0,,,,,,,,
Boundary_Fields_Addition_2010-12 — Mesilot_um_savisa_2011,333.0,2.0,,,,,,,,
Boundary_Fields_Addition_2010-12 — Mesilot_um_savisa_2011,334.0,2.0,,,,,,,,
Boundary_Fields_Addition_2010-12 — Mesilot_um_savisa_2011,335.0,2.0,,,,,,,,
Boundary_Fields_Addition_2010-12 — Mesilot_um_savisa_2011,336.0,2.0,,,,,,,,
Boundary_Fields_Addition_2010-12 — Mesilot_um_savisa_2011,337.0,2.0,,,,,,,,
Boundary_Fields_Addition_2010-12 — Mesilot_um_savisa_2011,338.0,2.0,,,,,,,,
Boundary_Fields_Addition_2010-12 — Mesilot_um_savisa_2011,339.0,2.0,,,,,,,,
Boundary_Fields_Addition_2010-12 — Mesilot_um_savisa_2011,340.0,2.0,,,,,,,,
Boundary_Fields_Addition_2010-12 — Mesilot_um_savisa_2011,341.0,2.0,,,,,,,,
Boundary_Fields_Addition_2010-12 — Mesilot_um_savisa_2011,342.0,2.0,,,,,,,,
Boundary_Fields_Addition_2010-12 — Mesilot_um_savisa_2011,343.0,3.0,,,,,,,,
Boundary_Fields_Addition_2010-12 — Mesilot_um_savisa_2011,344.0,3.0,,,,,,,,
Boundary_Fields_Addition_2010-12 — Mesilot_um_savisa_2011,345.0,3.0,,,,,,,,
Boundary_Fields_Addition_2010-12 — Mesilot_um_savisa_2011,346.0,3.0,,,,,,,,
Boundary_Fields_Addition_2010-12 — Mesilot_um_savisa_2011,347.0,3.0,,,,,,,,
Boundary_Fields_Addition_2010-12 — Mesilot_um_savisa_2011,348.0,3.0,,,,,,,,
Boundary_Fields_Addition_2010-12 — Mesilot_um_savisa_2011,349.0,3.0,,,,,,,,
Boundary_Fields_Addition_2010-12 — Mesilot_um_savisa_2011,350.0,3.0,,,,,,,,
Boundary_Fields_Addition_2010-12 — Mesilot_um_savisa_2011,351.0,3.0,,,,,,,,
Boundary_Fields_Addition_2010-12 — Mesilot_um_savisa_2011,352.0,3.0,,,,,,,,
Boundary_Fields_Addition_2010-12 — Mesilot_um_savisa_2011,353.0,3.0,,,,,,,,
Boundary_Fields_Addition_2010-12 — Mesilot_um_savisa_2011,354.0,3.0,,,,,,,,
Boundary_Fields_Addition_2010-12 — Mesilot_um_savisa_2011,355.0,3.0,,,,,,,,
Boundary_Fields_Addition_2010-12 — Mesilot_um_savisa_2011,356.0,3.0,,,,,,,,
Boundary_Fields_Addition_2010-12 — Mesilot_um_savisa_2011,357.0,3.0,,,,,,,,
Boundary_Fields_Addition_2010-12 — Mesilot_um_savisa_2011,358.0,3.0,,,,,,,,
Boundary_Fields_Addition_2010-12 — Mesilot_um_savisa_2011,359.0,3.0,,,,,,,,
Boundary_Fields_Addition_2010-12 — Mesilot_um_savisa_2011,360.0,3.0,,,,,,,,
Boundary_Fields_Addition_2010-12 — Mesilot_um_savisa_2011,361.0,3.0,,,,,,,,
Boundary_Fields_Addition_2010-12 — Mesilot_um_savisa_2011,362.0,3.0,,,,,,,,
Boundary_Fields_Addition_2010-12 — Mesilot_um_savisa_2011,363.0,3.0,,,,,,,,
Boundary_Fields_Addition_2010-12 — Mesilot_um_savisa_2011,364.0,3.0,,,,,,,,
Boundary_Fields_Addition_2010-12 — Mesilot_um_savisa_2011,365.0,3.0,,,,,,,,
Boundary_Fields_Addition_2010-12 — Mesilot_um_savisa_2011,366.0,3.0,,,,,,,,
Boundary_Fields_Addition_2010-12 — Mesilot_um_savisa_2011,367.0,3.0,,,,,,,,
Boundary_Fields_Addition_2010-12 — Mesilot_um_savisa_2011,368.0,3.0,,,,,,,,
Boundary_Fields_Addition_2010-12 — Mesilot_um_savisa_2011,369.0,3.0,,,,,,,,
Boundary_Fields_Addition_2010-12 — Mesilot_um_savisa_2011,370.0,3.0,,,,,,,,
Boundary_Fields_Addition_2010-12 — Mesilot_um_savisa_2011,371.0,3.0,,,,,,,,
Boundary_Fields_Addition_2010-12 — Mesilot_um_savisa_2011,372.0,3.0,,,,,,,,
Boundary_Fields_Addition_2010-12 — Mesilot_um_savisa_2011,373.0,3.0,,,,,,,,
Boundary_Fields_Addition_2010-12 — Mesilot_um_savisa_2011,374.0,3.0,,,,,,,,
Boundary_Fields_Addition_2010-12 — Mesilot_um_savisa_2011,375.0,3.0,,,,,,,,
Boundary_Fields_Addition_2010-12 — Mesilot_um_savisa_2011,376.0,3.0,,,,,,,,
Boundary_Fields_Addition_2010-12 — Mesilot_um_savisa_2011,377.0,3.0,,,,,,,,
Boundary_Fields_Addition_2010-12 — Mesilot_um_savisa_2011,378.0,3.0,,,,,,,,
Boundary_Fields_Addition_2010-12 — Mesilot_um_savisa_2011,379.0,3.0,,,,,,,,
Boundary_Fields_Addition_2010-12 — Mesilot_um_savisa_2011,380.0,3.0,,,,,,,,
Boundary_Fields_Addition_2010-12 — Mesilot_um_savisa_2011,381.0,3.0,,,,,,,,
Boundary_Fields_Addition_2010-12 — Mesilot_um_savisa_2011,382.0,3.0,,,,,,,,
Boundary_Fields_Addition_2010-12 — Mesilot_um_savisa_2011,383.0,3.0,,,,,,,,
Boundary_Fields_Addition_2010-12 — Mesilot_um_savisa_2011,384.0,3.0,,,,,,,,
Boundary_Fields_Addition_2010-12 — Mesilot_um_savisa_2011,385.0,3.0,,,,,,,,
Boundary_Fields_Addition_2010-12 — Mesilot_um_savisa_2011,386.0,3.0,,,,,,,,
Boundary_Fields_Addition_2010-12 — Mesilot_um_savisa_2011,387.0,3.0,,,,,,,,
Boundary_Fields_Addition_2010-12 — Mesilot_um_savisa_2011,388.0,3.0,,,,,,,,
Boundary_Fields_Addition_2010-12 — Mesilot_um_savisa_2011,389.0,3.0,,,,,,,,
Boundary_Fields_Addition_2010-12 — Mesilot_um_savisa_2011,390.0,3.0,,,,,,,,
Boundary_Fields_Addition_2010-12 — Mesilot_um_savisa_2011,391.0,3.0,,,,,,,,
Boundary_Fields_Addition_2010-12 — Mesilot_um_savisa_2011,392.0,3.0,,,,,,,,
Boundary_Fields_Addition_2010-12 — Mesilot_um_savisa_2011,393.0,3.0,,,,,,,,
Boundary_Fields_Addition_2010-12 — Mesilot_um_savisa_2011,394.0,3.0,,,,,,,,
Boundary_Fields_Addition_2010-12 — Mesilot_um_savisa_2011,395.0,3.0,,,,,,,,
Boundary_Fields_Addition_2010-12 — Mesilot_um_savisa_2011,396.0,3.0,,,,,,,,
Boundary_Fields_Addition_2010-12 — Mesilot_um_savisa_2011,397.0,3.0,,,,,,,,
Boundary_Fields_Addition_2010-12 — Mesilot_um_savisa_2011,398.0,3.0,,,,,,,,
Boundary_Fields_Addition_2010-12 — Mesilot_um_savisa_2011,399.0,3.0,,,,,,,,
Boundary_Fields_Addition_2010-12 — Mesilot_um_savisa_2011,400.0,3.0,,,,,,,,
Boundary_Fields_Addition_2010-12 — Mesilot_um_savisa_2011,401.0,3.0,,,,,,,,
Boundary_Fields_Addition_2010-12 — Mesilot_um_savisa_2011,402.0,3.0,,,,,,,,
Boundary_Fields_Addition_2010-12 — Mesilot_um_savisa_2011,403.0,3.0,,,,,,,,
Boundary_Fields_Addition_2010-12 — Mesilot_um_savisa_2011,404.0,3.0,,,,,,,,
Boundary_Fields_Addition_2010-12 — Mesilot_um_savisa_2011,405.0,2.0,,,,,,,,
Boundary_Fields_Addition_2010-12 — Mesilot_um_savisa_2011,406.0,2.0,,,,,,,,
Boundary_Fields_Addition_2010-12 — Mesilot_um_savisa_2011,407.0,2.0,,,,,,,,
Boundary_Fields_Addition_2010-12 — Mesilot_um_savisa_2011,408.0,2.0,,,,,,,,
Boundary_Fields_Addition_2010-12 — Mesilot_um_savisa_2011,409.0,3.0,,,,,,,,
Boundary_Fields_Addition_2010-12 — Mesilot_um_savisa_2011,410.0,3.0,,,,,,,,
Boundary_Fields_Addition_2010-12 — Mesilot_um_savisa_2011,411.0,3.0,,,,,,,,
Boundary_Fields_Addition_2010-12 — Mesilot_um_savisa_2011,412.0,3.0,,,,,,,,
Boundary_Fields_Addition_2010-12 — Mesilot_um_savisa_2011,413.0,3.0,,,,,,,,
Boundary_Fields_Addition_2010-12 — Mesilot_um_savisa_2011,414.0,3.0,,,,,,,,
Boundary_Fields_Addition_2010-12 — Mesilot_um_savisa_2011,415.0,3.0,,,,,,,,
Boundary_Fields_Addition_2010-12 — Mesilot_um_savisa_2011,416.0,3.0,,,,,,,,
Boundary_Fields_Addition_2010-12 — Mesilot_um_savisa_2011,417.0,2.0,,,,,,,,
Boundary_Fields_Addition_2010-12 — Mesilot_um_savisa_2011,418.0,2.0,,,,,,,,
Boundary_Fields_Addition_2010-12 — Mesilot_um_savisa_2011,419.0,2.0,,,,,,,,
Boundary_Fields_Addition_2010-12 — Mesilot_um_savisa_2011,420.0,2.0,,,,,,,,
Boundary_Fields_Addition_2010-12 — Mesilot_um_savisa_2011,421.0,2.0,,,,,,,,
Boundary_Fields_Addition_2010-12 — Mesilot_um_savisa_2011,422.0,2.0,,,,,,,,
Boundary_Fields_Addition_2010-12 — Mesilot_um_savisa_2011,423.0,2.0,,,,,,,,
Boundary_Fields_Addition_2010-12 — Mesilot_um_savisa_2011,424.0,2.0,,,,,,,,
Boundary_Fields_Addition_2010-12 — Mesilot_um_savisa_2011,425.0,2.0,,,,,,,,
Boundary_Fields_Addition_2010-12 — Mesilot_um_savisa_2011,426.0,2.0,,,,,,,,
Boundary_Fields_Addition_2010-12 — Mesilot_um_savisa_2011,427.0,2.0,,,,,,,,
Boundary_Fields_Addition_2010-12 — Mesilot_um_savisa_2011,428.0,2.0,,,,,,,,
Boundary_Fields_Addition_2010-12 — Mesilot_um_savisa_2011,429.0,2.0,,,,,,,,
Boundary_Fields_Addition_2010-12 — Mesilot_um_savisa_2011,430.0,2.0,,,,,,,,
Boundary_Fields_Addition_2010-12 — Mesilot_um_savisa_2011,431.0,2.0,,,,,,,,
Boundary_Fields_Addition_2010-12 — Mesilot_um_savisa_2011,432.0,2.0,,,,,,,,
Boundary_Fields_Addition_2010-12 — Mesilot_um_savisa_2011,433.0,2.0,,,,,,,,
Boundary_Fields_Addition_2010-12 — Mesilot_um_savisa_2011,434.0,2.0,,,,,,,,
Boundary_Fields_Addition_2010-12 — Mesilot_um_savisa_2011,435.0,2.0,,,,,,,,
Boundary_Fields_Addition_2010-12 — Mesilot_um_savisa_2011,436.0,2.0,,,,,,,,
Boundary_Fields_Addition_2010-12 — Mesilot_um_savisa_2011,437.0,2.0,,,,,,,,
Boundary_Fields_Addition_2010-12 — Mesilot_um_savisa_2011,438.0,2.0,,,,,,,,
Boundary_Fields_Addition_2010-12 — Mesilot_um_savisa_2011,439.0,2.0,,,,,,,,
Boundary_Fields_Addition_2010-12 — Mesilot_um_savisa_2011,440.0,2.0,,,,,,,,
Boundary_Fields_Addition_2010-12 — Mesilot_um_savisa_2011,441.0,2.0,,,,,,,,
Boundary_Fields_Addition_2010-12 — Mesilot_um_savisa_2011,442.0,2.0,,,,,,,,
Boundary_Fields_Addition_2010-12 — Mesilot_um_savisa_2011,443.0,2.0,,,,,,,,
Boundary_Fields_Addition_2010-12 — Mesilot_um_savisa_2011,444.0,2.0,,,,,,,,
Boundary_Fields_Addition_2010-12 — Mesilot_um_savisa_2011,445.0,2.0,,,,,,,,
Boundary_Fields_Addition_2010-12 — Mesilot_um_savisa_2011,446.0,2.0,,,,,,,,
Boundary_Fields_Addition_2010-12 — Mesilot_um_savisa_2011,447.0,2.0,,,,,,,,
Boundary_Fields_Addition_2010-12 — Mesilot_um_savisa_2011,448.0,2.0,,,,,,,,
Boundary_Fields_Addition_2010-12 — Mesilot_um_savisa_2011,449.0,2.0,,,,,,,,
Boundary_Fields_Addition_2010-12 — Sde_Eliyahu_2011_hamra_vav,1.0,1.0,,,,,,,,
Boundary_Fields_Addition_2010-12 — Sde_Eliyahu_2011_hamra_vav,2.0,1.0,,,,,,,,
Boundary_Fields_Addition_2010-12 — Sde_Eliyahu_2011_hamra_vav,3.0,1.0,,,,,,,,
Boundary_Fields_Addition_2010-12 — Sde_Eliyahu_2011_hamra_vav,4.0,1.0,,,,,,,,
Boundary_Fields_Addition_2010-12 — Sde_Eliyahu_2011_hamra_vav,5.0,1.0,,,,,,,,
Boundary_Fields_Addition_2010-12 — Sde_Eliyahu_2011_hamra_vav,6.0,1.0,,,,,,,,
Boundary_Fields_Addition_2010-12 — Sde_Eliyahu_2011_hamra_vav,7.0,1.0,,,,,,,,
Boundary_Fields_Addition_2010-12 — Sde_Eliyahu_2011_hamra_vav,8.0,1.0,,,,,,,,
Boundary_Fields_Addition_2010-12 — Sde_Eliyahu_2011_hamra_vav,9.0,1.0,,,,,,,,
Boundary_Fields_Addition_2010-12 — Sde_Eliyahu_2011_hamra_vav,10.0,1.0,,,,,,,,
Boundary_Fields_Addition_2010-12 — Sde_Eliyahu_2011_hamra_vav,11.0,1.0,,,,,,,,
Boundary_Fields_Addition_2010-12 — Sde_Eliyahu_2011_hamra_vav,12.0,1.0,,,,,,,,
Boundary_Fields_Addition_2010-12 — Sde_Eliyahu_2011_hamra_vav,13.0,1.0,,,,,,,,
Boundary_Fields_Addition_2010-12 — Sde_Eliyahu_2011_hamra_vav,14.0,1.0,,,,,,,,
Boundary_Fields_Addition_2010-12 — Sde_Eliyahu_2011_hamra_vav,15.0,1.0,,,,,,,,
Boundary_Fields_Addition_2010-12 — Sde_Eliyahu_2011_hamra_vav,16.0,1.0,,,,,,,,
Boundary_Fields_Addition_2010-12 — Sde_Eliyahu_2011_hamra_vav,17.0,1.0,,,,,,,,
Boundary_Fields_Addition_2010-12 — Sde_Eliyahu_2011_hamra_vav,18.0,1.0,,,,,,,,
Boundary_Fields_Addition_2010-12 — Sde_Eliyahu_2011_hamra_vav,19.0,1.0,,,,,,,,
Boundary_Fields_Addition_2010-12 — Sde_Eliyahu_2011_hamra_vav,20.0,1.0,,,,,,,,
Boundary_Fields_Addition_2010-12 — Sde_Eliyahu_2011_hamra_vav,21.0,1.0,,,,,,,,
Boundary_Fields_Addition_2010-12 — Sde_Eliyahu_2011_hamra_vav,22.0,1.0,,,,,,,,
Boundary_Fields_Addition_2010-12 — Sde_Eliyahu_2011_hamra_vav,23.0,2.0,,,,,,,,
Boundary_Fields_Addition_2010-12 — Sde_Eliyahu_2011_hamra_vav,24.0,2.0,,,,,,,,
Boundary_Fields_Addition_2010-12 — Sde_Eliyahu_2011_hamra_vav,25.0,2.0,,,,,,,,
Boundary_Fields_Addition_2010-12 — Sde_Eliyahu_2011_hamra_vav,26.0,1.0,,,,,,,,
Boundary_Fields_Addition_2010-12 — Sde_Eliyahu_2011_hamra_vav,27.0,1.0,,,,,,,,
Boundary_Fields_Addition_2010-12 — Sde_Eliyahu_2011_hamra_vav,28.0,1.0,,,,,,,,
Boundary_Fields_Addition_2010-12 — Sde_Eliyahu_2011_hamra_vav,29.0,1.0,,,,,,,,
Boundary_Fields_Addition_2010-12 — Sde_Eliyahu_2011_hamra_vav,30.0,1.0,,,,,,,,
Boundary_Fields_Addition_2010-12 — Sde_Eliyahu_2011_hamra_vav,31.0,1.0,,,,,,,,
Boundary_Fields_Addition_2010-12 — Sde_Eliyahu_2011_hamra_vav,32.0,1.0,,,,,,,,
Boundary_Fields_Addition_2010-12 — Sde_Eliyahu_2011_hamra_vav,33.0,1.0,,,,,,,,
Boundary_Fields_Addition_2010-12 — Sde_Eliyahu_2011_hamra_vav,34.0,1.0,,,,,,,,
Boundary_Fields_Addition_2010-12 — Sde_Eliyahu_2011_hamra_vav,35.0,1.0,,,,,,,,
Boundary_Fields_Addition_2010-12 — Sde_Eliyahu_2011_hamra_vav,36.0,1.0,,,,,,,,
Boundary_Fields_Addition_2010-12 — Sde_Eliyahu_2011_hamra_vav,37.0,1.0,,,,,,,,
Boundary_Fields_Addition_2010-12 — Sde_Eliyahu_2011_hamra_vav,38.0,1.0,,,,,,,,
Boundary_Fields_Addition_2010-12 — Sde_Eliyahu_2011_hamra_vav,39.0,1.0,,,,,,,,
Boundary_Fields_Addition_2010-12 — Sde_Eliyahu_2011_hamra_vav,40.0,1.0,,,,,,,,
Boundary_Fields_Addition_2010-12 — Sde_Eliyahu_2011_hamra_vav,41.0,1.0,,,,,,,,
Boundary_Fields_Addition_2010-12 — Sde_Eliyahu_2011_hamra_vav,42.0,1.0,,,,,,,,
Boundary_Fields_Addition_2010-12 — Sde_Eliyahu_2011_hamra_vav,43.0,1.0,,,,,,,,
Boundary_Fields_Addition_2010-12 — Sde_Eliyahu_2011_hamra_vav,44.0,1.0,,,,,,,,
Boundary_Fields_Addition_2010-12 — Sde_Eliyahu_2011_hamra_vav,45.0,1.0,,,,,,,,
Boundary_Fields_Addition_2010-12 — Sde_Eliyahu_2011_hamra_vav,46.0,1.0,,,,,,,,
Boundary_Fields_Addition_2010-12 — Sde_Eliyahu_2011_hamra_vav,47.0,1.0,,,,,,,,
Boundary_Fields_Addition_2010-12 — Sde_Eliyahu_2011_hamra_vav,48.0,1.0,,,,,,,,
Boundary_Fields_Addition_2010-12 — Sde_Eliyahu_2011_hamra_vav,49.0,1.0,,,,,,,,
Boundary_Fields_Addition_2010-12 — Sde_Eliyahu_2011_hamra_vav,50.0,1.0,,,,,,,,
Boundary_Fields_Addition_2010-12 — Sde_Eliyahu_2011_hamra_vav,51.0,1.0,,,,,,,,
Boundary_Fields_Addition_2010-12 — Sde_Eliyahu_2011_hamra_vav,52.0,1.0,,,,,,,,
Boundary_Fields_Addition_2010-12 — Sde_Eliyahu_2011_hamra_vav,53.0,1.0,,,,,,,,
Boundary_Fields_Addition_2010-12 — Sde_Eliyahu_2011_hamra_vav,54.0,1.0,,,,,,,,
Boundary_Fields_Addition_2010-12 — Sde_Eliyahu_2011_hamra_vav,55.0,1.0,,,,,,,,
Boundary_Fields_Addition_2010-12 — Sde_Eliyahu_2011_hamra_vav,56.0,1.0,,,,,,,,
Boundary_Fields_Addition_2010-12 — Sde_Eliyahu_2011_hamra_vav,57.0,1.0,,,,,,,,
Boundary_Fields_Addition_2010-12 — Sde_Eliyahu_2011_hamra_vav,58.0,1.0,,,,,,,,
Boundary_Fields_Addition_2010-12 — Sde_Eliyahu_2011_hamra_vav,59.0,1.0,,,,,,,,
Boundary_Fields_Addition_2010-12 — Sde_Eliyahu_2011_hamra_vav,60.0,1.0,,,,,,,,
Boundary_Fields_Addition_2010-12 — Sde_Eliyahu_2011_hamra_vav,61.0,1.0,,,,,,,,
Boundary_Fields_Addition_2010-12 — Sde_Eliyahu_2011_hamra_vav,62.0,1.0,,,,,,,,
Boundary_Fields_Addition_2010-12 — Sde_Eliyahu_2011_hamra_vav,63.0,1.0,,,,,,,,
Boundary_Fields_Addition_2010-12 — Sde_Eliyahu_2011_hamra_vav,64.0,1.0,,,,,,,,
Boundary_Fields_Addition_2010-12 — Sde_Eliyahu_2011_hamra_vav,65.0,1.0,,,,,,,,
Boundary_Fields_Addition_2010-12 — Sde_Eliyahu_2011_hamra_vav,66.0,1.0,,,,,,,,
Boundary_Fields_Addition_2010-12 — Sde_Eliyahu_2011_hamra_vav,67.0,1.0,,,,,,,,
Boundary_Fields_Addition_2010-12 — Sde_Eliyahu_2011_hamra_vav,68.0,2.0,,,,,,,,
Boundary_Fields_Addition_2010-12 — Sde_Eliyahu_2011_hamra_vav,69.0,1.0,,,,,,,,
Boundary_Fields_Addition_2010-12 — Sde_Eliyahu_2011_hamra_vav,70.0,1.0,,,,,,,,
Boundary_Fields_Addition_2010-12 — Sde_Eliyahu_2011_hamra_vav,71.0,1.0,,,,,,,,
Boundary_Fields_Addition_2010-12 — Sde_Eliyahu_2011_hamra_vav,72.0,1.0,,,,,,,,
Boundary_Fields_Addition_2010-12 — Sde_Eliyahu_2011_hamra_vav,73.0,1.0,,,,,,,,
Boundary_Fields_Addition_2010-12 — Sde_Eliyahu_2011_hamra_vav,74.0,1.0,,,,,,,,
Boundary_Fields_Addition_2010-12 — Sde_Eliyahu_2011_hamra_vav,75.0,1.0,,,,,,,,
Boundary_Fields_Addition_2010-12 — Sde_Eliyahu_2011_hamra_vav,76.0,2.0,,,,,,,,
Boundary_Fields_Addition_2010-12 — Sde_Eliyahu_2011_hamra_vav,77.0,2.0,,,,,,,,
Boundary_Fields_Addition_2010-12 — Sde_Eliyahu_2011_hamra_vav,78.0,2.0,,,,,,,,
Boundary_Fields_Addition_2010-12 — Sde_Eliyahu_2011_hamra_vav,79.0,1.0,,,,,,,,
Boundary_Fields_Addition_2010-12 — Sde_Eliyahu_2011_hamra_vav,80.0,2.0,,,,,,,,
Boundary_Fields_Addition_2010-12 — Sde_Eliyahu_2011_hamra_vav,81.0,2.0,,,,,,,,
Boundary_Fields_Addition_2010-12 — Sde_Eliyahu_2011_hamra_vav,82.0,2.0,,,,,,,,
Boundary_Fields_Addition_2010-12 — Sde_Eliyahu_2011_hamra_vav,83.0,2.0,,,,,,,,
Boundary_Fields_Addition_2010-12 — Sde_Eliyahu_2011_hamra_vav,84.0,2.0,,,,,,,,
Boundary_Fields_Addition_2010-12 — Sde_Eliyahu_2011_hamra_vav,85.0,2.0,,,,,,,,
Boundary_Fields_Addition_2010-12 — Sde_Eliyahu_2011_hamra_vav,86.0,2.0,,,,,,,,
Boundary_Fields_Addition_2010-12 — Sde_Eliyahu_2011_hamra_vav,87.0,2.0,,,,,,,,
Boundary_Fields_Addition_2010-12 — Sde_Eliyahu_2011_hamra_vav,88.0,2.0,,,,,,,,
Boundary_Fields_Addition_2010-12 — Sde_Eliyahu_2011_hamra_vav,89.0,1.0,,,,,,,,
Boundary_Fields_Addition_2010-12 — Sde_Eliyahu_2011_hamra_vav,90.0,2.0,,,,,,,,
Boundary_Fields_Addition_2010-12 — Sde_Eliyahu_2011_hamra_vav,91.0,2.0,,,,,,,,
Boundary_Fields_Addition_2010-12 — Sde_Eliyahu_2011_hamra_vav,92.0,2.0,,,,,,,,
Boundary_Fields_Addition_2010-12 — Sde_Eliyahu_2011_hamra_vav,93.0,2.0,,,,,,,,
Boundary_Fields_Addition_2010-12 — Sde_Eliyahu_2011_hamra_vav,94.0,2.0,,,,,,,,
Boundary_Fields_Addition_2010-12 — Sde_Eliyahu_2011_hamra_vav,95.0,2.0,,,,,,,,
Boundary_Fields_Addition_2010-12 — Sde_Eliyahu_2011_hamra_vav,96.0,2.0,,,,,,,,
Boundary_Fields_Addition_2010-12 — Sde_Eliyahu_2011_hamra_vav,97.0,2.0,,,,,,,,
Boundary_Fields_Addition_2010-12 — Sde_Eliyahu_2011_hamra_vav,98.0,2.0,,,,,,,,
Boundary_Fields_Addition_2010-12 — Sde_Eliyahu_2011_hamra_vav,99.0,2.0,,,,,,,,
Boundary_Fields_Addition_2010-12 — Sde_Eliyahu_2011_hamra_vav,100.0,2.0,,,,,,,,
Boundary_Fields_Addition_2010-12 — Sde_Eliyahu_2011_hamra_vav,101.0,2.0,,,,,,,,
Boundary_Fields_Addition_2010-12 — Sde_Eliyahu_2011_hamra_vav,102.0,2.0,,,,,,,,
Boundary_Fields_Addition_2010-12 — Sde_Eliyahu_2011_hamra_vav,103.0,2.0,,,,,,,,
Boundary_Fields_Addition_2010-12 — Sde_Eliyahu_2011_hamra_vav,104.0,2.0,,,,,,,,
Boundary_Fields_Addition_2010-12 — Sde_Eliyahu_2011_hamra_vav,105.0,2.0,,,,,,,,
Boundary_Fields_Addition_2010-12 — Sde_Eliyahu_2011_hamra_vav,106.0,2.0,,,,,,,,
Boundary_Fields_Addition_2010-12 — Sde_Eliyahu_2011_hamra_vav,107.0,2.0,,,,,,,,
Boundary_Fields_Addition_2010-12 — Sde_Eliyahu_2011_hamra_vav,108.0,2.0,,,,,,,,
Boundary_Fields_Addition_2010-12 — Sde_Eliyahu_2011_hamra_vav,109.0,2.0,,,,,,,,
Boundary_Fields_Addition_2010-12 — Sde_Eliyahu_2011_hamra_vav,110.0,2.0,,,,,,,,
Boundary_Fields_Addition_2010-12 — Sde_Eliyahu_2011_hamra_vav,111.0,2.0,,,,,,,,
Boundary_Fields_Addition_2010-12 — Sde_Eliyahu_2011_hamra_vav,112.0,2.0,,,,,,,,
Boundary_Fields_Addition_2010-12 — Sde_Eliyahu_2011_hamra_vav,113.0,1.0,,,,,,,,
Boundary_Fields_Addition_2010-12 — Sde_Eliyahu_2011_hamra_vav,114.0,1.0,,,,,,,,
Boundary_Fields_Addition_2010-12 — Sde_Eliyahu_2011_hamra_vav,115.0,1.0,,,,,,,,
Boundary_Fields_Addition_2010-12 — Sde_Eliyahu_2011_hamra_vav,116.0,1.0,,,,,,,,
Boundary_Fields_Addition_2010-12 — Sde_Eliyahu_2011_hamra_vav,117.0,1.0,,,,,,,,
Boundary_Fields_Addition_2010-12 — Sde_Eliyahu_2011_hamra_vav,118.0,1.0,,,,,,,,
Boundary_Fields_Addition_2010-12 — Sde_Eliyahu_2011_hamra_vav,119.0,1.0,,,,,,,,
Boundary_Fields_Addition_2010-12 — Sde_Eliyahu_2011_hamra_vav,120.0,1.0,,,,,,,,
Boundary_Fields_Addition_2010-12 — Sde_Eliyahu_2011_hamra_vav,121.0,2.0,,,,,,,,
Boundary_Fields_Addition_2010-12 — Sde_Eliyahu_2011_hamra_vav,122.0,1.0,,,,,,,,
Boundary_Fields_Addition_2010-12 — Sde_Eliyahu_2011_hamra_vav,123.0,1.0,,,,,,,,
Boundary_Fields_Addition_2010-12 — Sde_Eliyahu_2011_hamra_vav,124.0,1.0,,,,,,,,
Boundary_Fields_Addition_2010-12 — Sde_Eliyahu_2011_hamra_vav,125.0,1.0,,,,,,,,
Boundary_Fields_Addition_2010-12 — Sde_Eliyahu_2011_hamra_vav,126.0,1.0,,,,,,,,
Boundary_Fields_Addition_2010-12 — Sde_Eliyahu_2011_hamra_vav,127.0,1.0,,,,,,,,
Boundary_Fields_Addition_2010-12 — Sde_Eliyahu_2011_hamra_vav,128.0,1.0,,,,,,,,
Boundary_Fields_Addition_2010-12 — Sde_Eliyahu_2011_hamra_vav,129.0,1.0,,,,,,,,
Boundary_Fields_Addition_2010-12 — Sde_Eliyahu_2011_hamra_vav,130.0,1.0,,,,,,,,
Boundary_Fields_Addition_2010-12 — Sde_Eliyahu_2011_hamra_vav,131.0,1.0,,,,,,,,
Boundary_Fields_Addition_2010-12 — Sde_Eliyahu_2011_hamra_vav,132.0,1.0,,,,,,,,
Boundary_Fields_Addition_2010-12 — Sde_Eliyahu_2011_hamra_vav,133.0,1.0,,,,,,,,
Boundary_Fields_Addition_2010-12 — Sde_Eliyahu_2011_hamra_vav,134.0,1.0,,,,,,,,
Boundary_Fields_Addition_2010-12 — Sde_Eliyahu_2011_hamra_vav,135.0,1.0,,,,,,,,
Boundary_Fields_Addition_2010-12 — Sde_Eliyahu_2011_hamra_vav,136.0,1.0,,,,,,,,
Boundary_Fields_Addition_2010-12 — Sde_Eliyahu_2011_hamra_vav,137.0,1.0,,,,,,,,
Boundary_Fields_Addition_2010-12 — Sde_Eliyahu_2011_hamra_vav,138.0,1.0,,,,,,,,
Boundary_Fields_Addition_2010-12 — Sde_Eliyahu_2011_hamra_vav,139.0,1.0,,,,,,,,
Boundary_Fields_Addition_2010-12 — Sde_Eliyahu_2011_hamra_vav,140.0,1.0,,,,,,,,
Boundary_Fields_Addition_2010-12 — Sde_Eliyahu_2011_hamra_vav,141.0,1.0,,,,,,,,
Boundary_Fields_Addition_2010-12 — Sde_Eliyahu_2011_hamra_vav,142.0,1.0,,,,,,,,
Boundary_Fields_Addition_2010-12 — Sde_Eliyahu_2011_hamra_vav,143.0,1.0,,,,,,,,
Boundary_Fields_Addition_2010-12 — Sde_Eliyahu_2011_hamra_vav,144.0,1.0,,,,,,,,
Boundary_Fields_Addition_2010-12 — Sde_Eliyahu_2011_hamra_vav,145.0,1.0,,,,,,,,
Boundary_Fields_Addition_2010-12 — Sde_Eliyahu_2011_hamra_vav,146.0,1.0,,,,,,,,
Boundary_Fields_Addition_2010-12 — Sde_Eliyahu_2011_hamra_vav,147.0,1.0,,,,,,,,
Boundary_Fields_Addition_2010-12 — Sde_Eliyahu_2011_hamra_vav,148.0,1.0,,,,,,,,
Boundary_Fields_Addition_2010-12 — Sde_Eliyahu_2011_hamra_vav,149.0,1.0,,,,,,,,
Boundary_Fields_Addition_2010-12 — Sde_Eliyahu_2011_hamra_vav,150.0,1.0,,,,,,,,
Boundary_Fields_Addition_2010-12 — Sde_Eliyahu_2011_hamra_vav,151.0,1.0,,,,,,,,
Boundary_Fields_Addition_2010-12 — Sde_Eliyahu_2011_hamra_vav,152.0,1.0,,,,,,,,
Boundary_Fields_Addition_2010-12 — Sde_Eliyahu_2011_hamra_vav,153.0,1.0,,,,,,,,
Boundary_Fields_Addition_2010-12 — Sde_Eliyahu_2011_hamra_vav,154.0,1.0,,,,,,,,
Boundary_Fields_Addition_2010-12 — Sde_Eliyahu_2011_hamra_vav,155.0,1.0,,,,,,,,
Boundary_Fields_Addition_2010-12 — Sde_Eliyahu_2011_hamra_vav,156.0,1.0,,,,,,,,
Boundary_Fields_Addition_2010-12 — Sde_Eliyahu_2011_hamra_vav,157.0,1.0,,,,,,,,
Boundary_Fields_Addition_2010-12 — Sde_Eliyahu_2011_hamra_vav,158.0,1.0,,,,,,,,
Boundary_Fields_Addition_2010-12 — Sde_Eliyahu_2011_hamra_vav,159.0,1.0,,,,,,,,
Boundary_Fields_Addition_2010-12 — Sde_Eliyahu_2011_hamra_vav,160.0,1.0,,,,,,,,
Boundary_Fields_Addition_2010-12 — Sde_Eliyahu_2011_hamra_vav,161.0,1.0,,,,,,,,
Boundary_Fields_Addition_2010-12 — Sde_Eliyahu_2011_hamra_vav,162.0,1.0,,,,,,,,
Boundary_Fields_Addition_2010-12 — Sde_Eliyahu_2011_hamra_vav,163.0,1.0,,,,,,,,
Boundary_Fields_Addition_2010-12 — Sde_Eliyahu_2011_hamra_vav,164.0,1.0,,,,,,,,
Boundary_Fields_Addition_2010-12 — Sde_Eliyahu_2011_hamra_vav,165.0,1.0,,,,,,,,
Boundary_Fields_Addition_2010-12 — Sde_Eliyahu_2011_hamra_vav,166.0,2.0,,,,,,,,
Boundary_Fields_Addition_2010-12 — Sde_Eliyahu_2011_hamra_vav,167.0,1.0,,,,,,,,
Boundary_Fields_Addition_2010-12 — Sde_Eliyahu_2011_hamra_vav,168.0,2.0,,,,,,,,
Boundary_Fields_Addition_2010-12 — Sde_Eliyahu_2011_hamra_vav,169.0,2.0,,,,,,,,
Boundary_Fields_Addition_2010-12 — Sde_Eliyahu_2011_hamra_vav,170.0,2.0,,,,,,,,
Boundary_Fields_Addition_2010-12 — Sde_Eliyahu_2011_hamra_vav,171.0,2.0,,,,,,,,
Boundary_Fields_Addition_2010-12 — Sde_Eliyahu_2011_hamra_vav,172.0,2.0,,,,,,,,
Boundary_Fields_Addition_2010-12 — Sde_Eliyahu_2011_hamra_vav,173.0,2.0,,,,,,,,
Boundary_Fields_Addition_2010-12 — Sde_Eliyahu_2011_hamra_vav,174.0,2.0,,,,,,,,
Boundary_Fields_Addition_2010-12 — Sde_Eliyahu_2011_hamra_vav,175.0,2.0,,,,,,,,
Boundary_Fields_Addition_2010-12 — Sde_Eliyahu_2011_hamra_vav,176.0,2.0,,,,,,,,
Boundary_Fields_Addition_2010-12 — Sde_Eliyahu_2011_hamra_vav,177.0,2.0,,,,,,,,
Boundary_Fields_Addition_2010-12 — Sde_Eliyahu_2011_hamra_vav,178.0,2.0,,,,,,,,
Boundary_Fields_Addition_2010-12 — Sde_Eliyahu_2011_hamra_vav,179.0,2.0,,,,,,,,
Boundary_Fields_Addition_2010-12 — Sde_Eliyahu_2011_hamra_vav,180.0,2.0,,,,,,,,
Boundary_Fields_Addition_2010-12 — Sde_Eliyahu_2011_hamra_vav,181.0,2.0,,,,,,,,
Boundary_Fields_Addition_2010-12 — Sde_Eliyahu_2011_hamra_vav,182.0,2.0,,,,,,,,
Boundary_Fields_Addition_2010-12 — Sde_Eliyahu_2011_hamra_vav,183.0,2.0,,,,,,,,
Boundary_Fields_Addition_2010-12 — Sde_Eliyahu_2011_hamra_vav,184.0,2.0,,,,,,,,
Boundary_Fields_Addition_2010-12 — Sde_Eliyahu_2011_hamra_vav,185.0,2.0,,,,,,,,
Boundary_Fields_Addition_2010-12 — Sde_Eliyahu_2011_hamra_vav,186.0,2.0,,,,,,,,
Boundary_Fields_Addition_2010-12 — Sde_Eliyahu_2011_hamra_vav,187.0,2.0,,,,,,,,
Boundary_Fields_Addition_2010-12 — Sde_Eliyahu_2011_hamra_vav,188.0,2.0,,,,,,,,
Boundary_Fields_Addition_2010-12 — Sde_Eliyahu_2011_hamra_vav,189.0,2.0,,,,,,,,
Boundary_Fields_Addition_2010-12 — Sde_Eliyahu_2011_hamra_vav,190.0,2.0,,,,,,,,
Boundary_Fields_Addition_2010-12 — Sde_Eliyahu_2011_hamra_vav,191.0,2.0,,,,,,,,
Boundary_Fields_Addition_2010-12 — Sde_Eliyahu_2011_hamra_vav,192.0,2.0,,,,,,,,
Boundary_Fields_Addition_2010-12 — Sde_Eliyahu_2011_hamra_vav,193.0,2.0,,,,,,,,
Boundary_Fields_Addition_2010-12 — Sde_Eliyahu_2011_hamra_vav,194.0,2.0,,,,,,,,
Boundary_Fields_Addition_2010-12 — Sde_Eliyahu_2011_hamra_vav,195.0,2.0,,,,,,,,
Boundary_Fields_Addition_2010-12 — Sde_Eliyahu_2011_hamra_vav,196.0,2.0,,,,,,,,
Boundary_Fields_Addition_2010-12 — Sde_Eliyahu_2011_hamra_vav,197.0,2.0,,,,,,,,
Boundary_Fields_Addition_2010-12 — Sde_Eliyahu_2011_hamra_vav,198.0,2.0,,,,,,,,
Boundary_Fields_Addition_2010-12 — Sde_Eliyahu_2011_hamra_vav,199.0,2.0,,,,,,,,
Boundary_Fields_Addition_2010-12 — Sde_Eliyahu_2011_hamra_vav,200.0,2.0,,,,,,,,
Boundary_Fields_Addition_2010-12 — Sde_Eliyahu_2011_hamra_vav,201.0,2.0,,,,,,,,
Boundary_Fields_Addition_2010-12 — Sde_Eliyahu_2011_hamra_vav,202.0,2.0,,,,,,,,
Boundary_Fields_Addition_2010-12 — Sde_Eliyahu_2011_hamra_vav,203.0,2.0,,,,,,,,
Boundary_Fields_Addition_2010-12 — Sde_Eliyahu_2011_hamra_vav,204.0,2.0,,,,,,,,
Boundary_Fields_Addition_2010-12 — Sde_Eliyahu_2011_hamra_vav,205.0,2.0,,,,,,,,
Boundary_Fields_Addition_2010-12 — Sde_Eliyahu_2011_hamra_vav,206.0,2.0,,,,,,,,
Boundary_Fields_Addition_2010-12 — Sde_Eliyahu_2011_hamra_vav,207.0,2.0,,,,,,,,
Boundary_Fields_Addition_2010-12 — Sde_Eliyahu_2011_hamra_vav,208.0,2.0,,,,,,,,
Boundary_Fields_Addition_2010-12 — Sde_Eliyahu_2011_hamra_vav,209.0,2.0,,,,,,,,
Boundary_Fields_Addition_2010-12 — Sde_Eliyahu_2011_hamra_vav,210.0,2.0,,,,,,,,
Boundary_Fields_Addition_2010-12 — Sde_Eliyahu_2011_hamra_vav,211.0,2.0,,,,,,,,
Boundary_Fields_Addition_2010-12 — Sde_Eliyahu_2011_hamra_vav,212.0,2.0,,,,,,,,
Boundary_Fields_Addition_2010-12 — Sde_Eliyahu_2011_hamra_vav,213.0,2.0,,,,,,,,
Boundary_Fields_Addition_2010-12 — Sde_Eliyahu_2011_hamra_vav,214.0,2.0,,,,,,,,
Boundary_Fields_Addition_2010-12 — Sde_Eliyahu_2011_hamra_vav,215.0,2.0,,,,,,,,
Boundary_Fields_Addition_2010-12 — Sde_Eliyahu_2011_hamra_vav,216.0,2.0,,,,,,,,
Boundary_Fields_Addition_2010-12 — Sde_Eliyahu_2011_hamra_vav,217.0,2.0,,,,,,,,
Boundary_Fields_Addition_2010-12 — Sde_Eliyahu_2011_hamra_vav,218.0,2.0,,,,,,,,
Boundary_Fields_Addition_2010-12 — Sde_Eliyahu_2011_hamra_vav,219.0,2.0,,,,,,,,
Boundary_Fields_Addition_2010-12 — Sde_Eliyahu_2011_hamra_vav,220.0,2.0,,,,,,,,
Boundary_Fields_Addition_2010-12 — Sde_Eliyahu_2011_hamra_vav,221.0,2.0,,,,,,,,
Boundary_Fields_Addition_2010-12 — Sde_Eliyahu_2011_hamra_vav,222.0,2.0,,,,,,,,
Boundary_Fields_Addition_2010-12 — Sde_Eliyahu_2011_hamra_vav,223.0,2.0,,,,,,,,
Boundary_Fields_Addition_2010-12 — Sde_Eliyahu_2011_hamra_vav,224.0,2.0,,,,,,,,
Boundary_Fields_Addition_2010-12 — Sde_Eliyahu_2011_hamra_vav,225.0,2.0,,,,,,,,
Boundary_Fields_Addition_2010-12 — Sde_Eliyahu_2011_hamra_vav,226.0,2.0,,,,,,,,
Boundary_Fields_Addition_2010-12 — Sde_Eliyahu_2011_hamra_vav,227.0,2.0,,,,,,,,
Boundary_Fields_Addition_2010-12 — Sde_Eliyahu_2011_hamra_vav,228.0,2.0,,,,,,,,
Boundary_Fields_Addition_2010-12 — Sde_Eliyahu_2011_hamra_vav,229.0,2.0,,,,,,,,
Boundary_Fields_Addition_2010-12 — Sde_Eliyahu_2011_hamra_vav,230.0,2.0,,,,,,,,
Boundary_Fields_Addition_2010-12 — Sde_Eliyahu_2011_hamra_vav,231.0,2.0,,,,,,,,
Boundary_Fields_Addition_2010-12 — Sde_Eliyahu_2011_hamra_vav,232.0,2.0,,,,,,,,
Boundary_Fields_Addition_2010-12 — Sde_Eliyahu_2011_hamra_vav,233.0,2.0,,,,,,,,
Boundary_Fields_Addition_2010-12 — Sde_Eliyahu_2011_hamra_vav,234.0,2.0,,,,,,,,
Boundary_Fields_Addition_2010-12 — Sde_Eliyahu_2011_hamra_vav,235.0,2.0,,,,,,,,
Boundary_Fields_Addition_2010-12 — Sde_Eliyahu_2011_hamra_vav,236.0,2.0,,,,,,,,
Boundary_Fields_Addition_2010-12 — Sde_Eliyahu_2011_hamra_vav,237.0,2.0,,,,,,,,
Boundary_Fields_Addition_2010-12 — Sde_Eliyahu_2011_hamra_vav,238.0,2.0,,,,,,,,
Boundary_Fields_Addition_2010-12 — Sde_Eliyahu_2011_hamra_vav,239.0,2.0,,,,,,,,
Boundary_Fields_Addition_2010-12 — Sde_Eliyahu_2011_hamra_vav,240.0,2.0,,,,,,,,
Boundary_Fields_Addition_2010-12 — Sde_Eliyahu_2011_hamra_vav,241.0,1.0,,,,,,,,
Boundary_Fields_Addition_2010-12 — Sde_Eliyahu_2011_hamra_vav,242.0,2.0,,,,,,,,
Boundary_Fields_Addition_2010-12 — Sde_Eliyahu_2011_hamra_vav,243.0,2.0,,,,,,,,
Boundary_Fields_Addition_2010-12 — Sde_Eliyahu_2011_hamra_vav,244.0,2.0,,,,,,,,
Boundary_Fields_Addition_2010-12 — Sde_Eliyahu_2011_hamra_vav,245.0,2.0,,,,,,,,
Boundary_Fields_Addition_2010-12 — Sde_Eliyahu_2011_hamra_vav,246.0,2.0,,,,,,,,
Boundary_Fields_Addition_2010-12 — Sde_Eliyahu_2011_hamra_vav,247.0,2.0,,,,,,,,
Boundary_Fields_Addition_2010-12 — Sde_Eliyahu_2011_hamra_vav,248.0,1.0,,,,,,,,
Boundary_Fields_Addition_2010-12 — Sde_Eliyahu_2011_hamra_vav,249.0,1.0,,,,,,,,
Boundary_Fields_Addition_2010-12 — Sde_Eliyahu_2011_hamra_vav,250.0,1.0,,,,,,,,
Boundary_Fields_Addition_2010-12 — Sde_Eliyahu_2011_hamra_vav,251.0,2.0,,,,,,,,
Boundary_Fields_Addition_2010-12 — Sde_Eliyahu_2011_hamra_vav,252.0,2.0,,,,,,,,
Boundary_Fields_Addition_2010-12 — Sde_Eliyahu_2011_hamra_vav,253.0,2.0,,,,,,,,
Boundary_Fields_Addition_2010-12 — Sde_Eliyahu_2011_hamra_vav,254.0,3.0,,,,,,,,
Boundary_Fields_Addition_2010-12 — Sde_Eliyahu_2011_hamra_vav,255.0,3.0,,,,,,,,
Boundary_Fields_Addition_2010-12 — Sde_Eliyahu_2011_hamra_vav,256.0,3.0,,,,,,,,
Boundary_Fields_Addition_2010-12 — Sde_Eliyahu_2011_hamra_vav,257.0,3.0,,,,,,,,
Boundary_Fields_Addition_2010-12 — Sde_Eliyahu_2011_hamra_vav,258.0,3.0,,,,,,,,
Boundary_Fields_Addition_2010-12 — Sde_Eliyahu_2011_hamra_vav,259.0,3.0,,,,,,,,
Boundary_Fields_Addition_2010-12 — Sde_Eliyahu_2011_hamra_vav,260.0,3.0,,,,,,,,
Boundary_Fields_Addition_2010-12 — Sde_Eliyahu_2011_hamra_vav,261.0,2.0,,,,,,,,
Boundary_Fields_Addition_2010-12 — Sde_Eliyahu_2011_hamra_vav,262.0,2.0,,,,,,,,
Boundary_Fields_Addition_2010-12 — Sde_Eliyahu_2011_hamra_vav,263.0,3.0,,,,,,,,
Boundary_Fields_Addition_2010-12 — Sde_Eliyahu_2011_hamra_vav,264.0,2.0,,,,,,,,
Boundary_Fields_Addition_2010-12 — Sde_Eliyahu_2011_hamra_vav,265.0,2.0,,,,,,,,
Boundary_Fields_Addition_2010-12 — Sde_Eliyahu_2011_hamra_vav,266.0,3.0,,,,,,,,
Boundary_Fields_Addition_2010-12 — Sde_Eliyahu_2011_hamra_vav,267.0,2.0,,,,,,,,
Boundary_Fields_Addition_2010-12 — Sde_Eliyahu_2011_hamra_vav,268.0,2.0,,,,,,,,
Boundary_Fields_Addition_2010-12 — Sde_Eliyahu_2011_hamra_vav,269.0,2.0,,,,,,,,
Boundary_Fields_Addition_2010-12 — Sde_Eliyahu_2011_hamra_vav,270.0,2.0,,,,,,,,
Boundary_Fields_Addition_2010-12 — Sde_Eliyahu_2011_hamra_vav,271.0,3.0,,,,,,,,
Boundary_Fields_Addition_2010-12 — Sde_Eliyahu_2011_hamra_vav,272.0,2.0,,,,,,,,
Boundary_Fields_Addition_2010-12 — Sde_Eliyahu_2011_hamra_vav,273.0,3.0,,,,,,,,
Boundary_Fields_Addition_2010-12 — Sde_Eliyahu_2011_hamra_vav,274.0,3.0,,,,,,,,
Boundary_Fields_Addition_2010-12 — Sde_Eliyahu_2011_hamra_vav,275.0,3.0,,,,,,,,
Boundary_Fields_Addition_2010-12 — Sde_Eliyahu_2011_hamra_vav,276.0,3.0,,,,,,,,
Boundary_Fields_Addition_2010-12 — Sde_Eliyahu_2011_hamra_vav,277.0,3.0,,,,,,,,
Boundary_Fields_Addition_2010-12 — Sde_Eliyahu_2011_hamra_vav,278.0,3.0,,,,,,,,
Boundary_Fields_Addition_2010-12 — Sde_Eliyahu_2011_hamra_vav,279.0,3.0,,,,,,,,
Boundary_Fields_Addition_2010-12 — Sde_Eliyahu_2011_hamra_vav,280.0,3.0,,,,,,,,
Boundary_Fields_Addition_2010-12 — Sde_Eliyahu_2011_hamra_vav,281.0,3.0,,,,,,,,
Boundary_Fields_Addition_2010-12 — Sde_Eliyahu_2011_hamra_vav,282.0,3.0,,,,,,,,
Boundary_Fields_Addition_2010-12 — Sde_Eliyahu_2011_hamra_vav,283.0,3.0,,,,,,,,
Boundary_Fields_Addition_2010-12 — Sde_Eliyahu_2011_hamra_vav,284.0,3.0,,,,,,,,
Boundary_Fields_Addition_2010-12 — Sde_Eliyahu_2011_hamra_vav,285.0,3.0,,,,,,,,
Boundary_Fields_Addition_2010-12 — Sde_Eliyahu_2011_hamra_vav,286.0,3.0,,,,,,,,
Boundary_Fields_Addition_2010-12 — Sde_Eliyahu_2011_hamra_vav,287.0,3.0,,,,,,,,
Boundary_Fields_Addition_2010-12 — Sde_Eliyahu_2011_hamra_vav,288.0,3.0,,,,,,,,
Boundary_Fields_Addition_2010-12 — Sde_Eliyahu_2011_hamra_vav,289.0,3.0,,,,,,,,
Boundary_Fields_Addition_2010-12 — Sde_Eliyahu_2011_hamra_vav,290.0,3.0,,,,,,,,
Boundary_Fields_Addition_2010-12 — Sde_Eliyahu_2011_hamra_vav,291.0,3.0,,,,,,,,
Boundary_Fields_Addition_2010-12 — Sde_Eliyahu_2011_hamra_vav,292.0,3.0,,,,,,,,
Boundary_Fields_Addition_2010-12 — Sde_Eliyahu_2011_hamra_vav,293.0,3.0,,,,,,,,
Boundary_Fields_Addition_2010-12 — Sde_Eliyahu_2011_hamra_vav,294.0,3.0,,,,,,,,
Boundary_Fields_Addition_2010-12 — Sde_Eliyahu_2011_hamra_vav,295.0,3.0,,,,,,,,
Boundary_Fields_Addition_2010-12 — Sde_Eliyahu_2011_hamra_vav,296.0,3.0,,,,,,,,
Boundary_Fields_Addition_2010-12 — Sde_Eliyahu_2011_hamra_vav,297.0,3.0,,,,,,,,
Boundary_Fields_Addition_2010-12 — Sde_Eliyahu_2011_hamra_vav,298.0,3.0,,,,,,,,
Boundary_Fields_Addition_2010-12 — Sde_Eliyahu_2011_hamra_vav,299.0,3.0,,,,,,,,
Boundary_Fields_Addition_2010-12 — Sde_Eliyahu_2011_hamra_vav,300.0,3.0,,,,,,,,
Boundary_Fields_Addition_2010-12 — Sde_Eliyahu_2011_hamra_vav,301.0,3.0,,,,,,,,
Boundary_Fields_Addition_2010-12 — Sde_Eliyahu_2011_hamra_vav,302.0,3.0,,,,,,,,
Boundary_Fields_Addition_2010-12 — Sde_Eliyahu_2011_hamra_vav,303.0,3.0,,,,,,,,
Boundary_Fields_Addition_2010-12 — Sde_Eliyahu_2011_hamra_vav,304.0,3.0,,,,,,,,
Boundary_Fields_Addition_2010-12 — Sde_Eliyahu_2011_hamra_vav,305.0,3.0,,,,,,,,
Boundary_Fields_Addition_2010-12 — Sde_Eliyahu_2011_hamra_vav,306.0,3.0,,,,,,,,
Boundary_Fields_Addition_2010-12 — Sde_Eliyahu_2011_hamra_vav,307.0,3.0,,,,,,,,
Boundary_Fields_Addition_2010-12 — Sde_Eliyahu_2011_hamra_vav,308.0,3.0,,,,,,,,
Boundary_Fields_Addition_2010-12 — Sde_Eliyahu_2011_hamra_vav,309.0,3.0,,,,,,,,
Boundary_Fields_Addition_2010-12 — Sde_Eliyahu_2011_hamra_vav,310.0,3.0,,,,,,,,
Boundary_Fields_Addition_2010-12 — Sde_Eliyahu_2011_hamra_vav,311.0,2.0,,,,,,,,
Boundary_Fields_Addition_2010-12 — Sde_Eliyahu_2011_hamra_vav,312.0,2.0,,,,,,,,
Boundary_Fields_Addition_2010-12 — Sde_Eliyahu_2011_hamra_vav,313.0,2.0,,,,,,,,
Boundary_Fields_Addition_2010-12 — Sde_Eliyahu_2011_hamra_vav,314.0,2.0,,,,,,,,
Boundary_Fields_Addition_2010-12 — Sde_Eliyahu_2011_hamra_vav,315.0,1.0,,,,,,,,
Boundary_Fields_Addition_2010-12 — Sde_Eliyahu_2011_hamra_vav,316.0,1.0,,,,,,,,
Boundary_Fields_Addition_2010-12 — Sde_Eliyahu_2011_hamra_vav,317.0,1.0,,,,,,,,
Boundary_Fields_Addition_2010-12 — Sde_Eliyahu_2011_hamra_vav,318.0,1.0,,,,,,,,
Boundary_Fields_Addition_2010-12 — Sde_Eliyahu_2011_hamra_vav,319.0,1.0,,,,,,,,
Boundary_Fields_Addition_2010-12 — Sde_Eliyahu_2011_hamra_vav,320.0,2.0,,,,,,,,
Boundary_Fields_Addition_2010-12 — Sde_Eliyahu_2011_hamra_vav,321.0,2.0,,,,,,,,
Boundary_Fields_Addition_2010-12 — Sde_Eliyahu_2011_hamra_vav,322.0,1.0,,,,,,,,
Boundary_Fields_Addition_2010-12 — Sde_Eliyahu_2011_hamra_vav,323.0,1.0,,,,,,,,
Boundary_Fields_Addition_2010-12 — Sde_Eliyahu_2011_hamra_vav,324.0,1.0,,,,,,,,
Boundary_Fields_Addition_2010-12 — Sde_Eliyahu_2011_hamra_vav,325.0,1.0,,,,,,,,
Boundary_Fields_Addition_2010-12 — Sde_Eliyahu_2011_hamra_vav,326.0,1.0,,,,,,,,
Boundary_Fields_Addition_2010-12 — Sde_Eliyahu_2011_hamra_vav,327.0,1.0,,,,,,,,
Boundary_Fields_Addition_2010-12 — Sde_Eliyahu_2011_hamra_vav,328.0,1.0,,,,,,,,
Boundary_Fields_Addition_2010-12 — Sde_Eliyahu_2011_hamra_vav,329.0,2.0,,,,,,,,
Boundary_Fields_Addition_2010-12 — Sde_Eliyahu_2011_hamra_vav,330.0,2.0,,,,,,,,
Boundary_Fields_Addition_2010-12 — Sde_Eliyahu_2011_hamra_vav,331.0,2.0,,,,,,,,
Boundary_Fields_Addition_2010-12 — Sde_Eliyahu_2011_hamra_vav,332.0,2.0,,,,,,,,
Boundary_Fields_Addition_2010-12 — Sde_Eliyahu_2011_hamra_vav,333.0,2.0,,,,,,,,
Boundary_Fields_Addition_2010-12 — Sde_Eliyahu_2011_hamra_vav,334.0,2.0,,,,,,,,
Boundary_Fields_Addition_2010-12 — Sde_Eliyahu_2011_hamra_vav,335.0,2.0,,,,,,,,
Boundary_Fields_Addition_2010-12 — Sde_Eliyahu_2011_hamra_vav,336.0,2.0,,,,,,,,
Boundary_Fields_Addition_2010-12 — Sde_Eliyahu_2011_hamra_vav,337.0,2.0,,,,,,,,
Boundary_Fields_Addition_2010-12 — Sde_Eliyahu_2011_hamra_vav,338.0,2.0,,,,,,,,
Boundary_Fields_Addition_2010-12 — Sde_Eliyahu_2011_hamra_vav,339.0,2.0,,,,,,,,
Boundary_Fields_Addition_2010-12 — Sde_Eliyahu_2011_hamra_vav,340.0,2.0,,,,,,,,
Boundary_Fields_Addition_2010-12 — Sde_Eliyahu_2011_hamra_vav,341.0,2.0,,,,,,,,
Boundary_Fields_Addition_2010-12 — Sde_Eliyahu_2011_hamra_vav,342.0,2.0,,,,,,,,
Boundary_Fields_Addition_2010-12 — Sde_Eliyahu_2011_hamra_vav,343.0,2.0,,,,,,,,
Boundary_Fields_Addition_2010-12 — Sde_Eliyahu_2011_hamra_vav,344.0,2.0,,,,,,,,
Boundary_Fields_Addition_2010-12 — Sde_Eliyahu_2011_hamra_vav,345.0,2.0,,,,,,,,
Boundary_Fields_Addition_2010-12 — Sde_Eliyahu_2011_hamra_vav,346.0,2.0,,,,,,,,
Boundary_Fields_Addition_2010-12 — Sde_Eliyahu_2011_hamra_vav,347.0,2.0,,,,,,,,
Boundary_Fields_Addition_2010-12 — Sde_Eliyahu_2011_hamra_vav,348.0,2.0,,,,,,,,
Boundary_Fields_Addition_2010-12 — Sde_Eliyahu_2011_hamra_vav,349.0,2.0,,,,,,,,
Boundary_Fields_Addition_2010-12 — Sde_Eliyahu_2011_hamra_vav,350.0,2.0,,,,,,,,
Boundary_Fields_Addition_2010-12 — Sde_Eliyahu_2011_hamra_vav,351.0,2.0,,,,,,,,
Boundary_Fields_Addition_2010-12 — Sde_Eliyahu_2011_hamra_vav,352.0,2.0,,,,,,,,
Boundary_Fields_Addition_2010-12 — Sde_Eliyahu_2011_hamra_vav,353.0,2.0,,,,,,,,
Boundary_Fields_Addition_2010-12 — Sde_Eliyahu_2011_hamra_vav,354.0,2.0,,,,,,,,
Boundary_Fields_Addition_2010-12 — Sde_Eliyahu_2011_hamra_vav,355.0,2.0,,,,,,,,
Boundary_Fields_Addition_2010-12 — Sde_Eliyahu_2011_hamra_vav,356.0,2.0,,,,,,,,
Boundary_Fields_Addition_2010-12 — Sde_Eliyahu_2011_hamra_vav,357.0,2.0,,,,,,,,
Boundary_Fields_Addition_2010-12 — Sde_Eliyahu_2011_hamra_vav,358.0,2.0,,,,,,,,
Boundary_Fields_Addition_2010-12 — Sde_Eliyahu_2011_hamra_vav,359.0,2.0,,,,,,,,
Boundary_Fields_Addition_2010-12 — Sde_Eliyahu_2011_hamra_vav,360.0,2.0,,,,,,,,
Boundary_Fields_Addition_2010-12 — Sde_Eliyahu_2011_hamra_vav,361.0,2.0,,,,,,,,
Boundary_Fields_Addition_2010-12 — Sde_Eliyahu_2011_hamra_vav,362.0,2.0,,,,,,,,
Boundary_Fields_Addition_2010-12 — Sde_Eliyahu_2011_hamra_vav,363.0,2.0,,,,,,,,
Boundary_Fields_Addition_2010-12 — Sde_Eliyahu_2011_hamra_vav,364.0,2.0,,,,,,,,
Boundary_Fields_Addition_2010-12 — Sde_Eliyahu_2011_hamra_vav,365.0,2.0,,,,,,,,
Boundary_Fields_Addition_2010-12 — Sde_Eliyahu_2011_hamra_vav,366.0,2.0,,,,,,,,
Boundary_Fields_Addition_2010-12 — Sde_Eliyahu_2011_hamra_vav,367.0,2.0,,,,,,,,
Boundary_Fields_Addition_2010-12 — Sde_Eliyahu_2011_hamra_vav,368.0,2.0,,,,,,,,
Boundary_Fields_Addition_2010-12 — Sde_Eliyahu_2011_hamra_vav,369.0,2.0,,,,,,,,
Boundary_Fields_Addition_2010-12 — Sde_Eliyahu_2011_hamra_vav,370.0,2.0,,,,,,,,
Boundary_Fields_Addition_2010-12 — Sde_Eliyahu_2011_hamra_vav,371.0,2.0,,,,,,,,
Boundary_Fields_Addition_2010-12 — Sde_Eliyahu_2011_hamra_vav,372.0,2.0,,,,,,,,
Boundary_Fields_Addition_2010-12 — Sde_Eliyahu_2011_hamra_vav,373.0,2.0,,,,,,,,
Boundary_Fields_Addition_2010-12 — Sde_Eliyahu_2011_hamra_vav,374.0,2.0,,,,,,,,
Boundary_Fields_Addition_2010-12 — Sde_Eliyahu_2011_hamra_vav,375.0,2.0,,,,,,,,
Boundary_Fields_Addition_2010-12 — Sde_Eliyahu_2011_hamra_vav,376.0,2.0,,,,,,,,
Boundary_Fields_Addition_2010-12 — Sde_Eliyahu_2011_hamra_vav,377.0,2.0,,,,,,,,
Boundary_Fields_Addition_2010-12 — Sde_Eliyahu_2011_hamra_vav,378.0,2.0,,,,,,,,
Boundary_Fields_Addition_2010-12 — Sde_Eliyahu_2011_hamra_vav,379.0,2.0,,,,,,,,
Boundary_Fields_Addition_2010-12 — Sde_Eliyahu_2011_hamra_vav,380.0,2.0,,,,,,,,
Boundary_Fields_Addition_2010-12 — Sde_Eliyahu_2011_hamra_vav,381.0,2.0,,,,,,,,
Boundary_Fields_Addition_2010-12 — Sde_Eliyahu_2011_hamra_vav,382.0,3.0,,,,,,,,
Boundary_Fields_Addition_2010-12 — Sde_Eliyahu_2011_shokef_alef,1.0,2.0,,,,,,,,
Boundary_Fields_Addition_2010-12 — Sde_Eliyahu_2011_shokef_alef,2.0,2.0,,,,,,,,
Boundary_Fields_Addition_2010-12 — Sde_Eliyahu_2011_shokef_alef,3.0,2.0,,,,,,,,
Boundary_Fields_Addition_2010-12 — Sde_Eliyahu_2011_shokef_alef,4.0,1.0,,,,,,,,
Boundary_Fields_Addition_2010-12 — Sde_Eliyahu_2011_shokef_alef,5.0,1.0,,,,,,,,
Boundary_Fields_Addition_2010-12 — Sde_Eliyahu_2011_shokef_alef,6.0,1.0,,,,,,,,
Boundary_Fields_Addition_2010-12 — Sde_Eliyahu_2011_shokef_alef,7.0,1.0,,,,,,,,
Boundary_Fields_Addition_2010-12 — Sde_Eliyahu_2011_shokef_alef,8.0,1.0,,,,,,,,
Boundary_Fields_Addition_2010-12 — Sde_Eliyahu_2011_shokef_alef,9.0,1.0,,,,,,,,
Boundary_Fields_Addition_2010-12 — Sde_Eliyahu_2011_shokef_alef,10.0,1.0,,,,,,,,
Boundary_Fields_Addition_2010-12 — Sde_Eliyahu_2011_shokef_alef,11.0,1.0,,,,,,,,
Boundary_Fields_Addition_2010-12 — Sde_Eliyahu_2011_shokef_alef,12.0,1.0,,,,,,,,
Boundary_Fields_Addition_2010-12 — Sde_Eliyahu_2011_shokef_alef,13.0,1.0,,,,,,,,
Boundary_Fields_Addition_2010-12 — Sde_Eliyahu_2011_shokef_alef,14.0,1.0,,,,,,,,
Boundary_Fields_Addition_2010-12 — Sde_Eliyahu_2011_shokef_alef,15.0,1.0,,,,,,,,
Boundary_Fields_Addition_2010-12 — Sde_Eliyahu_2011_shokef_alef,16.0,1.0,,,,,,,,
Boundary_Fields_Addition_2010-12 — Sde_Eliyahu_2011_shokef_alef,17.0,1.0,,,,,,,,
Boundary_Fields_Addition_2010-12 — Sde_Eliyahu_2011_shokef_alef,18.0,1.0,,,,,,,,
Boundary_Fields_Addition_2010-12 — Sde_Eliyahu_2011_shokef_alef,19.0,1.0,,,,,,,,
Boundary_Fields_Addition_2010-12 — Sde_Eliyahu_2011_shokef_alef,20.0,1.0,,,,,,,,
Boundary_Fields_Addition_2010-12 — Sde_Eliyahu_2011_shokef_alef,21.0,1.0,,,,,,,,
Boundary_Fields_Addition_2010-12 — Sde_Eliyahu_2011_shokef_alef,22.0,0.0,,,,,,,,
Boundary_Fields_Addition_2010-12 — Sde_Eliyahu_2011_shokef_alef,23.0,1.0,,,,,,,,
Boundary_Fields_Addition_2010-12 — Sde_Eliyahu_2011_shokef_alef,24.0,1.0,,,,,,,,
Boundary_Fields_Addition_2010-12 — Sde_Eliyahu_2011_shokef_alef,25.0,1.0,,,,,,,,
Boundary_Fields_Addition_2010-12 — Sde_Eliyahu_2011_shokef_alef,26.0,1.0,,,,,,,,
Boundary_Fields_Addition_2010-12 — Sde_Eliyahu_2011_shokef_alef,27.0,1.0,,,,,,,,
Boundary_Fields_Addition_2010-12 — Sde_Eliyahu_2011_shokef_alef,28.0,0.0,,,,,,,,
Boundary_Fields_Addition_2010-12 — Sde_Eliyahu_2011_shokef_alef,29.0,0.0,,,,,,,,
Boundary_Fields_Addition_2010-12 — Sde_Eliyahu_2011_shokef_alef,30.0,1.0,,,,,,,,
Boundary_Fields_Addition_2010-12 — Sde_Eliyahu_2011_shokef_alef,31.0,1.0,,,,,,,,
Boundary_Fields_Addition_2010-12 — Sde_Eliyahu_2011_shokef_alef,32.0,1.0,,,,,,,,
Boundary_Fields_Addition_2010-12 — Sde_Eliyahu_2011_shokef_alef,33.0,1.0,,,,,,,,
Boundary_Fields_Addition_2010-12 — Sde_Eliyahu_2011_shokef_alef,34.0,1.0,,,,,,,,
Boundary_Fields_Addition_2010-12 — Sde_Eliyahu_2011_shokef_alef,35.0,1.0,,,,,,,,
Boundary_Fields_Addition_2010-12 — Sde_Eliyahu_2011_shokef_alef,36.0,1.0,,,,,,,,
Boundary_Fields_Addition_2010-12 — Sde_Eliyahu_2011_shokef_alef,37.0,1.0,,,,,,,,
Boundary_Fields_Addition_2010-12 — Sde_Eliyahu_2011_shokef_alef,38.0,1.0,,,,,,,,
Boundary_Fields_Addition_2010-12 — Sde_Eliyahu_2011_shokef_alef,39.0,1.0,,,,,,,,
Boundary_Fields_Addition_2010-12 — Sde_Eliyahu_2011_shokef_alef,40.0,1.0,,,,,,,,
Boundary_Fields_Addition_2010-12 — Sde_Eliyahu_2011_shokef_alef,41.0,2.0,,,,,,,,
Boundary_Fields_Addition_2010-12 — Sde_Eliyahu_2011_shokef_alef,42.0,2.0,,,,,,,,
Boundary_Fields_Addition_2010-12 — Sde_Eliyahu_2011_shokef_alef,43.0,2.0,,,,,,,,
Boundary_Fields_Addition_2010-12 — Sde_Eliyahu_2011_shokef_alef,44.0,2.0,,,,,,,,
Boundary_Fields_Addition_2010-12 — Sde_Eliyahu_2011_shokef_alef,45.0,2.0,,,,,,,,
Boundary_Fields_Addition_2010-12 — Sde_Eliyahu_2011_shokef_alef,46.0,1.0,,,,,,,,
Boundary_Fields_Addition_2010-12 — Sde_Eliyahu_2011_shokef_alef,47.0,1.0,,,,,,,,
Boundary_Fields_Addition_2010-12 — Sde_Eliyahu_2011_shokef_alef,48.0,1.0,,,,,,,,
Boundary_Fields_Addition_2010-12 — Sde_Eliyahu_2011_shokef_alef,49.0,1.0,,,,,,,,
Boundary_Fields_Addition_2010-12 — Sde_Eliyahu_2011_shokef_alef,50.0,1.0,,,,,,,,
Boundary_Fields_Addition_2010-12 — Sde_Eliyahu_2011_shokef_alef,51.0,1.0,,,,,,,,
Boundary_Fields_Addition_2010-12 — Sde_Eliyahu_2011_shokef_alef,52.0,1.0,,,,,,,,
Boundary_Fields_Addition_2010-12 — Sde_Eliyahu_2011_shokef_alef,53.0,1.0,,,,,,,,
Boundary_Fields_Addition_2010-12 — Sde_Eliyahu_2011_shokef_alef,54.0,1.0,,,,,,,,
Boundary_Fields_Addition_2010-12 — Sde_Eliyahu_2011_shokef_alef,55.0,1.0,,,,,,,,
Boundary_Fields_Addition_2010-12 — Sde_Eliyahu_2011_shokef_alef,56.0,1.0,,,,,,,,
Boundary_Fields_Addition_2010-12 — Sde_Eliyahu_2011_shokef_alef,57.0,1.0,,,,,,,,
Boundary_Fields_Addition_2010-12 — Sde_Eliyahu_2011_shokef_alef,58.0,1.0,,,,,,,,
Boundary_Fields_Addition_2010-12 — Sde_Eliyahu_2011_shokef_alef,59.0,1.0,,,,,,,,
Boundary_Fields_Addition_2010-12 — Sde_Eliyahu_2011_shokef_alef,60.0,1.0,,,,,,,,
Boundary_Fields_Addition_2010-12 — Sde_Eliyahu_2011_shokef_alef,61.0,0.0,,,,,,,,
Boundary_Fields_Addition_2010-12 — Sde_Eliyahu_2011_shokef_alef,62.0,0.0,,,,,,,,
Boundary_Fields_Addition_2010-12 — Sde_Eliyahu_2011_shokef_alef,63.0,0.0,,,,,,,,
Boundary_Fields_Addition_2010-12 — Sde_Eliyahu_2011_shokef_alef,64.0,0.0,,,,,,,,
Boundary_Fields_Addition_2010-12 — Sde_Eliyahu_2011_shokef_alef,65.0,1.0,,,,,,,,
Boundary_Fields_Addition_2010-12 — Sde_Eliyahu_2011_shokef_alef,66.0,1.0,,,,,,,,
Boundary_Fields_Addition_2010-12 — Sde_Eliyahu_2011_shokef_alef,67.0,1.0,,,,,,,,
Boundary_Fields_Addition_2010-12 — Sde_Eliyahu_2011_shokef_alef,68.0,0.0,,,,,,,,
Boundary_Fields_Addition_2010-12 — Sde_Eliyahu_2011_shokef_alef,69.0,0.0,,,,,,,,
Boundary_Fields_Addition_2010-12 — Sde_Eliyahu_2011_shokef_alef,70.0,0.0,,,,,,,,
Boundary_Fields_Addition_2010-12 — Sde_Eliyahu_2011_shokef_alef,71.0,0.0,,,,,,,,
Boundary_Fields_Addition_2010-12 — Sde_Eliyahu_2011_shokef_alef,72.0,0.0,,,,,,,,
Boundary_Fields_Addition_2010-12 — Sde_Eliyahu_2011_shokef_alef,73.0,0.0,,,,,,,,
Boundary_Fields_Addition_2010-12 — Sde_Eliyahu_2011_shokef_alef,74.0,1.0,,,,,,,,
Boundary_Fields_Addition_2010-12 — Sde_Eliyahu_2011_shokef_alef,75.0,1.0,,,,,,,,
Boundary_Fields_Addition_2010-12 — Sde_Eliyahu_2011_shokef_alef,76.0,1.0,,,,,,,,
Boundary_Fields_Addition_2010-12 — Sde_Eliyahu_2011_shokef_alef,77.0,1.0,,,,,,,,
Boundary_Fields_Addition_2010-12 — Sde_Eliyahu_2011_shokef_alef,78.0,1.0,,,,,,,,
Boundary_Fields_Addition_2010-12 — Sde_Eliyahu_2011_shokef_alef,79.0,1.0,,,,,,,,
Boundary_Fields_Addition_2010-12 — Sde_Eliyahu_2011_shokef_alef,80.0,1.0,,,,,,,,
Boundary_Fields_Addition_2010-12 — Sde_Eliyahu_2011_shokef_alef,81.0,1.0,,,,,,,,
Boundary_Fields_Addition_2010-12 — Sde_Eliyahu_2011_shokef_alef,82.0,1.0,,,,,,,,
Boundary_Fields_Addition_2010-12 — Sde_Eliyahu_2011_shokef_alef,83.0,1.0,,,,,,,,
Boundary_Fields_Addition_2010-12 — Sde_Eliyahu_2011_shokef_alef,84.0,1.0,,,,,,,,
Boundary_Fields_Addition_2010-12 — Sde_Eliyahu_2011_shokef_alef,85.0,1.0,,,,,,,,
Boundary_Fields_Addition_2010-12 — Sde_Eliyahu_2011_shokef_alef,86.0,1.0,,,,,,,,
Boundary_Fields_Addition_2010-12 — Sde_Eliyahu_2011_shokef_alef,87.0,1.0,,,,,,,,
Boundary_Fields_Addition_2010-12 — Sde_Eliyahu_2011_shokef_alef,88.0,1.0,,,,,,,,
Boundary_Fields_Addition_2010-12 — Sde_Eliyahu_2011_shokef_alef,89.0,1.0,,,,,,,,
Boundary_Fields_Addition_2010-12 — Sde_Eliyahu_2011_shokef_alef,90.0,1.0,,,,,,,,
Boundary_Fields_Addition_2010-12 — Sde_Eliyahu_2011_shokef_alef,91.0,1.0,,,,,,,,
Boundary_Fields_Addition_2010-12 — Sde_Eliyahu_2011_shokef_alef,92.0,1.0,,,,,,,,
Boundary_Fields_Addition_2010-12 — Sde_Eliyahu_2011_shokef_alef,93.0,1.0,,,,,,,,
Boundary_Fields_Addition_2010-12 — Sde_Eliyahu_2011_shokef_alef,94.0,1.0,,,,,,,,
Boundary_Fields_Addition_2010-12 — Sde_Eliyahu_2011_shokef_alef,95.0,1.0,,,,,,,,
Boundary_Fields_Addition_2010-12 — Sde_Eliyahu_2011_shokef_alef,96.0,1.0,,,,,,,,
Boundary_Fields_Addition_2010-12 — Sde_Eliyahu_2011_shokef_alef,97.0,1.0,,,,,,,,
Boundary_Fields_Addition_2010-12 — Sde_Eliyahu_2011_shokef_alef,98.0,1.0,,,,,,,,
Boundary_Fields_Addition_2010-12 — Sde_Eliyahu_2011_shokef_alef,99.0,1.0,,,,,,,,
Boundary_Fields_Addition_2010-12 — Sde_Eliyahu_2011_shokef_alef,100.0,1.0,,,,,,,,
Boundary_Fields_Addition_2010-12 — Sde_Eliyahu_2011_shokef_alef,101.0,1.0,,,,,,,,
Boundary_Fields_Addition_2010-12 — Sde_Eliyahu_2011_shokef_alef,102.0,1.0,,,,,,,,
Boundary_Fields_Addition_2010-12 — Sde_Eliyahu_2011_shokef_alef,103.0,1.0,,,,,,,,
Boundary_Fields_Addition_2010-12 — Sde_Eliyahu_2011_shokef_alef,104.0,1.0,,,,,,,,
Boundary_Fields_Addition_2010-12 — Sde_Eliyahu_2011_shokef_alef,105.0,1.0,,,,,,,,
Boundary_Fields_Addition_2010-12 — Sde_Eliyahu_2011_shokef_alef,106.0,1.0,,,,,,,,
Boundary_Fields_Addition_2010-12 — Sde_Eliyahu_2011_shokef_alef,107.0,0.0,,,,,,,,
Boundary_Fields_Addition_2010-12 — Sde_Eliyahu_2011_shokef_alef,108.0,1.0,,,,,,,,
Boundary_Fields_Addition_2010-12 — Sde_Eliyahu_2011_shokef_alef,109.0,1.0,,,,,,,,
Boundary_Fields_Addition_2010-12 — Sde_Eliyahu_2011_shokef_alef,110.0,1.0,,,,,,,,
Boundary_Fields_Addition_2010-12 — Sde_Eliyahu_2011_shokef_alef,111.0,1.0,,,,,,,,
Boundary_Fields_Addition_2010-12 — Sde_Eliyahu_2011_shokef_alef,112.0,0.0,,,,,,,,
Boundary_Fields_Addition_2010-12 — Sde_Eliyahu_2011_shokef_alef,113.0,0.0,,,,,,,,
Boundary_Fields_Addition_2010-12 — Sde_Eliyahu_2011_shokef_alef,114.0,0.0,,,,,,,,
Boundary_Fields_Addition_2010-12 — Sde_Eliyahu_2011_shokef_alef,115.0,1.0,,,,,,,,
Boundary_Fields_Addition_2010-12 — Sde_Eliyahu_2011_shokef_alef,116.0,1.0,,,,,,,,
Boundary_Fields_Addition_2010-12 — Sde_Eliyahu_2011_shokef_alef,117.0,0.0,,,,,,,,
Boundary_Fields_Addition_2010-12 — Sde_Eliyahu_2011_shokef_alef,118.0,0.0,,,,,,,,
Boundary_Fields_Addition_2010-12 — Sde_Eliyahu_2011_shokef_alef,119.0,1.0,,,,,,,,
Boundary_Fields_Addition_2010-12 — Sde_Eliyahu_2011_shokef_alef,120.0,1.0,,,,,,,,
Boundary_Fields_Addition_2010-12 — Sde_Eliyahu_2011_shokef_alef,121.0,1.0,,,,,,,,
Boundary_Fields_Addition_2010-12 — Sde_Eliyahu_2011_shokef_alef,122.0,1.0,,,,,,,,
Boundary_Fields_Addition_2010-12 — Sde_Eliyahu_2011_shokef_alef,123.0,1.0,,,,,,,,
Boundary_Fields_Addition_2010-12 — Sde_Eliyahu_2011_shokef_alef,124.0,1.0,,,,,,,,
Boundary_Fields_Addition_2010-12 — Sde_Eliyahu_2011_shokef_alef,125.0,1.0,,,,,,,,
Boundary_Fields_Addition_2010-12 — Sde_Eliyahu_2011_shokef_alef,126.0,1.0,,,,,,,,
Boundary_Fields_Addition_2010-12 — Sde_Eliyahu_2011_shokef_alef,127.0,1.0,,,,,,,,
Boundary_Fields_Addition_2010-12 — Sde_Eliyahu_2011_shokef_alef,128.0,1.0,,,,,,,,
Boundary_Fields_Addition_2010-12 — Sde_Eliyahu_2011_shokef_alef,129.0,1.0,,,,,,,,
Boundary_Fields_Addition_2010-12 — Sde_Eliyahu_2011_shokef_alef,130.0,1.0,,,,,,,,
Boundary_Fields_Addition_2010-12 — Sde_Eliyahu_2011_shokef_alef,131.0,1.0,,,,,,,,
Boundary_Fields_Addition_2010-12 — Sde_Eliyahu_2011_shokef_alef,132.0,1.0,,,,,,,,
Boundary_Fields_Addition_2010-12 — Sde_Eliyahu_2011_shokef_alef,133.0,1.0,,,,,,,,
Boundary_Fields_Addition_2010-12 — Sde_Eliyahu_2011_shokef_alef,134.0,1.0,,,,,,,,
Boundary_Fields_Addition_2010-12 — Sde_Eliyahu_2011_shokef_alef,135.0,1.0,,,,,,,,
Boundary_Fields_Addition_2010-12 — Sde_Eliyahu_2011_shokef_alef,136.0,1.0,,,,,,,,
Boundary_Fields_Addition_2010-12 — Sde_Eliyahu_2011_shokef_alef,137.0,1.0,,,,,,,,
Boundary_Fields_Addition_2010-12 — Sde_Eliyahu_2011_shokef_alef,138.0,1.0,,,,,,,,
Boundary_Fields_Addition_2010-12 — Sde_Eliyahu_2011_shokef_alef,139.0,1.0,,,,,,,,
Boundary_Fields_Addition_2010-12 — Sde_Eliyahu_2011_shokef_alef,140.0,1.0,,,,,,,,
Boundary_Fields_Addition_2010-12 — Sde_Eliyahu_2011_shokef_alef,141.0,1.0,,,,,,,,
Boundary_Fields_Addition_2010-12 — Sde_Eliyahu_2011_shokef_alef,142.0,1.0,,,,,,,,
Boundary_Fields_Addition_2010-12 — Sde_Eliyahu_2011_shokef_alef,143.0,1.0,,,,,,,,
Boundary_Fields_Addition_2010-12 — Sde_Eliyahu_2011_shokef_alef,144.0,1.0,,,,,,,,
Boundary_Fields_Addition_2010-12 — Sde_Eliyahu_2011_shokef_alef,145.0,1.0,,,,,,,,
Boundary_Fields_Addition_2010-12 — Sde_Eliyahu_2011_shokef_alef,146.0,2.0,,,,,,,,
Boundary_Fields_Addition_2010-12 — Sde_Eliyahu_2011_shokef_alef,147.0,2.0,,,,,,,,
Boundary_Fields_Addition_2010-12 — Sde_Eliyahu_2011_shokef_alef,148.0,1.0,,,,,,,,
Boundary_Fields_Addition_2010-12 — Sde_Eliyahu_2011_shokef_alef,149.0,1.0,,,,,,,,
Boundary_Fields_Addition_2010-12 — Sde_Eliyahu_2011_shokef_alef,150.0,2.0,,,,,,,,
Boundary_Fields_Addition_2010-12 — Sde_Eliyahu_2011_shokef_alef,151.0,1.0,,,,,,,,
Boundary_Fields_Addition_2010-12 — Sde_Eliyahu_2011_shokef_alef,152.0,2.0,,,,,,,,
Boundary_Fields_Addition_2010-12 — Sde_Eliyahu_2011_shokef_alef,153.0,1.0,,,,,,,,
Boundary_Fields_Addition_2010-12 — Sde_Eliyahu_2011_shokef_alef,154.0,2.0,,,,,,,,
Boundary_Fields_Addition_2010-12 — Sde_Eliyahu_2011_shokef_alef,155.0,2.0,,,,,,,,
Boundary_Fields_Addition_2010-12 — Sde_Eliyahu_2011_shokef_alef,156.0,2.0,,,,,,,,
Boundary_Fields_Addition_2010-12 — Sde_Eliyahu_2011_shokef_alef,157.0,2.0,,,,,,,,
Boundary_Fields_Addition_2010-12 — Sde_Eliyahu_2011_shokef_alef,158.0,1.0,,,,,,,,
Boundary_Fields_Addition_2010-12 — Sde_Eliyahu_2011_shokef_alef,159.0,1.0,,,,,,,,
Boundary_Fields_Addition_2010-12 — Sde_Eliyahu_2011_shokef_alef,160.0,1.0,,,,,,,,
Boundary_Fields_Addition_2010-12 — Sde_Eliyahu_2011_shokef_alef,161.0,1.0,,,,,,,,
Boundary_Fields_Addition_2010-12 — Sde_Eliyahu_2011_shokef_alef,162.0,2.0,,,,,,,,
Boundary_Fields_Addition_2010-12 — Sde_Eliyahu_2011_shokef_alef,163.0,1.0,,,,,,,,
Boundary_Fields_Addition_2010-12 — Sde_Eliyahu_2011_shokef_alef,164.0,1.0,,,,,,,,
Boundary_Fields_Addition_2010-12 — Sde_Eliyahu_2011_shokef_alef,165.0,1.0,,,,,,,,
Boundary_Fields_Addition_2010-12 — Sde_Eliyahu_2011_shokef_alef,166.0,1.0,,,,,,,,
Boundary_Fields_Addition_2010-12 — Sde_Eliyahu_2011_shokef_alef,167.0,1.0,,,,,,,,
Boundary_Fields_Addition_2010-12 — Sde_Eliyahu_2011_shokef_alef,168.0,1.0,,,,,,,,
Boundary_Fields_Addition_2010-12 — Sde_Eliyahu_2011_shokef_alef,169.0,1.0,,,,,,,,
Boundary_Fields_Addition_2010-12 — Sde_Eliyahu_2011_shokef_alef,170.0,1.0,,,,,,,,
Boundary_Fields_Addition_2010-12 — Sde_Eliyahu_2011_shokef_alef,171.0,1.0,,,,,,,,
Boundary_Fields_Addition_2010-12 — Sde_Eliyahu_2011_shokef_alef,172.0,1.0,,,,,,,,
Boundary_Fields_Addition_2010-12 — Sde_Eliyahu_2011_shokef_alef,173.0,1.0,,,,,,,,
Boundary_Fields_Addition_2010-12 — Sde_Eliyahu_2011_shokef_alef,174.0,1.0,,,,,,,,
Boundary_Fields_Addition_2010-12 — Sde_Eliyahu_2011_shokef_alef,175.0,1.0,,,,,,,,
Boundary_Fields_Addition_2010-12 — Sde_Eliyahu_2011_shokef_alef,176.0,1.0,,,,,,,,
Boundary_Fields_Addition_2010-12 — Sde_Eliyahu_2011_shokef_alef,177.0,1.0,,,,,,,,
Boundary_Fields_Addition_2010-12 — Sde_Eliyahu_2011_shokef_alef,178.0,1.0,,,,,,,,
Boundary_Fields_Addition_2010-12 — Sde_Eliyahu_2011_shokef_alef,179.0,1.0,,,,,,,,
Boundary_Fields_Addition_2010-12 — Sde_Eliyahu_2011_shokef_alef,180.0,1.0,,,,,,,,
Boundary_Fields_Addition_2010-12 — Sde_Eliyahu_2011_shokef_alef,181.0,1.0,,,,,,,,
Boundary_Fields_Addition_2010-12 — Sde_Eliyahu_2011_shokef_alef,182.0,1.0,,,,,,,,
Boundary_Fields_Addition_2010-12 — Sde_Eliyahu_2011_shokef_alef,183.0,1.0,,,,,,,,
Boundary_Fields_Addition_2010-12 — Sde_Eliyahu_2011_shokef_alef,184.0,1.0,,,,,,,,
Boundary_Fields_Addition_2010-12 — Sde_Eliyahu_2011_shokef_alef,185.0,1.0,,,,,,,,
Boundary_Fields_Addition_2010-12 — Sde_Eliyahu_2011_shokef_alef,186.0,1.0,,,,,,,,
Boundary_Fields_Addition_2010-12 — Sde_Eliyahu_2011_shokef_alef,187.0,1.0,,,,,,,,
Boundary_Fields_Addition_2010-12 — Sde_Eliyahu_2011_shokef_alef,188.0,1.0,,,,,,,,
Boundary_Fields_Addition_2010-12 — Sde_Eliyahu_2011_shokef_alef,189.0,1.0,,,,,,,,
Boundary_Fields_Addition_2010-12 — Sde_Eliyahu_2011_shokef_alef,190.0,1.0,,,,,,,,
Boundary_Fields_Addition_2010-12 — Sde_Eliyahu_2011_shokef_alef,191.0,1.0,,,,,,,,
Boundary_Fields_Addition_2010-12 — Sde_Eliyahu_2011_shokef_alef,192.0,1.0,,,,,,,,
Boundary_Fields_Addition_2010-12 — Sde_Eliyahu_2011_shokef_alef,193.0,1.0,,,,,,,,
Boundary_Fields_Addition_2010-12 — Sde_Eliyahu_2011_shokef_alef,194.0,2.0,,,,,,,,
Boundary_Fields_Addition_2010-12 — Sde_Eliyahu_2011_shokef_alef,195.0,2.0,,,,,,,,
Boundary_Fields_Addition_2010-12 — Sde_Eliyahu_2011_shokef_alef,196.0,2.0,,,,,,,,
Boundary_Fields_Addition_2010-12 — Sde_Eliyahu_2011_shokef_alef,197.0,2.0,,,,,,,,
Boundary_Fields_Addition_2010-12 — Sde_Eliyahu_2011_shokef_alef,198.0,3.0,,,,,,,,
Boundary_Fields_Addition_2010-12 — Sde_Eliyahu_2011_shokef_alef,199.0,3.0,,,,,,,,
Boundary_Fields_Addition_2010-12 — Sde_Eliyahu_2011_shokef_alef,200.0,2.0,,,,,,,,
Boundary_Fields_Addition_2010-12 — Sde_Eliyahu_2011_shokef_alef,201.0,2.0,,,,,,,,
Boundary_Fields_Addition_2010-12 — Sde_Eliyahu_2011_shokef_alef,202.0,1.0,,,,,,,,
Boundary_Fields_Addition_2010-12 — Sde_Eliyahu_2011_shokef_alef,203.0,1.0,,,,,,,,
Boundary_Fields_Addition_2010-12 — Sde_Eliyahu_2011_shokef_alef,204.0,2.0,,,,,,,,
Boundary_Fields_Addition_2010-12 — Sde_Eliyahu_2011_shokef_alef,205.0,2.0,,,,,,,,
Boundary_Fields_Addition_2010-12 — Sde_Eliyahu_2011_shokef_alef,206.0,2.0,,,,,,,,
Boundary_Fields_Addition_2010-12 — Sde_Eliyahu_2011_shokef_alef,207.0,1.0,,,,,,,,
Boundary_Fields_Addition_2010-12 — Sde_Eliyahu_2011_shokef_alef,208.0,1.0,,,,,,,,
Boundary_Fields_Addition_2010-12 — Sde_Eliyahu_2011_shokef_alef,209.0,1.0,,,,,,,,
Boundary_Fields_Addition_2010-12 — Sde_Eliyahu_2011_shokef_alef,210.0,1.0,,,,,,,,
Boundary_Fields_Addition_2010-12 — Sde_Eliyahu_2011_shokef_alef,211.0,1.0,,,,,,,,
Boundary_Fields_Addition_2010-12 — Sde_Eliyahu_2011_shokef_alef,212.0,1.0,,,,,,,,
Boundary_Fields_Addition_2010-12 — Sde_Eliyahu_2011_shokef_alef,213.0,1.0,,,,,,,,
Boundary_Fields_Addition_2010-12 — Sde_Eliyahu_2011_shokef_alef,214.0,1.0,,,,,,,,
Boundary_Fields_Addition_2010-12 — Sde_Eliyahu_2011_shokef_alef,215.0,2.0,,,,,,,,
Boundary_Fields_Addition_2010-12 — Sde_Eliyahu_2011_shokef_alef,216.0,1.0,,,,,,,,
Boundary_Fields_Addition_2010-12 — Sde_Eliyahu_2011_shokef_alef,217.0,1.0,,,,,,,,
Boundary_Fields_Addition_2010-12 — Sde_Eliyahu_2011_shokef_alef,218.0,1.0,,,,,,,,
Boundary_Fields_Addition_2010-12 — Sde_Eliyahu_2011_shokef_alef,219.0,1.0,,,,,,,,
Boundary_Fields_Addition_2010-12 — Sde_Eliyahu_2011_shokef_alef,220.0,1.0,,,,,,,,
Boundary_Fields_Addition_2010-12 — Sde_Eliyahu_2011_shokef_alef,221.0,1.0,,,,,,,,
Boundary_Fields_Addition_2010-12 — Sde_Eliyahu_2011_shokef_alef,222.0,1.0,,,,,,,,
Boundary_Fields_Addition_2010-12 — Sde_Eliyahu_2011_shokef_alef,223.0,1.0,,,,,,,,
Boundary_Fields_Addition_2010-12 — Sde_Eliyahu_2011_shokef_alef,224.0,1.0,,,,,,,,
Boundary_Fields_Addition_2010-12 — Sde_Eliyahu_2011_shokef_alef,225.0,1.0,,,,,,,,
Boundary_Fields_Addition_2010-12 — Sde_Eliyahu_2011_shokef_alef,226.0,1.0,,,,,,,,
Boundary_Fields_Addition_2010-12 — Sde_Eliyahu_2011_shokef_alef,227.0,1.0,,,,,,,,
Boundary_Fields_Addition_2010-12 — Sde_Eliyahu_2011_shokef_alef,228.0,1.0,,,,,,,,
Boundary_Fields_Addition_2010-12 — Sde_Eliyahu_2011_shokef_alef,229.0,1.0,,,,,,,,
Boundary_Fields_Addition_2010-12 — Sde_Eliyahu_2011_shokef_alef,230.0,1.0,,,,,,,,
Boundary_Fields_Addition_2010-12 — Sde_Eliyahu_2011_shokef_alef,231.0,2.0,,,,,,,,
Boundary_Fields_Addition_2010-12 — Sde_Eliyahu_2011_shokef_alef,232.0,1.0,,,,,,,,
Boundary_Fields_Addition_2010-12 — Sde_Eliyahu_2011_shokef_alef,233.0,1.0,,,,,,,,
Boundary_Fields_Addition_2010-12 — Sde_Eliyahu_2011_shokef_alef,234.0,1.0,,,,,,,,
Boundary_Fields_Addition_2010-12 — Sde_Eliyahu_2011_shokef_alef,235.0,2.0,,,,,,,,
Boundary_Fields_Addition_2010-12 — Sde_Eliyahu_2011_shokef_alef,236.0,1.0,,,,,,,,
Boundary_Fields_Addition_2010-12 — Sde_Eliyahu_2011_shokef_alef,237.0,2.0,,,,,,,,
Boundary_Fields_Addition_2010-12 — Sde_Eliyahu_2011_shokef_alef,238.0,1.0,,,,,,,,
Boundary_Fields_Addition_2010-12 — Sde_Eliyahu_2011_shokef_alef,239.0,1.0,,,,,,,,
Boundary_Fields_Addition_2010-12 — Sde_Eliyahu_2011_shokef_alef,240.0,1.0,,,,,,,,
Boundary_Fields_Addition_2010-12 — Sde_Eliyahu_2011_shokef_alef,241.0,1.0,,,,,,,,
Boundary_Fields_Addition_2010-12 — Sde_Eliyahu_2011_shokef_alef,242.0,1.0,,,,,,,,
Boundary_Fields_Addition_2010-12 — Sde_Eliyahu_2011_shokef_alef,243.0,1.0,,,,,,,,
Boundary_Fields_Addition_2010-12 — Sde_Eliyahu_2011_shokef_alef,244.0,1.0,,,,,,,,
Boundary_Fields_Addition_2010-12 — Sde_Eliyahu_2011_shokef_alef,245.0,1.0,,,,,,,,
Boundary_Fields_Addition_2010-12 — Sde_Eliyahu_2011_shokef_alef,246.0,1.0,,,,,,,,
Boundary_Fields_Addition_2010-12 — Sde_Eliyahu_2011_shokef_alef,247.0,1.0,,,,,,,,
Boundary_Fields_Addition_2010-12 — Sde_Eliyahu_2011_shokef_alef,248.0,1.0,,,,,,,,
Boundary_Fields_Addition_2010-12 — Sde_Eliyahu_2011_shokef_alef,249.0,1.0,,,,,,,,
Boundary_Fields_Addition_2010-12 — Sde_Eliyahu_2011_shokef_alef,250.0,1.0,,,,,,,,
Boundary_Fields_Addition_2010-12 — Sde_Eliyahu_2011_shokef_alef,251.0,1.0,,,,,,,,
Boundary_Fields_Addition_2010-12 — Sde_Eliyahu_2011_shokef_alef,252.0,1.0,,,,,,,,
Boundary_Fields_Addition_2010-12 — Sde_Eliyahu_2011_shokef_alef,253.0,1.0,,,,,,,,
Boundary_Fields_Addition_2010-12 — Sde_Eliyahu_2011_shokef_alef,254.0,1.0,,,,,,,,
Boundary_Fields_Addition_2010-12 — Sde_Eliyahu_2011_shokef_alef,255.0,1.0,,,,,,,,
Boundary_Fields_Addition_2010-12 — Sde_Eliyahu_2011_shokef_alef,256.0,1.0,,,,,,,,
Boundary_Fields_Addition_2010-12 — Sde_Eliyahu_2011_shokef_alef,257.0,1.0,,,,,,,,
Boundary_Fields_Addition_2010-12 — Sde_Eliyahu_2011_shokef_alef,258.0,0.0,,,,,,,,
Boundary_Fields_Addition_2010-12 — Sde_Eliyahu_2011_shokef_alef,259.0,0.0,,,,,,,,
Boundary_Fields_Addition_2010-12 — Sde_Eliyahu_2011_shokef_alef,260.0,1.0,,,,,,,,
Boundary_Fields_Addition_2010-12 — Sde_Eliyahu_2011_shokef_alef,261.0,1.0,,,,,,,,
Boundary_Fields_Addition_2010-12 — Sde_Eliyahu_2011_shokef_alef,262.0,1.0,,,,,,,,
Boundary_Fields_Addition_2010-12 — Sde_Eliyahu_2011_shokef_alef,263.0,1.0,,,,,,,,
Boundary_Fields_Addition_2010-12 — Sde_Eliyahu_2011_shokef_alef,264.0,1.0,,,,,,,,
Boundary_Fields_Addition_2010-12 — Sde_Eliyahu_2011_shokef_alef,265.0,1.0,,,,,,,,
Boundary_Fields_Addition_2010-12 — Sde_Eliyahu_2011_shokef_alef,266.0,1.0,,,,,,,,
Boundary_Fields_Addition_2010-12 — Sde_Eliyahu_2011_shokef_alef,267.0,1.0,,,,,,,,
Boundary_Fields_Addition_2010-12 — Sde_Eliyahu_2011_shokef_alef,268.0,1.0,,,,,,,,
Boundary_Fields_Addition_2010-12 — Sde_Eliyahu_2011_shokef_alef,269.0,1.0,,,,,,,,
Boundary_Fields_Addition_2010-12 — Sde_Eliyahu_2011_shokef_alef,270.0,1.0,,,,,,,,
Boundary_Fields_Addition_2010-12 — Sde_Eliyahu_2011_shokef_alef,271.0,2.0,,,,,,,,
Boundary_Fields_Addition_2010-12 — Sde_Eliyahu_2011_shokef_alef,272.0,2.0,,,,,,,,
Boundary_Fields_Addition_2010-12 — Sde_Eliyahu_2011_shokef_alef,273.0,2.0,,,,,,,,
Boundary_Fields_Addition_2010-12 — Sde_Eliyahu_2011_shokef_alef,274.0,3.0,,,,,,,,
Boundary_Fields_Addition_2010-12 — Sde_Eliyahu_2011_shokef_alef,275.0,2.0,,,,,,,,
Boundary_Fields_Addition_2010-12 — Sde_Eliyahu_2011_shokef_alef,276.0,3.0,,,,,,,,
Boundary_Fields_Addition_2010-12 — Sde_Eliyahu_2011_shokef_alef,277.0,2.0,,,,,,,,
Boundary_Fields_Addition_2010-12 — Sde_Eliyahu_2011_shokef_alef,278.0,1.0,,,,,,,,
Boundary_Fields_Addition_2010-12 — Sde_Eliyahu_2011_shokef_alef,279.0,1.0,,,,,,,,
Boundary_Fields_Addition_2010-12 — Sde_Eliyahu_2011_shokef_alef,280.0,1.0,,,,,,,,
Boundary_Fields_Addition_2010-12 — Sde_Eliyahu_2011_shokef_alef,281.0,2.0,,,,,,,,
Boundary_Fields_Addition_2010-12 — Sde_Eliyahu_2011_shokef_alef,282.0,3.0,,,,,,,,
Boundary_Fields_Addition_2010-12 — Sde_Eliyahu_2011_shokef_alef,283.0,3.0,,,,,,,,
Boundary_Fields_Addition_2010-12 — Sde_Eliyahu_2011_shokef_alef,284.0,2.0,,,,,,,,
Boundary_Fields_Addition_2010-12 — Sde_Eliyahu_2011_shokef_alef,285.0,2.0,,,,,,,,
Boundary_Fields_Addition_2010-12 — Sde_Eliyahu_2011_shokef_alef,286.0,2.0,,,,,,,,
Boundary_Fields_Addition_2010-12 — Sde_Eliyahu_2011_shokef_alef,287.0,2.0,,,,,,,,
Boundary_Fields_Addition_2010-12 — Sde_Eliyahu_2011_shokef_alef,288.0,3.0,,,,,,,,
Boundary_Fields_Addition_2010-12 — Sde_Eliyahu_2011_shokef_alef,289.0,3.0,,,,,,,,
Boundary_Fields_Addition_2010-12 — Sde_Eliyahu_2011_shokef_alef,290.0,3.0,,,,,,,,
Boundary_Fields_Addition_2010-12 — Sde_Eliyahu_2011_shokef_alef,291.0,2.0,,,,,,,,
Boundary_Fields_Addition_2010-12 — Sde_Eliyahu_2011_shokef_alef,292.0,2.0,,,,,,,,
Boundary_Fields_Addition_2010-12 — Sde_Eliyahu_2011_shokef_alef,293.0,2.0,,,,,,,,
Boundary_Fields_Addition_2010-12 — Sde_Eliyahu_2011_shokef_alef,294.0,2.0,,,,,,,,
Boundary_Fields_Addition_2010-12 — Sde_Eliyahu_2011_shokef_alef,295.0,3.0,,,,,,,,
Boundary_Fields_Addition_2010-12 — Sde_Eliyahu_2011_shokef_alef,296.0,3.0,,,,,,,,
Boundary_Fields_Addition_2010-12 — Sde_Eliyahu_2011_shokef_alef,297.0,2.0,,,,,,,,
Boundary_Fields_Addition_2010-12 — Sde_Eliyahu_2011_shokef_alef,298.0,1.0,,,,,,,,
Boundary_Fields_Addition_2010-12 — Sde_Eliyahu_2011_shokef_alef,299.0,1.0,,,,,,,,
Boundary_Fields_Addition_2010-12 — Sde_Eliyahu_2011_shokef_alef,300.0,1.0,,,,,,,,
Boundary_Fields_Addition_2010-12 — Sde_Eliyahu_2011_shokef_alef,301.0,1.0,,,,,,,,
Boundary_Fields_Addition_2010-12 — Sde_Eliyahu_2011_shokef_alef,302.0,2.0,,,,,,,,
Boundary_Fields_Addition_2010-12 — Sde_Eliyahu_2011_shokef_alef,303.0,2.0,,,,,,,,
Boundary_Fields_Addition_2010-12 — Sde_Eliyahu_2011_shokef_alef,304.0,1.0,,,,,,,,
Boundary_Fields_Addition_2010-12 — Sde_Eliyahu_2011_shokef_alef,305.0,1.0,,,,,,,,
Boundary_Fields_Addition_2010-12 — Sde_Eliyahu_2011_shokef_alef,306.0,1.0,,,,,,,,
Boundary_Fields_Addition_2010-12 — Sde_Eliyahu_2011_shokef_alef,307.0,1.0,,,,,,,,
Boundary_Fields_Addition_2010-12 — Sde_Eliyahu_2011_shokef_alef,308.0,1.0,,,,,,,,
Boundary_Fields_Addition_2010-12 — Sde_Eliyahu_2011_shokef_alef,309.0,2.0,,,,,,,,
Boundary_Fields_Addition_2010-12 — Sde_Eliyahu_2011_shokef_alef,310.0,2.0,,,,,,,,
Boundary_Fields_Addition_2010-12 — Sde_Eliyahu_2011_shokef_alef,311.0,1.0,,,,,,,,
Boundary_Fields_Addition_2010-12 — Sde_Eliyahu_2011_shokef_alef,312.0,2.0,,,,,,,,
Boundary_Fields_Addition_2010-12 — Sde_Eliyahu_2011_shokef_alef,313.0,2.0,,,,,,,,
Boundary_Fields_Addition_2010-12 — Sde_Eliyahu_2011_shokef_alef,314.0,2.0,,,,,,,,
Boundary_Fields_Addition_2010-12 — Sde_Eliyahu_2011_shokef_alef,315.0,2.0,,,,,,,,
Boundary_Fields_Addition_2010-12 — Sde_Eliyahu_2011_shokef_alef,316.0,2.0,,,,,,,,
Boundary_Fields_Addition_2010-12 — Sde_Eliyahu_2011_shokef_alef,317.0,2.0,,,,,,,,
Boundary_Fields_Addition_2010-12 — Sde_Eliyahu_2011_shokef_alef,318.0,2.0,,,,,,,,
Boundary_Fields_Addition_2010-12 — Sde_Eliyahu_2011_shokef_alef,319.0,2.0,,,,,,,,
Boundary_Fields_Addition_2010-12 — Sde_Eliyahu_2011_shokef_alef,320.0,2.0,,,,,,,,
Boundary_Fields_Addition_2010-12 — Sde_Eliyahu_2011_shokef_alef,321.0,2.0,,,,,,,,
Boundary_Fields_Addition_2010-12 — Sde_Eliyahu_2011_shokef_alef,322.0,2.0,,,,,,,,
Boundary_Fields_Addition_2010-12 — Sde_Eliyahu_2011_shokef_alef,323.0,2.0,,,,,,,,
Boundary_Fields_Addition_2010-12 — Sde_Eliyahu_2011_shokef_alef,324.0,2.0,,,,,,,,
Boundary_Fields_Addition_2010-12 — Sde_Eliyahu_2011_shokef_alef,325.0,2.0,,,,,,,,
Boundary_Fields_Addition_2010-12 — Sde_Eliyahu_2011_shokef_alef,326.0,2.0,,,,,,,,
Boundary_Fields_Addition_2010-12 — Sde_Eliyahu_2011_shokef_alef,327.0,2.0,,,,,,,,
Boundary_Fields_Addition_2010-12 — Sde_Eliyahu_2011_shokef_alef,328.0,2.0,,,,,,,,
Boundary_Fields_Addition_2010-12 — Sde_Eliyahu_2011_shokef_alef,329.0,2.0,,,,,,,,
Boundary_Fields_Addition_2010-12 — Sde_Eliyahu_2011_shokef_alef,330.0,2.0,,,,,,,,
Boundary_Fields_Addition_2010-12 — Sde_Eliyahu_2011_shokef_alef,331.0,2.0,,,,,,,,
Boundary_Fields_Addition_2010-12 — Sde_Eliyahu_2011_shokef_alef,332.0,2.0,,,,,,,,
Boundary_Fields_Addition_2010-12 — Sde_Eliyahu_2011_shokef_alef,333.0,2.0,,,,,,,,
Boundary_Fields_Addition_2010-12 — Sde_Eliyahu_2011_shokef_alef,334.0,2.0,,,,,,,,
Boundary_Fields_Addition_2010-12 — Sde_Eliyahu_2011_shokef_alef,335.0,3.0,,,,,,,,
Boundary_Fields_Addition_2010-12 — Sde_Eliyahu_2011_shokef_alef,336.0,3.0,,,,,,,,
Boundary_Fields_Addition_2010-12 — Sde_Eliyahu_2011_shokef_alef,337.0,2.0,,,,,,,,
Boundary_Fields_Addition_2010-12 — Sde_Eliyahu_2011_shokef_alef,338.0,2.0,,,,,,,,
Boundary_Fields_Addition_2010-12 — Sde_Eliyahu_2011_shokef_alef,339.0,2.0,,,,,,,,
Boundary_Fields_Addition_2010-12 — Sde_Eliyahu_2011_shokef_alef,340.0,2.0,,,,,,,,
Boundary_Fields_Addition_2010-12 — Sde_Eliyahu_2011_shokef_alef,341.0,2.0,,,,,,,,
Boundary_Fields_Addition_2010-12 — Sde_Eliyahu_2011_shokef_alef,342.0,2.0,,,,,,,,
Boundary_Fields_Addition_2010-12 — Sde_Eliyahu_2011_shokef_alef,343.0,2.0,,,,,,,,
Boundary_Fields_Addition_2010-12 — Sde_Eliyahu_2011_shokef_alef,344.0,2.0,,,,,,,,
Boundary_Fields_Addition_2010-12 — Sde_Eliyahu_2011_shokef_alef,345.0,2.0,,,,,,,,
Boundary_Fields_Addition_2010-12 — Sde_Eliyahu_2011_shokef_alef,346.0,2.0,,,,,,,,
Boundary_Fields_Addition_2010-12 — Sde_Eliyahu_2011_shokef_alef,347.0,1.0,,,,,,,,
Boundary_Fields_Addition_2010-12 — Sde_Eliyahu_2011_shokef_alef,348.0,1.0,,,,,,,,
Boundary_Fields_Addition_2010-12 — Sde_Eliyahu_2011_shokef_alef,349.0,2.0,,,,,,,,
Boundary_Fields_Addition_2010-12 — Sde_Eliyahu_2011_shokef_alef,350.0,1.0,,,,,,,,
Boundary_Fields_Addition_2010-12 — Sde_Eliyahu_2011_shokef_alef,351.0,2.0,,,,,,,,
Boundary_Fields_Addition_2010-12 — Sde_Eliyahu_2011_shokef_alef,352.0,2.0,,,,,,,,
Boundary_Fields_Addition_2010-12 — Sde_Eliyahu_2011_shokef_alef,353.0,2.0,,,,,,,,
Boundary_Fields_Addition_2010-12 — Sde_Eliyahu_2011_shokef_alef,354.0,2.0,,,,,,,,
Boundary_Fields_Addition_2010-12 — Sde_Eliyahu_2011_shokef_alef,355.0,2.0,,,,,,,,
Boundary_Fields_Addition_2010-12 — Sde_Eliyahu_2011_shokef_alef,356.0,2.0,,,,,,,,
Boundary_Fields_Addition_2010-12 — Sde_Eliyahu_2011_shokef_alef,357.0,2.0,,,,,,,,
Boundary_Fields_Addition_2010-12 — Sde_Eliyahu_2011_shokef_alef,358.0,2.0,,,,,,,,
Boundary_Fields_Addition_2010-12 — Sde_Eliyahu_2011_shokef_alef,359.0,2.0,,,,,,,,
Boundary_Fields_Addition_2010-12 — Sde_Eliyahu_2011_shokef_alef,360.0,2.0,,,,,,,,
Boundary_Fields_Addition_2010-12 — Sde_Eliyahu_2011_shokef_alef,361.0,2.0,,,,,,,,
Boundary_Fields_Addition_2010-12 — Sde_Eliyahu_2011_shokef_alef,362.0,2.0,,,,,,,,
Boundary_Fields_Addition_2010-12 — Sde_Eliyahu_2011_shokef_alef,363.0,2.0,,,,,,,,
Boundary_Fields_Addition_2010-12 — Sde_Eliyahu_2011_shokef_alef,364.0,2.0,,,,,,,,
Boundary_Fields_Addition_2010-12 — Sde_Eliyahu_2011_shokef_alef,365.0,2.0,,,,,,,,
Boundary_Fields_Addition_2010-12 — Sde_Eliyahu_2011_shokef_alef,366.0,2.0,,,,,,,,
Boundary_Fields_Addition_2010-12 — Sde_Eliyahu_2011_shokef_alef,367.0,2.0,,,,,,,,
Boundary_Fields_Addition_2010-12 — Sde_Eliyahu_2011_shokef_alef,368.0,2.0,,,,,,,,
Boundary_Fields_Addition_2010-12 — Sde_Eliyahu_2011_shokef_alef,369.0,2.0,,,,,,,,
Boundary_Fields_Addition_2010-12 — Sde_Eliyahu_2011_shokef_alef,370.0,2.0,,,,,,,,
Boundary_Fields_Addition_2010-12 — Sde_Eliyahu_2011_shokef_alef,371.0,2.0,,,,,,,,
Boundary_Fields_Addition_2010-12 — Sde_Eliyahu_2011_shokef_alef,372.0,2.0,,,,,,,,
Boundary_Fields_Addition_2010-12 — Sde_Eliyahu_2011_shokef_alef,373.0,2.0,,,,,,,,
Boundary_Fields_Addition_2010-12 — Sde_Eliyahu_2011_shokef_alef,374.0,2.0,,,,,,,,
Boundary_Fields_Addition_2010-12 — Sde_Eliyahu_2011_shokef_alef,375.0,3.0,,,,,,,,
Boundary_Fields_Addition_2010-12 — Sde_Eliyahu_2011_shokef_alef,376.0,3.0,,,,,,,,
Boundary_Fields_Addition_2010-12 — Sde_Eliyahu_2011_shokef_alef,377.0,2.0,,,,,,,,
Boundary_Fields_Addition_2010-12 — Sde_Eliyahu_2011_shokef_alef,378.0,2.0,,,,,,,,
Boundary_Fields_Addition_2010-12 — Sde_Eliyahu_2011_shokef_alef,379.0,2.0,,,,,,,,
Boundary_Fields_Addition_2010-12 — Sde_Eliyahu_2011_shokef_alef,380.0,2.0,,,,,,,,
Boundary_Fields_Addition_2010-12 — Sde_Eliyahu_2011_shokef_alef,381.0,2.0,,,,,,,,
Boundary_Fields_Addition_2010-12 — Sde_Eliyahu_2011_shokef_alef,382.0,2.0,,,,,,,,
Boundary_Fields_Addition_2010-12 — Sde_Eliyahu_2011_shokef_alef,383.0,2.0,,,,,,,,
Boundary_Fields_Addition_2010-12 — Sde_Eliyahu_2011_shokef_alef,384.0,1.0,,,,,,,,
Boundary_Fields_Addition_2010-12 — Sde_Eliyahu_2011_shokef_alef,385.0,1.0,,,,,,,,
Boundary_Fields_Addition_2010-12 — Sde_Eliyahu_2011_shokef_alef,386.0,1.0,,,,,,,,
Boundary_Fields_Addition_2010-12 — Sde_Eliyahu_2011_shokef_alef,387.0,1.0,,,,,,,,
Boundary_Fields_Addition_2010-12 — Sde_Eliyahu_2011_shokef_alef,388.0,1.0,,,,,,,,
Boundary_Fields_Addition_2010-12 — Sde_Eliyahu_2011_shokef_alef,389.0,1.0,,,,,,,,
Boundary_Fields_Addition_2010-12 — Sde_Eliyahu_2011_shokef_alef,390.0,1.0,,,,,,,,
Boundary_Fields_Addition_2010-12 — Sde_Eliyahu_2011_shokef_alef,391.0,2.0,,,,,,,,
Boundary_Fields_Addition_2010-12 — Sde_Eliyahu_kemach_E,1.0,2.0,,,,,,,,
Boundary_Fields_Addition_2010-12 — Sde_Eliyahu_kemach_E,2.0,2.0,,,,,,,,
Boundary_Fields_Addition_2010-12 — Sde_Eliyahu_kemach_E,3.0,3.0,,,,,,,,
Boundary_Fields_Addition_2010-12 — Sde_Eliyahu_kemach_E,4.0,3.0,,,,,,,,
Boundary_Fields_Addition_2010-12 — Sde_Eliyahu_kemach_E,5.0,2.0,,,,,,,,
Boundary_Fields_Addition_2010-12 — Sde_Eliyahu_kemach_E,6.0,2.0,,,,,,,,
Boundary_Fields_Addition_2010-12 — Sde_Eliyahu_kemach_E,7.0,2.0,,,,,,,,
Boundary_Fields_Addition_2010-12 — Sde_Eliyahu_kemach_E,8.0,2.0,,,,,,,,
Boundary_Fields_Addition_2010-12 — Sde_Eliyahu_kemach_E,9.0,2.0,,,,,,,,
Boundary_Fields_Addition_2010-12 — Sde_Eliyahu_kemach_E,10.0,2.0,,,,,,,,
Boundary_Fields_Addition_2010-12 — Sde_Eliyahu_kemach_E,11.0,2.0,,,,,,,,
Boundary_Fields_Addition_2010-12 — Sde_Eliyahu_kemach_E,12.0,2.0,,,,,,,,
Boundary_Fields_Addition_2010-12 — Sde_Eliyahu_kemach_E,13.0,2.0,,,,,,,,
Boundary_Fields_Addition_2010-12 — Sde_Eliyahu_kemach_E,14.0,2.0,,,,,,,,
Boundary_Fields_Addition_2010-12 — Sde_Eliyahu_kemach_E,15.0,2.0,,,,,,,,
Boundary_Fields_Addition_2010-12 — Sde_Eliyahu_kemach_E,16.0,2.0,,,,,,,,
Boundary_Fields_Addition_2010-12 — Sde_Eliyahu_kemach_E,17.0,2.0,,,,,,,,
Boundary_Fields_Addition_2010-12 — Sde_Eliyahu_kemach_E,18.0,2.0,,,,,,,,
Boundary_Fields_Addition_2010-12 — Sde_Eliyahu_kemach_E,19.0,2.0,,,,,,,,
Boundary_Fields_Addition_2010-12 — Sde_Eliyahu_kemach_E,20.0,2.0,,,,,,,,
Boundary_Fields_Addition_2010-12 — Sde_Eliyahu_kemach_E,21.0,2.0,,,,,,,,
Boundary_Fields_Addition_2010-12 — Sde_Eliyahu_kemach_E,22.0,3.0,,,,,,,,
Boundary_Fields_Addition_2010-12 — Sde_Eliyahu_kemach_E,23.0,3.0,,,,,,,,
Boundary_Fields_Addition_2010-12 — Sde_Eliyahu_kemach_E,24.0,3.0,,,,,,,,
Boundary_Fields_Addition_2010-12 — Sde_Eliyahu_kemach_E,25.0,2.0,,,,,,,,
Boundary_Fields_Addition_2010-12 — Sde_Eliyahu_kemach_E,26.0,2.0,,,,,,,,
Boundary_Fields_Addition_2010-12 — Sde_Eliyahu_kemach_E,27.0,3.0,,,,,,,,
Boundary_Fields_Addition_2010-12 — Sde_Eliyahu_kemach_E,28.0,3.0,,,,,,,,
Boundary_Fields_Addition_2010-12 — Sde_Eliyahu_kemach_E,29.0,3.0,,,,,,,,
Boundary_Fields_Addition_2010-12 — Sde_Eliyahu_kemach_E,30.0,3.0,,,,,,,,
Boundary_Fields_Addition_2010-12 — Sde_Eliyahu_kemach_E,31.0,3.0,,,,,,,,
Boundary_Fields_Addition_2010-12 — Sde_Eliyahu_kemach_E,32.0,3.0,,,,,,,,
Boundary_Fields_Addition_2010-12 — Sde_Eliyahu_kemach_E,33.0,3.0,,,,,,,,
Boundary_Fields_Addition_2010-12 — Sde_Eliyahu_kemach_E,34.0,2.0,,,,,,,,
Boundary_Fields_Addition_2010-12 — Sde_Eliyahu_kemach_E,35.0,3.0,,,,,,,,
Boundary_Fields_Addition_2010-12 — Sde_Eliyahu_kemach_E,36.0,2.0,,,,,,,,
Boundary_Fields_Addition_2010-12 — Sde_Eliyahu_kemach_E,37.0,2.0,,,,,,,,
Boundary_Fields_Addition_2010-12 — Sde_Eliyahu_kemach_E,38.0,2.0,,,,,,,,
Boundary_Fields_Addition_2010-12 — Sde_Eliyahu_kemach_E,39.0,3.0,,,,,,,,
Boundary_Fields_Addition_2010-12 — Sde_Eliyahu_kemach_E,40.0,3.0,,,,,,,,
Boundary_Fields_Addition_2010-12 — Sde_Eliyahu_kemach_E,41.0,3.0,,,,,,,,
Boundary_Fields_Addition_2010-12 — Sde_Eliyahu_kemach_E,42.0,3.0,,,,,,,,
Boundary_Fields_Addition_2010-12 — Sde_Eliyahu_kemach_E,43.0,3.0,,,,,,,,
Boundary_Fields_Addition_2010-12 — Sde_Eliyahu_kemach_E,44.0,2.0,,,,,,,,
Boundary_Fields_Addition_2010-12 — Sde_Eliyahu_kemach_E,45.0,3.0,,,,,,,,
Boundary_Fields_Addition_2010-12 — Sde_Eliyahu_kemach_E,46.0,3.0,,,,,,,,
Boundary_Fields_Addition_2010-12 — Sde_Eliyahu_kemach_E,47.0,2.0,,,,,,,,
Boundary_Fields_Addition_2010-12 — Sde_Eliyahu_kemach_E,48.0,2.0,,,,,,,,
Boundary_Fields_Addition_2010-12 — Sde_Eliyahu_kemach_E,49.0,2.0,,,,,,,,
Boundary_Fields_Addition_2010-12 — Sde_Eliyahu_kemach_E,50.0,3.0,,,,,,,,
Boundary_Fields_Addition_2010-12 — Sde_Eliyahu_kemach_E,51.0,3.0,,,,,,,,
Boundary_Fields_Addition_2010-12 — Sde_Eliyahu_kemach_E,52.0,2.0,,,,,,,,
Boundary_Fields_Addition_2010-12 — Sde_Eliyahu_kemach_E,53.0,2.0,,,,,,,,
Boundary_Fields_Addition_2010-12 — Sde_Eliyahu_kemach_E,54.0,2.0,,,,,,,,
Boundary_Fields_Addition_2010-12 — Sde_Eliyahu_kemach_E,55.0,2.0,,,,,,,,
Boundary_Fields_Addition_2010-12 — Sde_Eliyahu_kemach_E,56.0,2.0,,,,,,,,
Boundary_Fields_Addition_2010-12 — Sde_Eliyahu_kemach_E,57.0,2.0,,,,,,,,
Boundary_Fields_Addition_2010-12 — Sde_Eliyahu_kemach_E,58.0,2.0,,,,,,,,
Boundary_Fields_Addition_2010-12 — Sde_Eliyahu_kemach_E,59.0,2.0,,,,,,,,
Boundary_Fields_Addition_2010-12 — Sde_Eliyahu_kemach_E,60.0,2.0,,,,,,,,
Boundary_Fields_Addition_2010-12 — Sde_Eliyahu_kemach_E,61.0,2.0,,,,,,,,
Boundary_Fields_Addition_2010-12 — Sde_Eliyahu_kemach_E,62.0,2.0,,,,,,,,
Boundary_Fields_Addition_2010-12 — Sde_Eliyahu_kemach_E,63.0,2.0,,,,,,,,
Boundary_Fields_Addition_2010-12 — Sde_Eliyahu_kemach_E,64.0,3.0,,,,,,,,
Boundary_Fields_Addition_2010-12 — Sde_Eliyahu_kemach_E,65.0,3.0,,,,,,,,
Boundary_Fields_Addition_2010-12 — Sde_Eliyahu_kemach_E,66.0,2.0,,,,,,,,
Boundary_Fields_Addition_2010-12 — Sde_Eliyahu_kemach_E,67.0,2.0,,,,,,,,
Boundary_Fields_Addition_2010-12 — Sde_Eliyahu_kemach_E,68.0,2.0,,,,,,,,
Boundary_Fields_Addition_2010-12 — Sde_Eliyahu_kemach_E,69.0,2.0,,,,,,,,
Boundary_Fields_Addition_2010-12 — Sde_Eliyahu_kemach_E,70.0,2.0,,,,,,,,
Boundary_Fields_Addition_2010-12 — Sde_Eliyahu_kemach_E,71.0,2.0,,,,,,,,
Boundary_Fields_Addition_2010-12 — Sde_Eliyahu_kemach_E,72.0,2.0,,,,,,,,
Boundary_Fields_Addition_2010-12 — Sde_Eliyahu_kemach_E,73.0,2.0,,,,,,,,
Boundary_Fields_Addition_2010-12 — Sde_Eliyahu_kemach_E,74.0,2.0,,,,,,,,
Boundary_Fields_Addition_2010-12 — Sde_Eliyahu_kemach_E,75.0,2.0,,,,,,,,
Boundary_Fields_Addition_2010-12 — Sde_Eliyahu_kemach_E,76.0,2.0,,,,,,,,
Boundary_Fields_Addition_2010-12 — Sde_Eliyahu_kemach_E,77.0,2.0,,,,,,,,
Boundary_Fields_Addition_2010-12 — Sde_Eliyahu_kemach_E,78.0,2.0,,,,,,,,
Boundary_Fields_Addition_2010-12 — Sde_Eliyahu_kemach_E,79.0,2.0,,,,,,,,
Boundary_Fields_Addition_2010-12 — Sde_Eliyahu_kemach_E,80.0,2.0,,,,,,,,
Boundary_Fields_Addition_2010-12 — Sde_Eliyahu_kemach_E,81.0,2.0,,,,,,,,
Boundary_Fields_Addition_2010-12 — Sde_Eliyahu_kemach_E,82.0,2.0,,,,,,,,
Boundary_Fields_Addition_2010-12 — Sde_Eliyahu_kemach_E,83.0,2.0,,,,,,,,
Boundary_Fields_Addition_2010-12 — Sde_Eliyahu_kemach_E,84.0,2.0,,,,,,,,
Boundary_Fields_Addition_2010-12 — Sde_Eliyahu_kemach_E,85.0,2.0,,,,,,,,
Boundary_Fields_Addition_2010-12 — Sde_Eliyahu_kemach_E,86.0,2.0,,,,,,,,
Boundary_Fields_Addition_2010-12 — Sde_Eliyahu_kemach_E,87.0,2.0,,,,,,,,
Boundary_Fields_Addition_2010-12 — Sde_Eliyahu_kemach_E,88.0,2.0,,,,,,,,
Boundary_Fields_Addition_2010-12 — Sde_Eliyahu_kemach_E,89.0,2.0,,,,,,,,
Boundary_Fields_Addition_2010-12 — Sde_Eliyahu_kemach_E,90.0,2.0,,,,,,,,
Boundary_Fields_Addition_2010-12 — Sde_Eliyahu_kemach_E,91.0,2.0,,,,,,,,
Boundary_Fields_Addition_2010-12 — Sde_Eliyahu_kemach_E,92.0,2.0,,,,,,,,
Boundary_Fields_Addition_2010-12 — Sde_Eliyahu_kemach_E,93.0,2.0,,,,,,,,
Boundary_Fields_Addition_2010-12 — Sde_Eliyahu_kemach_E,94.0,2.0,,,,,,,,
Boundary_Fields_Addition_2010-12 — Sde_Eliyahu_kemach_E,95.0,2.0,,,,,,,,
Boundary_Fields_Addition_2010-12 — Sde_Eliyahu_kemach_E,96.0,2.0,,,,,,,,
Boundary_Fields_Addition_2010-12 — Sde_Eliyahu_kemach_E,97.0,2.0,,,,,,,,
Boundary_Fields_Addition_2010-12 — Sde_Eliyahu_kemach_E,98.0,2.0,,,,,,,,
Boundary_Fields_Addition_2010-12 — Sde_Eliyahu_kemach_E,99.0,2.0,,,,,,,,
Boundary_Fields_Addition_2010-12 — Sde_Eliyahu_kemach_E,100.0,2.0,,,,,,,,
Boundary_Fields_Addition_2010-12 — Sde_Eliyahu_kemach_E,101.0,2.0,,,,,,,,
Boundary_Fields_Addition_2010-12 — Sde_Eliyahu_kemach_E,102.0,3.0,,,,,,,,
Boundary_Fields_Addition_2010-12 — Sde_Eliyahu_kemach_E,103.0,2.0,,,,,,,,
Boundary_Fields_Addition_2010-12 — Sde_Eliyahu_kemach_E,104.0,2.0,,,,,,,,
Boundary_Fields_Addition_2010-12 — Sde_Eliyahu_kemach_E,105.0,2.0,,,,,,,,
Boundary_Fields_Addition_2010-12 — Sde_Eliyahu_kemach_E,106.0,2.0,,,,,,,,
Boundary_Fields_Addition_2010-12 — Sde_Eliyahu_kemach_E,107.0,2.0,,,,,,,,
Boundary_Fields_Addition_2010-12 — Sde_Eliyahu_kemach_E,108.0,2.0,,,,,,,,
Boundary_Fields_Addition_2010-12 — Sde_Eliyahu_kemach_E,109.0,2.0,,,,,,,,
Boundary_Fields_Addition_2010-12 — Sde_Eliyahu_kemach_E,110.0,2.0,,,,,,,,
Boundary_Fields_Addition_2010-12 — Sde_Eliyahu_kemach_E,111.0,2.0,,,,,,,,
Boundary_Fields_Addition_2010-12 — Sde_Eliyahu_kemach_E,112.0,2.0,,,,,,,,
Boundary_Fields_Addition_2010-12 — Sde_Eliyahu_kemach_E,113.0,2.0,,,,,,,,
Boundary_Fields_Addition_2010-12 — Sde_Eliyahu_kemach_E,114.0,2.0,,,,,,,,
Boundary_Fields_Addition_2010-12 — Sde_Eliyahu_kemach_E,115.0,2.0,,,,,,,,
Boundary_Fields_Addition_2010-12 — Sde_Eliyahu_kemach_E,116.0,2.0,,,,,,,,
Boundary_Fields_Addition_2010-12 — Sde_Eliyahu_kemach_E,117.0,2.0,,,,,,,,
Boundary_Fields_Addition_2010-12 — Sde_Eliyahu_kemach_E,118.0,2.0,,,,,,,,
Boundary_Fields_Addition_2010-12 — Sde_Eliyahu_kemach_E,119.0,2.0,,,,,,,,
Boundary_Fields_Addition_2010-12 — Sde_Eliyahu_kemach_E,120.0,2.0,,,,,,,,
Boundary_Fields_Addition_2010-12 — Sde_Eliyahu_kemach_E,121.0,2.0,,,,,,,,
Boundary_Fields_Addition_2010-12 — Sde_Eliyahu_kemach_E,122.0,2.0,,,,,,,,
Boundary_Fields_Addition_2010-12 — Sde_Eliyahu_kemach_E,123.0,2.0,,,,,,,,
Boundary_Fields_Addition_2010-12 — Sde_Eliyahu_kemach_E,124.0,2.0,,,,,,,,
Boundary_Fields_Addition_2010-12 — Sde_Eliyahu_kemach_E,125.0,2.0,,,,,,,,
Boundary_Fields_Addition_2010-12 — Sde_Eliyahu_kemach_E,126.0,2.0,,,,,,,,
Boundary_Fields_Addition_2010-12 — Sde_Eliyahu_kemach_E,127.0,3.0,,,,,,,,
Boundary_Fields_Addition_2010-12 — Sde_Eliyahu_kemach_E,128.0,3.0,,,,,,,,
Boundary_Fields_Addition_2010-12 — Sde_Eliyahu_kemach_E,129.0,2.0,,,,,,,,
Boundary_Fields_Addition_2010-12 — Sde_Eliyahu_kemach_E,130.0,2.0,,,,,,,,
Boundary_Fields_Addition_2010-12 — Sde_Eliyahu_kemach_E,131.0,2.0,,,,,,,,
Boundary_Fields_Addition_2010-12 — Sde_Eliyahu_kemach_E,132.0,3.0,,,,,,,,
Boundary_Fields_Addition_2010-12 — Sde_Eliyahu_kemach_E,133.0,3.0,,,,,,,,
Boundary_Fields_Addition_2010-12 — Sde_Eliyahu_kemach_E,134.0,3.0,,,,,,,,
Boundary_Fields_Addition_2010-12 — Sde_Eliyahu_kemach_E,135.0,3.0,,,,,,,,
Boundary_Fields_Addition_2010-12 — Sde_Eliyahu_kemach_E,136.0,3.0,,,,,,,,
Boundary_Fields_Addition_2010-12 — Sde_Eliyahu_kemach_E,137.0,3.0,,,,,,,,
Boundary_Fields_Addition_2010-12 — Sde_Eliyahu_kemach_E,138.0,3.0,,,,,,,,
Boundary_Fields_Addition_2010-12 — Sde_Eliyahu_kemach_E,139.0,3.0,,,,,,,,
Boundary_Fields_Addition_2010-12 — Sde_Eliyahu_kemach_E,140.0,3.0,,,,,,,,
Boundary_Fields_Addition_2010-12 — Sde_Eliyahu_kemach_E,141.0,3.0,,,,,,,,
Boundary_Fields_Addition_2010-12 — Sde_Eliyahu_kemach_E,142.0,3.0,,,,,,,,
Boundary_Fields_Addition_2010-12 — Sde_Eliyahu_kemach_E,143.0,2.0,,,,,,,,
Boundary_Fields_Addition_2010-12 — Sde_Eliyahu_kemach_E,144.0,3.0,,,,,,,,
Boundary_Fields_Addition_2010-12 — Sde_Eliyahu_kemach_E,145.0,3.0,,,,,,,,
Boundary_Fields_Addition_2010-12 — Sde_Eliyahu_kemach_E,146.0,3.0,,,,,,,,
Boundary_Fields_Addition_2010-12 — Sde_Eliyahu_kemach_E,147.0,3.0,,,,,,,,
Boundary_Fields_Addition_2010-12 — Sde_Eliyahu_kemach_E,148.0,3.0,,,,,,,,
Boundary_Fields_Addition_2010-12 — Sde_Eliyahu_kemach_E,149.0,3.0,,,,,,,,
Boundary_Fields_Addition_2010-12 — Sde_Eliyahu_kemach_E,150.0,3.0,,,,,,,,
Boundary_Fields_Addition_2010-12 — Sde_Eliyahu_kemach_E,151.0,3.0,,,,,,,,
Boundary_Fields_Addition_2010-12 — Sde_Eliyahu_kemach_E,152.0,3.0,,,,,,,,
Boundary_Fields_Addition_2010-12 — Sde_Eliyahu_kemach_E,153.0,3.0,,,,,,,,
Boundary_Fields_Addition_2010-12 — Sde_Eliyahu_kemach_E,154.0,3.0,,,,,,,,
Boundary_Fields_Addition_2010-12 — Sde_Eliyahu_kemach_E,155.0,3.0,,,,,,,,
Boundary_Fields_Addition_2010-12 — Sde_Eliyahu_kemach_E,156.0,3.0,,,,,,,,
Boundary_Fields_Addition_2010-12 — Sde_Eliyahu_kemach_E,157.0,3.0,,,,,,,,
Boundary_Fields_Addition_2010-12 — Sde_Eliyahu_kemach_E,158.0,3.0,,,,,,,,
Boundary_Fields_Addition_2010-12 — Sde_Eliyahu_kemach_E,159.0,3.0,,,,,,,,
Boundary_Fields_Addition_2010-12 — Sde_Eliyahu_kemach_E,160.0,2.0,,,,,,,,
Boundary_Fields_Addition_2010-12 — Sde_Eliyahu_kemach_E,161.0,2.0,,,,,,,,
Boundary_Fields_Addition_2010-12 — Sde_Eliyahu_kemach_E,162.0,2.0,,,,,,,,
Boundary_Fields_Addition_2010-12 — Sde_Eliyahu_kemach_E,163.0,2.0,,,,,,,,
Boundary_Fields_Addition_2010-12 — Sde_Eliyahu_kemach_E,164.0,2.0,,,,,,,,
Boundary_Fields_Addition_2010-12 — Sde_Eliyahu_kemach_E,165.0,2.0,,,,,,,,
Boundary_Fields_Addition_2010-12 — Sde_Eliyahu_kemach_E,166.0,2.0,,,,,,,,
Boundary_Fields_Addition_2010-12 — Sde_Eliyahu_kemach_E,167.0,2.0,,,,,,,,
Boundary_Fields_Addition_2010-12 — Sde_Eliyahu_kemach_E,168.0,2.0,,,,,,,,
Boundary_Fields_Addition_2010-12 — Sde_Eliyahu_kemach_E,169.0,2.0,,,,,,,,
Boundary_Fields_Addition_2010-12 — Sde_Eliyahu_kemach_E,170.0,2.0,,,,,,,,
Boundary_Fields_Addition_2010-12 — Sde_Eliyahu_kemach_E,171.0,2.0,,,,,,,,
Boundary_Fields_Addition_2010-12 — Sde_Eliyahu_kemach_E,172.0,2.0,,,,,,,,
Boundary_Fields_Addition_2010-12 — Sde_Eliyahu_kemach_E,173.0,2.0,,,,,,,,
Boundary_Fields_Addition_2010-12 — Sde_Eliyahu_kemach_E,174.0,2.0,,,,,,,,
Boundary_Fields_Addition_2010-12 — Sde_Eliyahu_kemach_E,175.0,2.0,,,,,,,,
Boundary_Fields_Addition_2010-12 — Sde_Eliyahu_kemach_E,176.0,2.0,,,,,,,,
Boundary_Fields_Addition_2010-12 — Sde_Eliyahu_kemach_E,177.0,3.0,,,,,,,,
Boundary_Fields_Addition_2010-12 — Sde_Eliyahu_kemach_E,178.0,2.0,,,,,,,,
Boundary_Fields_Addition_2010-12 — Sde_Eliyahu_kemach_E,179.0,2.0,,,,,,,,
Boundary_Fields_Addition_2010-12 — Sde_Eliyahu_kemach_E,180.0,3.0,,,,,,,,
Boundary_Fields_Addition_2010-12 — Sde_Eliyahu_kemach_E,181.0,2.0,,,,,,,,
Boundary_Fields_Addition_2010-12 — Sde_Eliyahu_kemach_E,182.0,2.0,,,,,,,,
Boundary_Fields_Addition_2010-12 — Sde_Eliyahu_kemach_E,183.0,2.0,,,,,,,,
Boundary_Fields_Addition_2010-12 — Sde_Eliyahu_kemach_E,184.0,2.0,,,,,,,,
Boundary_Fields_Addition_2010-12 — Sde_Eliyahu_kemach_E,185.0,2.0,,,,,,,,
Boundary_Fields_Addition_2010-12 — Sde_Eliyahu_kemach_E,186.0,1.0,,,,,,,,
Boundary_Fields_Addition_2010-12 — Sde_Eliyahu_kemach_E,187.0,2.0,,,,,,,,
Boundary_Fields_Addition_2010-12 — Sde_Eliyahu_kemach_E,188.0,2.0,,,,,,,,
Boundary_Fields_Addition_2010-12 — Sde_Eliyahu_kemach_E,189.0,1.0,,,,,,,,
Boundary_Fields_Addition_2010-12 — Sde_Eliyahu_kemach_E,190.0,1.0,,,,,,,,
Boundary_Fields_Addition_2010-12 — Sde_Eliyahu_kemach_E,191.0,1.0,,,,,,,,
Boundary_Fields_Addition_2010-12 — Sde_Eliyahu_kemach_E,192.0,1.0,,,,,,,,
Boundary_Fields_Addition_2010-12 — Sde_Eliyahu_kemach_E,193.0,2.0,,,,,,,,
Boundary_Fields_Addition_2010-12 — Sde_Eliyahu_kemach_E,194.0,2.0,,,,,,,,
Boundary_Fields_Addition_2010-12 — Sde_Eliyahu_kemach_E,195.0,2.0,,,,,,,,
Boundary_Fields_Addition_2010-12 — Sde_Eliyahu_kemach_E,196.0,2.0,,,,,,,,
Boundary_Fields_Addition_2010-12 — Sde_Eliyahu_kemach_E,197.0,2.0,,,,,,,,
Boundary_Fields_Addition_2010-12 — Sde_Eliyahu_kemach_E,198.0,2.0,,,,,,,,
Boundary_Fields_Addition_2010-12 — Sde_Eliyahu_kemach_E,199.0,2.0,,,,,,,,
Boundary_Fields_Addition_2010-12 — Sde_Eliyahu_kemach_E,200.0,3.0,,,,,,,,
Boundary_Fields_Addition_2010-12 — Sde_Eliyahu_kemach_E,201.0,3.0,,,,,,,,
Boundary_Fields_Addition_2010-12 — Sde_Eliyahu_kemach_E,202.0,2.0,,,,,,,,
Boundary_Fields_Addition_2010-12 — Sde_Eliyahu_kemach_E,203.0,2.0,,,,,,,,
Boundary_Fields_Addition_2010-12 — Sde_Eliyahu_kemach_E,204.0,2.0,,,,,,,,
Boundary_Fields_Addition_2010-12 — Sde_Eliyahu_kemach_E,205.0,2.0,,,,,,,,
Boundary_Fields_Addition_2010-12 — Sde_Eliyahu_kemach_E,206.0,2.0,,,,,,,,
Boundary_Fields_Addition_2010-12 — Sde_Eliyahu_kemach_E,207.0,3.0,,,,,,,,
Boundary_Fields_Addition_2010-12 — Sde_Eliyahu_kemach_E,208.0,2.0,,,,,,,,
Boundary_Fields_Addition_2010-12 — Sde_Eliyahu_kemach_E,209.0,2.0,,,,,,,,
Boundary_Fields_Addition_2010-12 — Sde_Eliyahu_kemach_E,210.0,2.0,,,,,,,,
Boundary_Fields_Addition_2010-12 — Sde_Eliyahu_kemach_E,211.0,2.0,,,,,,,,
Boundary_Fields_Addition_2010-12 — Sde_Eliyahu_kemach_E,212.0,2.0,,,,,,,,
Boundary_Fields_Addition_2010-12 — Sde_Eliyahu_kemach_E,213.0,2.0,,,,,,,,
Boundary_Fields_Addition_2010-12 — Sde_Eliyahu_kemach_E,214.0,2.0,,,,,,,,
Boundary_Fields_Addition_2010-12 — Sde_Eliyahu_kemach_E,215.0,2.0,,,,,,,,
Boundary_Fields_Addition_2010-12 — Sde_Eliyahu_kemach_E,216.0,2.0,,,,,,,,
Boundary_Fields_Addition_2010-12 — Sde_Eliyahu_kemach_E,217.0,2.0,,,,,,,,
Boundary_Fields_Addition_2010-12 — Sde_Eliyahu_kemach_E,218.0,2.0,,,,,,,,
Boundary_Fields_Addition_2010-12 — Sde_Eliyahu_kemach_E,219.0,3.0,,,,,,,,
Boundary_Fields_Addition_2010-12 — Sde_Eliyahu_kemach_E,220.0,2.0,,,,,,,,
Boundary_Fields_Addition_2010-12 — Sde_Eliyahu_kemach_E,221.0,2.0,,,,,,,,
Boundary_Fields_Addition_2010-12 — Sde_Eliyahu_kemach_E,222.0,3.0,,,,,,,,
Boundary_Fields_Addition_2010-12 — Sde_Eliyahu_kemach_E,223.0,3.0,,,,,,,,
Boundary_Fields_Addition_2010-12 — Sde_Eliyahu_kemach_E,224.0,3.0,,,,,,,,
Boundary_Fields_Addition_2010-12 — Sde_Eliyahu_kemach_E,225.0,2.0,,,,,,,,
Boundary_Fields_Addition_2010-12 — Sde_Eliyahu_kemach_E,226.0,3.0,,,,,,,,
Boundary_Fields_Addition_2010-12 — Sde_Eliyahu_kemach_E,227.0,3.0,,,,,,,,
Boundary_Fields_Addition_2010-12 — Sde_Eliyahu_kemach_E,228.0,3.0,,,,,,,,
Boundary_Fields_Addition_2010-12 — Sde_Eliyahu_kemach_E,229.0,3.0,,,,,,,,
Boundary_Fields_Addition_2010-12 — Sde_Eliyahu_kemach_E,230.0,3.0,,,,,,,,
Boundary_Fields_Addition_2010-12 — Sde_Eliyahu_kemach_E,231.0,3.0,,,,,,,,
Boundary_Fields_Addition_2010-12 — Sde_Eliyahu_kemach_E,232.0,2.0,,,,,,,,
Boundary_Fields_Addition_2010-12 — Sde_Eliyahu_kemach_E,233.0,2.0,,,,,,,,
Boundary_Fields_Addition_2010-12 — Sde_Eliyahu_kemach_E,234.0,2.0,,,,,,,,
Boundary_Fields_Addition_2010-12 — Sde_Eliyahu_kemach_E,235.0,3.0,,,,,,,,
Boundary_Fields_Addition_2010-12 — Sde_Eliyahu_kemach_E,236.0,3.0,,,,,,,,
Boundary_Fields_Addition_2010-12 — Sde_Eliyahu_kemach_E,237.0,3.0,,,,,,,,
Boundary_Fields_Addition_2010-12 — Sde_Eliyahu_kemach_E,238.0,3.0,,,,,,,,
Boundary_Fields_Addition_2010-12 — Sde_Eliyahu_kemach_E,239.0,3.0,,,,,,,,
Boundary_Fields_Addition_2010-12 — Sde_Eliyahu_kemach_E,240.0,3.0,,,,,,,,
Boundary_Fields_Addition_2010-12 — Sde_Eliyahu_kemach_E,241.0,3.0,,,,,,,,
Boundary_Fields_Addition_2010-12 — Sde_Eliyahu_kemach_E,244.0,3.0,,,,,,,,
Boundary_Fields_Addition_2010-12 — Sde_Eliyahu_kemach_E,245.0,3.0,,,,,,,,
Boundary_Fields_Addition_2010-12 — Sde_Eliyahu_kemach_E,246.0,3.0,,,,,,,,
Boundary_Fields_Addition_2010-12 — Sde_Eliyahu_kemach_E,247.0,3.0,,,,,,,,
Boundary_Fields_Addition_2010-12 — Sde_Eliyahu_kemach_E,248.0,3.0,,,,,,,,
Boundary_Fields_Addition_2010-12 — Sde_Eliyahu_kemach_E,249.0,3.0,,,,,,,,
Boundary_Fields_Addition_2010-12 — Sde_Eliyahu_kemach_E,250.0,3.0,,,,,,,,
Boundary_Fields_Addition_2010-12 — Sde_Eliyahu_kemach_E,251.0,3.0,,,,,,,,
Boundary_Fields_Addition_2010-12 — Sde_Eliyahu_kemach_E,252.0,3.0,,,,,,,,
Boundary_Fields_Addition_2010-12 — Sde_Eliyahu_kemach_E,253.0,3.0,,,,,,,,
Boundary_Fields_Addition_2010-12 — Sde_Eliyahu_kemach_E,254.0,3.0,,,,,,,,
Boundary_Fields_Addition_2010-12 — Sde_Eliyahu_kemach_E,255.0,2.0,,,,,,,,
Boundary_Fields_Addition_2010-12 — Sde_Eliyahu_kemach_E,256.0,3.0,,,,,,,,
Boundary_Fields_Addition_2010-12 — Sde_Eliyahu_kemach_E,257.0,3.0,,,,,,,,
Boundary_Fields_Addition_2010-12 — Sde_Eliyahu_kemach_E,258.0,3.0,,,,,,,,
Boundary_Fields_Addition_2010-12 — Sde_Eliyahu_kemach_E,259.0,3.0,,,,,,,,
Boundary_Fields_Addition_2010-12 — Sde_Eliyahu_kemach_E,260.0,2.0,,,,,,,,
Boundary_Fields_Addition_2010-12 — Sde_Eliyahu_kemach_E,261.0,2.0,,,,,,,,
Boundary_Fields_Addition_2010-12 — Sde_Eliyahu_kemach_E,262.0,2.0,,,,,,,,
Boundary_Fields_Addition_2010-12 — Sde_Eliyahu_kemach_E,263.0,2.0,,,,,,,,
Boundary_Fields_Addition_2010-12 — Sde_Eliyahu_kemach_E,264.0,2.0,,,,,,,,
Boundary_Fields_Addition_2010-12 — Sde_Eliyahu_kemach_E,265.0,2.0,,,,,,,,
Boundary_Fields_Addition_2010-12 — Sde_Eliyahu_kemach_E,266.0,2.0,,,,,,,,
Boundary_Fields_Addition_2010-12 — Sde_Eliyahu_kemach_E,267.0,2.0,,,,,,,,
Boundary_Fields_Addition_2010-12 — Sde_Eliyahu_kemach_E,268.0,2.0,,,,,,,,
Boundary_Fields_Addition_2010-12 — Sde_Eliyahu_kemach_E,269.0,2.0,,,,,,,,
Boundary_Fields_Addition_2010-12 — Sde_Eliyahu_kemach_E,270.0,3.0,,,,,,,,
Boundary_Fields_Addition_2010-12 — Sde_Eliyahu_kemach_E,271.0,3.0,,,,,,,,
Boundary_Fields_Addition_2010-12 — Sde_Eliyahu_kemach_E,272.0,3.0,,,,,,,,
Boundary_Fields_Addition_2010-12 — Sde_Eliyahu_kemach_E,273.0,2.0,,,,,,,,
Boundary_Fields_Addition_2010-12 — Sde_Eliyahu_kemach_E,274.0,3.0,,,,,,,,
Boundary_Fields_Addition_2010-12 — Sde_Eliyahu_kemach_E,275.0,3.0,,,,,,,,
Boundary_Fields_Addition_2010-12 — Sde_Eliyahu_kemach_E,276.0,3.0,,,,,,,,
Boundary_Fields_Addition_2010-12 — Sde_Eliyahu_kemach_E,277.0,3.0,,,,,,,,
Boundary_Fields_Addition_2010-12 — Sde_Eliyahu_kemach_E,278.0,3.0,,,,,,,,
Boundary_Fields_Addition_2010-12 — Sde_Eliyahu_kemach_E,279.0,3.0,,,,,,,,
Boundary_Fields_Addition_2010-12 — Sde_Eliyahu_kemach_E,280.0,3.0,,,,,,,,
Boundary_Fields_Addition_2010-12 — Sde_Eliyahu_kemach_E,281.0,3.0,,,,,,,,
Boundary_Fields_Addition_2010-12 — Sde_Eliyahu_kemach_E,282.0,3.0,,,,,,,,
Boundary_Fields_Addition_2010-12 — Sde_Eliyahu_kemach_E,283.0,2.0,,,,,,,,
Boundary_Fields_Addition_2010-12 — Sde_Eliyahu_kemach_E,284.0,2.0,,,,,,,,
Boundary_Fields_Addition_2010-12 — Sde_Eliyahu_kemach_E,285.0,3.0,,,,,,,,
Boundary_Fields_Addition_2010-12 — Sde_Eliyahu_kemach_E,286.0,3.0,,,,,,,,
Boundary_Fields_Addition_2010-12 — Sde_Eliyahu_kemach_E,287.0,2.0,,,,,,,,
Boundary_Fields_Addition_2010-12 — Sde_Eliyahu_kemach_E,288.0,2.0,,,,,,,,
Boundary_Fields_Addition_2010-12 — Sde_Eliyahu_kemach_E,289.0,2.0,,,,,,,,
Boundary_Fields_Addition_2010-12 — Sde_Eliyahu_kemach_E,290.0,2.0,,,,,,,,
Boundary_Fields_Addition_2010-12 — Sde_Eliyahu_kemach_E,291.0,2.0,,,,,,,,
Boundary_Fields_Addition_2010-12 — Sde_Eliyahu_kemach_E,292.0,2.0,,,,,,,,
Boundary_Fields_Addition_2010-12 — Sde_Eliyahu_kemach_E,293.0,3.0,,,,,,,,
Boundary_Fields_Addition_2010-12 — Sde_Eliyahu_kemach_E,294.0,3.0,,,,,,,,
Boundary_Fields_Addition_2010-12 — Sde_Eliyahu_kemach_E,295.0,2.0,,,,,,,,
Boundary_Fields_Addition_2010-12 — Sde_Eliyahu_kemach_E,296.0,2.0,,,,,,,,
Boundary_Fields_Addition_2010-12 — Sde_Eliyahu_kemach_E,297.0,3.0,,,,,,,,
Boundary_Fields_Addition_2010-12 — Sde_Eliyahu_kemach_E,298.0,2.0,,,,,,,,
Boundary_Fields_Addition_2010-12 — Sde_Eliyahu_kemach_E,299.0,2.0,,,,,,,,
Boundary_Fields_Addition_2010-12 — Sde_Eliyahu_kemach_E,300.0,3.0,,,,,,,,
Boundary_Fields_Addition_2010-12 — Sde_Eliyahu_kemach_E,301.0,2.0,,,,,,,,
Boundary_Fields_Addition_2010-12 — Sde_Eliyahu_kemach_E,302.0,2.0,,,,,,,,
Boundary_Fields_Addition_2010-12 — Sde_Eliyahu_kemach_E,303.0,3.0,,,,,,,,
Boundary_Fields_Addition_2010-12 — Sde_Eliyahu_kemach_E,304.0,2.0,,,,,,,,
Boundary_Fields_Addition_2010-12 — Sde_Eliyahu_kemach_E,305.0,2.0,,,,,,,,
Boundary_Fields_Addition_2010-12 — Sde_Eliyahu_kemach_E,306.0,2.0,,,,,,,,
Boundary_Fields_Addition_2010-12 — Sde_Eliyahu_kemach_E,307.0,3.0,,,,,,,,
Boundary_Fields_Addition_2010-12 — Sde_Eliyahu_kemach_E,308.0,2.0,,,,,,,,
Boundary_Fields_Addition_2010-12 — Sde_Eliyahu_kemach_E,309.0,3.0,,,,,,,,
Boundary_Fields_Addition_2010-12 — Sde_Eliyahu_kemach_E,310.0,2.0,,,,,,,,
Boundary_Fields_Addition_2010-12 — Sde_Eliyahu_kemach_E,311.0,2.0,,,,,,,,
Boundary_Fields_Addition_2010-12 — Sde_Eliyahu_kemach_E,312.0,2.0,,,,,,,,
Boundary_Fields_Addition_2010-12 — Sde_Eliyahu_kemach_E,313.0,2.0,,,,,,,,
Boundary_Fields_Addition_2010-12 — Sde_Eliyahu_kemach_E,314.0,2.0,,,,,,,,
Boundary_Fields_Addition_2010-12 — Sde_Eliyahu_kemach_E,315.0,2.0,,,,,,,,
Boundary_Fields_Addition_2010-12 — Sde_Eliyahu_kemach_E,316.0,2.0,,,,,,,,
Boundary_Fields_Addition_2010-12 — Sde_Eliyahu_kemach_E,317.0,2.0,,,,,,,,
Boundary_Fields_Addition_2010-12 — Sde_Eliyahu_kemach_E,318.0,2.0,,,,,,,,
Boundary_Fields_Addition_2010-12 — Sde_Eliyahu_kemach_E,319.0,2.0,,,,,,,,
Boundary_Fields_Addition_2010-12 — Sde_Eliyahu_kemach_E,320.0,2.0,,,,,,,,
Boundary_Fields_Addition_2010-12 — Sde_Eliyahu_kemach_E,321.0,2.0,,,,,,,,
Boundary_Fields_Addition_2010-12 — Sde_Eliyahu_kemach_E,322.0,2.0,,,,,,,,
Boundary_Fields_Addition_2010-12 — Sde_Eliyahu_kemach_E,323.0,2.0,,,,,,,,
Boundary_Fields_Addition_2010-12 — Sde_Eliyahu_kemach_E,324.0,2.0,,,,,,,,
Boundary_Fields_Addition_2010-12 — Sde_Eliyahu_kemach_E,325.0,2.0,,,,,,,,
Boundary_Fields_Addition_2010-12 — Sde_Eliyahu_kemach_E,326.0,2.0,,,,,,,,
Boundary_Fields_Addition_2010-12 — Sde_Eliyahu_kemach_E,327.0,2.0,,,,,,,,
Boundary_Fields_Addition_2010-12 — Sde_Eliyahu_kemach_E,328.0,3.0,,,,,,,,
Boundary_Fields_Addition_2010-12 — Sde_Eliyahu_kemach_E,329.0,3.0,,,,,,,,
Boundary_Fields_Addition_2010-12 — Sde_Eliyahu_kemach_E,330.0,3.0,,,,,,,,
Boundary_Fields_Addition_2010-12 — Sde_Eliyahu_kemach_E,331.0,3.0,,,,,,,,
Boundary_Fields_Addition_2010-12 — Sde_Eliyahu_kemach_E,332.0,3.0,,,,,,,,
Boundary_Fields_Addition_2010-12 — Sde_Eliyahu_kemach_E,333.0,3.0,,,,,,,,
Boundary_Fields_Addition_2010-12 — Sde_Eliyahu_kemach_E,334.0,3.0,,,,,,,,
Boundary_Fields_Addition_2010-12 — Sde_Eliyahu_kemach_E,335.0,3.0,,,,,,,,
Boundary_Fields_Addition_2010-12 — Sde_Eliyahu_kemach_E,336.0,3.0,,,,,,,,
Boundary_Fields_Addition_2010-12 — Sde_Eliyahu_kemach_E,337.0,3.0,,,,,,,,
Boundary_Fields_Addition_2010-12 — Sde_Eliyahu_kemach_E,338.0,3.0,,,,,,,,
Boundary_Fields_Addition_2010-12 — Sde_Eliyahu_kemach_E,339.0,2.0,,,,,,,,
Boundary_Fields_Addition_2010-12 — Sde_Eliyahu_kemach_E,340.0,2.0,,,,,,,,
Boundary_Fields_Addition_2010-12 — Sde_Eliyahu_kemach_E,341.0,3.0,,,,,,,,
Boundary_Fields_Addition_2010-12 — Sde_Eliyahu_kemach_E,342.0,3.0,,,,,,,,
Boundary_Fields_Addition_2010-12 — Sde_Eliyahu_kemach_E,343.0,3.0,,,,,,,,
Boundary_Fields_Addition_2010-12 — Sde_Eliyahu_kemach_E,344.0,3.0,,,,,,,,
Boundary_Fields_Addition_2010-12 — Sde_Eliyahu_kemach_E,345.0,2.0,,,,,,,,
Boundary_Fields_Addition_2010-12 — Sde_Eliyahu_kemach_E,346.0,2.0,,,,,,,,
Boundary_Fields_Addition_2010-12 — Sde_Eliyahu_kemach_E,347.0,3.0,,,,,,,,
Boundary_Fields_Addition_2010-12 — Sde_Eliyahu_kemach_E,348.0,3.0,,,,,,,,
Boundary_Fields_Addition_2010-12 — Sde_Eliyahu_kemach_E,349.0,3.0,,,,,,,,
Boundary_Fields_Addition_2010-12 — Sde_Eliyahu_kemach_E,350.0,3.0,,,,,,,,
Boundary_Fields_Addition_2010-12 — Sde_Eliyahu_kemach_E,351.0,2.0,,,,,,,,
Boundary_Fields_Addition_2010-12 — Sde_Eliyahu_kemach_E,352.0,2.0,,,,,,,,
Boundary_Fields_Addition_2010-12 — Sde_Eliyahu_kemach_E,353.0,2.0,,,,,,,,
Boundary_Fields_Addition_2010-12 — Sde_Eliyahu_kemach_E,354.0,2.0,,,,,,,,
Boundary_Fields_Addition_2010-12 — Sde_Eliyahu_kemach_E,355.0,2.0,,,,,,,,
Boundary_Fields_Addition_2010-12 — Sde_Eliyahu_kemach_E,356.0,2.0,,,,,,,,
Boundary_Fields_Addition_2010-12 — Sde_Eliyahu_kemach_E,357.0,2.0,,,,,,,,
Boundary_Fields_Addition_2010-12 — Sde_Eliyahu_kemach_E,358.0,2.0,,,,,,,,
Boundary_Fields_Addition_2010-12 — Sde_Eliyahu_kemach_E,359.0,2.0,,,,,,,,
Boundary_Fields_Addition_2010-12 — Sde_Eliyahu_kemach_E,360.0,2.0,,,,,,,,
Boundary_Fields_Addition_2010-12 — Sde_Eliyahu_kemach_E,361.0,2.0,,,,,,,,
Boundary_Fields_Addition_2010-12 — Sde_Eliyahu_kemach_E,362.0,2.0,,,,,,,,
Boundary_Fields_Addition_2010-12 — Sde_Eliyahu_kemach_E,363.0,2.0,,,,,,,,
Boundary_Fields_Addition_2010-12 — Sde_Eliyahu_kemach_E,364.0,2.0,,,,,,,,
Boundary_Fields_Addition_2010-12 — Sde_Eliyahu_kemach_E,365.0,2.0,,,,,,,,
Boundary_Fields_Addition_2010-12 — Sde_Eliyahu_kemach_E,366.0,2.0,,,,,,,,
Boundary_Fields_Addition_2010-12 — Sde_Eliyahu_kemach_E,367.0,2.0,,,,,,,,
Boundary_Fields_Addition_2010-12 — Sde_Eliyahu_kemach_E,368.0,3.0,,,,,,,,
Boundary_Fields_Addition_2010-12 — Sde_Eliyahu_kemach_E,369.0,2.0,,,,,,,,
Boundary_Fields_Addition_2010-12 — Sde_Eliyahu_kemach_E,370.0,3.0,,,,,,,,
Boundary_Fields_Addition_2010-12 — Sde_Eliyahu_kemach_E,371.0,3.0,,,,,,,,
Boundary_Fields_Addition_2010-12 — Sde_Eliyahu_kemach_E,372.0,2.0,,,,,,,,
Boundary_Fields_Addition_2010-12 — Sde_Eliyahu_kemach_E,373.0,2.0,,,,,,,,
Boundary_Fields_Addition_2010-12 — Sde_Eliyahu_kemach_E,374.0,2.0,,,,,,,,
Boundary_Fields_Addition_2010-12 — Sde_Eliyahu_kemach_E,375.0,2.0,,,,,,,,
Boundary_Fields_Addition_2010-12 — Sde_Eliyahu_kemach_E,376.0,2.0,,,,,,,,
Boundary_Fields_Addition_2010-12 — Sde_Eliyahu_kemach_E,377.0,3.0,,,,,,,,
Boundary_Fields_Addition_2010-12 — Sde_Eliyahu_kemach_E,378.0,3.0,,,,,,,,
Boundary_Fields_Addition_2010-12 — Sde_Eliyahu_kemach_E,379.0,3.0,,,,,,,,
Boundary_Fields_Addition_2010-12 — Sde_Eliyahu_kemach_E,380.0,2.0,,,,,,,,
Boundary_Fields_Addition_2010-12 — Sde_Eliyahu_kemach_E,381.0,3.0,,,,,,,,
Boundary_Fields_Addition_2010-12 — Sde_Eliyahu_kemach_E,382.0,2.0,,,,,,,,
Boundary_Fields_Addition_2010-12 — Sde_Eliyahu_kemach_E,383.0,2.0,,,,,,,,
Boundary_Fields_Addition_2010-12 — Sde_Eliyahu_kemach_E,384.0,3.0,,,,,,,,
Boundary_Fields_Addition_2010-12 — Sde_Eliyahu_kemach_E,385.0,3.0,,,,,,,,
Boundary_Fields_Addition_2010-12 — Sde_Eliyahu_kemach_E,386.0,3.0,,,,,,,,
Boundary_Fields_Addition_2010-12 — Sde_Eliyahu_kemach_E,387.0,2.0,,,,,,,,
Boundary_Fields_Addition_2010-12 — Sde_Eliyahu_kemach_E,388.0,2.0,,,,,,,,
Boundary_Fields_Addition_2010-12 — Sde_Eliyahu_kemach_E,389.0,2.0,,,,,,,,
Boundary_Fields_Addition_2010-12 — Sde_Eliyahu_kemach_E,390.0,2.0,,,,,,,,
Boundary_Fields_Addition_2010-12 — Sde_Eliyahu_kemach_E,391.0,3.0,,,,,,,,
Boundary_Fields_Addition_2010-12 — Sde_Eliyahu_kemach_E,392.0,3.0,,,,,,,,
Boundary_Fields_Addition_2010-12 — Sde_Eliyahu_kemach_E,393.0,3.0,,,,,,,,
Boundary_Fields_Addition_2010-12 — Sde_Eliyahu_kemach_E,394.0,2.0,,,,,,,,
Boundary_Fields_Addition_2010-12 — Sde_Eliyahu_kemach_E,395.0,2.0,,,,,,,,
Boundary_Fields_Addition_2010-12 — Sde_Eliyahu_kemach_E,396.0,3.0,,,,,,,,
Boundary_Fields_Addition_2010-12 — Sde_Eliyahu_kemach_E,397.0,3.0,,,,,,,,
Boundary_Fields_Addition_2010-12 — Sde_Eliyahu_kemach_E,398.0,3.0,,,,,,,,
Boundary_Fields_Addition_2010-12 — Sde_Eliyahu_kemach_E,399.0,3.0,,,,,,,,
Boundary_Fields_Addition_2010-12 — Sde_Eliyahu_kemach_E,400.0,2.0,,,,,,,,
Boundary_Fields_Addition_2010-12 — Sde_Eliyahu_kemach_E,401.0,3.0,,,,,,,,
Boundary_Fields_Addition_2010-12 — Sde_Eliyahu_kemach_E,402.0,3.0,,,,,,,,
Boundary_Fields_Addition_2010-12 — Sde_Eliyahu_kemach_E,403.0,3.0,,,,,,,,
Boundary_Fields_Addition_2010-12 — Sde_Eliyahu_kemach_E,404.0,3.0,,,,,,,,
Boundary_Fields_Addition_2010-12 — Sde_Eliyahu_kemach_E,405.0,3.0,,,,,,,,
Boundary_Fields_Addition_2010-12 — Sde_Eliyahu_kemach_E,406.0,3.0,,,,,,,,
Boundary_Fields_Addition_2010-12 — Sde_Eliyahu_kemach_E,407.0,3.0,,,,,,,,
Boundary_Fields_Addition_2010-12 — Sde_Eliyahu_kemach_E,408.0,3.0,,,,,,,,
Boundary_Fields_Addition_2010-12 — Sde_Eliyahu_kemach_E,409.0,3.0,,,,,,,,
Boundary_Fields_Addition_2010-12 — Sde_Eliyahu_kemach_E,410.0,3.0,,,,,,,,
Boundary_Fields_Addition_2010-12 — Sde_Eliyahu_kemach_E,411.0,2.0,,,,,,,,
Boundary_Fields_Addition_2010-12 — Sde_Eliyahu_kemach_E,412.0,2.0,,,,,,,,
Boundary_Fields_Addition_2010-12 — Sde_Eliyahu_kemach_E,413.0,2.0,,,,,,,,
Boundary_Fields_Addition_2010-12 — Sde_Eliyahu_kemach_E,414.0,2.0,,,,,,,,
Boundary_Fields_Addition_2010-12 — Sde_Eliyahu_kemach_E,415.0,2.0,,,,,,,,
Boundary_Fields_Addition_2010-12 — Sde_Eliyahu_kemach_E,416.0,3.0,,,,,,,,
Boundary_Fields_Addition_2010-12 — Sde_Eliyahu_kemach_E,417.0,3.0,,,,,,,,
Boundary_Fields_Addition_2010-12 — Sde_Eliyahu_kemach_E,418.0,2.0,,,,,,,,
Boundary_Fields_Addition_2010-12 — Sde_Eliyahu_kemach_E,419.0,3.0,,,,,,,,
Boundary_Fields_Addition_2010-12 — Sde_Eliyahu_kemach_E,420.0,2.0,,,,,,,,
Boundary_Fields_Addition_2010-12 — Sde_Eliyahu_kemach_E,421.0,1.0,,,,,,,,
Boundary_Fields_Addition_2010-12 — Sde_Eliyahu_kemach_E,422.0,2.0,,,,,,,,
Boundary_Fields_Addition_2010-12 — Sde_Eliyahu_kemach_E,423.0,2.0,,,,,,,,
Boundary_Fields_Addition_2010-12 — Sde_Eliyahu_kemach_E,424.0,2.0,,,,,,,,
Boundary_Fields_Addition_2010-12 — Sde_Eliyahu_kemach_E,425.0,3.0,,,,,,,,
Boundary_Fields_Addition_2010-12 — Sde_Eliyahu_kemach_E,426.0,2.0,,,,,,,,
Boundary_Fields_Addition_2010-12 — Sde_Eliyahu_kemach_E,427.0,3.0,,,,,,,,
Boundary_Fields_Addition_2010-12 — Sde_Eliyahu_kemach_E,428.0,3.0,,,,,,,,
Boundary_Fields_Addition_2010-12 — Sde_Eliyahu_kemach_E,429.0,3.0,,,,,,,,
Boundary_Fields_Addition_2010-12 — Sde_Eliyahu_kemach_E,430.0,3.0,,,,,,,,
Boundary_Fields_Addition_2010-12 — Sde_Eliyahu_kemach_E,431.0,2.0,,,,,,,,
Boundary_Fields_Addition_2010-12 — Sde_Eliyahu_kemach_E,432.0,2.0,,,,,,,,
Boundary_Fields_Addition_2010-12 — Sde_Eliyahu_kemach_E,433.0,2.0,,,,,,,,
Boundary_Fields_Addition_2010-12 — Sde_Eliyahu_kemach_E,434.0,2.0,,,,,,,,
Boundary_Fields_Addition_2010-12 — Sde_Eliyahu_kemach_E,435.0,2.0,,,,,,,,
Boundary_Fields_Addition_2010-12 — Sde_Eliyahu_kemach_E,436.0,2.0,,,,,,,,
Boundary_Fields_Addition_2010-12 — Sde_Eliyahu_kemach_E,437.0,2.0,,,,,,,,
Boundary_Fields_Addition_2010-12 — Sde_Eliyahu_kemach_E,438.0,3.0,,,,,,,,
Boundary_Fields_Addition_2010-12 — Sde_Eliyahu_kemach_E,439.0,3.0,,,,,,,,
Boundary_Fields_Addition_2010-12 — Sde_Eliyahu_kemach_E,440.0,3.0,,,,,,,,
Boundary_Fields_Addition_2010-12 — Sde_Eliyahu_kemach_E,441.0,3.0,,,,,,,,
Boundary_Fields_Addition_2010-12 — Sde_Eliyahu_kemach_E,442.0,3.0,,,,,,,,
Boundary_Fields_Addition_2010-12 — Sde_Eliyahu_kemach_E,443.0,3.0,,,,,,,,
Boundary_Fields_Addition_2010-12 — Sde_Eliyahu_kemach_E,444.0,3.0,,,,,,,,
Boundary_Fields_Addition_2010-12 — Sde_Eliyahu_kemach_E,445.0,3.0,,,,,,,,
Boundary_Fields_Addition_2010-12 — Sde_Eliyahu_kemach_E,446.0,3.0,,,,,,,,
Boundary_Fields_Addition_2010-12 — Sde_Eliyahu_kemach_E,447.0,3.0,,,,,,,,
Boundary_Fields_Addition_2010-12 — Sde_Eliyahu_kemach_E,448.0,2.0,,,,,,,,
Boundary_Fields_Addition_2010-12 — Sde_Eliyahu_kemach_E,449.0,2.0,,,,,,,,
Boundary_Fields_Addition_2010-12 — Sde_Eliyahu_kemach_E,450.0,2.0,,,,,,,,
Boundary_Fields_Addition_2010-12 — Sde_Eliyahu_kemach_E,451.0,2.0,,,,,,,,
Boundary_Fields_Addition_2010-12 — Sde_Eliyahu_kemach_E,452.0,2.0,,,,,,,,
Boundary_Fields_Addition_2010-12 — Sde_Eliyahu_kemach_E,453.0,2.0,,,,,,,,
Boundary_Fields_Addition_2010-12 — Sde_Eliyahu_kemach_E,454.0,2.0,,,,,,,,
Boundary_Fields_Addition_2010-12 — Sde_Eliyahu_kemach_E,455.0,3.0,,,,,,,,
Boundary_Fields_Addition_2010-12 — Sde_Eliyahu_kemach_E,456.0,3.0,,,,,,,,
Boundary_Fields_Addition_2010-12 — Sde_Eliyahu_kemach_E,457.0,2.0,,,,,,,,
Boundary_Fields_Addition_2010-12 — Sde_Eliyahu_kemach_E,458.0,3.0,,,,,,,,
Boundary_Fields_Addition_2010-12 — Sde_Eliyahu_kemach_E,459.0,2.0,,,,,,,,
Boundary_Fields_Addition_2010-12 — Sde_Eliyahu_kemach_E,460.0,2.0,,,,,,,,
Boundary_Fields_Addition_2010-12 — Sde_Eliyahu_kemach_E,461.0,2.0,,,,,,,,
Boundary_Fields_Addition_2010-12 — Sde_Eliyahu_kemach_E,462.0,2.0,,,,,,,,
Boundary_Fields_Addition_2010-12 — Sde_Eliyahu_kemach_E,463.0,2.0,,,,,,,,
Boundary_Fields_Addition_2010-12 — Sde_Eliyahu_kemach_E,464.0,3.0,,,,,,,,
Boundary_Fields_Addition_2010-12 — Sde_Eliyahu_kemach_E,465.0,3.0,,,,,,,,
Boundary_Fields_Addition_2010-12 — Sde_Eliyahu_kemach_E,466.0,2.0,,,,,,,,
Boundary_Fields_Addition_2010-12 — Sde_Eliyahu_kemach_E,467.0,3.0,,,,,,,,
Boundary_Fields_Addition_2010-12 — Sde_Eliyahu_kemach_E,468.0,3.0,,,,,,,,
Boundary_Fields_Addition_2010-12 — Sde_Eliyahu_kemach_E,469.0,3.0,,,,,,,,
Boundary_Fields_Addition_2010-12 — Sde_Eliyahu_kemach_E,470.0,3.0,,,,,,,,
Boundary_Fields_Addition_2010-12 — Sde_Eliyahu_kemach_E,471.0,3.0,,,,,,,,
Boundary_Fields_Addition_2010-12 — Sde_Eliyahu_kemach_E,472.0,3.0,,,,,,,,
Boundary_Fields_Addition_2010-12 — Sde_Eliyahu_kemach_E,473.0,3.0,,,,,,,,
Boundary_Fields_Addition_2010-12 — Sde_Eliyahu_kemach_E,474.0,3.0,,,,,,,,
Boundary_Fields_Addition_2010-12 — Sde_Eliyahu_kemach_E,475.0,2.0,,,,,,,,
Boundary_Fields_Addition_2010-12 — Sde_Eliyahu_kemach_E,476.0,2.0,,,,,,,,
Boundary_Fields_Addition_2010-12 — Sde_Eliyahu_kemach_E,477.0,2.0,,,,,,,,
Boundary_Fields_Addition_2010-12 — Sde_Eliyahu_kemach_E,478.0,2.0,,,,,,,,
Boundary_Fields_Addition_2010-12 — Sde_Eliyahu_kemach_E,479.0,2.0,,,,,,,,
Boundary_Fields_Addition_2010-12 — Sde_Eliyahu_kemach_E,480.0,2.0,,,,,,,,
Boundary_Fields_Addition_2010-12 — Sde_Eliyahu_kemach_E,481.0,2.0,,,,,,,,
Boundary_Fields_Addition_2010-12 — Sde_Eliyahu_kemach_E,482.0,2.0,,,,,,,,
Boundary_Fields_Addition_2010-12 — Sde_Eliyahu_kemach_E,483.0,2.0,,,,,,,,
Boundary_Fields_Addition_2010-12 — Sde_Eliyahu_kemach_E,484.0,2.0,,,,,,,,
Boundary_Fields_Addition_2010-12 — Sde_Eliyahu_kemach_E,485.0,2.0,,,,,,,,
Boundary_Fields_Addition_2010-12 — Sde_Eliyahu_kemach_E,486.0,2.0,,,,,,,,
Boundary_Fields_Addition_2010-12 — Sde_Eliyahu_kemach_E,487.0,2.0,,,,,,,,
Boundary_Fields_Addition_2010-12 — Sde_Eliyahu_kemach_E,488.0,2.0,,,,,,,,
Boundary_Fields_Addition_2010-12 — Sde_Eliyahu_kemach_E,489.0,2.0,,,,,,,,
Boundary_Fields_Addition_2010-12 — Sde_Eliyahu_kemach_E,490.0,2.0,,,,,,,,
Boundary_Fields_Addition_2010-12 — Sde_Eliyahu_kemach_E,491.0,2.0,,,,,,,,
Boundary_Fields_Addition_2010-12 — Sde_Eliyahu_kemach_E,492.0,2.0,,,,,,,,
Boundary_Fields_Addition_2010-12 — Sde_Eliyahu_kemach_E,493.0,2.0,,,,,,,,
Boundary_Fields_Addition_2010-12 — Sde_Eliyahu_kemach_E,494.0,2.0,,,,,,,,
Boundary_Fields_Addition_2010-12 — Sde_Eliyahu_kemach_E,495.0,2.0,,,,,,,,
Boundary_Fields_Addition_2010-12 — Sde_Eliyahu_kemach_E,496.0,2.0,,,,,,,,
Boundary_Fields_Addition_2010-12 — Sde_Eliyahu_kemach_E,497.0,2.0,,,,,,,,
Boundary_Fields_Addition_2010-12 — Sde_Eliyahu_kemach_E,498.0,2.0,,,,,,,,
Boundary_Fields_Addition_2010-12 — Sde_Eliyahu_kemach_E,499.0,2.0,,,,,,,,
Boundary_Fields_Addition_2010-12 — Sde_Eliyahu_kemach_E,500.0,2.0,,,,,,,,
Boundary_Fields_Addition_2010-12 — Sde_Eliyahu_kemach_E,501.0,2.0,,,,,,,,
Boundary_Fields_Addition_2010-12 — Sde_Eliyahu_kemach_E,502.0,2.0,,,,,,,,
Boundary_Fields_Addition_2010-12 — Sde_Eliyahu_kemach_E,503.0,2.0,,,,,,,,
Boundary_Fields_Addition_2010-12 — Sde_Eliyahu_kemach_E,504.0,2.0,,,,,,,,
Boundary_Fields_Addition_2010-12 — Sde_Eliyahu_kemach_E,505.0,2.0,,,,,,,,
Boundary_Fields_Addition_2010-12 — Sde_Eliyahu_kemach_E,506.0,2.0,,,,,,,,
Boundary_Fields_Addition_2010-12 — Sde_Eliyahu_kemach_E,507.0,2.0,,,,,,,,
Boundary_Fields_Addition_2010-12 — Sde_Eliyahu_kemach_E,508.0,2.0,,,,,,,,
Boundary_Fields_Addition_2010-12 — Sde_Eliyahu_kemach_E,509.0,2.0,,,,,,,,
Boundary_Fields_Addition_2010-12 — Sde_Eliyahu_kemach_E,510.0,3.0,,,,,,,,
Boundary_Fields_Addition_2010-12 — Sde_Eliyahu_kemach_E,511.0,2.0,,,,,,,,
Boundary_Fields_Addition_2010-12 — Sde_Eliyahu_kemach_E,512.0,2.0,,,,,,,,
Boundary_Fields_Addition_2010-12 — Sde_Eliyahu_kemach_E,513.0,2.0,,,,,,,,
Boundary_Fields_Addition_2010-12 — Sde_Eliyahu_kemach_E,514.0,3.0,,,,,,,,
Boundary_Fields_Addition_2010-12 — Sde_Eliyahu_kemach_E,515.0,2.0,,,,,,,,
Boundary_Fields_Addition_2010-12 — Sde_Eliyahu_kemach_E,516.0,2.0,,,,,,,,
Boundary_Fields_Addition_2010-12 — Sde_Eliyahu_kemach_E,517.0,3.0,,,,,,,,
Boundary_Fields_Addition_2010-12 — Sde_Eliyahu_kemach_E,518.0,3.0,,,,,,,,
Boundary_Fields_Addition_2010-12 — Sde_Eliyahu_kemach_E,519.0,2.0,,,,,,,,
Boundary_Fields_Addition_2010-12 — Sde_Eliyahu_kemach_E,520.0,3.0,,,,,,,,
Boundary_Fields_Addition_2010-12 — Sde_Eliyahu_kemach_E,521.0,3.0,,,,,,,,
Boundary_Fields_Addition_2010-12 — Sde_Eliyahu_kemach_E,522.0,3.0,,,,,,,,
Boundary_Fields_Addition_2010-12 — Sde_Eliyahu_kemach_E,523.0,3.0,,,,,,,,
Boundary_Fields_Addition_2010-12 — Sde_Eliyahu_kemach_E,524.0,3.0,,,,,,,,
Boundary_Fields_Addition_2010-12 — Sde_Eliyahu_kemach_E,525.0,3.0,,,,,,,,
Boundary_Fields_Addition_2010-12 — Sde_Eliyahu_kemach_E,526.0,3.0,,,,,,,,
Boundary_Fields_Addition_2010-12 — Sde_Eliyahu_kemach_E,527.0,3.0,,,,,,,,
Boundary_Fields_Addition_2010-12 — Sde_Eliyahu_kemach_E,528.0,3.0,,,,,,,,
Boundary_Fields_Addition_2010-12 — Sde_Eliyahu_kemach_E,529.0,3.0,,,,,,,,
Boundary_Fields_Addition_2010-12 — Sde_Eliyahu_kemach_E,530.0,3.0,,,,,,,,
Boundary_Fields_Addition_2010-12 — Sde_Eliyahu_kemach_E,531.0,2.0,,,,,,,,
Boundary_Fields_Addition_2010-12 — Sde_Eliyahu_kemach_E,532.0,2.0,,,,,,,,
Boundary_Fields_Addition_2010-12 — Sde_Eliyahu_kemach_E,533.0,3.0,,,,,,,,
Boundary_Fields_Addition_2010-12 — Sde_Eliyahu_kemach_E,534.0,3.0,,,,,,,,
Boundary_Fields_Addition_2010-12 — Sde_Eliyahu_kemach_E,535.0,3.0,,,,,,,,
Boundary_Fields_Addition_2010-12 — Sde_Eliyahu_kemach_E,536.0,3.0,,,,,,,,
Boundary_Fields_Addition_2010-12 — Sde_Eliyahu_kemach_E,537.0,3.0,,,,,,,,
Boundary_Fields_Addition_2010-12 — Sde_Eliyahu_kemach_E,538.0,3.0,,,,,,,,
Boundary_Fields_Addition_2010-12 — Sde_Eliyahu_kemach_E,539.0,2.0,,,,,,,,
Boundary_Fields_Addition_2010-12 — Sde_Eliyahu_kemach_E,540.0,2.0,,,,,,,,
Boundary_Fields_Addition_2010-12 — Sde_Eliyahu_kemach_E,541.0,2.0,,,,,,,,
Boundary_Fields_Addition_2010-12 — Sde_Eliyahu_kemach_E,542.0,2.0,,,,,,,,
Boundary_Fields_Addition_2010-12 — Sde_Eliyahu_kemach_E,543.0,2.0,,,,,,,,
Boundary_Fields_Addition_2010-12 — Sde_Eliyahu_kemach_E,544.0,2.0,,,,,,,,
Boundary_Fields_Addition_2010-12 — Sde_Eliyahu_kemach_E,545.0,2.0,,,,,,,,
Boundary_Fields_Addition_2010-12 — Sde_Eliyahu_kemach_E,546.0,2.0,,,,,,,,
Boundary_Fields_Addition_2010-12 — Sde_Eliyahu_kemach_E,547.0,2.0,,,,,,,,
Boundary_Fields_Addition_2010-12 — Sde_Eliyahu_kemach_E,548.0,2.0,,,,,,,,
Boundary_Fields_Addition_2010-12 — Sde_Eliyahu_kemach_E,549.0,2.0,,,,,,,,
Boundary_Fields_Addition_2010-12 — Sde_Eliyahu_kemach_E,550.0,3.0,,,,,,,,
Boundary_Fields_Addition_2010-12 — Sde_Eliyahu_kemach_E,551.0,3.0,,,,,,,,
Boundary_Fields_Addition_2010-12 — Sde_Eliyahu_kemach_E,552.0,3.0,,,,,,,,
Boundary_Fields_Addition_2010-12 — Sde_Eliyahu_kemach_E,553.0,2.0,,,,,,,,
Boundary_Fields_Addition_2010-12 — Sde_Eliyahu_kemach_E,554.0,2.0,,,,,,,,
Boundary_Fields_Addition_2010-12 — Sde_Eliyahu_kemach_E,555.0,2.0,,,,,,,,
Boundary_Fields_Addition_2010-12 — Sde_Eliyahu_kemach_E,556.0,3.0,,,,,,,,
Boundary_Fields_Addition_2010-12 — Sde_Eliyahu_kemach_E,557.0,2.0,,,,,,,,
Boundary_Fields_Addition_2010-12 — Sde_Eliyahu_kemach_E,558.0,2.0,,,,,,,,
Boundary_Fields_Addition_2010-12 — Sde_Eliyahu_kemach_E,559.0,2.0,,,,,,,,
Boundary_Fields_Addition_2010-12 — Sde_Eliyahu_kemach_E,560.0,3.0,,,,,,,,
Boundary_Fields_Addition_2010-12 — Sde_Eliyahu_kemach_E,561.0,3.0,,,,,,,,
Boundary_Fields_Addition_2010-12 — Sde_Eliyahu_kemach_E,562.0,3.0,,,,,,,,
Boundary_Fields_Addition_2010-12 — Sde_Eliyahu_kemach_E,563.0,2.0,,,,,,,,
Boundary_Fields_Addition_2010-12 — Sde_Eliyahu_kemach_E,564.0,2.0,,,,,,,,
Boundary_Fields_Addition_2010-12 — Sde_Eliyahu_kemach_E,565.0,3.0,,,,,,,,
Boundary_Fields_Addition_2010-12 — Sde_Eliyahu_kemach_E,566.0,3.0,,,,,,,,
Boundary_Fields_Addition_2010-12 — Sde_Eliyahu_kemach_E,567.0,2.0,,,,,,,,
Boundary_Fields_Addition_2010-12 — Sde_Eliyahu_kemach_E,568.0,2.0,,,,,,,,
Boundary_Fields_Addition_2010-12 — Sde_Eliyahu_kemach_E,569.0,2.0,,,,,,,,
Boundary_Fields_Addition_2010-12 — Sde_Eliyahu_kemach_E,570.0,3.0,,,,,,,,
Boundary_Fields_Addition_2010-12 — Sde_Eliyahu_kemach_E,571.0,3.0,,,,,,,,
Boundary_Fields_Addition_2010-12 — Sde_Eliyahu_kemach_E,572.0,2.0,,,,,,,,
Boundary_Fields_Addition_2010-12 — Sde_Eliyahu_kemach_E,573.0,3.0,,,,,,,,
Boundary_Fields_Addition_2010-12 — Sde_Eliyahu_kemach_E,574.0,2.0,,,,,,,,
Boundary_Fields_Addition_2010-12 — Sde_Eliyahu_kemach_E,575.0,2.0,,,,,,,,
Boundary_Fields_Addition_2010-12 — Sde_Eliyahu_kemach_E,576.0,2.0,,,,,,,,
Boundary_Fields_Addition_2010-12 — Sde_Eliyahu_kemach_E,577.0,1.0,,,,,,,,
Boundary_Fields_Addition_2010-12 — Sde_Eliyahu_kemach_E,578.0,1.0,,,,,,,,
Boundary_Fields_Addition_2010-12 — Sde_Eliyahu_kemach_E,579.0,2.0,,,,,,,,
Boundary_Fields_Addition_2010-12 — Sde_Eliyahu_kemach_E,580.0,2.0,,,,,,,,
Boundary_Fields_Addition_2010-12 — Sde_Eliyahu_kemach_E,581.0,2.0,,,,,,,,
Boundary_Fields_Addition_2010-12 — Sde_Eliyahu_kemach_E,582.0,2.0,,,,,,,,
Boundary_Fields_Addition_2010-12 — Sde_Eliyahu_kemach_E,583.0,2.0,,,,,,,,
Boundary_Fields_Addition_2010-12 — Sde_Eliyahu_kemach_E,584.0,2.0,,,,,,,,
Boundary_Fields_Addition_2010-12 — Sde_Eliyahu_kemach_E,585.0,2.0,,,,,,,,
Boundary_Fields_Addition_2010-12 — Sde_Eliyahu_kemach_E,586.0,2.0,,,,,,,,
Boundary_Fields_Addition_2010-12 — Sde_Eliyahu_kemach_E,587.0,2.0,,,,,,,,
Boundary_Fields_Addition_2010-12 — Sde_Eliyahu_kemach_E,588.0,2.0,,,,,,,,
Boundary_Fields_Addition_2010-12 — Sde_Eliyahu_kemach_E,589.0,2.0,,,,,,,,
Boundary_Fields_Addition_2010-12 — Sde_Eliyahu_kemach_E,590.0,2.0,,,,,,,,
Boundary_Fields_Addition_2010-12 — Sde_Eliyahu_kemach_E,591.0,2.0,,,,,,,,
Boundary_Fields_Addition_2010-12 — Sde_Eliyahu_kemach_E,592.0,2.0,,,,,,,,
Boundary_Fields_Addition_2010-12 — Sde_Eliyahu_kemach_E,593.0,2.0,,,,,,,,
Boundary_Fields_Addition_2010-12 — Sde_Eliyahu_kemach_E,594.0,2.0,,,,,,,,
Boundary_Fields_Addition_2010-12 — Sde_Eliyahu_kemach_E,595.0,2.0,,,,,,,,
Boundary_Fields_Addition_2010-12 — Sde_Eliyahu_kemach_E,596.0,2.0,,,,,,,,
Boundary_Fields_Addition_2010-12 — Sde_Eliyahu_kemach_E,597.0,2.0,,,,,,,,
Boundary_Fields_Addition_2010-12 — Sde_Eliyahu_kemach_E,598.0,2.0,,,,,,,,
Boundary_Fields_Addition_2010-12 — Sde_Eliyahu_kemach_E,599.0,1.0,,,,,,,,
Boundary_Fields_Addition_2010-12 — Sde_Eliyahu_kemach_E,600.0,2.0,,,,,,,,
Boundary_Fields_Addition_2010-12 — Sde_Eliyahu_kemach_E,601.0,2.0,,,,,,,,
Boundary_Fields_Addition_2010-12 — Sde_Eliyahu_kemach_E,602.0,3.0,,,,,,,,
Boundary_Fields_Addition_2010-12 — Sde_Eliyahu_kemach_E,603.0,3.0,,,,,,,,
Boundary_Fields_Addition_2010-12 — Sde_Eliyahu_kemach_E,604.0,2.0,,,,,,,,
Boundary_Fields_Addition_2010-12 — Sde_Eliyahu_kemach_E,605.0,2.0,,,,,,,,
Boundary_Fields_Addition_2010-12 — Sde_Eliyahu_kemach_E,606.0,2.0,,,,,,,,
Boundary_Fields_Addition_2010-12 — Sde_Eliyahu_kemach_E,607.0,2.0,,,,,,,,
Boundary_Fields_Addition_2010-12 — Sde_Eliyahu_kemach_E,608.0,1.0,,,,,,,,
Boundary_Fields_Addition_2010-12 — Sde_Eliyahu_kemach_E,609.0,2.0,,,,,,,,
Boundary_Fields_Addition_2010-12 — Sde_Eliyahu_kemach_E,610.0,2.0,,,,,,,,
Boundary_Fields_Addition_2010-12 — Sde_Eliyahu_kemach_E,611.0,2.0,,,,,,,,
Boundary_Fields_Addition_2010-12 — Sde_Eliyahu_kemach_E,612.0,2.0,,,,,,,,
Boundary_Fields_Addition_2010-12 — Sde_Eliyahu_kemach_E,613.0,2.0,,,,,,,,
Boundary_Fields_Addition_2010-12 — Sde_Eliyahu_kemach_E,614.0,1.0,,,,,,,,
Boundary_Fields_Addition_2010-12 — Sde_Eliyahu_kemach_E,615.0,2.0,,,,,,,,
Boundary_Fields_Addition_2010-12 — Sde_Eliyahu_kemach_E,616.0,2.0,,,,,,,,
Boundary_Fields_Addition_2010-12 — Sde_Eliyahu_kemach_E,617.0,2.0,,,,,,,,
Boundary_Fields_Addition_2010-12 — Sde_Eliyahu_kemach_E,618.0,2.0,,,,,,,,
Boundary_Fields_Addition_2010-12 — Sde_Eliyahu_kemach_E,619.0,2.0,,,,,,,,
Boundary_Fields_Addition_2010-12 — Sde_Eliyahu_Kemach_W_2012,1.0,3.0,,,,,,,,
Boundary_Fields_Addition_2010-12 — Sde_Eliyahu_Kemach_W_2012,2.0,3.0,,,,,,,,
Boundary_Fields_Addition_2010-12 — Sde_Eliyahu_Kemach_W_2012,3.0,3.0,,,,,,,,
Boundary_Fields_Addition_2010-12 — Sde_Eliyahu_Kemach_W_2012,4.0,2.0,,,,,,,,
Boundary_Fields_Addition_2010-12 — Sde_Eliyahu_Kemach_W_2012,5.0,2.0,,,,,,,,
Boundary_Fields_Addition_2010-12 — Sde_Eliyahu_Kemach_W_2012,6.0,2.0,,,,,,,,
Boundary_Fields_Addition_2010-12 — Sde_Eliyahu_Kemach_W_2012,7.0,1.0,,,,,,,,
Boundary_Fields_Addition_2010-12 — Sde_Eliyahu_Kemach_W_2012,8.0,1.0,,,,,,,,
Boundary_Fields_Addition_2010-12 — Sde_Eliyahu_Kemach_W_2012,9.0,1.0,,,,,,,,
Boundary_Fields_Addition_2010-12 — Sde_Eliyahu_Kemach_W_2012,10.0,2.0,,,,,,,,
Boundary_Fields_Addition_2010-12 — Sde_Eliyahu_Kemach_W_2012,11.0,1.0,,,,,,,,
Boundary_Fields_Addition_2010-12 — Sde_Eliyahu_Kemach_W_2012,12.0,1.0,,,,,,,,
Boundary_Fields_Addition_2010-12 — Sde_Eliyahu_Kemach_W_2012,13.0,1.0,,,,,,,,
Boundary_Fields_Addition_2010-12 — Sde_Eliyahu_Kemach_W_2012,14.0,2.0,,,,,,,,
Boundary_Fields_Addition_2010-12 — Sde_Eliyahu_Kemach_W_2012,15.0,1.0,,,,,,,,
Boundary_Fields_Addition_2010-12 — Sde_Eliyahu_Kemach_W_2012,16.0,2.0,,,,,,,,
Boundary_Fields_Addition_2010-12 — Sde_Eliyahu_Kemach_W_2012,17.0,2.0,,,,,,,,
Boundary_Fields_Addition_2010-12 — Sde_Eliyahu_Kemach_W_2012,18.0,2.0,,,,,,,,
Boundary_Fields_Addition_2010-12 — Sde_Eliyahu_Kemach_W_2012,19.0,3.0,,,,,,,,
Boundary_Fields_Addition_2010-12 — Sde_Eliyahu_Kemach_W_2012,20.0,3.0,,,,,,,,
Boundary_Fields_Addition_2010-12 — Sde_Eliyahu_Kemach_W_2012,21.0,3.0,,,,,,,,
Boundary_Fields_Addition_2010-12 — Sde_Eliyahu_Kemach_W_2012,22.0,1.0,,,,,,,,
Boundary_Fields_Addition_2010-12 — Sde_Eliyahu_Kemach_W_2012,23.0,1.0,,,,,,,,
Boundary_Fields_Addition_2010-12 — Sde_Eliyahu_Kemach_W_2012,24.0,1.0,,,,,,,,
Boundary_Fields_Addition_2010-12 — Sde_Eliyahu_Kemach_W_2012,25.0,1.0,,,,,,,,
Boundary_Fields_Addition_2010-12 — Sde_Eliyahu_Kemach_W_2012,26.0,1.0,,,,,,,,
Boundary_Fields_Addition_2010-12 — Sde_Eliyahu_Kemach_W_2012,27.0,1.0,,,,,,,,
Boundary_Fields_Addition_2010-12 — Sde_Eliyahu_Kemach_W_2012,28.0,1.0,,,,,,,,
Boundary_Fields_Addition_2010-12 — Sde_Eliyahu_Kemach_W_2012,29.0,0.0,,,,,,,,
Boundary_Fields_Addition_2010-12 — Sde_Eliyahu_Kemach_W_2012,30.0,1.0,,,,,,,,
Boundary_Fields_Addition_2010-12 — Sde_Eliyahu_Kemach_W_2012,31.0,0.0,,,,,,,,
Boundary_Fields_Addition_2010-12 — Sde_Eliyahu_Kemach_W_2012,32.0,0.0,,,,,,,,
Boundary_Fields_Addition_2010-12 — Sde_Eliyahu_Kemach_W_2012,33.0,2.0,,,,,,,,
Boundary_Fields_Addition_2010-12 — Sde_Eliyahu_Kemach_W_2012,34.0,3.0,,,,,,,,
Boundary_Fields_Addition_2010-12 — Sde_Eliyahu_Kemach_W_2012,35.0,3.0,,,,,,,,
Boundary_Fields_Addition_2010-12 — Sde_Eliyahu_Kemach_W_2012,36.0,1.0,,,,,,,,
Boundary_Fields_Addition_2010-12 — Sde_Eliyahu_Kemach_W_2012,37.0,1.0,,,,,,,,
Boundary_Fields_Addition_2010-12 — Sde_Eliyahu_Kemach_W_2012,38.0,1.0,,,,,,,,
Boundary_Fields_Addition_2010-12 — Sde_Eliyahu_Kemach_W_2012,39.0,1.0,,,,,,,,
Boundary_Fields_Addition_2010-12 — Sde_Eliyahu_Kemach_W_2012,40.0,0.0,,,,,,,,
Boundary_Fields_Addition_2010-12 — Sde_Eliyahu_Kemach_W_2012,41.0,1.0,,,,,,,,
Boundary_Fields_Addition_2010-12 — Sde_Eliyahu_Kemach_W_2012,42.0,0.0,,,,,,,,
Boundary_Fields_Addition_2010-12 — Sde_Eliyahu_Kemach_W_2012,43.0,1.0,,,,,,,,
Boundary_Fields_Addition_2010-12 — Sde_Eliyahu_Kemach_W_2012,44.0,0.0,,,,,,,,
Boundary_Fields_Addition_2010-12 — Sde_Eliyahu_Kemach_W_2012,45.0,0.0,,,,,,,,
Boundary_Fields_Addition_2010-12 — Sde_Eliyahu_Kemach_W_2012,46.0,0.0,,,,,,,,
Boundary_Fields_Addition_2010-12 — Sde_Eliyahu_Kemach_W_2012,47.0,0.0,,,,,,,,
Boundary_Fields_Addition_2010-12 — Sde_Eliyahu_Kemach_W_2012,48.0,1.0,,,,,,,,
Boundary_Fields_Addition_2010-12 — Sde_Eliyahu_Kemach_W_2012,49.0,2.0,,,,,,,,
Boundary_Fields_Addition_2010-12 — Sde_Eliyahu_Kemach_W_2012,50.0,2.0,,,,,,,,
Boundary_Fields_Addition_2010-12 — Sde_Eliyahu_Kemach_W_2012,51.0,1.0,,,,,,,,
Boundary_Fields_Addition_2010-12 — Sde_Eliyahu_Kemach_W_2012,52.0,1.0,,,,,,,,
Boundary_Fields_Addition_2010-12 — Sde_Eliyahu_Kemach_W_2012,53.0,1.0,,,,,,,,
Boundary_Fields_Addition_2010-12 — Sde_Eliyahu_Kemach_W_2012,54.0,0.0,,,,,,,,
Boundary_Fields_Addition_2010-12 — Sde_Eliyahu_Kemach_W_2012,55.0,0.0,,,,,,,,
Boundary_Fields_Addition_2010-12 — Sde_Eliyahu_Kemach_W_2012,56.0,1.0,,,,,,,,
Boundary_Fields_Addition_2010-12 — Sde_Eliyahu_Kemach_W_2012,57.0,0.0,,,,,,,,
Boundary_Fields_Addition_2010-12 — Sde_Eliyahu_Kemach_W_2012,58.0,0.0,,,,,,,,
Boundary_Fields_Addition_2010-12 — Sde_Eliyahu_Kemach_W_2012,59.0,0.0,,,,,,,,
Boundary_Fields_Addition_2010-12 — Sde_Eliyahu_Kemach_W_2012,60.0,0.0,,,,,,,,
Boundary_Fields_Addition_2010-12 — Sde_Eliyahu_Kemach_W_2012,61.0,1.0,,,,,,,,
Boundary_Fields_Addition_2010-12 — Sde_Eliyahu_Kemach_W_2012,62.0,0.0,,,,,,,,
Boundary_Fields_Addition_2010-12 — Sde_Eliyahu_Kemach_W_2012,63.0,1.0,,,,,,,,
Boundary_Fields_Addition_2010-12 — Sde_Eliyahu_Kemach_W_2012,64.0,0.0,,,,,,,,
Boundary_Fields_Addition_2010-12 — Sde_Eliyahu_Kemach_W_2012,65.0,0.0,,,,,,,,
Boundary_Fields_Addition_2010-12 — Sde_Eliyahu_Kemach_W_2012,66.0,1.0,,,,,,,,
Boundary_Fields_Addition_2010-12 — Sde_Eliyahu_Kemach_W_2012,67.0,1.0,,,,,,,,
Boundary_Fields_Addition_2010-12 — Sde_Eliyahu_Kemach_W_2012,68.0,1.0,,,,,,,,
Boundary_Fields_Addition_2010-12 — Sde_Eliyahu_Kemach_W_2012,69.0,0.0,,,,,,,,
Boundary_Fields_Addition_2010-12 — Sde_Eliyahu_Kemach_W_2012,70.0,0.0,,,,,,,,
Boundary_Fields_Addition_2010-12 — Sde_Eliyahu_Kemach_W_2012,71.0,0.0,,,,,,,,
Boundary_Fields_Addition_2010-12 — Sde_Eliyahu_Kemach_W_2012,72.0,0.0,,,,,,,,
Boundary_Fields_Addition_2010-12 — Sde_Eliyahu_Kemach_W_2012,73.0,1.0,,,,,,,,
Boundary_Fields_Addition_2010-12 — Sde_Eliyahu_Kemach_W_2012,74.0,0.0,,,,,,,,
Boundary_Fields_Addition_2010-12 — Sde_Eliyahu_Kemach_W_2012,75.0,0.0,,,,,,,,
Boundary_Fields_Addition_2010-12 — Sde_Eliyahu_Kemach_W_2012,76.0,0.0,,,,,,,,
Boundary_Fields_Addition_2010-12 — Sde_Eliyahu_Kemach_W_2012,77.0,1.0,,,,,,,,
Boundary_Fields_Addition_2010-12 — Sde_Eliyahu_Kemach_W_2012,78.0,1.0,,,,,,,,
Boundary_Fields_Addition_2010-12 — Sde_Eliyahu_Kemach_W_2012,79.0,1.0,,,,,,,,
Boundary_Fields_Addition_2010-12 — Sde_Eliyahu_Kemach_W_2012,80.0,1.0,,,,,,,,
Boundary_Fields_Addition_2010-12 — Sde_Eliyahu_Kemach_W_2012,81.0,0.0,,,,,,,,
Boundary_Fields_Addition_2010-12 — Sde_Eliyahu_Kemach_W_2012,82.0,0.0,,,,,,,,
Boundary_Fields_Addition_2010-12 — Sde_Eliyahu_Kemach_W_2012,83.0,0.0,,,,,,,,
Boundary_Fields_Addition_2010-12 — Sde_Eliyahu_Kemach_W_2012,85.0,0.0,,,,,,,,
Boundary_Fields_Addition_2010-12 — Sde_Eliyahu_Kemach_W_2012,86.0,0.0,,,,,,,,
Boundary_Fields_Addition_2010-12 — Sde_Eliyahu_Kemach_W_2012,87.0,0.0,,,,,,,,
Boundary_Fields_Addition_2010-12 — Sde_Eliyahu_Kemach_W_2012,88.0,0.0,,,,,,,,
Boundary_Fields_Addition_2010-12 — Sde_Eliyahu_Kemach_W_2012,89.0,1.0,,,,,,,,
Boundary_Fields_Addition_2010-12 — Sde_Eliyahu_Kemach_W_2012,90.0,1.0,,,,,,,,
Boundary_Fields_Addition_2010-12 — Sde_Eliyahu_Kemach_W_2012,91.0,1.0,,,,,,,,
Boundary_Fields_Addition_2010-12 — Sde_Eliyahu_Kemach_W_2012,92.0,1.0,,,,,,,,
Boundary_Fields_Addition_2010-12 — Sde_Eliyahu_Kemach_W_2012,93.0,2.0,,,,,,,,
Boundary_Fields_Addition_2010-12 — Sde_Eliyahu_Kemach_W_2012,94.0,1.0,,,,,,,,
Boundary_Fields_Addition_2010-12 — Sde_Eliyahu_Kemach_W_2012,95.0,2.0,,,,,,,,
Boundary_Fields_Addition_2010-12 — Sde_Eliyahu_Kemach_W_2012,96.0,2.0,,,,,,,,
Boundary_Fields_Addition_2010-12 — Sde_Eliyahu_Kemach_W_2012,97.0,2.0,,,,,,,,
Boundary_Fields_Addition_2010-12 — Sde_Eliyahu_Kemach_W_2012,98.0,0.0,,,,,,,,
Boundary_Fields_Addition_2010-12 — Sde_Eliyahu_Kemach_W_2012,99.0,0.0,,,,,,,,
Boundary_Fields_Addition_2010-12 — Sde_Eliyahu_Kemach_W_2012,100.0,1.0,,,,,,,,
Boundary_Fields_Addition_2010-12 — Sde_Eliyahu_Kemach_W_2012,101.0,0.0,,,,,,,,
Boundary_Fields_Addition_2010-12 — Sde_Eliyahu_Kemach_W_2012,102.0,1.0,,,,,,,,
Boundary_Fields_Addition_2010-12 — Sde_Eliyahu_Kemach_W_2012,103.0,2.0,,,,,,,,
Boundary_Fields_Addition_2010-12 — Sde_Eliyahu_Kemach_W_2012,104.0,2.0,,,,,,,,
Boundary_Fields_Addition_2010-12 — Sde_Eliyahu_Kemach_W_2012,105.0,1.0,,,,,,,,
Boundary_Fields_Addition_2010-12 — Sde_Eliyahu_Kemach_W_2012,106.0,1.0,,,,,,,,
Boundary_Fields_Addition_2010-12 — Sde_Eliyahu_Kemach_W_2012,107.0,1.0,,,,,,,,
Boundary_Fields_Addition_2010-12 — Sde_Eliyahu_Kemach_W_2012,108.0,1.0,,,,,,,,
Boundary_Fields_Addition_2010-12 — Sde_Eliyahu_Kemach_W_2012,109.0,0.0,,,,,,,,
Boundary_Fields_Addition_2010-12 — Sde_Eliyahu_Kemach_W_2012,110.0,1.0,,,,,,,,
Boundary_Fields_Addition_2010-12 — Sde_Eliyahu_Kemach_W_2012,111.0,0.0,,,,,,,,
Boundary_Fields_Addition_2010-12 — Sde_Eliyahu_Kemach_W_2012,112.0,1.0,,,,,,,,
Boundary_Fields_Addition_2010-12 — Sde_Eliyahu_Kemach_W_2012,113.0,1.0,,,,,,,,
Boundary_Fields_Addition_2010-12 — Sde_Eliyahu_Kemach_W_2012,114.0,1.0,,,,,,,,
Boundary_Fields_Addition_2010-12 — Sde_Eliyahu_Kemach_W_2012,115.0,1.0,,,,,,,,
Boundary_Fields_Addition_2010-12 — Sde_Eliyahu_Kemach_W_2012,116.0,1.0,,,,,,,,
Boundary_Fields_Addition_2010-12 — Sde_Eliyahu_Kemach_W_2012,117.0,1.0,,,,,,,,
Boundary_Fields_Addition_2010-12 — Sde_Eliyahu_Kemach_W_2012,118.0,1.0,,,,,,,,
Boundary_Fields_Addition_2010-12 — Sde_Eliyahu_Kemach_W_2012,119.0,1.0,,,,,,,,
Boundary_Fields_Addition_2010-12 — Sde_Eliyahu_Kemach_W_2012,120.0,2.0,,,,,,,,
Boundary_Fields_Addition_2010-12 — Sde_Eliyahu_Kemach_W_2012,121.0,1.0,,,,,,,,
Boundary_Fields_Addition_2010-12 — Sde_Eliyahu_Kemach_W_2012,122.0,0.0,,,,,,,,
Boundary_Fields_Addition_2010-12 — Sde_Eliyahu_Kemach_W_2012,123.0,1.0,,,,,,,,
Boundary_Fields_Addition_2010-12 — Sde_Eliyahu_Kemach_W_2012,124.0,2.0,,,,,,,,
Boundary_Fields_Addition_2010-12 — Sde_Eliyahu_Kemach_W_2012,125.0,1.0,,,,,,,,
Boundary_Fields_Addition_2010-12 — Sde_Eliyahu_Kemach_W_2012,126.0,1.0,,,,,,,,
Boundary_Fields_Addition_2010-12 — Sde_Eliyahu_Kemach_W_2012,127.0,1.0,,,,,,,,
Boundary_Fields_Addition_2010-12 — Sde_Eliyahu_Kemach_W_2012,128.0,1.0,,,,,,,,
Boundary_Fields_Addition_2010-12 — Sde_Eliyahu_Kemach_W_2012,129.0,1.0,,,,,,,,
Boundary_Fields_Addition_2010-12 — Sde_Eliyahu_Kemach_W_2012,130.0,1.0,,,,,,,,
Boundary_Fields_Addition_2010-12 — Sde_Eliyahu_Kemach_W_2012,131.0,1.0,,,,,,,,
Boundary_Fields_Addition_2010-12 — Sde_Eliyahu_Kemach_W_2012,132.0,2.0,,,,,,,,
Boundary_Fields_Addition_2010-12 — Sde_Eliyahu_Kemach_W_2012,133.0,1.0,,,,,,,,
Boundary_Fields_Addition_2010-12 — Sde_Eliyahu_Kemach_W_2012,134.0,2.0,,,,,,,,
Boundary_Fields_Addition_2010-12 — Sde_Eliyahu_Kemach_W_2012,135.0,1.0,,,,,,,,
Boundary_Fields_Addition_2010-12 — Sde_Eliyahu_Kemach_W_2012,136.0,1.0,,,,,,,,
Boundary_Fields_Addition_2010-12 — Sde_Eliyahu_Kemach_W_2012,137.0,1.0,,,,,,,,
Boundary_Fields_Addition_2010-12 — Sde_Eliyahu_Kemach_W_2012,138.0,1.0,,,,,,,,
Boundary_Fields_Addition_2010-12 — Sde_Eliyahu_Kemach_W_2012,139.0,1.0,,,,,,,,
Boundary_Fields_Addition_2010-12 — Sde_Eliyahu_Kemach_W_2012,140.0,2.0,,,,,,,,
Boundary_Fields_Addition_2010-12 — Sde_Eliyahu_Kemach_W_2012,141.0,2.0,,,,,,,,
Boundary_Fields_Addition_2010-12 — Sde_Eliyahu_Kemach_W_2012,142.0,2.0,,,,,,,,
Boundary_Fields_Addition_2010-12 — Sde_Eliyahu_Kemach_W_2012,143.0,2.0,,,,,,,,
Boundary_Fields_Addition_2010-12 — Sde_Eliyahu_Kemach_W_2012,144.0,2.0,,,,,,,,
Boundary_Fields_Addition_2010-12 — Sde_Eliyahu_Kemach_W_2012,145.0,3.0,,,,,,,,
Boundary_Fields_Addition_2010-12 — Sde_Eliyahu_Kemach_W_2012,146.0,3.0,,,,,,,,
Boundary_Fields_Addition_2010-12 — Sde_Eliyahu_Kemach_W_2012,147.0,3.0,,,,,,,,
Boundary_Fields_Addition_2010-12 — Sde_Eliyahu_Kemach_W_2012,148.0,3.0,,,,,,,,
Boundary_Fields_Addition_2010-12 — Sde_Eliyahu_Kemach_W_2012,149.0,2.0,,,,,,,,
Boundary_Fields_Addition_2010-12 — Sde_Eliyahu_Kemach_W_2012,150.0,2.0,,,,,,,,
Boundary_Fields_Addition_2010-12 — Sde_Eliyahu_Kemach_W_2012,151.0,2.0,,,,,,,,
Boundary_Fields_Addition_2010-12 — Sde_Eliyahu_Kemach_W_2012,152.0,2.0,,,,,,,,
Boundary_Fields_Addition_2010-12 — Sde_Eliyahu_Kemach_W_2012,153.0,2.0,,,,,,,,
Boundary_Fields_Addition_2010-12 — Sde_Eliyahu_Kemach_W_2012,154.0,2.0,,,,,,,,
Boundary_Fields_Addition_2010-12 — Sde_Eliyahu_Kemach_W_2012,155.0,2.0,,,,,,,,
Boundary_Fields_Addition_2010-12 — Sde_Eliyahu_Kemach_W_2012,156.0,2.0,,,,,,,,
Boundary_Fields_Addition_2010-12 — Sde_Eliyahu_Kemach_W_2012,157.0,2.0,,,,,,,,
Boundary_Fields_Addition_2010-12 — Sde_Eliyahu_Kemach_W_2012,158.0,2.0,,,,,,,,
Boundary_Fields_Addition_2010-12 — Sde_Eliyahu_Kemach_W_2012,159.0,2.0,,,,,,,,
Boundary_Fields_Addition_2010-12 — Sde_Eliyahu_Kemach_W_2012,160.0,2.0,,,,,,,,
Boundary_Fields_Addition_2010-12 — Sde_Eliyahu_Kemach_W_2012,161.0,2.0,,,,,,,,
Boundary_Fields_Addition_2010-12 — Sde_Eliyahu_Kemach_W_2012,162.0,2.0,,,,,,,,
Boundary_Fields_Addition_2010-12 — Sde_Eliyahu_Kemach_W_2012,163.0,2.0,,,,,,,,
Boundary_Fields_Addition_2010-12 — Sde_Eliyahu_Kemach_W_2012,164.0,3.0,,,,,,,,
Boundary_Fields_Addition_2010-12 — Sde_Eliyahu_Kemach_W_2012,165.0,3.0,,,,,,,,
Boundary_Fields_Addition_2010-12 — Sde_Eliyahu_Kemach_W_2012,166.0,3.0,,,,,,,,
Boundary_Fields_Addition_2010-12 — Sde_Eliyahu_Kemach_W_2012,167.0,3.0,,,,,,,,
Boundary_Fields_Addition_2010-12 — Sde_Eliyahu_Kemach_W_2012,168.0,3.0,,,,,,,,
Boundary_Fields_Addition_2010-12 — Sde_Eliyahu_Kemach_W_2012,169.0,3.0,,,,,,,,
Boundary_Fields_Addition_2010-12 — Sde_Eliyahu_Kemach_W_2012,170.0,3.0,,,,,,,,
Boundary_Fields_Addition_2010-12 — Sde_Eliyahu_Kemach_W_2012,171.0,3.0,,,,,,,,
Boundary_Fields_Addition_2010-12 — Sde_Eliyahu_Kemach_W_2012,172.0,2.0,,,,,,,,
Boundary_Fields_Addition_2010-12 — Sde_Eliyahu_Kemach_W_2012,173.0,2.0,,,,,,,,
Boundary_Fields_Addition_2010-12 — Sde_Eliyahu_Kemach_W_2012,174.0,2.0,,,,,,,,
Boundary_Fields_Addition_2010-12 — Sde_Eliyahu_Kemach_W_2012,175.0,1.0,,,,,,,,
Boundary_Fields_Addition_2010-12 — Sde_Eliyahu_Kemach_W_2012,176.0,1.0,,,,,,,,
Boundary_Fields_Addition_2010-12 — Sde_Eliyahu_Kemach_W_2012,177.0,2.0,,,,,,,,
Boundary_Fields_Addition_2010-12 — Sde_Eliyahu_Kemach_W_2012,178.0,2.0,,,,,,,,
Boundary_Fields_Addition_2010-12 — Sde_Eliyahu_Kemach_W_2012,179.0,1.0,,,,,,,,
Boundary_Fields_Addition_2010-12 — Sde_Eliyahu_Kemach_W_2012,180.0,1.0,,,,,,,,
Boundary_Fields_Addition_2010-12 — Sde_Eliyahu_Kemach_W_2012,181.0,2.0,,,,,,,,
Boundary_Fields_Addition_2010-12 — Sde_Eliyahu_Kemach_W_2012,182.0,2.0,,,,,,,,
Boundary_Fields_Addition_2010-12 — Sde_Eliyahu_Kemach_W_2012,183.0,2.0,,,,,,,,
Boundary_Fields_Addition_2010-12 — Sde_Eliyahu_Kemach_W_2012,184.0,2.0,,,,,,,,
Boundary_Fields_Addition_2010-12 — Sde_Eliyahu_Kemach_W_2012,185.0,2.0,,,,,,,,
Boundary_Fields_Addition_2010-12 — Sde_Eliyahu_Kemach_W_2012,186.0,2.0,,,,,,,,
Boundary_Fields_Addition_2010-12 — Sde_Eliyahu_Kemach_W_2012,187.0,1.0,,,,,,,,
Boundary_Fields_Addition_2010-12 — Sde_Eliyahu_Kemach_W_2012,188.0,2.0,,,,,,,,
Boundary_Fields_Addition_2010-12 — Sde_Eliyahu_Kemach_W_2012,189.0,2.0,,,,,,,,
Boundary_Fields_Addition_2010-12 — Sde_Eliyahu_Kemach_W_2012,190.0,2.0,,,,,,,,
Boundary_Fields_Addition_2010-12 — Sde_Eliyahu_Kemach_W_2012,191.0,2.0,,,,,,,,
Boundary_Fields_Addition_2010-12 — Sde_Eliyahu_Kemach_W_2012,192.0,2.0,,,,,,,,
Boundary_Fields_Addition_2010-12 — Yaen_31_2012,1.0,1.0,,,,,,,,
Boundary_Fields_Addition_2010-12 — Yaen_31_2012,2.0,0.0,,,,,,,,
Boundary_Fields_Addition_2010-12 — Yaen_31_2012,3.0,1.0,,,,,,,,
Boundary_Fields_Addition_2010-12 — Yaen_31_2012,4.0,1.0,,,,,,,,
Boundary_Fields_Addition_2010-12 — Yaen_31_2012,5.0,0.0,,,,,,,,
Boundary_Fields_Addition_2010-12 — Yaen_31_2012,6.0,0.0,,,,,,,,
Boundary_Fields_Addition_2010-12 — Yaen_31_2012,7.0,0.0,,,,,,,,
Boundary_Fields_Addition_2010-12 — Yaen_31_2012,8.0,0.0,,,,,,,,
Boundary_Fields_Addition_2010-12 — Yaen_31_2012,9.0,1.0,,,,,,,,
Boundary_Fields_Addition_2010-12 — Yaen_31_2012,10.0,0.0,,,,,,,,
Boundary_Fields_Addition_2010-12 — Yaen_31_2012,11.0,0.0,,,,,,,,
Boundary_Fields_Addition_2010-12 — Yaen_31_2012,12.0,0.0,,,,,,,,
Boundary_Fields_Addition_2010-12 — Yaen_31_2012,13.0,1.0,,,,,,,,
Boundary_Fields_Addition_2010-12 — Yaen_31_2012,14.0,1.0,,,,,,,,
Boundary_Fields_Addition_2010-12 — Yaen_31_2012,15.0,0.0,,,,,,,,
Boundary_Fields_Addition_2010-12 — Yaen_31_2012,16.0,1.0,,,,,,,,
Boundary_Fields_Addition_2010-12 — Yaen_31_2012,17.0,1.0,,,,,,,,
Boundary_Fields_Addition_2010-12 — Yaen_31_2012,18.0,0.0,,,,,,,,
Boundary_Fields_Addition_2010-12 — Yaen_31_2012,19.0,0.0,,,,,,,,
Boundary_Fields_Addition_2010-12 — Yaen_31_2012,20.0,0.0,,,,,,,,
Boundary_Fields_Addition_2010-12 — Yaen_31_2012,21.0,1.0,,,,,,,,
Boundary_Fields_Addition_2010-12 — Yaen_31_2012,22.0,1.0,,,,,,,,
Boundary_Fields_Addition_2010-12 — Yaen_31_2012,23.0,1.0,,,,,,,,
Boundary_Fields_Addition_2010-12 — Yaen_31_2012,24.0,1.0,,,,,,,,
Boundary_Fields_Addition_2010-12 — Yaen_31_2012,25.0,1.0,,,,,,,,
Boundary_Fields_Addition_2010-12 — Yaen_31_2012,26.0,1.0,,,,,,,,
Boundary_Fields_Addition_2010-12 — Yaen_31_2012,27.0,1.0,,,,,,,,
Boundary_Fields_Addition_2010-12 — Yaen_31_2012,28.0,1.0,,,,,,,,
Boundary_Fields_Addition_2010-12 — Yaen_31_2012,29.0,1.0,,,,,,,,
Boundary_Fields_Addition_2010-12 — Yaen_31_2012,30.0,0.0,,,,,,,,
Boundary_Fields_Addition_2010-12 — Yaen_31_2012,31.0,0.0,,,,,,,,
Boundary_Fields_Addition_2010-12 — Yaen_31_2012,32.0,1.0,,,,,,,,
Boundary_Fields_Addition_2010-12 — Yaen_31_2012,33.0,1.0,,,,,,,,
Boundary_Fields_Addition_2010-12 — Yaen_31_2012,34.0,1.0,,,,,,,,
Boundary_Fields_Addition_2010-12 — Yaen_31_2012,35.0,1.0,,,,,,,,
Boundary_Fields_Addition_2010-12 — Yaen_31_2012,36.0,1.0,,,,,,,,
Boundary_Fields_Addition_2010-12 — Yaen_31_2012,37.0,1.0,,,,,,,,
Boundary_Fields_Addition_2010-12 — Yaen_31_2012,38.0,1.0,,,,,,,,
Boundary_Fields_Addition_2010-12 — Yaen_31_2012,39.0,1.0,,,,,,,,
Boundary_Fields_Addition_2010-12 — Yaen_31_2012,40.0,1.0,,,,,,,,
Boundary_Fields_Addition_2010-12 — Yaen_31_2012,41.0,0.0,,,,,,,,
Boundary_Fields_Addition_2010-12 — Yaen_31_2012,42.0,0.0,,,,,,,,
Boundary_Fields_Addition_2010-12 — Yaen_31_2012,43.0,1.0,,,,,,,,
Boundary_Fields_Addition_2010-12 — Yaen_31_2012,44.0,1.0,,,,,,,,
Boundary_Fields_Addition_2010-12 — Yaen_31_2012,45.0,1.0,,,,,,,,
Boundary_Fields_Addition_2010-12 — Yaen_31_2012,46.0,0.0,,,,,,,,
Boundary_Fields_Addition_2010-12 — Yaen_31_2012,47.0,1.0,,,,,,,,
Boundary_Fields_Addition_2010-12 — Yaen_31_2012,48.0,1.0,,,,,,,,
Boundary_Fields_Addition_2010-12 — Yaen_31_2012,49.0,1.0,,,,,,,,
Boundary_Fields_Addition_2010-12 — Yaen_31_2012,50.0,0.0,,,,,,,,
Boundary_Fields_Addition_2010-12 — Yaen_31_2012,51.0,1.0,,,,,,,,
Boundary_Fields_Addition_2010-12 — Yaen_31_2012,52.0,1.0,,,,,,,,
Boundary_Fields_Addition_2010-12 — Yaen_31_2012,53.0,1.0,,,,,,,,
Boundary_Fields_Addition_2010-12 — Yaen_31_2012,54.0,1.0,,,,,,,,
Boundary_Fields_Addition_2010-12 — Yaen_31_2012,55.0,1.0,,,,,,,,
Boundary_Fields_Addition_2010-12 — Yaen_31_2012,56.0,0.0,,,,,,,,
Boundary_Fields_Addition_2010-12 — Yaen_31_2012,57.0,0.0,,,,,,,,
Boundary_Fields_Addition_2010-12 — Yaen_31_2012,58.0,1.0,,,,,,,,
Boundary_Fields_Addition_2010-12 — Yaen_31_2012,59.0,0.0,,,,,,,,
Boundary_Fields_Addition_2010-12 — Yaen_31_2012,60.0,1.0,,,,,,,,
Boundary_Fields_Addition_2010-12 — Yaen_31_2012,61.0,1.0,,,,,,,,
Boundary_Fields_Addition_2010-12 — Yaen_31_2012,62.0,1.0,,,,,,,,
Boundary_Fields_Addition_2010-12 — Yaen_31_2012,63.0,1.0,,,,,,,,
Boundary_Fields_Addition_2010-12 — Yaen_31_2012,64.0,1.0,,,,,,,,
Boundary_Fields_Addition_2010-12 — Yaen_31_2012,65.0,1.0,,,,,,,,
Boundary_Fields_Addition_2010-12 — Yaen_31_2012,66.0,1.0,,,,,,,,
Boundary_Fields_Addition_2010-12 — Yaen_31_2012,67.0,0.0,,,,,,,,
Boundary_Fields_Addition_2010-12 — Yaen_31_2012,68.0,1.0,,,,,,,,
Boundary_Fields_Addition_2010-12 — Yaen_31_2012,69.0,1.0,,,,,,,,
Boundary_Fields_Addition_2010-12 — Yaen_31_2012,70.0,1.0,,,,,,,,
Boundary_Fields_Addition_2010-12 — Yaen_31_2012,71.0,1.0,,,,,,,,
Boundary_Fields_Addition_2010-12 — Yaen_31_2012,72.0,1.0,,,,,,,,
Boundary_Fields_Addition_2010-12 — Yaen_31_2012,73.0,1.0,,,,,,,,
Boundary_Fields_Addition_2010-12 — Yaen_31_2012,74.0,1.0,,,,,,,,
Boundary_Fields_Addition_2010-12 — Yaen_31_2012,75.0,1.0,,,,,,,,
Boundary_Fields_Addition_2010-12 — Yaen_31_2012,76.0,0.0,,,,,,,,
Boundary_Fields_Addition_2010-12 — Yaen_31_2012,77.0,0.0,,,,,,,,
Boundary_Fields_Addition_2010-12 — Yaen_31_2012,78.0,1.0,,,,,,,,
Boundary_Fields_Addition_2010-12 — Yaen_31_2012,79.0,1.0,,,,,,,,
Boundary_Fields_Addition_2010-12 — Yaen_31_2012,80.0,0.0,,,,,,,,
Boundary_Fields_Addition_2010-12 — Yaen_31_2012,81.0,1.0,,,,,,,,
Boundary_Fields_Addition_2010-12 — Yaen_31_2012,82.0,0.0,,,,,,,,
Boundary_Fields_Addition_2010-12 — Yaen_31_2012,83.0,1.0,,,,,,,,
Boundary_Fields_Addition_2010-12 — Yaen_31_2012,84.0,1.0,,,,,,,,
Boundary_Fields_Addition_2010-12 — Yaen_31_2012,85.0,1.0,,,,,,,,
Boundary_Fields_Addition_2010-12 — Yaen_31_2012,86.0,1.0,,,,,,,,
Boundary_Fields_Addition_2010-12 — Yaen_31_2012,87.0,2.0,,,,,,,,
Boundary_Fields_Addition_2010-12 — Yaen_31_2012,88.0,1.0,,,,,,,,
Boundary_Fields_Addition_2010-12 — Yaen_31_2012,89.0,1.0,,,,,,,,
Boundary_Fields_Addition_2010-12 — Yaen_31_2012,90.0,1.0,,,,,,,,
Boundary_Fields_Addition_2010-12 — Yaen_31_2012,91.0,1.0,,,,,,,,
Boundary_Fields_Addition_2010-12 — Yaen_31_2012,92.0,1.0,,,,,,,,
Boundary_Fields_Addition_2010-12 — Yaen_31_2012,93.0,1.0,,,,,,,,
Boundary_Fields_Addition_2010-12 — Yaen_31_2012,94.0,1.0,,,,,,,,
Boundary_Fields_Addition_2010-12 — Yaen_31_2012,95.0,1.0,,,,,,,,
Boundary_Fields_Addition_2010-12 — Yaen_31_2012,96.0,1.0,,,,,,,,
Boundary_Fields_Addition_2010-12 — Yaen_31_2012,97.0,0.0,,,,,,,,
Boundary_Fields_Addition_2010-12 — Yaen_31_2012,98.0,1.0,,,,,,,,
Boundary_Fields_Addition_2010-12 — Yaen_31_2012,99.0,1.0,,,,,,,,
Boundary_Fields_Addition_2010-12 — Yaen_31_2012,100.0,0.0,,,,,,,,
Boundary_Fields_Addition_2010-12 — Yaen_31_2012,101.0,1.0,,,,,,,,
Boundary_Fields_Addition_2010-12 — Yaen_31_2012,102.0,0.0,,,,,,,,
Boundary_Fields_Addition_2010-12 — Yaen_31_2012,103.0,0.0,,,,,,,,
Boundary_Fields_Addition_2010-12 — Yaen_31_2012,104.0,1.0,,,,,,,,
Boundary_Fields_Addition_2010-12 — Yaen_31_2012,105.0,0.0,,,,,,,,
Boundary_Fields_Addition_2010-12 — Yaen_31_2012,106.0,0.0,,,,,,,,
Boundary_Fields_Addition_2010-12 — Yaen_31_2012,107.0,0.0,,,,,,,,
Boundary_Fields_Addition_2010-12 — Yaen_31_2012,108.0,0.0,,,,,,,,
Boundary_Fields_Addition_2010-12 — Yaen_31_2012,109.0,1.0,,,,,,,,
Boundary_Fields_Addition_2010-12 — Yaen_31_2012,110.0,0.0,,,,,,,,
Boundary_Fields_Addition_2010-12 — Yaen_31_2012,111.0,0.0,,,,,,,,
Boundary_Fields_Addition_2010-12 — Yaen_31_2012,112.0,1.0,,,,,,,,
Boundary_Fields_Addition_2010-12 — Yaen_31_2012,113.0,0.0,,,,,,,,
Boundary_Fields_Addition_2010-12 — Yaen_31_2012,114.0,0.0,,,,,,,,
Boundary_Fields_Addition_2010-12 — Yaen_31_2012,115.0,0.0,,,,,,,,
Boundary_Fields_Addition_2010-12 — Yaen_31_2012,116.0,0.0,,,,,,,,
Boundary_Fields_Addition_2010-12 — Yaen_31_2012,117.0,1.0,,,,,,,,
Boundary_Fields_Addition_2010-12 — Yaen_31_2012,118.0,0.0,,,,,,,,
Boundary_Fields_Addition_2010-12 — Yaen_31_2012,119.0,1.0,,,,,,,,
Boundary_Fields_Addition_2010-12 — Yaen_31_2012,123.0,1.0,,,,,,,,
Boundary_Fields_Addition_2010-12 — Yaen_31_2012,124.0,0.0,,,,,,,,
Boundary_Fields_Addition_2010-12 — Yaen_31_2012,125.0,0.0,,,,,,,,
Boundary_Fields_Addition_2010-12 — Yaen_31_2012,126.0,0.0,,,,,,,,
Boundary_Fields_Addition_2010-12 — Yaen_31_2012,127.0,0.0,,,,,,,,
Boundary_Fields_Addition_2010-12 — Yaen_31_2012,128.0,1.0,,,,,,,,
Boundary_Fields_Addition_2010-12 — Yaen_31_2012,129.0,0.0,,,,,,,,
Boundary_Fields_Addition_2010-12 — Yaen_31_2012,130.0,0.0,,,,,,,,
Boundary_Fields_Addition_2010-12 — Yaen_31_2012,131.0,1.0,,,,,,,,
Boundary_Fields_Addition_2010-12 — Yaen_31_2012,132.0,1.0,,,,,,,,
Boundary_Fields_Addition_2010-12 — Yaen_31_2012,133.0,0.0,,,,,,,,
Boundary_Fields_Addition_2010-12 — Yaen_31_2012,134.0,0.0,,,,,,,,
Boundary_Fields_Addition_2010-12 — Yaen_31_2012,135.0,1.0,,,,,,,,
Boundary_Fields_Addition_2010-12 — Yaen_31_2012,136.0,1.0,,,,,,,,
Boundary_Fields_Addition_2010-12 — Yaen_31_2012,137.0,0.0,,,,,,,,
Boundary_Fields_Addition_2010-12 — Yaen_31_2012,138.0,1.0,,,,,,,,
Boundary_Fields_Addition_2010-12 — Yaen_31_2012,139.0,1.0,,,,,,,,
Boundary_Fields_Addition_2010-12 — Yaen_31_2012,140.0,1.0,,,,,,,,
Boundary_Fields_Addition_2010-12 — Yaen_31_2012,141.0,1.0,,,,,,,,
Boundary_Fields_Addition_2010-12 — Yaen_31_2012,142.0,1.0,,,,,,,,
Boundary_Fields_Addition_2010-12 — Yaen_31_2012,143.0,1.0,,,,,,,,
Boundary_Fields_Addition_2010-12 — Yaen_31_2012,144.0,1.0,,,,,,,,
Boundary_Fields_Addition_2010-12 — Yaen_31_2012,145.0,1.0,,,,,,,,
Boundary_Fields_Addition_2010-12 — Yaen_31_2012,146.0,1.0,,,,,,,,
Boundary_Fields_Addition_2010-12 — Yaen_31_2012,147.0,1.0,,,,,,,,
Boundary_Fields_Addition_2010-12 — Yaen_31_2012,148.0,1.0,,,,,,,,
Boundary_Fields_Addition_2010-12 — Yaen_31_2012,149.0,1.0,,,,,,,,
Boundary_Fields_Addition_2010-12 — Yaen_31_2012,150.0,0.0,,,,,,,,
Boundary_Fields_Addition_2010-12 — Yaen_31_2012,151.0,0.0,,,,,,,,
Boundary_Fields_Addition_2010-12 — Yaen_31_2012,152.0,0.0,,,,,,,,
Boundary_Fields_Addition_2010-12 — Yaen_31_2012,153.0,1.0,,,,,,,,
Boundary_Fields_Addition_2010-12 — Yaen_31_2012,154.0,1.0,,,,,,,,
Boundary_Fields_Addition_2010-12 — Yaen_31_2012,155.0,1.0,,,,,,,,
Boundary_Fields_Addition_2010-12 — Yaen_31_2012,156.0,1.0,,,,,,,,
Boundary_Fields_Addition_2010-12 — Yaen_31_2012,157.0,0.0,,,,,,,,
Boundary_Fields_Addition_2010-12 — Yaen_31_2012,158.0,1.0,,,,,,,,
Boundary_Fields_Addition_2010-12 — Yaen_31_2012,159.0,0.0,,,,,,,,
Boundary_Fields_Addition_2010-12 — Yaen_31_2012,160.0,0.0,,,,,,,,
Boundary_Fields_Addition_2010-12 — Yaen_31_2012,161.0,1.0,,,,,,,,
Boundary_Fields_Addition_2010-12 — Yaen_31_2012,162.0,0.0,,,,,,,,
Boundary_Fields_Addition_2010-12 — Yaen_31_2012,163.0,0.0,,,,,,,,
Boundary_Fields_Addition_2010-12 — Yaen_31_2012,164.0,0.0,,,,,,,,
Boundary_Fields_Addition_2010-12 — Yaen_31_2012,165.0,0.0,,,,,,,,
Boundary_Fields_Addition_2010-12 — Yaen_31_2012,166.0,0.0,,,,,,,,
Boundary_Fields_Addition_2010-12 — Yaen_31_2012,167.0,0.0,,,,,,,,
Boundary_Fields_Addition_2010-12 — Yaen_31_2012,168.0,1.0,,,,,,,,
Boundary_Fields_Addition_2010-12 — Yaen_31_2012,169.0,1.0,,,,,,,,
Boundary_Fields_Addition_2010-12 — Yaen_31_2012,170.0,1.0,,,,,,,,
Boundary_Fields_Addition_2010-12 — Yaen_31_2012,171.0,1.0,,,,,,,,
Boundary_Fields_Addition_2010-12 — Yaen_31_2012,172.0,0.0,,,,,,,,
Boundary_Fields_Addition_2010-12 — Yaen_31_2012,173.0,0.0,,,,,,,,
Boundary_Fields_Addition_2010-12 — Yaen_31_2012,174.0,0.0,,,,,,,,
Boundary_Fields_Addition_2010-12 — Yaen_31_2012,175.0,0.0,,,,,,,,
Boundary_Fields_Addition_2010-12 — Yaen_31_2012,176.0,0.0,,,,,,,,
Boundary_Fields_Addition_2010-12 — Yaen_31_2012,177.0,0.0,,,,,,,,
Boundary_Fields_Addition_2010-12 — Yaen_31_2012,178.0,0.0,,,,,,,,
Boundary_Fields_Addition_2010-12 — Yaen_31_2012,179.0,0.0,,,,,,,,
Boundary_Fields_Addition_2010-12 — Yaen_31_2012,180.0,0.0,,,,,,,,
Boundary_Fields_Addition_2010-12 — Yaen_31_2012,181.0,0.0,,,,,,,,
Boundary_Fields_Addition_2010-12 — Yaen_31_2012,182.0,0.0,,,,,,,,
Boundary_Fields_Addition_2010-12 — Yaen_31_2012,183.0,0.0,,,,,,,,
Boundary_Fields_Addition_2010-12 — Yaen_31_2012,184.0,0.0,,,,,,,,
Boundary_Fields_Addition_2010-12 — Yaen_31_2012,185.0,0.0,,,,,,,,
Boundary_Fields_Addition_2010-12 — Yaen_31_2012,186.0,0.0,,,,,,,,
Boundary_Fields_Addition_2010-12 — Yaen_31_2012,187.0,1.0,,,,,,,,
Boundary_Fields_Addition_2010-12 — Yaen_31_2012,188.0,0.0,,,,,,,,
Boundary_Fields_Addition_2010-12 — Yaen_31_2012,189.0,0.0,,,,,,,,
Boundary_Fields_Addition_2010-12 — Yaen_31_2012,190.0,0.0,,,,,,,,
Boundary_Fields_Addition_2010-12 — Yaen_31_2012,191.0,0.0,,,,,,,,
Boundary_Fields_Addition_2010-12 — Yaen_31_2012,192.0,0.0,,,,,,,,
Boundary_Fields_Addition_2010-12 — Yaen_31_2012,193.0,0.0,,,,,,,,
Boundary_Fields_Addition_2010-12 — Yaen_31_2012,194.0,0.0,,,,,,,,
Boundary_Fields_Baseline_2011 — Eden_gimel,1.0,1.0,,,,,,,,
Boundary_Fields_Baseline_2011 — Eden_gimel,2.0,1.0,,,,,,,,
Boundary_Fields_Baseline_2011 — Eden_gimel,3.0,1.0,,,,,,,,
Boundary_Fields_Baseline_2011 — Eden_gimel,4.0,1.0,,,,,,,,
Boundary_Fields_Baseline_2011 — Eden_gimel,5.0,0.0,,,,,,,,
Boundary_Fields_Baseline_2011 — Eden_gimel,6.0,1.0,,,,,,,,
Boundary_Fields_Baseline_2011 — Eden_gimel,7.0,1.0,,,,,,,,
Boundary_Fields_Baseline_2011 — Eden_gimel,8.0,1.0,,,,,,,,
Boundary_Fields_Baseline_2011 — Eden_gimel,9.0,1.0,,,,,,,,
Boundary_Fields_Baseline_2011 — Eden_gimel,10.0,1.0,,,,,,,,
Boundary_Fields_Baseline_2011 — Eden_gimel,11.0,1.0,,,,,,,,
Boundary_Fields_Baseline_2011 — Eden_gimel,12.0,1.0,,,,,,,,
Boundary_Fields_Baseline_2011 — Eden_gimel,13.0,1.0,,,,,,,,
Boundary_Fields_Baseline_2011 — Eden_gimel,14.0,1.0,,,,,,,,
Boundary_Fields_Baseline_2011 — Eden_gimel,15.0,1.0,,,,,,,,
Boundary_Fields_Baseline_2011 — Eden_gimel,16.0,0.0,,,,,,,,
Boundary_Fields_Baseline_2011 — Eden_gimel,17.0,0.0,,,,,,,,
Boundary_Fields_Baseline_2011 — Eden_gimel,18.0,1.0,,,,,,,,
Boundary_Fields_Baseline_2011 — Eden_gimel,19.0,1.0,,,,,,,,
Boundary_Fields_Baseline_2011 — Eden_gimel,20.0,1.0,,,,,,,,
Boundary_Fields_Baseline_2011 — Eden_gimel,21.0,1.0,,,,,,,,
Boundary_Fields_Baseline_2011 — Eden_gimel,22.0,1.0,,,,,,,,
Boundary_Fields_Baseline_2011 — Eden_gimel,23.0,1.0,,,,,,,,
Boundary_Fields_Baseline_2011 — Eden_gimel,24.0,1.0,,,,,,,,
Boundary_Fields_Baseline_2011 — Eden_gimel,25.0,1.0,,,,,,,,
Boundary_Fields_Baseline_2011 — Eden_gimel,26.0,1.0,,,,,,,,
Boundary_Fields_Baseline_2011 — Eden_gimel,27.0,1.0,,,,,,,,
Boundary_Fields_Baseline_2011 — Eden_gimel,28.0,1.0,,,,,,,,
Boundary_Fields_Baseline_2011 — Eden_gimel,29.0,1.0,,,,,,,,
Boundary_Fields_Baseline_2011 — Eden_gimel,30.0,1.0,,,,,,,,
Boundary_Fields_Baseline_2011 — Eden_gimel,31.0,1.0,,,,,,,,
Boundary_Fields_Baseline_2011 — Eden_gimel,32.0,1.0,,,,,,,,
Boundary_Fields_Baseline_2011 — Eden_gimel,33.0,1.0,,,,,,,,
Boundary_Fields_Baseline_2011 — Eden_gimel,34.0,1.0,,,,,,,,
Boundary_Fields_Baseline_2011 — Eden_gimel,35.0,1.0,,,,,,,,
Boundary_Fields_Baseline_2011 — Eden_gimel,36.0,1.0,,,,,,,,
Boundary_Fields_Baseline_2011 — Eden_gimel,37.0,0.0,,,,,,,,
Boundary_Fields_Baseline_2011 — Eden_gimel,39.0,0.0,,,,,,,,
Boundary_Fields_Baseline_2011 — Eden_gimel,40.0,0.0,,,,,,,,
Boundary_Fields_Baseline_2011 — Eden_gimel,41.0,0.0,,,,,,,,
Boundary_Fields_Baseline_2011 — Eden_gimel,42.0,1.0,,,,,,,,
Boundary_Fields_Baseline_2011 — Eden_gimel,43.0,0.0,,,,,,,,
Boundary_Fields_Baseline_2011 — Eden_gimel,44.0,1.0,,,,,,,,
Boundary_Fields_Baseline_2011 — Eden_gimel,45.0,0.0,,,,,,,,
Boundary_Fields_Baseline_2011 — Eden_gimel,46.0,0.0,,,,,,,,
Boundary_Fields_Baseline_2011 — Eden_gimel,47.0,0.0,,,,,,,,
Boundary_Fields_Baseline_2011 — Eden_gimel,48.0,1.0,,,,,,,,
Boundary_Fields_Baseline_2011 — Eden_gimel,49.0,0.0,,,,,,,,
Boundary_Fields_Baseline_2011 — Eden_gimel,50.0,0.0,,,,,,,,
Boundary_Fields_Baseline_2011 — Eden_gimel,51.0,0.0,,,,,,,,
Boundary_Fields_Baseline_2011 — Eden_gimel,52.0,0.0,,,,,,,,
Boundary_Fields_Baseline_2011 — Eden_gimel,53.0,0.0,,,,,,,,
Boundary_Fields_Baseline_2011 — Eden_gimel,54.0,0.0,,,,,,,,
Boundary_Fields_Baseline_2011 — Eden_gimel,55.0,3.0,,,,,,,,
Boundary_Fields_Baseline_2011 — Eden_gimel,56.0,2.0,,,,,,,,
Boundary_Fields_Baseline_2011 — Eden_gimel,57.0,2.0,,,,,,,,
Boundary_Fields_Baseline_2011 — Eden_gimel,58.0,1.0,,,,,,,,
Boundary_Fields_Baseline_2011 — Eden_gimel,59.0,1.0,,,,,,,,
Boundary_Fields_Baseline_2011 — Eden_gimel,60.0,1.0,,,,,,,,
Boundary_Fields_Baseline_2011 — Eden_gimel,61.0,1.0,,,,,,,,
Boundary_Fields_Baseline_2011 — Eden_gimel,62.0,1.0,,,,,,,,
Boundary_Fields_Baseline_2011 — Eden_gimel,63.0,1.0,,,,,,,,
Boundary_Fields_Baseline_2011 — Eden_gimel,64.0,2.0,,,,,,,,
Boundary_Fields_Baseline_2011 — Eden_gimel,65.0,2.0,,,,,,,,
Boundary_Fields_Baseline_2011 — Eden_gimel,66.0,1.0,,,,,,,,
Boundary_Fields_Baseline_2011 — Eden_gimel,67.0,1.0,,,,,,,,
Boundary_Fields_Baseline_2011 — Eden_gimel,68.0,1.0,,,,,,,,
Boundary_Fields_Baseline_2011 — Eden_gimel,69.0,1.0,,,,,,,,
Boundary_Fields_Baseline_2011 — Eden_gimel,70.0,1.0,,,,,,,,
Boundary_Fields_Baseline_2011 — Eden_gimel,71.0,1.0,,,,,,,,
Boundary_Fields_Baseline_2011 — Eden_gimel,72.0,2.0,,,,,,,,
Boundary_Fields_Baseline_2011 — Eden_gimel,73.0,0.0,,,,,,,,
Boundary_Fields_Baseline_2011 — Eden_gimel,74.0,0.0,,,,,,,,
Boundary_Fields_Baseline_2011 — Eden_gimel,75.0,0.0,,,,,,,,
Boundary_Fields_Baseline_2011 — Eden_gimel,76.0,0.0,,,,,,,,
Boundary_Fields_Baseline_2011 — Eden_gimel,77.0,1.0,,,,,,,,
Boundary_Fields_Baseline_2011 — Eden_gimel,78.0,1.0,,,,,,,,
Boundary_Fields_Baseline_2011 — Eden_gimel,79.0,0.0,,,,,,,,
Boundary_Fields_Baseline_2011 — Eden_gimel,80.0,0.0,,,,,,,,
Boundary_Fields_Baseline_2011 — Eden_gimel,81.0,0.0,,,,,,,,
Boundary_Fields_Baseline_2011 — Eden_gimel,82.0,1.0,,,,,,,,
Boundary_Fields_Baseline_2011 — Eden_gimel,83.0,0.0,,,,,,,,
Boundary_Fields_Baseline_2011 — Eden_gimel,84.0,0.0,,,,,,,,
Boundary_Fields_Baseline_2011 — Eden_gimel,85.0,0.0,,,,,,,,
Boundary_Fields_Baseline_2011 — Eden_gimel,86.0,1.0,,,,,,,,
Boundary_Fields_Baseline_2011 — Eden_gimel,87.0,2.0,,,,,,,,
Boundary_Fields_Baseline_2011 — Eden_gimel,88.0,2.0,,,,,,,,
Boundary_Fields_Baseline_2011 — Eden_gimel,89.0,2.0,,,,,,,,
Boundary_Fields_Baseline_2011 — Eden_gimel,90.0,2.0,,,,,,,,
Boundary_Fields_Baseline_2011 — Eden_gimel,91.0,2.0,,,,,,,,
Boundary_Fields_Baseline_2011 — Eden_gimel,92.0,2.0,,,,,,,,
Boundary_Fields_Baseline_2011 — Eden_gimel,93.0,1.0,,,,,,,,
Boundary_Fields_Baseline_2011 — Eden_gimel,94.0,1.0,,,,,,,,
Boundary_Fields_Baseline_2011 — Eden_gimel,95.0,1.0,,,,,,,,
Boundary_Fields_Baseline_2011 — Eden_gimel,96.0,1.0,,,,,,,,
Boundary_Fields_Baseline_2011 — Eden_gimel,97.0,1.0,,,,,,,,
Boundary_Fields_Baseline_2011 — Eden_gimel,98.0,1.0,,,,,,,,
Boundary_Fields_Baseline_2011 — Eden_gimel,99.0,1.0,,,,,,,,
Boundary_Fields_Baseline_2011 — Eden_gimel,100.0,1.0,,,,,,,,
Boundary_Fields_Baseline_2011 — Eden_gimel,101.0,1.0,,,,,,,,
Boundary_Fields_Baseline_2011 — Eden_gimel,102.0,1.0,,,,,,,,
Boundary_Fields_Baseline_2011 — Eden_gimel,103.0,1.0,,,,,,,,
Boundary_Fields_Baseline_2011 — Eden_gimel,104.0,1.0,,,,,,,,
Boundary_Fields_Baseline_2011 — Eden_gimel,105.0,1.0,,,,,,,,
Boundary_Fields_Baseline_2011 — Eden_gimel,106.0,1.0,,,,,,,,
Boundary_Fields_Baseline_2011 — Eden_gimel,107.0,1.0,,,,,,,,
Boundary_Fields_Baseline_2011 — Eden_gimel,108.0,0.0,,,,,,,,
Boundary_Fields_Baseline_2011 — Eden_gimel,109.0,0.0,,,,,,,,
Boundary_Fields_Baseline_2011 — Eden_gimel,110.0,1.0,,,,,,,,
Boundary_Fields_Baseline_2011 — Eden_gimel,111.0,0.0,,,,,,,,
Boundary_Fields_Baseline_2011 — Eden_gimel,112.0,1.0,,,,,,,,
Boundary_Fields_Baseline_2011 — Eden_gimel,113.0,1.0,,,,,,,,
Boundary_Fields_Baseline_2011 — Eden_gimel,114.0,1.0,,,,,,,,
Boundary_Fields_Baseline_2011 — Eden_gimel,115.0,1.0,,,,,,,,
Boundary_Fields_Baseline_2011 — Eden_gimel,116.0,0.0,,,,,,,,
Boundary_Fields_Baseline_2011 — Eden_gimel,117.0,0.0,,,,,,,,
Boundary_Fields_Baseline_2011 — Eden_gimel,118.0,1.0,,,,,,,,
Boundary_Fields_Baseline_2011 — Eden_gimel,119.0,1.0,,,,,,,,
Boundary_Fields_Baseline_2011 — Eden_gimel,120.0,1.0,,,,,,,,
Boundary_Fields_Baseline_2011 — Eden_gimel,121.0,0.0,,,,,,,,
Boundary_Fields_Baseline_2011 — Eden_gimel,122.0,1.0,,,,,,,,
Boundary_Fields_Baseline_2011 — Eden_gimel,123.0,1.0,,,,,,,,
Boundary_Fields_Baseline_2011 — Eden_gimel,124.0,0.0,,,,,,,,
Boundary_Fields_Baseline_2011 — Eden_gimel,125.0,0.0,,,,,,,,
Boundary_Fields_Baseline_2011 — Eden_gimel,126.0,0.0,,,,,,,,
Boundary_Fields_Baseline_2011 — Eden_gimel,127.0,0.0,,,,,,,,
Boundary_Fields_Baseline_2011 — Eden_gimel,128.0,0.0,,,,,,,,
Boundary_Fields_Baseline_2011 — Eden_gimel,129.0,0.0,,,,,,,,
Boundary_Fields_Baseline_2011 — Eden_gimel,130.0,0.0,,,,,,,,
Boundary_Fields_Baseline_2011 — Eden_gimel,131.0,0.0,,,,,,,,
Boundary_Fields_Baseline_2011 — Eden_gimel,132.0,0.0,,,,,,,,
Boundary_Fields_Baseline_2011 — Eden_gimel,133.0,0.0,,,,,,,,
Boundary_Fields_Baseline_2011 — Eden_gimel,134.0,1.0,,,,,,,,
Boundary_Fields_Baseline_2011 — Eden_gimel,135.0,0.0,,,,,,,,
Boundary_Fields_Baseline_2011 — Eden_gimel,136.0,0.0,,,,,,,,
Boundary_Fields_Baseline_2011 — Eden_gimel,137.0,0.0,,,,,,,,
Boundary_Fields_Baseline_2011 — Eden_gimel,138.0,0.0,,,,,,,,
Boundary_Fields_Baseline_2011 — Eden_gimel,139.0,0.0,,,,,,,,
Boundary_Fields_Baseline_2011 — Eden_gimel,140.0,0.0,,,,,,,,
Boundary_Fields_Baseline_2011 — EHI_ablek_south,968.0,0.0,,,,,,,,
Boundary_Fields_Baseline_2011 — EHI_ablek_south,969.0,0.0,,,,,,,,
Boundary_Fields_Baseline_2011 — EHI_ablek_south,970.0,0.0,,,,,,,,
Boundary_Fields_Baseline_2011 — EHI_ablek_south,971.0,0.0,,,,,,,,
Boundary_Fields_Baseline_2011 — EHI_ablek_south,972.0,0.0,,,,,,,,
Boundary_Fields_Baseline_2011 — EHI_ablek_south,973.0,1.0,,,,,,,,
Boundary_Fields_Baseline_2011 — EHI_ablek_south,974.0,1.0,,,,,,,,
Boundary_Fields_Baseline_2011 — EHI_ablek_south,975.0,1.0,,,,,,,,
Boundary_Fields_Baseline_2011 — EHI_ablek_south,976.0,1.0,,,,,,,,
Boundary_Fields_Baseline_2011 — EHI_ablek_south,977.0,1.0,,,,,,,,
Boundary_Fields_Baseline_2011 — EHI_ablek_south,978.0,1.0,,,,,,,,
Boundary_Fields_Baseline_2011 — EHI_ablek_south,979.0,1.0,,,,,,,,
Boundary_Fields_Baseline_2011 — EHI_ablek_south,980.0,1.0,,,,,,,,
Boundary_Fields_Baseline_2011 — EHI_ablek_south,981.0,1.0,,,,,,,,
Boundary_Fields_Baseline_2011 — EHI_ablek_south,982.0,1.0,,,,,,,,
Boundary_Fields_Baseline_2011 — EHI_ablek_south,983.0,1.0,,,,,,,,
Boundary_Fields_Baseline_2011 — EHI_ablek_south,984.0,1.0,,,,,,,,
Boundary_Fields_Baseline_2011 — EHI_ablek_south,985.0,1.0,,,,,,,,
Boundary_Fields_Baseline_2011 — EHI_ablek_south,986.0,1.0,,,,,,,,
Boundary_Fields_Baseline_2011 — EHI_ablek_south,987.0,1.0,,,,,,,,
Boundary_Fields_Baseline_2011 — EHI_ablek_south,988.0,1.0,,,,,,,,
Boundary_Fields_Baseline_2011 — EHI_ablek_south,989.0,1.0,,,,,,,,
Boundary_Fields_Baseline_2011 — EHI_ablek_south,990.0,1.0,,,,,,,,
Boundary_Fields_Baseline_2011 — EHI_ablek_south,991.0,1.0,,,,,,,,
Boundary_Fields_Baseline_2011 — EHI_ablek_south,992.0,1.0,,,,,,,,
Boundary_Fields_Baseline_2011 — EHI_ablek_south,993.0,1.0,,,,,,,,
Boundary_Fields_Baseline_2011 — EHI_ablek_south,994.0,1.0,,,,,,,,
Boundary_Fields_Baseline_2011 — EHI_ablek_south,995.0,1.0,,,,,,,,
Boundary_Fields_Baseline_2011 — EHI_ablek_south,996.0,1.0,,,,,,,,
Boundary_Fields_Baseline_2011 — EHI_ablek_south,997.0,1.0,,,,,,,,
Boundary_Fields_Baseline_2011 — EHI_ablek_south,998.0,1.0,,,,,,,,
Boundary_Fields_Baseline_2011 — EHI_ablek_south,999.0,1.0,,,,,,,,
Boundary_Fields_Baseline_2011 — EHI_ablek_south,1000.0,1.0,,,,,,,,
Boundary_Fields_Baseline_2011 — EHI_ablek_south,1001.0,1.0,,,,,,,,
Boundary_Fields_Baseline_2011 — EHI_ablek_south,1002.0,1.0,,,,,,,,
Boundary_Fields_Baseline_2011 — EHI_ablek_south,1003.0,1.0,,,,,,,,
Boundary_Fields_Baseline_2011 — EHI_ablek_south,1004.0,1.0,,,,,,,,
Boundary_Fields_Baseline_2011 — EHI_ablek_south,1005.0,1.0,,,,,,,,
Boundary_Fields_Baseline_2011 — EHI_ablek_south,1006.0,1.0,,,,,,,,
Boundary_Fields_Baseline_2011 — EHI_ablek_south,1007.0,2.0,,,,,,,,
Boundary_Fields_Baseline_2011 — EHI_ablek_south,1008.0,1.0,,,,,,,,
Boundary_Fields_Baseline_2011 — EHI_ablek_south,1009.0,2.0,,,,,,,,
Boundary_Fields_Baseline_2011 — EHI_ablek_south,1010.0,2.0,,,,,,,,
Boundary_Fields_Baseline_2011 — EHI_ablek_south,1011.0,2.0,,,,,,,,
Boundary_Fields_Baseline_2011 — EHI_ablek_south,1012.0,2.0,,,,,,,,
Boundary_Fields_Baseline_2011 — EHI_ablek_south,1013.0,1.0,,,,,,,,
Boundary_Fields_Baseline_2011 — EHI_ablek_south,1014.0,1.0,,,,,,,,
Boundary_Fields_Baseline_2011 — EHI_ablek_south,1015.0,1.0,,,,,,,,
Boundary_Fields_Baseline_2011 — EHI_ablek_south,1016.0,1.0,,,,,,,,
Boundary_Fields_Baseline_2011 — EHI_ablek_south,1017.0,1.0,,,,,,,,
Boundary_Fields_Baseline_2011 — EHI_ablek_south,1018.0,1.0,,,,,,,,
Boundary_Fields_Baseline_2011 — EHI_ablek_south,1019.0,2.0,,,,,,,,
Boundary_Fields_Baseline_2011 — EHI_ablek_south,1020.0,2.0,,,,,,,,
Boundary_Fields_Baseline_2011 — EHI_ablek_south,1021.0,2.0,,,,,,,,
Boundary_Fields_Baseline_2011 — EHI_ablek_south,1022.0,2.0,,,,,,,,
Boundary_Fields_Baseline_2011 — EHI_ablek_south,1023.0,2.0,,,,,,,,
Boundary_Fields_Baseline_2011 — EHI_ablek_south,1024.0,2.0,,,,,,,,
Boundary_Fields_Baseline_2011 — EHI_ablek_south,1025.0,1.0,,,,,,,,
Boundary_Fields_Baseline_2011 — EHI_ablek_south,1026.0,1.0,,,,,,,,
Boundary_Fields_Baseline_2011 — EHI_ablek_south,1027.0,1.0,,,,,,,,
Boundary_Fields_Baseline_2011 — EHI_ablek_south,1028.0,1.0,,,,,,,,
Boundary_Fields_Baseline_2011 — EHI_ablek_south,1029.0,2.0,,,,,,,,
Boundary_Fields_Baseline_2011 — EHI_ablek_south,1030.0,1.0,,,,,,,,
Boundary_Fields_Baseline_2011 — EHI_ablek_south,1031.0,1.0,,,,,,,,
Boundary_Fields_Baseline_2011 — EHI_ablek_south,1032.0,1.0,,,,,,,,
Boundary_Fields_Baseline_2011 — EHI_ablek_south,1033.0,1.0,,,,,,,,
Boundary_Fields_Baseline_2011 — EHI_ablek_south,1034.0,1.0,,,,,,,,
Boundary_Fields_Baseline_2011 — EHI_ablek_south,1035.0,1.0,,,,,,,,
Boundary_Fields_Baseline_2011 — EHI_ablek_south,1036.0,1.0,,,,,,,,
Boundary_Fields_Baseline_2011 — EHI_ablek_south,1037.0,1.0,,,,,,,,
Boundary_Fields_Baseline_2011 — EHI_ablek_south,1038.0,1.0,,,,,,,,
Boundary_Fields_Baseline_2011 — EHI_ablek_south,1039.0,1.0,,,,,,,,
Boundary_Fields_Baseline_2011 — EHI_ablek_south,1040.0,1.0,,,,,,,,
Boundary_Fields_Baseline_2011 — EHI_ablek_south,1041.0,1.0,,,,,,,,
Boundary_Fields_Baseline_2011 — EHI_ablek_south,1042.0,1.0,,,,,,,,
Boundary_Fields_Baseline_2011 — EHI_ablek_south,1043.0,1.0,,,,,,,,
Boundary_Fields_Baseline_2011 — EHI_ablek_south,1044.0,1.0,,,,,,,,
Boundary_Fields_Baseline_2011 — EHI_ablek_south,1045.0,1.0,,,,,,,,
Boundary_Fields_Baseline_2011 — EHI_ablek_south,1046.0,1.0,,,,,,,,
Boundary_Fields_Baseline_2011 — EHI_ablek_south,1047.0,1.0,,,,,,,,
Boundary_Fields_Baseline_2011 — EHI_ablek_south,1048.0,1.0,,,,,,,,
Boundary_Fields_Baseline_2011 — EHI_ablek_south,1049.0,1.0,,,,,,,,
Boundary_Fields_Baseline_2011 — EHI_ablek_south,1050.0,0.0,,,,,,,,
Boundary_Fields_Baseline_2011 — EHI_ablek_south,1051.0,1.0,,,,,,,,
Boundary_Fields_Baseline_2011 — EHI_ablek_south,1052.0,0.0,,,,,,,,
Boundary_Fields_Baseline_2011 — EHI_ablek_south,1053.0,0.0,,,,,,,,
Boundary_Fields_Baseline_2011 — EHI_ablek_south,1055.0,0.0,,,,,,,,
Boundary_Fields_Baseline_2011 — EHI_ablek_south,1056.0,2.0,,,,,,,,
Boundary_Fields_Baseline_2011 — EHI_ablek_south,1057.0,0.0,,,,,,,,
Boundary_Fields_Baseline_2011 — EHI_ablek_south,1058.0,1.0,,,,,,,,
Boundary_Fields_Baseline_2011 — EHI_ablek_south,1059.0,1.0,,,,,,,,
Boundary_Fields_Baseline_2011 — EHI_ablek_south,1060.0,1.0,,,,,,,,
Boundary_Fields_Baseline_2011 — EHI_ablek_south,1061.0,1.0,,,,,,,,
Boundary_Fields_Baseline_2011 — EHI_ablek_south,1062.0,1.0,,,,,,,,
Boundary_Fields_Baseline_2011 — EHI_ablek_south,1063.0,1.0,,,,,,,,
Boundary_Fields_Baseline_2011 — EHI_ablek_south,1064.0,1.0,,,,,,,,
Boundary_Fields_Baseline_2011 — EHI_ablek_south,1065.0,1.0,,,,,,,,
Boundary_Fields_Baseline_2011 — EHI_ablek_south,1068.0,2.0,,,,,,,,
Boundary_Fields_Baseline_2011 — EHI_ablek_south,1069.0,1.0,,,,,,,,
Boundary_Fields_Baseline_2011 — EHI_ablek_south,1070.0,1.0,,,,,,,,
Boundary_Fields_Baseline_2011 — EHI_ablek_south,1071.0,1.0,,,,,,,,
Boundary_Fields_Baseline_2011 — EHI_ablek_south,1072.0,1.0,,,,,,,,
Boundary_Fields_Baseline_2011 — EHI_ablek_south,1073.0,1.0,,,,,,,,
Boundary_Fields_Baseline_2011 — EHI_ablek_south,1074.0,2.0,,,,,,,,
Boundary_Fields_Baseline_2011 — EHI_ablek_south,1075.0,1.0,,,,,,,,
Boundary_Fields_Baseline_2011 — EHI_ablek_south,1076.0,1.0,,,,,,,,
Boundary_Fields_Baseline_2011 — EHI_ablek_south,1077.0,1.0,,,,,,,,
Boundary_Fields_Baseline_2011 — EHI_ablek_south,1078.0,1.0,,,,,,,,
Boundary_Fields_Baseline_2011 — EHI_ablek_south,1079.0,1.0,,,,,,,,
Boundary_Fields_Baseline_2011 — EHI_ablek_south,1080.0,1.0,,,,,,,,
Boundary_Fields_Baseline_2011 — EHI_ablek_south,1081.0,2.0,,,,,,,,
Boundary_Fields_Baseline_2011 — EHI_ablek_south,1082.0,2.0,,,,,,,,
Boundary_Fields_Baseline_2011 — EHI_ablek_south,1083.0,2.0,,,,,,,,
Boundary_Fields_Baseline_2011 — EHI_ablek_south,1084.0,1.0,,,,,,,,
Boundary_Fields_Baseline_2011 — EHI_ablek_south,1085.0,1.0,,,,,,,,
Boundary_Fields_Baseline_2011 — EHI_ablek_south,1086.0,1.0,,,,,,,,
Boundary_Fields_Baseline_2011 — EHI_ablek_south,1087.0,1.0,,,,,,,,
Boundary_Fields_Baseline_2011 — EHI_ablek_south,1088.0,2.0,,,,,,,,
Boundary_Fields_Baseline_2011 — EHI_ablek_south,1089.0,2.0,,,,,,,,
Boundary_Fields_Baseline_2011 — EHI_ablek_south,1090.0,1.0,,,,,,,,
Boundary_Fields_Baseline_2011 — EHI_ablek_south,1091.0,1.0,,,,,,,,
Boundary_Fields_Baseline_2011 — EHI_ablek_south,1092.0,1.0,,,,,,,,
Boundary_Fields_Baseline_2011 — EHI_ablek_south,1093.0,1.0,,,,,,,,
Boundary_Fields_Baseline_2011 — EHI_ablek_south,1094.0,1.0,,,,,,,,
Boundary_Fields_Baseline_2011 — EHI_ablek_south,1095.0,1.0,,,,,,,,
Boundary_Fields_Baseline_2011 — EHI_ablek_south,1096.0,2.0,,,,,,,,
Boundary_Fields_Baseline_2011 — EHI_ablek_south,1097.0,2.0,,,,,,,,
Boundary_Fields_Baseline_2011 — EHI_ablek_south,1098.0,2.0,,,,,,,,
Boundary_Fields_Baseline_2011 — EHI_ablek_south,1099.0,1.0,,,,,,,,
Boundary_Fields_Baseline_2011 — EHI_ablek_south,1100.0,1.0,,,,,,,,
Boundary_Fields_Baseline_2011 — EHI_ablek_south,1101.0,1.0,,,,,,,,
Boundary_Fields_Baseline_2011 — EHI_ablek_south,1102.0,1.0,,,,,,,,
Boundary_Fields_Baseline_2011 — EHI_ablek_south,1103.0,1.0,,,,,,,,
Boundary_Fields_Baseline_2011 — EHI_ablek_south,1104.0,1.0,,,,,,,,
Boundary_Fields_Baseline_2011 — EHI_ablek_south,1105.0,2.0,,,,,,,,
Boundary_Fields_Baseline_2011 — EHI_ablek_south,1106.0,2.0,,,,,,,,
Boundary_Fields_Baseline_2011 — EHI_ablek_south,1107.0,2.0,,,,,,,,
Boundary_Fields_Baseline_2011 — EHI_ablek_south,1108.0,1.0,,,,,,,,
Boundary_Fields_Baseline_2011 — EHI_ablek_south,1109.0,1.0,,,,,,,,
Boundary_Fields_Baseline_2011 — EHI_ablek_south,1110.0,1.0,,,,,,,,
Boundary_Fields_Baseline_2011 — EHI_ablek_south,1111.0,1.0,,,,,,,,
Boundary_Fields_Baseline_2011 — EHI_ablek_south,1112.0,1.0,,,,,,,,
Boundary_Fields_Baseline_2011 — EHI_ablek_south,1113.0,1.0,,,,,,,,
Boundary_Fields_Baseline_2011 — EHI_ablek_south,1114.0,1.0,,,,,,,,
Boundary_Fields_Baseline_2011 — EHI_ablek_south,1115.0,2.0,,,,,,,,
Boundary_Fields_Baseline_2011 — EHI_ablek_south,1116.0,2.0,,,,,,,,
Boundary_Fields_Baseline_2011 — EHI_ablek_south,1117.0,1.0,,,,,,,,
Boundary_Fields_Baseline_2011 — EHI_ablek_south,1118.0,1.0,,,,,,,,
Boundary_Fields_Baseline_2011 — EHI_ablek_south,1119.0,1.0,,,,,,,,
Boundary_Fields_Baseline_2011 — EHI_ablek_south,1120.0,1.0,,,,,,,,
Boundary_Fields_Baseline_2011 — EHI_ablek_south,1121.0,2.0,,,,,,,,
Boundary_Fields_Baseline_2011 — EHI_ablek_south,1122.0,1.0,,,,,,,,
Boundary_Fields_Baseline_2011 — EHI_ablek_south,1123.0,1.0,,,,,,,,
Boundary_Fields_Baseline_2011 — EHI_ablek_south,1124.0,1.0,,,,,,,,
Boundary_Fields_Baseline_2011 — EHI_ablek_south,1125.0,1.0,,,,,,,,
Boundary_Fields_Baseline_2011 — EHI_ablek_south,1126.0,2.0,,,,,,,,
Boundary_Fields_Baseline_2011 — EHI_ablek_south,1127.0,2.0,,,,,,,,
Boundary_Fields_Baseline_2011 — EHI_ablek_south,1128.0,1.0,,,,,,,,
Boundary_Fields_Baseline_2011 — EHI_ablek_south,1129.0,1.0,,,,,,,,
Boundary_Fields_Baseline_2011 — EHI_ablek_south,1130.0,1.0,,,,,,,,
Boundary_Fields_Baseline_2011 — EHI_ablek_south,1131.0,1.0,,,,,,,,
Boundary_Fields_Baseline_2011 — EHI_ablek_south,1132.0,1.0,,,,,,,,
Boundary_Fields_Baseline_2011 — EHI_ablek_south,1133.0,1.0,,,,,,,,
Boundary_Fields_Baseline_2011 — EHI_ablek_south,1134.0,1.0,,,,,,,,
Boundary_Fields_Baseline_2011 — EHI_ablek_south,1135.0,1.0,,,,,,,,
Boundary_Fields_Baseline_2011 — EHI_ablek_south,1136.0,1.0,,,,,,,,
Boundary_Fields_Baseline_2011 — EHI_ablek_south,1137.0,1.0,,,,,,,,
Boundary_Fields_Baseline_2011 — EHI_ablek_south,1138.0,1.0,,,,,,,,
Boundary_Fields_Baseline_2011 — EHI_ablek_south,1139.0,1.0,,,,,,,,
Boundary_Fields_Baseline_2011 — EHI_ablek_south,1140.0,1.0,,,,,,,,
Boundary_Fields_Baseline_2011 — EHI_ablek_south,1141.0,1.0,,,,,,,,
Boundary_Fields_Baseline_2011 — EHI_ablek_south,1142.0,0.0,,,,,,,,
Boundary_Fields_Baseline_2011 — EHI_ablek_south,1143.0,0.0,,,,,,,,
Boundary_Fields_Baseline_2011 — EHI_ablek_south,1144.0,1.0,,,,,,,,
Boundary_Fields_Baseline_2011 — EHI_ablek_south,1145.0,1.0,,,,,,,,
Boundary_Fields_Baseline_2011 — EHI_ablek_south,1146.0,1.0,,,,,,,,
Boundary_Fields_Baseline_2011 — EHI_ablek_south,1147.0,1.0,,,,,,,,
Boundary_Fields_Baseline_2011 — EHI_ablek_south,1148.0,1.0,,,,,,,,
Boundary_Fields_Baseline_2011 — EHI_ablek_south,1149.0,1.0,,,,,,,,
Boundary_Fields_Baseline_2011 — EHI_ablek_south,1150.0,1.0,,,,,,,,
Boundary_Fields_Baseline_2011 — EHI_ablek_south,1151.0,1.0,,,,,,,,
Boundary_Fields_Baseline_2011 — EHI_ablek_south,1152.0,1.0,,,,,,,,
Boundary_Fields_Baseline_2011 — EHI_ablek_south,1153.0,1.0,,,,,,,,
Boundary_Fields_Baseline_2011 — EHI_ablek_south,1154.0,1.0,,,,,,,,
Boundary_Fields_Baseline_2011 — EHI_ablek_south,1155.0,1.0,,,,,,,,
Boundary_Fields_Baseline_2011 — EHI_ablek_south,1156.0,1.0,,,,,,,,
Boundary_Fields_Baseline_2011 — EHI_ablek_south,1157.0,0.0,,,,,,,,
Boundary_Fields_Baseline_2011 — EHI_ablek_south,1158.0,1.0,,,,,,,,
Boundary_Fields_Baseline_2011 — EHI_ablek_south,1159.0,1.0,,,,,,,,
Boundary_Fields_Baseline_2011 — EHI_ablek_south,1160.0,1.0,,,,,,,,
Boundary_Fields_Baseline_2011 — EHI_ablek_south,1161.0,1.0,,,,,,,,
Boundary_Fields_Baseline_2011 — EHI_ablek_south,1162.0,1.0,,,,,,,,
Boundary_Fields_Baseline_2011 — EHI_ablek_south,1163.0,1.0,,,,,,,,
Boundary_Fields_Baseline_2011 — EHI_ablek_south,1164.0,1.0,,,,,,,,
Boundary_Fields_Baseline_2011 — EHI_ablek_south,1165.0,1.0,,,,,,,,
Boundary_Fields_Baseline_2011 — EHI_ablek_south,1166.0,1.0,,,,,,,,
Boundary_Fields_Baseline_2011 — EHI_ablek_south,1167.0,2.0,,,,,,,,
Boundary_Fields_Baseline_2011 — EHI_ablek_south,1168.0,1.0,,,,,,,,
Boundary_Fields_Baseline_2011 — EHI_ablek_south,1169.0,1.0,,,,,,,,
Boundary_Fields_Baseline_2011 — EHI_ablek_south,1170.0,1.0,,,,,,,,
Boundary_Fields_Baseline_2011 — EHI_ablek_south,1171.0,1.0,,,,,,,,
Boundary_Fields_Baseline_2011 — EHI_ablek_south,1172.0,1.0,,,,,,,,
Boundary_Fields_Baseline_2011 — EHI_ablek_south,1173.0,1.0,,,,,,,,
Boundary_Fields_Baseline_2011 — EHI_ablek_south,1174.0,1.0,,,,,,,,
Boundary_Fields_Baseline_2011 — EHI_ablek_south,1175.0,1.0,,,,,,,,
Boundary_Fields_Baseline_2011 — EHI_ablek_south,1176.0,2.0,,,,,,,,
Boundary_Fields_Baseline_2011 — EHI_ablek_south,1177.0,3.0,,,,,,,,
Boundary_Fields_Baseline_2011 — EHI_ablek_south,1178.0,1.0,,,,,,,,
Boundary_Fields_Baseline_2011 — EHI_ablek_south,1179.0,1.0,,,,,,,,
Boundary_Fields_Baseline_2011 — EHI_ablek_south,1180.0,1.0,,,,,,,,
Boundary_Fields_Baseline_2011 — EHI_ablek_south,1181.0,2.0,,,,,,,,
Boundary_Fields_Baseline_2011 — EHI_ablek_south,1182.0,2.0,,,,,,,,
Boundary_Fields_Baseline_2011 — EHI_ablek_south,1183.0,3.0,,,,,,,,
Boundary_Fields_Baseline_2011 — EHI_ablek_south,1184.0,3.0,,,,,,,,
Boundary_Fields_Baseline_2011 — EHI_ablek_south,1185.0,2.0,,,,,,,,
Boundary_Fields_Baseline_2011 — EHI_ablek_south,1186.0,2.0,,,,,,,,
Boundary_Fields_Baseline_2011 — EHI_ablek_south,1187.0,2.0,,,,,,,,
Boundary_Fields_Baseline_2011 — EHI_ablek_south,1188.0,1.0,,,,,,,,
Boundary_Fields_Baseline_2011 — EHI_ablek_south,1189.0,2.0,,,,,,,,
Boundary_Fields_Baseline_2011 — EHI_ablek_south,1190.0,2.0,,,,,,,,
Boundary_Fields_Baseline_2011 — EHI_ablek_south,1191.0,3.0,,,,,,,,
Boundary_Fields_Baseline_2011 — EHI_ablek_south,1192.0,3.0,,,,,,,,
Boundary_Fields_Baseline_2011 — EHI_ablek_south,1193.0,3.0,,,,,,,,
Boundary_Fields_Baseline_2011 — EHI_ablek_south,1194.0,2.0,,,,,,,,
Boundary_Fields_Baseline_2011 — EHI_ablek_south,1195.0,2.0,,,,,,,,
Boundary_Fields_Baseline_2011 — EHI_ablek_south,1196.0,2.0,,,,,,,,
Boundary_Fields_Baseline_2011 — EHI_ablek_south,1197.0,2.0,,,,,,,,
Boundary_Fields_Baseline_2011 — EHI_ablek_south,1198.0,2.0,,,,,,,,
Boundary_Fields_Baseline_2011 — EHI_ablek_south,1199.0,2.0,,,,,,,,
Boundary_Fields_Baseline_2011 — EHI_ablek_south,1200.0,2.0,,,,,,,,
Boundary_Fields_Baseline_2011 — EHI_ablek_south,1201.0,2.0,,,,,,,,
Boundary_Fields_Baseline_2011 — EHI_ablek_south,1202.0,1.0,,,,,,,,
Boundary_Fields_Baseline_2011 — EHI_ablek_south,1203.0,1.0,,,,,,,,
Boundary_Fields_Baseline_2011 — EHI_ablek_south,1204.0,1.0,,,,,,,,
Boundary_Fields_Baseline_2011 — EHI_ablek_south,1205.0,1.0,,,,,,,,
Boundary_Fields_Baseline_2011 — EHI_ablek_south,1206.0,1.0,,,,,,,,
Boundary_Fields_Baseline_2011 — EHI_ablek_south,1207.0,1.0,,,,,,,,
Boundary_Fields_Baseline_2011 — EHI_ablek_south,1208.0,2.0,,,,,,,,
Boundary_Fields_Baseline_2011 — EHI_ablek_south,1209.0,2.0,,,,,,,,
Boundary_Fields_Baseline_2011 — EHI_ablek_south,1210.0,2.0,,,,,,,,
Boundary_Fields_Baseline_2011 — EHI_ablek_south,1211.0,2.0,,,,,,,,
Boundary_Fields_Baseline_2011 — EHI_ablek_south,1212.0,1.0,,,,,,,,
Boundary_Fields_Baseline_2011 — EHI_ablek_south,1213.0,1.0,,,,,,,,
Boundary_Fields_Baseline_2011 — EHI_ablek_south,1214.0,1.0,,,,,,,,
Boundary_Fields_Baseline_2011 — EHI_ablek_south,1215.0,1.0,,,,,,,,
Boundary_Fields_Baseline_2011 — EHI_ablek_south,1216.0,1.0,,,,,,,,
Boundary_Fields_Baseline_2011 — EHI_ablek_south,1217.0,1.0,,,,,,,,
Boundary_Fields_Baseline_2011 — EHI_ablek_south,1218.0,1.0,,,,,,,,
Boundary_Fields_Baseline_2011 — EHI_ablek_south,1219.0,1.0,,,,,,,,
Boundary_Fields_Baseline_2011 — EHI_ablek_south,1220.0,1.0,,,,,,,,
Boundary_Fields_Baseline_2011 — EHI_ablek_south,1221.0,1.0,,,,,,,,
Boundary_Fields_Baseline_2011 — EHI_ablek_south,1222.0,1.0,,,,,,,,
Boundary_Fields_Baseline_2011 — EHI_ablek_south,1223.0,1.0,,,,,,,,
Boundary_Fields_Baseline_2011 — EHI_ablek_south,1224.0,1.0,,,,,,,,
Boundary_Fields_Baseline_2011 — EHI_ablek_south,1225.0,1.0,,,,,,,,
Boundary_Fields_Baseline_2011 — EHI_ablek_south,1226.0,1.0,,,,,,,,
Boundary_Fields_Baseline_2011 — EHI_ablek_south,1227.0,1.0,,,,,,,,
Boundary_Fields_Baseline_2011 — EHI_ablek_south,1228.0,1.0,,,,,,,,
Boundary_Fields_Baseline_2011 — EHI_ablek_south,1229.0,1.0,,,,,,,,
Boundary_Fields_Baseline_2011 — EHI_ablek_south,1230.0,1.0,,,,,,,,
Boundary_Fields_Baseline_2011 — EHI_ablek_south,1231.0,1.0,,,,,,,,
Boundary_Fields_Baseline_2011 — EHI_ablek_south,1232.0,1.0,,,,,,,,
Boundary_Fields_Baseline_2011 — EHI_ablek_south,1233.0,1.0,,,,,,,,
Boundary_Fields_Baseline_2011 — EHI_ablek_south,1234.0,1.0,,,,,,,,
Boundary_Fields_Baseline_2011 — EHI_ablek_south,1235.0,1.0,,,,,,,,
Boundary_Fields_Baseline_2011 — EHI_ablek_south,1236.0,1.0,,,,,,,,
Boundary_Fields_Baseline_2011 — EHI_ablek_south,1237.0,1.0,,,,,,,,
Boundary_Fields_Baseline_2011 — EHI_ablek_south,1238.0,1.0,,,,,,,,
Boundary_Fields_Baseline_2011 — EHI_ablek_south,1239.0,1.0,,,,,,,,
Boundary_Fields_Baseline_2011 — EHI_ablek_south,1240.0,1.0,,,,,,,,
Boundary_Fields_Baseline_2011 — EHI_ablek_south,1241.0,1.0,,,,,,,,
Boundary_Fields_Baseline_2011 — EHI_ablek_south,1242.0,1.0,,,,,,,,
Boundary_Fields_Baseline_2011 — EHI_ablek_south,1243.0,1.0,,,,,,,,
Boundary_Fields_Baseline_2011 — EHI_ablek_south,1244.0,1.0,,,,,,,,
Boundary_Fields_Baseline_2011 — EHI_ablek_south,1245.0,1.0,,,,,,,,
Boundary_Fields_Baseline_2011 — EHI_ablek_south,1246.0,1.0,,,,,,,,
Boundary_Fields_Baseline_2011 — EHI_ablek_south,1247.0,1.0,,,,,,,,
Boundary_Fields_Baseline_2011 — EHI_ablek_south,1248.0,1.0,,,,,,,,
Boundary_Fields_Baseline_2011 — EHI_ablek_south,1249.0,1.0,,,,,,,,
Boundary_Fields_Baseline_2011 — EHI_ablek_south,1250.0,2.0,,,,,,,,
Boundary_Fields_Baseline_2011 — EHI_ablek_south,1251.0,2.0,,,,,,,,
Boundary_Fields_Baseline_2011 — EHI_ablek_south,1252.0,1.0,,,,,,,,
Boundary_Fields_Baseline_2011 — EHI_ablek_south,1253.0,1.0,,,,,,,,
Boundary_Fields_Baseline_2011 — EHI_ablek_south,1254.0,2.0,,,,,,,,
Boundary_Fields_Baseline_2011 — EHI_ablek_south,1255.0,2.0,,,,,,,,
Boundary_Fields_Baseline_2011 — EHI_ablek_south,1256.0,2.0,,,,,,,,
Boundary_Fields_Baseline_2011 — EHI_ablek_south,1257.0,2.0,,,,,,,,
Boundary_Fields_Baseline_2011 — EHI_ablek_south,1258.0,2.0,,,,,,,,
Boundary_Fields_Baseline_2011 — EHI_ablek_south,1259.0,2.0,,,,,,,,
Boundary_Fields_Baseline_2011 — EHI_ablek_south,1260.0,1.0,,,,,,,,
Boundary_Fields_Baseline_2011 — EHI_ablek_south,1261.0,1.0,,,,,,,,
Boundary_Fields_Baseline_2011 — EHI_ablek_south,1262.0,2.0,,,,,,,,
Boundary_Fields_Baseline_2011 — EHI_ablek_south,1263.0,2.0,,,,,,,,
Boundary_Fields_Baseline_2011 — EHI_ablek_south,1264.0,2.0,,,,,,,,
Boundary_Fields_Baseline_2011 — EHI_ablek_south,1265.0,2.0,,,,,,,,
Boundary_Fields_Baseline_2011 — EHI_ablek_south,1266.0,3.0,,,,,,,,
Boundary_Fields_Baseline_2011 — EHI_ablek_south,1267.0,3.0,,,,,,,,
Boundary_Fields_Baseline_2011 — EHI_ablek_south,1268.0,3.0,,,,,,,,
Boundary_Fields_Baseline_2011 — EHI_ablek_south,1269.0,3.0,,,,,,,,
Boundary_Fields_Baseline_2011 — EHI_ablek_south,1270.0,2.0,,,,,,,,
Boundary_Fields_Baseline_2011 — EHI_ablek_south,1271.0,2.0,,,,,,,,
Boundary_Fields_Baseline_2011 — EHI_ablek_south,1272.0,2.0,,,,,,,,
Boundary_Fields_Baseline_2011 — EHI_ablek_south,1273.0,2.0,,,,,,,,
Boundary_Fields_Baseline_2011 — EHI_ablek_south,1274.0,3.0,,,,,,,,
Boundary_Fields_Baseline_2011 — EHI_ablek_south,1275.0,3.0,,,,,,,,
Boundary_Fields_Baseline_2011 — EHI_ablek_south,1276.0,3.0,,,,,,,,
Boundary_Fields_Baseline_2011 — EHI_ablek_south,1277.0,2.0,,,,,,,,
Boundary_Fields_Baseline_2011 — EHI_ablek_south,1278.0,2.0,,,,,,,,
Boundary_Fields_Baseline_2011 — EHI_ablek_south,1279.0,2.0,,,,,,,,
Boundary_Fields_Baseline_2011 — EHI_ablek_south,1280.0,3.0,,,,,,,,
Boundary_Fields_Baseline_2011 — EHI_ablek_south,1281.0,3.0,,,,,,,,
Boundary_Fields_Baseline_2011 — EHI_ablek_south,1282.0,3.0,,,,,,,,
Boundary_Fields_Baseline_2011 — EHI_ablek_south,1283.0,3.0,,,,,,,,
Boundary_Fields_Baseline_2011 — EHI_ablek_south,1284.0,3.0,,,,,,,,
Boundary_Fields_Baseline_2011 — EHI_ablek_south,1285.0,2.0,,,,,,,,
Boundary_Fields_Baseline_2011 — EHI_ablek_south,1286.0,3.0,,,,,,,,
Boundary_Fields_Baseline_2011 — EHI_ablek_south,1287.0,3.0,,,,,,,,
Boundary_Fields_Baseline_2011 — EHI_ablek_south,1288.0,3.0,,,,,,,,
Boundary_Fields_Baseline_2011 — EHI_ablek_south,1289.0,3.0,,,,,,,,
Boundary_Fields_Baseline_2011 — EHI_ablek_south,1290.0,3.0,,,,,,,,
Boundary_Fields_Baseline_2011 — EHI_ablek_south,1291.0,2.0,,,,,,,,
Boundary_Fields_Baseline_2011 — EHI_ablek_south,1292.0,2.0,,,,,,,,
Boundary_Fields_Baseline_2011 — EHI_ablek_south,1293.0,2.0,,,,,,,,
Boundary_Fields_Baseline_2011 — EHI_ablek_south,1294.0,2.0,,,,,,,,
Boundary_Fields_Baseline_2011 — EHI_ablek_south,1295.0,1.0,,,,,,,,
Boundary_Fields_Baseline_2011 — EHI_ablek_south,1296.0,2.0,,,,,,,,
Boundary_Fields_Baseline_2011 — EHI_ablek_south,1297.0,1.0,,,,,,,,
Boundary_Fields_Baseline_2011 — EHI_ablek_south,1298.0,1.0,,,,,,,,
Boundary_Fields_Baseline_2011 — EHI_ablek_south,1299.0,1.0,,,,,,,,
Boundary_Fields_Baseline_2011 — EHI_ablek_south,1300.0,1.0,,,,,,,,
Boundary_Fields_Baseline_2011 — EHI_ablek_south,1301.0,1.0,,,,,,,,
Boundary_Fields_Baseline_2011 — EHI_ablek_south,1302.0,1.0,,,,,,,,
Boundary_Fields_Baseline_2011 — EHI_ablek_south,1303.0,1.0,,,,,,,,
Boundary_Fields_Baseline_2011 — EHI_ablek_south,1304.0,1.0,,,,,,,,
Boundary_Fields_Baseline_2011 — EHI_ablek_south,1305.0,1.0,,,,,,,,
Boundary_Fields_Baseline_2011 — EHI_ablek_south,1306.0,1.0,,,,,,,,
Boundary_Fields_Baseline_2011 — EHI_ablek_south,1307.0,1.0,,,,,,,,
Boundary_Fields_Baseline_2011 — EHI_ablek_south,1308.0,1.0,,,,,,,,
Boundary_Fields_Baseline_2011 — EHI_ablek_south,1309.0,1.0,,,,,,,,
Boundary_Fields_Baseline_2011 — EHI_ablek_south,1310.0,1.0,,,,,,,,
Boundary_Fields_Baseline_2011 — EHI_ablek_south,1311.0,1.0,,,,,,,,
Boundary_Fields_Baseline_2011 — EHI_ablek_south,1312.0,1.0,,,,,,,,
Boundary_Fields_Baseline_2011 — EHI_ablek_south,1313.0,1.0,,,,,,,,
Boundary_Fields_Baseline_2011 — EHI_ablek_south,1314.0,1.0,,,,,,,,
Boundary_Fields_Baseline_2011 — EHI_ablek_south,1315.0,1.0,,,,,,,,
Boundary_Fields_Baseline_2011 — EHI_ablek_south,1316.0,1.0,,,,,,,,
Boundary_Fields_Baseline_2011 — EHI_ablek_south,1317.0,1.0,,,,,,,,
Boundary_Fields_Baseline_2011 — EHI_ablek_south,1318.0,1.0,,,,,,,,
Boundary_Fields_Baseline_2011 — EHI_ablek_south,1319.0,1.0,,,,,,,,
Boundary_Fields_Baseline_2011 — EHI_ablek_south,1320.0,1.0,,,,,,,,
Boundary_Fields_Baseline_2011 — EHI_ablek_south,1321.0,1.0,,,,,,,,
Boundary_Fields_Baseline_2011 — EHI_ablek_south,1322.0,1.0,,,,,,,,
Boundary_Fields_Baseline_2011 — EHI_ablek_south,1323.0,1.0,,,,,,,,
Boundary_Fields_Baseline_2011 — EHI_ablek_south,1324.0,1.0,,,,,,,,
Boundary_Fields_Baseline_2011 — EHI_ablek_south,1325.0,1.0,,,,,,,,
Boundary_Fields_Baseline_2011 — EHI_ablek_south,1326.0,1.0,,,,,,,,
Boundary_Fields_Baseline_2011 — EHI_ablek_south,1327.0,1.0,,,,,,,,
Boundary_Fields_Baseline_2011 — EHI_ablek_south,1328.0,1.0,,,,,,,,
Boundary_Fields_Baseline_2011 — EHI_ablek_south,1329.0,1.0,,,,,,,,
Boundary_Fields_Baseline_2011 — EHI_ablek_south,1330.0,1.0,,,,,,,,
Boundary_Fields_Baseline_2011 — EHI_ablek_south,1331.0,1.0,,,,,,,,
Boundary_Fields_Baseline_2011 — EHI_ablek_south,1332.0,1.0,,,,,,,,
Boundary_Fields_Baseline_2011 — EHI_ablek_south,1333.0,1.0,,,,,,,,
Boundary_Fields_Baseline_2011 — EHI_ablek_south,1334.0,1.0,,,,,,,,
Boundary_Fields_Baseline_2011 — EHI_ablek_south,1335.0,1.0,,,,,,,,
Boundary_Fields_Baseline_2011 — EHI_ablek_south,1336.0,1.0,,,,,,,,
Boundary_Fields_Baseline_2011 — EHI_ablek_south,1337.0,1.0,,,,,,,,
Boundary_Fields_Baseline_2011 — EHI_ablek_south,1338.0,1.0,,,,,,,,
Boundary_Fields_Baseline_2011 — EHI_ablek_south,1339.0,1.0,,,,,,,,
Boundary_Fields_Baseline_2011 — EHI_ablek_south,1340.0,1.0,,,,,,,,
Boundary_Fields_Baseline_2011 — EHI_ablek_south,1341.0,1.0,,,,,,,,
Boundary_Fields_Baseline_2011 — EHI_ablek_south,1342.0,1.0,,,,,,,,
Boundary_Fields_Baseline_2011 — EHI_ablek_south,1343.0,1.0,,,,,,,,
Boundary_Fields_Baseline_2011 — EHI_ablek_south,1344.0,1.0,,,,,,,,
Boundary_Fields_Baseline_2011 — EHI_ablek_south,1345.0,1.0,,,,,,,,
Boundary_Fields_Baseline_2011 — EHI_ablek_south,1346.0,1.0,,,,,,,,
Boundary_Fields_Baseline_2011 — EHI_ablek_south,1347.0,1.0,,,,,,,,
Boundary_Fields_Baseline_2011 — EHI_ablek_south,1348.0,1.0,,,,,,,,
Boundary_Fields_Baseline_2011 — EHI_ablek_south,1349.0,1.0,,,,,,,,
Boundary_Fields_Baseline_2011 — EHI_ablek_south,1350.0,1.0,,,,,,,,
Boundary_Fields_Baseline_2011 — EHI_ablek_south,1351.0,1.0,,,,,,,,
Boundary_Fields_Baseline_2011 — EHI_ablek_south,1352.0,1.0,,,,,,,,
Boundary_Fields_Baseline_2011 — EHI_ablek_south,1353.0,1.0,,,,,,,,
Boundary_Fields_Baseline_2011 — EHI_ablek_south,1354.0,2.0,,,,,,,,
Boundary_Fields_Baseline_2011 — EHI_ablek_south,1355.0,2.0,,,,,,,,
Boundary_Fields_Baseline_2011 — EHI_ablek_south,1356.0,3.0,,,,,,,,
Boundary_Fields_Baseline_2011 — EHI_ablek_south,1357.0,3.0,,,,,,,,
Boundary_Fields_Baseline_2011 — EHI_ablek_south,1358.0,3.0,,,,,,,,
Boundary_Fields_Baseline_2011 — EHI_ablek_south,1359.0,3.0,,,,,,,,
Boundary_Fields_Baseline_2011 — EHI_ablek_south,1360.0,3.0,,,,,,,,
Boundary_Fields_Baseline_2011 — EHI_ablek_south,1361.0,3.0,,,,,,,,
Boundary_Fields_Baseline_2011 — EHI_ablek_south,1362.0,3.0,,,,,,,,
Boundary_Fields_Baseline_2011 — EHI_ablek_south,1363.0,3.0,,,,,,,,
Boundary_Fields_Baseline_2011 — EHI_ablek_south,1364.0,3.0,,,,,,,,
Boundary_Fields_Baseline_2011 — EHI_ablek_south,1365.0,3.0,,,,,,,,
Boundary_Fields_Baseline_2011 — EHI_ablek_south,1366.0,3.0,,,,,,,,
Boundary_Fields_Baseline_2011 — EHI_ablek_south,1367.0,2.0,,,,,,,,
Boundary_Fields_Baseline_2011 — EHI_ablek_south,1368.0,2.0,,,,,,,,
Boundary_Fields_Baseline_2011 — EHI_ablek_south,1369.0,2.0,,,,,,,,
Boundary_Fields_Baseline_2011 — EHI_ablek_south,1370.0,2.0,,,,,,,,
Boundary_Fields_Baseline_2011 — EHI_ablek_south,1371.0,2.0,,,,,,,,
Boundary_Fields_Baseline_2011 — EHI_ablek_south,1372.0,2.0,,,,,,,,
Boundary_Fields_Baseline_2011 — EHI_ablek_south,1373.0,2.0,,,,,,,,
Boundary_Fields_Baseline_2011 — EHI_ablek_south,1374.0,2.0,,,,,,,,
Boundary_Fields_Baseline_2011 — EHI_ablek_south,1375.0,2.0,,,,,,,,
Boundary_Fields_Baseline_2011 — EHI_ablek_south,1376.0,2.0,,,,,,,,
Boundary_Fields_Baseline_2011 — EHI_ablek_south,1377.0,2.0,,,,,,,,
Boundary_Fields_Baseline_2011 — EHI_ablek_south,1378.0,2.0,,,,,,,,
Boundary_Fields_Baseline_2011 — EHI_ablek_south,1379.0,2.0,,,,,,,,
Boundary_Fields_Baseline_2011 — EHI_ablek_south,1380.0,2.0,,,,,,,,
Boundary_Fields_Baseline_2011 — EHI_ablek_south,1381.0,2.0,,,,,,,,
Boundary_Fields_Baseline_2011 — EHI_ablek_south,1382.0,2.0,,,,,,,,
Boundary_Fields_Baseline_2011 — EHI_ablek_south,1383.0,1.0,,,,,,,,
Boundary_Fields_Baseline_2011 — EHI_ablek_south,1384.0,1.0,,,,,,,,
Boundary_Fields_Baseline_2011 — EHI_ablek_south,1385.0,1.0,,,,,,,,
Boundary_Fields_Baseline_2011 — EHI_ablek_south,1386.0,1.0,,,,,,,,
Boundary_Fields_Baseline_2011 — EHI_ablek_south,1387.0,1.0,,,,,,,,
Boundary_Fields_Baseline_2011 — EHI_ablek_south,1388.0,1.0,,,,,,,,
Boundary_Fields_Baseline_2011 — EHI_ablek_south,1389.0,1.0,,,,,,,,
Boundary_Fields_Baseline_2011 — EHI_ablek_south,1390.0,1.0,,,,,,,,
Boundary_Fields_Baseline_2011 — EHI_ablek_south,1391.0,1.0,,,,,,,,
Boundary_Fields_Baseline_2011 — EHI_ablek_south,1392.0,1.0,,,,,,,,
Boundary_Fields_Baseline_2011 — EHI_ablek_south,1393.0,1.0,,,,,,,,
Boundary_Fields_Baseline_2011 — EHI_ablek_south,1394.0,1.0,,,,,,,,
Boundary_Fields_Baseline_2011 — EHI_ablek_south,1395.0,1.0,,,,,,,,
Boundary_Fields_Baseline_2011 — EHI_ablek_south,1396.0,0.0,,,,,,,,
Boundary_Fields_Baseline_2011 — EHI_ablek_south,1397.0,0.0,,,,,,,,
Boundary_Fields_Baseline_2011 — EHI_ablek_south,1398.0,0.0,,,,,,,,
Boundary_Fields_Baseline_2011 — EHI_ablek_south,1399.0,0.0,,,,,,,,
Boundary_Fields_Baseline_2011 — EHI_ablek_south,1400.0,1.0,,,,,,,,
Boundary_Fields_Baseline_2011 — EHI_ablek_south,1401.0,1.0,,,,,,,,
Boundary_Fields_Baseline_2011 — EHI_ablek_south,1402.0,1.0,,,,,,,,
Boundary_Fields_Baseline_2011 — EHI_ablek_south,1403.0,1.0,,,,,,,,
Boundary_Fields_Baseline_2011 — EHI_ablek_south,1404.0,1.0,,,,,,,,
Boundary_Fields_Baseline_2011 — EHI_ablek_south,1405.0,1.0,,,,,,,,
Boundary_Fields_Baseline_2011 — EHI_ablek_south,1406.0,1.0,,,,,,,,
Boundary_Fields_Baseline_2011 — EHI_ablek_south,1407.0,1.0,,,,,,,,
Boundary_Fields_Baseline_2011 — EHI_ablek_south,1408.0,1.0,,,,,,,,
Boundary_Fields_Baseline_2011 — EHI_ablek_south,1409.0,1.0,,,,,,,,
Boundary_Fields_Baseline_2011 — EHI_ablek_south,1410.0,1.0,,,,,,,,
Boundary_Fields_Baseline_2011 — EHI_ablek_south,1411.0,1.0,,,,,,,,
Boundary_Fields_Baseline_2011 — EHI_ablek_south,1412.0,1.0,,,,,,,,
Boundary_Fields_Baseline_2011 — EHI_ablek_south,1413.0,1.0,,,,,,,,
Boundary_Fields_Baseline_2011 — EHI_ablek_south,1414.0,1.0,,,,,,,,
Boundary_Fields_Baseline_2011 — EHI_ablek_south,1415.0,0.0,,,,,,,,
Boundary_Fields_Baseline_2011 — EHI_ablek_south,1416.0,1.0,,,,,,,,
Boundary_Fields_Baseline_2011 — EHI_ablek_south,1417.0,1.0,,,,,,,,
Boundary_Fields_Baseline_2011 — EHI_ablek_south,1418.0,1.0,,,,,,,,
Boundary_Fields_Baseline_2011 — EHI_ablek_south,1419.0,1.0,,,,,,,,
Boundary_Fields_Baseline_2011 — EHI_ablek_south,1420.0,1.0,,,,,,,,
Boundary_Fields_Baseline_2011 — EHI_ablek_south,1421.0,1.0,,,,,,,,
Boundary_Fields_Baseline_2011 — EHI_ablek_south,1422.0,1.0,,,,,,,,
Boundary_Fields_Baseline_2011 — EHI_ablek_south,1423.0,1.0,,,,,,,,
Boundary_Fields_Baseline_2011 — EHI_ablek_south,1424.0,1.0,,,,,,,,
Boundary_Fields_Baseline_2011 — EHI_ablek_south,1425.0,1.0,,,,,,,,
Boundary_Fields_Baseline_2011 — EHI_ablek_south,1426.0,1.0,,,,,,,,
Boundary_Fields_Baseline_2011 — EHI_ablek_south,1427.0,1.0,,,,,,,,
Boundary_Fields_Baseline_2011 — EHI_ablek_south,1428.0,1.0,,,,,,,,
Boundary_Fields_Baseline_2011 — EHI_ablek_south,1429.0,1.0,,,,,,,,
Boundary_Fields_Baseline_2011 — EHI_ablek_south,1430.0,1.0,,,,,,,,
Boundary_Fields_Baseline_2011 — EHI_ablek_south,1431.0,1.0,,,,,,,,
Boundary_Fields_Baseline_2011 — EHI_ablek_south,1432.0,1.0,,,,,,,,
Boundary_Fields_Baseline_2011 — EHI_ablek_south,1433.0,1.0,,,,,,,,
Boundary_Fields_Baseline_2011 — EHI_ablek_south,1434.0,1.0,,,,,,,,
Boundary_Fields_Baseline_2011 — EHI_ablek_south,1435.0,1.0,,,,,,,,
Boundary_Fields_Baseline_2011 — EHI_ablek_south,1436.0,1.0,,,,,,,,
Boundary_Fields_Baseline_2011 — EHI_ablek_south,1437.0,1.0,,,,,,,,
Boundary_Fields_Baseline_2011 — EHI_ablek_south,1438.0,1.0,,,,,,,,
Boundary_Fields_Baseline_2011 — EHI_ablek_south,1439.0,1.0,,,,,,,,
Boundary_Fields_Baseline_2011 — EHI_ablek_south,1440.0,1.0,,,,,,,,
Boundary_Fields_Baseline_2011 — EHI_ablek_south,1441.0,1.0,,,,,,,,
Boundary_Fields_Baseline_2011 — EHI_ablek_south,1442.0,1.0,,,,,,,,
Boundary_Fields_Baseline_2011 — EHI_ablek_south,1443.0,2.0,,,,,,,,
Boundary_Fields_Baseline_2011 — EHI_ablek_south,1444.0,2.0,,,,,,,,
Boundary_Fields_Baseline_2011 — EHI_ablek_south,1445.0,2.0,,,,,,,,
Boundary_Fields_Baseline_2011 — EHI_ablek_south,1446.0,2.0,,,,,,,,
Boundary_Fields_Baseline_2011 — EHI_ablek_south,1447.0,2.0,,,,,,,,
Boundary_Fields_Baseline_2011 — EHI_ablek_south,1448.0,3.0,,,,,,,,
Boundary_Fields_Baseline_2011 — EHI_ablek_south,1449.0,3.0,,,,,,,,
Boundary_Fields_Baseline_2011 — EHI_ablek_south,1450.0,2.0,,,,,,,,
Boundary_Fields_Baseline_2011 — EHI_ablek_south,1451.0,2.0,,,,,,,,
Boundary_Fields_Baseline_2011 — EHI_ablek_south,1452.0,2.0,,,,,,,,
Boundary_Fields_Baseline_2011 — EHI_ablek_south,1453.0,2.0,,,,,,,,
Boundary_Fields_Baseline_2011 — EHI_ablek_south,1454.0,2.0,,,,,,,,
Boundary_Fields_Baseline_2011 — EHI_ablek_south,1455.0,2.0,,,,,,,,
Boundary_Fields_Baseline_2011 — EHI_ablek_south,1456.0,1.0,,,,,,,,
Boundary_Fields_Baseline_2011 — EHI_ablek_south,1457.0,1.0,,,,,,,,
Boundary_Fields_Baseline_2011 — EHI_ablek_south,1458.0,1.0,,,,,,,,
Boundary_Fields_Baseline_2011 — EHI_ablek_south,1459.0,1.0,,,,,,,,
Boundary_Fields_Baseline_2011 — EHI_ablek_south,1460.0,1.0,,,,,,,,
Boundary_Fields_Baseline_2011 — EHI_ablek_south,1461.0,1.0,,,,,,,,
Boundary_Fields_Baseline_2011 — EHI_ablek_south,1462.0,2.0,,,,,,,,
Boundary_Fields_Baseline_2011 — EHI_ablek_south,1463.0,2.0,,,,,,,,
Boundary_Fields_Baseline_2011 — EHI_ablek_south,1464.0,2.0,,,,,,,,
Boundary_Fields_Baseline_2011 — EHI_ablek_south,1465.0,2.0,,,,,,,,
Boundary_Fields_Baseline_2011 — EHI_ablek_south,1466.0,1.0,,,,,,,,
Boundary_Fields_Baseline_2011 — EHI_ablek_south,1467.0,1.0,,,,,,,,
Boundary_Fields_Baseline_2011 — EHI_ablek_south,1468.0,1.0,,,,,,,,
Boundary_Fields_Baseline_2011 — EHI_ablek_south,1469.0,1.0,,,,,,,,
Boundary_Fields_Baseline_2011 — EHI_ablek_south,1470.0,1.0,,,,,,,,
Boundary_Fields_Baseline_2011 — EHI_ablek_south,1471.0,1.0,,,,,,,,
Boundary_Fields_Baseline_2011 — EHI_ablek_south,1472.0,1.0,,,,,,,,
Boundary_Fields_Baseline_2011 — EHI_ablek_south,1473.0,1.0,,,,,,,,
Boundary_Fields_Baseline_2011 — EHI_ablek_south,1474.0,0.0,,,,,,,,
Boundary_Fields_Baseline_2011 — EHI_ablek_south,1475.0,1.0,,,,,,,,
Boundary_Fields_Baseline_2011 — EHI_ablek_south,1476.0,1.0,,,,,,,,
Boundary_Fields_Baseline_2011 — EHI_ablek_south,1477.0,1.0,,,,,,,,
Boundary_Fields_Baseline_2011 — EHI_ablek_south,1478.0,1.0,,,,,,,,
Boundary_Fields_Baseline_2011 — EHI_ablek_south,1479.0,1.0,,,,,,,,
Boundary_Fields_Baseline_2011 — EHI_ablek_south,1480.0,1.0,,,,,,,,
Boundary_Fields_Baseline_2011 — EHI_ablek_south,1481.0,1.0,,,,,,,,
Boundary_Fields_Baseline_2011 — EHI_ablek_south,1482.0,1.0,,,,,,,,
Boundary_Fields_Baseline_2011 — EHI_ablek_south,1483.0,0.0,,,,,,,,
Boundary_Fields_Baseline_2011 — EHI_ablek_south,1484.0,0.0,,,,,,,,
Boundary_Fields_Baseline_2011 — EHI_ablek_south,1485.0,0.0,,,,,,,,
Boundary_Fields_Baseline_2011 — EHI_ablek_south,1486.0,1.0,,,,,,,,
Boundary_Fields_Baseline_2011 — EHI_ablek_south,1487.0,1.0,,,,,,,,
Boundary_Fields_Baseline_2011 — EHI_ablek_south,1488.0,1.0,,,,,,,,
Boundary_Fields_Baseline_2011 — EHI_ablek_south,1489.0,1.0,,,,,,,,
Boundary_Fields_Baseline_2011 — EHI_ablek_south,1490.0,0.0,,,,,,,,
Boundary_Fields_Baseline_2011 — EHI_ablek_south,1491.0,0.0,,,,,,,,
Boundary_Fields_Baseline_2011 — EHI_ablek_south,1492.0,1.0,,,,,,,,
Boundary_Fields_Baseline_2011 — EHI_ablek_south,1493.0,0.0,,,,,,,,
Boundary_Fields_Baseline_2011 — EHI_ablek_south,1494.0,1.0,,,,,,,,
Boundary_Fields_Baseline_2011 — EHI_ablek_south,1495.0,0.0,,,,,,,,
Boundary_Fields_Baseline_2011 — EHI_ablek_south,1496.0,0.0,,,,,,,,
Boundary_Fields_Baseline_2011 — EHI_ablek_south,1497.0,1.0,,,,,,,,
Boundary_Fields_Baseline_2011 — EHI_ablek_south,1498.0,1.0,,,,,,,,
Boundary_Fields_Baseline_2011 — EHI_ablek_south,1499.0,1.0,,,,,,,,
Boundary_Fields_Baseline_2011 — EHI_ablek_south,1500.0,1.0,,,,,,,,
Boundary_Fields_Baseline_2011 — EHI_ablek_south,1501.0,0.0,,,,,,,,
Boundary_Fields_Baseline_2011 — EHI_ablek_south,1502.0,0.0,,,,,,,,
Boundary_Fields_Baseline_2011 — EHI_ablek_south,1503.0,0.0,,,,,,,,
Boundary_Fields_Baseline_2011 — EHI_ablek_south,1504.0,0.0,,,,,,,,
Boundary_Fields_Baseline_2011 — EHI_ablek_south,1505.0,1.0,,,,,,,,
Boundary_Fields_Baseline_2011 — EHI_ablek_south,1506.0,0.0,,,,,,,,
Boundary_Fields_Baseline_2011 — EHI_ablek_south,1507.0,0.0,,,,,,,,
Boundary_Fields_Baseline_2011 — EHI_ablek_south,1508.0,0.0,,,,,,,,
Boundary_Fields_Baseline_2011 — EHI_ablek_south,1509.0,0.0,,,,,,,,
Boundary_Fields_Baseline_2011 — EHI_ablek_south,1510.0,1.0,,,,,,,,
Boundary_Fields_Baseline_2011 — EHI_ablek_south,1511.0,0.0,,,,,,,,
Boundary_Fields_Baseline_2011 — EHI_ablek_south,1512.0,0.0,,,,,,,,
Boundary_Fields_Baseline_2011 — EHI_ablek_south,1513.0,0.0,,,,,,,,
Boundary_Fields_Baseline_2011 — EHI_ablek_south,1514.0,0.0,,,,,,,,
Boundary_Fields_Baseline_2011 — EHI_ablek_south,1515.0,0.0,,,,,,,,
Boundary_Fields_Baseline_2011 — EHI_ablek_south,1516.0,0.0,,,,,,,,
Boundary_Fields_Baseline_2011 — EHI_ablek_south,1517.0,0.0,,,,,,,,
Boundary_Fields_Baseline_2011 — EHI_ablek_south,1518.0,0.0,,,,,,,,
Boundary_Fields_Baseline_2011 — EHI_ablek_south,1519.0,0.0,,,,,,,,
Boundary_Fields_Baseline_2011 — EHI_ablek_south,1520.0,0.0,,,,,,,,
Boundary_Fields_Baseline_2011 — EHI_ablek_south,1521.0,0.0,,,,,,,,
Boundary_Fields_Baseline_2011 — EHI_ablek_south,1522.0,1.0,,,,,,,,
Boundary_Fields_Baseline_2011 — EHI_ablek_south,1523.0,1.0,,,,,,,,
Boundary_Fields_Baseline_2011 — EHI_ablek_south,1524.0,0.0,,,,,,,,
Boundary_Fields_Baseline_2011 — EHI_ablek_south,1525.0,0.0,,,,,,,,
Boundary_Fields_Baseline_2011 — EHI_ablek_south,1526.0,0.0,,,,,,,,
Boundary_Fields_Baseline_2011 — EHI_ablek_south,1527.0,0.0,,,,,,,,
Boundary_Fields_Baseline_2011 — EHI_ablek_south,1528.0,0.0,,,,,,,,
Boundary_Fields_Baseline_2011 — EHI_ablek_south,1529.0,0.0,,,,,,,,
Boundary_Fields_Baseline_2011 — EHI_ablek_south,1530.0,0.0,,,,,,,,
Boundary_Fields_Baseline_2011 — EHI_ablek_south,1531.0,1.0,,,,,,,,
Boundary_Fields_Baseline_2011 — EHI_ablek_south,1532.0,1.0,,,,,,,,
Boundary_Fields_Baseline_2011 — EHI_ablek_south,1533.0,1.0,,,,,,,,
Boundary_Fields_Baseline_2011 — EHI_ablek_south,1534.0,1.0,,,,,,,,
Boundary_Fields_Baseline_2011 — EHI_ablek_south,1535.0,1.0,,,,,,,,
Boundary_Fields_Baseline_2011 — EHI_ablek_south,1536.0,1.0,,,,,,,,
Boundary_Fields_Baseline_2011 — EHI_ablek_south,1537.0,1.0,,,,,,,,
Boundary_Fields_Baseline_2011 — EHI_ablek_south,1538.0,1.0,,,,,,,,
Boundary_Fields_Baseline_2011 — EHI_ablek_south,1539.0,1.0,,,,,,,,
Boundary_Fields_Baseline_2011 — EHI_ablek_south,1540.0,1.0,,,,,,,,
Boundary_Fields_Baseline_2011 — EHI_ablek_south,1541.0,1.0,,,,,,,,
Boundary_Fields_Baseline_2011 — EHI_ablek_south,1542.0,1.0,,,,,,,,
Boundary_Fields_Baseline_2011 — EHI_ablek_south,1543.0,1.0,,,,,,,,
Boundary_Fields_Baseline_2011 — EHI_ablek_south,1544.0,1.0,,,,,,,,
Boundary_Fields_Baseline_2011 — EHI_ablek_south,1545.0,1.0,,,,,,,,
Boundary_Fields_Baseline_2011 — EHI_ablek_south,1546.0,1.0,,,,,,,,
Boundary_Fields_Baseline_2011 — EHI_ablek_south,1547.0,1.0,,,,,,,,
Boundary_Fields_Baseline_2011 — EHI_ablek_south,1548.0,1.0,,,,,,,,
Boundary_Fields_Baseline_2011 — EHI_ablek_south,1549.0,1.0,,,,,,,,
Boundary_Fields_Baseline_2011 — EHI_ablek_south,1550.0,1.0,,,,,,,,
Boundary_Fields_Baseline_2011 — EHI_ablek_south,1551.0,1.0,,,,,,,,
Boundary_Fields_Baseline_2011 — EHI_ablek_south,1552.0,1.0,,,,,,,,
Boundary_Fields_Baseline_2011 — EHI_ablek_south,1553.0,1.0,,,,,,,,
Boundary_Fields_Baseline_2011 — EHI_ablek_south,1554.0,1.0,,,,,,,,
Boundary_Fields_Baseline_2011 — EHI_ablek_south,1555.0,1.0,,,,,,,,
Boundary_Fields_Baseline_2011 — EHI_ablek_south,1556.0,0.0,,,,,,,,
Boundary_Fields_Baseline_2011 — EHI_ablek_south,1557.0,0.0,,,,,,,,
Boundary_Fields_Baseline_2011 — EHI_ablek_south,1558.0,0.0,,,,,,,,
Boundary_Fields_Baseline_2011 — EHI_ablek_south,1559.0,0.0,,,,,,,,
Boundary_Fields_Baseline_2011 — EHI_ablek_south,1560.0,0.0,,,,,,,,
Boundary_Fields_Baseline_2011 — EHI_ablek_south,1561.0,0.0,,,,,,,,
Boundary_Fields_Baseline_2011 — EHI_ablek_south,1562.0,0.0,,,,,,,,
Boundary_Fields_Baseline_2011 — EHI_ablek_south,1563.0,0.0,,,,,,,,
Boundary_Fields_Baseline_2011 — EHI_ablek_south,1564.0,0.0,,,,,,,,
Boundary_Fields_Baseline_2011 — EHI_ablek_south,1565.0,1.0,,,,,,,,
Boundary_Fields_Baseline_2011 — EHI_ablek_south,1566.0,0.0,,,,,,,,
Boundary_Fields_Baseline_2011 — EHI_ablek_south,1567.0,0.0,,,,,,,,
Boundary_Fields_Baseline_2011 — EHI_ablek_south,1568.0,0.0,,,,,,,,
Boundary_Fields_Baseline_2011 — EHI_ablek_south,1569.0,0.0,,,,,,,,
Boundary_Fields_Baseline_2011 — EHI_ablek_south,1570.0,0.0,,,,,,,,
Boundary_Fields_Baseline_2011 — EHI_ablek_south,1571.0,0.0,,,,,,,,
Boundary_Fields_Baseline_2011 — EHI_ablek_south,1572.0,0.0,,,,,,,,
Boundary_Fields_Baseline_2011 — EHI_ablek_south,1573.0,0.0,,,,,,,,
Boundary_Fields_Baseline_2011 — EHI_ablek_south,1574.0,0.0,,,,,,,,
Boundary_Fields_Baseline_2011 — EHI_ablek_south,1575.0,0.0,,,,,,,,
Boundary_Fields_Baseline_2011 — EHI_ablek_south,1576.0,0.0,,,,,,,,
Boundary_Fields_Baseline_2011 — EHI_ablek_south,1577.0,0.0,,,,,,,,
Boundary_Fields_Baseline_2011 — EHI_ablek_south,1578.0,1.0,,,,,,,,
Boundary_Fields_Baseline_2011 — EHI_ablek_south,1579.0,0.0,,,,,,,,
Boundary_Fields_Baseline_2011 — EHI_ablek_south,1580.0,0.0,,,,,,,,
Boundary_Fields_Baseline_2011 — EHI_ablek_south,1581.0,1.0,,,,,,,,
Boundary_Fields_Baseline_2011 — EHI_ablek_south,1582.0,1.0,,,,,,,,
Boundary_Fields_Baseline_2011 — EHI_ablek_south,1583.0,1.0,,,,,,,,
Boundary_Fields_Baseline_2011 — EHI_ablek_south,1584.0,1.0,,,,,,,,
Boundary_Fields_Baseline_2011 — EHI_ablek_south,1585.0,0.0,,,,,,,,
Boundary_Fields_Baseline_2011 — EHI_ablek_south,1586.0,0.0,,,,,,,,
Boundary_Fields_Baseline_2011 — EHI_ablek_south,1587.0,0.0,,,,,,,,
Boundary_Fields_Baseline_2011 — EHI_ablek_south,1588.0,0.0,,,,,,,,
Boundary_Fields_Baseline_2011 — EHI_ablek_south,1589.0,0.0,,,,,,,,
Boundary_Fields_Baseline_2011 — EHI_ablek_south,1590.0,0.0,,,,,,,,
Boundary_Fields_Baseline_2011 — EHI_ablek_south,1591.0,0.0,,,,,,,,
Boundary_Fields_Baseline_2011 — EHI_ablek_south,1592.0,0.0,,,,,,,,
Boundary_Fields_Baseline_2011 — EHI_ablek_south,1593.0,0.0,,,,,,,,
Boundary_Fields_Baseline_2011 — EHI_ablek_south,1594.0,0.0,,,,,,,,
Boundary_Fields_Baseline_2011 — EHI_ablek_south,1595.0,0.0,,,,,,,,
Boundary_Fields_Baseline_2011 — EHI_ablek_south,1596.0,0.0,,,,,,,,
Boundary_Fields_Baseline_2011 — EHI_ablek_south,1597.0,0.0,,,,,,,,
Boundary_Fields_Baseline_2011 — EHI_ablek_south,1598.0,1.0,,,,,,,,
Boundary_Fields_Baseline_2011 — EHI_ablek_south,1599.0,1.0,,,,,,,,
Boundary_Fields_Baseline_2011 — EHI_ablek_south,1600.0,1.0,,,,,,,,
Boundary_Fields_Baseline_2011 — EHI_ablek_south,1601.0,1.0,,,,,,,,
Boundary_Fields_Baseline_2011 — EHI_ablek_south,1602.0,1.0,,,,,,,,
Boundary_Fields_Baseline_2011 — EHI_ablek_south,1603.0,0.0,,,,,,,,
Boundary_Fields_Baseline_2011 — EHI_ablek_south,1604.0,0.0,,,,,,,,
Boundary_Fields_Baseline_2011 — EHI_ablek_south,1605.0,0.0,,,,,,,,
Boundary_Fields_Baseline_2011 — EHI_ablek_south,1606.0,0.0,,,,,,,,
Boundary_Fields_Baseline_2011 — EHI_ablek_south,1607.0,0.0,,,,,,,,
Boundary_Fields_Baseline_2011 — EHI_ablek_south,1608.0,1.0,,,,,,,,
Boundary_Fields_Baseline_2011 — EHI_ablek_south,1609.0,1.0,,,,,,,,
Boundary_Fields_Baseline_2011 — EHI_ablek_south,1610.0,1.0,,,,,,,,
Boundary_Fields_Baseline_2011 — EHI_ablek_south,1611.0,1.0,,,,,,,,
Boundary_Fields_Baseline_2011 — EHI_ablek_south,1612.0,1.0,,,,,,,,
Boundary_Fields_Baseline_2011 — EHI_ablek_south,1613.0,1.0,,,,,,,,
Boundary_Fields_Baseline_2011 — EHI_ablek_south,1614.0,1.0,,,,,,,,
Boundary_Fields_Baseline_2011 — EHI_ablek_south,1615.0,1.0,,,,,,,,
Boundary_Fields_Baseline_2011 — EHI_ablek_south,1616.0,1.0,,,,,,,,
Boundary_Fields_Baseline_2011 — EHI_ablek_south,1617.0,1.0,,,,,,,,
Boundary_Fields_Baseline_2011 — EHI_ablek_south,1618.0,1.0,,,,,,,,
Boundary_Fields_Baseline_2011 — EHI_ablek_south,1619.0,1.0,,,,,,,,
Boundary_Fields_Baseline_2011 — EHI_ablek_south,1620.0,0.0,,,,,,,,
Boundary_Fields_Baseline_2011 — EHI_ablek_south,1621.0,0.0,,,,,,,,
Boundary_Fields_Baseline_2011 — EHI_ablek_south,1622.0,1.0,,,,,,,,
Boundary_Fields_Baseline_2011 — EHI_ablek_south,1623.0,0.0,,,,,,,,
Boundary_Fields_Baseline_2011 — EHI_ablek_south,1624.0,1.0,,,,,,,,
Boundary_Fields_Baseline_2011 — EHI_ablek_south,1625.0,1.0,,,,,,,,
Boundary_Fields_Baseline_2011 — EHI_ablek_south,1626.0,1.0,,,,,,,,
Boundary_Fields_Baseline_2011 — EHI_ablek_south,1627.0,1.0,,,,,,,,
Boundary_Fields_Baseline_2011 — EHI_ablek_south,1628.0,1.0,,,,,,,,
Boundary_Fields_Baseline_2011 — EHI_ablek_south,1629.0,1.0,,,,,,,,
Boundary_Fields_Baseline_2011 — EHI_ablek_south,1630.0,1.0,,,,,,,,
Boundary_Fields_Baseline_2011 — EHI_ablek_south,1631.0,0.0,,,,,,,,
Boundary_Fields_Baseline_2011 — EHI_ablek_south,1632.0,0.0,,,,,,,,
Boundary_Fields_Baseline_2011 — EHI_ablek_south,1633.0,0.0,,,,,,,,
Boundary_Fields_Baseline_2011 — EHI_ablek_south,1634.0,1.0,,,,,,,,
Boundary_Fields_Baseline_2011 — EHI_ablek_south,1635.0,1.0,,,,,,,,
Boundary_Fields_Baseline_2011 — EHI_ablek_south,1636.0,0.0,,,,,,,,
Boundary_Fields_Baseline_2011 — EHI_ablek_south,1637.0,0.0,,,,,,,,
Boundary_Fields_Baseline_2011 — EHI_ablek_south,1638.0,0.0,,,,,,,,
Boundary_Fields_Baseline_2011 — EHI_ablek_south,1639.0,0.0,,,,,,,,
Boundary_Fields_Baseline_2011 — EHI_ablek_south,1640.0,0.0,,,,,,,,
Boundary_Fields_Baseline_2011 — EHI_ablek_south,1641.0,0.0,,,,,,,,
Boundary_Fields_Baseline_2011 — EHI_ablek_south,1642.0,0.0,,,,,,,,
Boundary_Fields_Baseline_2011 — EHI_ablek_south,1643.0,0.0,,,,,,,,
Boundary_Fields_Baseline_2011 — EHI_ablek_south,1644.0,0.0,,,,,,,,
Boundary_Fields_Baseline_2011 — EHI_ablek_south,1645.0,1.0,,,,,,,,
Boundary_Fields_Baseline_2011 — EHI_ablek_south,1646.0,0.0,,,,,,,,
Boundary_Fields_Baseline_2011 — EHI_ablek_south,1647.0,0.0,,,,,,,,
Boundary_Fields_Baseline_2011 — EHI_ablek_south,1648.0,0.0,,,,,,,,
Boundary_Fields_Baseline_2011 — EHI_ablek_south,1649.0,1.0,,,,,,,,
Boundary_Fields_Baseline_2011 — EHI_ablek_south,1650.0,0.0,,,,,,,,
Boundary_Fields_Baseline_2011 — EHI_ablek_south,1651.0,0.0,,,,,,,,
Boundary_Fields_Baseline_2011 — EHI_ablek_south,1652.0,1.0,,,,,,,,
Boundary_Fields_Baseline_2011 — EHI_ablek_south,1653.0,0.0,,,,,,,,
Boundary_Fields_Baseline_2011 — EHI_ablek_south,1654.0,0.0,,,,,,,,
Boundary_Fields_Baseline_2011 — EHI_ablek_south,1655.0,1.0,,,,,,,,
Boundary_Fields_Baseline_2011 — EHI_ablek_south,1656.0,0.0,,,,,,,,
Boundary_Fields_Baseline_2011 — EHI_ablek_south,1657.0,1.0,,,,,,,,
Boundary_Fields_Baseline_2011 — EHI_ablek_south,1658.0,1.0,,,,,,,,
Boundary_Fields_Baseline_2011 — EHI_ablek_south,1659.0,0.0,,,,,,,,
Boundary_Fields_Baseline_2011 — EHI_ablek_south,1660.0,0.0,,,,,,,,
Boundary_Fields_Baseline_2011 — EHI_ablek_south,1661.0,1.0,,,,,,,,
Boundary_Fields_Baseline_2011 — EHI_ablek_south,1662.0,1.0,,,,,,,,
Boundary_Fields_Baseline_2011 — EHI_ablek_south,1663.0,1.0,,,,,,,,
Boundary_Fields_Baseline_2011 — EHI_ablek_south,1664.0,1.0,,,,,,,,
Boundary_Fields_Baseline_2011 — EHI_ablek_south,1665.0,0.0,,,,,,,,
Boundary_Fields_Baseline_2011 — EHI_ablek_south,1666.0,1.0,,,,,,,,
Boundary_Fields_Baseline_2011 — EHI_ablek_south,1667.0,1.0,,,,,,,,
Boundary_Fields_Baseline_2011 — EHI_ablek_south,1668.0,1.0,,,,,,,,
Boundary_Fields_Baseline_2011 — EHI_ablek_south,1669.0,1.0,,,,,,,,
Boundary_Fields_Baseline_2011 — EHI_ablek_south,1670.0,1.0,,,,,,,,
Boundary_Fields_Baseline_2011 — EHI_ablek_south,1671.0,1.0,,,,,,,,
Boundary_Fields_Baseline_2011 — EHI_ablek_south,1672.0,1.0,,,,,,,,
Boundary_Fields_Baseline_2011 — EHI_ablek_south,1673.0,1.0,,,,,,,,
Boundary_Fields_Baseline_2011 — EHI_ablek_south,1674.0,1.0,,,,,,,,
Boundary_Fields_Baseline_2011 — EHI_ablek_south,1675.0,0.0,,,,,,,,
Boundary_Fields_Baseline_2011 — EHI_ablek_south,1676.0,1.0,,,,,,,,
Boundary_Fields_Baseline_2011 — EHI_ablek_south,1677.0,1.0,,,,,,,,
Boundary_Fields_Baseline_2011 — EHI_ablek_south,1678.0,1.0,,,,,,,,
Boundary_Fields_Baseline_2011 — EHI_ablek_south,1679.0,1.0,,,,,,,,
Boundary_Fields_Baseline_2011 — EHI_ablek_south,1680.0,1.0,,,,,,,,
Boundary_Fields_Baseline_2011 — EHI_ablek_south,1681.0,1.0,,,,,,,,
Boundary_Fields_Baseline_2011 — EHI_ablek_south,1682.0,1.0,,,,,,,,
Boundary_Fields_Baseline_2011 — EHI_ablek_south,1683.0,1.0,,,,,,,,
Boundary_Fields_Baseline_2011 — EHI_ablek_south,1684.0,0.0,,,,,,,,
Boundary_Fields_Baseline_2011 — EHI_ablek_south,1685.0,0.0,,,,,,,,
Boundary_Fields_Baseline_2011 — EHI_ablek_south,1686.0,0.0,,,,,,,,
Boundary_Fields_Baseline_2011 — EHI_ablek_south,1687.0,0.0,,,,,,,,
Boundary_Fields_Baseline_2011 — EHI_ablek_south,1688.0,0.0,,,,,,,,
Boundary_Fields_Baseline_2011 — EHI_ablek_south,1689.0,0.0,,,,,,,,
Boundary_Fields_Baseline_2011 — EHI_ablek_south,1690.0,0.0,,,,,,,,
Boundary_Fields_Baseline_2011 — EHI_ablek_south,1691.0,0.0,,,,,,,,
Boundary_Fields_Baseline_2011 — EHI_ablek_south,1692.0,0.0,,,,,,,,
Boundary_Fields_Baseline_2011 — EHI_ablek_south,1693.0,0.0,,,,,,,,
Boundary_Fields_Baseline_2011 — EHI_ablek_south,1694.0,0.0,,,,,,,,
Boundary_Fields_Baseline_2011 — EHI_ablek_south,1695.0,0.0,,,,,,,,
Boundary_Fields_Baseline_2011 — EHI_ablek_south,1696.0,0.0,,,,,,,,
Boundary_Fields_Baseline_2011 — EHI_ablek_south,1697.0,0.0,,,,,,,,
Boundary_Fields_Baseline_2011 — EHI_ablek_south,1698.0,0.0,,,,,,,,
Boundary_Fields_Baseline_2011 — EHI_ablek_south,1699.0,0.0,,,,,,,,
Boundary_Fields_Baseline_2011 — EHI_ablek_south,1700.0,0.0,,,,,,,,
Boundary_Fields_Baseline_2011 — EHI_ablek_south,1701.0,0.0,,,,,,,,
Boundary_Fields_Baseline_2011 — EHI_ablek_south,1702.0,0.0,,,,,,,,
Boundary_Fields_Baseline_2011 — EHI_ablek_south,1703.0,0.0,,,,,,,,
Boundary_Fields_Baseline_2011 — EHI_ablek_south,1704.0,0.0,,,,,,,,
Boundary_Fields_Baseline_2011 — EHI_ablek_south,1705.0,0.0,,,,,,,,
Boundary_Fields_Baseline_2011 — EHI_ablek_south,1706.0,0.0,,,,,,,,
Boundary_Fields_Baseline_2011 — EHI_ablek_south,1707.0,0.0,,,,,,,,
Boundary_Fields_Baseline_2011 — EHI_ablek_south,1708.0,0.0,,,,,,,,
Boundary_Fields_Baseline_2011 — EHI_ablek_south,1709.0,0.0,,,,,,,,
Boundary_Fields_Baseline_2011 — EHI_ablek_south,1710.0,0.0,,,,,,,,
Boundary_Fields_Baseline_2011 — EHI_ablek_south,1711.0,0.0,,,,,,,,
Boundary_Fields_Baseline_2011 — EHI_ablek_south,1712.0,0.0,,,,,,,,
Boundary_Fields_Baseline_2011 — EHI_ablek_south,1713.0,0.0,,,,,,,,
Boundary_Fields_Baseline_2011 — EHI_ablek_south,1714.0,0.0,,,,,,,,
Boundary_Fields_Baseline_2011 — EHI_ablek_south,1715.0,0.0,,,,,,,,
Boundary_Fields_Baseline_2011 — HavatGadash_30,1.0,3.0,,,,,,,,
Boundary_Fields_Baseline_2011 — HavatGadash_30,2.0,3.0,,,,,,,,
Boundary_Fields_Baseline_2011 — HavatGadash_30,3.0,3.0,,,,,,,,
Boundary_Fields_Baseline_2011 — HavatGadash_30,4.0,3.0,,,,,,,,
Boundary_Fields_Baseline_2011 — HavatGadash_30,5.0,3.0,,,,,,,,
Boundary_Fields_Baseline_2011 — HavatGadash_30,6.0,3.0,,,,,,,,
Boundary_Fields_Baseline_2011 — HavatGadash_30,7.0,3.0,,,,,,,,
Boundary_Fields_Baseline_2011 — HavatGadash_30,8.0,3.0,,,,,,,,
Boundary_Fields_Baseline_2011 — HavatGadash_30,9.0,3.0,,,,,,,,
Boundary_Fields_Baseline_2011 — HavatGadash_30,10.0,3.0,,,,,,,,
Boundary_Fields_Baseline_2011 — HavatGadash_30,11.0,3.0,,,,,,,,
Boundary_Fields_Baseline_2011 — HavatGadash_30,12.0,3.0,,,,,,,,
Boundary_Fields_Baseline_2011 — HavatGadash_30,13.0,3.0,,,,,,,,
Boundary_Fields_Baseline_2011 — HavatGadash_30,14.0,3.0,,,,,,,,
Boundary_Fields_Baseline_2011 — HavatGadash_30,15.0,3.0,,,,,,,,
Boundary_Fields_Baseline_2011 — HavatGadash_30,16.0,3.0,,,,,,,,
Boundary_Fields_Baseline_2011 — HavatGadash_30,17.0,3.0,,,,,,,,
Boundary_Fields_Baseline_2011 — HavatGadash_30,18.0,2.0,,,,,,,,
Boundary_Fields_Baseline_2011 — HavatGadash_30,19.0,2.0,,,,,,,,
Boundary_Fields_Baseline_2011 — HavatGadash_30,20.0,2.0,,,,,,,,
Boundary_Fields_Baseline_2011 — HavatGadash_30,21.0,2.0,,,,,,,,
Boundary_Fields_Baseline_2011 — HavatGadash_30,22.0,2.0,,,,,,,,
Boundary_Fields_Baseline_2011 — HavatGadash_30,23.0,2.0,,,,,,,,
Boundary_Fields_Baseline_2011 — HavatGadash_30,24.0,3.0,,,,,,,,
Boundary_Fields_Baseline_2011 — HavatGadash_30,25.0,3.0,,,,,,,,
Boundary_Fields_Baseline_2011 — HavatGadash_30,26.0,3.0,,,,,,,,
Boundary_Fields_Baseline_2011 — HavatGadash_30,27.0,3.0,,,,,,,,
Boundary_Fields_Baseline_2011 — HavatGadash_30,28.0,3.0,,,,,,,,
Boundary_Fields_Baseline_2011 — HavatGadash_30,29.0,2.0,,,,,,,,
Boundary_Fields_Baseline_2011 — HavatGadash_30,30.0,2.0,,,,,,,,
Boundary_Fields_Baseline_2011 — HavatGadash_30,31.0,2.0,,,,,,,,
Boundary_Fields_Baseline_2011 — HavatGadash_30,32.0,2.0,,,,,,,,
Boundary_Fields_Baseline_2011 — HavatGadash_30,33.0,2.0,,,,,,,,
Boundary_Fields_Baseline_2011 — HavatGadash_30,34.0,2.0,,,,,,,,
Boundary_Fields_Baseline_2011 — HavatGadash_30,35.0,2.0,,,,,,,,
Boundary_Fields_Baseline_2011 — HavatGadash_30,36.0,2.0,,,,,,,,
Boundary_Fields_Baseline_2011 — HavatGadash_30,37.0,2.0,,,,,,,,
Boundary_Fields_Baseline_2011 — HavatGadash_30,38.0,2.0,,,,,,,,
Boundary_Fields_Baseline_2011 — HavatGadash_30,39.0,2.0,,,,,,,,
Boundary_Fields_Baseline_2011 — HavatGadash_30,40.0,2.0,,,,,,,,
Boundary_Fields_Baseline_2011 — HavatGadash_30,41.0,2.0,,,,,,,,
Boundary_Fields_Baseline_2011 — HavatGadash_30,42.0,2.0,,,,,,,,
Boundary_Fields_Baseline_2011 — HavatGadash_30,43.0,2.0,,,,,,,,
Boundary_Fields_Baseline_2011 — HavatGadash_30,44.0,2.0,,,,,,,,
Boundary_Fields_Baseline_2011 — HavatGadash_30,45.0,2.0,,,,,,,,
Boundary_Fields_Baseline_2011 — HavatGadash_30,46.0,3.0,,,,,,,,
Boundary_Fields_Baseline_2011 — HavatGadash_30,47.0,3.0,,,,,,,,
Boundary_Fields_Baseline_2011 — HavatGadash_30,48.0,3.0,,,,,,,,
Boundary_Fields_Baseline_2011 — HavatGadash_30,49.0,3.0,,,,,,,,
Boundary_Fields_Baseline_2011 — HavatGadash_30,50.0,3.0,,,,,,,,
Boundary_Fields_Baseline_2011 — HavatGadash_30,51.0,3.0,,,,,,,,
Boundary_Fields_Baseline_2011 — HavatGadash_30,52.0,3.0,,,,,,,,
Boundary_Fields_Baseline_2011 — HavatGadash_30,53.0,3.0,,,,,,,,
Boundary_Fields_Baseline_2011 — HavatGadash_30,54.0,3.0,,,,,,,,
Boundary_Fields_Baseline_2011 — HavatGadash_30,55.0,3.0,,,,,,,,
Boundary_Fields_Baseline_2011 — HavatGadash_30,56.0,3.0,,,,,,,,
Boundary_Fields_Baseline_2011 — HavatGadash_30,57.0,3.0,,,,,,,,
Boundary_Fields_Baseline_2011 — HavatGadash_30,58.0,2.0,,,,,,,,
Boundary_Fields_Baseline_2011 — HavatGadash_30,59.0,2.0,,,,,,,,
Boundary_Fields_Baseline_2011 — HavatGadash_30,60.0,2.0,,,,,,,,
Boundary_Fields_Baseline_2011 — HavatGadash_30,61.0,3.0,,,,,,,,
Boundary_Fields_Baseline_2011 — HavatGadash_30,62.0,3.0,,,,,,,,
Boundary_Fields_Baseline_2011 — HavatGadash_30,63.0,3.0,,,,,,,,
Boundary_Fields_Baseline_2011 — HavatGadash_30,64.0,3.0,,,,,,,,
Boundary_Fields_Baseline_2011 — HavatGadash_30,65.0,3.0,,,,,,,,
Boundary_Fields_Baseline_2011 — HavatGadash_30,66.0,3.0,,,,,,,,
Boundary_Fields_Baseline_2011 — HavatGadash_30,67.0,3.0,,,,,,,,
Boundary_Fields_Baseline_2011 — HavatGadash_30,68.0,3.0,,,,,,,,
Boundary_Fields_Baseline_2011 — HavatGadash_30,69.0,3.0,,,,,,,,
Boundary_Fields_Baseline_2011 — HavatGadash_30,70.0,2.0,,,,,,,,
Boundary_Fields_Baseline_2011 — HavatGadash_30,71.0,2.0,,,,,,,,
Boundary_Fields_Baseline_2011 — HavatGadash_30,72.0,2.0,,,,,,,,
Boundary_Fields_Baseline_2011 — HavatGadash_30,73.0,2.0,,,,,,,,
Boundary_Fields_Baseline_2011 — HavatGadash_30,74.0,2.0,,,,,,,,
Boundary_Fields_Baseline_2011 — HavatGadash_30,75.0,2.0,,,,,,,,
Boundary_Fields_Baseline_2011 — HavatGadash_30,76.0,2.0,,,,,,,,
Boundary_Fields_Baseline_2011 — HavatGadash_30,77.0,3.0,,,,,,,,
Boundary_Fields_Baseline_2011 — HavatGadash_30,78.0,3.0,,,,,,,,
Boundary_Fields_Baseline_2011 — HavatGadash_30,79.0,2.0,,,,,,,,
Boundary_Fields_Baseline_2011 — HavatGadash_30,80.0,2.0,,,,,,,,
Boundary_Fields_Baseline_2011 — HavatGadash_30,81.0,3.0,,,,,,,,
Boundary_Fields_Baseline_2011 — HavatGadash_30,82.0,2.0,,,,,,,,
Boundary_Fields_Baseline_2011 — HavatGadash_30,83.0,2.0,,,,,,,,
Boundary_Fields_Baseline_2011 — HavatGadash_30,84.0,2.0,,,,,,,,
Boundary_Fields_Baseline_2011 — HavatGadash_30,85.0,2.0,,,,,,,,
Boundary_Fields_Baseline_2011 — HavatGadash_30,86.0,2.0,,,,,,,,
Boundary_Fields_Baseline_2011 — HavatGadash_30,87.0,3.0,,,,,,,,
Boundary_Fields_Baseline_2011 — HavatGadash_30,88.0,3.0,,,,,,,,
Boundary_Fields_Baseline_2011 — HavatGadash_30,89.0,3.0,,,,,,,,
Boundary_Fields_Baseline_2011 — HavatGadash_30,90.0,3.0,,,,,,,,
Boundary_Fields_Baseline_2011 — HavatGadash_30,91.0,3.0,,,,,,,,
Boundary_Fields_Baseline_2011 — HavatGadash_30,92.0,3.0,,,,,,,,
Boundary_Fields_Baseline_2011 — HavatGadash_30,93.0,3.0,,,,,,,,
Boundary_Fields_Baseline_2011 — HavatGadash_30,94.0,3.0,,,,,,,,
Boundary_Fields_Baseline_2011 — HavatGadash_30,95.0,3.0,,,,,,,,
Boundary_Fields_Baseline_2011 — HavatGadash_30,96.0,3.0,,,,,,,,
Boundary_Fields_Baseline_2011 — HavatGadash_30,97.0,3.0,,,,,,,,
Boundary_Fields_Baseline_2011 — HavatGadash_30,98.0,3.0,,,,,,,,
Boundary_Fields_Baseline_2011 — HavatGadash_30,99.0,3.0,,,,,,,,
Boundary_Fields_Baseline_2011 — HavatGadash_30,100.0,3.0,,,,,,,,
Boundary_Fields_Baseline_2011 — HavatGadash_30,101.0,3.0,,,,,,,,
Boundary_Fields_Baseline_2011 — HavatGadash_30,102.0,3.0,,,,,,,,
Boundary_Fields_Baseline_2011 — HavatGadash_30,103.0,3.0,,,,,,,,
Boundary_Fields_Baseline_2011 — HavatGadash_30,104.0,3.0,,,,,,,,
Boundary_Fields_Baseline_2011 — HavatGadash_30,105.0,3.0,,,,,,,,
Boundary_Fields_Baseline_2011 — HavatGadash_30,106.0,3.0,,,,,,,,
Boundary_Fields_Baseline_2011 — HavatGadash_30,107.0,3.0,,,,,,,,
Boundary_Fields_Baseline_2011 — HavatGadash_30,108.0,2.0,,,,,,,,
Boundary_Fields_Baseline_2011 — HavatGadash_30,109.0,2.0,,,,,,,,
Boundary_Fields_Baseline_2011 — HavatGadash_30,110.0,2.0,,,,,,,,
Boundary_Fields_Baseline_2011 — HavatGadash_30,111.0,2.0,,,,,,,,
Boundary_Fields_Baseline_2011 — HavatGadash_30,112.0,3.0,,,,,,,,
Boundary_Fields_Baseline_2011 — HavatGadash_30,113.0,2.0,,,,,,,,
Boundary_Fields_Baseline_2011 — HavatGadash_30,114.0,2.0,,,,,,,,
Boundary_Fields_Baseline_2011 — HavatGadash_30,115.0,2.0,,,,,,,,
Boundary_Fields_Baseline_2011 — HavatGadash_30,116.0,2.0,,,,,,,,
Boundary_Fields_Baseline_2011 — HavatGadash_30,117.0,2.0,,,,,,,,
Boundary_Fields_Baseline_2011 — HavatGadash_30,118.0,2.0,,,,,,,,
Boundary_Fields_Baseline_2011 — HavatGadash_30,119.0,2.0,,,,,,,,
Boundary_Fields_Baseline_2011 — HavatGadash_30,120.0,2.0,,,,,,,,
Boundary_Fields_Baseline_2011 — HavatGadash_30,121.0,2.0,,,,,,,,
Boundary_Fields_Baseline_2011 — HavatGadash_30,122.0,2.0,,,,,,,,
Boundary_Fields_Baseline_2011 — HavatGadash_30,123.0,2.0,,,,,,,,
Boundary_Fields_Baseline_2011 — HavatGadash_30,124.0,1.0,,,,,,,,
Boundary_Fields_Baseline_2011 — HavatGadash_30,125.0,1.0,,,,,,,,
Boundary_Fields_Baseline_2011 — HavatGadash_30,126.0,2.0,,,,,,,,
Boundary_Fields_Baseline_2011 — HavatGadash_30,127.0,2.0,,,,,,,,
Boundary_Fields_Baseline_2011 — HavatGadash_30,128.0,2.0,,,,,,,,
Boundary_Fields_Baseline_2011 — HavatGadash_30,129.0,2.0,,,,,,,,
Boundary_Fields_Baseline_2011 — HavatGadash_30,130.0,3.0,,,,,,,,
Boundary_Fields_Baseline_2011 — HavatGadash_30,131.0,3.0,,,,,,,,
Boundary_Fields_Baseline_2011 — HavatGadash_30,132.0,3.0,,,,,,,,
Boundary_Fields_Baseline_2011 — HavatGadash_30,133.0,2.0,,,,,,,,
Boundary_Fields_Baseline_2011 — HavatGadash_30,134.0,2.0,,,,,,,,
Boundary_Fields_Baseline_2011 — HavatGadash_30,135.0,2.0,,,,,,,,
Boundary_Fields_Baseline_2011 — HavatGadash_30,136.0,2.0,,,,,,,,
Boundary_Fields_Baseline_2011 — HavatGadash_30,137.0,2.0,,,,,,,,
Boundary_Fields_Baseline_2011 — HavatGadash_30,138.0,2.0,,,,,,,,
Boundary_Fields_Baseline_2011 — HavatGadash_30,139.0,2.0,,,,,,,,
Boundary_Fields_Baseline_2011 — HavatGadash_30,140.0,2.0,,,,,,,,
Boundary_Fields_Baseline_2011 — HavatGadash_30,141.0,2.0,,,,,,,,
Boundary_Fields_Baseline_2011 — HavatGadash_30,142.0,2.0,,,,,,,,
Boundary_Fields_Baseline_2011 — HavatGadash_30,143.0,3.0,,,,,,,,
Boundary_Fields_Baseline_2011 — HavatGadash_30,144.0,2.0,,,,,,,,
Boundary_Fields_Baseline_2011 — HavatGadash_30,145.0,2.0,,,,,,,,
Boundary_Fields_Baseline_2011 — HavatGadash_30,146.0,2.0,,,,,,,,
Boundary_Fields_Baseline_2011 — HavatGadash_30,147.0,2.0,,,,,,,,
Boundary_Fields_Baseline_2011 — HavatGadash_30,148.0,2.0,,,,,,,,
Boundary_Fields_Baseline_2011 — HavatGadash_30,149.0,2.0,,,,,,,,
Boundary_Fields_Baseline_2011 — HavatGadash_30,150.0,2.0,,,,,,,,
Boundary_Fields_Baseline_2011 — HavatGadash_30,151.0,2.0,,,,,,,,
Boundary_Fields_Baseline_2011 — HavatGadash_30,152.0,2.0,,,,,,,,
Boundary_Fields_Baseline_2011 — HavatGadash_30,153.0,2.0,,,,,,,,
Boundary_Fields_Baseline_2011 — HavatGadash_30,154.0,3.0,,,,,,,,
Boundary_Fields_Baseline_2011 — HavatGadash_30,155.0,2.0,,,,,,,,
Boundary_Fields_Baseline_2011 — HavatGadash_30,156.0,2.0,,,,,,,,
Boundary_Fields_Baseline_2011 — HavatGadash_30,157.0,2.0,,,,,,,,
Boundary_Fields_Baseline_2011 — HavatGadash_30,158.0,3.0,,,,,,,,
Boundary_Fields_Baseline_2011 — HavatGadash_30,159.0,3.0,,,,,,,,
Boundary_Fields_Baseline_2011 — HavatGadash_30,160.0,2.0,,,,,,,,
Boundary_Fields_Baseline_2011 — HavatGadash_30,161.0,2.0,,,,,,,,
Boundary_Fields_Baseline_2011 — HavatGadash_30,162.0,2.0,,,,,,,,
Boundary_Fields_Baseline_2011 — HavatGadash_30,164.0,2.0,,,,,,,,
Boundary_Fields_Baseline_2011 — HavatGadash_30,165.0,2.0,,,,,,,,
Boundary_Fields_Baseline_2011 — HavatGadash_30,166.0,2.0,,,,,,,,
Boundary_Fields_Baseline_2011 — HavatGadash_30,167.0,2.0,,,,,,,,
Boundary_Fields_Baseline_2011 — HavatGadash_30,168.0,2.0,,,,,,,,
Boundary_Fields_Baseline_2011 — HavatGadash_30,169.0,2.0,,,,,,,,
Boundary_Fields_Baseline_2011 — HavatGadash_30,170.0,2.0,,,,,,,,
Boundary_Fields_Baseline_2011 — HavatGadash_30,171.0,2.0,,,,,,,,
Boundary_Fields_Baseline_2011 — HavatGadash_30,172.0,2.0,,,,,,,,
Boundary_Fields_Baseline_2011 — HavatGadash_30,173.0,2.0,,,,,,,,
Boundary_Fields_Baseline_2011 — HavatGadash_30,174.0,2.0,,,,,,,,
Boundary_Fields_Baseline_2011 — HavatGadash_30,175.0,1.0,,,,,,,,
Boundary_Fields_Baseline_2011 — HavatGadash_30,176.0,2.0,,,,,,,,
Boundary_Fields_Baseline_2011 — HavatGadash_30,177.0,2.0,,,,,,,,
Boundary_Fields_Baseline_2011 — HavatGadash_30,178.0,2.0,,,,,,,,
Boundary_Fields_Baseline_2011 — HavatGadash_30,179.0,2.0,,,,,,,,
Boundary_Fields_Baseline_2011 — HavatGadash_30,180.0,2.0,,,,,,,,
Boundary_Fields_Baseline_2011 — HavatGadash_30,181.0,2.0,,,,,,,,
Boundary_Fields_Baseline_2011 — HavatGadash_30,182.0,2.0,,,,,,,,
Boundary_Fields_Baseline_2011 — HavatGadash_30,183.0,2.0,,,,,,,,
Boundary_Fields_Baseline_2011 — HavatGadash_30,184.0,3.0,,,,,,,,
Boundary_Fields_Baseline_2011 — HavatGadash_30,185.0,3.0,,,,,,,,
Boundary_Fields_Baseline_2011 — HavatGadash_30,186.0,3.0,,,,,,,,
Boundary_Fields_Baseline_2011 — HavatGadash_30,187.0,2.0,,,,,,,,
Boundary_Fields_Baseline_2011 — HavatGadash_30,188.0,2.0,,,,,,,,
Boundary_Fields_Baseline_2011 — HavatGadash_30,189.0,2.0,,,,,,,,
Boundary_Fields_Baseline_2011 — HavatGadash_30,190.0,2.0,,,,,,,,
Boundary_Fields_Baseline_2011 — HavatGadash_30,191.0,2.0,,,,,,,,
Boundary_Fields_Baseline_2011 — HavatGadash_30,192.0,2.0,,,,,,,,
Boundary_Fields_Baseline_2011 — HavatGadash_30,193.0,2.0,,,,,,,,
Boundary_Fields_Baseline_2011 — HavatGadash_30,194.0,2.0,,,,,,,,
Boundary_Fields_Baseline_2011 — HavatGadash_30,195.0,2.0,,,,,,,,
Boundary_Fields_Baseline_2011 — HavatGadash_30,196.0,2.0,,,,,,,,
Boundary_Fields_Baseline_2011 — HavatGadash_30,197.0,2.0,,,,,,,,
Boundary_Fields_Baseline_2011 — HavatGadash_30,198.0,2.0,,,,,,,,
Boundary_Fields_Baseline_2011 — HavatGadash_30,199.0,2.0,,,,,,,,
Boundary_Fields_Baseline_2011 — HavatGadash_30,200.0,2.0,,,,,,,,
Boundary_Fields_Baseline_2011 — HavatGadash_30,201.0,2.0,,,,,,,,
Boundary_Fields_Baseline_2011 — HavatGadash_30,202.0,2.0,,,,,,,,
Boundary_Fields_Baseline_2011 — HavatGadash_30,203.0,2.0,,,,,,,,
Boundary_Fields_Baseline_2011 — HavatGadash_30,204.0,2.0,,,,,,,,
Boundary_Fields_Baseline_2011 — HavatGadash_30,205.0,2.0,,,,,,,,
Boundary_Fields_Baseline_2011 — HavatGadash_30,206.0,2.0,,,,,,,,
Boundary_Fields_Baseline_2011 — HavatGadash_30,207.0,2.0,,,,,,,,
Boundary_Fields_Baseline_2011 — HavatGadash_30,208.0,2.0,,,,,,,,
Boundary_Fields_Baseline_2011 — HavatGadash_30,209.0,2.0,,,,,,,,
Boundary_Fields_Baseline_2011 — HavatGadash_30,210.0,2.0,,,,,,,,
Boundary_Fields_Baseline_2011 — HavatGadash_30,211.0,3.0,,,,,,,,
Boundary_Fields_Baseline_2011 — HavatGadash_30,212.0,3.0,,,,,,,,
Boundary_Fields_Baseline_2011 — HavatGadash_30,213.0,3.0,,,,,,,,
Boundary_Fields_Baseline_2011 — HavatGadash_30,214.0,2.0,,,,,,,,
Boundary_Fields_Baseline_2011 — HavatGadash_30,215.0,2.0,,,,,,,,
Boundary_Fields_Baseline_2011 — HavatGadash_30,216.0,2.0,,,,,,,,
Boundary_Fields_Baseline_2011 — HavatGadash_30,217.0,2.0,,,,,,,,
Boundary_Fields_Baseline_2011 — HavatGadash_30,218.0,2.0,,,,,,,,
Boundary_Fields_Baseline_2011 — HavatGadash_30,219.0,2.0,,,,,,,,
Boundary_Fields_Baseline_2011 — HavatGadash_30,220.0,2.0,,,,,,,,
Boundary_Fields_Baseline_2011 — HavatGadash_30,221.0,2.0,,,,,,,,
Boundary_Fields_Baseline_2011 — HavatGadash_30,222.0,2.0,,,,,,,,
Boundary_Fields_Baseline_2011 — HavatGadash_30,223.0,2.0,,,,,,,,
Boundary_Fields_Baseline_2011 — HavatGadash_30,224.0,1.0,,,,,,,,
Boundary_Fields_Baseline_2011 — HavatGadash_30,225.0,2.0,,,,,,,,
Boundary_Fields_Baseline_2011 — HavatGadash_30,226.0,2.0,,,,,,,,
Boundary_Fields_Baseline_2011 — HavatGadash_30,227.0,2.0,,,,,,,,
Boundary_Fields_Baseline_2011 — HavatGadash_30,228.0,1.0,,,,,,,,
Boundary_Fields_Baseline_2011 — HavatGadash_30,229.0,1.0,,,,,,,,
Boundary_Fields_Baseline_2011 — HavatGadash_30,230.0,1.0,,,,,,,,
Boundary_Fields_Baseline_2011 — HavatGadash_30,231.0,1.0,,,,,,,,
Boundary_Fields_Baseline_2011 — HavatGadash_30,232.0,1.0,,,,,,,,
Boundary_Fields_Baseline_2011 — HavatGadash_30,233.0,2.0,,,,,,,,
Boundary_Fields_Baseline_2011 — HavatGadash_30,234.0,2.0,,,,,,,,
Boundary_Fields_Baseline_2011 — HavatGadash_30,235.0,2.0,,,,,,,,
Boundary_Fields_Baseline_2011 — HavatGadash_30,236.0,2.0,,,,,,,,
Boundary_Fields_Baseline_2011 — HavatGadash_30,237.0,2.0,,,,,,,,
Boundary_Fields_Baseline_2011 — HavatGadash_30,238.0,3.0,,,,,,,,
Boundary_Fields_Baseline_2011 — HavatGadash_30,239.0,3.0,,,,,,,,
Boundary_Fields_Baseline_2011 — HavatGadash_30,240.0,3.0,,,,,,,,
Boundary_Fields_Baseline_2011 — HavatGadash_30,241.0,2.0,,,,,,,,
Boundary_Fields_Baseline_2011 — HavatGadash_30,242.0,2.0,,,,,,,,
Boundary_Fields_Baseline_2011 — HavatGadash_30,243.0,2.0,,,,,,,,
Boundary_Fields_Baseline_2011 — HavatGadash_30,244.0,1.0,,,,,,,,
Boundary_Fields_Baseline_2011 — HavatGadash_30,245.0,1.0,,,,,,,,
Boundary_Fields_Baseline_2011 — HavatGadash_30,246.0,1.0,,,,,,,,
Boundary_Fields_Baseline_2011 — HavatGadash_30,247.0,2.0,,,,,,,,
Boundary_Fields_Baseline_2011 — HavatGadash_30,248.0,1.0,,,,,,,,
Boundary_Fields_Baseline_2011 — HavatGadash_30,249.0,1.0,,,,,,,,
Boundary_Fields_Baseline_2011 — HavatGadash_30,250.0,1.0,,,,,,,,
Boundary_Fields_Baseline_2011 — HavatGadash_30,251.0,1.0,,,,,,,,
Boundary_Fields_Baseline_2011 — HavatGadash_30,252.0,2.0,,,,,,,,
Boundary_Fields_Baseline_2011 — HavatGadash_30,253.0,1.0,,,,,,,,
Boundary_Fields_Baseline_2011 — HavatGadash_30,254.0,2.0,,,,,,,,
Boundary_Fields_Baseline_2011 — HavatGadash_30,255.0,2.0,,,,,,,,
Boundary_Fields_Baseline_2011 — HavatGadash_30,256.0,1.0,,,,,,,,
Boundary_Fields_Baseline_2011 — HavatGadash_30,257.0,2.0,,,,,,,,
Boundary_Fields_Baseline_2011 — HavatGadash_30,258.0,2.0,,,,,,,,
Boundary_Fields_Baseline_2011 — HavatGadash_30,259.0,2.0,,,,,,,,
Boundary_Fields_Baseline_2011 — HavatGadash_30,260.0,1.0,,,,,,,,
Boundary_Fields_Baseline_2011 — HavatGadash_30,261.0,2.0,,,,,,,,
Boundary_Fields_Baseline_2011 — HavatGadash_30,262.0,2.0,,,,,,,,
Boundary_Fields_Baseline_2011 — HavatGadash_30,263.0,2.0,,,,,,,,
Boundary_Fields_Baseline_2011 — HavatGadash_30,264.0,2.0,,,,,,,,
Boundary_Fields_Baseline_2011 — HavatGadash_30,265.0,3.0,,,,,,,,
Boundary_Fields_Baseline_2011 — HavatGadash_30,266.0,3.0,,,,,,,,
Boundary_Fields_Baseline_2011 — HavatGadash_30,267.0,3.0,,,,,,,,
Boundary_Fields_Baseline_2011 — HavatGadash_30,268.0,2.0,,,,,,,,
Boundary_Fields_Baseline_2011 — HavatGadash_30,269.0,1.0,,,,,,,,
Boundary_Fields_Baseline_2011 — HavatGadash_30,270.0,2.0,,,,,,,,
Boundary_Fields_Baseline_2011 — HavatGadash_30,271.0,2.0,,,,,,,,
Boundary_Fields_Baseline_2011 — HavatGadash_30,272.0,2.0,,,,,,,,
Boundary_Fields_Baseline_2011 — HavatGadash_30,273.0,2.0,,,,,,,,
Boundary_Fields_Baseline_2011 — HavatGadash_30,274.0,2.0,,,,,,,,
Boundary_Fields_Baseline_2011 — HavatGadash_30,275.0,2.0,,,,,,,,
Boundary_Fields_Baseline_2011 — HavatGadash_30,276.0,2.0,,,,,,,,
Boundary_Fields_Baseline_2011 — HavatGadash_30,277.0,2.0,,,,,,,,
Boundary_Fields_Baseline_2011 — HavatGadash_30,278.0,2.0,,,,,,,,
Boundary_Fields_Baseline_2011 — HavatGadash_30,279.0,1.0,,,,,,,,
Boundary_Fields_Baseline_2011 — HavatGadash_30,280.0,1.0,,,,,,,,
Boundary_Fields_Baseline_2011 — HavatGadash_30,281.0,1.0,,,,,,,,
Boundary_Fields_Baseline_2011 — HavatGadash_30,282.0,1.0,,,,,,,,
Boundary_Fields_Baseline_2011 — HavatGadash_30,283.0,2.0,,,,,,,,
Boundary_Fields_Baseline_2011 — HavatGadash_30,284.0,2.0,,,,,,,,
Boundary_Fields_Baseline_2011 — HavatGadash_30,285.0,2.0,,,,,,,,
Boundary_Fields_Baseline_2011 — HavatGadash_30,286.0,2.0,,,,,,,,
Boundary_Fields_Baseline_2011 — HavatGadash_30,287.0,2.0,,,,,,,,
Boundary_Fields_Baseline_2011 — HavatGadash_30,288.0,2.0,,,,,,,,
Boundary_Fields_Baseline_2011 — HavatGadash_30,289.0,2.0,,,,,,,,
Boundary_Fields_Baseline_2011 — HavatGadash_30,290.0,2.0,,,,,,,,
Boundary_Fields_Baseline_2011 — HavatGadash_30,291.0,3.0,,,,,,,,
Boundary_Fields_Baseline_2011 — HavatGadash_30,292.0,3.0,,,,,,,,
Boundary_Fields_Baseline_2011 — Hulata_krad_3_4,1.0,3.0,0.0027712583856546614,0.0024217373858997668,0.0011720658002958128,0.0036453771027045276,0.01379213033762196,-0.034635853106348494,-0.0017222864210172382,-0.0005444010761224316
Boundary_Fields_Baseline_2011 — Hulata_krad_3_4,2.0,2.0,,,,,,,,
Boundary_Fields_Baseline_2011 — Hulata_krad_3_4,3.0,1.0,,,,,,,,
Boundary_Fields_Baseline_2011 — Hulata_krad_3_4,4.0,1.0,,,,,,,,
Boundary_Fields_Baseline_2011 — Hulata_krad_3_4,5.0,1.0,,,,,,,,
Boundary_Fields_Baseline_2011 — Hulata_krad_3_4,6.0,1.0,,,,,,,,
Boundary_Fields_Baseline_2011 — Hulata_krad_3_4,7.0,1.0,,,,,,,,
Boundary_Fields_Baseline_2011 — Hulata_krad_3_4,8.0,0.0,,,,,,,,
Boundary_Fields_Baseline_2011 — Hulata_krad_3_4,9.0,0.0,,,,,,,,
Boundary_Fields_Baseline_2011 — Hulata_krad_3_4,10.0,0.0,,,,,,,,
Boundary_Fields_Baseline_2011 — Hulata_krad_3_4,11.0,1.0,,,,,,,,
Boundary_Fields_Baseline_2011 — Hulata_krad_3_4,12.0,0.0,,,,,,,,
Boundary_Fields_Baseline_2011 — Hulata_krad_3_4,13.0,0.0,,,,,,,,
Boundary_Fields_Baseline_2011 — Hulata_krad_3_4,14.0,1.0,,,,,,,,
Boundary_Fields_Baseline_2011 — Hulata_krad_3_4,15.0,1.0,,,,,,,,
Boundary_Fields_Baseline_2011 — Hulata_krad_3_4,16.0,1.0,,,,,,,,
Boundary_Fields_Baseline_2011 — Hulata_krad_3_4,17.0,1.0,,,,,,,,
Boundary_Fields_Baseline_2011 — Hulata_krad_3_4,18.0,1.0,,,,,,,,
Boundary_Fields_Baseline_2011 — Hulata_krad_3_4,19.0,1.0,,,,,,,,
Boundary_Fields_Baseline_2011 — Hulata_krad_3_4,20.0,0.0,,,,,,,,
Boundary_Fields_Baseline_2011 — Hulata_krad_3_4,21.0,1.0,,,,,,,,
Boundary_Fields_Baseline_2011 — Hulata_krad_3_4,22.0,1.0,,,,,,,,
Boundary_Fields_Baseline_2011 — Hulata_krad_3_4,23.0,0.0,,,,,,,,
Boundary_Fields_Baseline_2011 — Hulata_krad_3_4,24.0,0.0,,,,,,,,
Boundary_Fields_Baseline_2011 — Hulata_krad_3_4,25.0,0.0,,,,,,,,
Boundary_Fields_Baseline_2011 — Hulata_krad_3_4,26.0,0.0,,,,,,,,
Boundary_Fields_Baseline_2011 — Hulata_krad_3_4,27.0,0.0,,,,,,,,
Boundary_Fields_Baseline_2011 — Hulata_krad_3_4,28.0,1.0,,,,,,,,
Boundary_Fields_Baseline_2011 — Hulata_krad_3_4,29.0,0.0,,,,,,,,
Boundary_Fields_Baseline_2011 — Hulata_krad_3_4,30.0,0.0,,,,,,,,
Boundary_Fields_Baseline_2011 — Hulata_krad_3_4,31.0,0.0,,,,,,,,
Boundary_Fields_Baseline_2011 — Hulata_krad_3_4,32.0,1.0,,,,,,,,
Boundary_Fields_Baseline_2011 — Hulata_krad_3_4,33.0,0.0,,,,,,,,
Boundary_Fields_Baseline_2011 — Hulata_krad_3_4,34.0,0.0,,,,,,,,
Boundary_Fields_Baseline_2011 — Hulata_krad_3_4,35.0,0.0,,,,,,,,
Boundary_Fields_Baseline_2011 — Hulata_krad_3_4,36.0,0.0,,,,,,,,
Boundary_Fields_Baseline_2011 — Hulata_krad_3_4,37.0,1.0,,,,,,,,
Boundary_Fields_Baseline_2011 — Hulata_krad_3_4,38.0,0.0,,,,,,,,
Boundary_Fields_Baseline_2011 — Hulata_krad_3_4,39.0,1.0,,,,,,,,
Boundary_Fields_Baseline_2011 — Hulata_krad_3_4,40.0,1.0,,,,,,,,
Boundary_Fields_Baseline_2011 — Hulata_krad_3_4,41.0,1.0,,,,,,,,
Boundary_Fields_Baseline_2011 — Hulata_krad_3_4,42.0,0.0,,,,,,,,
Boundary_Fields_Baseline_2011 — Hulata_krad_3_4,43.0,0.0,,,,,,,,
Boundary_Fields_Baseline_2011 — Hulata_krad_3_4,44.0,1.0,,,,,,,,
Boundary_Fields_Baseline_2011 — Hulata_krad_3_4,45.0,1.0,,,,,,,,
Boundary_Fields_Baseline_2011 — Hulata_krad_3_4,46.0,0.0,,,,,,,,
Boundary_Fields_Baseline_2011 — Hulata_krad_3_4,47.0,0.0,,,,,,,,
Boundary_Fields_Baseline_2011 — Hulata_krad_3_4,48.0,0.0,,,,,,,,
Boundary_Fields_Baseline_2011 — Hulata_krad_3_4,49.0,0.0,,,,,,,,
Boundary_Fields_Baseline_2011 — Hulata_krad_3_4,50.0,0.0,,,,,,,,
Boundary_Fields_Baseline_2011 — Hulata_krad_3_4,51.0,0.0,,,,,,,,
Boundary_Fields_Baseline_2011 — Hulata_krad_3_4,52.0,0.0,,,,,,,,
Boundary_Fields_Baseline_2011 — Hulata_krad_3_4,53.0,0.0,,,,,,,,
Boundary_Fields_Baseline_2011 — Hulata_krad_3_4,54.0,0.0,,,,,,,,
Boundary_Fields_Baseline_2011 — Hulata_krad_3_4,55.0,0.0,,,,,,,,
Boundary_Fields_Baseline_2011 — Hulata_krad_3_4,56.0,0.0,,,,,,,,
Boundary_Fields_Baseline_2011 — Hulata_krad_3_4,57.0,0.0,,,,,,,,
Boundary_Fields_Baseline_2011 — Hulata_krad_3_4,58.0,0.0,,,,,,,,
Boundary_Fields_Baseline_2011 — Hulata_krad_3_4,59.0,0.0,,,,,,,,
Boundary_Fields_Baseline_2011 — Hulata_krad_3_4,60.0,0.0,,,,,,,,
Boundary_Fields_Baseline_2011 — Hulata_krad_3_4,61.0,1.0,,,,,,,,
Boundary_Fields_Baseline_2011 — Hulata_krad_3_4,62.0,1.0,,,,,,,,
Boundary_Fields_Baseline_2011 — Hulata_krad_3_4,63.0,1.0,,,,,,,,
Boundary_Fields_Baseline_2011 — Hulata_krad_3_4,64.0,2.0,,,,,,,,
Boundary_Fields_Baseline_2011 — Hulata_krad_3_4,65.0,1.0,,,,,,,,
Boundary_Fields_Baseline_2011 — Hulata_krad_3_4,66.0,1.0,,,,,,,,
Boundary_Fields_Baseline_2011 — Hulata_krad_3_4,67.0,1.0,,,,,,,,
Boundary_Fields_Baseline_2011 — Hulata_krad_3_4,68.0,1.0,,,,,,,,
Boundary_Fields_Baseline_2011 — Hulata_krad_3_4,69.0,1.0,,,,,,,,
Boundary_Fields_Baseline_2011 — Hulata_krad_3_4,70.0,1.0,,,,,,,,
Boundary_Fields_Baseline_2011 — Hulata_krad_3_4,71.0,1.0,,,,,,,,
Boundary_Fields_Baseline_2011 — Hulata_krad_3_4,72.0,1.0,,,,,,,,
Boundary_Fields_Baseline_2011 — Hulata_krad_3_4,73.0,1.0,,,,,,,,
Boundary_Fields_Baseline_2011 — Hulata_krad_3_4,74.0,0.0,,,,,,,,
Boundary_Fields_Baseline_2011 — Hulata_krad_3_4,75.0,1.0,,,,,,,,
Boundary_Fields_Baseline_2011 — Hulata_krad_3_4,76.0,1.0,,,,,,,,
Boundary_Fields_Baseline_2011 — Hulata_krad_3_4,77.0,1.0,,,,,,,,
Boundary_Fields_Baseline_2011 — Hulata_krad_3_4,78.0,1.0,,,,,,,,
Boundary_Fields_Baseline_2011 — Hulata_krad_3_4,79.0,1.0,,,,,,,,
Boundary_Fields_Baseline_2011 — Hulata_krad_3_4,80.0,1.0,,,,,,,,
Boundary_Fields_Baseline_2011 — Hulata_krad_3_4,81.0,1.0,,,,,,,,
Boundary_Fields_Baseline_2011 — Hulata_krad_3_4,82.0,1.0,,,,,,,,
Boundary_Fields_Baseline_2011 — Hulata_krad_3_4,83.0,1.0,,,,,,,,
Boundary_Fields_Baseline_2011 — Hulata_krad_3_4,84.0,1.0,,,,,,,,
Boundary_Fields_Baseline_2011 — Hulata_krad_3_4,85.0,0.0,,,,,,,,
Boundary_Fields_Baseline_2011 — Hulata_krad_3_4,86.0,0.0,,,,,,,,
Boundary_Fields_Baseline_2011 — Hulata_krad_3_4,87.0,0.0,,,,,,,,
Boundary_Fields_Baseline_2011 — Hulata_krad_3_4,88.0,0.0,,,,,,,,
Boundary_Fields_Baseline_2011 — Hulata_krad_3_4,89.0,1.0,,,,,,,,
Boundary_Fields_Baseline_2011 — Hulata_krad_3_4,90.0,0.0,,,,,,,,
Boundary_Fields_Baseline_2011 — Hulata_krad_3_4,91.0,1.0,,,,,,,,
Boundary_Fields_Baseline_2011 — Hulata_krad_3_4,92.0,0.0,,,,,,,,
Boundary_Fields_Baseline_2011 — Hulata_krad_3_4,93.0,1.0,,,,,,,,
Boundary_Fields_Baseline_2011 — Hulata_krad_3_4,94.0,1.0,,,,,,,,
Boundary_Fields_Baseline_2011 — Hulata_krad_3_4,95.0,1.0,,,,,,,,
Boundary_Fields_Baseline_2011 — Hulata_krad_3_4,96.0,0.0,,,,,,,,
Boundary_Fields_Baseline_2011 — Hulata_krad_3_4,97.0,1.0,,,,,,,,
Boundary_Fields_Baseline_2011 — Hulata_krad_3_4,98.0,0.0,,,,,,,,
Boundary_Fields_Baseline_2011 — Hulata_krad_3_4,99.0,0.0,,,,,,,,
Boundary_Fields_Baseline_2011 — Hulata_krad_3_4,100.0,1.0,,,,,,,,
Boundary_Fields_Baseline_2011 — Hulata_krad_3_4,101.0,1.0,,,,,,,,
Boundary_Fields_Baseline_2011 — Hulata_krad_3_4,102.0,1.0,,,,,,,,
Boundary_Fields_Baseline_2011 — Hulata_krad_3_4,103.0,1.0,,,,,,,,
Boundary_Fields_Baseline_2011 — Hulata_krad_3_4,104.0,1.0,,,,,,,,
Boundary_Fields_Baseline_2011 — Hulata_krad_3_4,105.0,1.0,,,,,,,,
Boundary_Fields_Baseline_2011 — Hulata_krad_3_4,106.0,1.0,,,,,,,,
Boundary_Fields_Baseline_2011 — Hulata_krad_3_4,107.0,1.0,,,,,,,,
Boundary_Fields_Baseline_2011 — Hulata_krad_3_4,108.0,1.0,,,,,,,,
Boundary_Fields_Baseline_2011 — Hulata_krad_3_4,109.0,1.0,,,,,,,,
Boundary_Fields_Baseline_2011 — Hulata_krad_3_4,110.0,1.0,,,,,,,,
Boundary_Fields_Baseline_2011 — Hulata_krad_3_4,111.0,1.0,,,,,,,,
Boundary_Fields_Baseline_2011 — Hulata_krad_3_4,112.0,1.0,,,,,,,,
Boundary_Fields_Baseline_2011 — Hulata_krad_3_4,113.0,1.0,,,,,,,,
Boundary_Fields_Baseline_2011 — Hulata_krad_3_4,114.0,1.0,,,,,,,,
Boundary_Fields_Baseline_2011 — Hulata_krad_3_4,115.0,1.0,,,,,,,,
Boundary_Fields_Baseline_2011 — Hulata_krad_3_4,116.0,1.0,,,,,,,,
Boundary_Fields_Baseline_2011 — Hulata_krad_3_4,117.0,1.0,,,,,,,,
Boundary_Fields_Baseline_2011 — Hulata_krad_3_4,118.0,1.0,,,,,,,,
Boundary_Fields_Baseline_2011 — Hulata_krad_3_4,119.0,1.0,,,,,,,,
Boundary_Fields_Baseline_2011 — Hulata_krad_3_4,120.0,1.0,,,,,,,,
Boundary_Fields_Baseline_2011 — Hulata_krad_3_4,121.0,1.0,,,,,,,,
Boundary_Fields_Baseline_2011 — Hulata_krad_3_4,122.0,1.0,,,,,,,,
Boundary_Fields_Baseline_2011 — Hulata_krad_3_4,123.0,2.0,,,,,,,,
Boundary_Fields_Baseline_2011 — Hulata_krad_3_4,124.0,3.0,,,,,,,,
Boundary_Fields_Baseline_2011 — Hulata_krad_3_4,125.0,3.0,,,,,,,,
Boundary_Fields_Baseline_2011 — Hulata_krad_3_4,126.0,2.0,,,,,,,,
Boundary_Fields_Baseline_2011 — Hulata_krad_3_4,127.0,2.0,,,,,,,,
Boundary_Fields_Baseline_2011 — Hulata_krad_3_4,128.0,2.0,,,,,,,,
Boundary_Fields_Baseline_2011 — Hulata_krad_3_4,129.0,2.0,,,,,,,,
Boundary_Fields_Baseline_2011 — Hulata_krad_3_4,130.0,2.0,,,,,,,,
Boundary_Fields_Baseline_2011 — Hulata_krad_3_4,131.0,1.0,,,,,,,,
Boundary_Fields_Baseline_2011 — Hulata_krad_3_4,132.0,2.0,,,,,,,,
Boundary_Fields_Baseline_2011 — Hulata_krad_3_4,133.0,2.0,,,,,,,,
Boundary_Fields_Baseline_2011 — Hulata_krad_3_4,134.0,1.0,,,,,,,,
Boundary_Fields_Baseline_2011 — Hulata_krad_3_4,135.0,1.0,,,,,,,,
Boundary_Fields_Baseline_2011 — Hulata_krad_3_4,136.0,1.0,,,,,,,,
Boundary_Fields_Baseline_2011 — Hulata_krad_3_4,137.0,1.0,,,,,,,,
Boundary_Fields_Baseline_2011 — Hulata_krad_3_4,138.0,2.0,,,,,,,,
Boundary_Fields_Baseline_2011 — Hulata_krad_3_4,139.0,2.0,,,,,,,,
Boundary_Fields_Baseline_2011 — Hulata_krad_3_4,140.0,1.0,,,,,,,,
Boundary_Fields_Baseline_2011 — Hulata_krad_3_4,141.0,2.0,,,,,,,,
Boundary_Fields_Baseline_2011 — Hulata_krad_3_4,142.0,1.0,,,,,,,,
Boundary_Fields_Baseline_2011 — Hulata_krad_3_4,143.0,1.0,,,,,,,,
Boundary_Fields_Baseline_2011 — Hulata_krad_3_4,144.0,1.0,,,,,,,,
Boundary_Fields_Baseline_2011 — Hulata_krad_3_4,145.0,1.0,,,,,,,,
Boundary_Fields_Baseline_2011 — Hulata_krad_3_4,146.0,1.0,,,,,,,,
Boundary_Fields_Baseline_2011 — Hulata_krad_3_4,147.0,1.0,,,,,,,,
Boundary_Fields_Baseline_2011 — Hulata_krad_3_4,148.0,1.0,,,,,,,,
Boundary_Fields_Baseline_2011 — Hulata_krad_3_4,149.0,1.0,,,,,,,,
Boundary_Fields_Baseline_2011 — Hulata_krad_3_4,150.0,2.0,,,,,,,,
Boundary_Fields_Baseline_2011 — Hulata_krad_3_4,151.0,1.0,,,,,,,,
Boundary_Fields_Baseline_2011 — Hulata_krad_3_4,152.0,1.0,,,,,,,,
Boundary_Fields_Baseline_2011 — Hulata_krad_3_4,153.0,1.0,,,,,,,,
Boundary_Fields_Baseline_2011 — Hulata_krad_3_4,154.0,1.0,,,,,,,,
Boundary_Fields_Baseline_2011 — Hulata_krad_3_4,155.0,1.0,,,,,,,,
Boundary_Fields_Baseline_2011 — Hulata_krad_3_4,156.0,1.0,,,,,,,,
Boundary_Fields_Baseline_2011 — Hulata_krad_3_4,157.0,0.0,,,,,,,,
Boundary_Fields_Baseline_2011 — Hulata_krad_3_4,158.0,0.0,,,,,,,,
Boundary_Fields_Baseline_2011 — Hulata_krad_3_4,159.0,1.0,,,,,,,,
Boundary_Fields_Baseline_2011 — Hulata_krad_3_4,160.0,1.0,,,,,,,,
Boundary_Fields_Baseline_2011 — Hulata_krad_3_4,161.0,1.0,,,,,,,,
Boundary_Fields_Baseline_2011 — Hulata_krad_3_4,162.0,1.0,,,,,,,,
Boundary_Fields_Baseline_2011 — Hulata_krad_3_4,163.0,1.0,,,,,,,,
Boundary_Fields_Baseline_2011 — Hulata_krad_3_4,164.0,1.0,,,,,,,,
Boundary_Fields_Baseline_2011 — Hulata_krad_3_4,165.0,1.0,,,,,,,,
Boundary_Fields_Baseline_2011 — Hulata_krad_3_4,166.0,1.0,,,,,,,,
Boundary_Fields_Baseline_2011 — Hulata_krad_3_4,167.0,1.0,,,,,,,,
Boundary_Fields_Baseline_2011 — Hulata_krad_3_4,168.0,1.0,,,,,,,,
Boundary_Fields_Baseline_2011 — Hulata_krad_3_4,169.0,1.0,,,,,,,,
Boundary_Fields_Baseline_2011 — Hulata_krad_3_4,170.0,1.0,,,,,,,,
Boundary_Fields_Baseline_2011 — Hulata_krad_3_4,171.0,1.0,,,,,,,,
Boundary_Fields_Baseline_2011 — Hulata_krad_3_4,172.0,1.0,,,,,,,,
Boundary_Fields_Baseline_2011 — Hulata_krad_3_4,173.0,1.0,,,,,,,,
Boundary_Fields_Baseline_2011 — Hulata_krad_3_4,174.0,1.0,,,,,,,,
Boundary_Fields_Baseline_2011 — Hulata_krad_3_4,175.0,1.0,,,,,,,,
Boundary_Fields_Baseline_2011 — Hulata_krad_3_4,176.0,1.0,,,,,,,,
Boundary_Fields_Baseline_2011 — Hulata_krad_3_4,177.0,2.0,,,,,,,,
Boundary_Fields_Baseline_2011 — Hulata_krad_3_4,178.0,2.0,,,,,,,,
Boundary_Fields_Baseline_2011 — Hulata_krad_3_4,179.0,2.0,,,,,,,,
Boundary_Fields_Baseline_2011 — Hulata_krad_3_4,180.0,2.0,,,,,,,,
Boundary_Fields_Baseline_2011 — Hulata_krad_3_4,181.0,2.0,,,,,,,,
Boundary_Fields_Baseline_2011 — Hulata_krad_3_4,182.0,3.0,,,,,,,,
Boundary_Fields_Baseline_2011 — Hulata_krad_3_4,183.0,3.0,,,,,,,,
Boundary_Fields_Baseline_2011 — Hulata_krad_3_4,184.0,2.0,,,,,,,,
Boundary_Fields_Baseline_2011 — Hulata_krad_3_4,185.0,2.0,,,,,,,,
Boundary_Fields_Baseline_2011 — Hulata_krad_3_4,186.0,1.0,,,,,,,,
Boundary_Fields_Baseline_2011 — Hulata_krad_3_4,187.0,1.0,,,,,,,,
Boundary_Fields_Baseline_2011 — Hulata_krad_3_4,188.0,1.0,,,,,,,,
Boundary_Fields_Baseline_2011 — Hulata_krad_3_4,189.0,1.0,,,,,,,,
Boundary_Fields_Baseline_2011 — Hulata_krad_3_4,190.0,1.0,,,,,,,,
Boundary_Fields_Baseline_2011 — Hulata_krad_3_4,191.0,1.0,,,,,,,,
Boundary_Fields_Baseline_2011 — Hulata_krad_3_4,192.0,1.0,,,,,,,,
Boundary_Fields_Baseline_2011 — Hulata_krad_3_4,193.0,1.0,,,,,,,,
Boundary_Fields_Baseline_2011 — Hulata_krad_3_4,194.0,0.0,,,,,,,,
Boundary_Fields_Baseline_2011 — Hulata_krad_3_4,195.0,1.0,,,,,,,,
Boundary_Fields_Baseline_2011 — Hulata_krad_3_4,196.0,1.0,,,,,,,,
Boundary_Fields_Baseline_2011 — Hulata_krad_3_4,197.0,1.0,,,,,,,,
Boundary_Fields_Baseline_2011 — Hulata_krad_3_4,198.0,1.0,,,,,,,,
Boundary_Fields_Baseline_2011 — Hulata_krad_3_4,199.0,1.0,,,,,,,,
Boundary_Fields_Baseline_2011 — Hulata_krad_3_4,200.0,1.0,,,,,,,,
Boundary_Fields_Baseline_2011 — Hulata_krad_3_4,201.0,1.0,,,,,,,,
Boundary_Fields_Baseline_2011 — Hulata_krad_3_4,202.0,1.0,,,,,,,,
Boundary_Fields_Baseline_2011 — Hulata_krad_3_4,203.0,1.0,,,,,,,,
Boundary_Fields_Baseline_2011 — Hulata_krad_3_4,204.0,1.0,,,,,,,,
Boundary_Fields_Baseline_2011 — Hulata_krad_3_4,205.0,1.0,,,,,,,,
Boundary_Fields_Baseline_2011 — Hulata_krad_3_4,206.0,1.0,,,,,,,,
Boundary_Fields_Baseline_2011 — Hulata_krad_3_4,207.0,1.0,,,,,,,,
Boundary_Fields_Baseline_2011 — Hulata_krad_3_4,208.0,1.0,,,,,,,,
Boundary_Fields_Baseline_2011 — Hulata_krad_3_4,209.0,1.0,,,,,,,,
Boundary_Fields_Baseline_2011 — Hulata_krad_3_4,210.0,1.0,,,,,,,,
Boundary_Fields_Baseline_2011 — Hulata_krad_3_4,211.0,1.0,,,,,,,,
Boundary_Fields_Baseline_2011 — Hulata_krad_3_4,212.0,1.0,,,,,,,,
Boundary_Fields_Baseline_2011 — Hulata_krad_3_4,213.0,1.0,,,,,,,,
Boundary_Fields_Baseline_2011 — Hulata_krad_3_4,214.0,1.0,,,,,,,,
Boundary_Fields_Baseline_2011 — Hulata_krad_3_4,215.0,1.0,,,,,,,,
Boundary_Fields_Baseline_2011 — Hulata_krad_3_4,216.0,1.0,,,,,,,,
Boundary_Fields_Baseline_2011 — Hulata_krad_3_4,217.0,1.0,,,,,,,,
Boundary_Fields_Baseline_2011 — Hulata_krad_3_4,218.0,1.0,,,,,,,,
Boundary_Fields_Baseline_2011 — Hulata_krad_3_4,219.0,1.0,,,,,,,,
Boundary_Fields_Baseline_2011 — Hulata_krad_3_4,220.0,1.0,,,,,,,,
Boundary_Fields_Baseline_2011 — Hulata_krad_3_4,221.0,1.0,,,,,,,,
Boundary_Fields_Baseline_2011 — Hulata_krad_3_4,222.0,1.0,,,,,,,,
Boundary_Fields_Baseline_2011 — Hulata_krad_3_4,223.0,1.0,,,,,,,,
Boundary_Fields_Baseline_2011 — Hulata_krad_3_4,224.0,1.0,,,,,,,,
Boundary_Fields_Baseline_2011 — Hulata_krad_3_4,225.0,1.0,,,,,,,,
Boundary_Fields_Baseline_2011 — Hulata_krad_3_4,226.0,1.0,,,,,,,,
Boundary_Fields_Baseline_2011 — Hulata_krad_3_4,227.0,1.0,,,,,,,,
Boundary_Fields_Baseline_2011 — Hulata_krad_3_4,228.0,1.0,,,,,,,,
Boundary_Fields_Baseline_2011 — Hulata_krad_3_4,229.0,1.0,,,,,,,,
Boundary_Fields_Baseline_2011 — Hulata_krad_3_4,230.0,1.0,,,,,,,,
Boundary_Fields_Baseline_2011 — Hulata_krad_3_4,231.0,1.0,,,,,,,,
Boundary_Fields_Baseline_2011 — Hulata_krad_3_4,232.0,1.0,,,,,,,,
Boundary_Fields_Baseline_2011 — Hulata_krad_3_4,233.0,1.0,,,,,,,,
Boundary_Fields_Baseline_2011 — Hulata_krad_3_4,234.0,2.0,,,,,,,,
Boundary_Fields_Baseline_2011 — Hulata_krad_3_4,235.0,3.0,,,,,,,,
Boundary_Fields_Baseline_2011 — Hulata_krad_3_4,236.0,3.0,,,,,,,,
Boundary_Fields_Baseline_2011 — Hulata_krad_3_4,237.0,3.0,,,,,,,,
Boundary_Fields_Baseline_2011 — Hulata_krad_3_4,238.0,2.0,,,,,,,,
Boundary_Fields_Baseline_2011 — Hulata_krad_3_4,239.0,2.0,,,,,,,,
Boundary_Fields_Baseline_2011 — Hulata_krad_3_4,240.0,2.0,,,,,,,,
Boundary_Fields_Baseline_2011 — Hulata_krad_3_4,241.0,2.0,,,,,,,,
Boundary_Fields_Baseline_2011 — Hulata_krad_3_4,242.0,2.0,,,,,,,,
Boundary_Fields_Baseline_2011 — Hulata_krad_3_4,243.0,1.0,,,,,,,,
Boundary_Fields_Baseline_2011 — Hulata_krad_3_4,244.0,1.0,,,,,,,,
Boundary_Fields_Baseline_2011 — Hulata_krad_3_4,245.0,1.0,,,,,,,,
Boundary_Fields_Baseline_2011 — Hulata_krad_3_4,246.0,1.0,,,,,,,,
Boundary_Fields_Baseline_2011 — Hulata_krad_3_4,247.0,1.0,,,,,,,,
Boundary_Fields_Baseline_2011 — Hulata_krad_3_4,248.0,1.0,,,,,,,,
Boundary_Fields_Baseline_2011 — Hulata_krad_3_4,249.0,1.0,,,,,,,,
Boundary_Fields_Baseline_2011 — Hulata_krad_3_4,250.0,2.0,,,,,,,,
Boundary_Fields_Baseline_2011 — Hulata_krad_3_4,251.0,2.0,,,,,,,,
Boundary_Fields_Baseline_2011 — Hulata_krad_3_4,252.0,2.0,,,,,,,,
Boundary_Fields_Baseline_2011 — Hulata_krad_3_4,253.0,2.0,,,,,,,,
Boundary_Fields_Baseline_2011 — Hulata_krad_3_4,254.0,2.0,,,,,,,,
Boundary_Fields_Baseline_2011 — Hulata_krad_3_4,255.0,2.0,,,,,,,,
Boundary_Fields_Baseline_2011 — Hulata_krad_3_4,256.0,2.0,,,,,,,,
Boundary_Fields_Baseline_2011 — Hulata_krad_3_4,257.0,2.0,,,,,,,,
Boundary_Fields_Baseline_2011 — Hulata_krad_3_4,258.0,2.0,,,,,,,,
Boundary_Fields_Baseline_2011 — Hulata_krad_3_4,259.0,2.0,,,,,,,,
Boundary_Fields_Baseline_2011 — Hulata_krad_3_4,260.0,2.0,,,,,,,,
Boundary_Fields_Baseline_2011 — Hulata_krad_3_4,261.0,2.0,,,,,,,,
Boundary_Fields_Baseline_2011 — Hulata_krad_3_4,262.0,2.0,,,,,,,,
Boundary_Fields_Baseline_2011 — Hulata_krad_3_4,263.0,3.0,,,,,,,,
Boundary_Fields_Baseline_2011 — Hulata_krad_3_4,264.0,3.0,,,,,,,,
Boundary_Fields_Baseline_2011 — Hulata_krad_3_4,265.0,3.0,,,,,,,,
Boundary_Fields_Baseline_2011 — Hulata_krad_3_4,266.0,3.0,,,,,,,,
Boundary_Fields_Baseline_2011 — Hulata_krad_3_4,267.0,3.0,,,,,,,,
Boundary_Fields_Baseline_2011 — Hulata_krad_3_4,268.0,3.0,,,,,,,,
Boundary_Fields_Baseline_2011 — Hulata_krad_3_4,269.0,3.0,,,,,,,,
Boundary_Fields_Baseline_2011 — Hulata_krad_3_4,270.0,3.0,,,,,,,,
Boundary_Fields_Baseline_2011 — Hulata_krad_3_4,271.0,3.0,,,,,,,,
Boundary_Fields_Baseline_2011 — Hulata_krad_3_4,272.0,3.0,,,,,,,,
Boundary_Fields_Baseline_2011 — Hulata_krad_3_4,273.0,3.0,,,,,,,,
Boundary_Fields_Baseline_2011 — Hulata_krad_3_4,274.0,2.0,,,,,,,,
Boundary_Fields_Baseline_2011 — Hulata_krad_3_4,275.0,3.0,,,,,,,,
Boundary_Fields_Baseline_2011 — Hulata_krad_3_4,276.0,3.0,,,,,,,,
Boundary_Fields_Baseline_2011 — Hulata_krad_3_4,277.0,3.0,,,,,,,,
Boundary_Fields_Baseline_2011 — Hulata_krad_3_4,278.0,3.0,,,,,,,,
Boundary_Fields_Baseline_2011 — Hulata_krad_3_4,279.0,3.0,,,,,,,,
Boundary_Fields_Baseline_2011 — Hulata_krad_3_4,280.0,3.0,,,,,,,,
Boundary_Fields_Baseline_2011 — Hulata_krad_3_4,281.0,2.0,,,,,,,,
Boundary_Fields_Baseline_2011 — Hulata_krad_3_4,282.0,3.0,,,,,,,,
Boundary_Fields_Baseline_2011 — Hulata_krad_3_4,283.0,3.0,,,,,,,,
Boundary_Fields_Baseline_2011 — Hulata_krad_3_4,284.0,3.0,,,,,,,,
Boundary_Fields_Baseline_2011 — Hulata_krad_3_4,285.0,3.0,,,,,,,,
Boundary_Fields_Baseline_2011 — Hulata_krad_3_4,286.0,3.0,,,,,,,,
Boundary_Fields_Baseline_2011 — Hulata_krad_3_4,287.0,3.0,,,,,,,,
Boundary_Fields_Baseline_2011 — Reem_bialik_west,1.0,3.0,,,,,,,,
Boundary_Fields_Baseline_2011 — Reem_bialik_west,2.0,3.0,,,,,,,,
Boundary_Fields_Baseline_2011 — Reem_bialik_west,3.0,3.0,,,,,,,,
Boundary_Fields_Baseline_2011 — Reem_bialik_west,4.0,3.0,,,,,,,,
Boundary_Fields_Baseline_2011 — Reem_bialik_west,5.0,3.0,,,,,,,,
Boundary_Fields_Baseline_2011 — Reem_bialik_west,6.0,2.0,,,,,,,,
Boundary_Fields_Baseline_2011 — Reem_bialik_west,7.0,3.0,,,,,,,,
Boundary_Fields_Baseline_2011 — Reem_bialik_west,8.0,2.0,,,,,,,,
Boundary_Fields_Baseline_2011 — Reem_bialik_west,9.0,3.0,,,,,,,,
Boundary_Fields_Baseline_2011 — Reem_bialik_west,10.0,3.0,,,,,,,,
Boundary_Fields_Baseline_2011 — Reem_bialik_west,11.0,2.0,,,,,,,,
Boundary_Fields_Baseline_2011 — Reem_bialik_west,12.0,2.0,,,,,,,,
Boundary_Fields_Baseline_2011 — Reem_bialik_west,13.0,2.0,,,,,,,,
Boundary_Fields_Baseline_2011 — Reem_bialik_west,14.0,3.0,,,,,,,,
Boundary_Fields_Baseline_2011 — Reem_bialik_west,15.0,3.0,,,,,,,,
Boundary_Fields_Baseline_2011 — Reem_bialik_west,16.0,3.0,,,,,,,,
Boundary_Fields_Baseline_2011 — Reem_bialik_west,17.0,3.0,,,,,,,,
Boundary_Fields_Baseline_2011 — Reem_bialik_west,18.0,2.0,,,,,,,,
Boundary_Fields_Baseline_2011 — Reem_bialik_west,19.0,2.0,,,,,,,,
Boundary_Fields_Baseline_2011 — Reem_bialik_west,20.0,2.0,,,,,,,,
Boundary_Fields_Baseline_2011 — Reem_bialik_west,21.0,2.0,,,,,,,,
Boundary_Fields_Baseline_2011 — Reem_bialik_west,22.0,2.0,,,,,,,,
Boundary_Fields_Baseline_2011 — Reem_bialik_west,23.0,2.0,,,,,,,,
Boundary_Fields_Baseline_2011 — Reem_bialik_west,24.0,2.0,,,,,,,,
Boundary_Fields_Baseline_2011 — Reem_bialik_west,25.0,2.0,,,,,,,,
Boundary_Fields_Baseline_2011 — Reem_bialik_west,26.0,1.0,,,,,,,,
Boundary_Fields_Baseline_2011 — Reem_bialik_west,27.0,1.0,,,,,,,,
Boundary_Fields_Baseline_2011 — Reem_bialik_west,28.0,1.0,,,,,,,,
Boundary_Fields_Baseline_2011 — Reem_bialik_west,29.0,1.0,,,,,,,,
Boundary_Fields_Baseline_2011 — Reem_bialik_west,30.0,1.0,,,,,,,,
Boundary_Fields_Baseline_2011 — Reem_bialik_west,31.0,1.0,,,,,,,,
Boundary_Fields_Baseline_2011 — Reem_bialik_west,32.0,1.0,,,,,,,,
Boundary_Fields_Baseline_2011 — Reem_bialik_west,33.0,1.0,,,,,,,,
Boundary_Fields_Baseline_2011 — Reem_bialik_west,34.0,1.0,,,,,,,,
Boundary_Fields_Baseline_2011 — Reem_bialik_west,35.0,1.0,,,,,,,,
Boundary_Fields_Baseline_2011 — Reem_bialik_west,36.0,1.0,,,,,,,,
Boundary_Fields_Baseline_2011 — Reem_bialik_west,37.0,1.0,,,,,,,,
Boundary_Fields_Baseline_2011 — Reem_bialik_west,38.0,1.0,,,,,,,,
Boundary_Fields_Baseline_2011 — Reem_bialik_west,39.0,1.0,,,,,,,,
Boundary_Fields_Baseline_2011 — Reem_bialik_west,40.0,1.0,,,,,,,,
Boundary_Fields_Baseline_2011 — Reem_bialik_west,41.0,1.0,,,,,,,,
Boundary_Fields_Baseline_2011 — Reem_bialik_west,42.0,1.0,,,,,,,,
Boundary_Fields_Baseline_2011 — Reem_bialik_west,43.0,1.0,,,,,,,,
Boundary_Fields_Baseline_2011 — Reem_bialik_west,44.0,1.0,,,,,,,,
Boundary_Fields_Baseline_2011 — Reem_bialik_west,45.0,2.0,,,,,,,,
Boundary_Fields_Baseline_2011 — Reem_bialik_west,46.0,2.0,,,,,,,,
Boundary_Fields_Baseline_2011 — Reem_bialik_west,47.0,2.0,,,,,,,,
Boundary_Fields_Baseline_2011 — Reem_bialik_west,48.0,2.0,,,,,,,,
Boundary_Fields_Baseline_2011 — Reem_bialik_west,49.0,2.0,,,,,,,,
Boundary_Fields_Baseline_2011 — Reem_bialik_west,50.0,1.0,,,,,,,,
Boundary_Fields_Baseline_2011 — Reem_bialik_west,51.0,1.0,,,,,,,,
Boundary_Fields_Baseline_2011 — Reem_bialik_west,52.0,1.0,,,,,,,,
Boundary_Fields_Baseline_2011 — Reem_bialik_west,53.0,1.0,,,,,,,,
Boundary_Fields_Baseline_2011 — Reem_bialik_west,54.0,1.0,,,,,,,,
Boundary_Fields_Baseline_2011 — Reem_bialik_west,55.0,1.0,,,,,,,,
Boundary_Fields_Baseline_2011 — Reem_bialik_west,56.0,1.0,,,,,,,,
Boundary_Fields_Baseline_2011 — Reem_bialik_west,57.0,1.0,,,,,,,,
Boundary_Fields_Baseline_2011 — Reem_bialik_west,58.0,1.0,,,,,,,,
Boundary_Fields_Baseline_2011 — Reem_bialik_west,59.0,1.0,,,,,,,,
Boundary_Fields_Baseline_2011 — Reem_bialik_west,60.0,1.0,,,,,,,,
Boundary_Fields_Baseline_2011 — Reem_bialik_west,61.0,1.0,,,,,,,,
Boundary_Fields_Baseline_2011 — Reem_bialik_west,62.0,1.0,,,,,,,,
Boundary_Fields_Baseline_2011 — Reem_bialik_west,63.0,1.0,,,,,,,,
Boundary_Fields_Baseline_2011 — Reem_bialik_west,64.0,1.0,,,,,,,,
Boundary_Fields_Baseline_2011 — Reem_bialik_west,65.0,1.0,,,,,,,,
Boundary_Fields_Baseline_2011 — Reem_bialik_west,66.0,1.0,,,,,,,,
Boundary_Fields_Baseline_2011 — Reem_bialik_west,67.0,1.0,,,,,,,,
Boundary_Fields_Baseline_2011 — Reem_bialik_west,68.0,1.0,,,,,,,,
Boundary_Fields_Baseline_2011 — Reem_bialik_west,69.0,1.0,,,,,,,,
Boundary_Fields_Baseline_2011 — Reem_bialik_west,70.0,1.0,,,,,,,,
Boundary_Fields_Baseline_2011 — Reem_bialik_west,71.0,2.0,,,,,,,,
Boundary_Fields_Baseline_2011 — Reem_bialik_west,72.0,2.0,,,,,,,,
Boundary_Fields_Baseline_2011 — Reem_bialik_west,73.0,3.0,,,,,,,,
Boundary_Fields_Baseline_2011 — Reem_bialik_west,74.0,3.0,,,,,,,,
Boundary_Fields_Baseline_2011 — Reem_bialik_west,75.0,2.0,,,,,,,,
Boundary_Fields_Baseline_2011 — Reem_bialik_west,76.0,2.0,,,,,,,,
Boundary_Fields_Baseline_2011 — Reem_bialik_west,77.0,2.0,,,,,,,,
Boundary_Fields_Baseline_2011 — Reem_bialik_west,78.0,2.0,,,,,,,,
Boundary_Fields_Baseline_2011 — Reem_bialik_west,79.0,2.0,,,,,,,,
Boundary_Fields_Baseline_2011 — Reem_bialik_west,80.0,2.0,,,,,,,,
Boundary_Fields_Baseline_2011 — Reem_bialik_west,81.0,2.0,,,,,,,,
Boundary_Fields_Baseline_2011 — Reem_bialik_west,82.0,2.0,,,,,,,,
Boundary_Fields_Baseline_2011 — Reem_bialik_west,83.0,1.0,,,,,,,,
Boundary_Fields_Baseline_2011 — Reem_bialik_west,84.0,1.0,,,,,,,,
Boundary_Fields_Baseline_2011 — Reem_bialik_west,85.0,1.0,,,,,,,,
Boundary_Fields_Baseline_2011 — Reem_bialik_west,86.0,1.0,,,,,,,,
Boundary_Fields_Baseline_2011 — Reem_bialik_west,87.0,2.0,,,,,,,,
Boundary_Fields_Baseline_2011 — Reem_bialik_west,88.0,2.0,,,,,,,,
Boundary_Fields_Baseline_2011 — Reem_bialik_west,89.0,2.0,,,,,,,,
Boundary_Fields_Baseline_2011 — Reem_bialik_west,90.0,2.0,,,,,,,,
Boundary_Fields_Baseline_2011 — Reem_bialik_west,91.0,2.0,,,,,,,,
Boundary_Fields_Baseline_2011 — Reem_bialik_west,92.0,2.0,,,,,,,,
Boundary_Fields_Baseline_2011 — Reem_bialik_west,93.0,2.0,,,,,,,,
Boundary_Fields_Baseline_2011 — Reem_bialik_west,94.0,2.0,,,,,,,,
Boundary_Fields_Baseline_2011 — Reem_bialik_west,95.0,3.0,,,,,,,,
Boundary_Fields_Baseline_2011 — Reem_bialik_west,96.0,3.0,,,,,,,,
Boundary_Fields_Baseline_2011 — Reem_bialik_west,97.0,3.0,,,,,,,,
Boundary_Fields_Baseline_2011 — Reem_bialik_west,98.0,2.0,,,,,,,,
Boundary_Fields_Baseline_2011 — Reem_bialik_west,99.0,2.0,,,,,,,,
Boundary_Fields_Baseline_2011 — Reem_bialik_west,100.0,2.0,,,,,,,,
Boundary_Fields_Baseline_2011 — Reem_bialik_west,101.0,2.0,,,,,,,,
Boundary_Fields_Baseline_2011 — Reem_bialik_west,102.0,2.0,,,,,,,,
Boundary_Fields_Baseline_2011 — Reem_bialik_west,103.0,2.0,,,,,,,,
Boundary_Fields_Baseline_2011 — Reem_bialik_west,104.0,2.0,,,,,,,,
Boundary_Fields_Baseline_2011 — Reem_bialik_west,105.0,2.0,,,,,,,,
Boundary_Fields_Baseline_2011 — Reem_bialik_west,106.0,2.0,,,,,,,,
Boundary_Fields_Baseline_2011 — Reem_bialik_west,107.0,2.0,,,,,,,,
Boundary_Fields_Baseline_2011 — Reem_bialik_west,108.0,2.0,,,,,,,,
Boundary_Fields_Baseline_2011 — Reem_bialik_west,109.0,2.0,,,,,,,,
Boundary_Fields_Baseline_2011 — Reem_bialik_west,110.0,2.0,,,,,,,,
Boundary_Fields_Baseline_2011 — Reem_bialik_west,111.0,2.0,,,,,,,,
Boundary_Fields_Baseline_2011 — Reem_bialik_west,112.0,2.0,,,,,,,,
Boundary_Fields_Baseline_2011 — Reem_bialik_west,113.0,2.0,,,,,,,,
Boundary_Fields_Baseline_2011 — Reem_bialik_west,114.0,3.0,,,,,,,,
Boundary_Fields_Baseline_2011 — Reem_bialik_west,115.0,3.0,,,,,,,,
Boundary_Fields_Baseline_2011 — Reem_bialik_west,116.0,3.0,,,,,,,,
Boundary_Fields_Baseline_2011 — Reem_bialik_west,117.0,3.0,,,,,,,,
Boundary_Fields_Baseline_2011 — Reem_bialik_west,118.0,3.0,,,,,,,,
Boundary_Fields_Baseline_2011 — Reem_bialik_west,119.0,3.0,,,,,,,,
Boundary_Fields_Baseline_2011 — Reem_bialik_west,120.0,3.0,,,,,,,,
Boundary_Fields_Baseline_2011 — Reem_bialik_west,121.0,2.0,,,,,,,,
Boundary_Fields_Baseline_2011 — Reem_bialik_west,122.0,2.0,,,,,,,,
Boundary_Fields_Baseline_2011 — Reem_bialik_west,123.0,2.0,,,,,,,,
Boundary_Fields_Baseline_2011 — Reem_bialik_west,124.0,2.0,,,,,,,,
Boundary_Fields_Baseline_2011 — Reem_bialik_west,125.0,2.0,,,,,,,,
Boundary_Fields_Baseline_2011 — Reem_bialik_west,126.0,2.0,,,,,,,,
Boundary_Fields_Baseline_2011 — Reem_bialik_west,127.0,3.0,,,,,,,,
Boundary_Fields_Baseline_2011 — Reem_bialik_west,128.0,3.0,,,,,,,,
Boundary_Fields_Baseline_2011 — Reem_bialik_west,129.0,2.0,,,,,,,,
Boundary_Fields_Baseline_2011 — Reem_bialik_west,130.0,2.0,,,,,,,,
Boundary_Fields_Baseline_2011 — Reem_bialik_west,131.0,2.0,,,,,,,,
Boundary_Fields_Baseline_2011 — Reem_bialik_west,132.0,2.0,,,,,,,,
Boundary_Fields_Baseline_2011 — Reem_bialik_west,133.0,2.0,,,,,,,,
Boundary_Fields_Baseline_2011 — Reem_bialik_west,134.0,2.0,,,,,,,,
Boundary_Fields_Baseline_2011 — Reem_bialik_west,135.0,2.0,,,,,,,,
Boundary_Fields_Baseline_2011 — Reem_bialik_west,136.0,2.0,,,,,,,,
Boundary_Fields_Baseline_2011 — Reem_bialik_west,137.0,2.0,,,,,,,,
Boundary_Fields_Baseline_2011 — Reem_bialik_west,138.0,2.0,,,,,,,,
Boundary_Fields_Baseline_2011 — Reem_bialik_west,139.0,3.0,,,,,,,,
Boundary_Fields_Baseline_2011 — Reem_bialik_west,140.0,3.0,,,,,,,,
Boundary_Fields_Baseline_2011 — Reem_bialik_west,141.0,3.0,,,,,,,,
Boundary_Fields_Baseline_2011 — Reem_bialik_west,142.0,3.0,,,,,,,,
Boundary_Fields_Baseline_2011 — Reem_bialik_west,143.0,3.0,,,,,,,,
Boundary_Fields_Baseline_2011 — Reem_bialik_west,144.0,3.0,,,,,,,,
Boundary_Fields_Baseline_2011 — Reem_bialik_west,145.0,3.0,,,,,,,,
Boundary_Fields_Baseline_2011 — Reem_bialik_west,146.0,3.0,,,,,,,,
Boundary_Fields_Baseline_2011 — Reem_bialik_west,147.0,3.0,,,,,,,,
Boundary_Fields_Baseline_2011 — Reem_bialik_west,148.0,3.0,,,,,,,,
Boundary_Fields_Baseline_2011 — Reem_bialik_west,149.0,3.0,,,,,,,,
Boundary_Fields_Baseline_2011 — Reem_bialik_west,150.0,3.0,,,,,,,,
Boundary_Fields_Baseline_2011 — Reem_bialik_west,151.0,3.0,,,,,,,,
Boundary_Fields_Baseline_2011 — Reem_bialik_west,152.0,3.0,,,,,,,,
Boundary_Fields_Baseline_2011 — Reem_bialik_west,153.0,3.0,,,,,,,,
Boundary_Fields_Baseline_2011 — Reem_bialik_west,154.0,3.0,,,,,,,,
Boundary_Fields_Baseline_2011 — Reem_bialik_west,155.0,3.0,,,,,,,,
Boundary_Fields_Baseline_2011 — Reem_bialik_west,156.0,3.0,,,,,,,,
Boundary_Fields_Baseline_2011 — Reem_bialik_west,157.0,3.0,,,,,,,,
Boundary_Fields_Baseline_2011 — Reem_bialik_west,158.0,3.0,,,,,,,,
Boundary_Fields_Baseline_2011 — Reem_bialik_west,159.0,3.0,,,,,,,,
Boundary_Fields_Baseline_2011 — Reem_bialik_west,160.0,3.0,,,,,,,,
Boundary_Fields_Baseline_2011 — Reem_bialik_west,161.0,3.0,,,,,,,,
Boundary_Fields_Baseline_2011 — Reem_bialik_west,162.0,3.0,,,,,,,,
Boundary_Fields_Baseline_2011 — Reem_bialik_west,163.0,3.0,,,,,,,,
Boundary_Fields_Baseline_2011 — Reem_bialik_west,164.0,3.0,,,,,,,,
Boundary_Fields_Baseline_2011 — Reem_bialik_west,165.0,3.0,,,,,,,,
Boundary_Fields_Baseline_2011 — Reem_bialik_west,166.0,3.0,,,,,,,,
Boundary_Fields_Baseline_2011 — Reem_bialik_west,167.0,3.0,,,,,,,,
Boundary_Fields_Baseline_2011 — Reem_bialik_west,168.0,3.0,,,,,,,,
Boundary_Fields_Baseline_2011 — Reem_bialik_west,169.0,3.0,,,,,,,,
Boundary_Fields_Baseline_2011 — Reem_bialik_west,170.0,3.0,,,,,,,,
Boundary_Fields_Baseline_2011 — Reem_bialik_west,171.0,3.0,,,,,,,,
Boundary_Fields_Baseline_2011 — Reem_bialik_west,172.0,3.0,,,,,,,,
Boundary_Fields_Baseline_2011 — Reem_bialik_west,173.0,3.0,,,,,,,,
Boundary_Fields_Baseline_2011 — Reem_bialik_west,174.0,3.0,,,,,,,,
Boundary_Fields_Baseline_2011 — Reem_bialik_west,175.0,3.0,,,,,,,,
Boundary_Fields_Baseline_2011 — Reem_bialik_west,176.0,3.0,,,,,,,,
Boundary_Fields_Baseline_2011 — Reem_bialik_west,177.0,3.0,,,,,,,,
Boundary_Fields_Baseline_2011 — Reem_bialik_west,178.0,3.0,,,,,,,,
Boundary_Fields_Baseline_2011 — Reem_bialik_west,179.0,3.0,,,,,,,,
Boundary_Fields_Baseline_2011 — Reem_bialik_west,180.0,3.0,,,,,,,,
Boundary_Fields_Baseline_2011 — Reem_bialik_west,181.0,3.0,,,,,,,,
Boundary_Fields_Baseline_2011 — Reem_bialik_west,182.0,3.0,,,,,,,,
Boundary_Fields_Baseline_2011 — Reem_bialik_west,183.0,3.0,,,,,,,,
Boundary_Fields_Baseline_2011 — Reem_bialik_west,184.0,3.0,,,,,,,,
Boundary_Fields_Baseline_2011 — Reem_bialik_west,185.0,3.0,,,,,,,,
Boundary_Fields_Baseline_2011 — Reem_bialik_west,186.0,3.0,,,,,,,,
Boundary_Fields_Baseline_2011 — Reem_bialik_west,187.0,3.0,,,,,,,,
Boundary_Fields_Baseline_2011 — Reem_bialik_west,188.0,3.0,,,,,,,,
Boundary_Fields_Baseline_2011 — Reem_bialik_west,189.0,3.0,,,,,,,,
Boundary_Fields_Baseline_2011 — Reem_bialik_west,190.0,3.0,,,,,,,,
Boundary_Fields_Baseline_2011 — Reem_bialik_west,191.0,3.0,,,,,,,,
Boundary_Fields_Baseline_2011 — Reem_bialik_west,192.0,3.0,,,,,,,,
Boundary_Fields_Baseline_2011 — Reem_bialik_west,193.0,3.0,,,,,,,,
Boundary_Fields_Baseline_2011 — Reem_bialik_west,194.0,3.0,,,,,,,,
Boundary_Fields_Baseline_2011 — Reem_bialik_west,195.0,3.0,,,,,,,,
Boundary_Fields_Baseline_2011 — Reem_bialik_west,196.0,3.0,,,,,,,,
Boundary_Fields_Baseline_2011 — Reem_bialik_west,197.0,3.0,,,,,,,,
Boundary_Fields_Baseline_2011 — Reem_bialik_west,198.0,3.0,,,,,,,,
Boundary_Fields_Baseline_2011 — Reem_bialik_west,199.0,3.0,,,,,,,,
Boundary_Fields_Baseline_2011 — Reem_bialik_west,200.0,3.0,,,,,,,,
Boundary_Fields_Baseline_2011 — Reem_bialik_west,201.0,3.0,,,,,,,,
Boundary_Fields_Baseline_2011 — Reem_bialik_west,202.0,3.0,,,,,,,,
Boundary_Fields_Baseline_2011 — Reem_bialik_west,203.0,3.0,,,,,,,,
Boundary_Fields_Baseline_2011 — Reem_bialik_west,204.0,3.0,,,,,,,,
Boundary_Fields_Baseline_2011 — Reem_bialik_west,205.0,3.0,,,,,,,,
Boundary_Fields_Baseline_2011 — Reem_bialik_west,206.0,3.0,,,,,,,,
Boundary_Fields_Baseline_2011 — Reem_bialik_west,207.0,3.0,,,,,,,,
Boundary_Fields_Baseline_2011 — Reem_bialik_west,208.0,3.0,,,,,,,,
Boundary_Fields_Baseline_2011 — Reem_bialik_west,209.0,3.0,,,,,,,,
Boundary_Fields_Baseline_2011 — Reem_bialik_west,210.0,3.0,,,,,,,,
Boundary_Fields_Baseline_2011 — Reem_bialik_west,211.0,3.0,,,,,,,,
Boundary_Fields_Baseline_2011 — Reem_bialik_west,212.0,3.0,,,,,,,,
Boundary_Fields_Baseline_2011 — Reem_bialik_west,213.0,3.0,,,,,,,,
Boundary_Fields_Baseline_2011 — Reem_bialik_west,214.0,3.0,,,,,,,,
Boundary_Fields_Baseline_2011 — Reem_bialik_west,215.0,3.0,,,,,,,,
Boundary_Fields_Baseline_2011 — Reem_bialik_west,216.0,3.0,,,,,,,,
Boundary_Fields_Baseline_2011 — Reem_bialik_west,217.0,3.0,,,,,,,,
Boundary_Fields_Baseline_2011 — Reem_bialik_west,218.0,3.0,,,,,,,,
Boundary_Fields_Baseline_2011 — Reem_bialik_west,219.0,3.0,,,,,,,,
Boundary_Fields_Baseline_2011 — Reem_bialik_west,220.0,3.0,,,,,,,,
Boundary_Fields_Baseline_2011 — Reem_bialik_west,221.0,3.0,,,,,,,,
Boundary_Fields_Baseline_2011 — Reem_bialik_west,222.0,3.0,,,,,,,,
Boundary_Fields_Baseline_2011 — Reem_bialik_west,223.0,3.0,,,,,,,,
Boundary_Fields_Baseline_2011 — Reem_bialik_west,224.0,3.0,,,,,,,,
Boundary_Fields_Baseline_2011 — Reem_bialik_west,225.0,3.0,,,,,,,,
Boundary_Fields_Baseline_2011 — Reem_bialik_west,226.0,3.0,,,,,,,,
Boundary_Fields_Baseline_2011 — Reem_bialik_west,227.0,3.0,,,,,,,,
Boundary_Fields_Baseline_2011 — Reem_bialik_west,228.0,3.0,,,,,,,,
Boundary_Fields_Baseline_2011 — Reem_bialik_west,229.0,3.0,,,,,,,,
Boundary_Fields_Baseline_2011 — Reem_bialik_west,230.0,3.0,,,,,,,,
Boundary_Fields_Baseline_2011 — Reem_bialik_west,231.0,3.0,,,,,,,,
Boundary_Fields_Baseline_2011 — Reem_bialik_west,232.0,3.0,,,,,,,,
Boundary_Fields_Baseline_2011 — Reem_bialik_west,233.0,3.0,,,,,,,,
Boundary_Fields_Baseline_2011 — Reem_bialik_west,234.0,3.0,,,,,,,,
Boundary_Fields_Baseline_2011 — Reem_bialik_west,235.0,3.0,,,,,,,,
Boundary_Fields_Baseline_2011 — Reem_bialik_west,236.0,3.0,,,,,,,,
Boundary_Fields_Baseline_2011 — Reem_bialik_west,237.0,3.0,,,,,,,,
Boundary_Fields_Baseline_2011 — Reem_bialik_west,238.0,3.0,,,,,,,,
Boundary_Fields_Baseline_2011 — Reem_bialik_west,239.0,3.0,,,,,,,,
Boundary_Fields_Baseline_2011 — Reem_bialik_west,240.0,3.0,,,,,,,,
Boundary_Fields_Baseline_2011 — Reem_bialik_west,241.0,3.0,,,,,,,,
Boundary_Fields_Baseline_2011 — Reem_bialik_west,242.0,3.0,,,,,,,,
Boundary_Fields_Baseline_2011 — Reem_bialik_west,243.0,3.0,,,,,,,,
Boundary_Fields_Baseline_2011 — Reem_bialik_west,244.0,3.0,,,,,,,,
Boundary_Fields_Baseline_2011 — Reem_bialik_west,245.0,3.0,,,,,,,,
Boundary_Fields_Baseline_2011 — Reem_bialik_west,246.0,3.0,,,,,,,,
Boundary_Fields_Baseline_2011 — Reem_bialik_west,247.0,3.0,,,,,,,,
Boundary_Fields_Baseline_2011 — Reem_bialik_west,248.0,3.0,,,,,,,,
Boundary_Fields_Baseline_2011 — Reem_bialik_west,249.0,3.0,,,,,,,,
Boundary_Fields_Baseline_2011 — Reem_bialik_west,250.0,3.0,,,,,,,,
Boundary_Fields_Baseline_2011 — Reem_bialik_west,251.0,3.0,,,,,,,,
Boundary_Fields_Baseline_2011 — Reem_bialik_west,252.0,3.0,,,,,,,,
Boundary_Fields_Baseline_2011 — Reem_bialik_west,253.0,3.0,,,,,,,,
Boundary_Fields_Baseline_2011 — Reem_bialik_west,254.0,3.0,,,,,,,,
Boundary_Fields_Baseline_2011 — Reem_bialik_west,255.0,3.0,,,,,,,,
Boundary_Fields_Baseline_2011 — Reem_bialik_west,256.0,3.0,,,,,,,,
Boundary_Fields_Baseline_2011 — Reem_bialik_west,257.0,3.0,,,,,,,,
Boundary_Fields_Baseline_2011 — Reem_bialik_west,258.0,3.0,,,,,,,,
Boundary_Fields_Baseline_2011 — Reem_bialik_west,259.0,3.0,,,,,,,,
Boundary_Fields_Baseline_2011 — Reem_bialik_west,260.0,3.0,,,,,,,,
Boundary_Fields_Baseline_2011 — Reem_bialik_west,261.0,3.0,,,,,,,,
Boundary_Fields_Baseline_2011 — Reem_bialik_west,262.0,3.0,,,,,,,,
Boundary_Fields_Baseline_2011 — Reem_bialik_west,263.0,3.0,,,,,,,,
Boundary_Fields_Baseline_2011 — Reem_bialik_west,264.0,3.0,,,,,,,,
Boundary_Fields_Baseline_2011 — Reem_bialik_west,265.0,3.0,,,,,,,,
Boundary_Fields_Baseline_2011 — Reem_bialik_west,266.0,3.0,,,,,,,,
Boundary_Fields_Baseline_2011 — Reem_bialik_west,267.0,3.0,,,,,,,,
Boundary_Fields_Baseline_2011 — Reem_bialik_west,268.0,3.0,,,,,,,,
Boundary_Fields_Baseline_2011 — Reem_bialik_west,269.0,3.0,,,,,,,,
Boundary_Fields_Baseline_2011 — Reem_bialik_west,270.0,3.0,,,,,,,,
Boundary_Fields_Baseline_2011 — Reem_bialik_west,271.0,3.0,,,,,,,,
Boundary_Fields_Baseline_2011 — Reem_bialik_west,272.0,3.0,,,,,,,,
Boundary_Fields_Baseline_2011 — Reem_bialik_west,273.0,3.0,,,,,,,,
Boundary_Fields_Baseline_2011 — Reem_bialik_west,274.0,3.0,,,,,,,,
Boundary_Fields_Baseline_2011 — Reem_bialik_west,275.0,3.0,,,,,,,,
Boundary_Fields_Baseline_2011 — Reem_bialik_west,276.0,3.0,,,,,,,,
Boundary_Fields_Baseline_2011 — Reem_bialik_west,277.0,3.0,,,,,,,,
Boundary_Fields_Baseline_2011 — Reem_bialik_west,278.0,3.0,,,,,,,,
Boundary_Fields_Baseline_2011 — Reem_bialik_west,279.0,3.0,,,,,,,,
Boundary_Fields_Baseline_2011 — Reem_bialik_west,280.0,3.0,,,,,,,,
Boundary_Fields_Baseline_2011 — Reem_bialik_west,281.0,3.0,,,,,,,,
Boundary_Fields_Baseline_2011 — Reem_bialik_west,282.0,3.0,,,,,,,,
Boundary_Fields_Baseline_2011 — Reem_bialik_west,283.0,3.0,,,,,,,,
Boundary_Fields_Baseline_2011 — Reem_bialik_west,284.0,3.0,,,,,,,,
Boundary_Fields_Baseline_2011 — Reem_bialik_west,285.0,3.0,,,,,,,,
Boundary_Fields_Baseline_2011 — Reem_bialik_west,286.0,3.0,,,,,,,,
Boundary_Fields_Baseline_2011 — Reem_bialik_west,287.0,3.0,,,,,,,,
Boundary_Fields_Baseline_2011 — Reem_bialik_west,288.0,3.0,,,,,,,,
Boundary_Fields_Baseline_2011 — Reem_bialik_west,289.0,3.0,,,,,,,,
Boundary_Fields_Baseline_2011 — Reem_bialik_west,290.0,3.0,,,,,,,,
Boundary_Fields_Baseline_2011 — Reem_bialik_west,291.0,3.0,,,,,,,,
Boundary_Fields_Baseline_2011 — Reem_bialik_west,292.0,3.0,,,,,,,,
Boundary_Fields_Baseline_2011 — Reem_bialik_west,293.0,3.0,,,,,,,,
Boundary_Fields_Baseline_2011 — Reem_bialik_west,294.0,3.0,,,,,,,,
Boundary_Fields_Baseline_2011 — Reem_bialik_west,295.0,3.0,,,,,,,,
Boundary_Fields_Baseline_2011 — Reem_bialik_west,296.0,3.0,,,,,,,,
Boundary_Fields_Baseline_2011 — Reem_bialik_west,297.0,3.0,,,,,,,,
Boundary_Fields_Baseline_2011 — Reem_bialik_west,298.0,3.0,,,,,,,,
Boundary_Fields_Baseline_2011 — Reem_bialik_west,299.0,3.0,,,,,,,,
Boundary_Fields_Baseline_2011 — Reem_bialik_west,300.0,3.0,,,,,,,,
Boundary_Fields_Baseline_2011 — Reem_bialik_west,301.0,3.0,,,,,,,,
Boundary_Fields_Baseline_2011 — Reem_bialik_west,302.0,3.0,,,,,,,,
Boundary_Fields_Baseline_2011 — Reem_bialik_west,303.0,3.0,,,,,,,,
Boundary_Fields_Baseline_2011 — Reem_bialik_west,304.0,3.0,,,,,,,,
Boundary_Fields_Baseline_2011 — Reem_bialik_west,305.0,3.0,,,,,,,,
Boundary_Fields_Baseline_2011 — Reem_bialik_west,306.0,3.0,,,,,,,,
Boundary_Fields_Baseline_2011 — Reem_bialik_west,307.0,3.0,,,,,,,,
Boundary_Fields_Baseline_2011 — Reem_bialik_west,308.0,3.0,,,,,,,,
Boundary_Fields_Baseline_2011 — Reem_bialik_west,309.0,3.0,,,,,,,,
Boundary_Fields_Baseline_2011 — Reem_bialik_west,310.0,3.0,,,,,,,,
Boundary_Fields_Baseline_2011 — Reem_bialik_west,311.0,3.0,,,,,,,,
Boundary_Fields_Baseline_2011 — Reem_bialik_west,312.0,3.0,,,,,,,,
Boundary_Fields_Baseline_2011 — Reem_bialik_west,313.0,3.0,,,,,,,,
Boundary_Fields_Baseline_2011 — Reem_bialik_west,314.0,3.0,,,,,,,,
Boundary_Fields_Baseline_2011 — Reem_bialik_west,315.0,3.0,,,,,,,,
Boundary_Fields_Baseline_2011 — Reem_bialik_west,316.0,3.0,,,,,,,,
Boundary_Fields_Baseline_2011 — Reem_bialik_west,317.0,3.0,,,,,,,,
Boundary_Fields_Baseline_2011 — Reem_bialik_west,318.0,3.0,,,,,,,,
Boundary_Fields_Baseline_2011 — Reem_bialik_west,319.0,3.0,,,,,,,,
Boundary_Fields_Baseline_2011 — Reem_bialik_west,320.0,3.0,,,,,,,,
Boundary_Fields_Baseline_2011 — Reem_bialik_west,321.0,3.0,,,,,,,,
Boundary_Fields_Baseline_2011 — Reem_bialik_west,322.0,3.0,,,,,,,,
Boundary_Fields_Baseline_2011 — Reem_bialik_west,323.0,3.0,,,,,,,,
Boundary_Fields_Baseline_2011 — Reem_bialik_west,324.0,3.0,,,,,,,,
Boundary_Fields_Baseline_2011 — Reem_bialik_west,325.0,3.0,,,,,,,,
Boundary_Fields_Baseline_2011 — Reem_bialik_west,326.0,3.0,,,,,,,,
Boundary_Fields_Baseline_2011 — Reem_bialik_west,327.0,3.0,,,,,,,,
Boundary_Fields_Baseline_2011 — Reem_bialik_west,328.0,3.0,,,,,,,,
Boundary_Fields_Baseline_2011 — Reem_bialik_west,329.0,3.0,,,,,,,,
Boundary_Fields_Baseline_2011 — Reem_damon_5,2.0,2.0,,,,,,,,
Boundary_Fields_Baseline_2011 — Reem_damon_5,3.0,2.0,,,,,,,,
Boundary_Fields_Baseline_2011 — Reem_damon_5,4.0,3.0,,,,,,,,
Boundary_Fields_Baseline_2011 — Reem_damon_5,5.0,3.0,,,,,,,,
Boundary_Fields_Baseline_2011 — Reem_damon_5,6.0,3.0,,,,,,,,
Boundary_Fields_Baseline_2011 — Reem_damon_5,7.0,3.0,,,,,,,,
Boundary_Fields_Baseline_2011 — Reem_damon_5,8.0,3.0,,,,,,,,
Boundary_Fields_Baseline_2011 — Reem_damon_5,9.0,2.0,,,,,,,,
Boundary_Fields_Baseline_2011 — Reem_damon_5,10.0,2.0,,,,,,,,
Boundary_Fields_Baseline_2011 — Reem_damon_5,11.0,2.0,,,,,,,,
Boundary_Fields_Baseline_2011 — Reem_damon_5,12.0,2.0,,,,,,,,
Boundary_Fields_Baseline_2011 — Reem_damon_5,13.0,2.0,,,,,,,,
Boundary_Fields_Baseline_2011 — Reem_damon_5,14.0,1.0,,,,,,,,
Boundary_Fields_Baseline_2011 — Reem_damon_5,15.0,1.0,,,,,,,,
Boundary_Fields_Baseline_2011 — Reem_damon_5,16.0,1.0,,,,,,,,
Boundary_Fields_Baseline_2011 — Reem_damon_5,17.0,1.0,,,,,,,,
Boundary_Fields_Baseline_2011 — Reem_damon_5,18.0,1.0,,,,,,,,
Boundary_Fields_Baseline_2011 — Reem_damon_5,19.0,1.0,,,,,,,,
Boundary_Fields_Baseline_2011 — Reem_damon_5,20.0,1.0,,,,,,,,
Boundary_Fields_Baseline_2011 — Reem_damon_5,21.0,1.0,,,,,,,,
Boundary_Fields_Baseline_2011 — Reem_damon_5,22.0,1.0,,,,,,,,
Boundary_Fields_Baseline_2011 — Reem_damon_5,23.0,1.0,,,,,,,,
Boundary_Fields_Baseline_2011 — Reem_damon_5,24.0,1.0,,,,,,,,
Boundary_Fields_Baseline_2011 — Reem_damon_5,25.0,1.0,,,,,,,,
Boundary_Fields_Baseline_2011 — Reem_damon_5,26.0,1.0,,,,,,,,
Boundary_Fields_Baseline_2011 — Reem_damon_5,27.0,1.0,,,,,,,,
Boundary_Fields_Baseline_2011 — Reem_damon_5,28.0,1.0,,,,,,,,
Boundary_Fields_Baseline_2011 — Reem_damon_5,29.0,1.0,,,,,,,,
Boundary_Fields_Baseline_2011 — Reem_damon_5,30.0,1.0,,,,,,,,
Boundary_Fields_Baseline_2011 — Reem_damon_5,31.0,1.0,,,,,,,,
Boundary_Fields_Baseline_2011 — Reem_damon_5,32.0,1.0,,,,,,,,
Boundary_Fields_Baseline_2011 — Reem_damon_5,33.0,1.0,,,,,,,,
Boundary_Fields_Baseline_2011 — Reem_damon_5,34.0,1.0,,,,,,,,
Boundary_Fields_Baseline_2011 — Reem_damon_5,35.0,1.0,,,,,,,,
Boundary_Fields_Baseline_2011 — Reem_damon_5,36.0,1.0,,,,,,,,
Boundary_Fields_Baseline_2011 — Reem_damon_5,37.0,1.0,,,,,,,,
Boundary_Fields_Baseline_2011 — Reem_damon_5,38.0,1.0,,,,,,,,
Boundary_Fields_Baseline_2011 — Reem_damon_5,39.0,1.0,,,,,,,,
Boundary_Fields_Baseline_2011 — Reem_damon_5,40.0,2.0,,,,,,,,
Boundary_Fields_Baseline_2011 — Reem_damon_5,41.0,2.0,,,,,,,,
Boundary_Fields_Baseline_2011 — Reem_damon_5,42.0,1.0,,,,,,,,
Boundary_Fields_Baseline_2011 — Reem_damon_5,43.0,1.0,,,,,,,,
Boundary_Fields_Baseline_2011 — Reem_damon_5,44.0,1.0,,,,,,,,
Boundary_Fields_Baseline_2011 — Reem_damon_5,45.0,1.0,,,,,,,,
Boundary_Fields_Baseline_2011 — Reem_damon_5,46.0,1.0,,,,,,,,
Boundary_Fields_Baseline_2011 — Reem_damon_5,47.0,1.0,,,,,,,,
Boundary_Fields_Baseline_2011 — Reem_damon_5,48.0,1.0,,,,,,,,
Boundary_Fields_Baseline_2011 — Reem_damon_5,49.0,1.0,,,,,,,,
Boundary_Fields_Baseline_2011 — Reem_damon_5,50.0,1.0,,,,,,,,
Boundary_Fields_Baseline_2011 — Reem_damon_5,51.0,1.0,,,,,,,,
Boundary_Fields_Baseline_2011 — Reem_damon_5,52.0,1.0,,,,,,,,
Boundary_Fields_Baseline_2011 — Reem_damon_5,53.0,1.0,,,,,,,,
Boundary_Fields_Baseline_2011 — Reem_damon_5,54.0,1.0,,,,,,,,
Boundary_Fields_Baseline_2011 — Reem_damon_5,55.0,1.0,,,,,,,,
Boundary_Fields_Baseline_2011 — Reem_damon_5,56.0,1.0,,,,,,,,
Boundary_Fields_Baseline_2011 — Reem_damon_5,57.0,1.0,,,,,,,,
Boundary_Fields_Baseline_2011 — Reem_damon_5,58.0,1.0,,,,,,,,
Boundary_Fields_Baseline_2011 — Reem_damon_5,59.0,1.0,,,,,,,,
Boundary_Fields_Baseline_2011 — Reem_damon_5,60.0,1.0,,,,,,,,
Boundary_Fields_Baseline_2011 — Reem_damon_5,61.0,1.0,,,,,,,,
Boundary_Fields_Baseline_2011 — Reem_damon_5,62.0,1.0,,,,,,,,
Boundary_Fields_Baseline_2011 — Reem_damon_5,63.0,1.0,,,,,,,,
Boundary_Fields_Baseline_2011 — Reem_damon_5,64.0,1.0,,,,,,,,
Boundary_Fields_Baseline_2011 — Reem_damon_5,65.0,1.0,,,,,,,,
Boundary_Fields_Baseline_2011 — Reem_damon_5,66.0,1.0,,,,,,,,
Boundary_Fields_Baseline_2011 — Reem_damon_5,67.0,1.0,,,,,,,,
Boundary_Fields_Baseline_2011 — Reem_damon_5,68.0,0.0,,,,,,,,
Boundary_Fields_Baseline_2011 — Reem_damon_5,69.0,0.0,,,,,,,,
Boundary_Fields_Baseline_2011 — Reem_damon_5,70.0,0.0,,,,,,,,
Boundary_Fields_Baseline_2011 — Reem_damon_5,71.0,1.0,,,,,,,,
Boundary_Fields_Baseline_2011 — Reem_damon_5,72.0,1.0,,,,,,,,
Boundary_Fields_Baseline_2011 — Reem_damon_5,73.0,1.0,,,,,,,,
Boundary_Fields_Baseline_2011 — Reem_damon_5,74.0,1.0,,,,,,,,
Boundary_Fields_Baseline_2011 — Reem_damon_5,75.0,1.0,,,,,,,,
Boundary_Fields_Baseline_2011 — Reem_damon_5,76.0,1.0,,,,,,,,
Boundary_Fields_Baseline_2011 — Reem_damon_5,77.0,1.0,,,,,,,,
Boundary_Fields_Baseline_2011 — Reem_damon_5,78.0,1.0,,,,,,,,
Boundary_Fields_Baseline_2011 — Reem_damon_5,79.0,1.0,,,,,,,,
Boundary_Fields_Baseline_2011 — Reem_damon_5,80.0,1.0,,,,,,,,
Boundary_Fields_Baseline_2011 — Reem_damon_5,81.0,1.0,,,,,,,,
Boundary_Fields_Baseline_2011 — Reem_damon_5,82.0,1.0,,,,,,,,
Boundary_Fields_Baseline_2011 — Reem_damon_5,83.0,1.0,,,,,,,,
Boundary_Fields_Baseline_2011 — Reem_damon_5,84.0,1.0,,,,,,,,
Boundary_Fields_Baseline_2011 — Reem_damon_5,85.0,1.0,,,,,,,,
Boundary_Fields_Baseline_2011 — Reem_damon_5,86.0,1.0,,,,,,,,
Boundary_Fields_Baseline_2011 — Reem_damon_5,87.0,1.0,,,,,,,,
Boundary_Fields_Baseline_2011 — Reem_damon_5,88.0,2.0,,,,,,,,
Boundary_Fields_Baseline_2011 — Reem_damon_5,89.0,2.0,,,,,,,,
Boundary_Fields_Baseline_2011 — Reem_damon_5,90.0,1.0,,,,,,,,
Boundary_Fields_Baseline_2011 — Reem_damon_5,91.0,2.0,,,,,,,,
Boundary_Fields_Baseline_2011 — Reem_damon_5,92.0,2.0,,,,,,,,
Boundary_Fields_Baseline_2011 — Reem_damon_5,93.0,1.0,,,,,,,,
Boundary_Fields_Baseline_2011 — Reem_damon_5,94.0,1.0,,,,,,,,
Boundary_Fields_Baseline_2011 — Reem_damon_5,95.0,1.0,,,,,,,,
Boundary_Fields_Baseline_2011 — Reem_damon_5,96.0,2.0,,,,,,,,
Boundary_Fields_Baseline_2011 — Reem_damon_5,97.0,2.0,,,,,,,,
Boundary_Fields_Baseline_2011 — Reem_damon_5,98.0,1.0,,,,,,,,
Boundary_Fields_Baseline_2011 — Reem_damon_5,99.0,1.0,,,,,,,,
Boundary_Fields_Baseline_2011 — Reem_damon_5,100.0,1.0,,,,,,,,
Boundary_Fields_Baseline_2011 — Reem_damon_5,101.0,1.0,,,,,,,,
Boundary_Fields_Baseline_2011 — Reem_damon_5,102.0,2.0,,,,,,,,
Boundary_Fields_Baseline_2011 — Reem_damon_5,103.0,2.0,,,,,,,,
Boundary_Fields_Baseline_2011 — Reem_damon_5,104.0,2.0,,,,,,,,
Boundary_Fields_Baseline_2011 — Reem_damon_5,105.0,2.0,,,,,,,,
Boundary_Fields_Baseline_2011 — Reem_damon_5,106.0,2.0,,,,,,,,
Boundary_Fields_Baseline_2011 — Reem_damon_5,107.0,2.0,,,,,,,,
Boundary_Fields_Baseline_2011 — Reem_damon_5,108.0,2.0,,,,,,,,
Boundary_Fields_Baseline_2011 — Reem_damon_5,109.0,2.0,,,,,,,,
Boundary_Fields_Baseline_2011 — Reem_damon_5,110.0,2.0,,,,,,,,
Boundary_Fields_Baseline_2011 — Reem_damon_5,111.0,1.0,,,,,,,,
Boundary_Fields_Baseline_2011 — Reem_damon_5,112.0,2.0,,,,,,,,
Boundary_Fields_Baseline_2011 — Reem_damon_5,113.0,2.0,,,,,,,,
Boundary_Fields_Baseline_2011 — Reem_damon_5,114.0,3.0,,,,,,,,
Boundary_Fields_Baseline_2011 — Reem_damon_5,115.0,3.0,,,,,,,,
Boundary_Fields_Baseline_2011 — Reem_damon_5,116.0,3.0,,,,,,,,
Boundary_Fields_Baseline_2011 — Reem_damon_5,117.0,3.0,,,,,,,,
Boundary_Fields_Baseline_2011 — Reem_damon_5,118.0,3.0,,,,,,,,
Boundary_Fields_Baseline_2011 — Reem_damon_5,119.0,3.0,,,,,,,,
Boundary_Fields_Baseline_2011 — Reem_damon_5,120.0,2.0,,,,,,,,
Boundary_Fields_Baseline_2011 — Reem_damon_5,121.0,3.0,,,,,,,,
Boundary_Fields_Baseline_2011 — Reem_damon_5,122.0,3.0,,,,,,,,
Boundary_Fields_Baseline_2011 — Reem_damon_5,123.0,3.0,,,,,,,,
Boundary_Fields_Baseline_2011 — Reem_damon_5,124.0,2.0,,,,,,,,
Boundary_Fields_Baseline_2011 — Reem_damon_5,125.0,3.0,,,,,,,,
Boundary_Fields_Baseline_2011 — Reem_damon_5,126.0,2.0,,,,,,,,
Boundary_Fields_Baseline_2011 — Reem_damon_5,127.0,2.0,,,,,,,,
Boundary_Fields_Baseline_2011 — Reem_damon_5,128.0,2.0,,,,,,,,
Boundary_Fields_Baseline_2011 — Reem_damon_5,129.0,1.0,,,,,,,,
Boundary_Fields_Baseline_2011 — Reem_damon_5,130.0,1.0,,,,,,,,
Boundary_Fields_Baseline_2011 — Reem_damon_5,131.0,1.0,,,,,,,,
Boundary_Fields_Baseline_2011 — Reem_damon_5,132.0,1.0,,,,,,,,
Boundary_Fields_Baseline_2011 — Reem_damon_5,133.0,1.0,,,,,,,,
Boundary_Fields_Baseline_2011 — Reem_damon_5,134.0,1.0,,,,,,,,
Boundary_Fields_Baseline_2011 — Reem_damon_5,135.0,1.0,,,,,,,,
Boundary_Fields_Baseline_2011 — Reem_damon_5,136.0,1.0,,,,,,,,
Boundary_Fields_Baseline_2011 — Reem_damon_5,137.0,1.0,,,,,,,,
Boundary_Fields_Baseline_2011 — Reem_damon_5,138.0,1.0,,,,,,,,
Boundary_Fields_Baseline_2011 — Reem_damon_5,139.0,1.0,,,,,,,,
Boundary_Fields_Baseline_2011 — Reem_damon_5,140.0,1.0,,,,,,,,
Boundary_Fields_Baseline_2011 — Reem_damon_5,141.0,1.0,,,,,,,,
Boundary_Fields_Baseline_2011 — Reem_damon_5,142.0,1.0,,,,,,,,
Boundary_Fields_Baseline_2011 — Reem_damon_5,143.0,1.0,,,,,,,,
Boundary_Fields_Baseline_2011 — Reem_damon_5,144.0,1.0,,,,,,,,
Boundary_Fields_Baseline_2011 — Reem_damon_5,145.0,1.0,,,,,,,,
Boundary_Fields_Baseline_2011 — Reem_damon_5,146.0,1.0,,,,,,,,
Boundary_Fields_Baseline_2011 — Reem_damon_5,147.0,1.0,,,,,,,,
Boundary_Fields_Baseline_2011 — Reem_damon_5,148.0,1.0,,,,,,,,
Boundary_Fields_Baseline_2011 — Reem_damon_5,149.0,2.0,,,,,,,,
Boundary_Fields_Baseline_2011 — Reem_damon_5,150.0,2.0,,,,,,,,
Boundary_Fields_Baseline_2011 — Reem_damon_5,151.0,2.0,,,,,,,,
Boundary_Fields_Baseline_2011 — Reem_damon_5,152.0,1.0,,,,,,,,
Boundary_Fields_Baseline_2011 — Reem_damon_5,153.0,1.0,,,,,,,,
Boundary_Fields_Baseline_2011 — Reem_damon_5,154.0,1.0,,,,,,,,
Boundary_Fields_Baseline_2011 — Reem_damon_5,155.0,0.0,,,,,,,,
Boundary_Fields_Baseline_2011 — Reem_damon_5,156.0,1.0,,,,,,,,
Boundary_Fields_Baseline_2011 — Reem_damon_5,157.0,0.0,,,,,,,,
Boundary_Fields_Baseline_2011 — Reem_damon_5,158.0,0.0,,,,,,,,
Boundary_Fields_Baseline_2011 — Reem_damon_5,159.0,1.0,,,,,,,,
Boundary_Fields_Baseline_2011 — Reem_damon_5,160.0,1.0,,,,,,,,
Boundary_Fields_Baseline_2011 — Reem_damon_5,161.0,1.0,,,,,,,,
Boundary_Fields_Baseline_2011 — Reem_damon_5,162.0,1.0,,,,,,,,
Boundary_Fields_Baseline_2011 — Reem_damon_5,163.0,1.0,,,,,,,,
Boundary_Fields_Baseline_2011 — Reem_damon_5,164.0,1.0,,,,,,,,
Boundary_Fields_Baseline_2011 — Reem_damon_5,165.0,1.0,,,,,,,,
Boundary_Fields_Baseline_2011 — Reem_damon_5,166.0,1.0,,,,,,,,
Boundary_Fields_Baseline_2011 — Reem_damon_5,167.0,1.0,,,,,,,,
Boundary_Fields_Baseline_2011 — Reem_damon_5,168.0,1.0,,,,,,,,
Boundary_Fields_Baseline_2011 — Reem_damon_5,169.0,1.0,,,,,,,,
Boundary_Fields_Baseline_2011 — Reem_damon_5,170.0,1.0,,,,,,,,
Boundary_Fields_Baseline_2011 — Reem_damon_5,171.0,1.0,,,,,,,,
Boundary_Fields_Baseline_2011 — Reem_damon_5,172.0,1.0,,,,,,,,
Boundary_Fields_Baseline_2011 — Reem_damon_5,173.0,1.0,,,,,,,,
Boundary_Fields_Baseline_2011 — Reem_damon_5,174.0,1.0,,,,,,,,
Boundary_Fields_Baseline_2011 — Reem_damon_5,175.0,1.0,,,,,,,,
Boundary_Fields_Baseline_2011 — Reem_damon_5,176.0,1.0,,,,,,,,
Boundary_Fields_Baseline_2011 — Reem_damon_5,177.0,0.0,,,,,,,,
Boundary_Fields_Baseline_2011 — Reem_damon_5,178.0,1.0,,,,,,,,
Boundary_Fields_Baseline_2011 — Reem_damon_5,179.0,1.0,,,,,,,,
Boundary_Fields_Baseline_2011 — Reem_damon_5,180.0,1.0,,,,,,,,
Boundary_Fields_Baseline_2011 — Reem_damon_5,181.0,1.0,,,,,,,,
Boundary_Fields_Baseline_2011 — Reem_damon_5,182.0,1.0,,,,,,,,
Boundary_Fields_Baseline_2011 — Reem_damon_5,183.0,1.0,,,,,,,,
Boundary_Fields_Baseline_2011 — Reem_damon_5,184.0,1.0,,,,,,,,
Boundary_Fields_Baseline_2011 — Reem_damon_5,185.0,1.0,,,,,,,,
Boundary_Fields_Baseline_2011 — Reem_damon_5,186.0,1.0,,,,,,,,
Boundary_Fields_Baseline_2011 — Reem_damon_5,187.0,1.0,,,,,,,,
Boundary_Fields_Baseline_2011 — Reem_damon_5,188.0,1.0,,,,,,,,
Boundary_Fields_Baseline_2011 — Reem_damon_5,189.0,1.0,,,,,,,,
Boundary_Fields_Baseline_2011 — Reem_damon_5,190.0,2.0,,,,,,,,
Boundary_Fields_Baseline_2011 — Reem_damon_5,191.0,2.0,,,,,,,,
Boundary_Fields_Baseline_2011 — Reem_damon_5,192.0,2.0,,,,,,,,
Boundary_Fields_Baseline_2011 — Reem_damon_5,193.0,1.0,,,,,,,,
Boundary_Fields_Baseline_2011 — Reem_damon_5,194.0,1.0,,,,,,,,
Boundary_Fields_Baseline_2011 — Reem_damon_5,195.0,1.0,,,,,,,,
Boundary_Fields_Baseline_2011 — Reem_damon_5,196.0,1.0,,,,,,,,
Boundary_Fields_Baseline_2011 — Reem_damon_5,197.0,1.0,,,,,,,,
Boundary_Fields_Baseline_2011 — Reem_damon_5,198.0,1.0,,,,,,,,
Boundary_Fields_Baseline_2011 — Reem_damon_5,199.0,2.0,,,,,,,,
Boundary_Fields_Baseline_2011 — Reem_damon_5,200.0,1.0,,,,,,,,
Boundary_Fields_Baseline_2011 — Reem_damon_5,201.0,1.0,,,,,,,,
Boundary_Fields_Baseline_2011 — Reem_damon_5,202.0,1.0,,,,,,,,
Boundary_Fields_Baseline_2011 — Reem_damon_5,203.0,1.0,,,,,,,,
Boundary_Fields_Baseline_2011 — Reem_damon_5,204.0,1.0,,,,,,,,
Boundary_Fields_Baseline_2011 — Reem_damon_5,205.0,1.0,,,,,,,,
Boundary_Fields_Baseline_2011 — Reem_damon_5,206.0,1.0,,,,,,,,
Boundary_Fields_Baseline_2011 — Reem_damon_5,207.0,1.0,,,,,,,,
Boundary_Fields_Baseline_2011 — Reem_damon_5,208.0,1.0,,,,,,,,
Boundary_Fields_Baseline_2011 — Reem_damon_5,209.0,1.0,,,,,,,,
Boundary_Fields_Baseline_2011 — Reem_damon_5,210.0,1.0,,,,,,,,
Boundary_Fields_Baseline_2011 — Reem_damon_5,211.0,1.0,,,,,,,,
Boundary_Fields_Baseline_2011 — Reem_damon_5,212.0,1.0,,,,,,,,
Boundary_Fields_Baseline_2011 — Reem_damon_5,213.0,1.0,,,,,,,,
Boundary_Fields_Baseline_2011 — Reem_damon_5,214.0,1.0,,,,,,,,
Boundary_Fields_Baseline_2011 — Reem_damon_5,215.0,2.0,,,,,,,,
Boundary_Fields_Baseline_2011 — Reem_damon_5,216.0,2.0,,,,,,,,
Boundary_Fields_Baseline_2011 — Reem_damon_5,217.0,3.0,,,,,,,,
Boundary_Fields_Baseline_2011 — Reem_damon_5,218.0,3.0,,,,,,,,
Boundary_Fields_Baseline_2011 — Reem_damon_5,219.0,3.0,,,,,,,,
Boundary_Fields_Baseline_2011 — Reem_damon_5,220.0,2.0,,,,,,,,
Boundary_Fields_Baseline_2011 — Reem_damon_5,221.0,2.0,,,,,,,,
Boundary_Fields_Baseline_2011 — Reem_damon_5,222.0,3.0,,,,,,,,
Boundary_Fields_Baseline_2011 — Reem_damon_5,223.0,3.0,,,,,,,,
Boundary_Fields_Baseline_2011 — Reem_damon_5,224.0,3.0,,,,,,,,
Boundary_Fields_Baseline_2011 — Reem_damon_5,225.0,2.0,,,,,,,,
Boundary_Fields_Baseline_2011 — Reem_damon_5,226.0,2.0,,,,,,,,
Boundary_Fields_Baseline_2011 — Reem_damon_5,227.0,2.0,,,,,,,,
Boundary_Fields_Baseline_2011 — Reem_damon_5,228.0,2.0,,,,,,,,
Boundary_Fields_Baseline_2011 — Reem_damon_5,229.0,2.0,,,,,,,,
Boundary_Fields_Baseline_2011 — Reem_damon_5,230.0,1.0,,,,,,,,
Boundary_Fields_Baseline_2011 — Reem_damon_5,231.0,1.0,,,,,,,,
Boundary_Fields_Baseline_2011 — Reem_damon_5,232.0,1.0,,,,,,,,
Boundary_Fields_Baseline_2011 — Reem_damon_5,233.0,1.0,,,,,,,,
Boundary_Fields_Baseline_2011 — Reem_damon_5,234.0,1.0,,,,,,,,
Boundary_Fields_Baseline_2011 — Reem_damon_5,235.0,1.0,,,,,,,,
Boundary_Fields_Baseline_2011 — Reem_damon_5,236.0,1.0,,,,,,,,
Boundary_Fields_Baseline_2011 — Reem_damon_5,237.0,1.0,,,,,,,,
Boundary_Fields_Baseline_2011 — Reem_damon_5,238.0,1.0,,,,,,,,
Boundary_Fields_Baseline_2011 — Reem_damon_5,239.0,1.0,,,,,,,,
Boundary_Fields_Baseline_2011 — Reem_damon_5,240.0,1.0,,,,,,,,
Boundary_Fields_Baseline_2011 — Reem_damon_5,241.0,1.0,,,,,,,,
Boundary_Fields_Baseline_2011 — Reem_damon_5,242.0,1.0,,,,,,,,
Boundary_Fields_Baseline_2011 — Reem_damon_5,243.0,1.0,,,,,,,,
Boundary_Fields_Baseline_2011 — Reem_damon_5,244.0,1.0,,,,,,,,
Boundary_Fields_Baseline_2011 — Reem_damon_5,245.0,1.0,,,,,,,,
Boundary_Fields_Baseline_2011 — Reem_damon_5,246.0,1.0,,,,,,,,
Boundary_Fields_Baseline_2011 — Reem_damon_5,247.0,1.0,,,,,,,,
Boundary_Fields_Baseline_2011 — Reem_damon_5,248.0,1.0,,,,,,,,
Boundary_Fields_Baseline_2011 — Reem_damon_5,249.0,2.0,,,,,,,,
Boundary_Fields_Baseline_2011 — Reem_damon_5,250.0,2.0,,,,,,,,
Boundary_Fields_Baseline_2011 — Reem_damon_5,251.0,2.0,,,,,,,,
Boundary_Fields_Baseline_2011 — Reem_damon_5,252.0,1.0,,,,,,,,
Boundary_Fields_Baseline_2011 — Reem_damon_5,253.0,1.0,,,,,,,,
Boundary_Fields_Baseline_2011 — Reem_damon_5,254.0,1.0,,,,,,,,
Boundary_Fields_Baseline_2011 — Reem_damon_5,255.0,1.0,,,,,,,,
Boundary_Fields_Baseline_2011 — Reem_damon_5,256.0,1.0,,,,,,,,
Boundary_Fields_Baseline_2011 — Reem_damon_5,257.0,1.0,,,,,,,,
Boundary_Fields_Baseline_2011 — Reem_damon_5,258.0,1.0,,,,,,,,
Boundary_Fields_Baseline_2011 — Reem_damon_5,259.0,1.0,,,,,,,,
Boundary_Fields_Baseline_2011 — Reem_damon_5,260.0,1.0,,,,,,,,
Boundary_Fields_Baseline_2011 — Reem_damon_5,261.0,1.0,,,,,,,,
Boundary_Fields_Baseline_2011 — Reem_damon_5,262.0,1.0,,,,,,,,
Boundary_Fields_Baseline_2011 — Reem_damon_5,263.0,1.0,,,,,,,,
Boundary_Fields_Baseline_2011 — Reem_damon_5,264.0,1.0,,,,,,,,
Boundary_Fields_Baseline_2011 — Reem_damon_5,265.0,1.0,,,,,,,,
Boundary_Fields_Baseline_2011 — Reem_damon_5,266.0,1.0,,,,,,,,
Boundary_Fields_Baseline_2011 — Reem_damon_5,267.0,1.0,,,,,,,,
Boundary_Fields_Baseline_2011 — Reem_damon_5,268.0,1.0,,,,,,,,
Boundary_Fields_Baseline_2011 — Reem_damon_5,269.0,1.0,,,,,,,,
Boundary_Fields_Baseline_2011 — Reem_damon_5,270.0,1.0,,,,,,,,
Boundary_Fields_Baseline_2011 — Reem_damon_5,271.0,1.0,,,,,,,,
Boundary_Fields_Baseline_2011 — Reem_damon_5,272.0,1.0,,,,,,,,
Boundary_Fields_Baseline_2011 — Reem_damon_5,273.0,1.0,,,,,,,,
Boundary_Fields_Baseline_2011 — Reem_damon_5,274.0,1.0,,,,,,,,
Boundary_Fields_Baseline_2011 — Reem_damon_5,275.0,1.0,,,,,,,,
Boundary_Fields_Baseline_2011 — Reem_damon_5,276.0,1.0,,,,,,,,
Boundary_Fields_Baseline_2011 — Reem_damon_5,277.0,1.0,,,,,,,,
Boundary_Fields_Baseline_2011 — Reem_damon_5,278.0,1.0,,,,,,,,
Boundary_Fields_Baseline_2011 — Reem_damon_5,279.0,1.0,,,,,,,,
Boundary_Fields_Baseline_2011 — Reem_damon_5,280.0,2.0,,,,,,,,
Boundary_Fields_Baseline_2011 — Reem_damon_5,281.0,1.0,,,,,,,,
Boundary_Fields_Baseline_2011 — Reem_damon_5,282.0,1.0,,,,,,,,
Boundary_Fields_Baseline_2011 — Reem_damon_5,283.0,1.0,,,,,,,,
Boundary_Fields_Baseline_2011 — Reem_damon_5,284.0,1.0,,,,,,,,
Boundary_Fields_Baseline_2011 — Reem_damon_5,285.0,1.0,,,,,,,,
Boundary_Fields_Baseline_2011 — Reem_damon_5,286.0,1.0,,,,,,,,
Boundary_Fields_Baseline_2011 — Reem_damon_5,287.0,1.0,,,,,,,,
Boundary_Fields_Baseline_2011 — Reem_damon_5,288.0,1.0,,,,,,,,
Boundary_Fields_Baseline_2011 — Reem_damon_5,289.0,1.0,,,,,,,,
Boundary_Fields_Baseline_2011 — Reem_damon_5,290.0,2.0,,,,,,,,
Boundary_Fields_Baseline_2011 — Reem_damon_5,291.0,2.0,,,,,,,,
Boundary_Fields_Baseline_2011 — Reem_damon_5,292.0,2.0,,,,,,,,
Boundary_Fields_Baseline_2011 — Reem_damon_5,293.0,1.0,,,,,,,,
Boundary_Fields_Baseline_2011 — Reem_damon_5,294.0,1.0,,,,,,,,
Boundary_Fields_Baseline_2011 — Reem_damon_5,295.0,1.0,,,,,,,,
Boundary_Fields_Baseline_2011 — Reem_damon_5,296.0,1.0,,,,,,,,
Boundary_Fields_Baseline_2011 — Reem_damon_5,297.0,1.0,,,,,,,,
Boundary_Fields_Baseline_2011 — Reem_damon_5,298.0,1.0,,,,,,,,
Boundary_Fields_Baseline_2011 — Reem_damon_5,299.0,1.0,,,,,,,,
Boundary_Fields_Baseline_2011 — Reem_damon_5,300.0,1.0,,,,,,,,
Boundary_Fields_Baseline_2011 — Reem_damon_5,301.0,2.0,,,,,,,,
Boundary_Fields_Baseline_2011 — Reem_damon_5,302.0,1.0,,,,,,,,
Boundary_Fields_Baseline_2011 — Reem_damon_5,303.0,1.0,,,,,,,,
Boundary_Fields_Baseline_2011 — Reem_damon_5,304.0,2.0,,,,,,,,
Boundary_Fields_Baseline_2011 — Reem_damon_5,305.0,2.0,,,,,,,,
Boundary_Fields_Baseline_2011 — Reem_damon_5,306.0,1.0,,,,,,,,
Boundary_Fields_Baseline_2011 — Reem_damon_5,307.0,2.0,,,,,,,,
Boundary_Fields_Baseline_2011 — Reem_damon_5,308.0,2.0,,,,,,,,
Boundary_Fields_Baseline_2011 — Reem_damon_5,309.0,2.0,,,,,,,,
Boundary_Fields_Baseline_2011 — Reem_damon_5,310.0,2.0,,,,,,,,
Boundary_Fields_Baseline_2011 — Reem_damon_5,311.0,2.0,,,,,,,,
Boundary_Fields_Baseline_2011 — Reem_damon_5,312.0,2.0,,,,,,,,
Boundary_Fields_Baseline_2011 — Reem_damon_5,313.0,2.0,,,,,,,,
Boundary_Fields_Baseline_2011 — Reem_damon_5,314.0,2.0,,,,,,,,
Boundary_Fields_Baseline_2011 — Reem_damon_5,315.0,2.0,,,,,,,,
Boundary_Fields_Baseline_2011 — Reem_damon_5,316.0,2.0,,,,,,,,
Boundary_Fields_Baseline_2011 — Reem_damon_5,317.0,3.0,,,,,,,,
Boundary_Fields_Baseline_2011 — Reem_damon_5,318.0,3.0,,,,,,,,
Boundary_Fields_Baseline_2011 — Reem_damon_5,319.0,3.0,,,,,,,,
Boundary_Fields_Baseline_2011 — Reem_damon_5,320.0,3.0,,,,,,,,
Boundary_Fields_Baseline_2011 — Reem_damon_5,321.0,3.0,,,,,,,,
Boundary_Fields_Baseline_2011 — Reem_damon_5,322.0,2.0,,,,,,,,
Boundary_Fields_Baseline_2011 — Reem_damon_5,323.0,3.0,,,,,,,,
Boundary_Fields_Baseline_2011 — Reem_damon_5,324.0,2.0,,,,,,,,
Boundary_Fields_Baseline_2011 — Reem_damon_5,325.0,2.0,,,,,,,,
Boundary_Fields_Baseline_2011 — Reem_damon_5,326.0,2.0,,,,,,,,
Boundary_Fields_Baseline_2011 — Reem_damon_5,327.0,2.0,,,,,,,,
Boundary_Fields_Baseline_2011 — Reem_damon_5,328.0,1.0,,,,,,,,
Boundary_Fields_Baseline_2011 — Reem_damon_5,329.0,1.0,,,,,,,,
Boundary_Fields_Baseline_2011 — Reem_damon_5,330.0,2.0,,,,,,,,
Boundary_Fields_Baseline_2011 — Reem_damon_5,331.0,1.0,,,,,,,,
Boundary_Fields_Baseline_2011 — Reem_damon_5,332.0,1.0,,,,,,,,
Boundary_Fields_Baseline_2011 — Reem_damon_5,333.0,1.0,,,,,,,,
Boundary_Fields_Baseline_2011 — Reem_damon_5,334.0,1.0,,,,,,,,
Boundary_Fields_Baseline_2011 — Reem_damon_5,335.0,1.0,,,,,,,,
Boundary_Fields_Baseline_2011 — Reem_damon_5,336.0,1.0,,,,,,,,
Boundary_Fields_Baseline_2011 — Reem_damon_5,337.0,1.0,,,,,,,,
Boundary_Fields_Baseline_2011 — Reem_damon_5,338.0,1.0,,,,,,,,
Boundary_Fields_Baseline_2011 — Reem_damon_5,339.0,1.0,,,,,,,,
Boundary_Fields_Baseline_2011 — Reem_damon_5,340.0,1.0,,,,,,,,
Boundary_Fields_Baseline_2011 — Reem_damon_5,341.0,1.0,,,,,,,,
Boundary_Fields_Baseline_2011 — Reem_damon_5,342.0,2.0,,,,,,,,
Boundary_Fields_Baseline_2011 — Reem_damon_5,343.0,1.0,,,,,,,,
Boundary_Fields_Baseline_2011 — Reem_damon_5,344.0,1.0,,,,,,,,
Boundary_Fields_Baseline_2011 — Reem_damon_5,345.0,1.0,,,,,,,,
Boundary_Fields_Baseline_2011 — Reem_damon_5,346.0,1.0,,,,,,,,
Boundary_Fields_Baseline_2011 — Reem_damon_5,347.0,1.0,,,,,,,,
Boundary_Fields_Baseline_2011 — Reem_damon_5,348.0,1.0,,,,,,,,
Boundary_Fields_Baseline_2011 — Reem_damon_5,349.0,1.0,,,,,,,,
Boundary_Fields_Baseline_2011 — Reem_damon_5,350.0,2.0,,,,,,,,
Boundary_Fields_Baseline_2011 — Reem_damon_5,351.0,2.0,,,,,,,,
Boundary_Fields_Baseline_2011 — Reem_damon_5,352.0,2.0,,,,,,,,
Boundary_Fields_Baseline_2011 — Reem_damon_5,353.0,1.0,,,,,,,,
Boundary_Fields_Baseline_2011 — Reem_damon_5,354.0,1.0,,,,,,,,
Boundary_Fields_Baseline_2011 — Reem_damon_5,355.0,1.0,,,,,,,,
Boundary_Fields_Baseline_2011 — Reem_damon_5,356.0,1.0,,,,,,,,
Boundary_Fields_Baseline_2011 — Reem_damon_5,357.0,1.0,,,,,,,,
Boundary_Fields_Baseline_2011 — Reem_damon_5,358.0,1.0,,,,,,,,
Boundary_Fields_Baseline_2011 — Reem_damon_5,359.0,1.0,,,,,,,,
Boundary_Fields_Baseline_2011 — Reem_damon_5,360.0,1.0,,,,,,,,
Boundary_Fields_Baseline_2011 — Reem_damon_5,361.0,1.0,,,,,,,,
Boundary_Fields_Baseline_2011 — Reem_damon_5,362.0,1.0,,,,,,,,
Boundary_Fields_Baseline_2011 — Reem_damon_5,363.0,2.0,,,,,,,,
Boundary_Fields_Baseline_2011 — Reem_damon_5,364.0,1.0,,,,,,,,
Boundary_Fields_Baseline_2011 — Reem_damon_5,365.0,1.0,,,,,,,,
Boundary_Fields_Baseline_2011 — Reem_damon_5,366.0,1.0,,,,,,,,
Boundary_Fields_Baseline_2011 — Reem_damon_5,367.0,1.0,,,,,,,,
Boundary_Fields_Baseline_2011 — Reem_damon_5,368.0,1.0,,,,,,,,
Boundary_Fields_Baseline_2011 — Reem_damon_5,369.0,1.0,,,,,,,,
Boundary_Fields_Baseline_2011 — Reem_damon_5,370.0,1.0,,,,,,,,
Boundary_Fields_Baseline_2011 — Reem_damon_5,371.0,1.0,,,,,,,,
Boundary_Fields_Baseline_2011 — Reem_damon_5,372.0,1.0,,,,,,,,
Boundary_Fields_Baseline_2011 — Reem_damon_5,373.0,1.0,,,,,,,,
Boundary_Fields_Baseline_2011 — Reem_damon_5,374.0,1.0,,,,,,,,
Boundary_Fields_Baseline_2011 — Reem_damon_5,375.0,1.0,,,,,,,,
Boundary_Fields_Baseline_2011 — Reem_damon_5,376.0,1.0,,,,,,,,
Boundary_Fields_Baseline_2011 — Reem_damon_5,377.0,1.0,,,,,,,,
Boundary_Fields_Baseline_2011 — Reem_damon_5,378.0,1.0,,,,,,,,
Boundary_Fields_Baseline_2011 — Reem_damon_5,379.0,1.0,,,,,,,,
Boundary_Fields_Baseline_2011 — Reem_damon_5,380.0,1.0,,,,,,,,
Boundary_Fields_Baseline_2011 — Reem_damon_5,381.0,1.0,,,,,,,,
Boundary_Fields_Baseline_2011 — Reem_damon_5,382.0,1.0,,,,,,,,
Boundary_Fields_Baseline_2011 — Reem_damon_5,383.0,1.0,,,,,,,,
Boundary_Fields_Baseline_2011 — Reem_damon_5,384.0,1.0,,,,,,,,
Boundary_Fields_Baseline_2011 — Reem_damon_5,385.0,1.0,,,,,,,,
Boundary_Fields_Baseline_2011 — Reem_damon_5,386.0,1.0,,,,,,,,
Boundary_Fields_Baseline_2011 — Reem_damon_5,387.0,1.0,,,,,,,,
Boundary_Fields_Baseline_2011 — Reem_damon_5,388.0,1.0,,,,,,,,
Boundary_Fields_Baseline_2011 — Reem_damon_5,389.0,2.0,,,,,,,,
Boundary_Fields_Baseline_2011 — Reem_damon_5,390.0,2.0,,,,,,,,
Boundary_Fields_Baseline_2011 — Reem_damon_5,391.0,2.0,,,,,,,,
Boundary_Fields_Baseline_2011 — Reem_damon_5,392.0,2.0,,,,,,,,
Boundary_Fields_Baseline_2011 — Reem_damon_5,393.0,1.0,,,,,,,,
Boundary_Fields_Baseline_2011 — Reem_damon_5,394.0,1.0,,,,,,,,
Boundary_Fields_Baseline_2011 — Reem_damon_5,395.0,1.0,,,,,,,,
Boundary_Fields_Baseline_2011 — Reem_damon_5,396.0,1.0,,,,,,,,
Boundary_Fields_Baseline_2011 — Reem_damon_5,397.0,1.0,,,,,,,,
Boundary_Fields_Baseline_2011 — Reem_damon_5,398.0,1.0,,,,,,,,
Boundary_Fields_Baseline_2011 — Reem_damon_5,399.0,1.0,,,,,,,,
Boundary_Fields_Baseline_2011 — Reem_damon_5,400.0,2.0,,,,,,,,
Boundary_Fields_Baseline_2011 — Reem_damon_5,401.0,1.0,,,,,,,,
Boundary_Fields_Baseline_2011 — Reem_damon_5,402.0,1.0,,,,,,,,
Boundary_Fields_Baseline_2011 — Reem_damon_5,403.0,1.0,,,,,,,,
Boundary_Fields_Baseline_2011 — Reem_damon_5,404.0,1.0,,,,,,,,
Boundary_Fields_Baseline_2011 — Reem_damon_5,405.0,1.0,,,,,,,,
Boundary_Fields_Baseline_2011 — Reem_damon_5,406.0,1.0,,,,,,,,
Boundary_Fields_Baseline_2011 — Reem_damon_5,407.0,1.0,,,,,,,,
Boundary_Fields_Baseline_2011 — Reem_damon_5,408.0,2.0,,,,,,,,
Boundary_Fields_Baseline_2011 — Reem_damon_5,409.0,2.0,,,,,,,,
Boundary_Fields_Baseline_2011 — Reem_damon_5,410.0,2.0,,,,,,,,
Boundary_Fields_Baseline_2011 — Reem_damon_5,411.0,2.0,,,,,,,,
Boundary_Fields_Baseline_2011 — Reem_damon_5,412.0,2.0,,,,,,,,
Boundary_Fields_Baseline_2011 — Reem_damon_5,413.0,2.0,,,,,,,,
Boundary_Fields_Baseline_2011 — Reem_damon_5,414.0,2.0,,,,,,,,
Boundary_Fields_Baseline_2011 — Reem_damon_5,415.0,2.0,,,,,,,,
Boundary_Fields_Baseline_2011 — Reem_damon_5,416.0,3.0,,,,,,,,
Boundary_Fields_Baseline_2011 — Reem_damon_5,417.0,3.0,,,,,,,,
Boundary_Fields_Baseline_2011 — Reem_damon_5,418.0,3.0,,,,,,,,
Boundary_Fields_Baseline_2011 — Reem_damon_5,419.0,3.0,,,,,,,,
Boundary_Fields_Baseline_2011 — Reem_damon_5,420.0,2.0,,,,,,,,
Boundary_Fields_Baseline_2011 — Reem_damon_5,421.0,2.0,,,,,,,,
Boundary_Fields_Baseline_2011 — Reem_damon_5,422.0,3.0,,,,,,,,
Boundary_Fields_Baseline_2011 — Reem_damon_5,423.0,3.0,,,,,,,,
Boundary_Fields_Baseline_2011 — Reem_damon_5,424.0,2.0,,,,,,,,
Boundary_Fields_Baseline_2011 — Reem_damon_5,425.0,2.0,,,,,,,,
Boundary_Fields_Baseline_2011 — Reem_damon_5,426.0,2.0,,,,,,,,
Boundary_Fields_Baseline_2011 — Reem_damon_5,427.0,2.0,,,,,,,,
Boundary_Fields_Baseline_2011 — Reem_damon_5,428.0,2.0,,,,,,,,
Boundary_Fields_Baseline_2011 — Reem_damon_5,429.0,1.0,,,,,,,,
Boundary_Fields_Baseline_2011 — Reem_damon_5,430.0,1.0,,,,,,,,
Boundary_Fields_Baseline_2011 — Reem_damon_5,431.0,1.0,,,,,,,,
Boundary_Fields_Baseline_2011 — Reem_damon_5,432.0,1.0,,,,,,,,
Boundary_Fields_Baseline_2011 — Reem_damon_5,433.0,1.0,,,,,,,,
Boundary_Fields_Baseline_2011 — Reem_damon_5,434.0,1.0,,,,,,,,
Boundary_Fields_Baseline_2011 — Reem_damon_5,435.0,1.0,,,,,,,,
Boundary_Fields_Baseline_2011 — Reem_damon_5,436.0,1.0,,,,,,,,
Boundary_Fields_Baseline_2011 — Reem_damon_5,437.0,1.0,,,,,,,,
Boundary_Fields_Baseline_2011 — Reem_damon_5,438.0,1.0,,,,,,,,
Boundary_Fields_Baseline_2011 — Reem_damon_5,439.0,1.0,,,,,,,,
Boundary_Fields_Baseline_2011 — Reem_damon_5,440.0,1.0,,,,,,,,
Boundary_Fields_Baseline_2011 — Reem_damon_5,441.0,1.0,,,,,,,,
Boundary_Fields_Baseline_2011 — Reem_damon_5,442.0,1.0,,,,,,,,
Boundary_Fields_Baseline_2011 — Reem_damon_5,443.0,1.0,,,,,,,,
Boundary_Fields_Baseline_2011 — Reem_damon_5,444.0,1.0,,,,,,,,
Boundary_Fields_Baseline_2011 — Reem_damon_5,445.0,1.0,,,,,,,,
Boundary_Fields_Baseline_2011 — Reem_damon_5,446.0,1.0,,,,,,,,
Boundary_Fields_Baseline_2011 — Reem_damon_5,447.0,2.0,,,,,,,,
Boundary_Fields_Baseline_2011 — Reem_damon_5,448.0,3.0,,,,,,,,
Boundary_Fields_Baseline_2011 — Reem_damon_5,449.0,2.0,,,,,,,,
Boundary_Fields_Baseline_2011 — Reem_damon_5,450.0,2.0,,,,,,,,
Boundary_Fields_Baseline_2011 — Reem_damon_5,451.0,2.0,,,,,,,,
Boundary_Fields_Baseline_2011 — Reem_damon_5,452.0,2.0,,,,,,,,
Boundary_Fields_Baseline_2011 — Reem_damon_5,453.0,2.0,,,,,,,,
Boundary_Fields_Baseline_2011 — Reem_damon_5,454.0,2.0,,,,,,,,
Boundary_Fields_Baseline_2011 — Reem_damon_5,455.0,1.0,,,,,,,,
Boundary_Fields_Baseline_2011 — Reem_damon_5,456.0,2.0,,,,,,,,
Boundary_Fields_Baseline_2011 — Reem_damon_5,457.0,2.0,,,,,,,,
Boundary_Fields_Baseline_2011 — Reem_damon_5,458.0,2.0,,,,,,,,
Boundary_Fields_Baseline_2011 — Reem_damon_5,459.0,2.0,,,,,,,,
Boundary_Fields_Baseline_2011 — Reem_damon_5,460.0,2.0,,,,,,,,
Boundary_Fields_Baseline_2011 — Reem_damon_5,461.0,2.0,,,,,,,,
Boundary_Fields_Baseline_2011 — Reem_damon_5,462.0,2.0,,,,,,,,
Boundary_Fields_Baseline_2011 — Reem_damon_5,463.0,2.0,,,,,,,,
Boundary_Fields_Baseline_2011 — Reem_damon_5,464.0,2.0,,,,,,,,
Boundary_Fields_Baseline_2011 — Reem_damon_5,465.0,2.0,,,,,,,,
Boundary_Fields_Baseline_2011 — Reem_damon_5,466.0,2.0,,,,,,,,
Boundary_Fields_Baseline_2011 — Reem_damon_5,467.0,2.0,,,,,,,,
Boundary_Fields_Baseline_2011 — Reem_damon_5,468.0,1.0,,,,,,,,
Boundary_Fields_Baseline_2011 — Reem_damon_5,469.0,1.0,,,,,,,,
Boundary_Fields_Baseline_2011 — Reem_damon_5,470.0,1.0,,,,,,,,
Boundary_Fields_Baseline_2011 — Reem_damon_5,471.0,1.0,,,,,,,,
Boundary_Fields_Baseline_2011 — Reem_damon_5,472.0,1.0,,,,,,,,
Boundary_Fields_Baseline_2011 — Reem_damon_5,473.0,1.0,,,,,,,,
Boundary_Fields_Baseline_2011 — Reem_damon_5,474.0,1.0,,,,,,,,
Boundary_Fields_Baseline_2011 — Reem_damon_5,475.0,1.0,,,,,,,,
Boundary_Fields_Baseline_2011 — Reem_damon_5,476.0,1.0,,,,,,,,
Boundary_Fields_Baseline_2011 — Reem_damon_5,477.0,1.0,,,,,,,,
Boundary_Fields_Baseline_2011 — Reem_damon_5,478.0,1.0,,,,,,,,
Boundary_Fields_Baseline_2011 — Reem_damon_5,479.0,1.0,,,,,,,,
Boundary_Fields_Baseline_2011 — Reem_damon_5,480.0,1.0,,,,,,,,
Boundary_Fields_Baseline_2011 — Reem_damon_5,481.0,2.0,,,,,,,,
Boundary_Fields_Baseline_2011 — Reem_damon_5,482.0,1.0,,,,,,,,
Boundary_Fields_Baseline_2011 — Reem_damon_5,483.0,1.0,,,,,,,,
Boundary_Fields_Baseline_2011 — Reem_damon_5,484.0,1.0,,,,,,,,
Boundary_Fields_Baseline_2011 — Reem_damon_5,485.0,2.0,,,,,,,,
Boundary_Fields_Baseline_2011 — Reem_damon_5,486.0,2.0,,,,,,,,
Boundary_Fields_Baseline_2011 — Reem_damon_5,487.0,2.0,,,,,,,,
Boundary_Fields_Baseline_2011 — Reem_damon_5,488.0,2.0,,,,,,,,
Boundary_Fields_Baseline_2011 — Reem_damon_5,489.0,2.0,,,,,,,,
Boundary_Fields_Baseline_2011 — Reem_damon_5,490.0,1.0,,,,,,,,
Boundary_Fields_Baseline_2011 — Reem_damon_5,491.0,1.0,,,,,,,,
Boundary_Fields_Baseline_2011 — Reem_damon_5,492.0,1.0,,,,,,,,
Boundary_Fields_Baseline_2011 — Reem_damon_5,493.0,2.0,,,,,,,,
Boundary_Fields_Baseline_2011 — Reem_damon_5,494.0,2.0,,,,,,,,
Boundary_Fields_Baseline_2011 — Reem_damon_5,495.0,2.0,,,,,,,,
Boundary_Fields_Baseline_2011 — Reem_damon_5,496.0,2.0,,,,,,,,
Boundary_Fields_Baseline_2011 — Reem_damon_5,497.0,2.0,,,,,,,,
Boundary_Fields_Baseline_2011 — Reem_damon_5,498.0,1.0,,,,,,,,
Boundary_Fields_Baseline_2011 — Reem_damon_5,499.0,1.0,,,,,,,,
Boundary_Fields_Baseline_2011 — Reem_damon_5,500.0,1.0,,,,,,,,
Boundary_Fields_Baseline_2011 — Reem_damon_5,501.0,1.0,,,,,,,,
Boundary_Fields_Baseline_2011 — Reem_damon_5,502.0,1.0,,,,,,,,
Boundary_Fields_Baseline_2011 — Reem_damon_5,503.0,1.0,,,,,,,,
Boundary_Fields_Baseline_2011 — Reem_damon_5,504.0,1.0,,,,,,,,
Boundary_Fields_Baseline_2011 — Reem_damon_5,505.0,2.0,,,,,,,,
Boundary_Fields_Baseline_2011 — Reem_damon_5,506.0,2.0,,,,,,,,
Boundary_Fields_Baseline_2011 — Reem_damon_5,507.0,2.0,,,,,,,,
Boundary_Fields_Baseline_2011 — Reem_damon_5,508.0,2.0,,,,,,,,
Boundary_Fields_Baseline_2011 — Reem_damon_5,509.0,2.0,,,,,,,,
Boundary_Fields_Baseline_2011 — Reem_damon_5,510.0,2.0,,,,,,,,
Boundary_Fields_Baseline_2011 — Reem_damon_5,511.0,2.0,,,,,,,,
Boundary_Fields_Baseline_2011 — Reem_damon_5,512.0,2.0,,,,,,,,
Boundary_Fields_Baseline_2011 — Reem_damon_5,513.0,2.0,,,,,,,,
Boundary_Fields_Baseline_2011 — Reem_damon_5,514.0,2.0,,,,,,,,
Boundary_Fields_Baseline_2011 — Reem_damon_5,515.0,2.0,,,,,,,,
Boundary_Fields_Baseline_2011 — Yaen_kavnoa,516.0,2.0,,,,,,,,
Boundary_Fields_Baseline_2011 — Yaen_kavnoa,517.0,2.0,,,,,,,,
Boundary_Fields_Baseline_2011 — Yaen_kavnoa,518.0,1.0,,,,,,,,
Boundary_Fields_Baseline_2011 — Yaen_kavnoa,519.0,1.0,,,,,,,,
Boundary_Fields_Baseline_2011 — Yaen_kavnoa,520.0,1.0,,,,,,,,
Boundary_Fields_Baseline_2011 — Yaen_kavnoa,521.0,1.0,,,,,,,,
Boundary_Fields_Baseline_2011 — Yaen_kavnoa,522.0,1.0,,,,,,,,
Boundary_Fields_Baseline_2011 — Yaen_kavnoa,523.0,1.0,,,,,,,,
Boundary_Fields_Baseline_2011 — Yaen_kavnoa,524.0,1.0,,,,,,,,
Boundary_Fields_Baseline_2011 — Yaen_kavnoa,525.0,1.0,,,,,,,,
Boundary_Fields_Baseline_2011 — Yaen_kavnoa,526.0,1.0,,,,,,,,
Boundary_Fields_Baseline_2011 — Yaen_kavnoa,527.0,1.0,,,,,,,,
Boundary_Fields_Baseline_2011 — Yaen_kavnoa,528.0,1.0,,,,,,,,
Boundary_Fields_Baseline_2011 — Yaen_kavnoa,529.0,1.0,,,,,,,,
Boundary_Fields_Baseline_2011 — Yaen_kavnoa,530.0,1.0,,,,,,,,
Boundary_Fields_Baseline_2011 — Yaen_kavnoa,531.0,1.0,,,,,,,,
Boundary_Fields_Baseline_2011 — Yaen_kavnoa,532.0,1.0,,,,,,,,
Boundary_Fields_Baseline_2011 — Yaen_kavnoa,533.0,1.0,,,,,,,,
Boundary_Fields_Baseline_2011 — Yaen_kavnoa,534.0,2.0,,,,,,,,
Boundary_Fields_Baseline_2011 — Yaen_kavnoa,535.0,2.0,,,,,,,,
Boundary_Fields_Baseline_2011 — Yaen_kavnoa,536.0,2.0,,,,,,,,
Boundary_Fields_Baseline_2011 — Yaen_kavnoa,537.0,2.0,,,,,,,,
Boundary_Fields_Baseline_2011 — Yaen_kavnoa,538.0,2.0,,,,,,,,
Boundary_Fields_Baseline_2011 — Yaen_kavnoa,539.0,2.0,,,,,,,,
Boundary_Fields_Baseline_2011 — Yaen_kavnoa,540.0,2.0,,,,,,,,
Boundary_Fields_Baseline_2011 — Yaen_kavnoa,541.0,2.0,,,,,,,,
Boundary_Fields_Baseline_2011 — Yaen_kavnoa,542.0,2.0,,,,,,,,
Boundary_Fields_Baseline_2011 — Yaen_kavnoa,543.0,2.0,,,,,,,,
Boundary_Fields_Baseline_2011 — Yaen_kavnoa,544.0,2.0,,,,,,,,
Boundary_Fields_Baseline_2011 — Yaen_kavnoa,545.0,2.0,,,,,,,,
Boundary_Fields_Baseline_2011 — Yaen_kavnoa,546.0,2.0,,,,,,,,
Boundary_Fields_Baseline_2011 — Yaen_kavnoa,547.0,2.0,,,,,,,,
Boundary_Fields_Baseline_2011 — Yaen_kavnoa,548.0,2.0,,,,,,,,
Boundary_Fields_Baseline_2011 — Yaen_kavnoa,549.0,1.0,,,,,,,,
Boundary_Fields_Baseline_2011 — Yaen_kavnoa,550.0,1.0,,,,,,,,
Boundary_Fields_Baseline_2011 — Yaen_kavnoa,551.0,2.0,,,,,,,,
Boundary_Fields_Baseline_2011 — Yaen_kavnoa,552.0,3.0,,,,,,,,
Boundary_Fields_Baseline_2011 — Yaen_kavnoa,553.0,3.0,,,,,,,,
Boundary_Fields_Baseline_2011 — Yaen_kavnoa,554.0,3.0,,,,,,,,
Boundary_Fields_Baseline_2011 — Yaen_kavnoa,555.0,3.0,,,,,,,,
Boundary_Fields_Baseline_2011 — Yaen_kavnoa,556.0,3.0,,,,,,,,
Boundary_Fields_Baseline_2011 — Yaen_kavnoa,557.0,3.0,,,,,,,,
Boundary_Fields_Baseline_2011 — Yaen_kavnoa,558.0,3.0,,,,,,,,
Boundary_Fields_Baseline_2011 — Yaen_kavnoa,559.0,3.0,,,,,,,,
Boundary_Fields_Baseline_2011 — Yaen_kavnoa,560.0,3.0,,,,,,,,
Boundary_Fields_Baseline_2011 — Yaen_kavnoa,561.0,3.0,,,,,,,,
Boundary_Fields_Baseline_2011 — Yaen_kavnoa,562.0,3.0,,,,,,,,
Boundary_Fields_Baseline_2011 — Yaen_kavnoa,563.0,3.0,,,,,,,,
Boundary_Fields_Baseline_2011 — Yaen_kavnoa,564.0,3.0,,,,,,,,
Boundary_Fields_Baseline_2011 — Yaen_kavnoa,565.0,3.0,,,,,,,,
Boundary_Fields_Baseline_2011 — Yaen_kavnoa,566.0,3.0,,,,,,,,
Boundary_Fields_Baseline_2011 — Yaen_kavnoa,567.0,3.0,,,,,,,,
Boundary_Fields_Baseline_2011 — Yaen_kavnoa,568.0,3.0,,,,,,,,
Boundary_Fields_Baseline_2011 — Yaen_kavnoa,569.0,3.0,,,,,,,,
Boundary_Fields_Baseline_2011 — Yaen_kavnoa,570.0,3.0,,,,,,,,
Boundary_Fields_Baseline_2011 — Yaen_kavnoa,571.0,3.0,,,,,,,,
Boundary_Fields_Baseline_2011 — Yaen_kavnoa,572.0,3.0,,,,,,,,
Boundary_Fields_Baseline_2011 — Yaen_kavnoa,573.0,3.0,,,,,,,,
Boundary_Fields_Baseline_2011 — Yaen_kavnoa,574.0,3.0,,,,,,,,
Boundary_Fields_Baseline_2011 — Yaen_kavnoa,575.0,3.0,,,,,,,,
Boundary_Fields_Baseline_2011 — Yaen_kavnoa,576.0,3.0,,,,,,,,
Boundary_Fields_Baseline_2011 — Yaen_kavnoa,577.0,3.0,,,,,,,,
Boundary_Fields_Baseline_2011 — Yaen_kavnoa,578.0,3.0,,,,,,,,
Boundary_Fields_Baseline_2011 — Yaen_kavnoa,579.0,3.0,,,,,,,,
Boundary_Fields_Baseline_2011 — Yaen_kavnoa,580.0,3.0,,,,,,,,
Boundary_Fields_Baseline_2011 — Yaen_kavnoa,581.0,3.0,,,,,,,,
Boundary_Fields_Baseline_2011 — Yaen_kavnoa,582.0,3.0,,,,,,,,
Boundary_Fields_Baseline_2011 — Yaen_kavnoa,583.0,3.0,,,,,,,,
Boundary_Fields_Baseline_2011 — Yaen_kavnoa,584.0,3.0,,,,,,,,
Boundary_Fields_Baseline_2011 — Yaen_kavnoa,585.0,3.0,,,,,,,,
Boundary_Fields_Baseline_2011 — Yaen_kavnoa,586.0,3.0,,,,,,,,
Boundary_Fields_Baseline_2011 — Yaen_kavnoa,587.0,3.0,,,,,,,,
Boundary_Fields_Baseline_2011 — Yaen_kavnoa,588.0,3.0,,,,,,,,
Boundary_Fields_Baseline_2011 — Yaen_kavnoa,589.0,3.0,,,,,,,,
Boundary_Fields_Baseline_2011 — Yaen_kavnoa,590.0,3.0,,,,,,,,
Boundary_Fields_Baseline_2011 — Yaen_kavnoa,591.0,3.0,,,,,,,,
Boundary_Fields_Baseline_2011 — Yaen_kavnoa,592.0,3.0,,,,,,,,
Boundary_Fields_Baseline_2011 — Yaen_kavnoa,593.0,3.0,,,,,,,,
Boundary_Fields_Baseline_2011 — Yaen_kavnoa,594.0,3.0,,,,,,,,
Boundary_Fields_Baseline_2011 — Yaen_kavnoa,595.0,3.0,,,,,,,,
Boundary_Fields_Baseline_2011 — Yaen_kavnoa,596.0,3.0,,,,,,,,
Boundary_Fields_Baseline_2011 — Yaen_kavnoa,597.0,3.0,,,,,,,,
Boundary_Fields_Baseline_2011 — Yaen_kavnoa,598.0,3.0,,,,,,,,
Boundary_Fields_Baseline_2011 — Yaen_kavnoa,599.0,3.0,,,,,,,,
Boundary_Fields_Baseline_2011 — Yaen_kavnoa,600.0,3.0,,,,,,,,
Boundary_Fields_Baseline_2011 — Yaen_kavnoa,601.0,3.0,,,,,,,,
Boundary_Fields_Baseline_2011 — Yaen_kavnoa,602.0,3.0,,,,,,,,
Boundary_Fields_Baseline_2011 — Yaen_kavnoa,603.0,3.0,,,,,,,,
Boundary_Fields_Baseline_2011 — Yaen_kavnoa,604.0,3.0,,,,,,,,
Boundary_Fields_Baseline_2011 — Yaen_kavnoa,605.0,3.0,,,,,,,,
Boundary_Fields_Baseline_2011 — Yaen_kavnoa,606.0,3.0,,,,,,,,
Boundary_Fields_Baseline_2011 — Yaen_kavnoa,607.0,3.0,,,,,,,,
Boundary_Fields_Baseline_2011 — Yaen_kavnoa,608.0,3.0,,,,,,,,
Boundary_Fields_Baseline_2011 — Yaen_kavnoa,609.0,3.0,,,,,,,,
Boundary_Fields_Baseline_2011 — Yaen_kavnoa,610.0,3.0,,,,,,,,
Boundary_Fields_Baseline_2011 — Yaen_kavnoa,611.0,3.0,,,,,,,,
Boundary_Fields_Baseline_2011 — Yaen_kavnoa,612.0,3.0,,,,,,,,
Boundary_Fields_Baseline_2011 — Yaen_kavnoa,613.0,3.0,,,,,,,,
Boundary_Fields_Baseline_2011 — Yaen_kavnoa,614.0,3.0,,,,,,,,
Boundary_Fields_Baseline_2011 — Yaen_kavnoa,615.0,3.0,,,,,,,,
Boundary_Fields_Baseline_2011 — Yaen_kavnoa,616.0,3.0,,,,,,,,
Boundary_Fields_Baseline_2011 — Yaen_kavnoa,617.0,3.0,,,,,,,,
Boundary_Fields_Baseline_2011 — Yaen_kavnoa,618.0,3.0,,,,,,,,
Boundary_Fields_Baseline_2011 — Yaen_kavnoa,619.0,3.0,,,,,,,,
Boundary_Fields_Baseline_2011 — Yaen_kavnoa,620.0,3.0,,,,,,,,
Boundary_Fields_Baseline_2011 — Yaen_kavnoa,621.0,3.0,,,,,,,,
Boundary_Fields_Baseline_2011 — Yaen_kavnoa,622.0,3.0,,,,,,,,
Boundary_Fields_Baseline_2011 — Yaen_kavnoa,623.0,3.0,,,,,,,,
Boundary_Fields_Baseline_2011 — Yaen_kavnoa,624.0,3.0,,,,,,,,
Boundary_Fields_Baseline_2011 — Yaen_kavnoa,625.0,3.0,,,,,,,,
Boundary_Fields_Baseline_2011 — Yaen_kavnoa,626.0,3.0,,,,,,,,
Boundary_Fields_Baseline_2011 — Yaen_kavnoa,627.0,3.0,,,,,,,,
Boundary_Fields_Baseline_2011 — Yaen_kavnoa,628.0,3.0,,,,,,,,
Boundary_Fields_Baseline_2011 — Yaen_kavnoa,629.0,3.0,,,,,,,,
Boundary_Fields_Baseline_2011 — Yaen_kavnoa,630.0,3.0,,,,,,,,
Boundary_Fields_Baseline_2011 — Yaen_kavnoa,631.0,3.0,,,,,,,,
Boundary_Fields_Baseline_2011 — Yaen_kavnoa,632.0,3.0,,,,,,,,
Boundary_Fields_Baseline_2011 — Yaen_kavnoa,633.0,3.0,,,,,,,,
Boundary_Fields_Baseline_2011 — Yaen_kavnoa,634.0,3.0,,,,,,,,
Boundary_Fields_Baseline_2011 — Yaen_kavnoa,635.0,3.0,,,,,,,,
Boundary_Fields_Baseline_2011 — Yaen_kavnoa,636.0,3.0,,,,,,,,
Boundary_Fields_Baseline_2011 — Yaen_kavnoa,637.0,3.0,,,,,,,,
Boundary_Fields_Baseline_2011 — Yaen_kavnoa,638.0,3.0,,,,,,,,
Boundary_Fields_Baseline_2011 — Yaen_kavnoa,639.0,3.0,,,,,,,,
Boundary_Fields_Baseline_2011 — Yaen_kavnoa,640.0,3.0,,,,,,,,
Boundary_Fields_Baseline_2011 — Yaen_kavnoa,641.0,3.0,,,,,,,,
Boundary_Fields_Baseline_2011 — Yaen_kavnoa,642.0,3.0,,,,,,,,
Boundary_Fields_Baseline_2011 — Yaen_kavnoa,643.0,3.0,,,,,,,,
Boundary_Fields_Baseline_2011 — Yaen_kavnoa,644.0,3.0,,,,,,,,
Boundary_Fields_Baseline_2011 — Yaen_kavnoa,645.0,3.0,,,,,,,,
Boundary_Fields_Baseline_2011 — Yaen_kavnoa,646.0,3.0,,,,,,,,
Boundary_Fields_Baseline_2011 — Yaen_kavnoa,647.0,3.0,,,,,,,,
Boundary_Fields_Baseline_2011 — Yaen_kavnoa,648.0,3.0,,,,,,,,
Boundary_Fields_Baseline_2011 — Yaen_kavnoa,649.0,3.0,,,,,,,,
Boundary_Fields_Baseline_2011 — Yaen_kavnoa,650.0,3.0,,,,,,,,
Boundary_Fields_Baseline_2011 — Yaen_kavnoa,651.0,3.0,,,,,,,,
Boundary_Fields_Baseline_2011 — Yaen_kavnoa,652.0,2.0,,,,,,,,
Boundary_Fields_Baseline_2011 — Yaen_kavnoa,653.0,2.0,,,,,,,,
Boundary_Fields_Baseline_2011 — Yaen_kavnoa,654.0,2.0,,,,,,,,
Boundary_Fields_Baseline_2011 — Yaen_kavnoa,656.0,2.0,,,,,,,,
Boundary_Fields_Baseline_2011 — Yaen_kavnoa,657.0,3.0,,,,,,,,
Boundary_Fields_Baseline_2011 — Yaen_kavnoa,658.0,3.0,,,,,,,,
Boundary_Fields_Baseline_2011 — Yaen_kavnoa,659.0,3.0,,,,,,,,
Boundary_Fields_Baseline_2011 — Yaen_kavnoa,660.0,3.0,,,,,,,,
Boundary_Fields_Baseline_2011 — Yaen_kavnoa,661.0,3.0,,,,,,,,
Boundary_Fields_Baseline_2011 — Yaen_kavnoa,662.0,3.0,,,,,,,,
Boundary_Fields_Baseline_2011 — Yaen_kavnoa,663.0,3.0,,,,,,,,
Boundary_Fields_Baseline_2011 — Yaen_kavnoa,664.0,3.0,,,,,,,,
Boundary_Fields_Baseline_2011 — Yaen_kavnoa,665.0,3.0,,,,,,,,
Boundary_Fields_Baseline_2011 — Yaen_kavnoa,666.0,3.0,,,,,,,,
Boundary_Fields_Baseline_2011 — Yaen_kavnoa,667.0,3.0,,,,,,,,
Boundary_Fields_Baseline_2011 — Yaen_kavnoa,668.0,3.0,,,,,,,,
Boundary_Fields_Baseline_2011 — Yaen_kavnoa,669.0,3.0,,,,,,,,
Boundary_Fields_Baseline_2011 — Yaen_kavnoa,670.0,3.0,,,,,,,,
Boundary_Fields_Baseline_2011 — Yaen_kavnoa,671.0,1.0,,,,,,,,
Boundary_Fields_Baseline_2011 — Yaen_kavnoa,672.0,2.0,,,,,,,,
Boundary_Fields_Baseline_2011 — Yaen_kavnoa,673.0,2.0,,,,,,,,
Boundary_Fields_Baseline_2011 — Yaen_kavnoa,674.0,2.0,,,,,,,,
Boundary_Fields_Baseline_2011 — Yaen_kavnoa,675.0,2.0,,,,,,,,
Boundary_Fields_Baseline_2011 — Yaen_kavnoa,676.0,2.0,,,,,,,,
Boundary_Fields_Baseline_2011 — Yaen_kavnoa,677.0,2.0,,,,,,,,
Boundary_Fields_Baseline_2011 — Yaen_kavnoa,678.0,2.0,,,,,,,,
Boundary_Fields_Baseline_2011 — Yaen_kavnoa,679.0,2.0,,,,,,,,
Boundary_Fields_Baseline_2011 — Yaen_kavnoa,680.0,2.0,,,,,,,,
Boundary_Fields_Baseline_2011 — Yaen_kavnoa,681.0,2.0,,,,,,,,
Boundary_Fields_Baseline_2011 — Yaen_kavnoa,682.0,1.0,,,,,,,,
Boundary_Fields_Baseline_2011 — Yaen_kavnoa,683.0,1.0,,,,,,,,
Boundary_Fields_Baseline_2011 — Yaen_kavnoa,684.0,1.0,,,,,,,,
Boundary_Fields_Baseline_2011 — Yaen_kavnoa,685.0,1.0,,,,,,,,
Boundary_Fields_Baseline_2011 — Yaen_kavnoa,686.0,2.0,,,,,,,,
Boundary_Fields_Baseline_2011 — Yaen_kavnoa,687.0,1.0,,,,,,,,
Boundary_Fields_Baseline_2011 — Yaen_kavnoa,688.0,0.0,,,,,,,,
Boundary_Fields_Baseline_2011 — Yaen_kavnoa,689.0,0.0,,,,,,,,
Boundary_Fields_Baseline_2011 — Yaen_kavnoa,690.0,0.0,,,,,,,,
Boundary_Fields_Baseline_2011 — Yaen_kavnoa,691.0,0.0,,,,,,,,
Boundary_Fields_Baseline_2011 — Yaen_kavnoa,692.0,0.0,,,,,,,,
Boundary_Fields_Baseline_2011 — Yaen_kavnoa,693.0,0.0,,,,,,,,
Boundary_Fields_Baseline_2011 — Yaen_kavnoa,694.0,0.0,,,,,,,,
Boundary_Fields_Baseline_2011 — Yaen_kavnoa,695.0,0.0,,,,,,,,
Boundary_Fields_Baseline_2011 — Yaen_kavnoa,696.0,0.0,,,,,,,,
Boundary_Fields_Baseline_2011 — Yaen_kavnoa,697.0,0.0,,,,,,,,
Boundary_Fields_Baseline_2011 — Yaen_kavnoa,698.0,0.0,,,,,,,,
Boundary_Fields_Baseline_2011 — Yaen_kavnoa,699.0,0.0,,,,,,,,
Boundary_Fields_Baseline_2011 — Yaen_kavnoa,700.0,0.0,,,,,,,,
Boundary_Fields_Baseline_2011 — Yaen_kavnoa,701.0,0.0,,,,,,,,
Boundary_Fields_Baseline_2011 — Yaen_kavnoa,702.0,0.0,,,,,,,,
Boundary_Fields_Baseline_2011 — Yaen_kavnoa,703.0,0.0,,,,,,,,
Boundary_Fields_Baseline_2011 — Yaen_kavnoa,704.0,0.0,,,,,,,,
Boundary_Fields_Baseline_2011 — Yaen_kavnoa,705.0,0.0,,,,,,,,
Boundary_Fields_Baseline_2011 — Yaen_kavnoa,706.0,0.0,,,,,,,,
Boundary_Fields_Baseline_2011 — Yaen_kavnoa,707.0,0.0,,,,,,,,
Boundary_Fields_Baseline_2011 — Yaen_kavnoa,708.0,0.0,,,,,,,,
Boundary_Fields_Baseline_2011 — Yaen_kavnoa,709.0,0.0,,,,,,,,
Boundary_Fields_Baseline_2011 — Yaen_kavnoa,710.0,0.0,,,,,,,,
Boundary_Fields_Baseline_2011 — Yaen_kavnoa,711.0,0.0,,,,,,,,
Boundary_Fields_Baseline_2011 — Yaen_kavnoa,712.0,0.0,,,,,,,,
Boundary_Fields_Baseline_2011 — Yaen_kavnoa,713.0,0.0,,,,,,,,
Boundary_Fields_Baseline_2011 — Yaen_kavnoa,714.0,0.0,,,,,,,,
Boundary_Fields_Baseline_2011 — Yaen_kavnoa,715.0,0.0,,,,,,,,
Boundary_Fields_Baseline_2011 — Yaen_kavnoa,716.0,0.0,,,,,,,,
Boundary_Fields_Baseline_2011 — Yaen_kavnoa,717.0,0.0,,,,,,,,
Boundary_Fields_Baseline_2011 — Yaen_kavnoa,718.0,0.0,,,,,,,,
Boundary_Fields_Baseline_2011 — Yaen_kavnoa,719.0,0.0,,,,,,,,
Boundary_Fields_Baseline_2011 — Yaen_kavnoa,720.0,1.0,,,,,,,,
Boundary_Fields_Baseline_2011 — Yaen_kavnoa,721.0,1.0,,,,,,,,
Boundary_Fields_Baseline_2011 — Yaen_kavnoa,722.0,0.0,,,,,,,,
Boundary_Fields_Baseline_2011 — Yaen_kavnoa,723.0,0.0,,,,,,,,
Boundary_Fields_Baseline_2011 — Yaen_kavnoa,724.0,0.0,,,,,,,,
Boundary_Fields_Baseline_2011 — Yaen_kavnoa,725.0,1.0,,,,,,,,
Boundary_Fields_Baseline_2011 — Yaen_kavnoa,726.0,1.0,,,,,,,,
Boundary_Fields_Baseline_2011 — Yaen_kavnoa,727.0,0.0,,,,,,,,
Boundary_Fields_Baseline_2011 — Yaen_kavnoa,728.0,1.0,,,,,,,,
Boundary_Fields_Baseline_2011 — Yaen_kavnoa,729.0,1.0,,,,,,,,
Boundary_Fields_Baseline_2011 — Yaen_kavnoa,730.0,0.0,,,,,,,,
Boundary_Fields_Baseline_2011 — Yaen_kavnoa,731.0,1.0,,,,,,,,
Boundary_Fields_Baseline_2011 — Yaen_kavnoa,732.0,1.0,,,,,,,,
Boundary_Fields_Baseline_2011 — Yaen_kavnoa,733.0,1.0,,,,,,,,
Boundary_Fields_Baseline_2011 — Yaen_kavnoa,734.0,1.0,,,,,,,,
Boundary_Fields_Baseline_2011 — Yaen_kavnoa,735.0,1.0,,,,,,,,
Boundary_Fields_Baseline_2011 — Yaen_kavnoa,736.0,0.0,,,,,,,,
Boundary_Fields_Baseline_2011 — Yaen_kavnoa,737.0,0.0,,,,,,,,
Boundary_Fields_Baseline_2011 — Yaen_kavnoa,738.0,0.0,,,,,,,,
Boundary_Fields_Baseline_2011 — Yaen_kavnoa,739.0,0.0,,,,,,,,
Boundary_Fields_Baseline_2011 — Yaen_kavnoa,740.0,0.0,,,,,,,,
Boundary_Fields_Baseline_2011 — Yaen_kavnoa,741.0,0.0,,,,,,,,
Boundary_Fields_Baseline_2011 — Yaen_kavnoa,742.0,0.0,,,,,,,,
Boundary_Fields_Baseline_2011 — Yaen_kavnoa,743.0,0.0,,,,,,,,
Boundary_Fields_Baseline_2011 — Yaen_kavnoa,744.0,0.0,,,,,,,,
Boundary_Fields_Baseline_2011 — Yaen_kavnoa,745.0,0.0,,,,,,,,
Boundary_Fields_Baseline_2011 — Yaen_kavnoa,746.0,1.0,,,,,,,,
Boundary_Fields_Baseline_2011 — Yaen_kavnoa,747.0,1.0,,,,,,,,
Boundary_Fields_Baseline_2011 — Yaen_kavnoa,748.0,1.0,,,,,,,,
Boundary_Fields_Baseline_2011 — Yaen_kavnoa,749.0,1.0,,,,,,,,
Boundary_Fields_Baseline_2011 — Yaen_kavnoa,750.0,1.0,,,,,,,,
Boundary_Fields_Baseline_2011 — Yaen_kavnoa,751.0,1.0,,,,,,,,
Boundary_Fields_Baseline_2011 — Yaen_kavnoa,752.0,1.0,,,,,,,,
Boundary_Fields_Baseline_2011 — Yaen_kavnoa,753.0,3.0,,,,,,,,
Boundary_Fields_Baseline_2011 — Yaen_kavnoa,754.0,3.0,,,,,,,,
Boundary_Fields_Baseline_2011 — Yaen_kavnoa,755.0,3.0,,,,,,,,
Boundary_Fields_Baseline_2011 — Yaen_kavnoa,756.0,2.0,,,,,,,,
Boundary_Fields_Baseline_2011 — Yaen_kavnoa,757.0,2.0,,,,,,,,
Boundary_Fields_Baseline_2011 — Yaen_kavnoa,758.0,2.0,,,,,,,,
Boundary_Fields_Baseline_2011 — Yaen_kavnoa,759.0,1.0,,,,,,,,
Boundary_Fields_Baseline_2011 — Yaen_kavnoa,760.0,1.0,,,,,,,,
Boundary_Fields_Baseline_2011 — Yaen_kavnoa,761.0,1.0,,,,,,,,
Boundary_Fields_Baseline_2011 — Yaen_kavnoa,762.0,0.0,,,,,,,,
Boundary_Fields_Baseline_2011 — Yaen_kavnoa,763.0,1.0,,,,,,,,
Boundary_Fields_Baseline_2011 — Yaen_kavnoa,764.0,1.0,,,,,,,,
Boundary_Fields_Baseline_2011 — Yaen_kavnoa,765.0,1.0,,,,,,,,
Boundary_Fields_Baseline_2011 — Yaen_kavnoa,766.0,0.0,,,,,,,,
Boundary_Fields_Baseline_2011 — Yaen_kavnoa,767.0,0.0,,,,,,,,
Boundary_Fields_Baseline_2011 — Yaen_kavnoa,768.0,0.0,,,,,,,,
Boundary_Fields_Baseline_2011 — Yaen_kavnoa,769.0,1.0,,,,,,,,
Boundary_Fields_Baseline_2011 — Yaen_kavnoa,770.0,1.0,,,,,,,,
Boundary_Fields_Baseline_2011 — Yaen_kavnoa,771.0,1.0,,,,,,,,
Boundary_Fields_Baseline_2011 — Yaen_kavnoa,772.0,0.0,,,,,,,,
Boundary_Fields_Baseline_2011 — Yaen_kavnoa,773.0,1.0,,,,,,,,
Boundary_Fields_Baseline_2011 — Yaen_kavnoa,774.0,1.0,,,,,,,,
Boundary_Fields_Baseline_2011 — Yaen_kavnoa,775.0,1.0,,,,,,,,
Boundary_Fields_Baseline_2011 — Yaen_kavnoa,776.0,1.0,,,,,,,,
Boundary_Fields_Baseline_2011 — Yaen_kavnoa,777.0,0.0,,,,,,,,
Boundary_Fields_Baseline_2011 — Yaen_kavnoa,778.0,0.0,,,,,,,,
Boundary_Fields_Baseline_2011 — Yaen_kavnoa,779.0,0.0,,,,,,,,
Boundary_Fields_Baseline_2011 — Yaen_kavnoa,780.0,1.0,,,,,,,,
Boundary_Fields_Baseline_2011 — Yaen_kavnoa,781.0,1.0,,,,,,,,
Boundary_Fields_Baseline_2011 — Yaen_kavnoa,782.0,0.0,,,,,,,,
Boundary_Fields_Baseline_2011 — Yaen_kavnoa,783.0,0.0,,,,,,,,
Boundary_Fields_Baseline_2011 — Yaen_kavnoa,784.0,1.0,,,,,,,,
Boundary_Fields_Baseline_2011 — Yaen_kavnoa,785.0,1.0,,,,,,,,
Boundary_Fields_Baseline_2011 — Yaen_kavnoa,786.0,1.0,,,,,,,,
Boundary_Fields_Baseline_2011 — Yaen_kavnoa,787.0,0.0,,,,,,,,
Boundary_Fields_Baseline_2011 — Yaen_kavnoa,788.0,1.0,,,,,,,,
Boundary_Fields_Baseline_2011 — Yaen_kavnoa,789.0,1.0,,,,,,,,
Boundary_Fields_Baseline_2011 — Yaen_kavnoa,790.0,1.0,,,,,,,,
Boundary_Fields_Baseline_2011 — Yaen_kavnoa,791.0,1.0,,,,,,,,
Boundary_Fields_Baseline_2011 — Yaen_kavnoa,792.0,1.0,,,,,,,,
Boundary_Fields_Baseline_2011 — Yaen_kavnoa,793.0,1.0,,,,,,,,
Boundary_Fields_Baseline_2011 — Yaen_kavnoa,794.0,1.0,,,,,,,,
Boundary_Fields_Baseline_2011 — Yaen_kavnoa,795.0,1.0,,,,,,,,
Boundary_Fields_Baseline_2011 — Yaen_kavnoa,796.0,1.0,,,,,,,,
Boundary_Fields_Baseline_2011 — Yaen_kavnoa,797.0,1.0,,,,,,,,
Boundary_Fields_Baseline_2011 — Yaen_kavnoa,798.0,1.0,,,,,,,,
Boundary_Fields_Baseline_2011 — Yaen_kavnoa,799.0,1.0,,,,,,,,
Boundary_Fields_Baseline_2011 — Yaen_kavnoa,800.0,1.0,,,,,,,,
Boundary_Fields_Baseline_2011 — Yaen_kavnoa,801.0,1.0,,,,,,,,
Boundary_Fields_Baseline_2011 — Yaen_kavnoa,802.0,1.0,,,,,,,,
Boundary_Fields_Baseline_2011 — Yaen_kavnoa,803.0,2.0,,,,,,,,
Boundary_Fields_Baseline_2011 — Yaen_kavnoa,804.0,2.0,,,,,,,,
Boundary_Fields_Baseline_2011 — Yaen_kavnoa,805.0,1.0,,,,,,,,
Boundary_Fields_Baseline_2011 — Yaen_kavnoa,806.0,1.0,,,,,,,,
Boundary_Fields_Baseline_2011 — Yaen_kavnoa,807.0,1.0,,,,,,,,
Boundary_Fields_Baseline_2011 — Yaen_kavnoa,808.0,1.0,,,,,,,,
Boundary_Fields_Baseline_2011 — Yaen_kavnoa,809.0,1.0,,,,,,,,
Boundary_Fields_Baseline_2011 — Yaen_kavnoa,810.0,1.0,,,,,,,,
Boundary_Fields_Baseline_2011 — Yaen_kavnoa,811.0,1.0,,,,,,,,
Boundary_Fields_Baseline_2011 — Yaen_kavnoa,812.0,1.0,,,,,,,,
Boundary_Fields_Baseline_2011 — Yaen_kavnoa,813.0,1.0,,,,,,,,
Boundary_Fields_Baseline_2011 — Yaen_kavnoa,814.0,1.0,,,,,,,,
Boundary_Fields_Baseline_2011 — Yaen_kavnoa,815.0,1.0,,,,,,,,
Boundary_Fields_Baseline_2011 — Yaen_kavnoa,816.0,2.0,,,,,,,,
Boundary_Fields_Baseline_2011 — Yaen_kavnoa,817.0,2.0,,,,,,,,
Boundary_Fields_Baseline_2011 — Yaen_kavnoa,818.0,1.0,,,,,,,,
Boundary_Fields_Baseline_2011 — Yaen_kavnoa,819.0,1.0,,,,,,,,
Boundary_Fields_Baseline_2011 — Yaen_kavnoa,820.0,1.0,,,,,,,,
Boundary_Fields_Baseline_2011 — Yaen_kavnoa,821.0,2.0,,,,,,,,
Boundary_Fields_Baseline_2011 — Yaen_kavnoa,822.0,3.0,,,,,,,,
Boundary_Fields_Baseline_2011 — Yaen_kavnoa,823.0,3.0,,,,,,,,
Boundary_Fields_Baseline_2011 — Yaen_kavnoa,824.0,3.0,,,,,,,,
Boundary_Fields_Baseline_2011 — Yaen_kavnoa,825.0,3.0,,,,,,,,
Boundary_Fields_Baseline_2011 — Yaen_kavnoa,826.0,3.0,,,,,,,,
Boundary_Fields_Baseline_2011 — Yaen_kavnoa,827.0,2.0,,,,,,,,
Boundary_Fields_Baseline_2011 — Yaen_kavnoa,828.0,2.0,,,,,,,,
Boundary_Fields_Baseline_2011 — Yaen_kavnoa,829.0,2.0,,,,,,,,
Boundary_Fields_Baseline_2011 — Yaen_kavnoa,830.0,2.0,,,,,,,,
Boundary_Fields_Baseline_2011 — Yaen_kavnoa,831.0,1.0,,,,,,,,
Boundary_Fields_Baseline_2011 — Yaen_kavnoa,832.0,1.0,,,,,,,,
Boundary_Fields_Baseline_2011 — Yaen_kavnoa,833.0,1.0,,,,,,,,
Boundary_Fields_Baseline_2011 — Yaen_kavnoa,834.0,1.0,,,,,,,,
Boundary_Fields_Baseline_2011 — Yaen_kavnoa,835.0,1.0,,,,,,,,
Boundary_Fields_Baseline_2011 — Yaen_kavnoa,836.0,1.0,,,,,,,,
Boundary_Fields_Baseline_2011 — Yaen_kavnoa,837.0,1.0,,,,,,,,
Boundary_Fields_Baseline_2011 — Yaen_kavnoa,838.0,1.0,,,,,,,,
Boundary_Fields_Baseline_2011 — Yaen_kavnoa,839.0,1.0,,,,,,,,
Boundary_Fields_Baseline_2011 — Yaen_kavnoa,840.0,1.0,,,,,,,,
Boundary_Fields_Baseline_2011 — Yaen_kavnoa,841.0,1.0,,,,,,,,
Boundary_Fields_Baseline_2011 — Yaen_kavnoa,842.0,1.0,,,,,,,,
Boundary_Fields_Baseline_2011 — Yaen_kavnoa,843.0,1.0,,,,,,,,
Boundary_Fields_Baseline_2011 — Yaen_kavnoa,844.0,1.0,,,,,,,,
Boundary_Fields_Baseline_2011 — Yaen_kavnoa,845.0,1.0,,,,,,,,
Boundary_Fields_Baseline_2011 — Yaen_kavnoa,846.0,1.0,,,,,,,,
Boundary_Fields_Baseline_2011 — Yaen_kavnoa,847.0,1.0,,,,,,,,
Boundary_Fields_Baseline_2011 — Yaen_kavnoa,848.0,1.0,,,,,,,,
Boundary_Fields_Baseline_2011 — Yaen_kavnoa,849.0,1.0,,,,,,,,
Boundary_Fields_Baseline_2011 — Yaen_kavnoa,850.0,1.0,,,,,,,,
Boundary_Fields_Baseline_2011 — Yaen_kavnoa,851.0,1.0,,,,,,,,
Boundary_Fields_Baseline_2011 — Yaen_kavnoa,852.0,1.0,,,,,,,,
Boundary_Fields_Baseline_2011 — Yaen_kavnoa,853.0,1.0,,,,,,,,
Boundary_Fields_Baseline_2011 — Yaen_kavnoa,854.0,1.0,,,,,,,,
Boundary_Fields_Baseline_2011 — Yaen_kavnoa,855.0,1.0,,,,,,,,
Boundary_Fields_Baseline_2011 — Yaen_kavnoa,856.0,1.0,,,,,,,,
Boundary_Fields_Baseline_2011 — Yaen_kavnoa,857.0,1.0,,,,,,,,
Boundary_Fields_Baseline_2011 — Yaen_kavnoa,858.0,1.0,,,,,,,,
Boundary_Fields_Baseline_2011 — Yaen_kavnoa,859.0,1.0,,,,,,,,
Boundary_Fields_Baseline_2011 — Yaen_kavnoa,860.0,1.0,,,,,,,,
Boundary_Fields_Baseline_2011 — Yaen_kavnoa,861.0,1.0,,,,,,,,
Boundary_Fields_Baseline_2011 — Yaen_kavnoa,862.0,0.0,,,,,,,,
Boundary_Fields_Baseline_2011 — Yaen_kavnoa,863.0,0.0,,,,,,,,
Boundary_Fields_Baseline_2011 — Yaen_kavnoa,864.0,1.0,,,,,,,,
Boundary_Fields_Baseline_2011 — Yaen_kavnoa,865.0,1.0,,,,,,,,
Boundary_Fields_Baseline_2011 — Yaen_kavnoa,866.0,1.0,,,,,,,,
Boundary_Fields_Baseline_2011 — Yaen_kavnoa,867.0,0.0,,,,,,,,
Boundary_Fields_Baseline_2011 — Yaen_kavnoa,868.0,0.0,,,,,,,,
Boundary_Fields_Baseline_2011 — Yaen_kavnoa,869.0,0.0,,,,,,,,
Boundary_Fields_Baseline_2011 — Yaen_kavnoa,870.0,0.0,,,,,,,,
Boundary_Fields_Baseline_2011 — Yaen_kavnoa,871.0,0.0,,,,,,,,
Boundary_Fields_Baseline_2011 — Yaen_kavnoa,872.0,0.0,,,,,,,,
Boundary_Fields_Baseline_2011 — Yaen_kavnoa,873.0,0.0,,,,,,,,
Boundary_Fields_Baseline_2011 — Yaen_kavnoa,874.0,0.0,,,,,,,,
Boundary_Fields_Baseline_2011 — Yaen_kavnoa,875.0,0.0,,,,,,,,
Boundary_Fields_Baseline_2011 — Yaen_kavnoa,876.0,0.0,,,,,,,,
Boundary_Fields_Baseline_2011 — Yaen_kavnoa,877.0,0.0,,,,,,,,
Boundary_Fields_Baseline_2011 — Yaen_kavnoa,878.0,0.0,,,,,,,,
Boundary_Fields_Baseline_2011 — Yaen_kavnoa,879.0,1.0,,,,,,,,
Boundary_Fields_Baseline_2011 — Yaen_kavnoa,880.0,0.0,,,,,,,,
Boundary_Fields_Baseline_2011 — Yaen_kavnoa,881.0,1.0,,,,,,,,
Boundary_Fields_Baseline_2011 — Yaen_kavnoa,882.0,1.0,,,,,,,,
Boundary_Fields_Baseline_2011 — Yaen_kavnoa,883.0,1.0,,,,,,,,
Boundary_Fields_Baseline_2011 — Yaen_kavnoa,884.0,1.0,,,,,,,,
Boundary_Fields_Baseline_2011 — Yaen_kavnoa,885.0,1.0,,,,,,,,
Boundary_Fields_Baseline_2011 — Yaen_kavnoa,886.0,1.0,,,,,,,,
Boundary_Fields_Baseline_2011 — Yaen_kavnoa,887.0,1.0,,,,,,,,
Boundary_Fields_Baseline_2011 — Yaen_kavnoa,888.0,1.0,,,,,,,,
Boundary_Fields_Baseline_2011 — Yaen_kavnoa,889.0,1.0,,,,,,,,
Boundary_Fields_Baseline_2011 — Yaen_kavnoa,890.0,2.0,,,,,,,,
Boundary_Fields_Baseline_2011 — Yaen_kavnoa,891.0,3.0,,,,,,,,
Boundary_Fields_Baseline_2011 — Yaen_kavnoa,892.0,3.0,,,,,,,,
Boundary_Fields_Baseline_2011 — Yaen_kavnoa,893.0,3.0,,,,,,,,
Boundary_Fields_Baseline_2011 — Yaen_kavnoa,894.0,2.0,,,,,,,,
Boundary_Fields_Baseline_2011 — Yaen_kavnoa,895.0,1.0,,,,,,,,
Boundary_Fields_Baseline_2011 — Yaen_kavnoa,896.0,1.0,,,,,,,,
Boundary_Fields_Baseline_2011 — Yaen_kavnoa,897.0,1.0,,,,,,,,
Boundary_Fields_Baseline_2011 — Yaen_kavnoa,898.0,1.0,,,,,,,,
Boundary_Fields_Baseline_2011 — Yaen_kavnoa,899.0,1.0,,,,,,,,
Boundary_Fields_Baseline_2011 — Yaen_kavnoa,900.0,1.0,,,,,,,,
Boundary_Fields_Baseline_2011 — Yaen_kavnoa,901.0,1.0,,,,,,,,
Boundary_Fields_Baseline_2011 — Yaen_kavnoa,902.0,1.0,,,,,,,,
Boundary_Fields_Baseline_2011 — Yaen_kavnoa,903.0,1.0,,,,,,,,
Boundary_Fields_Baseline_2011 — Yaen_kavnoa,904.0,1.0,,,,,,,,
Boundary_Fields_Baseline_2011 — Yaen_kavnoa,905.0,0.0,,,,,,,,
Boundary_Fields_Baseline_2011 — Yaen_kavnoa,906.0,0.0,,,,,,,,
Boundary_Fields_Baseline_2011 — Yaen_kavnoa,907.0,0.0,,,,,,,,
Boundary_Fields_Baseline_2011 — Yaen_kavnoa,908.0,0.0,,,,,,,,
Boundary_Fields_Baseline_2011 — Yaen_kavnoa,909.0,0.0,,,,,,,,
Boundary_Fields_Baseline_2011 — Yaen_kavnoa,910.0,0.0,,,,,,,,
Boundary_Fields_Baseline_2011 — Yaen_kavnoa,911.0,0.0,,,,,,,,
Boundary_Fields_Baseline_2011 — Yaen_kavnoa,912.0,0.0,,,,,,,,
Boundary_Fields_Baseline_2011 — Yaen_kavnoa,913.0,0.0,,,,,,,,
Boundary_Fields_Baseline_2011 — Yaen_kavnoa,914.0,0.0,,,,,,,,
Boundary_Fields_Baseline_2011 — Yaen_kavnoa,915.0,0.0,,,,,,,,
Boundary_Fields_Baseline_2011 — Yaen_kavnoa,916.0,0.0,,,,,,,,
Boundary_Fields_Baseline_2011 — Yaen_kavnoa,917.0,1.0,,,,,,,,
Boundary_Fields_Baseline_2011 — Yaen_kavnoa,918.0,0.0,,,,,,,,
Boundary_Fields_Baseline_2011 — Yaen_kavnoa,919.0,0.0,,,,,,,,
Boundary_Fields_Baseline_2011 — Yaen_kavnoa,920.0,0.0,,,,,,,,
Boundary_Fields_Baseline_2011 — Yaen_kavnoa,921.0,0.0,,,,,,,,
Boundary_Fields_Baseline_2011 — Yaen_kavnoa,922.0,1.0,,,,,,,,
Boundary_Fields_Baseline_2011 — Yaen_kavnoa,923.0,0.0,,,,,,,,
Boundary_Fields_Baseline_2011 — Yaen_kavnoa,924.0,0.0,,,,,,,,
Boundary_Fields_Baseline_2011 — Yaen_kavnoa,925.0,0.0,,,,,,,,
Boundary_Fields_Baseline_2011 — Yaen_kavnoa,926.0,1.0,,,,,,,,
Boundary_Fields_Baseline_2011 — Yaen_kavnoa,927.0,1.0,,,,,,,,
Boundary_Fields_Baseline_2011 — Yaen_kavnoa,928.0,1.0,,,,,,,,
Boundary_Fields_Baseline_2011 — Yaen_kavnoa,929.0,0.0,,,,,,,,
Boundary_Fields_Baseline_2011 — Yaen_kavnoa,930.0,0.0,,,,,,,,
Boundary_Fields_Baseline_2011 — Yaen_kavnoa,931.0,0.0,,,,,,,,
Boundary_Fields_Baseline_2011 — Yaen_kavnoa,932.0,0.0,,,,,,,,
Boundary_Fields_Baseline_2011 — Yaen_kavnoa,933.0,0.0,,,,,,,,
Boundary_Fields_Baseline_2011 — Yaen_kavnoa,934.0,0.0,,,,,,,,
Boundary_Fields_Baseline_2011 — Yaen_kavnoa,935.0,0.0,,,,,,,,
Boundary_Fields_Baseline_2011 — Yaen_kavnoa,936.0,0.0,,,,,,,,
Boundary_Fields_Baseline_2011 — Yaen_kavnoa,937.0,0.0,,,,,,,,
Boundary_Fields_Baseline_2011 — Yaen_kavnoa,938.0,0.0,,,,,,,,
Boundary_Fields_Baseline_2011 — Yaen_kavnoa,939.0,0.0,,,,,,,,
Boundary_Fields_Baseline_2011 — Yaen_kavnoa,940.0,0.0,,,,,,,,
Boundary_Fields_Baseline_2011 — Yaen_kavnoa,941.0,0.0,,,,,,,,
Boundary_Fields_Baseline_2011 — Yaen_kavnoa,942.0,0.0,,,,,,,,
Boundary_Fields_Baseline_2011 — Yaen_kavnoa,943.0,0.0,,,,,,,,
Boundary_Fields_Baseline_2011 — Yaen_kavnoa,944.0,0.0,,,,,,,,
Boundary_Fields_Baseline_2011 — Yaen_kavnoa,945.0,0.0,,,,,,,,
Boundary_Fields_Baseline_2011 — Yaen_kavnoa,946.0,0.0,,,,,,,,
Boundary_Fields_Baseline_2011 — Yaen_kavnoa,947.0,0.0,,,,,,,,
Boundary_Fields_Baseline_2011 — Yaen_kavnoa,948.0,0.0,,,,,,,,
Boundary_Fields_Baseline_2011 — Yaen_kavnoa,949.0,0.0,,,,,,,,
Boundary_Fields_Baseline_2011 — Yaen_kavnoa,950.0,0.0,,,,,,,,
Boundary_Fields_Baseline_2011 — Yaen_kavnoa,951.0,0.0,,,,,,,,
Boundary_Fields_Baseline_2011 — Yaen_kavnoa,952.0,1.0,,,,,,,,
Boundary_Fields_Baseline_2011 — Yaen_kavnoa,953.0,0.0,,,,,,,,
Boundary_Fields_Baseline_2011 — Yaen_kavnoa,954.0,0.0,,,,,,,,
Boundary_Fields_Baseline_2011 — Yaen_kavnoa,955.0,0.0,,,,,,,,
Boundary_Fields_Baseline_2011 — Yaen_kavnoa,956.0,0.0,,,,,,,,
Boundary_Fields_Baseline_2011 — Yaen_kavnoa,957.0,0.0,,,,,,,,
Boundary_Fields_Baseline_2011 — Yaen_kavnoa,958.0,0.0,,,,,,,,
Boundary_Fields_Baseline_2011 — Yaen_kavnoa,959.0,1.0,,,,,,,,
Boundary_Fields_Baseline_2011 — Yaen_kavnoa,960.0,1.0,,,,,,,,
Boundary_Fields_Baseline_2011 — Yaen_kavnoa,961.0,2.0,,,,,,,,
Boundary_Fields_Baseline_2011 — Yaen_kavnoa,962.0,3.0,,,,,,,,
Boundary_Fields_Baseline_2011 — Yaen_kavnoa,963.0,3.0,,,,,,,,
Boundary_Fields_Baseline_2011 — Yagur_buki,330.0,2.0,,,,,,,,
Boundary_Fields_Baseline_2011 — Yagur_buki,331.0,1.0,,,,,,,,
Boundary_Fields_Baseline_2011 — Yagur_buki,332.0,1.0,,,,,,,,
Boundary_Fields_Baseline_2011 — Yagur_buki,333.0,1.0,,,,,,,,
Boundary_Fields_Baseline_2011 — Yagur_buki,334.0,1.0,,,,,,,,
Boundary_Fields_Baseline_2011 — Yagur_buki,335.0,1.0,,,,,,,,
Boundary_Fields_Baseline_2011 — Yagur_buki,336.0,1.0,,,,,,,,
Boundary_Fields_Baseline_2011 — Yagur_buki,337.0,1.0,,,,,,,,
Boundary_Fields_Baseline_2011 — Yagur_buki,338.0,1.0,,,,,,,,
Boundary_Fields_Baseline_2011 — Yagur_buki,339.0,1.0,,,,,,,,
Boundary_Fields_Baseline_2011 — Yagur_buki,340.0,1.0,,,,,,,,
Boundary_Fields_Baseline_2011 — Yagur_buki,341.0,1.0,,,,,,,,
Boundary_Fields_Baseline_2011 — Yagur_buki,342.0,1.0,,,,,,,,
Boundary_Fields_Baseline_2011 — Yagur_buki,343.0,1.0,,,,,,,,
Boundary_Fields_Baseline_2011 — Yagur_buki,344.0,1.0,,,,,,,,
Boundary_Fields_Baseline_2011 — Yagur_buki,345.0,1.0,,,,,,,,
Boundary_Fields_Baseline_2011 — Yagur_buki,346.0,1.0,,,,,,,,
Boundary_Fields_Baseline_2011 — Yagur_buki,347.0,1.0,,,,,,,,
Boundary_Fields_Baseline_2011 — Yagur_buki,348.0,0.0,,,,,,,,
Boundary_Fields_Baseline_2011 — Yagur_buki,349.0,0.0,,,,,,,,
Boundary_Fields_Baseline_2011 — Yagur_buki,350.0,0.0,,,,,,,,
Boundary_Fields_Baseline_2011 — Yagur_buki,351.0,0.0,,,,,,,,
Boundary_Fields_Baseline_2011 — Yagur_buki,352.0,0.0,,,,,,,,
Boundary_Fields_Baseline_2011 — Yagur_buki,353.0,1.0,,,,,,,,
Boundary_Fields_Baseline_2011 — Yagur_buki,354.0,0.0,,,,,,,,
Boundary_Fields_Baseline_2011 — Yagur_buki,355.0,1.0,,,,,,,,
Boundary_Fields_Baseline_2011 — Yagur_buki,356.0,1.0,,,,,,,,
Boundary_Fields_Baseline_2011 — Yagur_buki,357.0,1.0,,,,,,,,
Boundary_Fields_Baseline_2011 — Yagur_buki,358.0,1.0,,,,,,,,
Boundary_Fields_Baseline_2011 — Yagur_buki,359.0,1.0,,,,,,,,
Boundary_Fields_Baseline_2011 — Yagur_buki,360.0,1.0,,,,,,,,
Boundary_Fields_Baseline_2011 — Yagur_buki,361.0,1.0,,,,,,,,
Boundary_Fields_Baseline_2011 — Yagur_buki,362.0,1.0,,,,,,,,
Boundary_Fields_Baseline_2011 — Yagur_buki,363.0,1.0,,,,,,,,
Boundary_Fields_Baseline_2011 — Yagur_buki,364.0,1.0,,,,,,,,
Boundary_Fields_Baseline_2011 — Yagur_buki,365.0,1.0,,,,,,,,
Boundary_Fields_Baseline_2011 — Yagur_buki,366.0,1.0,,,,,,,,
Boundary_Fields_Baseline_2011 — Yagur_buki,367.0,2.0,,,,,,,,
Boundary_Fields_Baseline_2011 — Yagur_buki,368.0,2.0,,,,,,,,
Boundary_Fields_Baseline_2011 — Yagur_buki,369.0,2.0,,,,,,,,
Boundary_Fields_Baseline_2011 — Yagur_buki,370.0,2.0,,,,,,,,
Boundary_Fields_Baseline_2011 — Yagur_buki,371.0,2.0,,,,,,,,
Boundary_Fields_Baseline_2011 — Yagur_buki,372.0,2.0,,,,,,,,
Boundary_Fields_Baseline_2011 — Yagur_buki,373.0,3.0,,,,,,,,
Boundary_Fields_Baseline_2011 — Yagur_buki,374.0,2.0,,,,,,,,
Boundary_Fields_Baseline_2011 — Yagur_buki,375.0,2.0,,,,,,,,
Boundary_Fields_Baseline_2011 — Yagur_buki,376.0,2.0,,,,,,,,
Boundary_Fields_Baseline_2011 — Yagur_buki,377.0,3.0,,,,,,,,
Boundary_Fields_Baseline_2011 — Yagur_buki,378.0,2.0,,,,,,,,
Boundary_Fields_Baseline_2011 — Yagur_buki,379.0,2.0,,,,,,,,
Boundary_Fields_Baseline_2011 — Yagur_buki,380.0,2.0,,,,,,,,
Boundary_Fields_Baseline_2011 — Yagur_buki,381.0,2.0,,,,,,,,
Boundary_Fields_Baseline_2011 — Yagur_buki,382.0,2.0,,,,,,,,
Boundary_Fields_Baseline_2011 — Yagur_buki,383.0,1.0,,,,,,,,
Boundary_Fields_Baseline_2011 — Yagur_buki,384.0,2.0,,,,,,,,
Boundary_Fields_Baseline_2011 — Yagur_buki,385.0,2.0,,,,,,,,
Boundary_Fields_Baseline_2011 — Yagur_buki,386.0,2.0,,,,,,,,
Boundary_Fields_Baseline_2011 — Yagur_buki,387.0,2.0,,,,,,,,
Boundary_Fields_Baseline_2011 — Yagur_buki,388.0,1.0,,,,,,,,
Boundary_Fields_Baseline_2011 — Yagur_buki,389.0,1.0,,,,,,,,
Boundary_Fields_Baseline_2011 — Yagur_buki,390.0,2.0,,,,,,,,
Boundary_Fields_Baseline_2011 — Yagur_buki,391.0,1.0,,,,,,,,
Boundary_Fields_Baseline_2011 — Yagur_buki,392.0,1.0,,,,,,,,
Boundary_Fields_Baseline_2011 — Yagur_buki,393.0,2.0,,,,,,,,
Boundary_Fields_Baseline_2011 — Yagur_buki,394.0,1.0,,,,,,,,
Boundary_Fields_Baseline_2011 — Yagur_buki,395.0,1.0,,,,,,,,
Boundary_Fields_Baseline_2011 — Yagur_buki,396.0,1.0,,,,,,,,
Boundary_Fields_Baseline_2011 — Yagur_buki,397.0,1.0,,,,,,,,
Boundary_Fields_Baseline_2011 — Yagur_buki,398.0,0.0,,,,,,,,
Boundary_Fields_Baseline_2011 — Yagur_buki,399.0,2.0,,,,,,,,
Boundary_Fields_Baseline_2011 — Yagur_buki,400.0,2.0,,,,,,,,
Boundary_Fields_Baseline_2011 — Yagur_buki,401.0,2.0,,,,,,,,
Boundary_Fields_Baseline_2011 — Yagur_buki,402.0,1.0,,,,,,,,
Boundary_Fields_Baseline_2011 — Yagur_buki,403.0,1.0,,,,,,,,
Boundary_Fields_Baseline_2011 — Yagur_buki,404.0,2.0,,,,,,,,
Boundary_Fields_Baseline_2011 — Yagur_buki,405.0,2.0,,,,,,,,
Boundary_Fields_Baseline_2011 — Yagur_buki,406.0,1.0,,,,,,,,
Boundary_Fields_Baseline_2011 — Yagur_buki,407.0,1.0,,,,,,,,
Boundary_Fields_Baseline_2011 — Yagur_buki,408.0,1.0,,,,,,,,
Boundary_Fields_Baseline_2011 — Yagur_buki,409.0,2.0,,,,,,,,
Boundary_Fields_Baseline_2011 — Yagur_buki,410.0,2.0,,,,,,,,
Boundary_Fields_Baseline_2011 — Yagur_buki,411.0,2.0,,,,,,,,
Boundary_Fields_Baseline_2011 — Yagur_buki,412.0,2.0,,,,,,,,
Boundary_Fields_Baseline_2011 — Yagur_buki,413.0,2.0,,,,,,,,
Boundary_Fields_Baseline_2011 — Yagur_buki,415.0,2.0,,,,,,,,
Boundary_Fields_Baseline_2011 — Yagur_buki,416.0,2.0,,,,,,,,
Boundary_Fields_Baseline_2011 — Yagur_buki,417.0,2.0,,,,,,,,
Boundary_Fields_Baseline_2011 — Yagur_buki,418.0,2.0,,,,,,,,
Boundary_Fields_Baseline_2011 — Yagur_buki,419.0,2.0,,,,,,,,
Boundary_Fields_Baseline_2011 — Yagur_buki,420.0,2.0,,,,,,,,
Boundary_Fields_Baseline_2011 — Yagur_buki,421.0,3.0,,,,,,,,
Boundary_Fields_Baseline_2011 — Yagur_buki,422.0,2.0,,,,,,,,
Boundary_Fields_Baseline_2011 — Yagur_buki,423.0,2.0,,,,,,,,
Boundary_Fields_Baseline_2011 — Yagur_buki,424.0,2.0,,,,,,,,
Boundary_Fields_Baseline_2011 — Yagur_buki,425.0,2.0,,,,,,,,
Boundary_Fields_Baseline_2011 — Yagur_buki,426.0,1.0,,,,,,,,
Boundary_Fields_Baseline_2011 — Yagur_buki,427.0,1.0,,,,,,,,
Boundary_Fields_Baseline_2011 — Yagur_buki,428.0,1.0,,,,,,,,
Boundary_Fields_Baseline_2011 — Yagur_buki,429.0,1.0,,,,,,,,
Boundary_Fields_Baseline_2011 — Yagur_buki,430.0,1.0,,,,,,,,
Boundary_Fields_Baseline_2011 — Yagur_buki,431.0,1.0,,,,,,,,
Boundary_Fields_Baseline_2011 — Yagur_buki,432.0,2.0,,,,,,,,
Boundary_Fields_Baseline_2011 — Yagur_buki,433.0,2.0,,,,,,,,
Boundary_Fields_Baseline_2011 — Yagur_buki,434.0,2.0,,,,,,,,
Boundary_Fields_Baseline_2011 — Yagur_buki,435.0,1.0,,,,,,,,
Boundary_Fields_Baseline_2011 — Yagur_buki,436.0,1.0,,,,,,,,
Boundary_Fields_Baseline_2011 — Yagur_buki,437.0,1.0,,,,,,,,
Boundary_Fields_Baseline_2011 — Yagur_buki,438.0,1.0,,,,,,,,
Boundary_Fields_Baseline_2011 — Yagur_buki,439.0,1.0,,,,,,,,
Boundary_Fields_Baseline_2011 — Yagur_buki,440.0,1.0,,,,,,,,
Boundary_Fields_Baseline_2011 — Yagur_buki,441.0,1.0,,,,,,,,
Boundary_Fields_Baseline_2011 — Yagur_buki,442.0,2.0,,,,,,,,
Boundary_Fields_Baseline_2011 — Yagur_buki,443.0,2.0,,,,,,,,
Boundary_Fields_Baseline_2011 — Yagur_buki,444.0,2.0,,,,,,,,
Boundary_Fields_Baseline_2011 — Yagur_buki,445.0,2.0,,,,,,,,
Boundary_Fields_Baseline_2011 — Yagur_buki,446.0,2.0,,,,,,,,
Boundary_Fields_Baseline_2011 — Yagur_buki,447.0,2.0,,,,,,,,
Boundary_Fields_Baseline_2011 — Yagur_buki,448.0,2.0,,,,,,,,
Boundary_Fields_Baseline_2011 — Yagur_buki,449.0,2.0,,,,,,,,
Boundary_Fields_Baseline_2011 — Yagur_buki,450.0,1.0,,,,,,,,
Boundary_Fields_Baseline_2011 — Yagur_buki,451.0,2.0,,,,,,,,
Boundary_Fields_Baseline_2011 — Yagur_buki,452.0,2.0,,,,,,,,
Boundary_Fields_Baseline_2011 — Yagur_buki,453.0,2.0,,,,,,,,
Boundary_Fields_Baseline_2011 — Yagur_buki,454.0,2.0,,,,,,,,
Boundary_Fields_Baseline_2011 — Yagur_buki,455.0,2.0,,,,,,,,
Boundary_Fields_Baseline_2011 — Yagur_buki,456.0,3.0,,,,,,,,
Boundary_Fields_Baseline_2011 — Yagur_buki,457.0,3.0,,,,,,,,
Boundary_Fields_Baseline_2011 — Yagur_buki,458.0,3.0,,,,,,,,
Boundary_Fields_Baseline_2011 — Yagur_buki,459.0,3.0,,,,,,,,
Boundary_Fields_Baseline_2011 — Yagur_buki,460.0,2.0,,,,,,,,
Boundary_Fields_Baseline_2011 — Yagur_buki,461.0,2.0,,,,,,,,
Boundary_Fields_Baseline_2011 — Yagur_buki,462.0,2.0,,,,,,,,
Boundary_Fields_Baseline_2011 — Yagur_buki,463.0,2.0,,,,,,,,
Boundary_Fields_Baseline_2011 — Yagur_buki,464.0,2.0,,,,,,,,
Boundary_Fields_Baseline_2011 — Yagur_buki,465.0,1.0,,,,,,,,
Boundary_Fields_Baseline_2011 — Yagur_buki,466.0,2.0,,,,,,,,
Boundary_Fields_Baseline_2011 — Yagur_buki,467.0,2.0,,,,,,,,
Boundary_Fields_Baseline_2011 — Yagur_buki,468.0,2.0,,,,,,,,
Boundary_Fields_Baseline_2011 — Yagur_buki,469.0,2.0,,,,,,,,
Boundary_Fields_Baseline_2011 — Yagur_buki,470.0,2.0,,,,,,,,
Boundary_Fields_Baseline_2011 — Yagur_buki,471.0,2.0,,,,,,,,
Boundary_Fields_Baseline_2011 — Yagur_buki,472.0,2.0,,,,,,,,
Boundary_Fields_Baseline_2011 — Yagur_buki,473.0,2.0,,,,,,,,
Boundary_Fields_Baseline_2011 — Yagur_buki,474.0,2.0,,,,,,,,
Boundary_Fields_Baseline_2011 — Yagur_buki,475.0,2.0,,,,,,,,
Boundary_Fields_Baseline_2011 — Yagur_buki,476.0,2.0,,,,,,,,
Boundary_Fields_Baseline_2011 — Yagur_buki,477.0,2.0,,,,,,,,
Boundary_Fields_Baseline_2011 — Yagur_buki,478.0,2.0,,,,,,,,
Boundary_Fields_Baseline_2011 — Yagur_buki,479.0,2.0,,,,,,,,
Boundary_Fields_Baseline_2011 — Yagur_buki,480.0,2.0,,,,,,,,
Boundary_Fields_Baseline_2011 — Yagur_buki,481.0,3.0,,,,,,,,
Boundary_Fields_Baseline_2011 — Yagur_buki,482.0,3.0,,,,,,,,
Boundary_Fields_Baseline_2011 — Yagur_buki,483.0,2.0,,,,,,,,
Boundary_Fields_Baseline_2011 — Yagur_buki,484.0,3.0,,,,,,,,
Boundary_Fields_Baseline_2011 — Yagur_buki,485.0,2.0,,,,,,,,
Boundary_Fields_Baseline_2011 — Yagur_buki,486.0,2.0,,,,,,,,
Boundary_Fields_Baseline_2011 — Yagur_buki,487.0,2.0,,,,,,,,
Boundary_Fields_Baseline_2011 — Yagur_buki,488.0,2.0,,,,,,,,
Boundary_Fields_Baseline_2011 — Yagur_buki,489.0,2.0,,,,,,,,
Boundary_Fields_Baseline_2011 — Yagur_buki,490.0,2.0,,,,,,,,
Boundary_Fields_Baseline_2011 — Yagur_buki,491.0,3.0,,,,,,,,
Boundary_Fields_Baseline_2011 — Yagur_buki,492.0,2.0,,,,,,,,
Boundary_Fields_Baseline_2011 — Yagur_buki,493.0,2.0,,,,,,,,
Boundary_Fields_Baseline_2011 — Yagur_buki,494.0,2.0,,,,,,,,
Boundary_Fields_Baseline_2011 — Yagur_buki,495.0,3.0,,,,,,,,
Boundary_Fields_Baseline_2011 — Yagur_buki,496.0,3.0,,,,,,,,
Boundary_Fields_Baseline_2011 — Yagur_buki,497.0,2.0,,,,,,,,
Boundary_Fields_Baseline_2011 — Yagur_buki,498.0,2.0,,,,,,,,
Boundary_Fields_Baseline_2011 — Yagur_buki,499.0,2.0,,,,,,,,
Boundary_Fields_Baseline_2011 — Yagur_buki,500.0,2.0,,,,,,,,
Boundary_Fields_Baseline_2011 — Yagur_buki,501.0,2.0,,,,,,,,
Boundary_Fields_Baseline_2011 — Yagur_buki,502.0,2.0,,,,,,,,
Boundary_Fields_Baseline_2011 — Yagur_buki,503.0,2.0,,,,,,,,
Boundary_Fields_Baseline_2011 — Yagur_buki,504.0,2.0,,,,,,,,
Boundary_Fields_Baseline_2011 — Yagur_buki,505.0,2.0,,,,,,,,
Boundary_Fields_Baseline_2011 — Yagur_buki,506.0,2.0,,,,,,,,
Boundary_Fields_Baseline_2011 — Yagur_buki,507.0,1.0,,,,,,,,
Boundary_Fields_Baseline_2011 — Yagur_buki,508.0,2.0,,,,,,,,
Boundary_Fields_Baseline_2011 — Yagur_buki,509.0,2.0,,,,,,,,
Boundary_Fields_Baseline_2011 — Yagur_buki,510.0,2.0,,,,,,,,
Boundary_Fields_Baseline_2011 — Yagur_buki,511.0,2.0,,,,,,,,
Boundary_Fields_Baseline_2011 — Yagur_buki,512.0,2.0,,,,,,,,
Boundary_Fields_Baseline_2011 — Yagur_buki,513.0,2.0,,,,,,,,
Boundary_Fields_Baseline_2011 — Yagur_buki,514.0,2.0,,,,,,,,
Boundary_Fields_Baseline_2011 — Yagur_buki,515.0,2.0,,,,,,,,
Boundary_Fields_Baseline_2011 — Yagur_buki,516.0,2.0,,,,,,,,
Boundary_Fields_Baseline_2011 — Yagur_buki,517.0,2.0,,,,,,,,
Boundary_Fields_Baseline_2011 — Yagur_buki,518.0,2.0,,,,,,,,
Boundary_Fields_Baseline_2011 — Yagur_buki,519.0,3.0,,,,,,,,
Boundary_Fields_Baseline_2011 — Yagur_buki,520.0,3.0,,,,,,,,
Boundary_Fields_Baseline_2011 — Yagur_buki,521.0,2.0,,,,,,,,
Boundary_Fields_Baseline_2011 — Yagur_buki,522.0,2.0,,,,,,,,
Boundary_Fields_Baseline_2011 — Yagur_buki,523.0,2.0,,,,,,,,
Boundary_Fields_Baseline_2011 — Yagur_buki,524.0,3.0,,,,,,,,
Boundary_Fields_Baseline_2011 — Yagur_buki,525.0,3.0,,,,,,,,
Boundary_Fields_Baseline_2011 — Yagur_buki,526.0,2.0,,,,,,,,
Boundary_Fields_Baseline_2011 — Yagur_buki,527.0,2.0,,,,,,,,
Boundary_Fields_Baseline_2011 — Yagur_buki,528.0,2.0,,,,,,,,
Boundary_Fields_Baseline_2011 — Yagur_buki,529.0,2.0,,,,,,,,
Boundary_Fields_Baseline_2011 — Yagur_buki,530.0,3.0,,,,,,,,
Boundary_Fields_Baseline_2011 — Yagur_buki,531.0,2.0,,,,,,,,
Boundary_Fields_Baseline_2011 — Yagur_buki,532.0,2.0,,,,,,,,
Boundary_Fields_Baseline_2011 — Yagur_buki,533.0,2.0,,,,,,,,
Boundary_Fields_Baseline_2011 — Yagur_buki,534.0,2.0,,,,,,,,
Boundary_Fields_Baseline_2011 — Yagur_buki,535.0,2.0,,,,,,,,
Boundary_Fields_Baseline_2011 — Yagur_buki,536.0,2.0,,,,,,,,
Boundary_Fields_Baseline_2011 — Yagur_buki,537.0,3.0,,,,,,,,
Boundary_Fields_Baseline_2011 — Yagur_buki,538.0,3.0,,,,,,,,
Boundary_Fields_Baseline_2011 — Yagur_buki,539.0,3.0,,,,,,,,
Boundary_Fields_Baseline_2011 — Yagur_buki,540.0,3.0,,,,,,,,
Boundary_Fields_Baseline_2011 — Yagur_buki,541.0,3.0,,,,,,,,
Boundary_Fields_Baseline_2011 — Yagur_buki,542.0,2.0,,,,,,,,
Boundary_Fields_Baseline_2011 — Yagur_buki,543.0,2.0,,,,,,,,
Boundary_Fields_Baseline_2011 — Yagur_buki,544.0,2.0,,,,,,,,
Boundary_Fields_Baseline_2011 — Yagur_buki,545.0,3.0,,,,,,,,
Boundary_Fields_Baseline_2011 — Yagur_buki,546.0,2.0,,,,,,,,
Boundary_Fields_Baseline_2011 — Yagur_buki,547.0,2.0,,,,,,,,
Boundary_Fields_Baseline_2011 — Yagur_buki,548.0,3.0,,,,,,,,
Boundary_Fields_Baseline_2011 — Yagur_buki,549.0,2.0,,,,,,,,
Boundary_Fields_Baseline_2011 — Yagur_buki,550.0,2.0,,,,,,,,
Boundary_Fields_Baseline_2011 — Yagur_buki,551.0,2.0,,,,,,,,
Boundary_Fields_Baseline_2011 — Yagur_buki,552.0,2.0,,,,,,,,
Boundary_Fields_Baseline_2011 — Yagur_buki,553.0,2.0,,,,,,,,
Boundary_Fields_Baseline_2011 — Yagur_buki,554.0,2.0,,,,,,,,
Boundary_Fields_Baseline_2011 — Yagur_buki,555.0,2.0,,,,,,,,
Boundary_Fields_Baseline_2011 — Yagur_buki,556.0,2.0,,,,,,,,
Boundary_Fields_Baseline_2011 — Yagur_buki,557.0,2.0,,,,,,,,
Boundary_Fields_Baseline_2011 — Yagur_buki,558.0,3.0,,,,,,,,
Boundary_Fields_Baseline_2011 — Yagur_buki,559.0,3.0,,,,,,,,
Boundary_Fields_Baseline_2011 — Yagur_buki,560.0,3.0,,,,,,,,
Boundary_Fields_Baseline_2011 — Yagur_buki,561.0,3.0,,,,,,,,
Boundary_Fields_Baseline_2011 — Yagur_buki,562.0,3.0,,,,,,,,
Boundary_Fields_Baseline_2011 — Yagur_buki,563.0,2.0,,,,,,,,
Boundary_Fields_Baseline_2011 — Yagur_buki,564.0,2.0,,,,,,,,
Boundary_Fields_Baseline_2011 — Yagur_buki,565.0,2.0,,,,,,,,
Boundary_Fields_Baseline_2011 — Yagur_buki,566.0,2.0,,,,,,,,
Boundary_Fields_Baseline_2011 — Yagur_buki,567.0,2.0,,,,,,,,
Boundary_Fields_Baseline_2011 — Yagur_buki,568.0,2.0,,,,,,,,
Boundary_Fields_Baseline_2011 — Yagur_buki,569.0,2.0,,,,,,,,
Boundary_Fields_Baseline_2011 — Yagur_buki,570.0,2.0,,,,,,,,
Boundary_Fields_Baseline_2011 — Yagur_buki,571.0,2.0,,,,,,,,
Boundary_Fields_Baseline_2011 — Yagur_buki,572.0,3.0,,,,,,,,
Boundary_Fields_Baseline_2011 — Yagur_buki,573.0,3.0,,,,,,,,
Boundary_Fields_Baseline_2011 — Yagur_buki,574.0,2.0,,,,,,,,
Boundary_Fields_Baseline_2011 — Yagur_buki,575.0,2.0,,,,,,,,
Boundary_Fields_Baseline_2011 — Yagur_buki,576.0,2.0,,,,,,,,
Boundary_Fields_Baseline_2011 — Yagur_buki,577.0,2.0,,,,,,,,
Boundary_Fields_Baseline_2011 — Yagur_buki,578.0,2.0,,,,,,,,
Boundary_Fields_Baseline_2011 — Yagur_buki,579.0,2.0,,,,,,,,
Boundary_Fields_Baseline_2011 — Yagur_buki,580.0,2.0,,,,,,,,
Boundary_Fields_Baseline_2011 — Yagur_buki,581.0,2.0,,,,,,,,
Boundary_Fields_Baseline_2011 — Yagur_buki,582.0,2.0,,,,,,,,
Boundary_Fields_Baseline_2011 — Yagur_buki,583.0,2.0,,,,,,,,
fields_2010 — EHI_emek_d_points,1.0,0.0,,,,,,,,
fields_2010 — EHI_emek_d_points,2.0,1.0,,,,,,,,
fields_2010 — EHI_emek_d_points,3.0,1.0,,,,,,,,
fields_2010 — EHI_emek_d_points,4.0,1.0,,,,,,,,
fields_2010 — EHI_emek_d_points,5.0,0.0,,,,,,,,
fields_2010 — EHI_emek_d_points,6.0,0.0,,,,,,,,
fields_2010 — EHI_emek_d_points,7.0,0.0,,,,,,,,
fields_2010 — EHI_emek_d_points,8.0,0.0,,,,,,,,
fields_2010 — EHI_emek_d_points,9.0,0.0,,,,,,,,
fields_2010 — EHI_emek_d_points,10.0,1.0,,,,,,,,
fields_2010 — EHI_emek_d_points,11.0,1.0,,,,,,,,
fields_2010 — EHI_emek_d_points,12.0,0.0,,,,,,,,
fields_2010 — EHI_emek_d_points,13.0,1.0,,,,,,,,
fields_2010 — EHI_emek_d_points,14.0,1.0,,,,,,,,
fields_2010 — EHI_emek_d_points,15.0,1.0,,,,,,,,
fields_2010 — EHI_emek_d_points,16.0,0.0,,,,,,,,
fields_2010 — EHI_emek_d_points,17.0,1.0,,,,,,,,
fields_2010 — EHI_emek_d_points,18.0,0.0,,,,,,,,
fields_2010 — EHI_emek_d_points,19.0,0.0,,,,,,,,
fields_2010 — EHI_emek_d_points,20.0,0.0,,,,,,,,
fields_2010 — EHI_emek_d_points,21.0,0.0,,,,,,,,
fields_2010 — EHI_emek_d_points,22.0,0.0,,,,,,,,
fields_2010 — EHI_emek_d_points,23.0,0.0,,,,,,,,
fields_2010 — EHI_emek_d_points,24.0,0.0,,,,,,,,
fields_2010 — EHI_emek_d_points,25.0,0.0,,,,,,,,
fields_2010 — EHI_emek_d_points,26.0,0.0,,,,,,,,
fields_2010 — EHI_emek_d_points,27.0,0.0,,,,,,,,
fields_2010 — EHI_emek_d_points,28.0,0.0,,,,,,,,
fields_2010 — EHI_emek_d_points,29.0,0.0,,,,,,,,
fields_2010 — EHI_emek_d_points,30.0,0.0,,,,,,,,
fields_2010 — EHI_emek_d_points,31.0,0.0,,,,,,,,
fields_2010 — EHI_emek_d_points,32.0,1.0,,,,,,,,
fields_2010 — EHI_emek_d_points,33.0,0.0,,,,,,,,
fields_2010 — EHI_emek_d_points,34.0,0.0,,,,,,,,
fields_2010 — EHI_emek_d_points,35.0,0.0,,,,,,,,
fields_2010 — EHI_emek_d_points,36.0,1.0,,,,,,,,
fields_2010 — EHI_emek_d_points,37.0,2.0,,,,,,,,
fields_2010 — EHI_emek_d_points,38.0,1.0,,,,,,,,
fields_2010 — EHI_emek_d_points,39.0,1.0,,,,,,,,
fields_2010 — EHI_emek_d_points,40.0,2.0,,,,,,,,
fields_2010 — EHI_emek_d_points,41.0,3.0,,,,,,,,
fields_2010 — EHI_emek_d_points,42.0,3.0,,,,,,,,
fields_2010 — EHI_emek_d_points,43.0,2.0,,,,,,,,
fields_2010 — EHI_emek_d_points,44.0,2.0,,,,,,,,
fields_2010 — EHI_emek_d_points,45.0,1.0,,,,,,,,
fields_2010 — EHI_emek_d_points,46.0,2.0,,,,,,,,
fields_2010 — EHI_emek_d_points,47.0,1.0,,,,,,,,
fields_2010 — EHI_emek_d_points,48.0,1.0,,,,,,,,
fields_2010 — EHI_emek_d_points,49.0,1.0,,,,,,,,
fields_2010 — EHI_emek_d_points,50.0,1.0,,,,,,,,
fields_2010 — EHI_emek_d_points,51.0,1.0,,,,,,,,
fields_2010 — EHI_emek_d_points,52.0,0.0,,,,,,,,
fields_2010 — EHI_emek_d_points,53.0,1.0,,,,,,,,
fields_2010 — EHI_emek_d_points,54.0,0.0,,,,,,,,
fields_2010 — EHI_emek_d_points,55.0,0.0,,,,,,,,
fields_2010 — EHI_emek_d_points,56.0,0.0,,,,,,,,
fields_2010 — EHI_emek_d_points,57.0,0.0,,,,,,,,
fields_2010 — EHI_emek_d_points,58.0,0.0,,,,,,,,
fields_2010 — EHI_emek_d_points,59.0,0.0,,,,,,,,
fields_2010 — EHI_emek_d_points,60.0,0.0,,,,,,,,
fields_2010 — EHI_emek_d_points,61.0,0.0,,,,,,,,
fields_2010 — EHI_emek_d_points,62.0,0.0,,,,,,,,
fields_2010 — EHI_emek_d_points,63.0,0.0,,,,,,,,
fields_2010 — EHI_emek_d_points,64.0,1.0,,,,,,,,
fields_2010 — EHI_emek_d_points,65.0,1.0,,,,,,,,
fields_2010 — EHI_emek_d_points,66.0,0.0,,,,,,,,
fields_2010 — EHI_emek_d_points,67.0,0.0,,,,,,,,
fields_2010 — EHI_emek_d_points,68.0,1.0,,,,,,,,
fields_2010 — EHI_emek_d_points,69.0,0.0,,,,,,,,
fields_2010 — EHI_emek_d_points,70.0,0.0,,,,,,,,
fields_2010 — EHI_emek_d_points,71.0,0.0,,,,,,,,
fields_2010 — EHI_emek_d_points,72.0,0.0,,,,,,,,
fields_2010 — EHI_emek_d_points,73.0,0.0,,,,,,,,
fields_2010 — EHI_emek_d_points,74.0,0.0,,,,,,,,
fields_2010 — EHI_emek_d_points,75.0,0.0,,,,,,,,
fields_2010 — EHI_emek_d_points,76.0,0.0,,,,,,,,
fields_2010 — EHI_emek_d_points,77.0,0.0,,,,,,,,
fields_2010 — EHI_emek_d_points,78.0,0.0,,,,,,,,
fields_2010 — EHI_emek_d_points,79.0,0.0,,,,,,,,
fields_2010 — EHI_emek_d_points,80.0,0.0,,,,,,,,
fields_2010 — EHI_emek_d_points,81.0,0.0,,,,,,,,
fields_2010 — EHI_emek_d_points,82.0,0.0,,,,,,,,
fields_2010 — EHI_emek_d_points,83.0,0.0,,,,,,,,
fields_2010 — EHI_emek_d_points,84.0,0.0,,,,,,,,
fields_2010 — EHI_emek_d_points,85.0,0.0,,,,,,,,
fields_2010 — EHI_emek_d_points,86.0,0.0,,,,,,,,
fields_2010 — EHI_emek_d_points,87.0,0.0,,,,,,,,
fields_2010 — EHI_emek_d_points,88.0,0.0,,,,,,,,
fields_2010 — EHI_emek_d_points,89.0,0.0,,,,,,,,
fields_2010 — EHI_emek_d_points,90.0,0.0,,,,,,,,
fields_2010 — EHI_emek_d_points,91.0,0.0,,,,,,,,
fields_2010 — EHI_emek_d_points,92.0,0.0,,,,,,,,
fields_2010 — EHI_emek_d_points,93.0,0.0,,,,,,,,
fields_2010 — EHI_emek_d_points,94.0,0.0,,,,,,,,
fields_2010 — EHI_emek_d_points,95.0,0.0,,,,,,,,
fields_2010 — EHI_emek_d_points,96.0,0.0,,,,,,,,
fields_2010 — EHI_emek_d_points,97.0,0.0,,,,,,,,
fields_2010 — EHI_emek_d_points,98.0,0.0,,,,,,,,
fields_2010 — EHI_emek_d_points,99.0,1.0,,,,,,,,
fields_2010 — EHI_emek_d_points,100.0,0.0,,,,,,,,
fields_2010 — EHI_emek_d_points,101.0,0.0,,,,,,,,
fields_2010 — EHI_emek_d_points,102.0,0.0,,,,,,,,
fields_2010 — EHI_emek_d_points,103.0,0.0,,,,,,,,
fields_2010 — EHI_emek_d_points,104.0,0.0,,,,,,,,
fields_2010 — EHI_emek_d_points,105.0,1.0,,,,,,,,
fields_2010 — EHI_emek_d_points,106.0,0.0,,,,,,,,
fields_2010 — EHI_emek_d_points,107.0,1.0,,,,,,,,
fields_2010 — EHI_emek_d_points,108.0,0.0,,,,,,,,
fields_2010 — EHI_emek_d_points,109.0,1.0,,,,,,,,
fields_2010 — EHI_emek_d_points,110.0,0.0,,,,,,,,
fields_2010 — EHI_emek_d_points,111.0,1.0,,,,,,,,
fields_2010 — EHI_emek_d_points,112.0,0.0,,,,,,,,
fields_2010 — EHI_emek_d_points,113.0,0.0,,,,,,,,
fields_2010 — EHI_emek_d_points,114.0,0.0,,,,,,,,
fields_2010 — EHI_emek_d_points,115.0,0.0,,,,,,,,
fields_2010 — EHI_emek_d_points,116.0,0.0,,,,,,,,
fields_2010 — EHI_emek_d_points,117.0,1.0,,,,,,,,
fields_2010 — EHI_emek_d_points,118.0,0.0,,,,,,,,
fields_2010 — EHI_emek_d_points,119.0,1.0,,,,,,,,
fields_2010 — EHI_emek_d_points,120.0,3.0,,,,,,,,
fields_2010 — EHI_emek_d_points,121.0,3.0,,,,,,,,
fields_2010 — EHI_emek_d_points,122.0,3.0,,,,,,,,
fields_2010 — EHI_emek_d_points,123.0,3.0,,,,,,,,
fields_2010 — EHI_emek_d_points,124.0,3.0,,,,,,,,
fields_2010 — EHI_emek_d_points,125.0,3.0,,,,,,,,
fields_2010 — EHI_emek_d_points,126.0,3.0,,,,,,,,
fields_2010 — EHI_emek_d_points,127.0,3.0,,,,,,,,
fields_2010 — EHI_emek_d_points,128.0,3.0,,,,,,,,
fields_2010 — EHI_emek_d_points,129.0,3.0,,,,,,,,
fields_2010 — EHI_emek_d_points,130.0,3.0,,,,,,,,
fields_2010 — EHI_emek_d_points,131.0,3.0,,,,,,,,
fields_2010 — EHI_emek_d_points,132.0,3.0,,,,,,,,
fields_2010 — EHI_emek_d_points,133.0,3.0,,,,,,,,
fields_2010 — EHI_emek_d_points,134.0,3.0,,,,,,,,
fields_2010 — EHI_emek_d_points,135.0,3.0,,,,,,,,
fields_2010 — EHI_emek_d_points,136.0,3.0,,,,,,,,
fields_2010 — EHI_emek_d_points,137.0,3.0,,,,,,,,
fields_2010 — EHI_emek_d_points,138.0,2.0,,,,,,,,
fields_2010 — EHI_emek_d_points,139.0,2.0,,,,,,,,
fields_2010 — EHI_emek_d_points,140.0,3.0,,,,,,,,
fields_2010 — EHI_emek_d_points,141.0,3.0,,,,,,,,
fields_2010 — EHI_emek_d_points,142.0,3.0,,,,,,,,
fields_2010 — EHI_emek_d_points,143.0,2.0,,,,,,,,
fields_2010 — EHI_emek_d_points,144.0,3.0,,,,,,,,
fields_2010 — EHI_emek_d_points,145.0,3.0,,,,,,,,
fields_2010 — EHI_emek_d_points,146.0,3.0,,,,,,,,
fields_2010 — EHI_emek_d_points,147.0,3.0,,,,,,,,
fields_2010 — EHI_emek_d_points,148.0,3.0,,,,,,,,
fields_2010 — EHI_emek_d_points,149.0,3.0,,,,,,,,
fields_2010 — EHI_emek_d_points,150.0,3.0,,,,,,,,
fields_2010 — EHI_emek_d_points,151.0,3.0,,,,,,,,
fields_2010 — EHI_emek_d_points,152.0,3.0,,,,,,,,
fields_2010 — EHI_emek_d_points,153.0,3.0,,,,,,,,
fields_2010 — EHI_emek_d_points,154.0,2.0,,,,,,,,
fields_2010 — EHI_emek_d_points,155.0,3.0,,,,,,,,
fields_2010 — EHI_emek_d_points,156.0,3.0,,,,,,,,
fields_2010 — EHI_emek_d_points,157.0,3.0,,,,,,,,
fields_2010 — EHI_emek_d_points,158.0,3.0,,,,,,,,
fields_2010 — EHI_emek_d_points,159.0,3.0,,,,,,,,
fields_2010 — EHI_emek_d_points,160.0,3.0,,,,,,,,
fields_2010 — EHI_emek_d_points,161.0,3.0,,,,,,,,
fields_2010 — EHI_emek_d_points,162.0,3.0,,,,,,,,
fields_2010 — EHI_emek_d_points,163.0,3.0,,,,,,,,
fields_2010 — EHI_emek_d_points,164.0,3.0,,,,,,,,
fields_2010 — EHI_emek_d_points,165.0,3.0,,,,,,,,
fields_2010 — EHI_emek_d_points,166.0,3.0,,,,,,,,
fields_2010 — EHI_emek_d_points,167.0,3.0,,,,,,,,
fields_2010 — EHI_emek_d_points,168.0,3.0,,,,,,,,
fields_2010 — EHI_emek_d_points,169.0,3.0,,,,,,,,
fields_2010 — EHI_emek_d_points,170.0,3.0,,,,,,,,
fields_2010 — EHI_emek_d_points,171.0,3.0,,,,,,,,
fields_2010 — EHI_emek_d_points,172.0,3.0,,,,,,,,
fields_2010 — EHI_emek_d_points,173.0,2.0,,,,,,,,
fields_2010 — EHI_emek_d_points,174.0,1.0,,,,,,,,
fields_2010 — EHI_emek_d_points,175.0,3.0,,,,,,,,
fields_2010 — EHI_emek_d_points,176.0,3.0,,,,,,,,
fields_2010 — EHI_emek_d_points,177.0,3.0,,,,,,,,
fields_2010 — EHI_emek_d_points,178.0,3.0,,,,,,,,
fields_2010 — EHI_emek_d_points,179.0,3.0,,,,,,,,
fields_2010 — EHI_emek_d_points,180.0,3.0,,,,,,,,
fields_2010 — EHI_emek_d_points,181.0,3.0,,,,,,,,
fields_2010 — EHI_emek_d_points,182.0,3.0,,,,,,,,
fields_2010 — EHI_emek_d_points,183.0,3.0,,,,,,,,
fields_2010 — EHI_emek_d_points,184.0,3.0,,,,,,,,
fields_2010 — EHI_emek_d_points,185.0,3.0,,,,,,,,
fields_2010 — EHI_emek_d_points,186.0,3.0,,,,,,,,
fields_2010 — EHI_emek_d_points,187.0,3.0,,,,,,,,
fields_2010 — EHI_emek_d_points,188.0,3.0,,,,,,,,
fields_2010 — EHI_emek_d_points,189.0,3.0,,,,,,,,
fields_2010 — EHI_emek_d_points,190.0,3.0,,,,,,,,
fields_2010 — EHI_emek_d_points,191.0,3.0,,,,,,,,
fields_2010 — EHI_emek_d_points,192.0,3.0,,,,,,,,
fields_2010 — EHI_emek_d_points,193.0,3.0,,,,,,,,
fields_2010 — EHI_emek_d_points,194.0,3.0,,,,,,,,
fields_2010 — EHI_emek_d_points,195.0,3.0,,,,,,,,
fields_2010 — EHI_emek_d_points,196.0,3.0,,,,,,,,
fields_2010 — EHI_emek_d_points,197.0,3.0,,,,,,,,
fields_2010 — EHI_emek_d_points,198.0,2.0,,,,,,,,
fields_2010 — EHI_emek_d_points,199.0,3.0,,,,,,,,
fields_2010 — EHI_emek_d_points,200.0,3.0,,,,,,,,
fields_2010 — EHI_emek_d_points,201.0,3.0,,,,,,,,
fields_2010 — EHI_emek_d_points,202.0,3.0,,,,,,,,
fields_2010 — EHI_emek_d_points,203.0,3.0,,,,,,,,
fields_2010 — EHI_emek_d_points,204.0,3.0,,,,,,,,
fields_2010 — EHI_emek_d_points,205.0,3.0,,,,,,,,
fields_2010 — EHI_emek_d_points,206.0,3.0,,,,,,,,
fields_2010 — EHI_emek_d_points,207.0,3.0,,,,,,,,
fields_2010 — EHI_emek_d_points,208.0,3.0,,,,,,,,
fields_2010 — EHI_emek_d_points,209.0,3.0,,,,,,,,
fields_2010 — EHI_emek_d_points,210.0,3.0,,,,,,,,
fields_2010 — EHI_emek_d_points,211.0,3.0,,,,,,,,
fields_2010 — EHI_emek_d_points,212.0,0.0,,,,,,,,
fields_2010 — EHI_emek_d_points,213.0,3.0,,,,,,,,
fields_2010 — EHI_emek_d_points,214.0,2.0,,,,,,,,
fields_2010 — EHI_emek_d_points,215.0,3.0,,,,,,,,
fields_2010 — EHI_emek_d_points,216.0,3.0,,,,,,,,
fields_2010 — EHI_emek_d_points,217.0,3.0,,,,,,,,
fields_2010 — EHI_emek_d_points,218.0,3.0,,,,,,,,
fields_2010 — EHI_emek_d_points,219.0,3.0,,,,,,,,
fields_2010 — EHI_emek_d_points,220.0,3.0,,,,,,,,
fields_2010 — EHI_emek_d_points,221.0,3.0,,,,,,,,
fields_2010 — EHI_emek_d_points,222.0,3.0,,,,,,,,
fields_2010 — EHI_emek_d_points,223.0,2.0,,,,,,,,
fields_2010 — EHI_emek_d_points,224.0,3.0,,,,,,,,
fields_2010 — EHI_emek_d_points,225.0,3.0,,,,,,,,
fields_2010 — EHI_emek_d_points,226.0,3.0,,,,,,,,
fields_2010 — EHI_emek_d_points,227.0,3.0,,,,,,,,
fields_2010 — EHI_emek_d_points,228.0,3.0,,,,,,,,
fields_2010 — EHI_emek_d_points,229.0,3.0,,,,,,,,
fields_2010 — EHI_emek_d_points,230.0,3.0,,,,,,,,
fields_2010 — EHI_emek_d_points,231.0,3.0,,,,,,,,
fields_2010 — EHI_emek_d_points,232.0,2.0,,,,,,,,
fields_2010 — EHI_emek_d_points,233.0,2.0,,,,,,,,
fields_2010 — EHI_emek_d_points,234.0,2.0,,,,,,,,
fields_2010 — EHI_emek_d_points,235.0,3.0,,,,,,,,
fields_2010 — EHI_emek_d_points,236.0,2.0,,,,,,,,
fields_2010 — EHI_emek_d_points,237.0,1.0,,,,,,,,
fields_2010 — EHI_emek_d_points,238.0,1.0,,,,,,,,
fields_2010 — EHI_emek_d_points,239.0,1.0,,,,,,,,
fields_2010 — EHI_emek_d_points,240.0,1.0,,,,,,,,
fields_2010 — EHI_emek_d_points,241.0,2.0,,,,,,,,
fields_2010 — EHI_emek_d_points,242.0,2.0,,,,,,,,
fields_2010 — EHI_emek_d_points,243.0,3.0,,,,,,,,
fields_2010 — EHI_emek_d_points,244.0,3.0,,,,,,,,
fields_2010 — EHI_emek_d_points,245.0,3.0,,,,,,,,
fields_2010 — EHI_emek_d_points,246.0,2.0,,,,,,,,
fields_2010 — EHI_emek_d_points,247.0,2.0,,,,,,,,
fields_2010 — EHI_emek_d_points,248.0,2.0,,,,,,,,
fields_2010 — EHI_emek_d_points,249.0,2.0,,,,,,,,
fields_2010 — EHI_emek_d_points,250.0,2.0,,,,,,,,
fields_2010 — EHI_emek_d_points,251.0,1.0,,,,,,,,
fields_2010 — EHI_emek_d_points,252.0,3.0,,,,,,,,
fields_2010 — EHI_emek_d_points,253.0,3.0,,,,,,,,
fields_2010 — EHI_emek_d_points,254.0,3.0,,,,,,,,
fields_2010 — EHI_emek_d_points,255.0,1.0,,,,,,,,
fields_2010 — EHI_emek_d_points,256.0,2.0,,,,,,,,
fields_2010 — EHI_emek_d_points,257.0,3.0,,,,,,,,
fields_2010 — EHI_emek_d_points,258.0,3.0,,,,,,,,
fields_2010 — EHI_emek_d_points,259.0,1.0,,,,,,,,
fields_2010 — EHI_emek_d_points,260.0,1.0,,,,,,,,
fields_2010 — EHI_emek_d_points,261.0,1.0,,,,,,,,
fields_2010 — EHI_emek_d_points,262.0,2.0,,,,,,,,
fields_2010 — EHI_emek_d_points,263.0,2.0,,,,,,,,
fields_2010 — EHI_emek_d_points,264.0,2.0,,,,,,,,
fields_2010 — EHI_emek_d_points,265.0,1.0,,,,,,,,
fields_2010 — EHI_emek_d_points,266.0,1.0,,,,,,,,
fields_2010 — EHI_emek_d_points,267.0,1.0,,,,,,,,
fields_2010 — EHI_emek_d_points,268.0,2.0,,,,,,,,
fields_2010 — EHI_emek_d_points,269.0,1.0,,,,,,,,
fields_2010 — EHI_emek_d_points,270.0,1.0,,,,,,,,
fields_2010 — EHI_emek_d_points,271.0,1.0,,,,,,,,
fields_2010 — EHI_emek_d_points,272.0,2.0,,,,,,,,
fields_2010 — EHI_emek_d_points,273.0,2.0,,,,,,,,
fields_2010 — EHI_emek_d_points,274.0,2.0,,,,,,,,
fields_2010 — EHI_emek_d_points,275.0,1.0,,,,,,,,
fields_2010 — EHI_emek_d_points,276.0,2.0,,,,,,,,
fields_2010 — EHI_emek_d_points,277.0,3.0,,,,,,,,
fields_2010 — EHI_emek_d_points,278.0,2.0,,,,,,,,
fields_2010 — EHI_emek_d_points,279.0,2.0,,,,,,,,
fields_2010 — EHI_emek_d_points,280.0,2.0,,,,,,,,
fields_2010 — EHI_emek_d_points,281.0,2.0,,,,,,,,
fields_2010 — EHI_emek_d_points,282.0,2.0,,,,,,,,
fields_2010 — EHI_emek_d_points,283.0,1.0,,,,,,,,
fields_2010 — EHI_emek_d_points,284.0,1.0,,,,,,,,
fields_2010 — EHI_emek_d_points,285.0,1.0,,,,,,,,
fields_2010 — EHI_emek_d_points,286.0,1.0,,,,,,,,
fields_2010 — EHI_emek_d_points,287.0,1.0,,,,,,,,
fields_2010 — EHI_emek_d_points,288.0,2.0,,,,,,,,
fields_2010 — EHI_emek_d_points,289.0,1.0,,,,,,,,
fields_2010 — EHI_emek_d_points,290.0,2.0,,,,,,,,
fields_2010 — EHI_emek_d_points,291.0,2.0,,,,,,,,
fields_2010 — EHI_emek_d_points,292.0,2.0,,,,,,,,
fields_2010 — EHI_emek_d_points,293.0,1.0,,,,,,,,
fields_2010 — EHI_emek_d_points,294.0,2.0,,,,,,,,
fields_2010 — EHI_emek_d_points,295.0,3.0,,,,,,,,
fields_2010 — EHI_emek_d_points,296.0,3.0,,,,,,,,
fields_2010 — EHI_emek_d_points,297.0,3.0,,,,,,,,
fields_2010 — EHI_emek_d_points,298.0,3.0,,,,,,,,
fields_2010 — EHI_emek_d_points,299.0,2.0,,,,,,,,
fields_2010 — EHI_emek_d_points,300.0,2.0,,,,,,,,
fields_2010 — EHI_emek_d_points,301.0,2.0,,,,,,,,
fields_2010 — EHI_emek_d_points,302.0,3.0,,,,,,,,
fields_2010 — EHI_emek_d_points,303.0,3.0,,,,,,,,
fields_2010 — EHI_emek_d_points,304.0,3.0,,,,,,,,
fields_2010 — EHI_emek_d_points,305.0,3.0,,,,,,,,
fields_2010 — EHI_emek_d_points,306.0,3.0,,,,,,,,
fields_2010 — EHI_emek_d_points,307.0,3.0,,,,,,,,
fields_2010 — EHI_emek_d_points,308.0,3.0,,,,,,,,
fields_2010 — EHI_emek_d_points,309.0,3.0,,,,,,,,
fields_2010 — EHI_emek_d_points,310.0,3.0,,,,,,,,
fields_2010 — EHI_emek_d_points,311.0,3.0,,,,,,,,
fields_2010 — EHI_emek_d_points,312.0,3.0,,,,,,,,
fields_2010 — EHI_emek_d_points,313.0,3.0,,,,,,,,
fields_2010 — EHI_emek_d_points,314.0,3.0,,,,,,,,
fields_2010 — EHI_emek_d_points,315.0,3.0,,,,,,,,
fields_2010 — EHI_emek_d_points,316.0,3.0,,,,,,,,
fields_2010 — EHI_emek_d_points,317.0,3.0,,,,,,,,
fields_2010 — EHI_emek_d_points,318.0,3.0,,,,,,,,
fields_2010 — EHI_emek_d_points,319.0,3.0,,,,,,,,
fields_2010 — EHI_emek_d_points,320.0,3.0,,,,,,,,
fields_2010 — EHI_emek_d_points,321.0,3.0,,,,,,,,
fields_2010 — EHI_emek_d_points,322.0,2.0,,,,,,,,
fields_2010 — EHI_emek_d_points,323.0,2.0,,,,,,,,
fields_2010 — EHI_emek_d_points,324.0,3.0,,,,,,,,
fields_2010 — EHI_emek_d_points,325.0,3.0,,,,,,,,
fields_2010 — EHI_emek_d_points,326.0,3.0,,,,,,,,
fields_2010 — EHI_emek_d_points,327.0,3.0,,,,,,,,
fields_2010 — EHI_emek_d_points,328.0,3.0,,,,,,,,
fields_2010 — EHI_emek_d_points,329.0,3.0,,,,,,,,
fields_2010 — EHI_emek_d_points,330.0,3.0,,,,,,,,
fields_2010 — EHI_emek_d_points,331.0,3.0,,,,,,,,
fields_2010 — EHI_emek_d_points,332.0,3.0,,,,,,,,
fields_2010 — EHI_emek_d_points,333.0,3.0,,,,,,,,
fields_2010 — EHI_emek_d_points,334.0,3.0,,,,,,,,
fields_2010 — EHI_emek_d_points,335.0,3.0,,,,,,,,
fields_2010 — EHI_emek_d_points,336.0,3.0,,,,,,,,
fields_2010 — EHI_emek_d_points,337.0,3.0,,,,,,,,
fields_2010 — EHI_emek_d_points,338.0,3.0,,,,,,,,
fields_2010 — EHI_emek_d_points,339.0,3.0,,,,,,,,
fields_2010 — EHI_emek_d_points,340.0,3.0,,,,,,,,
fields_2010 — EHI_emek_d_points,341.0,3.0,,,,,,,,
fields_2010 — EHI_emek_d_points,342.0,3.0,,,,,,,,
fields_2010 — EHI_emek_d_points,343.0,3.0,,,,,,,,
fields_2010 — EHI_emek_d_points,344.0,3.0,,,,,,,,
fields_2010 — EHI_emek_d_points,345.0,3.0,,,,,,,,
fields_2010 — EHI_emek_d_points,346.0,3.0,,,,,,,,
fields_2010 — EHI_emek_d_points,347.0,3.0,,,,,,,,
fields_2010 — EHI_emek_d_points,348.0,3.0,,,,,,,,
fields_2010 — EHI_emek_d_points,349.0,3.0,,,,,,,,
fields_2010 — EHI_emek_d_points,350.0,3.0,,,,,,,,
fields_2010 — EHI_emek_d_points,351.0,3.0,,,,,,,,
fields_2010 — EHI_emek_d_points,352.0,3.0,,,,,,,,
fields_2010 — EHI_emek_d_points,353.0,3.0,,,,,,,,
fields_2010 — EHI_emek_d_points,354.0,3.0,,,,,,,,
fields_2010 — EHI_emek_d_points,355.0,3.0,,,,,,,,
fields_2010 — EHI_emek_d_points,356.0,2.0,,,,,,,,
fields_2010 — EHI_emek_d_points,357.0,1.0,,,,,,,,
fields_2010 — EHI_emek_d_points,358.0,2.0,,,,,,,,
fields_2010 — EHI_emek_d_points,359.0,3.0,,,,,,,,
fields_2010 — EHI_emek_d_points,360.0,2.0,,,,,,,,
fields_2010 — EHI_emek_d_points,361.0,3.0,,,,,,,,
fields_2010 — EHI_emek_d_points,362.0,3.0,,,,,,,,
fields_2010 — EHI_emek_d_points,363.0,3.0,,,,,,,,
fields_2010 — EHI_emek_d_points,364.0,3.0,,,,,,,,
fields_2010 — EHI_emek_d_points,365.0,3.0,,,,,,,,
fields_2010 — EHI_emek_d_points,366.0,3.0,,,,,,,,
fields_2010 — EHI_emek_d_points,367.0,3.0,,,,,,,,
fields_2010 — EHI_emek_d_points,368.0,3.0,,,,,,,,
fields_2010 — EHI_emek_d_points,369.0,3.0,,,,,,,,
fields_2010 — EHI_emek_d_points,370.0,3.0,,,,,,,,
fields_2010 — EHI_emek_d_points,371.0,3.0,,,,,,,,
fields_2010 — EHI_emek_d_points,372.0,3.0,,,,,,,,
fields_2010 — EHI_emek_d_points,373.0,0.0,,,,,,,,
fields_2010 — EHI_emek_d_points,374.0,3.0,,,,,,,,
fields_2010 — EHI_emek_d_points,375.0,3.0,,,,,,,,
fields_2010 — EHI_emek_d_points,376.0,3.0,,,,,,,,
fields_2010 — EHI_emek_d_points,377.0,2.0,,,,,,,,
fields_2010 — EHI_emek_d_points,378.0,3.0,,,,,,,,
fields_2010 — EHI_emek_d_points,379.0,3.0,,,,,,,,
fields_2010 — EHI_emek_d_points,380.0,3.0,,,,,,,,
fields_2010 — EHI_emek_d_points,381.0,3.0,,,,,,,,
fields_2010 — EHI_emek_d_points,382.0,3.0,,,,,,,,
fields_2010 — EHI_emek_d_points,383.0,3.0,,,,,,,,
fields_2010 — EHI_emek_d_points,384.0,3.0,,,,,,,,
fields_2010 — EHI_emek_d_points,385.0,3.0,,,,,,,,
fields_2010 — EHI_emek_d_points,386.0,3.0,,,,,,,,
fields_2010 — EHI_emek_d_points,387.0,3.0,,,,,,,,
fields_2010 — EHI_emek_d_points,388.0,3.0,,,,,,,,
fields_2010 — EHI_emek_d_points,389.0,3.0,,,,,,,,
fields_2010 — EHI_emek_d_points,390.0,2.0,,,,,,,,
fields_2010 — EHI_emek_d_points,391.0,3.0,,,,,,,,
fields_2010 — EHI_emek_d_points,392.0,3.0,,,,,,,,
fields_2010 — EHI_emek_d_points,393.0,3.0,,,,,,,,
fields_2010 — EHI_emek_d_points,394.0,3.0,,,,,,,,
fields_2010 — EHI_emek_d_points,395.0,3.0,,,,,,,,
fields_2010 — EHI_emek_d_points,396.0,3.0,,,,,,,,
fields_2010 — EHI_emek_d_points,397.0,3.0,,,,,,,,
fields_2010 — EHI_emek_d_points,398.0,3.0,,,,,,,,
fields_2010 — EHI_emek_d_points,399.0,3.0,,,,,,,,
fields_2010 — EHI_emek_d_points,400.0,3.0,,,,,,,,
fields_2010 — EHI_emek_d_points,401.0,3.0,,,,,,,,
fields_2010 — EHI_emek_d_points,402.0,3.0,,,,,,,,
fields_2010 — EHI_emek_d_points,403.0,3.0,,,,,,,,
fields_2010 — EHI_emek_d_points,404.0,2.0,,,,,,,,
fields_2010 — EHI_emek_d_points,405.0,3.0,,,,,,,,
fields_2010 — EHI_emek_d_points,406.0,2.0,,,,,,,,
fields_2010 — EHI_emek_d_points,407.0,2.0,,,,,,,,
fields_2010 — EHI_emek_d_points,408.0,2.0,,,,,,,,
fields_2010 — EHI_emek_d_points,409.0,2.0,,,,,,,,
fields_2010 — EHI_emek_d_points,410.0,2.0,,,,,,,,
fields_2010 — EHI_emek_d_points,411.0,1.0,,,,,,,,
fields_2010 — EHI_emek_d_points,412.0,1.0,,,,,,,,
fields_2010 — EHI_emek_d_points,413.0,2.0,,,,,,,,
fields_2010 — EHI_emek_d_points,414.0,1.0,,,,,,,,
fields_2010 — EHI_emek_d_points,415.0,2.0,,,,,,,,
fields_2010 — EHI_emek_d_points,416.0,1.0,,,,,,,,
fields_2010 — EHI_emek_d_points,417.0,1.0,,,,,,,,
fields_2010 — EHI_emek_d_points,418.0,2.0,,,,,,,,
fields_2010 — EHI_emek_d_points,419.0,2.0,,,,,,,,
fields_2010 — EHI_emek_d_points,420.0,2.0,,,,,,,,
fields_2010 — EHI_emek_d_points,421.0,2.0,,,,,,,,
fields_2010 — EHI_emek_d_points,422.0,2.0,,,,,,,,
fields_2010 — EHI_emek_d_points,423.0,2.0,,,,,,,,
fields_2010 — EHI_emek_d_points,424.0,2.0,,,,,,,,
fields_2010 — EHI_emek_d_points,425.0,2.0,,,,,,,,
fields_2010 — EHI_emek_d_points,426.0,1.0,,,,,,,,
fields_2010 — EHI_emek_d_points,427.0,1.0,,,,,,,,
fields_2010 — EHI_emek_d_points,428.0,2.0,,,,,,,,
fields_2010 — EHI_emek_d_points,429.0,2.0,,,,,,,,
fields_2010 — EHI_emek_d_points,430.0,3.0,,,,,,,,
fields_2010 — EHI_emek_d_points,431.0,2.0,,,,,,,,
fields_2010 — EHI_emek_d_points,432.0,2.0,,,,,,,,
fields_2010 — EHI_emek_d_points,433.0,3.0,,,,,,,,
fields_2010 — EHI_emek_d_points,434.0,3.0,,,,,,,,
fields_2010 — EHI_emek_d_points,435.0,3.0,,,,,,,,
fields_2010 — EHI_emek_d_points,436.0,3.0,,,,,,,,
fields_2010 — EHI_emek_d_points,437.0,3.0,,,,,,,,
fields_2010 — EHI_emek_d_points,438.0,2.0,,,,,,,,
fields_2010 — EHI_emek_d_points,439.0,3.0,,,,,,,,
fields_2010 — EHI_emek_d_points,440.0,2.0,,,,,,,,
fields_2010 — EHI_emek_d_points,441.0,1.0,,,,,,,,
fields_2010 — EHI_emek_d_points,442.0,2.0,,,,,,,,
fields_2010 — EHI_emek_d_points,443.0,0.0,,,,,,,,
fields_2010 — EHI_emek_d_points,444.0,2.0,,,,,,,,
fields_2010 — EHI_emek_d_points,445.0,1.0,,,,,,,,
fields_2010 — EHI_emek_d_points,446.0,1.0,,,,,,,,
fields_2010 — EHI_emek_d_points,447.0,1.0,,,,,,,,
fields_2010 — EHI_emek_d_points,448.0,1.0,,,,,,,,
fields_2010 — EHI_emek_d_points,449.0,1.0,,,,,,,,
fields_2010 — EHI_emek_d_points,450.0,1.0,,,,,,,,
fields_2010 — EHI_emek_d_points,451.0,2.0,,,,,,,,
fields_2010 — EHI_emek_d_points,452.0,2.0,,,,,,,,
fields_2010 — EHI_emek_d_points,453.0,2.0,,,,,,,,
fields_2010 — EHI_emek_d_points,454.0,3.0,,,,,,,,
fields_2010 — EHI_emek_d_points,455.0,3.0,,,,,,,,
fields_2010 — EHI_emek_d_points,456.0,2.0,,,,,,,,
fields_2010 — EHI_emek_d_points,457.0,1.0,,,,,,,,
fields_2010 — EHI_emek_d_points,458.0,1.0,,,,,,,,
fields_2010 — EHI_emek_d_points,459.0,1.0,,,,,,,,
fields_2010 — EHI_emek_d_points,460.0,1.0,,,,,,,,
fields_2010 — EHI_emek_d_points,461.0,1.0,,,,,,,,
fields_2010 — EHI_emek_d_points,462.0,1.0,,,,,,,,
fields_2010 — EHI_emek_d_points,463.0,1.0,,,,,,,,
fields_2010 — EHI_emek_d_points,464.0,1.0,,,,,,,,
fields_2010 — EHI_emek_d_points,465.0,2.0,,,,,,,,
fields_2010 — EHI_emek_d_points,466.0,3.0,,,,,,,,
fields_2010 — EHI_emek_d_points,467.0,2.0,,,,,,,,
fields_2010 — EHI_emek_d_points,468.0,2.0,,,,,,,,
fields_2010 — EHI_emek_d_points,469.0,2.0,,,,,,,,
fields_2010 — EHI_emek_d_points,470.0,2.0,,,,,,,,
fields_2010 — EHI_emek_d_points,471.0,2.0,,,,,,,,
fields_2010 — EHI_emek_d_points,472.0,1.0,,,,,,,,
fields_2010 — EHI_emek_d_points,473.0,2.0,,,,,,,,
fields_2010 — EHI_emek_d_points,474.0,1.0,,,,,,,,
fields_2010 — EHI_emek_d_points,475.0,1.0,,,,,,,,
fields_2010 — EHI_emek_d_points,476.0,0.0,,,,,,,,
fields_2010 — EHI_emek_d_points,477.0,0.0,,,,,,,,
fields_2010 — EHI_emek_d_points,478.0,1.0,,,,,,,,
fields_2010 — EHI_emek_d_points,479.0,1.0,,,,,,,,
fields_2010 — EHI_emek_d_points,480.0,2.0,,,,,,,,
fields_2010 — EHI_emek_d_points,481.0,1.0,,,,,,,,
fields_2010 — EHI_emek_d_points,482.0,1.0,,,,,,,,
fields_2010 — EHI_emek_d_points,483.0,1.0,,,,,,,,
fields_2010 — EHI_emek_d_points,484.0,2.0,,,,,,,,
fields_2010 — EHI_emek_d_points,485.0,3.0,,,,,,,,
fields_2010 — EHI_emek_d_points,486.0,3.0,,,,,,,,
fields_2010 — EHI_emek_d_points,487.0,3.0,,,,,,,,
fields_2010 — EHI_emek_d_points,488.0,2.0,,,,,,,,
fields_2010 — EHI_emek_d_points,489.0,3.0,,,,,,,,
fields_2010 — EHI_emek_d_points,490.0,3.0,,,,,,,,
fields_2010 — EHI_emek_d_points,491.0,3.0,,,,,,,,
fields_2010 — EHI_emek_d_points,492.0,3.0,,,,,,,,
fields_2010 — EHI_emek_d_points,493.0,3.0,,,,,,,,
fields_2010 — EHI_emek_d_points,494.0,3.0,,,,,,,,
fields_2010 — EHI_emek_d_points,495.0,2.0,,,,,,,,
fields_2010 — EHI_emek_d_points,496.0,2.0,,,,,,,,
fields_2010 — EHI_emek_d_points,497.0,2.0,,,,,,,,
fields_2010 — EHI_emek_d_points,498.0,2.0,,,,,,,,
fields_2010 — EHI_emek_d_points,499.0,2.0,,,,,,,,
fields_2010 — EHI_emek_d_points,500.0,2.0,,,,,,,,
fields_2010 — EHI_emek_d_points,501.0,2.0,,,,,,,,
fields_2010 — EHI_emek_d_points,502.0,2.0,,,,,,,,
fields_2010 — EHI_emek_d_points,503.0,2.0,,,,,,,,
fields_2010 — EHI_emek_d_points,504.0,2.0,,,,,,,,
fields_2010 — EHI_emek_d_points,505.0,3.0,,,,,,,,
fields_2010 — EHI_emek_d_points,506.0,3.0,,,,,,,,
fields_2010 — EHI_emek_d_points,507.0,3.0,,,,,,,,
fields_2010 — EHI_emek_d_points,508.0,3.0,,,,,,,,
fields_2010 — EHI_emek_d_points,509.0,3.0,,,,,,,,
fields_2010 — EHI_emek_d_points,510.0,0.0,,,,,,,,
fields_2010 — EHI_emek_d_points,511.0,1.0,,,,,,,,
fields_2010 — EHI_emek_d_points,512.0,1.0,,,,,,,,
fields_2010 — EHI_emek_d_points,513.0,1.0,,,,,,,,
fields_2010 — EHI_emek_d_points,514.0,3.0,,,,,,,,
fields_2010 — EHI_emek_d_points,515.0,3.0,,,,,,,,
fields_2010 — EHI_emek_d_points,516.0,3.0,,,,,,,,
fields_2010 — EHI_emek_d_points,517.0,3.0,,,,,,,,
fields_2010 — EHI_emek_d_points,518.0,3.0,,,,,,,,
fields_2010 — EHI_emek_d_points,519.0,3.0,,,,,,,,
fields_2010 — EHI_emek_d_points,520.0,2.0,,,,,,,,
fields_2010 — EHI_emek_d_points,521.0,2.0,,,,,,,,
fields_2010 — EHI_emek_d_points,522.0,3.0,,,,,,,,
fields_2010 — EHI_emek_d_points,523.0,3.0,,,,,,,,
fields_2010 — EHI_emek_d_points,524.0,3.0,,,,,,,,
fields_2010 — EHI_emek_d_points,525.0,3.0,,,,,,,,
fields_2010 — EHI_emek_d_points,526.0,3.0,,,,,,,,
fields_2010 — EHI_emek_d_points,527.0,3.0,,,,,,,,
fields_2010 — EHI_emek_d_points,528.0,3.0,,,,,,,,
fields_2010 — EHI_emek_d_points,529.0,3.0,,,,,,,,
fields_2010 — EHI_emek_d_points,530.0,3.0,,,,,,,,
fields_2010 — EHI_emek_d_points,531.0,1.0,,,,,,,,
fields_2010 — EHI_emek_d_points,532.0,1.0,,,,,,,,
fields_2010 — EHI_emek_d_points,533.0,3.0,,,,,,,,
fields_2010 — EHI_emek_d_points,534.0,3.0,,,,,,,,
fields_2010 — EHI_emek_d_points,535.0,3.0,,,,,,,,
fields_2010 — EHI_emek_d_points,536.0,3.0,,,,,,,,
fields_2010 — EHI_emek_d_points,537.0,3.0,,,,,,,,
fields_2010 — EHI_emek_d_points,538.0,3.0,,,,,,,,
fields_2010 — EHI_emek_d_points,539.0,3.0,,,,,,,,
fields_2010 — EHI_emek_d_points,540.0,3.0,,,,,,,,
fields_2010 — EHI_emek_d_points,541.0,3.0,,,,,,,,
fields_2010 — EHI_emek_d_points,542.0,3.0,,,,,,,,
fields_2010 — EHI_emek_d_points,543.0,3.0,,,,,,,,
fields_2010 — EHI_emek_d_points,544.0,3.0,,,,,,,,
fields_2010 — EHI_emek_d_points,545.0,3.0,,,,,,,,
fields_2010 — EHI_emek_d_points,546.0,3.0,,,,,,,,
fields_2010 — EHI_emek_d_points,547.0,3.0,,,,,,,,
fields_2010 — EHI_emek_d_points,548.0,3.0,,,,,,,,
fields_2010 — EHI_emek_d_points,549.0,3.0,,,,,,,,
fields_2010 — EHI_emek_d_points,550.0,3.0,,,,,,,,
fields_2010 — EHI_emek_d_points,551.0,3.0,,,,,,,,
fields_2010 — EHI_emek_d_points,552.0,3.0,,,,,,,,
fields_2010 — EHI_emek_d_points,553.0,3.0,,,,,,,,
fields_2010 — EHI_emek_d_points,554.0,3.0,,,,,,,,
fields_2010 — EHI_emek_d_points,555.0,3.0,,,,,,,,
fields_2010 — EHI_emek_d_points,556.0,3.0,,,,,,,,
fields_2010 — EHI_emek_d_points,557.0,3.0,,,,,,,,
fields_2010 — EHI_emek_d_points,558.0,3.0,,,,,,,,
fields_2010 — EHI_emek_d_points,559.0,3.0,,,,,,,,
fields_2010 — EHI_emek_d_points,560.0,3.0,,,,,,,,
fields_2010 — EHI_emek_d_points,561.0,3.0,,,,,,,,
fields_2010 — EHI_emek_d_points,562.0,2.0,,,,,,,,
fields_2010 — EHI_emek_d_points,563.0,3.0,,,,,,,,
fields_2010 — EHI_emek_d_points,564.0,3.0,,,,,,,,
fields_2010 — EHI_emek_d_points,565.0,2.0,,,,,,,,
fields_2010 — EHI_emek_d_points,566.0,2.0,,,,,,,,
fields_2010 — EHI_emek_d_points,567.0,3.0,,,,,,,,
fields_2010 — EHI_emek_d_points,568.0,3.0,,,,,,,,
fields_2010 — EHI_emek_d_points,569.0,3.0,,,,,,,,
fields_2010 — EHI_emek_d_points,570.0,3.0,,,,,,,,
fields_2010 — EHI_emek_d_points,571.0,3.0,,,,,,,,
fields_2010 — EHI_emek_d_points,572.0,3.0,,,,,,,,
fields_2010 — EHI_emek_d_points,573.0,2.0,,,,,,,,
fields_2010 — EHI_emek_d_points,574.0,3.0,,,,,,,,
fields_2010 — EHI_emek_d_points,575.0,3.0,,,,,,,,
fields_2010 — EHI_emek_d_points,576.0,3.0,,,,,,,,
fields_2010 — EHI_emek_d_points,577.0,3.0,,,,,,,,
fields_2010 — EHI_emek_d_points,578.0,3.0,,,,,,,,
fields_2010 — EHI_emek_d_points,579.0,3.0,,,,,,,,
fields_2010 — EHI_emek_d_points,580.0,3.0,,,,,,,,
fields_2010 — EHI_emek_d_points,581.0,3.0,,,,,,,,
fields_2010 — EHI_emek_d_points,582.0,3.0,,,,,,,,
fields_2010 — EHI_emek_d_points,583.0,3.0,,,,,,,,
fields_2010 — EHI_emek_d_points,584.0,2.0,,,,,,,,
fields_2010 — EHI_emek_d_points,585.0,3.0,,,,,,,,
fields_2010 — EHI_emek_d_points,586.0,2.0,,,,,,,,
fields_2010 — EHI_emek_d_points,587.0,1.0,,,,,,,,
fields_2010 — EHI_emek_d_points,588.0,1.0,,,,,,,,
fields_2010 — EHI_emek_d_points,589.0,1.0,,,,,,,,
fields_2010 — EHI_emek_d_points,590.0,1.0,,,,,,,,
fields_2010 — EHI_emek_d_points,591.0,2.0,,,,,,,,
fields_2010 — EHI_emek_d_points,592.0,2.0,,,,,,,,
fields_2010 — EHI_emek_d_points,593.0,1.0,,,,,,,,
fields_2010 — EHI_emek_d_points,594.0,2.0,,,,,,,,
fields_2010 — EHI_emek_d_points,595.0,2.0,,,,,,,,
fields_2010 — EHI_emek_d_points,596.0,2.0,,,,,,,,
fields_2010 — EHI_emek_d_points,597.0,1.0,,,,,,,,
fields_2010 — EHI_emek_d_points,598.0,2.0,,,,,,,,
fields_2010 — EHI_emek_d_points,599.0,1.0,,,,,,,,
fields_2010 — EHI_emek_d_points,600.0,1.0,,,,,,,,
fields_2010 — EHI_emek_d_points,601.0,2.0,,,,,,,,
fields_2010 — EHI_emek_d_points,602.0,2.0,,,,,,,,
fields_2010 — EHI_emek_d_points,603.0,1.0,,,,,,,,
fields_2010 — EHI_emek_d_points,604.0,2.0,,,,,,,,
fields_2010 — EHI_emek_d_points,605.0,1.0,,,,,,,,
fields_2010 — EHI_emek_d_points,606.0,2.0,,,,,,,,
fields_2010 — EHI_emek_d_points,607.0,1.0,,,,,,,,
fields_2010 — EHI_emek_d_points,608.0,1.0,,,,,,,,
fields_2010 — EHI_emek_d_points,609.0,2.0,,,,,,,,
fields_2010 — EHI_emek_d_points,610.0,2.0,,,,,,,,
fields_2010 — EHI_emek_d_points,611.0,2.0,,,,,,,,
fields_2010 — EHI_emek_d_points,612.0,2.0,,,,,,,,
fields_2010 — EHI_emek_d_points,613.0,2.0,,,,,,,,
fields_2010 — EHI_emek_d_points,614.0,2.0,,,,,,,,
fields_2010 — EHI_emek_d_points,615.0,2.0,,,,,,,,
fields_2010 — EHI_emek_d_points,616.0,2.0,,,,,,,,
fields_2010 — EHI_emek_d_points,617.0,1.0,,,,,,,,
fields_2010 — EHI_emek_d_points,618.0,1.0,,,,,,,,
fields_2010 — EHI_emek_d_points,619.0,1.0,,,,,,,,
fields_2010 — EHI_emek_d_points,620.0,0.0,,,,,,,,
fields_2010 — EHI_emek_d_points,621.0,0.0,,,,,,,,
fields_2010 — EHI_emek_d_points,622.0,0.0,,,,,,,,
fields_2010 — EHI_emek_d_points,623.0,1.0,,,,,,,,
fields_2010 — EHI_emek_d_points,624.0,1.0,,,,,,,,
fields_2010 — EHI_emek_d_points,625.0,1.0,,,,,,,,
fields_2010 — EHI_emek_d_points,626.0,1.0,,,,,,,,
fields_2010 — EHI_emek_d_points,627.0,1.0,,,,,,,,
fields_2010 — EHI_emek_d_points,628.0,1.0,,,,,,,,
fields_2010 — EHI_emek_d_points,629.0,2.0,,,,,,,,
fields_2010 — EHI_emek_d_points,630.0,2.0,,,,,,,,
fields_2010 — EHI_emek_d_points,631.0,2.0,,,,,,,,
fields_2010 — EHI_emek_d_points,632.0,1.0,,,,,,,,
fields_2010 — EHI_emek_d_points,633.0,1.0,,,,,,,,
fields_2010 — EHI_emek_d_points,634.0,1.0,,,,,,,,
fields_2010 — EHI_emek_d_points,635.0,1.0,,,,,,,,
fields_2010 — EHI_emek_d_points,636.0,1.0,,,,,,,,
fields_2010 — EHI_emek_d_points,637.0,1.0,,,,,,,,
fields_2010 — EHI_emek_d_points,638.0,1.0,,,,,,,,
fields_2010 — EHI_emek_d_points,639.0,1.0,,,,,,,,
fields_2010 — EHI_emek_d_points,640.0,1.0,,,,,,,,
fields_2010 — EHI_emek_d_points,641.0,1.0,,,,,,,,
fields_2010 — EHI_emek_d_points,642.0,2.0,,,,,,,,
fields_2010 — EHI_emek_d_points,643.0,2.0,,,,,,,,
fields_2010 — EHI_emek_d_points,644.0,1.0,,,,,,,,
fields_2010 — EHI_emek_d_points,645.0,2.0,,,,,,,,
fields_2010 — EHI_emek_d_points,646.0,1.0,,,,,,,,
fields_2010 — EHI_emek_d_points,647.0,1.0,,,,,,,,
fields_2010 — EHI_emek_d_points,648.0,1.0,,,,,,,,
fields_2010 — EHI_emek_d_points,649.0,0.0,,,,,,,,
fields_2010 — EHI_emek_d_points,650.0,1.0,,,,,,,,
fields_2010 — EHI_emek_d_points,651.0,1.0,,,,,,,,
fields_2010 — EHI_emek_d_points,652.0,1.0,,,,,,,,
fields_2010 — EHI_emek_d_points,653.0,1.0,,,,,,,,
fields_2010 — EHI_emek_d_points,654.0,1.0,,,,,,,,
fields_2010 — EHI_emek_d_points,655.0,1.0,,,,,,,,
fields_2010 — EHI_emek_d_points,656.0,2.0,,,,,,,,
fields_2010 — EHI_emek_d_points,657.0,2.0,,,,,,,,
fields_2010 — EHI_emek_d_points,658.0,2.0,,,,,,,,
fields_2010 — EHI_emek_d_points,659.0,2.0,,,,,,,,
fields_2010 — EHI_emek_d_points,660.0,2.0,,,,,,,,
fields_2010 — EHI_emek_d_points,661.0,2.0,,,,,,,,
fields_2010 — EHI_emek_d_points,662.0,1.0,,,,,,,,
fields_2010 — EHI_emek_d_points,663.0,2.0,,,,,,,,
fields_2010 — EHI_emek_d_points,664.0,2.0,,,,,,,,
fields_2010 — EHI_emek_d_points,665.0,2.0,,,,,,,,
fields_2010 — EHI_emek_d_points,666.0,2.0,,,,,,,,
fields_2010 — EHI_emek_d_points,667.0,2.0,,,,,,,,
fields_2010 — EHI_emek_d_points,668.0,3.0,,,,,,,,
fields_2010 — EHI_emek_d_points,669.0,2.0,,,,,,,,
fields_2010 — EHI_emek_d_points,670.0,2.0,,,,,,,,
fields_2010 — EHI_emek_d_points,671.0,1.0,,,,,,,,
fields_2010 — EHI_emek_d_points,672.0,1.0,,,,,,,,
fields_2010 — EHI_emek_d_points,673.0,2.0,,,,,,,,
fields_2010 — EHI_emek_d_points,674.0,3.0,,,,,,,,
fields_2010 — EHI_emek_d_points,675.0,2.0,,,,,,,,
fields_2010 — EHI_emek_d_points,676.0,1.0,,,,,,,,
fields_2010 — EHI_emek_d_points,677.0,2.0,,,,,,,,
fields_2010 — EHI_emek_d_points,678.0,2.0,,,,,,,,
fields_2010 — EHI_emek_d_points,679.0,2.0,,,,,,,,
fields_2010 — EHI_emek_d_points,680.0,2.0,,,,,,,,
fields_2010 — EHI_emek_d_points,681.0,3.0,,,,,,,,
fields_2010 — EHI_emek_d_points,682.0,3.0,,,,,,,,
fields_2010 — EHI_emek_d_points,683.0,3.0,,,,,,,,
fields_2010 — EHI_emek_d_points,684.0,2.0,,,,,,,,
fields_2010 — EHI_emek_d_points,685.0,1.0,,,,,,,,
fields_2010 — EHI_emek_d_points,686.0,3.0,,,,,,,,
fields_2010 — EHI_emek_d_points,687.0,2.0,,,,,,,,
fields_2010 — EHI_emek_d_points,688.0,3.0,,,,,,,,
fields_2010 — EHI_emek_d_points,689.0,3.0,,,,,,,,
fields_2010 — EHI_emek_d_points,690.0,3.0,,,,,,,,
fields_2010 — EHI_emek_d_points,691.0,3.0,,,,,,,,
fields_2010 — EHI_emek_d_points,692.0,3.0,,,,,,,,
fields_2010 — EHI_emek_d_points,693.0,3.0,,,,,,,,
fields_2010 — EHI_emek_d_points,694.0,3.0,,,,,,,,
fields_2010 — EHI_emek_d_points,695.0,3.0,,,,,,,,
fields_2010 — EHI_emek_d_points,696.0,3.0,,,,,,,,
fields_2010 — EHI_emek_d_points,697.0,3.0,,,,,,,,
fields_2010 — EHI_emek_d_points,698.0,3.0,,,,,,,,
fields_2010 — EHI_emek_d_points,699.0,3.0,,,,,,,,
fields_2010 — EHI_emek_d_points,700.0,3.0,,,,,,,,
fields_2010 — EHI_emek_d_points,701.0,3.0,,,,,,,,
fields_2010 — EHI_emek_d_points,702.0,3.0,,,,,,,,
fields_2010 — EHI_emek_d_points,703.0,3.0,,,,,,,,
fields_2010 — EHI_emek_d_points,704.0,3.0,,,,,,,,
fields_2010 — EHI_emek_d_points,705.0,3.0,,,,,,,,
fields_2010 — EHI_emek_d_points,706.0,1.0,,,,,,,,
fields_2010 — EHI_emek_d_points,707.0,0.0,,,,,,,,
fields_2010 — EHI_emek_d_points,708.0,2.0,,,,,,,,
fields_2010 — EHI_emek_d_points,709.0,3.0,,,,,,,,
fields_2010 — EHI_emek_d_points,710.0,3.0,,,,,,,,
fields_2010 — EHI_emek_d_points,711.0,3.0,,,,,,,,
fields_2010 — EHI_emek_d_points,712.0,3.0,,,,,,,,
fields_2010 — EHI_emek_d_points,713.0,3.0,,,,,,,,
fields_2010 — EHI_emek_d_points,714.0,3.0,,,,,,,,
fields_2010 — EHI_emek_d_points,715.0,3.0,,,,,,,,
fields_2010 — EHI_emek_d_points,716.0,3.0,,,,,,,,
fields_2010 — EHI_emek_d_points,717.0,3.0,,,,,,,,
fields_2010 — EHI_emek_d_points,718.0,3.0,,,,,,,,
fields_2010 — EHI_emek_d_points,719.0,3.0,,,,,,,,
fields_2010 — EHI_emek_d_points,720.0,2.0,,,,,,,,
fields_2010 — EHI_emek_d_points,721.0,3.0,,,,,,,,
fields_2010 — EHI_emek_d_points,722.0,3.0,,,,,,,,
fields_2010 — EHI_emek_d_points,723.0,3.0,,,,,,,,
fields_2010 — EHI_emek_d_points,724.0,2.0,,,,,,,,
fields_2010 — EHI_emek_d_points,725.0,2.0,,,,,,,,
fields_2010 — EHI_emek_d_points,726.0,2.0,,,,,,,,
fields_2010 — EHI_emek_d_points,727.0,3.0,,,,,,,,
fields_2010 — EHI_emek_d_points,728.0,3.0,,,,,,,,
fields_2010 — EHI_emek_d_points,729.0,2.0,,,,,,,,
fields_2010 — EHI_emek_d_points,730.0,3.0,,,,,,,,
fields_2010 — EHI_emek_d_points,731.0,2.0,,,,,,,,
fields_2010 — EHI_emek_d_points,732.0,2.0,,,,,,,,
fields_2010 — EHI_emek_d_points,733.0,3.0,,,,,,,,
fields_2010 — EHI_emek_d_points,734.0,2.0,,,,,,,,
fields_2010 — EHI_emek_d_points,735.0,1.0,,,,,,,,
fields_2010 — EHI_emek_d_points,736.0,1.0,,,,,,,,
fields_2010 — EHI_emek_d_points,737.0,1.0,,,,,,,,
fields_2010 — EHI_emek_d_points,738.0,1.0,,,,,,,,
fields_2010 — EHI_emek_d_points,739.0,1.0,,,,,,,,
fields_2010 — EHI_emek_d_points,740.0,1.0,,,,,,,,
fields_2010 — EHI_emek_d_points,741.0,1.0,,,,,,,,
fields_2010 — EHI_emek_d_points,742.0,1.0,,,,,,,,
fields_2010 — EHI_emek_d_points,743.0,2.0,,,,,,,,
fields_2010 — EHI_emek_d_points,744.0,1.0,,,,,,,,
fields_2010 — EHI_emek_d_points,745.0,1.0,,,,,,,,
fields_2010 — EHI_emek_d_points,746.0,2.0,,,,,,,,
fields_2010 — EHI_emek_d_points,747.0,1.0,,,,,,,,
fields_2010 — EHI_emek_d_points,748.0,1.0,,,,,,,,
fields_2010 — EHI_emek_d_points,749.0,1.0,,,,,,,,
fields_2010 — EHI_emek_d_points,750.0,1.0,,,,,,,,
fields_2010 — EHI_emek_d_points,751.0,1.0,,,,,,,,
fields_2010 — EHI_emek_d_points,752.0,1.0,,,,,,,,
fields_2010 — EHI_emek_d_points,753.0,2.0,,,,,,,,
fields_2010 — EHI_emek_d_points,754.0,1.0,,,,,,,,
fields_2010 — EHI_emek_d_points,755.0,2.0,,,,,,,,
fields_2010 — EHI_emek_d_points,756.0,1.0,,,,,,,,
fields_2010 — EHI_emek_d_points,757.0,2.0,,,,,,,,
fields_2010 — EHI_emek_d_points,758.0,1.0,,,,,,,,
fields_2010 — EHI_emek_d_points,759.0,1.0,,,,,,,,
fields_2010 — EHI_emek_d_points,760.0,1.0,,,,,,,,
fields_2010 — EHI_emek_d_points,761.0,1.0,,,,,,,,
fields_2010 — EHI_emek_d_points,762.0,1.0,,,,,,,,
fields_2010 — EHI_emek_d_points,763.0,1.0,,,,,,,,
fields_2010 — EHI_emek_d_points,764.0,1.0,,,,,,,,
fields_2010 — EHI_emek_d_points,765.0,1.0,,,,,,,,
fields_2010 — EHI_emek_d_points,766.0,1.0,,,,,,,,
fields_2010 — EHI_emek_d_points,767.0,0.0,,,,,,,,
fields_2010 — EHI_emek_d_points,768.0,0.0,,,,,,,,
fields_2010 — EHI_emek_d_points,769.0,0.0,,,,,,,,
fields_2010 — EHI_emek_d_points,770.0,1.0,,,,,,,,
fields_2010 — EHI_emek_d_points,771.0,1.0,,,,,,,,
fields_2010 — EHI_emek_d_points,772.0,1.0,,,,,,,,
fields_2010 — EHI_emek_d_points,773.0,1.0,,,,,,,,
fields_2010 — EHI_emek_d_points,774.0,1.0,,,,,,,,
fields_2010 — EHI_emek_d_points,775.0,0.0,,,,,,,,
fields_2010 — EHI_emek_d_points,776.0,0.0,,,,,,,,
fields_2010 — EHI_emek_d_points,777.0,0.0,,,,,,,,
fields_2010 — EHI_emek_d_points,778.0,0.0,,,,,,,,
fields_2010 — EHI_emek_d_points,779.0,1.0,,,,,,,,
fields_2010 — EHI_emek_d_points,780.0,1.0,,,,,,,,
fields_2010 — EHI_emek_d_points,781.0,0.0,,,,,,,,
fields_2010 — EHI_emek_d_points,782.0,1.0,,,,,,,,
fields_2010 — EHI_emek_d_points,783.0,2.0,,,,,,,,
fields_2010 — EHI_emek_d_points,784.0,1.0,,,,,,,,
fields_2010 — EHI_emek_d_points,785.0,1.0,,,,,,,,
fields_2010 — EHI_emek_d_points,786.0,0.0,,,,,,,,
fields_2010 — EHI_emek_d_points,787.0,1.0,,,,,,,,
fields_2010 — EHI_emek_d_points,788.0,1.0,,,,,,,,
fields_2010 — EHI_emek_d_points,789.0,0.0,,,,,,,,
fields_2010 — EHI_emek_d_points,790.0,0.0,,,,,,,,
fields_2010 — EHI_emek_d_points,791.0,0.0,,,,,,,,
fields_2010 — EHI_emek_d_points,792.0,0.0,,,,,,,,
fields_2010 — EHI_emek_d_points,793.0,0.0,,,,,,,,
fields_2010 — EHI_emek_d_points,794.0,0.0,,,,,,,,
fields_2010 — EHI_hey_points,1.0,0.0,,,,,,,,
fields_2010 — EHI_hey_points,2.0,1.0,,,,,,,,
fields_2010 — EHI_hey_points,3.0,1.0,,,,,,,,
fields_2010 — EHI_hey_points,4.0,1.0,,,,,,,,
fields_2010 — EHI_hey_points,5.0,0.0,,,,,,,,
fields_2010 — EHI_hey_points,6.0,0.0,,,,,,,,
fields_2010 — EHI_hey_points,7.0,1.0,,,,,,,,
fields_2010 — EHI_hey_points,8.0,1.0,,,,,,,,
fields_2010 — EHI_hey_points,9.0,2.0,,,,,,,,
fields_2010 — EHI_hey_points,10.0,2.0,,,,,,,,
fields_2010 — EHI_hey_points,11.0,1.0,,,,,,,,
fields_2010 — EHI_hey_points,12.0,1.0,,,,,,,,
fields_2010 — EHI_hey_points,13.0,1.0,,,,,,,,
fields_2010 — EHI_hey_points,14.0,0.0,,,,,,,,
fields_2010 — EHI_hey_points,15.0,0.0,,,,,,,,
fields_2010 — EHI_hey_points,16.0,0.0,,,,,,,,
fields_2010 — EHI_hey_points,17.0,0.0,,,,,,,,
fields_2010 — EHI_hey_points,18.0,1.0,,,,,,,,
fields_2010 — EHI_hey_points,19.0,2.0,,,,,,,,
fields_2010 — EHI_hey_points,20.0,2.0,,,,,,,,
fields_2010 — EHI_hey_points,21.0,2.0,,,,,,,,
fields_2010 — EHI_hey_points,22.0,2.0,,,,,,,,
fields_2010 — EHI_hey_points,23.0,1.0,,,,,,,,
fields_2010 — EHI_hey_points,24.0,2.0,,,,,,,,
fields_2010 — EHI_hey_points,25.0,2.0,,,,,,,,
fields_2010 — EHI_hey_points,26.0,2.0,,,,,,,,
fields_2010 — EHI_hey_points,27.0,2.0,,,,,,,,
fields_2010 — EHI_hey_points,28.0,2.0,,,,,,,,
fields_2010 — EHI_hey_points,29.0,1.0,,,,,,,,
fields_2010 — EHI_hey_points,30.0,1.0,,,,,,,,
fields_2010 — EHI_hey_points,31.0,2.0,,,,,,,,
fields_2010 — EHI_hey_points,32.0,2.0,,,,,,,,
fields_2010 — EHI_hey_points,33.0,1.0,,,,,,,,
fields_2010 — EHI_hey_points,34.0,1.0,,,,,,,,
fields_2010 — EHI_hey_points,35.0,1.0,,,,,,,,
fields_2010 — EHI_hey_points,36.0,1.0,,,,,,,,
fields_2010 — EHI_hey_points,37.0,1.0,,,,,,,,
fields_2010 — EHI_hey_points,38.0,1.0,,,,,,,,
fields_2010 — EHI_hey_points,39.0,2.0,,,,,,,,
fields_2010 — EHI_hey_points,40.0,2.0,,,,,,,,
fields_2010 — EHI_hey_points,41.0,2.0,,,,,,,,
fields_2010 — EHI_hey_points,42.0,2.0,,,,,,,,
fields_2010 — EHI_hey_points,43.0,2.0,,,,,,,,
fields_2010 — EHI_hey_points,44.0,2.0,,,,,,,,
fields_2010 — EHI_hey_points,45.0,1.0,,,,,,,,
fields_2010 — EHI_hey_points,46.0,2.0,,,,,,,,
fields_2010 — EHI_hey_points,47.0,1.0,,,,,,,,
fields_2010 — EHI_hey_points,48.0,1.0,,,,,,,,
fields_2010 — EHI_hey_points,49.0,2.0,,,,,,,,
fields_2010 — EHI_hey_points,50.0,2.0,,,,,,,,
fields_2010 — EHI_hey_points,51.0,2.0,,,,,,,,
fields_2010 — EHI_hey_points,52.0,3.0,,,,,,,,
fields_2010 — EHI_hey_points,53.0,2.0,,,,,,,,
fields_2010 — EHI_hey_points,54.0,2.0,,,,,,,,
fields_2010 — EHI_hey_points,55.0,3.0,,,,,,,,
fields_2010 — EHI_hey_points,56.0,3.0,,,,,,,,
fields_2010 — EHI_hey_points,57.0,3.0,,,,,,,,
fields_2010 — EHI_hey_points,58.0,2.0,,,,,,,,
fields_2010 — EHI_hey_points,59.0,3.0,,,,,,,,
fields_2010 — EHI_hey_points,60.0,3.0,,,,,,,,
fields_2010 — EHI_hey_points,61.0,3.0,,,,,,,,
fields_2010 — EHI_hey_points,62.0,3.0,,,,,,,,
fields_2010 — EHI_hey_points,63.0,2.0,,,,,,,,
fields_2010 — EHI_hey_points,64.0,2.0,,,,,,,,
fields_2010 — EHI_hey_points,65.0,3.0,,,,,,,,
fields_2010 — EHI_hey_points,66.0,2.0,,,,,,,,
fields_2010 — EHI_hey_points,67.0,3.0,,,,,,,,
fields_2010 — EHI_hey_points,68.0,2.0,,,,,,,,
fields_2010 — EHI_hey_points,69.0,2.0,,,,,,,,
fields_2010 — EHI_hey_points,70.0,3.0,,,,,,,,
fields_2010 — EHI_hey_points,71.0,2.0,,,,,,,,
fields_2010 — EHI_hey_points,72.0,2.0,,,,,,,,
fields_2010 — EHI_hey_points,73.0,3.0,,,,,,,,
fields_2010 — EHI_hey_points,74.0,3.0,,,,,,,,
fields_2010 — EHI_hey_points,75.0,3.0,,,,,,,,
fields_2010 — EHI_hey_points,76.0,3.0,,,,,,,,
fields_2010 — EHI_hey_points,77.0,3.0,,,,,,,,
fields_2010 — EHI_hey_points,78.0,3.0,,,,,,,,
fields_2010 — EHI_hey_points,79.0,3.0,,,,,,,,
fields_2010 — EHI_hey_points,80.0,3.0,,,,,,,,
fields_2010 — EHI_hey_points,81.0,3.0,,,,,,,,
fields_2010 — EHI_hey_points,82.0,3.0,,,,,,,,
fields_2010 — EHI_hey_points,83.0,3.0,,,,,,,,
fields_2010 — EHI_hey_points,84.0,2.0,,,,,,,,
fields_2010 — EHI_hey_points,85.0,2.0,,,,,,,,
fields_2010 — EHI_hey_points,86.0,2.0,,,,,,,,
fields_2010 — EHI_hey_points,87.0,3.0,,,,,,,,
fields_2010 — EHI_hey_points,88.0,3.0,,,,,,,,
fields_2010 — EHI_hey_points,89.0,3.0,,,,,,,,
fields_2010 — EHI_hey_points,90.0,3.0,,,,,,,,
fields_2010 — EHI_hey_points,91.0,2.0,,,,,,,,
fields_2010 — EHI_hey_points,92.0,2.0,,,,,,,,
fields_2010 — EHI_hey_points,93.0,2.0,,,,,,,,
fields_2010 — EHI_hey_points,94.0,2.0,,,,,,,,
fields_2010 — EHI_hey_points,95.0,2.0,,,,,,,,
fields_2010 — EHI_hey_points,96.0,1.0,,,,,,,,
fields_2010 — EHI_hey_points,97.0,1.0,,,,,,,,
fields_2010 — EHI_hey_points,98.0,1.0,,,,,,,,
fields_2010 — EHI_hey_points,99.0,2.0,,,,,,,,
fields_2010 — EHI_hey_points,100.0,2.0,,,,,,,,
fields_2010 — EHI_hey_points,101.0,2.0,,,,,,,,
fields_2010 — EHI_hey_points,102.0,2.0,,,,,,,,
fields_2010 — EHI_hey_points,103.0,2.0,,,,,,,,
fields_2010 — EHI_hey_points,104.0,3.0,,,,,,,,
fields_2010 — EHI_hey_points,105.0,3.0,,,,,,,,
fields_2010 — EHI_hey_points,106.0,2.0,,,,,,,,
fields_2010 — EHI_hey_points,107.0,2.0,,,,,,,,
fields_2010 — EHI_hey_points,108.0,3.0,,,,,,,,
fields_2010 — EHI_hey_points,109.0,3.0,,,,,,,,
fields_2010 — EHI_hey_points,110.0,3.0,,,,,,,,
fields_2010 — EHI_hey_points,111.0,2.0,,,,,,,,
fields_2010 — EHI_hey_points,112.0,1.0,,,,,,,,
fields_2010 — EHI_hey_points,113.0,1.0,,,,,,,,
fields_2010 — EHI_hey_points,114.0,1.0,,,,,,,,
fields_2010 — EHI_hey_points,115.0,2.0,,,,,,,,
fields_2010 — EHI_hey_points,116.0,2.0,,,,,,,,
fields_2010 — EHI_hey_points,117.0,2.0,,,,,,,,
fields_2010 — EHI_hey_points,118.0,2.0,,,,,,,,
fields_2010 — EHI_hey_points,119.0,2.0,,,,,,,,
fields_2010 — EHI_hey_points,120.0,2.0,,,,,,,,
fields_2010 — EHI_hey_points,121.0,0.0,,,,,,,,
fields_2010 — EHI_hey_points,122.0,3.0,,,,,,,,
fields_2010 — EHI_hey_points,123.0,2.0,,,,,,,,
fields_2010 — EHI_hey_points,124.0,3.0,,,,,,,,
fields_2010 — EHI_hey_points,125.0,3.0,,,,,,,,
fields_2010 — EHI_hey_points,126.0,3.0,,,,,,,,
fields_2010 — EHI_hey_points,127.0,3.0,,,,,,,,
fields_2010 — EHI_hey_points,128.0,3.0,,,,,,,,
fields_2010 — EHI_hey_points,129.0,1.0,,,,,,,,
fields_2010 — EHI_hey_points,130.0,1.0,,,,,,,,
fields_2010 — EHI_hey_points,131.0,3.0,,,,,,,,
fields_2010 — EHI_hey_points,132.0,3.0,,,,,,,,
fields_2010 — EHI_hey_points,133.0,3.0,,,,,,,,
fields_2010 — EHI_hey_points,134.0,3.0,,,,,,,,
fields_2010 — EHI_hey_points,135.0,3.0,,,,,,,,
fields_2010 — EHI_hey_points,136.0,3.0,,,,,,,,
fields_2010 — EHI_hey_points,137.0,3.0,,,,,,,,
fields_2010 — EHI_hey_points,138.0,3.0,,,,,,,,
fields_2010 — EHI_hey_points,139.0,3.0,,,,,,,,
fields_2010 — EHI_hey_points,140.0,3.0,,,,,,,,
fields_2010 — EHI_hey_points,141.0,3.0,,,,,,,,
fields_2010 — EHI_hey_points,142.0,3.0,,,,,,,,
fields_2010 — EHI_hey_points,143.0,3.0,,,,,,,,
fields_2010 — EHI_hey_points,144.0,3.0,,,,,,,,
fields_2010 — EHI_hey_points,145.0,3.0,,,,,,,,
fields_2010 — EHI_hey_points,146.0,3.0,,,,,,,,
fields_2010 — EHI_hey_points,147.0,2.0,,,,,,,,
fields_2010 — EHI_hey_points,148.0,1.0,,,,,,,,
fields_2010 — EHI_hey_points,149.0,2.0,,,,,,,,
fields_2010 — EHI_hey_points,150.0,2.0,,,,,,,,
fields_2010 — EHI_hey_points,151.0,2.0,,,,,,,,
fields_2010 — EHI_hey_points,152.0,3.0,,,,,,,,
fields_2010 — EHI_hey_points,153.0,3.0,,,,,,,,
fields_2010 — EHI_hey_points,154.0,3.0,,,,,,,,
fields_2010 — EHI_hey_points,155.0,3.0,,,,,,,,
fields_2010 — EHI_hey_points,156.0,3.0,,,,,,,,
fields_2010 — EHI_hey_points,157.0,3.0,,,,,,,,
fields_2010 — EHI_hey_points,158.0,3.0,,,,,,,,
fields_2010 — EHI_hey_points,159.0,3.0,,,,,,,,
fields_2010 — EHI_hey_points,160.0,3.0,,,,,,,,
fields_2010 — EHI_hey_points,161.0,2.0,,,,,,,,
fields_2010 — EHI_hey_points,162.0,2.0,,,,,,,,
fields_2010 — EHI_hey_points,163.0,2.0,,,,,,,,
fields_2010 — EHI_hey_points,164.0,3.0,,,,,,,,
fields_2010 — EHI_hey_points,165.0,3.0,,,,,,,,
fields_2010 — EHI_hey_points,166.0,3.0,,,,,,,,
fields_2010 — EHI_hey_points,167.0,2.0,,,,,,,,
fields_2010 — EHI_hey_points,168.0,3.0,,,,,,,,
fields_2010 — EHI_hey_points,169.0,3.0,,,,,,,,
fields_2010 — EHI_hey_points,170.0,3.0,,,,,,,,
fields_2010 — EHI_hey_points,171.0,3.0,,,,,,,,
fields_2010 — EHI_hey_points,172.0,3.0,,,,,,,,
fields_2010 — EHI_hey_points,173.0,3.0,,,,,,,,
fields_2010 — EHI_hey_points,174.0,3.0,,,,,,,,
fields_2010 — EHI_hey_points,175.0,3.0,,,,,,,,
fields_2010 — EHI_hey_points,176.0,3.0,,,,,,,,
fields_2010 — EHI_hey_points,177.0,3.0,,,,,,,,
fields_2010 — EHI_hey_points,178.0,3.0,,,,,,,,
fields_2010 — EHI_hey_points,179.0,3.0,,,,,,,,
fields_2010 — EHI_hey_points,180.0,3.0,,,,,,,,
fields_2010 — EHI_hey_points,181.0,3.0,,,,,,,,
fields_2010 — EHI_hey_points,182.0,2.0,,,,,,,,
fields_2010 — EHI_hey_points,183.0,1.0,,,,,,,,
fields_2010 — EHI_hey_points,184.0,1.0,,,,,,,,
fields_2010 — EHI_hey_points,185.0,2.0,,,,,,,,
fields_2010 — EHI_hey_points,186.0,2.0,,,,,,,,
fields_2010 — EHI_hey_points,187.0,3.0,,,,,,,,
fields_2010 — EHI_hey_points,188.0,3.0,,,,,,,,
fields_2010 — EHI_hey_points,189.0,2.0,,,,,,,,
fields_2010 — EHI_hey_points,190.0,2.0,,,,,,,,
fields_2010 — EHI_hey_points,191.0,3.0,,,,,,,,
fields_2010 — EHI_hey_points,192.0,2.0,,,,,,,,
fields_2010 — EHI_hey_points,193.0,2.0,,,,,,,,
fields_2010 — EHI_hey_points,194.0,3.0,,,,,,,,
fields_2010 — EHI_hey_points,195.0,3.0,,,,,,,,
fields_2010 — EHI_hey_points,196.0,2.0,,,,,,,,
fields_2010 — EHI_hey_points,197.0,2.0,,,,,,,,
fields_2010 — EHI_hey_points,198.0,2.0,,,,,,,,
fields_2010 — EHI_hey_points,199.0,3.0,,,,,,,,
fields_2010 — EHI_hey_points,200.0,3.0,,,,,,,,
fields_2010 — EHI_hey_points,201.0,2.0,,,,,,,,
fields_2010 — EHI_hey_points,202.0,2.0,,,,,,,,
fields_2010 — EHI_hey_points,203.0,2.0,,,,,,,,
fields_2010 — EHI_hey_points,204.0,1.0,,,,,,,,
fields_2010 — EHI_hey_points,205.0,2.0,,,,,,,,
fields_2010 — EHI_hey_points,206.0,2.0,,,,,,,,
fields_2010 — EHI_hey_points,207.0,2.0,,,,,,,,
fields_2010 — EHI_hey_points,208.0,2.0,,,,,,,,
fields_2010 — EHI_hey_points,209.0,2.0,,,,,,,,
fields_2010 — EHI_hey_points,210.0,2.0,,,,,,,,
fields_2010 — EHI_hey_points,211.0,2.0,,,,,,,,
fields_2010 — EHI_hey_points,212.0,2.0,,,,,,,,
fields_2010 — EHI_hey_points,213.0,3.0,,,,,,,,
fields_2010 — EHI_hey_points,214.0,3.0,,,,,,,,
fields_2010 — EHI_hey_points,215.0,3.0,,,,,,,,
fields_2010 — EHI_hey_points,216.0,3.0,,,,,,,,
fields_2010 — EHI_hey_points,217.0,3.0,,,,,,,,
fields_2010 — EHI_hey_points,218.0,3.0,,,,,,,,
fields_2010 — EHI_hey_points,219.0,3.0,,,,,,,,
fields_2010 — EHI_hey_points,220.0,3.0,,,,,,,,
fields_2010 — EHI_hey_points,221.0,3.0,,,,,,,,
fields_2010 — EHI_hey_points,222.0,3.0,,,,,,,,
fields_2010 — EHI_hey_points,223.0,3.0,,,,,,,,
fields_2010 — EHI_hey_points,224.0,3.0,,,,,,,,
fields_2010 — EHI_hey_points,225.0,2.0,,,,,,,,
fields_2010 — EHI_hey_points,226.0,3.0,,,,,,,,
fields_2010 — EHI_hey_points,227.0,3.0,,,,,,,,
fields_2010 — EHI_hey_points,228.0,3.0,,,,,,,,
fields_2010 — EHI_hey_points,229.0,3.0,,,,,,,,
fields_2010 — EHI_hey_points,230.0,3.0,,,,,,,,
fields_2010 — EHI_hey_points,231.0,2.0,,,,,,,,
fields_2010 — EHI_hey_points,232.0,3.0,,,,,,,,
fields_2010 — EHI_hey_points,233.0,3.0,,,,,,,,
fields_2010 — EHI_hey_points,234.0,2.0,,,,,,,,
fields_2010 — EHI_hey_points,235.0,2.0,,,,,,,,
fields_2010 — EHI_hey_points,236.0,2.0,,,,,,,,
fields_2010 — EHI_hey_points,237.0,3.0,,,,,,,,
fields_2010 — EHI_hey_points,238.0,3.0,,,,,,,,
fields_2010 — EHI_hey_points,239.0,3.0,,,,,,,,
fields_2010 — EHI_hey_points,240.0,3.0,,,,,,,,
fields_2010 — EHI_hey_points,241.0,3.0,,,,,,,,
fields_2010 — EHI_hey_points,242.0,3.0,,,,,,,,
fields_2010 — EHI_hey_points,243.0,3.0,,,,,,,,
fields_2010 — EHI_hey_points,244.0,2.0,,,,,,,,
fields_2010 — EHI_hey_points,245.0,2.0,,,,,,,,
fields_2010 — EHI_hey_points,246.0,3.0,,,,,,,,
fields_2010 — EHI_hey_points,247.0,3.0,,,,,,,,
fields_2010 — EHI_hey_points,248.0,3.0,,,,,,,,
fields_2010 — EHI_hey_points,249.0,3.0,,,,,,,,
fields_2010 — EHI_hey_points,250.0,3.0,,,,,,,,
fields_2010 — EHI_hey_points,251.0,3.0,,,,,,,,
fields_2010 — EHI_hey_points,252.0,2.0,,,,,,,,
fields_2010 — EHI_hey_points,253.0,2.0,,,,,,,,
fields_2010 — EHI_hey_points,254.0,3.0,,,,,,,,
fields_2010 — EHI_hey_points,255.0,3.0,,,,,,,,
fields_2010 — EHI_hey_points,256.0,3.0,,,,,,,,
fields_2010 — EHI_hey_points,257.0,3.0,,,,,,,,
fields_2010 — EHI_hey_points,258.0,3.0,,,,,,,,
fields_2010 — EHI_hey_points,259.0,3.0,,,,,,,,
fields_2010 — EHI_hey_points,260.0,3.0,,,,,,,,
fields_2010 — EHI_hey_points,261.0,3.0,,,,,,,,
fields_2010 — EHI_hey_points,262.0,2.0,,,,,,,,
fields_2010 — EHI_hey_points,263.0,2.0,,,,,,,,
fields_2010 — EHI_hey_points,264.0,2.0,,,,,,,,
fields_2010 — EHI_hey_points,265.0,1.0,,,,,,,,
fields_2010 — EHI_hey_points,266.0,2.0,,,,,,,,
fields_2010 — EHI_hey_points,267.0,2.0,,,,,,,,
fields_2010 — EHI_hey_points,268.0,2.0,,,,,,,,
fields_2010 — EHI_hey_points,269.0,2.0,,,,,,,,
fields_2010 — EHI_hey_points,270.0,3.0,,,,,,,,
fields_2010 — EHI_hey_points,271.0,2.0,,,,,,,,
fields_2010 — EHI_hey_points,272.0,3.0,,,,,,,,
fields_2010 — EHI_hey_points,273.0,2.0,,,,,,,,
fields_2010 — EHI_hey_points,274.0,3.0,,,,,,,,
fields_2010 — EHI_hey_points,275.0,3.0,,,,,,,,
fields_2010 — EHI_hey_points,276.0,3.0,,,,,,,,
fields_2010 — EHI_hey_points,277.0,2.0,,,,,,,,
fields_2010 — EHI_hey_points,278.0,3.0,,,,,,,,
fields_2010 — EHI_hey_points,279.0,3.0,,,,,,,,
fields_2010 — EHI_hey_points,280.0,3.0,,,,,,,,
fields_2010 — EHI_hey_points,281.0,2.0,,,,,,,,
fields_2010 — EHI_hey_points,282.0,3.0,,,,,,,,
fields_2010 — EHI_hey_points,283.0,3.0,,,,,,,,
fields_2010 — EHI_hey_points,284.0,3.0,,,,,,,,
fields_2010 — EHI_hey_points,285.0,3.0,,,,,,,,
fields_2010 — EHI_hey_points,286.0,3.0,,,,,,,,
fields_2010 — EHI_hey_points,287.0,3.0,,,,,,,,
fields_2010 — EHI_hey_points,288.0,3.0,,,,,,,,
fields_2010 — EHI_hey_points,289.0,3.0,,,,,,,,
fields_2010 — EHI_hey_points,290.0,3.0,,,,,,,,
fields_2010 — EHI_hey_points,291.0,3.0,,,,,,,,
fields_2010 — EHI_hey_points,292.0,3.0,,,,,,,,
fields_2010 — EHI_hey_points,293.0,3.0,,,,,,,,
fields_2010 — EHI_hey_points,294.0,3.0,,,,,,,,
fields_2010 — EHI_hey_points,295.0,3.0,,,,,,,,
fields_2010 — EHI_hey_points,296.0,3.0,,,,,,,,
fields_2010 — EHI_hey_points,297.0,2.0,,,,,,,,
fields_2010 — EHI_hey_points,298.0,1.0,,,,,,,,
fields_2010 — EHI_hey_points,299.0,2.0,,,,,,,,
fields_2010 — EHI_hey_points,300.0,2.0,,,,,,,,
fields_2010 — EHI_hey_points,301.0,2.0,,,,,,,,
fields_2010 — EHI_hey_points,302.0,3.0,,,,,,,,
fields_2010 — EHI_hey_points,303.0,3.0,,,,,,,,
fields_2010 — EHI_hey_points,304.0,3.0,,,,,,,,
fields_2010 — EHI_hey_points,305.0,2.0,,,,,,,,
fields_2010 — EHI_hey_points,306.0,3.0,,,,,,,,
fields_2010 — EHI_hey_points,307.0,3.0,,,,,,,,
fields_2010 — EHI_hey_points,308.0,2.0,,,,,,,,
fields_2010 — EHI_hey_points,309.0,3.0,,,,,,,,
fields_2010 — EHI_hey_points,310.0,3.0,,,,,,,,
fields_2010 — EHI_hey_points,311.0,2.0,,,,,,,,
fields_2010 — EHI_hey_points,312.0,2.0,,,,,,,,
fields_2010 — EHI_hey_points,313.0,3.0,,,,,,,,
fields_2010 — EHI_hey_points,314.0,3.0,,,,,,,,
fields_2010 — EHI_hey_points,315.0,3.0,,,,,,,,
fields_2010 — EHI_hey_points,316.0,2.0,,,,,,,,
fields_2010 — EHI_hey_points,317.0,1.0,,,,,,,,
fields_2010 — EHI_hey_points,318.0,1.0,,,,,,,,
fields_2010 — EHI_hey_points,319.0,2.0,,,,,,,,
fields_2010 — EHI_hey_points,320.0,2.0,,,,,,,,
fields_2010 — EHI_hey_points,321.0,2.0,,,,,,,,
fields_2010 — EHI_hey_points,322.0,3.0,,,,,,,,
fields_2010 — EHI_hey_points,323.0,3.0,,,,,,,,
fields_2010 — EHI_hey_points,324.0,3.0,,,,,,,,
fields_2010 — EHI_hey_points,325.0,3.0,,,,,,,,
fields_2010 — EHI_hey_points,326.0,2.0,,,,,,,,
fields_2010 — EHI_hey_points,327.0,3.0,,,,,,,,
fields_2010 — EHI_hey_points,328.0,2.0,,,,,,,,
fields_2010 — EHI_hey_points,329.0,2.0,,,,,,,,
fields_2010 — EHI_hey_points,330.0,3.0,,,,,,,,
fields_2010 — EHI_hey_points,331.0,3.0,,,,,,,,
fields_2010 — EHI_hey_points,332.0,2.0,,,,,,,,
fields_2010 — EHI_hey_points,333.0,2.0,,,,,,,,
fields_2010 — EHI_hey_points,334.0,2.0,,,,,,,,
fields_2010 — EHI_hey_points,335.0,1.0,,,,,,,,
fields_2010 — EHI_hey_points,336.0,1.0,,,,,,,,
fields_2010 — EHI_hey_points,337.0,3.0,,,,,,,,
fields_2010 — EHI_hey_points,338.0,3.0,,,,,,,,
fields_2010 — EHI_hey_points,339.0,3.0,,,,,,,,
fields_2010 — EHI_hey_points,340.0,3.0,,,,,,,,
fields_2010 — EHI_hey_points,341.0,3.0,,,,,,,,
fields_2010 — EHI_hey_points,342.0,3.0,,,,,,,,
fields_2010 — EHI_hey_points,343.0,3.0,,,,,,,,
fields_2010 — EHI_hey_points,344.0,3.0,,,,,,,,
fields_2010 — EHI_hey_points,345.0,3.0,,,,,,,,
fields_2010 — EHI_hey_points,346.0,3.0,,,,,,,,
fields_2010 — EHI_hey_points,347.0,1.0,,,,,,,,
fields_2010 — EHI_hey_points,348.0,3.0,,,,,,,,
fields_2010 — EHI_hey_points,349.0,3.0,,,,,,,,
fields_2010 — EHI_hey_points,350.0,3.0,,,,,,,,
fields_2010 — EHI_hey_points,351.0,3.0,,,,,,,,
fields_2010 — EHI_hey_points,352.0,3.0,,,,,,,,
fields_2010 — EHI_hey_points,353.0,3.0,,,,,,,,
fields_2010 — EHI_hey_points,354.0,3.0,,,,,,,,
fields_2010 — EHI_hey_points,355.0,2.0,,,,,,,,
fields_2010 — EHI_hey_points,356.0,2.0,,,,,,,,
fields_2010 — EHI_hey_points,357.0,2.0,,,,,,,,
fields_2010 — EHI_hey_points,358.0,1.0,,,,,,,,
fields_2010 — EHI_hey_points,359.0,2.0,,,,,,,,
fields_2010 — EHI_hey_points,360.0,2.0,,,,,,,,
fields_2010 — EHI_hey_points,361.0,1.0,,,,,,,,
fields_2010 — EHI_hey_points,362.0,1.0,,,,,,,,
fields_2010 — EHI_hey_points,363.0,2.0,,,,,,,,
fields_2010 — EHI_hey_points,364.0,2.0,,,,,,,,
fields_2010 — EHI_hey_points,365.0,2.0,,,,,,,,
fields_2010 — EHI_hey_points,366.0,2.0,,,,,,,,
fields_2010 — EHI_hey_points,367.0,2.0,,,,,,,,
fields_2010 — EHI_hey_points,368.0,1.0,,,,,,,,
fields_2010 — EHI_hey_points,369.0,1.0,,,,,,,,
fields_2010 — EHI_hey_points,370.0,2.0,,,,,,,,
fields_2010 — EHI_hey_points,371.0,2.0,,,,,,,,
fields_2010 — EHI_hey_points,372.0,2.0,,,,,,,,
fields_2010 — EHI_hey_points,373.0,2.0,,,,,,,,
fields_2010 — EHI_hey_points,374.0,1.0,,,,,,,,
fields_2010 — EHI_hey_points,375.0,2.0,,,,,,,,
fields_2010 — EHI_hey_points,376.0,2.0,,,,,,,,
fields_2010 — EHI_hey_points,377.0,2.0,,,,,,,,
fields_2010 — EHI_hey_points,378.0,2.0,,,,,,,,
fields_2010 — EHI_hey_points,379.0,3.0,,,,,,,,
fields_2010 — EHI_hey_points,380.0,2.0,,,,,,,,
fields_2010 — EHI_hey_points,381.0,2.0,,,,,,,,
fields_2010 — EHI_hey_points,382.0,3.0,,,,,,,,
fields_2010 — EHI_hey_points,383.0,2.0,,,,,,,,
fields_2010 — EHI_hey_points,384.0,2.0,,,,,,,,
fields_2010 — EHI_hey_points,385.0,0.0,,,,,,,,
fields_2010 — EHI_hey_points,386.0,2.0,,,,,,,,
fields_2010 — EHI_hey_points,387.0,2.0,,,,,,,,
fields_2010 — EHI_hey_points,388.0,1.0,,,,,,,,
fields_2010 — EHI_hey_points,389.0,1.0,,,,,,,,
fields_2010 — EHI_hey_points,390.0,1.0,,,,,,,,
fields_2010 — EHI_hey_points,391.0,1.0,,,,,,,,
fields_2010 — EHI_hey_points,392.0,1.0,,,,,,,,
fields_2010 — EHI_hey_points,393.0,1.0,,,,,,,,
fields_2010 — EHI_hey_points,394.0,2.0,,,,,,,,
fields_2010 — EHI_hey_points,395.0,2.0,,,,,,,,
fields_2010 — EHI_hey_points,396.0,3.0,,,,,,,,
fields_2010 — EHI_hey_points,397.0,3.0,,,,,,,,
fields_2010 — EHI_hey_points,398.0,3.0,,,,,,,,
fields_2010 — EHI_hey_points,399.0,3.0,,,,,,,,
fields_2010 — EHI_hey_points,400.0,3.0,,,,,,,,
fields_2010 — EHI_hey_points,401.0,2.0,,,,,,,,
fields_2010 — EHI_hey_points,402.0,2.0,,,,,,,,
fields_2010 — EHI_hey_points,403.0,3.0,,,,,,,,
fields_2010 — EHI_hey_points,404.0,2.0,,,,,,,,
fields_2010 — EHI_hey_points,405.0,2.0,,,,,,,,
fields_2010 — EHI_hey_points,406.0,2.0,,,,,,,,
fields_2010 — EHI_hey_points,407.0,2.0,,,,,,,,
fields_2010 — EHI_hey_points,408.0,3.0,,,,,,,,
fields_2010 — EHI_hey_points,409.0,3.0,,,,,,,,
fields_2010 — EHI_hey_points,410.0,3.0,,,,,,,,
fields_2010 — EHI_hey_points,411.0,3.0,,,,,,,,
fields_2010 — EHI_hey_points,412.0,3.0,,,,,,,,
fields_2010 — EHI_hey_points,413.0,3.0,,,,,,,,
fields_2010 — EHI_hey_points,414.0,2.0,,,,,,,,
fields_2010 — EHI_hey_points,415.0,3.0,,,,,,,,
fields_2010 — EHI_hey_points,416.0,3.0,,,,,,,,
fields_2010 — EHI_hey_points,417.0,3.0,,,,,,,,
fields_2010 — EHI_hey_points,418.0,3.0,,,,,,,,
fields_2010 — EHI_hey_points,419.0,3.0,,,,,,,,
fields_2010 — EHI_hey_points,420.0,3.0,,,,,,,,
fields_2010 — EHI_hey_points,421.0,3.0,,,,,,,,
fields_2010 — EHI_hey_points,422.0,2.0,,,,,,,,
fields_2010 — EHI_hey_points,423.0,2.0,,,,,,,,
fields_2010 — EHI_hey_points,424.0,3.0,,,,,,,,
fields_2010 — EHI_hey_points,425.0,3.0,,,,,,,,
fields_2010 — EHI_hey_points,426.0,3.0,,,,,,,,
fields_2010 — EHI_hey_points,427.0,3.0,,,,,,,,
fields_2010 — EHI_hey_points,428.0,3.0,,,,,,,,
fields_2010 — EHI_hey_points,429.0,3.0,,,,,,,,
fields_2010 — EHI_hey_points,430.0,3.0,,,,,,,,
fields_2010 — EHI_hey_points,431.0,3.0,,,,,,,,
fields_2010 — EHI_hey_points,432.0,2.0,,,,,,,,
fields_2010 — EHI_hey_points,433.0,2.0,,,,,,,,
fields_2010 — EHI_hey_points,434.0,2.0,,,,,,,,
fields_2010 — EHI_hey_points,435.0,1.0,,,,,,,,
fields_2010 — EHI_hey_points,436.0,1.0,,,,,,,,
fields_2010 — EHI_hey_points,437.0,2.0,,,,,,,,
fields_2010 — EHI_hey_points,438.0,2.0,,,,,,,,
fields_2010 — EHI_hey_points,439.0,2.0,,,,,,,,
fields_2010 — EHI_hey_points,440.0,2.0,,,,,,,,
fields_2010 — EHI_hey_points,441.0,3.0,,,,,,,,
fields_2010 — EHI_hey_points,442.0,3.0,,,,,,,,
fields_2010 — EHI_hey_points,443.0,3.0,,,,,,,,
fields_2010 — EHI_hey_points,444.0,3.0,,,,,,,,
fields_2010 — EHI_hey_points,445.0,3.0,,,,,,,,
fields_2010 — EHI_hey_points,446.0,3.0,,,,,,,,
fields_2010 — EHI_hey_points,447.0,3.0,,,,,,,,
fields_2010 — EHI_hey_points,448.0,3.0,,,,,,,,
fields_2010 — EHI_hey_points,449.0,3.0,,,,,,,,
fields_2010 — EHI_hey_points,450.0,3.0,,,,,,,,
fields_2010 — EHI_hey_points,451.0,3.0,,,,,,,,
fields_2010 — EHI_hey_points,452.0,3.0,,,,,,,,
fields_2010 — EHI_hey_points,453.0,3.0,,,,,,,,
fields_2010 — EHI_hey_points,454.0,3.0,,,,,,,,
fields_2010 — EHI_hey_points,455.0,3.0,,,,,,,,
fields_2010 — EHI_hey_points,456.0,2.0,,,,,,,,
fields_2010 — EHI_hey_points,457.0,2.0,,,,,,,,
fields_2010 — EHI_hey_points,458.0,1.0,,,,,,,,
fields_2010 — EHI_hey_points,459.0,3.0,,,,,,,,
fields_2010 — EHI_hey_points,460.0,3.0,,,,,,,,
fields_2010 — EHI_hey_points,461.0,3.0,,,,,,,,
fields_2010 — EHI_hey_points,462.0,3.0,,,,,,,,
fields_2010 — EHI_hey_points,463.0,3.0,,,,,,,,
fields_2010 — EHI_hey_points,464.0,3.0,,,,,,,,
fields_2010 — EHI_hey_points,465.0,2.0,,,,,,,,
fields_2010 — EHI_hey_points,466.0,2.0,,,,,,,,
fields_2010 — EHI_hey_points,467.0,2.0,,,,,,,,
fields_2010 — EHI_hey_points,468.0,2.0,,,,,,,,
fields_2010 — EHI_hey_points,469.0,2.0,,,,,,,,
fields_2010 — EHI_hey_points,470.0,3.0,,,,,,,,
fields_2010 — EHI_hey_points,471.0,3.0,,,,,,,,
fields_2010 — EHI_hey_points,472.0,2.0,,,,,,,,
fields_2010 — EHI_hey_points,473.0,0.0,,,,,,,,
fields_2010 — EHI_hey_points,474.0,1.0,,,,,,,,
fields_2010 — EHI_hey_points,475.0,2.0,,,,,,,,
fields_2010 — EHI_hey_points,476.0,1.0,,,,,,,,
fields_2010 — EHI_hey_points,477.0,3.0,,,,,,,,
fields_2010 — EHI_hey_points,478.0,2.0,,,,,,,,
fields_2010 — EHI_hey_points,479.0,3.0,,,,,,,,
fields_2010 — EHI_hey_points,480.0,3.0,,,,,,,,
fields_2010 — EHI_hey_points,481.0,2.0,,,,,,,,
fields_2010 — EHI_hey_points,482.0,3.0,,,,,,,,
fields_2010 — EHI_hey_points,483.0,1.0,,,,,,,,
fields_2010 — EHI_hey_points,484.0,1.0,,,,,,,,
fields_2010 — EHI_hey_points,485.0,2.0,,,,,,,,
fields_2010 — EHI_hey_points,486.0,2.0,,,,,,,,
fields_2010 — EHI_hey_points,487.0,2.0,,,,,,,,
fields_2010 — EHI_hey_points,488.0,2.0,,,,,,,,
fields_2010 — EHI_hey_points,489.0,2.0,,,,,,,,
fields_2010 — EHI_hey_points,490.0,3.0,,,,,,,,
fields_2010 — EHI_hey_points,491.0,3.0,,,,,,,,
fields_2010 — EHI_hey_points,492.0,3.0,,,,,,,,
fields_2010 — EHI_hey_points,493.0,2.0,,,,,,,,
fields_2010 — EHI_hey_points,494.0,2.0,,,,,,,,
fields_2010 — EHI_hey_points,495.0,2.0,,,,,,,,
fields_2010 — EHI_hey_points,496.0,2.0,,,,,,,,
fields_2010 — EHI_hey_points,497.0,2.0,,,,,,,,
fields_2010 — EHI_hey_points,498.0,2.0,,,,,,,,
fields_2010 — EHI_hey_points,499.0,2.0,,,,,,,,
fields_2010 — EHI_hey_points,500.0,2.0,,,,,,,,
fields_2010 — EHI_hey_points,501.0,2.0,,,,,,,,
fields_2010 — EHI_hey_points,502.0,1.0,,,,,,,,
fields_2010 — EHI_hey_points,503.0,2.0,,,,,,,,
fields_2010 — EHI_hey_points,504.0,2.0,,,,,,,,
fields_2010 — EHI_hey_points,505.0,2.0,,,,,,,,
fields_2010 — EHI_hey_points,506.0,3.0,,,,,,,,
fields_2010 — EHI_hey_points,507.0,3.0,,,,,,,,
fields_2010 — EHI_hey_points,508.0,3.0,,,,,,,,
fields_2010 — EHI_hey_points,509.0,3.0,,,,,,,,
fields_2010 — EHI_hey_points,510.0,3.0,,,,,,,,
fields_2010 — EHI_hey_points,511.0,3.0,,,,,,,,
fields_2010 — EHI_hey_points,512.0,2.0,,,,,,,,
fields_2010 — EHI_hey_points,513.0,3.0,,,,,,,,
fields_2010 — EHI_hey_points,514.0,3.0,,,,,,,,
fields_2010 — EHI_hey_points,515.0,3.0,,,,,,,,
fields_2010 — EHI_hey_points,516.0,3.0,,,,,,,,
fields_2010 — EHI_hey_points,517.0,3.0,,,,,,,,
fields_2010 — EHI_hey_points,518.0,2.0,,,,,,,,
fields_2010 — EHI_hey_points,519.0,1.0,,,,,,,,
fields_2010 — EHI_hey_points,520.0,1.0,,,,,,,,
fields_2010 — EHI_hey_points,521.0,1.0,,,,,,,,
fields_2010 — EHI_hey_points,522.0,1.0,,,,,,,,
fields_2010 — EHI_hey_points,523.0,1.0,,,,,,,,
fields_2010 — EHI_hey_points,524.0,2.0,,,,,,,,
fields_2010 — EHI_hey_points,525.0,2.0,,,,,,,,
fields_2010 — EHI_hey_points,526.0,3.0,,,,,,,,
fields_2010 — EHI_hey_points,527.0,3.0,,,,,,,,
fields_2010 — EHI_hey_points,528.0,2.0,,,,,,,,
