image,Point_ID,Aleket_cnt,lat,long,date,Days_Before_Sample,ndvi,gndvi,green_red_ratio,ndre,entropy,green,homogeneity,asm
1,1.0,3,32.49274737377064,35.483784374990975,03/05/2011,31,,,,,,,,
1,2.0,3,32.492774176144934,35.483896815126705,03/05/2011,31,,,,,,,,
1,3.0,3,32.492799345142195,35.48401382543258,03/05/2011,31,,,,,,,,
1,4.0,3,32.4928219136803,35.484124231017184,03/05/2011,31,,,,,,,,
1,5.0,3,32.49284439313124,35.48423410438556,03/05/2011,31,,,,,,,,
1,6.0,3,32.49286922407993,35.484340793118776,03/05/2011,31,,,,,,,,
1,7.0,3,32.49289334113139,35.484444074927545,03/05/2011,31,,,,,,,,
1,8.0,3,32.492920163993354,35.48454704597961,03/05/2011,31,,,,,,,,
1,9.0,3,32.492945226334946,35.48467118506563,03/05/2011,31,,,,,,,,
1,10.0,3,32.49297419490586,35.48478235563626,03/05/2011,31,,,,,,,,
1,11.0,2,32.49300207134405,35.484897991656,03/05/2011,31,,,,,,,,
1,12.0,2,32.49302455011654,35.48500786543096,03/05/2011,31,,,,,,,,
1,13.0,2,32.493052453402214,35.48511137214962,03/05/2011,31,,,,,,,,
1,14.0,2,32.49307871592255,35.48522274738339,03/05/2011,31,,,,,,,,
1,15.0,2,32.49310441569274,35.48534380327221,03/05/2011,31,,,,,,,,
1,16.0,2,32.493135078178206,35.48546338506922,03/05/2011,31,,,,,,,,
1,17.0,3,32.492944913984886,35.483716570886,03/05/2011,31,,,,,,,,
1,18.0,3,32.49296843050573,35.48384687615338,03/05/2011,31,,,,,,,,
1,19.0,3,32.4929966526606,35.48396964169783,03/05/2011,31,,,,,,,,
1,20.0,3,32.4930191577813,35.484068024202394,03/05/2011,31,,,,,,,,
1,21.0,3,32.49304486836304,35.48418471735138,03/05/2011,31,,,,,,,,
1,23.0,3,32.49308019727548,35.48431495306241,03/05/2011,31,,,,,,,,
1,24.0,3,32.49310913206777,35.4844414450879,03/05/2011,31,,,,,,,,
1,25.0,3,32.49313989174345,35.484558260506255,03/05/2011,31,,,,,,,,
1,26.0,3,32.49316741314467,35.48467144838282,03/05/2011,31,,,,,,,,
1,27.0,3,32.493194713324,35.48480293634642,03/05/2011,31,,,,,,,,
1,28.0,3,32.49322799584152,35.48492050462281,03/05/2011,31,,,,,,,,
1,29.0,3,32.493256298100626,35.48504731428124,03/05/2011,31,,,,,,,,
1,30.0,3,32.49328657192711,35.48517955651983,03/05/2011,31,,,,,,,,
1,31.0,3,32.49331945492595,35.48531436054521,03/05/2011,31,,,,,,,,
1,32.0,3,32.49334423244287,35.48544456428253,03/05/2011,31,,,,,,,,
1,33.0,3,32.49337212966044,35.48555062507396,03/05/2011,31,,,,,,,,
1,34.0,3,32.493399360622504,35.48567232461092,03/05/2011,31,,,,,,,,
1,35.0,3,32.4934319663867,35.48580989451136,03/05/2011,31,,,,,,,,
1,36.0,3,32.493459905388136,35.48593744839768,03/05/2011,31,,,,,,,,
1,37.0,3,32.49348910429783,35.48606607028619,03/05/2011,31,,,,,,,,
1,38.0,3,32.49351911653672,35.48619384359425,03/05/2011,31,,,,,,,,
1,39.0,2,32.49354524096509,35.486326180054526,03/05/2011,31,,,,,,,,
1,40.0,2,32.49357813536869,35.48645534571933,03/05/2011,31,,,,,,,,
1,41.0,2,32.49360472112085,35.486582895784196,03/05/2011,31,,,,,,,,
1,42.0,3,32.49363358039632,35.48670183462796,03/05/2011,31,,,,,,,,
1,43.0,2,32.49365682114626,35.48683309839025,03/05/2011,31,,,,,,,,
1,44.0,2,32.49367932115169,35.486932759101485,03/05/2011,31,,,,,,,,
1,45.0,2,32.49371724190346,35.48707204889919,03/05/2011,31,,,,,,,,
1,46.0,2,32.4937416009204,35.48718703716302,03/05/2011,31,,,,,,,,
1,47.0,2,32.493772722792045,35.487302046654754,03/05/2011,31,,,,,,,,
1,48.0,2,32.49381504719014,35.48748784741153,03/05/2011,31,,,,,,,,
1,49.0,2,32.49383645885484,35.48759005865299,03/05/2011,31,,,,,,,,
1,50.0,2,32.49386303027745,35.487723461378714,03/05/2011,31,,,,,,,,
1,51.0,2,32.49389466177933,35.48785219843908,03/05/2011,31,,,,,,,,
1,52.0,2,32.49392791553988,35.4879812598795,03/05/2011,31,,,,,,,,
1,53.0,2,32.49395783157466,35.48811084293969,03/05/2011,31,,,,,,,,
1,54.0,2,32.49398631646947,35.48823520797319,03/05/2011,31,,,,,,,,
1,55.0,2,32.49401704931852,35.488362346556976,03/05/2011,31,,,,,,,,
1,56.0,2,32.494042737406204,35.48848723496218,03/05/2011,31,,,,,,,,
1,57.0,2,32.4940749545738,35.48859586469593,03/05/2011,31,,,,,,,,
1,58.0,2,32.49409858215628,35.48871468193696,03/05/2011,31,,,,,,,,
1,59.0,2,32.4941278816139,35.488837453907394,03/05/2011,31,,,,,,,,
1,60.0,2,32.49415573193132,35.48896298780935,03/05/2011,31,,,,,,,,
1,61.0,2,32.49418685505975,35.48907672162996,03/05/2011,31,,,,,,,,
1,62.0,2,32.494216049301336,35.48920598394321,03/05/2011,31,,,,,,,,
1,63.0,2,32.49424614850999,35.489333759582884,03/05/2011,31,,,,,,,,
1,64.0,2,32.49427436143124,35.48945823093659,03/05/2011,31,,,,,,,,
1,65.0,2,32.4942989800966,35.48957705178872,03/05/2011,31,,,,,,,,
1,66.0,2,32.4945221977369,35.48959988745757,03/05/2011,31,,,,,,,,
1,67.0,2,32.494493265263976,35.48947466864226,03/05/2011,31,,,,,,,,
1,68.0,2,32.49446322457296,35.489360937712455,03/05/2011,31,,,,,,,,
1,69.0,2,32.49443536815474,35.48923827606668,03/05/2011,31,,,,,,,,
1,70.0,2,32.49440740675958,35.48912210461761,03/05/2011,31,,,,,,,,
1,71.0,2,32.494376863210995,35.488991348197,03/05/2011,31,,,,,,,,
1,72.0,2,32.49434882199661,35.488870495012684,03/05/2011,31,,,,,,,,
1,73.0,2,32.49431883268439,35.488733782062084,03/05/2011,31,,,,,,,,
1,74.0,2,32.49428770059608,35.48862387858936,03/05/2011,31,,,,,,,,
1,75.0,2,32.494261740927776,35.488499520956765,03/05/2011,31,,,,,,,,
1,76.0,2,32.49423288888421,35.48837813352637,03/05/2011,31,,,,,,,,
1,77.0,2,32.49420608765752,35.488266967073216,03/05/2011,31,,,,,,,,
1,78.0,2,32.49418209968136,35.48814782947258,03/05/2011,31,,,,,,,,
1,79.0,2,32.49415289427931,35.48802303633329,03/05/2011,31,,,,,,,,
1,80.0,2,32.494115961695904,35.48788587657818,03/05/2011,31,,,,,,,,
1,81.0,2,32.494089724308225,35.487764391333414,03/05/2011,31,,,,,,,,
1,82.0,3,32.49406196823338,35.48763651737239,03/05/2011,31,,,,,,,,
1,83.0,3,32.49403142792107,35.487503633949046,03/05/2011,31,,,,,,,,
1,84.0,3,32.4940078577832,35.48739886213947,03/05/2011,31,,,,,,,,
1,85.0,3,32.49395925537996,35.48723793906256,03/05/2011,31,,,,,,,,
1,86.0,2,32.493931414092344,35.48710761797211,03/05/2011,31,,,,,,,,
1,87.0,3,32.493904664776906,35.48697283156367,03/05/2011,31,,,,,,,,
1,88.0,3,32.49387244333735,35.4868654793966,03/05/2011,31,,,,,,,,
1,89.0,3,32.493846754351786,35.48674027247717,03/05/2011,31,,,,,,,,
1,90.0,3,32.49381591346094,35.486620369551595,03/05/2011,31,,,,,,,,
1,91.0,3,32.493794552525316,35.48649517628644,03/05/2011,31,,,,,,,,
1,92.0,3,32.49376886316982,35.48636996957746,03/05/2011,31,,,,,,,,
1,93.0,3,32.49373830721691,35.48624347096367,03/05/2011,31,,,,,,,,
1,94.0,3,32.49371078557135,35.48613102669823,03/05/2011,31,,,,,,,,
1,95.0,3,32.49368077327096,35.486003253139096,03/05/2011,31,,,,,,,,
1,96.0,3,32.49365390094423,35.48588261824099,03/05/2011,31,,,,,,,,
1,97.0,3,32.493627027787724,35.48576230261142,03/05/2011,31,,,,,,,,
1,98.0,3,32.49359696226736,35.48561782433919,03/05/2011,31,,,,,,,,
1,99.0,3,32.49356691807311,35.485504095794425,03/05/2011,31,,,,,,,,
1,100.0,3,32.49354337382064,35.485386982735406,03/05/2011,31,,,,,,,,
1,101.0,3,32.4935155896739,35.48527060136113,03/05/2011,31,,,,,,,,
1,102.0,3,32.49348834503174,35.48515486013241,03/05/2011,31,,,,,,,,
1,103.0,3,32.49345832034724,35.48503219435771,03/05/2011,31,,,,,,,,
1,104.0,3,32.493427841832535,35.4849108040523,03/05/2011,31,,,,,,,,
1,105.0,3,32.493401780246366,35.48479006592755,03/05/2011,31,,,,,,,,
1,106.0,3,32.49337372834384,35.484672194491466,03/05/2011,31,,,,,,,,
1,107.0,3,32.49334693235489,35.484557199810546,03/05/2011,31,,,,,,,,
1,108.0,3,32.49332394151286,35.48443413061657,03/05/2011,31,,,,,,,,
1,109.0,3,32.493292554300574,35.48431561066527,03/05/2011,31,,,,,,,,
1,110.0,3,32.49326396020492,35.4841980570374,03/05/2011,31,,,,,,,,
1,111.0,3,32.493232855346655,35.48407411174532,03/05/2011,31,,,,,,,,
1,112.0,3,32.49320724523646,35.483952737118564,03/05/2011,31,,,,,,,,
1,113.0,3,32.49318053616112,35.48383891352255,03/05/2011,31,,,,,,,,
1,114.0,3,32.49315574328235,35.48371488157195,03/05/2011,31,,,,,,,,
1,115.0,3,32.49334537775194,35.483593107980866,03/05/2011,31,,,,,,,,
1,116.0,3,32.493371044374825,35.48372980441844,03/05/2011,31,,,,,,,,
1,117.0,3,32.493393210883404,35.483858935734034,03/05/2011,31,,,,,,,,
1,118.0,3,32.49342504513495,35.483979372238615,03/05/2011,31,,,,,,,,
1,119.0,3,32.49345272895558,35.4841008599823,03/05/2011,31,,,,,,,,
1,120.0,3,32.49347813255029,35.484233938317246,03/05/2011,31,,,,,,,,
1,121.0,3,32.49350707309986,35.4843578772973,03/05/2011,31,,,,,,,,
1,122.0,3,32.493537175591264,35.48448639515016,03/05/2011,31,,,,,,,,
1,123.0,3,32.49357106568333,35.48461471203006,03/05/2011,31,,,,,,,,
1,124.0,3,32.49359873561505,35.48474215851468,03/05/2011,31,,,,,,,,
1,125.0,3,32.49362452791211,35.484862364054045,03/05/2011,31,,,,,,,,
1,126.0,3,32.493659948896294,35.48499143074958,03/05/2011,31,,,,,,,,
1,127.0,3,32.49368653352289,35.48512015090306,03/05/2011,31,,,,,,,,
1,128.0,3,32.49371645916054,35.4852467535113,03/05/2011,31,,,,,,,,
1,129.0,3,32.49374675272553,35.48537005894369,03/05/2011,31,,,,,,,,
1,130.0,3,32.4937757007064,35.48549016826994,03/05/2011,31,,,,,,,,
1,131.0,3,32.49380999617135,35.485638383953244,03/05/2011,31,,,,,,,,
1,132.0,3,32.493837111416894,35.48577146856787,03/05/2011,31,,,,,,,,
1,133.0,3,32.49386497693909,35.485891574770214,03/05/2011,31,,,,,,,,
1,134.0,3,32.49389454705819,35.48601551676644,03/05/2011,31,,,,,,,,
1,135.0,3,32.49392256934829,35.486146050837235,03/05/2011,31,,,,,,,,
1,136.0,3,32.49394853969084,35.48626668335898,03/05/2011,31,,,,,,,,
1,137.0,3,32.49397847680555,35.48638764752583,03/05/2011,31,,,,,,,,
1,138.0,3,32.494008494435604,35.48651286803954,03/05/2011,31,,,,,,,,
1,139.0,3,32.49403805439501,35.486641066418926,03/05/2011,31,,,,,,,,
1,140.0,3,32.49406465332199,35.48676265880289,03/05/2011,31,,,,,,,,
1,141.0,3,32.49409655608556,35.486891503067525,03/05/2011,31,,,,,,,,
1,142.0,3,32.49412240232413,35.48702692531836,03/05/2011,31,,,,,,,,
1,143.0,2,32.4941535042574,35.487150872826334,03/05/2011,31,,,,,,,,
1,144.0,3,32.49418938522863,35.48731494840424,03/05/2011,31,,,,,,,,
1,145.0,3,32.49422237978761,35.48743922123051,03/05/2011,31,,,,,,,,
1,146.0,3,32.4942489059616,35.4875527274149,03/05/2011,31,,,,,,,,
1,147.0,3,32.49427621173447,35.487680387402825,03/05/2011,31,,,,,,,,
1,148.0,3,32.49430729001795,35.4878145497413,03/05/2011,31,,,,,,,,
1,149.0,2,32.49433837678805,35.48794488177,03/05/2011,31,,,,,,,,
1,150.0,2,32.49436514088478,35.488072646701966,03/05/2011,31,,,,,,,,
1,151.0,2,32.494396221867476,35.488205426103086,03/05/2011,31,,,,,,,,
1,152.0,3,32.494420734499684,35.48833180090902,03/05/2011,31,,,,,,,,
1,153.0,3,32.494448606212664,35.48844807825322,03/05/2011,31,,,,,,,,
1,154.0,3,32.49447430790479,35.48856690246897,03/05/2011,31,,,,,,,,
1,155.0,3,32.49450879113241,35.48871022659636,03/05/2011,31,,,,,,,,
1,156.0,3,32.494536648305825,35.48883278178297,03/05/2011,31,,,,,,,,
1,157.0,3,32.49456778598213,35.48894013202267,03/05/2011,31,,,,,,,,
1,158.0,3,32.49459218748324,35.489075444604936,03/05/2011,31,,,,,,,,
1,159.0,3,32.49462541397102,35.48921599872189,03/05/2011,31,,,,,,,,
1,160.0,2,32.49465112071653,35.489332269773996,03/05/2011,31,,,,,,,,
1,161.0,2,32.49468007068196,35.48944982793394,03/05/2011,31,,,,,,,,
1,162.0,2,32.49489765736893,35.48949041467177,03/05/2011,31,,,,,,,,
1,163.0,2,32.494868915015275,35.489360833511945,03/05/2011,31,,,,,,,,
1,164.0,2,32.494837488536255,35.48922188065567,03/05/2011,31,,,,,,,,
1,165.0,2,32.49480962332119,35.48910304896347,03/05/2011,31,,,,,,,,
1,166.0,2,32.49478005986895,35.4889775087155,03/05/2011,31,,,,,,,,
1,167.0,2,32.494749769617684,35.4888543070896,03/05/2011,31,,,,,,,,
1,168.0,2,32.49472012511867,35.488724617102356,03/05/2011,31,,,,,,,,
1,169.0,2,32.49468578717573,35.488596827663805,03/05/2011,31,,,,,,,,
1,170.0,3,32.49465795595289,35.488462674702035,03/05/2011,31,,,,,,,,
1,171.0,3,32.49462902234805,35.488337456053564,03/05/2011,31,,,,,,,,
1,172.0,3,32.49460222972856,35.48822245871198,03/05/2011,31,,,,,,,,
1,173.0,2,32.494571445908065,35.48807786941759,03/05/2011,31,,,,,,,,
1,174.0,3,32.494539184875144,35.48794849093251,03/05/2011,31,,,,,,,,
1,175.0,3,32.49450378131939,35.487813037829966,03/05/2011,31,,,,,,,,
1,176.0,3,32.49448009121799,35.487681558378476,03/05/2011,31,,,,,,,,
1,177.0,3,32.49444855235499,35.48755165042175,03/05/2011,31,,,,,,,,
1,178.0,3,32.49441924183345,35.487433240827286,03/05/2011,31,,,,,,,,
1,179.0,3,32.494386858627394,35.487317800915136,03/05/2011,31,,,,,,,,
1,180.0,2,32.494346171440824,35.487125620132915,03/05/2011,31,,,,,,,,
1,181.0,3,32.4943172140395,35.48701040393598,03/05/2011,31,,,,,,,,
1,182.0,3,32.49430228288439,35.486913319775596,03/05/2011,31,,,,,,,,
1,183.0,3,32.49427324681408,35.486792889821366,03/05/2011,31,,,,,,,,
1,184.0,3,32.494237901395735,35.48667116343266,03/05/2011,31,,,,,,,,
1,185.0,3,32.49420354990668,35.48654848263565,03/05/2011,31,,,,,,,,
1,186.0,3,32.49417156591886,35.48641548846123,03/05/2011,31,,,,,,,,
1,187.0,3,32.494150100072005,35.48629678485756,03/05/2011,31,,,,,,,,
1,188.0,3,32.49412602410432,35.486175838761724,03/05/2011,31,,,,,,,,
1,189.0,3,32.494095963275576,35.48606977015102,03/05/2011,31,,,,,,,,
1,190.0,3,32.494066482909204,35.48594604094107,03/05/2011,31,,,,,,,,
1,191.0,3,32.494042571482616,35.485832011590055,03/05/2011,31,,,,,,,,
1,192.0,3,32.494014156782086,35.485715521074056,03/05/2011,31,,,,,,,,
1,193.0,3,32.493992763565316,35.485604372493704,03/05/2011,31,,,,,,,,
1,194.0,3,32.49395906339057,35.485472224825685,03/05/2011,31,,,,,,,,
1,195.0,3,32.49393809873031,35.485370972931534,03/05/2011,31,,,,,,,,
1,196.0,3,32.493911583166415,35.485251828587124,03/05/2011,31,,,,,,,,
1,197.0,3,32.493882632111095,35.485132995948774,03/05/2011,31,,,,,,,,
1,198.0,3,32.49385189741514,35.48500522023041,03/05/2011,31,,,,,,,,
1,199.0,3,32.49382529963042,35.48488235184386,03/05/2011,31,,,,,,,,
1,200.0,3,32.49379733159223,35.484767352890536,03/05/2011,31,,,,,,,,
1,201.0,3,32.49376945930782,35.484649800701895,03/05/2011,31,,,,,,,,
1,202.0,3,32.49374448262754,35.4845276823552,03/05/2011,31,,,,,,,,
1,203.0,3,32.49371409190771,35.48440714330506,03/05/2011,31,,,,,,,,
1,204.0,3,32.49368279816038,35.484287133539496,03/05/2011,31,,,,,,,,
1,205.0,3,32.49365815745499,35.48417597564791,03/05/2011,31,,,,,,,,
1,206.0,3,32.49362922145642,35.48404990853262,03/05/2011,31,,,,,,,,
1,207.0,3,32.49360003230029,35.48391596712012,03/05/2011,31,,,,,,,,
1,208.0,3,32.493577108565205,35.4838030059392,03/05/2011,31,,,,,,,,
1,209.0,3,32.49354482328225,35.483682567899386,03/05/2011,31,,,,,,,,
1,210.0,3,32.49351478016723,35.48356756326106,03/05/2011,31,,,,,,,,
1,211.0,3,32.49375555909894,35.483560433291494,03/05/2011,31,,,,,,,,
1,212.0,3,32.493790647409966,35.483677475425374,03/05/2011,31,,,,,,,,
1,213.0,3,32.49380897267756,35.483790316228436,03/05/2011,31,,,,,,,,
1,214.0,3,32.493839026927965,35.4839002141394,03/05/2011,31,,,,,,,,
1,215.0,3,32.49385512911508,35.48399889694017,03/05/2011,31,,,,,,,,
1,216.0,3,32.493877864757906,35.484115262744,03/05/2011,31,,,,,,,,
1,217.0,3,32.49390679122396,35.48424558620926,03/05/2011,31,,,,,,,,
1,218.0,3,32.493932488375634,35.484368238932014,03/05/2011,31,,,,,,,,
1,219.0,3,32.49396034955503,35.484490898429755,03/05/2011,31,,,,,,,,
1,220.0,3,32.493987316467184,35.48461015041819,03/05/2011,31,,,,,,,,
1,221.0,3,32.494016464951905,35.48472153561257,03/05/2011,31,,,,,,,,
1,222.0,3,32.49404704092825,35.48483973493598,03/05/2011,31,,,,,,,,
1,223.0,3,32.49407380818611,35.484967498560245,03/05/2011,31,,,,,,,,
1,224.0,3,32.494102485317605,35.48508792655522,03/05/2011,31,,,,,,,,
1,225.0,3,32.49412934866816,35.48521292421471,03/05/2011,31,,,,,,,,
1,226.0,3,32.494158024138585,35.48533399075891,03/05/2011,31,,,,,,,,
1,227.0,3,32.494183708818795,35.48546175131813,03/05/2011,31,,,,,,,,
1,228.0,3,32.49421589722236,35.48558442495094,03/05/2011,31,,,,,,,,
1,229.0,3,32.4942437743349,35.48569942440427,03/05/2011,31,,,,,,,,
1,230.0,3,32.49426705276659,35.485814303209864,03/05/2011,31,,,,,,,,
1,231.0,3,32.49429878877056,35.48593750767459,03/05/2011,31,,,,,,,,
1,232.0,3,32.494323207320335,35.48606664786632,03/05/2011,31,,,,,,,,
1,233.0,3,32.4943543387876,35.48617782731951,03/05/2011,31,,,,,,,,
1,234.0,3,32.494379593194004,35.486296010975416,03/05/2011,31,,,,,,,,
1,235.0,3,32.4944043899487,35.48641717249323,03/05/2011,31,,,,,,,,
1,236.0,3,32.49443441613156,35.48653856320211,03/05/2011,31,,,,,,,,
1,237.0,3,32.49446012535724,35.48665483326574,03/05/2011,31,,,,,,,,
1,238.0,3,32.49448907496595,35.48677366714115,03/05/2011,31,,,,,,,,
1,239.0,3,32.49451755257961,35.486901862904645,03/05/2011,31,,,,,,,,
1,240.0,3,32.49454569804513,35.4870172895865,03/05/2011,31,,,,,,,,
1,241.0,3,32.49458544968118,35.4871844635661,03/05/2011,31,,,,,,,,
1,242.0,3,32.4946101463147,35.48730966852863,03/05/2011,31,,,,,,,,
1,243.0,3,32.494639101045145,35.48742594919734,03/05/2011,31,,,,,,,,
1,244.0,2,32.49466713071838,35.487552547955666,03/05/2011,31,,,,,,,,
1,245.0,2,32.49469471299237,35.48767754937181,03/05/2011,31,,,,,,,,
1,246.0,2,32.49472824319091,35.48780405913052,03/05/2011,31,,,,,,,,
1,247.0,3,32.494747435788916,35.4879305240074,03/05/2011,31,,,,,,,,
1,248.0,3,32.494783964456715,35.48804682881757,03/05/2011,31,,,,,,,,
1,249.0,3,32.494807485103365,35.48817330741112,03/05/2011,31,,,,,,,,
1,250.0,3,32.49483739084727,35.48830736062231,03/05/2011,31,,,,,,,,
1,251.0,3,32.494871477535746,35.48842674366644,03/05/2011,31,,,,,,,,
1,252.0,3,32.49489435890161,35.48855662531581,03/05/2011,31,,,,,,,,
1,253.0,3,32.494925467968294,35.488676743973485,03/05/2011,31,,,,,,,,
1,254.0,3,32.49495332204346,35.4888006829257,03/05/2011,31,,,,,,,,
1,255.0,3,32.49498657192851,35.48893102303158,03/05/2011,31,,,,,,,,
1,256.0,3,32.495016741122114,35.48906784402651,03/05/2011,31,,,,,,,,
1,257.0,3,32.49504684310983,35.48919445034592,03/05/2011,31,,,,,,,,
1,258.0,3,32.49507281653461,35.48931242520193,03/05/2011,31,,,,,,,,
1,259.0,3,32.49509942346757,35.489429338106355,03/05/2011,31,,,,,,,,
1,260.0,2,32.495239655821194,35.48910504192712,03/05/2011,31,,,,,,,,
1,261.0,2,32.495213934434794,35.48899515424254,03/05/2011,31,,,,,,,,
1,262.0,2,32.495175187688005,35.488863200458354,03/05/2011,31,,,,,,,,
1,263.0,2,32.49514759554084,35.48874309246865,03/05/2011,31,,,,,,,,
1,264.0,2,32.495120174011696,35.48862724115625,03/05/2011,31,,,,,,,,
1,265.0,2,32.49508800300404,35.488498181178635,03/05/2011,31,,,,,,,,
1,266.0,2,32.49505873395836,35.488361788697425,03/05/2011,31,,,,,,,,
1,267.0,2,32.495028557037166,35.48822805349284,03/05/2011,31,,,,,,,,
1,268.0,2,32.495005276982546,35.4881148755262,03/05/2011,31,,,,,,,,
1,269.0,2,32.49497461968201,35.48799411996144,03/05/2011,31,,,,,,,,
1,270.0,2,32.49494352434326,35.48786761742372,03/05/2011,31,,,,,,,,
1,271.0,2,32.49491485300111,35.48774580423551,03/05/2011,31,,,,,,,,
1,272.0,2,32.49488456489579,35.48762111321953,03/05/2011,31,,,,,,,,
1,273.0,3,32.49485833683521,35.48749537098907,03/05/2011,31,,,,,,,,
1,274.0,3,32.49482832306612,35.487368872169746,03/05/2011,31,,,,,,,,
1,275.0,2,32.49479902505138,35.487244822904174,03/05/2011,31,,,,,,,,
1,276.0,2,32.49475889918496,35.48708371220513,03/05/2011,31,,,,,,,,
1,277.0,2,32.494734188949586,35.48696446552439,03/05/2011,31,,,,,,,,
1,278.0,2,32.49470588267384,35.48684031321528,03/05/2011,31,,,,,,,,
1,279.0,2,32.49468015930047,35.48673042681004,03/05/2011,31,,,,,,,,
1,280.0,3,32.49465293343472,35.48660691642772,03/05/2011,31,,,,,,,,
1,281.0,3,32.49462391496198,35.48647850607326,03/05/2011,31,,,,,,,,
1,282.0,3,32.49459369979573,35.48636094497867,03/05/2011,31,,,,,,,,
1,283.0,3,32.49456689678779,35.48624977866531,03/05/2011,31,,,,,,,,
1,284.0,3,32.494539667351646,35.48612765178284,03/05/2011,31,,,,,,,,
1,285.0,3,32.49451117109156,35.48600743624446,03/05/2011,31,,,,,,,,
1,286.0,3,32.494480616448776,35.48588019190811,03/05/2011,31,,,,,,,,
1,287.0,3,32.494457268602666,35.48575605571709,03/05/2011,31,,,,,,,,
1,288.0,3,32.494425066103084,35.48563976570525,03/05/2011,31,,,,,,,,
1,289.0,3,32.494397396616634,35.48551253058598,03/05/2011,31,,,,,,,,
1,290.0,3,32.49436838153575,35.485382099336334,03/05/2011,31,,,,,,,,
1,291.0,3,32.494342129381906,35.485266147262884,03/05/2011,31,,,,,,,,
1,292.0,3,32.49430940651557,35.48514038628836,03/05/2011,31,,,,,,,,
1,293.0,3,32.49428371581609,35.485015179239774,03/05/2011,31,,,,,,,,
1,294.0,3,32.49425521564252,35.48489624118452,03/05/2011,31,,,,,,,,
1,295.0,3,32.49422456306081,35.48477197649432,03/05/2011,31,,,,,,,,
1,296.0,3,32.49420047046169,35.48465784028693,03/05/2011,31,,,,,,,,
1,297.0,3,32.49417151884786,35.48453900745401,03/05/2011,31,,,,,,,,
1,298.0,3,32.494146912225474,35.48441263371704,03/05/2011,31,,,,,,,,
1,299.0,3,32.49411499059191,35.48429113182205,03/05/2011,31,,,,,,,,
1,300.0,3,32.49408226225224,35.48416739310517,03/05/2011,31,,,,,,,,
1,301.0,3,32.49405870919353,35.48405368450756,03/05/2011,31,,,,,,,,
1,302.0,3,32.49403218316458,35.48393868996927,03/05/2011,31,,,,,,,,
1,303.0,3,32.49400386798415,35.48381719954264,03/05/2011,31,,,,,,,,
1,304.0,3,32.493980502745956,35.48369998050162,03/05/2011,31,,,,,,,,
1,305.0,3,32.49394940023753,35.483574757597445,03/05/2011,31,,,,,,,,
1,306.0,3,32.493918560100816,35.483453153199264,03/05/2011,31,,,,,,,,
1,307.0,3,32.494117221572075,35.483367582081705,03/05/2011,31,,,,,,,,
1,308.0,3,32.49414831579017,35.48349663554351,03/05/2011,31,,,,,,,,
1,309.0,3,32.494177042487166,35.48359535760699,03/05/2011,31,,,,,,,,
1,310.0,3,32.49420958041649,35.48372388368991,03/05/2011,31,,,,,,,,
1,311.0,3,32.49423996257174,35.48384857277541,03/05/2011,31,,,,,,,,
1,312.0,3,32.49426782709129,35.483969955735034,03/05/2011,31,,,,,,,,
1,313.0,3,32.494295323471306,35.484094636052966,03/05/2011,31,,,,,,,,
1,314.0,3,32.494322376433644,35.48421591024872,03/05/2011,31,,,,,,,,
1,315.0,3,32.49435195695763,35.48433591553491,03/05/2011,31,,,,,,,,
1,316.0,3,32.49437765969875,35.48445601528519,03/05/2011,31,,,,,,,,
1,317.0,3,32.49440704756598,35.484581446569834,03/05/2011,31,,,,,,,,
1,318.0,3,32.49443119817463,35.484710053720995,03/05/2011,31,,,,,,,,
1,319.0,3,32.494461324003986,35.48482793298462,03/05/2011,31,,,,,,,,
1,320.0,3,32.494495680016996,35.48494933668835,03/05/2011,31,,,,,,,,
1,321.0,3,32.49451626415107,35.48505963201539,03/05/2011,31,,,,,,,,
1,322.0,3,32.494543149127594,35.485174947813086,03/05/2011,31,,,,,,,,
1,323.0,3,32.49457343871547,35.48530006315744,03/05/2011,31,,,,,,,,
1,324.0,3,32.494608801971836,35.48545477386791,03/05/2011,31,,,,,,,,
1,325.0,3,32.494642058186564,35.485583835466954,03/05/2011,31,,,,,,,,
1,326.0,3,32.4946689181832,35.48571011082276,03/05/2011,31,,,,,,,,
1,327.0,3,32.49469805854644,35.485824689220166,03/05/2011,31,,,,,,,,
1,328.0,3,32.49472438107225,35.48594926063072,03/05/2011,31,,,,,,,,
1,329.0,2,32.494750096555485,35.48606297729184,03/05/2011,31,,,,,,,,
1,330.0,2,32.49478291771844,35.48618469626726,03/05/2011,31,,,,,,,,
1,331.0,2,32.49480556449108,35.486299573912106,03/05/2011,31,,,,,,,,
1,332.0,2,32.49483622294605,35.48642054148961,03/05/2011,31,,,,,,,,
1,333.0,2,32.49486406779777,35.486549586872734,03/05/2011,31,,,,,,,,
1,334.0,2,32.49488651718464,35.48667191219449,03/05/2011,31,,,,,,,,
1,335.0,2,32.49491769387299,35.48680288336217,03/05/2011,31,,,,,,,,
1,336.0,2,32.49494100807265,35.486901377587074,03/05/2011,31,,,,,,,,
1,337.0,2,32.495093591618144,35.4866557474189,03/05/2011,31,,,,,,,,
1,338.0,2,32.495063747810484,35.486533505140734,03/05/2011,31,,,,,,,,
1,339.0,2,32.49503488457756,35.4864162668778,03/05/2011,31,,,,,,,,
1,340.0,2,32.49500595751747,35.48628721791572,03/05/2011,31,,,,,,,,
1,341.0,2,32.49497375837529,35.48616965020144,03/05/2011,31,,,,,,,,
1,342.0,2,32.49495264466131,35.48605467075023,03/05/2011,31,,,,,,,,
1,343.0,3,32.49492523040986,35.48593445805448,03/05/2011,31,,,,,,,,
1,344.0,3,32.494893019515516,35.4858219978022,03/05/2011,31,,,,,,,,
1,345.0,3,32.49487048269608,35.48569807638561,03/05/2011,31,,,,,,,,
1,346.0,3,32.494843248210316,35.48557797086656,03/05/2011,31,,,,,,,,
1,347.0,3,32.494812960090705,35.48545232305397,03/05/2011,31,,,,,,,,
1,348.0,3,32.49478081028036,35.485312305361866,03/05/2011,31,,,,,,,,
1,349.0,3,32.49475186499026,35.48519091794669,03/05/2011,31,,,,,,,,
1,350.0,3,32.49471871966482,35.48505238696731,03/05/2011,31,,,,,,,,
1,351.0,3,32.49468986571871,35.48493036159402,03/05/2011,31,,,,,,,,
1,352.0,3,32.494659143628766,35.48479683917629,03/05/2011,31,,,,,,,,
1,353.0,3,32.494632013854414,35.484669818456894,03/05/2011,31,,,,,,,,
1,354.0,3,32.494604147173085,35.48454971160119,03/05/2011,31,,,,,,,,
1,355.0,3,32.4945699829585,35.48442298844251,03/05/2011,31,,,,,,,,
1,356.0,3,32.49454493198605,35.48429363357359,03/05/2011,31,,,,,,,,
1,357.0,3,32.49451256765711,35.484168405778725,03/05/2011,31,,,,,,,,
1,358.0,3,32.49448254769615,35.48404318532613,03/05/2011,31,,,,,,,,
1,359.0,3,32.494454705937024,35.48391158763625,03/05/2011,31,,,,,,,,
1,360.0,3,32.494428749874004,35.48378350708517,03/05/2011,31,,,,,,,,
1,361.0,3,32.49440080562819,35.483657335680235,03/05/2011,31,,,,,,,,
1,362.0,3,32.49436942123599,35.483537218576636,03/05/2011,31,,,,,,,,
1,363.0,3,32.4943415619611,35.4834132820088,03/05/2011,31,,,,,,,,
1,364.0,3,32.49452551522747,35.48329148867561,03/05/2011,31,,,,,,,,
1,365.0,3,32.49455553027557,35.48341926255168,03/05/2011,31,,,,,,,,
1,366.0,3,32.49458558201019,35.48353043805566,03/05/2011,31,,,,,,,,
1,367.0,3,32.49461273607497,35.48364703113824,03/05/2011,31,,,,,,,,
1,368.0,3,32.49463898735826,35.48376404710477,03/05/2011,31,,,,,,,,
1,369.0,3,32.49467315200054,35.483890876516874,03/05/2011,31,,,,,,,,
1,370.0,3,32.49469992872653,35.48401481033633,03/05/2011,31,,,,,,,,
1,371.0,3,32.49473048762133,35.484140990360636,03/05/2011,31,,,,,,,,
1,372.0,3,32.494757249665916,35.484271414764905,03/05/2011,31,,,,,,,,
1,373.0,3,32.49478896658135,35.48440387622037,03/05/2011,31,,,,,,,,
1,374.0,3,32.49481610230696,35.484528343468,03/05/2011,31,,,,,,,,
1,375.0,3,32.49484612746691,35.48465101092527,03/05/2011,31,,,,,,,,
1,376.0,3,32.494875341188475,35.484773569545084,03/05/2011,31,,,,,,,,
1,377.0,3,32.49490543375086,35.484906345511064,03/05/2011,31,,,,,,,,
1,378.0,3,32.49493914945652,35.48503179111102,03/05/2011,31,,,,,,,,
1,379.0,3,32.49496702421831,35.48514806812922,03/05/2011,31,,,,,,,,
1,380.0,3,32.49499046900637,35.4852694387278,03/05/2011,31,,,,,,,,
1,381.0,3,32.4950229093373,35.48540051989944,03/05/2011,31,,,,,,,,
1,382.0,3,32.495053003612064,35.48553223227734,03/05/2011,31,,,,,,,,
1,383.0,3,32.495079686877055,35.48565691161825,03/05/2011,31,,,,,,,,
1,384.0,3,32.495112942877874,35.48578597396381,03/05/2011,31,,,,,,,,
1,385.0,3,32.495139688928894,35.48592278345421,03/05/2011,31,,,,,,,,
1,386.0,3,32.49524399553825,35.4855301662898,03/05/2011,31,,,,,,,,
1,387.0,3,32.49521782396222,35.485418575774034,03/05/2011,31,,,,,,,,
1,388.0,3,32.495192173135365,35.48531603109353,03/05/2011,31,,,,,,,,
1,389.0,3,32.495162823757674,35.48517368072133,03/05/2011,31,,,,,,,,
1,390.0,3,32.49513497749636,35.485044635323995,03/05/2011,31,,,,,,,,
1,391.0,3,32.49510151856812,35.48492536154191,03/05/2011,31,,,,,,,,
1,392.0,3,32.49507268489158,35.48479418521128,03/05/2011,31,,,,,,,,
1,393.0,3,32.4950451092317,35.484664928093814,03/05/2011,31,,,,,,,,
1,394.0,3,32.49501266410694,35.48453565596256,03/05/2011,31,,,,,,,,
1,395.0,3,32.494983726591975,35.48441043804888,03/05/2011,31,,,,,,,,
1,396.0,3,32.49495147953417,35.48427308019386,03/05/2011,31,,,,,,,,
1,397.0,3,32.49492317391249,35.4841474387978,03/05/2011,31,,,,,,,,
1,398.0,3,32.49489667800426,35.484018930239294,03/05/2011,31,,,,,,,,
1,399.0,3,32.49486981182074,35.4838946766675,03/05/2011,31,,,,,,,,
1,400.0,3,32.49484086232731,35.48377456638399,03/05/2011,31,,,,,,,,
1,401.0,3,32.49481237916548,35.483647435128326,03/05/2011,31,,,,,,,,
1,402.0,3,32.49478325829315,35.48352317481866,03/05/2011,31,,,,,,,,
1,403.0,3,32.494752252632004,35.48339486552189,03/05/2011,31,,,,,,,,
1,404.0,3,32.49472764085747,35.48327030008346,03/05/2011,31,,,,,,,,
1,405.0,2,32.49492119368297,35.483170560656596,03/05/2011,31,,,,,,,,
1,406.0,2,32.4949490616792,35.483290667519185,03/05/2011,31,,,,,,,,
1,407.0,2,32.49498126280932,35.48340855339867,03/05/2011,31,,,,,,,,
1,408.0,2,32.49500651603768,35.48352843953548,03/05/2011,31,,,,,,,,
1,409.0,3,32.49502785018245,35.48362639489941,03/05/2011,31,,,,,,,,
1,410.0,3,32.495054219521926,35.48373085636985,03/05/2011,31,,,,,,,,
1,411.0,3,32.49507780688372,35.48382924440519,03/05/2011,31,,,,,,,,
1,412.0,3,32.49509920165962,35.48394039391365,03/05/2011,31,,,,,,,,
1,413.0,3,32.49512359781138,35.48403995497319,03/05/2011,31,,,,,,,,
1,414.0,3,32.495151482004246,35.48415240149352,03/05/2011,31,,,,,,,,
1,415.0,3,32.49518121878789,35.484283261328194,03/05/2011,31,,,,,,,,
1,416.0,3,32.495208552729515,35.48439974955894,03/05/2011,31,,,,,,,,
1,417.0,2,32.49523444663994,35.48451495657467,03/05/2011,31,,,,,,,,
1,418.0,2,32.49525906996947,35.48463377738047,03/05/2011,31,,,,,,,,
1,419.0,2,32.49528785938671,35.48474441822572,03/05/2011,31,,,,,,,,
1,420.0,2,32.49531591926153,35.48485867454345,03/05/2011,31,,,,,,,,
1,421.0,2,32.49534055365186,35.484972388288405,03/05/2011,31,,,,,,,,
1,422.0,2,32.49546400952529,35.484644840197426,03/05/2011,31,,,,,,,,
1,423.0,2,32.49543179748239,35.48453237972406,03/05/2011,31,,,,,,,,
1,424.0,2,32.4954063482985,35.484419940282535,03/05/2011,31,,,,,,,,
1,425.0,2,32.49537839760416,35.484296959357266,03/05/2011,31,,,,,,,,
1,426.0,2,32.495354819128046,35.48419474042956,03/05/2011,31,,,,,,,,
1,427.0,2,32.49532589262736,35.48406441488873,03/05/2011,31,,,,,,,,
1,428.0,2,32.49529810893023,35.48394728680388,03/05/2011,31,,,,,,,,
1,429.0,2,32.495273061729094,35.483816015798475,03/05/2011,31,,,,,,,,
1,430.0,2,32.49523925180685,35.48369184671328,03/05/2011,31,,,,,,,,
1,431.0,2,32.495209214385206,35.48357428628544,03/05/2011,31,,,,,,,,
1,432.0,2,32.49517991003256,35.483451408109204,03/05/2011,31,,,,,,,,
1,433.0,2,32.495148837712584,35.4833124578917,03/05/2011,31,,,,,,,,
1,434.0,2,32.49512574277008,35.48319513192383,03/05/2011,31,,,,,,,,
1,435.0,2,32.49530655366337,35.48306704969826,03/05/2011,31,,,,,,,,
1,436.0,2,32.49533550382781,35.483187160380304,03/05/2011,31,,,,,,,,
1,437.0,2,32.49536093808067,35.48330683468146,03/05/2011,31,,,,,,,,
1,438.0,2,32.495386739280214,35.48342363732746,03/05/2011,31,,,,,,,,
1,439.0,2,32.49541139479315,35.483528413068605,03/05/2011,31,,,,,,,,
1,440.0,2,32.49543744670782,35.48365404799035,03/05/2011,31,,,,,,,,
1,441.0,2,32.49546263125491,35.48376414559347,03/05/2011,31,,,,,,,,
1,442.0,2,32.4954897187859,35.48386999305572,03/05/2011,31,,,,,,,,
1,443.0,2,32.4955068022465,35.48397346878865,03/05/2011,31,,,,,,,,
1,444.0,2,32.49556904635029,35.48367818228762,03/05/2011,31,,,,,,,,
1,445.0,2,32.49553902024912,35.483555514163314,03/05/2011,31,,,,,,,,
1,446.0,2,32.49551224024886,35.4834328561414,03/05/2011,31,,,,,,,,
1,447.0,2,32.49548671500163,35.48331360693247,03/05/2011,31,,,,,,,,
1,448.0,2,32.49546010143848,35.48319712088854,03/05/2011,31,,,,,,,,
1,449.0,2,32.495436513585275,35.4830987325975,03/05/2011,31,,,,,,,,
2,1.0,3,32.49274737377064,35.483784374990975,10/05/2011,24,,,,,,,,
2,2.0,3,32.492774176144934,35.483896815126705,10/05/2011,24,,,,,,,,
2,3.0,3,32.492799345142195,35.48401382543258,10/05/2011,24,,,,,,,,
2,4.0,3,32.4928219136803,35.484124231017184,10/05/2011,24,,,,,,,,
2,5.0,3,32.49284439313124,35.48423410438556,10/05/2011,24,,,,,,,,
2,6.0,3,32.49286922407993,35.484340793118776,10/05/2011,24,,,,,,,,
2,7.0,3,32.49289334113139,35.484444074927545,10/05/2011,24,,,,,,,,
2,8.0,3,32.492920163993354,35.48454704597961,10/05/2011,24,,,,,,,,
2,9.0,3,32.492945226334946,35.48467118506563,10/05/2011,24,,,,,,,,
2,10.0,3,32.49297419490586,35.48478235563626,10/05/2011,24,,,,,,,,
2,11.0,2,32.49300207134405,35.484897991656,10/05/2011,24,,,,,,,,
2,12.0,2,32.49302455011654,35.48500786543096,10/05/2011,24,,,,,,,,
2,13.0,2,32.493052453402214,35.48511137214962,10/05/2011,24,,,,,,,,
2,14.0,2,32.49307871592255,35.48522274738339,10/05/2011,24,,,,,,,,
2,15.0,2,32.49310441569274,35.48534380327221,10/05/2011,24,,,,,,,,
2,16.0,2,32.493135078178206,35.48546338506922,10/05/2011,24,,,,,,,,
2,17.0,3,32.492944913984886,35.483716570886,10/05/2011,24,,,,,,,,
2,18.0,3,32.49296843050573,35.48384687615338,10/05/2011,24,,,,,,,,
2,19.0,3,32.4929966526606,35.48396964169783,10/05/2011,24,,,,,,,,
2,20.0,3,32.4930191577813,35.484068024202394,10/05/2011,24,,,,,,,,
2,21.0,3,32.49304486836304,35.48418471735138,10/05/2011,24,,,,,,,,
2,23.0,3,32.49308019727548,35.48431495306241,10/05/2011,24,,,,,,,,
2,24.0,3,32.49310913206777,35.4844414450879,10/05/2011,24,,,,,,,,
2,25.0,3,32.49313989174345,35.484558260506255,10/05/2011,24,,,,,,,,
2,26.0,3,32.49316741314467,35.48467144838282,10/05/2011,24,,,,,,,,
2,27.0,3,32.493194713324,35.48480293634642,10/05/2011,24,,,,,,,,
2,28.0,3,32.49322799584152,35.48492050462281,10/05/2011,24,,,,,,,,
2,29.0,3,32.493256298100626,35.48504731428124,10/05/2011,24,,,,,,,,
2,30.0,3,32.49328657192711,35.48517955651983,10/05/2011,24,,,,,,,,
2,31.0,3,32.49331945492595,35.48531436054521,10/05/2011,24,,,,,,,,
2,32.0,3,32.49334423244287,35.48544456428253,10/05/2011,24,,,,,,,,
2,33.0,3,32.49337212966044,35.48555062507396,10/05/2011,24,,,,,,,,
2,34.0,3,32.493399360622504,35.48567232461092,10/05/2011,24,,,,,,,,
2,35.0,3,32.4934319663867,35.48580989451136,10/05/2011,24,,,,,,,,
2,36.0,3,32.493459905388136,35.48593744839768,10/05/2011,24,,,,,,,,
2,37.0,3,32.49348910429783,35.48606607028619,10/05/2011,24,,,,,,,,
2,38.0,3,32.49351911653672,35.48619384359425,10/05/2011,24,,,,,,,,
2,39.0,2,32.49354524096509,35.486326180054526,10/05/2011,24,,,,,,,,
2,40.0,2,32.49357813536869,35.48645534571933,10/05/2011,24,,,,,,,,
2,41.0,2,32.49360472112085,35.486582895784196,10/05/2011,24,,,,,,,,
2,42.0,3,32.49363358039632,35.48670183462796,10/05/2011,24,,,,,,,,
2,43.0,2,32.49365682114626,35.48683309839025,10/05/2011,24,,,,,,,,
2,44.0,2,32.49367932115169,35.486932759101485,10/05/2011,24,,,,,,,,
2,45.0,2,32.49371724190346,35.48707204889919,10/05/2011,24,,,,,,,,
2,46.0,2,32.4937416009204,35.48718703716302,10/05/2011,24,,,,,,,,
2,47.0,2,32.493772722792045,35.487302046654754,10/05/2011,24,,,,,,,,
2,48.0,2,32.49381504719014,35.48748784741153,10/05/2011,24,,,,,,,,
2,49.0,2,32.49383645885484,35.48759005865299,10/05/2011,24,,,,,,,,
2,50.0,2,32.49386303027745,35.487723461378714,10/05/2011,24,,,,,,,,
2,51.0,2,32.49389466177933,35.48785219843908,10/05/2011,24,,,,,,,,
2,52.0,2,32.49392791553988,35.4879812598795,10/05/2011,24,,,,,,,,
2,53.0,2,32.49395783157466,35.48811084293969,10/05/2011,24,,,,,,,,
2,54.0,2,32.49398631646947,35.48823520797319,10/05/2011,24,,,,,,,,
2,55.0,2,32.49401704931852,35.488362346556976,10/05/2011,24,,,,,,,,
2,56.0,2,32.494042737406204,35.48848723496218,10/05/2011,24,,,,,,,,
2,57.0,2,32.4940749545738,35.48859586469593,10/05/2011,24,,,,,,,,
2,58.0,2,32.49409858215628,35.48871468193696,10/05/2011,24,,,,,,,,
2,59.0,2,32.4941278816139,35.488837453907394,10/05/2011,24,,,,,,,,
2,60.0,2,32.49415573193132,35.48896298780935,10/05/2011,24,,,,,,,,
2,61.0,2,32.49418685505975,35.48907672162996,10/05/2011,24,,,,,,,,
2,62.0,2,32.494216049301336,35.48920598394321,10/05/2011,24,,,,,,,,
2,63.0,2,32.49424614850999,35.489333759582884,10/05/2011,24,,,,,,,,
2,64.0,2,32.49427436143124,35.48945823093659,10/05/2011,24,,,,,,,,
2,65.0,2,32.4942989800966,35.48957705178872,10/05/2011,24,,,,,,,,
2,66.0,2,32.4945221977369,35.48959988745757,10/05/2011,24,,,,,,,,
2,67.0,2,32.494493265263976,35.48947466864226,10/05/2011,24,,,,,,,,
2,68.0,2,32.49446322457296,35.489360937712455,10/05/2011,24,,,,,,,,
2,69.0,2,32.49443536815474,35.48923827606668,10/05/2011,24,,,,,,,,
2,70.0,2,32.49440740675958,35.48912210461761,10/05/2011,24,,,,,,,,
2,71.0,2,32.494376863210995,35.488991348197,10/05/2011,24,,,,,,,,
2,72.0,2,32.49434882199661,35.488870495012684,10/05/2011,24,,,,,,,,
2,73.0,2,32.49431883268439,35.488733782062084,10/05/2011,24,,,,,,,,
2,74.0,2,32.49428770059608,35.48862387858936,10/05/2011,24,,,,,,,,
2,75.0,2,32.494261740927776,35.488499520956765,10/05/2011,24,,,,,,,,
2,76.0,2,32.49423288888421,35.48837813352637,10/05/2011,24,,,,,,,,
2,77.0,2,32.49420608765752,35.488266967073216,10/05/2011,24,,,,,,,,
2,78.0,2,32.49418209968136,35.48814782947258,10/05/2011,24,,,,,,,,
2,79.0,2,32.49415289427931,35.48802303633329,10/05/2011,24,,,,,,,,
2,80.0,2,32.494115961695904,35.48788587657818,10/05/2011,24,,,,,,,,
2,81.0,2,32.494089724308225,35.487764391333414,10/05/2011,24,,,,,,,,
2,82.0,3,32.49406196823338,35.48763651737239,10/05/2011,24,,,,,,,,
2,83.0,3,32.49403142792107,35.487503633949046,10/05/2011,24,,,,,,,,
2,84.0,3,32.4940078577832,35.48739886213947,10/05/2011,24,,,,,,,,
2,85.0,3,32.49395925537996,35.48723793906256,10/05/2011,24,,,,,,,,
2,86.0,2,32.493931414092344,35.48710761797211,10/05/2011,24,,,,,,,,
2,87.0,3,32.493904664776906,35.48697283156367,10/05/2011,24,,,,,,,,
2,88.0,3,32.49387244333735,35.4868654793966,10/05/2011,24,,,,,,,,
2,89.0,3,32.493846754351786,35.48674027247717,10/05/2011,24,,,,,,,,
2,90.0,3,32.49381591346094,35.486620369551595,10/05/2011,24,,,,,,,,
2,91.0,3,32.493794552525316,35.48649517628644,10/05/2011,24,,,,,,,,
2,92.0,3,32.49376886316982,35.48636996957746,10/05/2011,24,,,,,,,,
2,93.0,3,32.49373830721691,35.48624347096367,10/05/2011,24,,,,,,,,
2,94.0,3,32.49371078557135,35.48613102669823,10/05/2011,24,,,,,,,,
2,95.0,3,32.49368077327096,35.486003253139096,10/05/2011,24,,,,,,,,
2,96.0,3,32.49365390094423,35.48588261824099,10/05/2011,24,,,,,,,,
2,97.0,3,32.493627027787724,35.48576230261142,10/05/2011,24,,,,,,,,
2,98.0,3,32.49359696226736,35.48561782433919,10/05/2011,24,,,,,,,,
2,99.0,3,32.49356691807311,35.485504095794425,10/05/2011,24,,,,,,,,
2,100.0,3,32.49354337382064,35.485386982735406,10/05/2011,24,,,,,,,,
2,101.0,3,32.4935155896739,35.48527060136113,10/05/2011,24,,,,,,,,
2,102.0,3,32.49348834503174,35.48515486013241,10/05/2011,24,,,,,,,,
2,103.0,3,32.49345832034724,35.48503219435771,10/05/2011,24,,,,,,,,
2,104.0,3,32.493427841832535,35.4849108040523,10/05/2011,24,,,,,,,,
2,105.0,3,32.493401780246366,35.48479006592755,10/05/2011,24,,,,,,,,
2,106.0,3,32.49337372834384,35.484672194491466,10/05/2011,24,,,,,,,,
2,107.0,3,32.49334693235489,35.484557199810546,10/05/2011,24,,,,,,,,
2,108.0,3,32.49332394151286,35.48443413061657,10/05/2011,24,,,,,,,,
2,109.0,3,32.493292554300574,35.48431561066527,10/05/2011,24,,,,,,,,
2,110.0,3,32.49326396020492,35.4841980570374,10/05/2011,24,,,,,,,,
2,111.0,3,32.493232855346655,35.48407411174532,10/05/2011,24,,,,,,,,
2,112.0,3,32.49320724523646,35.483952737118564,10/05/2011,24,,,,,,,,
2,113.0,3,32.49318053616112,35.48383891352255,10/05/2011,24,,,,,,,,
2,114.0,3,32.49315574328235,35.48371488157195,10/05/2011,24,,,,,,,,
2,115.0,3,32.49334537775194,35.483593107980866,10/05/2011,24,,,,,,,,
2,116.0,3,32.493371044374825,35.48372980441844,10/05/2011,24,,,,,,,,
2,117.0,3,32.493393210883404,35.483858935734034,10/05/2011,24,,,,,,,,
2,118.0,3,32.49342504513495,35.483979372238615,10/05/2011,24,,,,,,,,
2,119.0,3,32.49345272895558,35.4841008599823,10/05/2011,24,,,,,,,,
2,120.0,3,32.49347813255029,35.484233938317246,10/05/2011,24,,,,,,,,
2,121.0,3,32.49350707309986,35.4843578772973,10/05/2011,24,,,,,,,,
2,122.0,3,32.493537175591264,35.48448639515016,10/05/2011,24,,,,,,,,
2,123.0,3,32.49357106568333,35.48461471203006,10/05/2011,24,,,,,,,,
2,124.0,3,32.49359873561505,35.48474215851468,10/05/2011,24,,,,,,,,
2,125.0,3,32.49362452791211,35.484862364054045,10/05/2011,24,,,,,,,,
2,126.0,3,32.493659948896294,35.48499143074958,10/05/2011,24,,,,,,,,
2,127.0,3,32.49368653352289,35.48512015090306,10/05/2011,24,,,,,,,,
2,128.0,3,32.49371645916054,35.4852467535113,10/05/2011,24,,,,,,,,
2,129.0,3,32.49374675272553,35.48537005894369,10/05/2011,24,,,,,,,,
2,130.0,3,32.4937757007064,35.48549016826994,10/05/2011,24,,,,,,,,
2,131.0,3,32.49380999617135,35.485638383953244,10/05/2011,24,,,,,,,,
2,132.0,3,32.493837111416894,35.48577146856787,10/05/2011,24,,,,,,,,
2,133.0,3,32.49386497693909,35.485891574770214,10/05/2011,24,,,,,,,,
2,134.0,3,32.49389454705819,35.48601551676644,10/05/2011,24,,,,,,,,
2,135.0,3,32.49392256934829,35.486146050837235,10/05/2011,24,,,,,,,,
2,136.0,3,32.49394853969084,35.48626668335898,10/05/2011,24,,,,,,,,
2,137.0,3,32.49397847680555,35.48638764752583,10/05/2011,24,,,,,,,,
2,138.0,3,32.494008494435604,35.48651286803954,10/05/2011,24,,,,,,,,
2,139.0,3,32.49403805439501,35.486641066418926,10/05/2011,24,,,,,,,,
2,140.0,3,32.49406465332199,35.48676265880289,10/05/2011,24,,,,,,,,
2,141.0,3,32.49409655608556,35.486891503067525,10/05/2011,24,,,,,,,,
2,142.0,3,32.49412240232413,35.48702692531836,10/05/2011,24,,,,,,,,
2,143.0,2,32.4941535042574,35.487150872826334,10/05/2011,24,,,,,,,,
2,144.0,3,32.49418938522863,35.48731494840424,10/05/2011,24,,,,,,,,
2,145.0,3,32.49422237978761,35.48743922123051,10/05/2011,24,,,,,,,,
2,146.0,3,32.4942489059616,35.4875527274149,10/05/2011,24,,,,,,,,
2,147.0,3,32.49427621173447,35.487680387402825,10/05/2011,24,,,,,,,,
2,148.0,3,32.49430729001795,35.4878145497413,10/05/2011,24,,,,,,,,
2,149.0,2,32.49433837678805,35.48794488177,10/05/2011,24,,,,,,,,
2,150.0,2,32.49436514088478,35.488072646701966,10/05/2011,24,,,,,,,,
2,151.0,2,32.494396221867476,35.488205426103086,10/05/2011,24,,,,,,,,
2,152.0,3,32.494420734499684,35.48833180090902,10/05/2011,24,,,,,,,,
2,153.0,3,32.494448606212664,35.48844807825322,10/05/2011,24,,,,,,,,
2,154.0,3,32.49447430790479,35.48856690246897,10/05/2011,24,,,,,,,,
2,155.0,3,32.49450879113241,35.48871022659636,10/05/2011,24,,,,,,,,
2,156.0,3,32.494536648305825,35.48883278178297,10/05/2011,24,,,,,,,,
2,157.0,3,32.49456778598213,35.48894013202267,10/05/2011,24,,,,,,,,
2,158.0,3,32.49459218748324,35.489075444604936,10/05/2011,24,,,,,,,,
2,159.0,3,32.49462541397102,35.48921599872189,10/05/2011,24,,,,,,,,
2,160.0,2,32.49465112071653,35.489332269773996,10/05/2011,24,,,,,,,,
2,161.0,2,32.49468007068196,35.48944982793394,10/05/2011,24,,,,,,,,
2,162.0,2,32.49489765736893,35.48949041467177,10/05/2011,24,,,,,,,,
2,163.0,2,32.494868915015275,35.489360833511945,10/05/2011,24,,,,,,,,
2,164.0,2,32.494837488536255,35.48922188065567,10/05/2011,24,,,,,,,,
2,165.0,2,32.49480962332119,35.48910304896347,10/05/2011,24,,,,,,,,
2,166.0,2,32.49478005986895,35.4889775087155,10/05/2011,24,,,,,,,,
2,167.0,2,32.494749769617684,35.4888543070896,10/05/2011,24,,,,,,,,
2,168.0,2,32.49472012511867,35.488724617102356,10/05/2011,24,,,,,,,,
2,169.0,2,32.49468578717573,35.488596827663805,10/05/2011,24,,,,,,,,
2,170.0,3,32.49465795595289,35.488462674702035,10/05/2011,24,,,,,,,,
2,171.0,3,32.49462902234805,35.488337456053564,10/05/2011,24,,,,,,,,
2,172.0,3,32.49460222972856,35.48822245871198,10/05/2011,24,,,,,,,,
2,173.0,2,32.494571445908065,35.48807786941759,10/05/2011,24,,,,,,,,
2,174.0,3,32.494539184875144,35.48794849093251,10/05/2011,24,,,,,,,,
2,175.0,3,32.49450378131939,35.487813037829966,10/05/2011,24,,,,,,,,
2,176.0,3,32.49448009121799,35.487681558378476,10/05/2011,24,,,,,,,,
2,177.0,3,32.49444855235499,35.48755165042175,10/05/2011,24,,,,,,,,
2,178.0,3,32.49441924183345,35.487433240827286,10/05/2011,24,,,,,,,,
2,179.0,3,32.494386858627394,35.487317800915136,10/05/2011,24,,,,,,,,
2,180.0,2,32.494346171440824,35.487125620132915,10/05/2011,24,,,,,,,,
2,181.0,3,32.4943172140395,35.48701040393598,10/05/2011,24,,,,,,,,
2,182.0,3,32.49430228288439,35.486913319775596,10/05/2011,24,,,,,,,,
2,183.0,3,32.49427324681408,35.486792889821366,10/05/2011,24,,,,,,,,
2,184.0,3,32.494237901395735,35.48667116343266,10/05/2011,24,,,,,,,,
2,185.0,3,32.49420354990668,35.48654848263565,10/05/2011,24,,,,,,,,
2,186.0,3,32.49417156591886,35.48641548846123,10/05/2011,24,,,,,,,,
2,187.0,3,32.494150100072005,35.48629678485756,10/05/2011,24,,,,,,,,
2,188.0,3,32.49412602410432,35.486175838761724,10/05/2011,24,,,,,,,,
2,189.0,3,32.494095963275576,35.48606977015102,10/05/2011,24,,,,,,,,
2,190.0,3,32.494066482909204,35.48594604094107,10/05/2011,24,,,,,,,,
2,191.0,3,32.494042571482616,35.485832011590055,10/05/2011,24,,,,,,,,
2,192.0,3,32.494014156782086,35.485715521074056,10/05/2011,24,,,,,,,,
2,193.0,3,32.493992763565316,35.485604372493704,10/05/2011,24,,,,,,,,
2,194.0,3,32.49395906339057,35.485472224825685,10/05/2011,24,,,,,,,,
2,195.0,3,32.49393809873031,35.485370972931534,10/05/2011,24,,,,,,,,
2,196.0,3,32.493911583166415,35.485251828587124,10/05/2011,24,,,,,,,,
2,197.0,3,32.493882632111095,35.485132995948774,10/05/2011,24,,,,,,,,
2,198.0,3,32.49385189741514,35.48500522023041,10/05/2011,24,,,,,,,,
2,199.0,3,32.49382529963042,35.48488235184386,10/05/2011,24,,,,,,,,
2,200.0,3,32.49379733159223,35.484767352890536,10/05/2011,24,,,,,,,,
2,201.0,3,32.49376945930782,35.484649800701895,10/05/2011,24,,,,,,,,
2,202.0,3,32.49374448262754,35.4845276823552,10/05/2011,24,,,,,,,,
2,203.0,3,32.49371409190771,35.48440714330506,10/05/2011,24,,,,,,,,
2,204.0,3,32.49368279816038,35.484287133539496,10/05/2011,24,,,,,,,,
2,205.0,3,32.49365815745499,35.48417597564791,10/05/2011,24,,,,,,,,
2,206.0,3,32.49362922145642,35.48404990853262,10/05/2011,24,,,,,,,,
2,207.0,3,32.49360003230029,35.48391596712012,10/05/2011,24,,,,,,,,
2,208.0,3,32.493577108565205,35.4838030059392,10/05/2011,24,,,,,,,,
2,209.0,3,32.49354482328225,35.483682567899386,10/05/2011,24,,,,,,,,
2,210.0,3,32.49351478016723,35.48356756326106,10/05/2011,24,,,,,,,,
2,211.0,3,32.49375555909894,35.483560433291494,10/05/2011,24,,,,,,,,
2,212.0,3,32.493790647409966,35.483677475425374,10/05/2011,24,,,,,,,,
2,213.0,3,32.49380897267756,35.483790316228436,10/05/2011,24,,,,,,,,
2,214.0,3,32.493839026927965,35.4839002141394,10/05/2011,24,,,,,,,,
2,215.0,3,32.49385512911508,35.48399889694017,10/05/2011,24,,,,,,,,
2,216.0,3,32.493877864757906,35.484115262744,10/05/2011,24,,,,,,,,
2,217.0,3,32.49390679122396,35.48424558620926,10/05/2011,24,,,,,,,,
2,218.0,3,32.493932488375634,35.484368238932014,10/05/2011,24,,,,,,,,
2,219.0,3,32.49396034955503,35.484490898429755,10/05/2011,24,,,,,,,,
2,220.0,3,32.493987316467184,35.48461015041819,10/05/2011,24,,,,,,,,
2,221.0,3,32.494016464951905,35.48472153561257,10/05/2011,24,,,,,,,,
2,222.0,3,32.49404704092825,35.48483973493598,10/05/2011,24,,,,,,,,
2,223.0,3,32.49407380818611,35.484967498560245,10/05/2011,24,,,,,,,,
2,224.0,3,32.494102485317605,35.48508792655522,10/05/2011,24,,,,,,,,
2,225.0,3,32.49412934866816,35.48521292421471,10/05/2011,24,,,,,,,,
2,226.0,3,32.494158024138585,35.48533399075891,10/05/2011,24,,,,,,,,
2,227.0,3,32.494183708818795,35.48546175131813,10/05/2011,24,,,,,,,,
2,228.0,3,32.49421589722236,35.48558442495094,10/05/2011,24,,,,,,,,
2,229.0,3,32.4942437743349,35.48569942440427,10/05/2011,24,,,,,,,,
2,230.0,3,32.49426705276659,35.485814303209864,10/05/2011,24,,,,,,,,
2,231.0,3,32.49429878877056,35.48593750767459,10/05/2011,24,,,,,,,,
2,232.0,3,32.494323207320335,35.48606664786632,10/05/2011,24,,,,,,,,
2,233.0,3,32.4943543387876,35.48617782731951,10/05/2011,24,,,,,,,,
2,234.0,3,32.494379593194004,35.486296010975416,10/05/2011,24,,,,,,,,
2,235.0,3,32.4944043899487,35.48641717249323,10/05/2011,24,,,,,,,,
2,236.0,3,32.49443441613156,35.48653856320211,10/05/2011,24,,,,,,,,
2,237.0,3,32.49446012535724,35.48665483326574,10/05/2011,24,,,,,,,,
2,238.0,3,32.49448907496595,35.48677366714115,10/05/2011,24,,,,,,,,
2,239.0,3,32.49451755257961,35.486901862904645,10/05/2011,24,,,,,,,,
2,240.0,3,32.49454569804513,35.4870172895865,10/05/2011,24,,,,,,,,
2,241.0,3,32.49458544968118,35.4871844635661,10/05/2011,24,,,,,,,,
2,242.0,3,32.4946101463147,35.48730966852863,10/05/2011,24,,,,,,,,
2,243.0,3,32.494639101045145,35.48742594919734,10/05/2011,24,,,,,,,,
2,244.0,2,32.49466713071838,35.487552547955666,10/05/2011,24,,,,,,,,
2,245.0,2,32.49469471299237,35.48767754937181,10/05/2011,24,,,,,,,,
2,246.0,2,32.49472824319091,35.48780405913052,10/05/2011,24,,,,,,,,
2,247.0,3,32.494747435788916,35.4879305240074,10/05/2011,24,,,,,,,,
2,248.0,3,32.494783964456715,35.48804682881757,10/05/2011,24,,,,,,,,
2,249.0,3,32.494807485103365,35.48817330741112,10/05/2011,24,,,,,,,,
2,250.0,3,32.49483739084727,35.48830736062231,10/05/2011,24,,,,,,,,
2,251.0,3,32.494871477535746,35.48842674366644,10/05/2011,24,,,,,,,,
2,252.0,3,32.49489435890161,35.48855662531581,10/05/2011,24,,,,,,,,
2,253.0,3,32.494925467968294,35.488676743973485,10/05/2011,24,,,,,,,,
2,254.0,3,32.49495332204346,35.4888006829257,10/05/2011,24,,,,,,,,
2,255.0,3,32.49498657192851,35.48893102303158,10/05/2011,24,,,,,,,,
2,256.0,3,32.495016741122114,35.48906784402651,10/05/2011,24,,,,,,,,
2,257.0,3,32.49504684310983,35.48919445034592,10/05/2011,24,,,,,,,,
2,258.0,3,32.49507281653461,35.48931242520193,10/05/2011,24,,,,,,,,
2,259.0,3,32.49509942346757,35.489429338106355,10/05/2011,24,,,,,,,,
2,260.0,2,32.495239655821194,35.48910504192712,10/05/2011,24,,,,,,,,
2,261.0,2,32.495213934434794,35.48899515424254,10/05/2011,24,,,,,,,,
2,262.0,2,32.495175187688005,35.488863200458354,10/05/2011,24,,,,,,,,
2,263.0,2,32.49514759554084,35.48874309246865,10/05/2011,24,,,,,,,,
2,264.0,2,32.495120174011696,35.48862724115625,10/05/2011,24,,,,,,,,
2,265.0,2,32.49508800300404,35.488498181178635,10/05/2011,24,,,,,,,,
2,266.0,2,32.49505873395836,35.488361788697425,10/05/2011,24,,,,,,,,
2,267.0,2,32.495028557037166,35.48822805349284,10/05/2011,24,,,,,,,,
2,268.0,2,32.495005276982546,35.4881148755262,10/05/2011,24,,,,,,,,
2,269.0,2,32.49497461968201,35.48799411996144,10/05/2011,24,,,,,,,,
2,270.0,2,32.49494352434326,35.48786761742372,10/05/2011,24,,,,,,,,
2,271.0,2,32.49491485300111,35.48774580423551,10/05/2011,24,,,,,,,,
2,272.0,2,32.49488456489579,35.48762111321953,10/05/2011,24,,,,,,,,
2,273.0,3,32.49485833683521,35.48749537098907,10/05/2011,24,,,,,,,,
2,274.0,3,32.49482832306612,35.487368872169746,10/05/2011,24,,,,,,,,
2,275.0,2,32.49479902505138,35.487244822904174,10/05/2011,24,,,,,,,,
2,276.0,2,32.49475889918496,35.48708371220513,10/05/2011,24,,,,,,,,
2,277.0,2,32.494734188949586,35.48696446552439,10/05/2011,24,,,,,,,,
2,278.0,2,32.49470588267384,35.48684031321528,10/05/2011,24,,,,,,,,
2,279.0,2,32.49468015930047,35.48673042681004,10/05/2011,24,,,,,,,,
2,280.0,3,32.49465293343472,35.48660691642772,10/05/2011,24,,,,,,,,
2,281.0,3,32.49462391496198,35.48647850607326,10/05/2011,24,,,,,,,,
2,282.0,3,32.49459369979573,35.48636094497867,10/05/2011,24,,,,,,,,
2,283.0,3,32.49456689678779,35.48624977866531,10/05/2011,24,,,,,,,,
2,284.0,3,32.494539667351646,35.48612765178284,10/05/2011,24,,,,,,,,
2,285.0,3,32.49451117109156,35.48600743624446,10/05/2011,24,,,,,,,,
2,286.0,3,32.494480616448776,35.48588019190811,10/05/2011,24,,,,,,,,
2,287.0,3,32.494457268602666,35.48575605571709,10/05/2011,24,,,,,,,,
2,288.0,3,32.494425066103084,35.48563976570525,10/05/2011,24,,,,,,,,
2,289.0,3,32.494397396616634,35.48551253058598,10/05/2011,24,,,,,,,,
2,290.0,3,32.49436838153575,35.485382099336334,10/05/2011,24,,,,,,,,
2,291.0,3,32.494342129381906,35.485266147262884,10/05/2011,24,,,,,,,,
2,292.0,3,32.49430940651557,35.48514038628836,10/05/2011,24,,,,,,,,
2,293.0,3,32.49428371581609,35.485015179239774,10/05/2011,24,,,,,,,,
2,294.0,3,32.49425521564252,35.48489624118452,10/05/2011,24,,,,,,,,
2,295.0,3,32.49422456306081,35.48477197649432,10/05/2011,24,,,,,,,,
2,296.0,3,32.49420047046169,35.48465784028693,10/05/2011,24,,,,,,,,
2,297.0,3,32.49417151884786,35.48453900745401,10/05/2011,24,,,,,,,,
2,298.0,3,32.494146912225474,35.48441263371704,10/05/2011,24,,,,,,,,
2,299.0,3,32.49411499059191,35.48429113182205,10/05/2011,24,,,,,,,,
2,300.0,3,32.49408226225224,35.48416739310517,10/05/2011,24,,,,,,,,
2,301.0,3,32.49405870919353,35.48405368450756,10/05/2011,24,,,,,,,,
2,302.0,3,32.49403218316458,35.48393868996927,10/05/2011,24,,,,,,,,
2,303.0,3,32.49400386798415,35.48381719954264,10/05/2011,24,,,,,,,,
2,304.0,3,32.493980502745956,35.48369998050162,10/05/2011,24,,,,,,,,
2,305.0,3,32.49394940023753,35.483574757597445,10/05/2011,24,,,,,,,,
2,306.0,3,32.493918560100816,35.483453153199264,10/05/2011,24,,,,,,,,
2,307.0,3,32.494117221572075,35.483367582081705,10/05/2011,24,,,,,,,,
2,308.0,3,32.49414831579017,35.48349663554351,10/05/2011,24,,,,,,,,
2,309.0,3,32.494177042487166,35.48359535760699,10/05/2011,24,,,,,,,,
2,310.0,3,32.49420958041649,35.48372388368991,10/05/2011,24,,,,,,,,
2,311.0,3,32.49423996257174,35.48384857277541,10/05/2011,24,,,,,,,,
2,312.0,3,32.49426782709129,35.483969955735034,10/05/2011,24,,,,,,,,
2,313.0,3,32.494295323471306,35.484094636052966,10/05/2011,24,,,,,,,,
2,314.0,3,32.494322376433644,35.48421591024872,10/05/2011,24,,,,,,,,
2,315.0,3,32.49435195695763,35.48433591553491,10/05/2011,24,,,,,,,,
2,316.0,3,32.49437765969875,35.48445601528519,10/05/2011,24,,,,,,,,
2,317.0,3,32.49440704756598,35.484581446569834,10/05/2011,24,,,,,,,,
2,318.0,3,32.49443119817463,35.484710053720995,10/05/2011,24,,,,,,,,
2,319.0,3,32.494461324003986,35.48482793298462,10/05/2011,24,,,,,,,,
2,320.0,3,32.494495680016996,35.48494933668835,10/05/2011,24,,,,,,,,
2,321.0,3,32.49451626415107,35.48505963201539,10/05/2011,24,,,,,,,,
2,322.0,3,32.494543149127594,35.485174947813086,10/05/2011,24,,,,,,,,
2,323.0,3,32.49457343871547,35.48530006315744,10/05/2011,24,,,,,,,,
2,324.0,3,32.494608801971836,35.48545477386791,10/05/2011,24,,,,,,,,
2,325.0,3,32.494642058186564,35.485583835466954,10/05/2011,24,,,,,,,,
2,326.0,3,32.4946689181832,35.48571011082276,10/05/2011,24,,,,,,,,
2,327.0,3,32.49469805854644,35.485824689220166,10/05/2011,24,,,,,,,,
2,328.0,3,32.49472438107225,35.48594926063072,10/05/2011,24,,,,,,,,
2,329.0,2,32.494750096555485,35.48606297729184,10/05/2011,24,,,,,,,,
2,330.0,2,32.49478291771844,35.48618469626726,10/05/2011,24,,,,,,,,
2,331.0,2,32.49480556449108,35.486299573912106,10/05/2011,24,,,,,,,,
2,332.0,2,32.49483622294605,35.48642054148961,10/05/2011,24,,,,,,,,
2,333.0,2,32.49486406779777,35.486549586872734,10/05/2011,24,,,,,,,,
2,334.0,2,32.49488651718464,35.48667191219449,10/05/2011,24,,,,,,,,
2,335.0,2,32.49491769387299,35.48680288336217,10/05/2011,24,,,,,,,,
2,336.0,2,32.49494100807265,35.486901377587074,10/05/2011,24,,,,,,,,
2,337.0,2,32.495093591618144,35.4866557474189,10/05/2011,24,,,,,,,,
2,338.0,2,32.495063747810484,35.486533505140734,10/05/2011,24,,,,,,,,
2,339.0,2,32.49503488457756,35.4864162668778,10/05/2011,24,,,,,,,,
2,340.0,2,32.49500595751747,35.48628721791572,10/05/2011,24,,,,,,,,
2,341.0,2,32.49497375837529,35.48616965020144,10/05/2011,24,,,,,,,,
2,342.0,2,32.49495264466131,35.48605467075023,10/05/2011,24,,,,,,,,
2,343.0,3,32.49492523040986,35.48593445805448,10/05/2011,24,,,,,,,,
2,344.0,3,32.494893019515516,35.4858219978022,10/05/2011,24,,,,,,,,
2,345.0,3,32.49487048269608,35.48569807638561,10/05/2011,24,,,,,,,,
2,346.0,3,32.494843248210316,35.48557797086656,10/05/2011,24,,,,,,,,
2,347.0,3,32.494812960090705,35.48545232305397,10/05/2011,24,,,,,,,,
2,348.0,3,32.49478081028036,35.485312305361866,10/05/2011,24,,,,,,,,
2,349.0,3,32.49475186499026,35.48519091794669,10/05/2011,24,,,,,,,,
2,350.0,3,32.49471871966482,35.48505238696731,10/05/2011,24,,,,,,,,
2,351.0,3,32.49468986571871,35.48493036159402,10/05/2011,24,,,,,,,,
2,352.0,3,32.494659143628766,35.48479683917629,10/05/2011,24,,,,,,,,
2,353.0,3,32.494632013854414,35.484669818456894,10/05/2011,24,,,,,,,,
2,354.0,3,32.494604147173085,35.48454971160119,10/05/2011,24,,,,,,,,
2,355.0,3,32.4945699829585,35.48442298844251,10/05/2011,24,,,,,,,,
2,356.0,3,32.49454493198605,35.48429363357359,10/05/2011,24,,,,,,,,
2,357.0,3,32.49451256765711,35.484168405778725,10/05/2011,24,,,,,,,,
2,358.0,3,32.49448254769615,35.48404318532613,10/05/2011,24,,,,,,,,
2,359.0,3,32.494454705937024,35.48391158763625,10/05/2011,24,,,,,,,,
2,360.0,3,32.494428749874004,35.48378350708517,10/05/2011,24,,,,,,,,
2,361.0,3,32.49440080562819,35.483657335680235,10/05/2011,24,,,,,,,,
2,362.0,3,32.49436942123599,35.483537218576636,10/05/2011,24,,,,,,,,
2,363.0,3,32.4943415619611,35.4834132820088,10/05/2011,24,,,,,,,,
2,364.0,3,32.49452551522747,35.48329148867561,10/05/2011,24,,,,,,,,
2,365.0,3,32.49455553027557,35.48341926255168,10/05/2011,24,,,,,,,,
2,366.0,3,32.49458558201019,35.48353043805566,10/05/2011,24,,,,,,,,
2,367.0,3,32.49461273607497,35.48364703113824,10/05/2011,24,,,,,,,,
2,368.0,3,32.49463898735826,35.48376404710477,10/05/2011,24,,,,,,,,
2,369.0,3,32.49467315200054,35.483890876516874,10/05/2011,24,,,,,,,,
2,370.0,3,32.49469992872653,35.48401481033633,10/05/2011,24,,,,,,,,
2,371.0,3,32.49473048762133,35.484140990360636,10/05/2011,24,,,,,,,,
2,372.0,3,32.494757249665916,35.484271414764905,10/05/2011,24,,,,,,,,
2,373.0,3,32.49478896658135,35.48440387622037,10/05/2011,24,,,,,,,,
2,374.0,3,32.49481610230696,35.484528343468,10/05/2011,24,,,,,,,,
2,375.0,3,32.49484612746691,35.48465101092527,10/05/2011,24,,,,,,,,
2,376.0,3,32.494875341188475,35.484773569545084,10/05/2011,24,,,,,,,,
2,377.0,3,32.49490543375086,35.484906345511064,10/05/2011,24,,,,,,,,
2,378.0,3,32.49493914945652,35.48503179111102,10/05/2011,24,,,,,,,,
2,379.0,3,32.49496702421831,35.48514806812922,10/05/2011,24,,,,,,,,
2,380.0,3,32.49499046900637,35.4852694387278,10/05/2011,24,,,,,,,,
2,381.0,3,32.4950229093373,35.48540051989944,10/05/2011,24,,,,,,,,
2,382.0,3,32.495053003612064,35.48553223227734,10/05/2011,24,,,,,,,,
2,383.0,3,32.495079686877055,35.48565691161825,10/05/2011,24,,,,,,,,
2,384.0,3,32.495112942877874,35.48578597396381,10/05/2011,24,,,,,,,,
2,385.0,3,32.495139688928894,35.48592278345421,10/05/2011,24,,,,,,,,
2,386.0,3,32.49524399553825,35.4855301662898,10/05/2011,24,,,,,,,,
2,387.0,3,32.49521782396222,35.485418575774034,10/05/2011,24,,,,,,,,
2,388.0,3,32.495192173135365,35.48531603109353,10/05/2011,24,,,,,,,,
2,389.0,3,32.495162823757674,35.48517368072133,10/05/2011,24,,,,,,,,
2,390.0,3,32.49513497749636,35.485044635323995,10/05/2011,24,,,,,,,,
2,391.0,3,32.49510151856812,35.48492536154191,10/05/2011,24,,,,,,,,
2,392.0,3,32.49507268489158,35.48479418521128,10/05/2011,24,,,,,,,,
2,393.0,3,32.4950451092317,35.484664928093814,10/05/2011,24,,,,,,,,
2,394.0,3,32.49501266410694,35.48453565596256,10/05/2011,24,,,,,,,,
2,395.0,3,32.494983726591975,35.48441043804888,10/05/2011,24,,,,,,,,
2,396.0,3,32.49495147953417,35.48427308019386,10/05/2011,24,,,,,,,,
2,397.0,3,32.49492317391249,35.4841474387978,10/05/2011,24,,,,,,,,
2,398.0,3,32.49489667800426,35.484018930239294,10/05/2011,24,,,,,,,,
2,399.0,3,32.49486981182074,35.4838946766675,10/05/2011,24,,,,,,,,
2,400.0,3,32.49484086232731,35.48377456638399,10/05/2011,24,,,,,,,,
2,401.0,3,32.49481237916548,35.483647435128326,10/05/2011,24,,,,,,,,
2,402.0,3,32.49478325829315,35.48352317481866,10/05/2011,24,,,,,,,,
2,403.0,3,32.494752252632004,35.48339486552189,10/05/2011,24,,,,,,,,
2,404.0,3,32.49472764085747,35.48327030008346,10/05/2011,24,,,,,,,,
2,405.0,2,32.49492119368297,35.483170560656596,10/05/2011,24,,,,,,,,
2,406.0,2,32.4949490616792,35.483290667519185,10/05/2011,24,,,,,,,,
2,407.0,2,32.49498126280932,35.48340855339867,10/05/2011,24,,,,,,,,
2,408.0,2,32.49500651603768,35.48352843953548,10/05/2011,24,,,,,,,,
2,409.0,3,32.49502785018245,35.48362639489941,10/05/2011,24,,,,,,,,
2,410.0,3,32.495054219521926,35.48373085636985,10/05/2011,24,,,,,,,,
2,411.0,3,32.49507780688372,35.48382924440519,10/05/2011,24,,,,,,,,
2,412.0,3,32.49509920165962,35.48394039391365,10/05/2011,24,,,,,,,,
2,413.0,3,32.49512359781138,35.48403995497319,10/05/2011,24,,,,,,,,
2,414.0,3,32.495151482004246,35.48415240149352,10/05/2011,24,,,,,,,,
2,415.0,3,32.49518121878789,35.484283261328194,10/05/2011,24,,,,,,,,
2,416.0,3,32.495208552729515,35.48439974955894,10/05/2011,24,,,,,,,,
2,417.0,2,32.49523444663994,35.48451495657467,10/05/2011,24,,,,,,,,
2,418.0,2,32.49525906996947,35.48463377738047,10/05/2011,24,,,,,,,,
2,419.0,2,32.49528785938671,35.48474441822572,10/05/2011,24,,,,,,,,
2,420.0,2,32.49531591926153,35.48485867454345,10/05/2011,24,,,,,,,,
2,421.0,2,32.49534055365186,35.484972388288405,10/05/2011,24,,,,,,,,
2,422.0,2,32.49546400952529,35.484644840197426,10/05/2011,24,,,,,,,,
2,423.0,2,32.49543179748239,35.48453237972406,10/05/2011,24,,,,,,,,
2,424.0,2,32.4954063482985,35.484419940282535,10/05/2011,24,,,,,,,,
2,425.0,2,32.49537839760416,35.484296959357266,10/05/2011,24,,,,,,,,
2,426.0,2,32.495354819128046,35.48419474042956,10/05/2011,24,,,,,,,,
2,427.0,2,32.49532589262736,35.48406441488873,10/05/2011,24,,,,,,,,
2,428.0,2,32.49529810893023,35.48394728680388,10/05/2011,24,,,,,,,,
2,429.0,2,32.495273061729094,35.483816015798475,10/05/2011,24,,,,,,,,
2,430.0,2,32.49523925180685,35.48369184671328,10/05/2011,24,,,,,,,,
2,431.0,2,32.495209214385206,35.48357428628544,10/05/2011,24,,,,,,,,
2,432.0,2,32.49517991003256,35.483451408109204,10/05/2011,24,,,,,,,,
2,433.0,2,32.495148837712584,35.4833124578917,10/05/2011,24,,,,,,,,
2,434.0,2,32.49512574277008,35.48319513192383,10/05/2011,24,,,,,,,,
2,435.0,2,32.49530655366337,35.48306704969826,10/05/2011,24,,,,,,,,
2,436.0,2,32.49533550382781,35.483187160380304,10/05/2011,24,,,,,,,,
2,437.0,2,32.49536093808067,35.48330683468146,10/05/2011,24,,,,,,,,
2,438.0,2,32.495386739280214,35.48342363732746,10/05/2011,24,,,,,,,,
2,439.0,2,32.49541139479315,35.483528413068605,10/05/2011,24,,,,,,,,
2,440.0,2,32.49543744670782,35.48365404799035,10/05/2011,24,,,,,,,,
2,441.0,2,32.49546263125491,35.48376414559347,10/05/2011,24,,,,,,,,
2,442.0,2,32.4954897187859,35.48386999305572,10/05/2011,24,,,,,,,,
2,443.0,2,32.4955068022465,35.48397346878865,10/05/2011,24,,,,,,,,
2,444.0,2,32.49556904635029,35.48367818228762,10/05/2011,24,,,,,,,,
2,445.0,2,32.49553902024912,35.483555514163314,10/05/2011,24,,,,,,,,
2,446.0,2,32.49551224024886,35.4834328561414,10/05/2011,24,,,,,,,,
2,447.0,2,32.49548671500163,35.48331360693247,10/05/2011,24,,,,,,,,
2,448.0,2,32.49546010143848,35.48319712088854,10/05/2011,24,,,,,,,,
2,449.0,2,32.495436513585275,35.4830987325975,10/05/2011,24,,,,,,,,
3,1.0,3,32.49274737377064,35.483784374990975,16/05/2011,18,,,,,,,,
3,2.0,3,32.492774176144934,35.483896815126705,16/05/2011,18,,,,,,,,
3,3.0,3,32.492799345142195,35.48401382543258,16/05/2011,18,,,,,,,,
3,4.0,3,32.4928219136803,35.484124231017184,16/05/2011,18,,,,,,,,
3,5.0,3,32.49284439313124,35.48423410438556,16/05/2011,18,,,,,,,,
3,6.0,3,32.49286922407993,35.484340793118776,16/05/2011,18,,,,,,,,
3,7.0,3,32.49289334113139,35.484444074927545,16/05/2011,18,,,,,,,,
3,8.0,3,32.492920163993354,35.48454704597961,16/05/2011,18,,,,,,,,
3,9.0,3,32.492945226334946,35.48467118506563,16/05/2011,18,,,,,,,,
3,10.0,3,32.49297419490586,35.48478235563626,16/05/2011,18,,,,,,,,
3,11.0,2,32.49300207134405,35.484897991656,16/05/2011,18,,,,,,,,
3,12.0,2,32.49302455011654,35.48500786543096,16/05/2011,18,,,,,,,,
3,13.0,2,32.493052453402214,35.48511137214962,16/05/2011,18,,,,,,,,
3,14.0,2,32.49307871592255,35.48522274738339,16/05/2011,18,,,,,,,,
3,15.0,2,32.49310441569274,35.48534380327221,16/05/2011,18,,,,,,,,
3,16.0,2,32.493135078178206,35.48546338506922,16/05/2011,18,,,,,,,,
3,17.0,3,32.492944913984886,35.483716570886,16/05/2011,18,,,,,,,,
3,18.0,3,32.49296843050573,35.48384687615338,16/05/2011,18,,,,,,,,
3,19.0,3,32.4929966526606,35.48396964169783,16/05/2011,18,,,,,,,,
3,20.0,3,32.4930191577813,35.484068024202394,16/05/2011,18,,,,,,,,
3,21.0,3,32.49304486836304,35.48418471735138,16/05/2011,18,,,,,,,,
3,23.0,3,32.49308019727548,35.48431495306241,16/05/2011,18,,,,,,,,
3,24.0,3,32.49310913206777,35.4844414450879,16/05/2011,18,,,,,,,,
3,25.0,3,32.49313989174345,35.484558260506255,16/05/2011,18,,,,,,,,
3,26.0,3,32.49316741314467,35.48467144838282,16/05/2011,18,,,,,,,,
3,27.0,3,32.493194713324,35.48480293634642,16/05/2011,18,,,,,,,,
3,28.0,3,32.49322799584152,35.48492050462281,16/05/2011,18,,,,,,,,
3,29.0,3,32.493256298100626,35.48504731428124,16/05/2011,18,,,,,,,,
3,30.0,3,32.49328657192711,35.48517955651983,16/05/2011,18,,,,,,,,
3,31.0,3,32.49331945492595,35.48531436054521,16/05/2011,18,,,,,,,,
3,32.0,3,32.49334423244287,35.48544456428253,16/05/2011,18,,,,,,,,
3,33.0,3,32.49337212966044,35.48555062507396,16/05/2011,18,,,,,,,,
3,34.0,3,32.493399360622504,35.48567232461092,16/05/2011,18,,,,,,,,
3,35.0,3,32.4934319663867,35.48580989451136,16/05/2011,18,,,,,,,,
3,36.0,3,32.493459905388136,35.48593744839768,16/05/2011,18,,,,,,,,
3,37.0,3,32.49348910429783,35.48606607028619,16/05/2011,18,,,,,,,,
3,38.0,3,32.49351911653672,35.48619384359425,16/05/2011,18,,,,,,,,
3,39.0,2,32.49354524096509,35.486326180054526,16/05/2011,18,,,,,,,,
3,40.0,2,32.49357813536869,35.48645534571933,16/05/2011,18,,,,,,,,
3,41.0,2,32.49360472112085,35.486582895784196,16/05/2011,18,,,,,,,,
3,42.0,3,32.49363358039632,35.48670183462796,16/05/2011,18,,,,,,,,
3,43.0,2,32.49365682114626,35.48683309839025,16/05/2011,18,,,,,,,,
3,44.0,2,32.49367932115169,35.486932759101485,16/05/2011,18,,,,,,,,
3,45.0,2,32.49371724190346,35.48707204889919,16/05/2011,18,,,,,,,,
3,46.0,2,32.4937416009204,35.48718703716302,16/05/2011,18,,,,,,,,
3,47.0,2,32.493772722792045,35.487302046654754,16/05/2011,18,,,,,,,,
3,48.0,2,32.49381504719014,35.48748784741153,16/05/2011,18,,,,,,,,
3,49.0,2,32.49383645885484,35.48759005865299,16/05/2011,18,,,,,,,,
3,50.0,2,32.49386303027745,35.487723461378714,16/05/2011,18,,,,,,,,
3,51.0,2,32.49389466177933,35.48785219843908,16/05/2011,18,,,,,,,,
3,52.0,2,32.49392791553988,35.4879812598795,16/05/2011,18,,,,,,,,
3,53.0,2,32.49395783157466,35.48811084293969,16/05/2011,18,,,,,,,,
3,54.0,2,32.49398631646947,35.48823520797319,16/05/2011,18,,,,,,,,
3,55.0,2,32.49401704931852,35.488362346556976,16/05/2011,18,,,,,,,,
3,56.0,2,32.494042737406204,35.48848723496218,16/05/2011,18,,,,,,,,
3,57.0,2,32.4940749545738,35.48859586469593,16/05/2011,18,,,,,,,,
3,58.0,2,32.49409858215628,35.48871468193696,16/05/2011,18,,,,,,,,
3,59.0,2,32.4941278816139,35.488837453907394,16/05/2011,18,,,,,,,,
3,60.0,2,32.49415573193132,35.48896298780935,16/05/2011,18,,,,,,,,
3,61.0,2,32.49418685505975,35.48907672162996,16/05/2011,18,,,,,,,,
3,62.0,2,32.494216049301336,35.48920598394321,16/05/2011,18,,,,,,,,
3,63.0,2,32.49424614850999,35.489333759582884,16/05/2011,18,,,,,,,,
3,64.0,2,32.49427436143124,35.48945823093659,16/05/2011,18,,,,,,,,
3,65.0,2,32.4942989800966,35.48957705178872,16/05/2011,18,,,,,,,,
3,66.0,2,32.4945221977369,35.48959988745757,16/05/2011,18,,,,,,,,
3,67.0,2,32.494493265263976,35.48947466864226,16/05/2011,18,,,,,,,,
3,68.0,2,32.49446322457296,35.489360937712455,16/05/2011,18,,,,,,,,
3,69.0,2,32.49443536815474,35.48923827606668,16/05/2011,18,,,,,,,,
3,70.0,2,32.49440740675958,35.48912210461761,16/05/2011,18,,,,,,,,
3,71.0,2,32.494376863210995,35.488991348197,16/05/2011,18,,,,,,,,
3,72.0,2,32.49434882199661,35.488870495012684,16/05/2011,18,,,,,,,,
3,73.0,2,32.49431883268439,35.488733782062084,16/05/2011,18,,,,,,,,
3,74.0,2,32.49428770059608,35.48862387858936,16/05/2011,18,,,,,,,,
3,75.0,2,32.494261740927776,35.488499520956765,16/05/2011,18,,,,,,,,
3,76.0,2,32.49423288888421,35.48837813352637,16/05/2011,18,,,,,,,,
3,77.0,2,32.49420608765752,35.488266967073216,16/05/2011,18,,,,,,,,
3,78.0,2,32.49418209968136,35.48814782947258,16/05/2011,18,,,,,,,,
3,79.0,2,32.49415289427931,35.48802303633329,16/05/2011,18,,,,,,,,
3,80.0,2,32.494115961695904,35.48788587657818,16/05/2011,18,,,,,,,,
3,81.0,2,32.494089724308225,35.487764391333414,16/05/2011,18,,,,,,,,
3,82.0,3,32.49406196823338,35.48763651737239,16/05/2011,18,,,,,,,,
3,83.0,3,32.49403142792107,35.487503633949046,16/05/2011,18,,,,,,,,
3,84.0,3,32.4940078577832,35.48739886213947,16/05/2011,18,,,,,,,,
3,85.0,3,32.49395925537996,35.48723793906256,16/05/2011,18,,,,,,,,
3,86.0,2,32.493931414092344,35.48710761797211,16/05/2011,18,,,,,,,,
3,87.0,3,32.493904664776906,35.48697283156367,16/05/2011,18,,,,,,,,
3,88.0,3,32.49387244333735,35.4868654793966,16/05/2011,18,,,,,,,,
3,89.0,3,32.493846754351786,35.48674027247717,16/05/2011,18,,,,,,,,
3,90.0,3,32.49381591346094,35.486620369551595,16/05/2011,18,,,,,,,,
3,91.0,3,32.493794552525316,35.48649517628644,16/05/2011,18,,,,,,,,
3,92.0,3,32.49376886316982,35.48636996957746,16/05/2011,18,,,,,,,,
3,93.0,3,32.49373830721691,35.48624347096367,16/05/2011,18,,,,,,,,
3,94.0,3,32.49371078557135,35.48613102669823,16/05/2011,18,,,,,,,,
3,95.0,3,32.49368077327096,35.486003253139096,16/05/2011,18,,,,,,,,
3,96.0,3,32.49365390094423,35.48588261824099,16/05/2011,18,,,,,,,,
3,97.0,3,32.493627027787724,35.48576230261142,16/05/2011,18,,,,,,,,
3,98.0,3,32.49359696226736,35.48561782433919,16/05/2011,18,,,,,,,,
3,99.0,3,32.49356691807311,35.485504095794425,16/05/2011,18,,,,,,,,
3,100.0,3,32.49354337382064,35.485386982735406,16/05/2011,18,,,,,,,,
3,101.0,3,32.4935155896739,35.48527060136113,16/05/2011,18,,,,,,,,
3,102.0,3,32.49348834503174,35.48515486013241,16/05/2011,18,,,,,,,,
3,103.0,3,32.49345832034724,35.48503219435771,16/05/2011,18,,,,,,,,
3,104.0,3,32.493427841832535,35.4849108040523,16/05/2011,18,,,,,,,,
3,105.0,3,32.493401780246366,35.48479006592755,16/05/2011,18,,,,,,,,
3,106.0,3,32.49337372834384,35.484672194491466,16/05/2011,18,,,,,,,,
3,107.0,3,32.49334693235489,35.484557199810546,16/05/2011,18,,,,,,,,
3,108.0,3,32.49332394151286,35.48443413061657,16/05/2011,18,,,,,,,,
3,109.0,3,32.493292554300574,35.48431561066527,16/05/2011,18,,,,,,,,
3,110.0,3,32.49326396020492,35.4841980570374,16/05/2011,18,,,,,,,,
3,111.0,3,32.493232855346655,35.48407411174532,16/05/2011,18,,,,,,,,
3,112.0,3,32.49320724523646,35.483952737118564,16/05/2011,18,,,,,,,,
3,113.0,3,32.49318053616112,35.48383891352255,16/05/2011,18,,,,,,,,
3,114.0,3,32.49315574328235,35.48371488157195,16/05/2011,18,,,,,,,,
3,115.0,3,32.49334537775194,35.483593107980866,16/05/2011,18,,,,,,,,
3,116.0,3,32.493371044374825,35.48372980441844,16/05/2011,18,,,,,,,,
3,117.0,3,32.493393210883404,35.483858935734034,16/05/2011,18,,,,,,,,
3,118.0,3,32.49342504513495,35.483979372238615,16/05/2011,18,,,,,,,,
3,119.0,3,32.49345272895558,35.4841008599823,16/05/2011,18,,,,,,,,
3,120.0,3,32.49347813255029,35.484233938317246,16/05/2011,18,,,,,,,,
3,121.0,3,32.49350707309986,35.4843578772973,16/05/2011,18,,,,,,,,
3,122.0,3,32.493537175591264,35.48448639515016,16/05/2011,18,,,,,,,,
3,123.0,3,32.49357106568333,35.48461471203006,16/05/2011,18,,,,,,,,
3,124.0,3,32.49359873561505,35.48474215851468,16/05/2011,18,,,,,,,,
3,125.0,3,32.49362452791211,35.484862364054045,16/05/2011,18,,,,,,,,
3,126.0,3,32.493659948896294,35.48499143074958,16/05/2011,18,,,,,,,,
3,127.0,3,32.49368653352289,35.48512015090306,16/05/2011,18,,,,,,,,
3,128.0,3,32.49371645916054,35.4852467535113,16/05/2011,18,,,,,,,,
3,129.0,3,32.49374675272553,35.48537005894369,16/05/2011,18,,,,,,,,
3,130.0,3,32.4937757007064,35.48549016826994,16/05/2011,18,,,,,,,,
3,131.0,3,32.49380999617135,35.485638383953244,16/05/2011,18,,,,,,,,
3,132.0,3,32.493837111416894,35.48577146856787,16/05/2011,18,,,,,,,,
3,133.0,3,32.49386497693909,35.485891574770214,16/05/2011,18,,,,,,,,
3,134.0,3,32.49389454705819,35.48601551676644,16/05/2011,18,,,,,,,,
3,135.0,3,32.49392256934829,35.486146050837235,16/05/2011,18,,,,,,,,
3,136.0,3,32.49394853969084,35.48626668335898,16/05/2011,18,,,,,,,,
3,137.0,3,32.49397847680555,35.48638764752583,16/05/2011,18,,,,,,,,
3,138.0,3,32.494008494435604,35.48651286803954,16/05/2011,18,,,,,,,,
3,139.0,3,32.49403805439501,35.486641066418926,16/05/2011,18,,,,,,,,
3,140.0,3,32.49406465332199,35.48676265880289,16/05/2011,18,,,,,,,,
3,141.0,3,32.49409655608556,35.486891503067525,16/05/2011,18,,,,,,,,
3,142.0,3,32.49412240232413,35.48702692531836,16/05/2011,18,,,,,,,,
3,143.0,2,32.4941535042574,35.487150872826334,16/05/2011,18,,,,,,,,
3,144.0,3,32.49418938522863,35.48731494840424,16/05/2011,18,,,,,,,,
3,145.0,3,32.49422237978761,35.48743922123051,16/05/2011,18,,,,,,,,
3,146.0,3,32.4942489059616,35.4875527274149,16/05/2011,18,,,,,,,,
3,147.0,3,32.49427621173447,35.487680387402825,16/05/2011,18,,,,,,,,
3,148.0,3,32.49430729001795,35.4878145497413,16/05/2011,18,,,,,,,,
3,149.0,2,32.49433837678805,35.48794488177,16/05/2011,18,,,,,,,,
3,150.0,2,32.49436514088478,35.488072646701966,16/05/2011,18,,,,,,,,
3,151.0,2,32.494396221867476,35.488205426103086,16/05/2011,18,,,,,,,,
3,152.0,3,32.494420734499684,35.48833180090902,16/05/2011,18,,,,,,,,
3,153.0,3,32.494448606212664,35.48844807825322,16/05/2011,18,,,,,,,,
3,154.0,3,32.49447430790479,35.48856690246897,16/05/2011,18,,,,,,,,
3,155.0,3,32.49450879113241,35.48871022659636,16/05/2011,18,,,,,,,,
3,156.0,3,32.494536648305825,35.48883278178297,16/05/2011,18,,,,,,,,
3,157.0,3,32.49456778598213,35.48894013202267,16/05/2011,18,,,,,,,,
3,158.0,3,32.49459218748324,35.489075444604936,16/05/2011,18,,,,,,,,
3,159.0,3,32.49462541397102,35.48921599872189,16/05/2011,18,,,,,,,,
3,160.0,2,32.49465112071653,35.489332269773996,16/05/2011,18,,,,,,,,
3,161.0,2,32.49468007068196,35.48944982793394,16/05/2011,18,,,,,,,,
3,162.0,2,32.49489765736893,35.48949041467177,16/05/2011,18,,,,,,,,
3,163.0,2,32.494868915015275,35.489360833511945,16/05/2011,18,,,,,,,,
3,164.0,2,32.494837488536255,35.48922188065567,16/05/2011,18,,,,,,,,
3,165.0,2,32.49480962332119,35.48910304896347,16/05/2011,18,,,,,,,,
3,166.0,2,32.49478005986895,35.4889775087155,16/05/2011,18,,,,,,,,
3,167.0,2,32.494749769617684,35.4888543070896,16/05/2011,18,,,,,,,,
3,168.0,2,32.49472012511867,35.488724617102356,16/05/2011,18,,,,,,,,
3,169.0,2,32.49468578717573,35.488596827663805,16/05/2011,18,,,,,,,,
3,170.0,3,32.49465795595289,35.488462674702035,16/05/2011,18,,,,,,,,
3,171.0,3,32.49462902234805,35.488337456053564,16/05/2011,18,,,,,,,,
3,172.0,3,32.49460222972856,35.48822245871198,16/05/2011,18,,,,,,,,
3,173.0,2,32.494571445908065,35.48807786941759,16/05/2011,18,,,,,,,,
3,174.0,3,32.494539184875144,35.48794849093251,16/05/2011,18,,,,,,,,
3,175.0,3,32.49450378131939,35.487813037829966,16/05/2011,18,,,,,,,,
3,176.0,3,32.49448009121799,35.487681558378476,16/05/2011,18,,,,,,,,
3,177.0,3,32.49444855235499,35.48755165042175,16/05/2011,18,,,,,,,,
3,178.0,3,32.49441924183345,35.487433240827286,16/05/2011,18,,,,,,,,
3,179.0,3,32.494386858627394,35.487317800915136,16/05/2011,18,,,,,,,,
3,180.0,2,32.494346171440824,35.487125620132915,16/05/2011,18,,,,,,,,
3,181.0,3,32.4943172140395,35.48701040393598,16/05/2011,18,,,,,,,,
3,182.0,3,32.49430228288439,35.486913319775596,16/05/2011,18,,,,,,,,
3,183.0,3,32.49427324681408,35.486792889821366,16/05/2011,18,,,,,,,,
3,184.0,3,32.494237901395735,35.48667116343266,16/05/2011,18,,,,,,,,
3,185.0,3,32.49420354990668,35.48654848263565,16/05/2011,18,,,,,,,,
3,186.0,3,32.49417156591886,35.48641548846123,16/05/2011,18,,,,,,,,
3,187.0,3,32.494150100072005,35.48629678485756,16/05/2011,18,,,,,,,,
3,188.0,3,32.49412602410432,35.486175838761724,16/05/2011,18,,,,,,,,
3,189.0,3,32.494095963275576,35.48606977015102,16/05/2011,18,,,,,,,,
3,190.0,3,32.494066482909204,35.48594604094107,16/05/2011,18,,,,,,,,
3,191.0,3,32.494042571482616,35.485832011590055,16/05/2011,18,,,,,,,,
3,192.0,3,32.494014156782086,35.485715521074056,16/05/2011,18,,,,,,,,
3,193.0,3,32.493992763565316,35.485604372493704,16/05/2011,18,,,,,,,,
3,194.0,3,32.49395906339057,35.485472224825685,16/05/2011,18,,,,,,,,
3,195.0,3,32.49393809873031,35.485370972931534,16/05/2011,18,,,,,,,,
3,196.0,3,32.493911583166415,35.485251828587124,16/05/2011,18,,,,,,,,
3,197.0,3,32.493882632111095,35.485132995948774,16/05/2011,18,,,,,,,,
3,198.0,3,32.49385189741514,35.48500522023041,16/05/2011,18,,,,,,,,
3,199.0,3,32.49382529963042,35.48488235184386,16/05/2011,18,,,,,,,,
3,200.0,3,32.49379733159223,35.484767352890536,16/05/2011,18,,,,,,,,
3,201.0,3,32.49376945930782,35.484649800701895,16/05/2011,18,,,,,,,,
3,202.0,3,32.49374448262754,35.4845276823552,16/05/2011,18,,,,,,,,
3,203.0,3,32.49371409190771,35.48440714330506,16/05/2011,18,,,,,,,,
3,204.0,3,32.49368279816038,35.484287133539496,16/05/2011,18,,,,,,,,
3,205.0,3,32.49365815745499,35.48417597564791,16/05/2011,18,,,,,,,,
3,206.0,3,32.49362922145642,35.48404990853262,16/05/2011,18,,,,,,,,
3,207.0,3,32.49360003230029,35.48391596712012,16/05/2011,18,,,,,,,,
3,208.0,3,32.493577108565205,35.4838030059392,16/05/2011,18,,,,,,,,
3,209.0,3,32.49354482328225,35.483682567899386,16/05/2011,18,,,,,,,,
3,210.0,3,32.49351478016723,35.48356756326106,16/05/2011,18,,,,,,,,
3,211.0,3,32.49375555909894,35.483560433291494,16/05/2011,18,,,,,,,,
3,212.0,3,32.493790647409966,35.483677475425374,16/05/2011,18,,,,,,,,
3,213.0,3,32.49380897267756,35.483790316228436,16/05/2011,18,,,,,,,,
3,214.0,3,32.493839026927965,35.4839002141394,16/05/2011,18,,,,,,,,
3,215.0,3,32.49385512911508,35.48399889694017,16/05/2011,18,,,,,,,,
3,216.0,3,32.493877864757906,35.484115262744,16/05/2011,18,,,,,,,,
3,217.0,3,32.49390679122396,35.48424558620926,16/05/2011,18,,,,,,,,
3,218.0,3,32.493932488375634,35.484368238932014,16/05/2011,18,,,,,,,,
3,219.0,3,32.49396034955503,35.484490898429755,16/05/2011,18,,,,,,,,
3,220.0,3,32.493987316467184,35.48461015041819,16/05/2011,18,,,,,,,,
3,221.0,3,32.494016464951905,35.48472153561257,16/05/2011,18,,,,,,,,
3,222.0,3,32.49404704092825,35.48483973493598,16/05/2011,18,,,,,,,,
3,223.0,3,32.49407380818611,35.484967498560245,16/05/2011,18,,,,,,,,
3,224.0,3,32.494102485317605,35.48508792655522,16/05/2011,18,,,,,,,,
3,225.0,3,32.49412934866816,35.48521292421471,16/05/2011,18,,,,,,,,
3,226.0,3,32.494158024138585,35.48533399075891,16/05/2011,18,,,,,,,,
3,227.0,3,32.494183708818795,35.48546175131813,16/05/2011,18,,,,,,,,
3,228.0,3,32.49421589722236,35.48558442495094,16/05/2011,18,,,,,,,,
3,229.0,3,32.4942437743349,35.48569942440427,16/05/2011,18,,,,,,,,
3,230.0,3,32.49426705276659,35.485814303209864,16/05/2011,18,,,,,,,,
3,231.0,3,32.49429878877056,35.48593750767459,16/05/2011,18,,,,,,,,
3,232.0,3,32.494323207320335,35.48606664786632,16/05/2011,18,,,,,,,,
3,233.0,3,32.4943543387876,35.48617782731951,16/05/2011,18,,,,,,,,
3,234.0,3,32.494379593194004,35.486296010975416,16/05/2011,18,,,,,,,,
3,235.0,3,32.4944043899487,35.48641717249323,16/05/2011,18,,,,,,,,
3,236.0,3,32.49443441613156,35.48653856320211,16/05/2011,18,,,,,,,,
3,237.0,3,32.49446012535724,35.48665483326574,16/05/2011,18,,,,,,,,
3,238.0,3,32.49448907496595,35.48677366714115,16/05/2011,18,,,,,,,,
3,239.0,3,32.49451755257961,35.486901862904645,16/05/2011,18,,,,,,,,
3,240.0,3,32.49454569804513,35.4870172895865,16/05/2011,18,,,,,,,,
3,241.0,3,32.49458544968118,35.4871844635661,16/05/2011,18,,,,,,,,
3,242.0,3,32.4946101463147,35.48730966852863,16/05/2011,18,,,,,,,,
3,243.0,3,32.494639101045145,35.48742594919734,16/05/2011,18,,,,,,,,
3,244.0,2,32.49466713071838,35.487552547955666,16/05/2011,18,,,,,,,,
3,245.0,2,32.49469471299237,35.48767754937181,16/05/2011,18,,,,,,,,
3,246.0,2,32.49472824319091,35.48780405913052,16/05/2011,18,,,,,,,,
3,247.0,3,32.494747435788916,35.4879305240074,16/05/2011,18,,,,,,,,
3,248.0,3,32.494783964456715,35.48804682881757,16/05/2011,18,,,,,,,,
3,249.0,3,32.494807485103365,35.48817330741112,16/05/2011,18,,,,,,,,
3,250.0,3,32.49483739084727,35.48830736062231,16/05/2011,18,,,,,,,,
3,251.0,3,32.494871477535746,35.48842674366644,16/05/2011,18,,,,,,,,
3,252.0,3,32.49489435890161,35.48855662531581,16/05/2011,18,,,,,,,,
3,253.0,3,32.494925467968294,35.488676743973485,16/05/2011,18,,,,,,,,
3,254.0,3,32.49495332204346,35.4888006829257,16/05/2011,18,,,,,,,,
3,255.0,3,32.49498657192851,35.48893102303158,16/05/2011,18,,,,,,,,
3,256.0,3,32.495016741122114,35.48906784402651,16/05/2011,18,,,,,,,,
3,257.0,3,32.49504684310983,35.48919445034592,16/05/2011,18,,,,,,,,
3,258.0,3,32.49507281653461,35.48931242520193,16/05/2011,18,,,,,,,,
3,259.0,3,32.49509942346757,35.489429338106355,16/05/2011,18,,,,,,,,
3,260.0,2,32.495239655821194,35.48910504192712,16/05/2011,18,,,,,,,,
3,261.0,2,32.495213934434794,35.48899515424254,16/05/2011,18,,,,,,,,
3,262.0,2,32.495175187688005,35.488863200458354,16/05/2011,18,,,,,,,,
3,263.0,2,32.49514759554084,35.48874309246865,16/05/2011,18,,,,,,,,
3,264.0,2,32.495120174011696,35.48862724115625,16/05/2011,18,,,,,,,,
3,265.0,2,32.49508800300404,35.488498181178635,16/05/2011,18,,,,,,,,
3,266.0,2,32.49505873395836,35.488361788697425,16/05/2011,18,,,,,,,,
3,267.0,2,32.495028557037166,35.48822805349284,16/05/2011,18,,,,,,,,
3,268.0,2,32.495005276982546,35.4881148755262,16/05/2011,18,,,,,,,,
3,269.0,2,32.49497461968201,35.48799411996144,16/05/2011,18,,,,,,,,
3,270.0,2,32.49494352434326,35.48786761742372,16/05/2011,18,,,,,,,,
3,271.0,2,32.49491485300111,35.48774580423551,16/05/2011,18,,,,,,,,
3,272.0,2,32.49488456489579,35.48762111321953,16/05/2011,18,,,,,,,,
3,273.0,3,32.49485833683521,35.48749537098907,16/05/2011,18,,,,,,,,
3,274.0,3,32.49482832306612,35.487368872169746,16/05/2011,18,,,,,,,,
3,275.0,2,32.49479902505138,35.487244822904174,16/05/2011,18,,,,,,,,
3,276.0,2,32.49475889918496,35.48708371220513,16/05/2011,18,,,,,,,,
3,277.0,2,32.494734188949586,35.48696446552439,16/05/2011,18,,,,,,,,
3,278.0,2,32.49470588267384,35.48684031321528,16/05/2011,18,,,,,,,,
3,279.0,2,32.49468015930047,35.48673042681004,16/05/2011,18,,,,,,,,
3,280.0,3,32.49465293343472,35.48660691642772,16/05/2011,18,,,,,,,,
3,281.0,3,32.49462391496198,35.48647850607326,16/05/2011,18,,,,,,,,
3,282.0,3,32.49459369979573,35.48636094497867,16/05/2011,18,,,,,,,,
3,283.0,3,32.49456689678779,35.48624977866531,16/05/2011,18,,,,,,,,
3,284.0,3,32.494539667351646,35.48612765178284,16/05/2011,18,,,,,,,,
3,285.0,3,32.49451117109156,35.48600743624446,16/05/2011,18,,,,,,,,
3,286.0,3,32.494480616448776,35.48588019190811,16/05/2011,18,,,,,,,,
3,287.0,3,32.494457268602666,35.48575605571709,16/05/2011,18,,,,,,,,
3,288.0,3,32.494425066103084,35.48563976570525,16/05/2011,18,,,,,,,,
3,289.0,3,32.494397396616634,35.48551253058598,16/05/2011,18,,,,,,,,
3,290.0,3,32.49436838153575,35.485382099336334,16/05/2011,18,,,,,,,,
3,291.0,3,32.494342129381906,35.485266147262884,16/05/2011,18,,,,,,,,
3,292.0,3,32.49430940651557,35.48514038628836,16/05/2011,18,,,,,,,,
3,293.0,3,32.49428371581609,35.485015179239774,16/05/2011,18,,,,,,,,
3,294.0,3,32.49425521564252,35.48489624118452,16/05/2011,18,,,,,,,,
3,295.0,3,32.49422456306081,35.48477197649432,16/05/2011,18,,,,,,,,
3,296.0,3,32.49420047046169,35.48465784028693,16/05/2011,18,,,,,,,,
3,297.0,3,32.49417151884786,35.48453900745401,16/05/2011,18,,,,,,,,
3,298.0,3,32.494146912225474,35.48441263371704,16/05/2011,18,,,,,,,,
3,299.0,3,32.49411499059191,35.48429113182205,16/05/2011,18,,,,,,,,
3,300.0,3,32.49408226225224,35.48416739310517,16/05/2011,18,,,,,,,,
3,301.0,3,32.49405870919353,35.48405368450756,16/05/2011,18,,,,,,,,
3,302.0,3,32.49403218316458,35.48393868996927,16/05/2011,18,,,,,,,,
3,303.0,3,32.49400386798415,35.48381719954264,16/05/2011,18,,,,,,,,
3,304.0,3,32.493980502745956,35.48369998050162,16/05/2011,18,,,,,,,,
3,305.0,3,32.49394940023753,35.483574757597445,16/05/2011,18,,,,,,,,
3,306.0,3,32.493918560100816,35.483453153199264,16/05/2011,18,,,,,,,,
3,307.0,3,32.494117221572075,35.483367582081705,16/05/2011,18,,,,,,,,
3,308.0,3,32.49414831579017,35.48349663554351,16/05/2011,18,,,,,,,,
3,309.0,3,32.494177042487166,35.48359535760699,16/05/2011,18,,,,,,,,
3,310.0,3,32.49420958041649,35.48372388368991,16/05/2011,18,,,,,,,,
3,311.0,3,32.49423996257174,35.48384857277541,16/05/2011,18,,,,,,,,
3,312.0,3,32.49426782709129,35.483969955735034,16/05/2011,18,,,,,,,,
3,313.0,3,32.494295323471306,35.484094636052966,16/05/2011,18,,,,,,,,
3,314.0,3,32.494322376433644,35.48421591024872,16/05/2011,18,,,,,,,,
3,315.0,3,32.49435195695763,35.48433591553491,16/05/2011,18,,,,,,,,
3,316.0,3,32.49437765969875,35.48445601528519,16/05/2011,18,,,,,,,,
3,317.0,3,32.49440704756598,35.484581446569834,16/05/2011,18,,,,,,,,
3,318.0,3,32.49443119817463,35.484710053720995,16/05/2011,18,,,,,,,,
3,319.0,3,32.494461324003986,35.48482793298462,16/05/2011,18,,,,,,,,
3,320.0,3,32.494495680016996,35.48494933668835,16/05/2011,18,,,,,,,,
3,321.0,3,32.49451626415107,35.48505963201539,16/05/2011,18,,,,,,,,
3,322.0,3,32.494543149127594,35.485174947813086,16/05/2011,18,,,,,,,,
3,323.0,3,32.49457343871547,35.48530006315744,16/05/2011,18,,,,,,,,
3,324.0,3,32.494608801971836,35.48545477386791,16/05/2011,18,,,,,,,,
3,325.0,3,32.494642058186564,35.485583835466954,16/05/2011,18,,,,,,,,
3,326.0,3,32.4946689181832,35.48571011082276,16/05/2011,18,,,,,,,,
3,327.0,3,32.49469805854644,35.485824689220166,16/05/2011,18,,,,,,,,
3,328.0,3,32.49472438107225,35.48594926063072,16/05/2011,18,,,,,,,,
3,329.0,2,32.494750096555485,35.48606297729184,16/05/2011,18,,,,,,,,
3,330.0,2,32.49478291771844,35.48618469626726,16/05/2011,18,,,,,,,,
3,331.0,2,32.49480556449108,35.486299573912106,16/05/2011,18,,,,,,,,
3,332.0,2,32.49483622294605,35.48642054148961,16/05/2011,18,,,,,,,,
3,333.0,2,32.49486406779777,35.486549586872734,16/05/2011,18,,,,,,,,
3,334.0,2,32.49488651718464,35.48667191219449,16/05/2011,18,,,,,,,,
3,335.0,2,32.49491769387299,35.48680288336217,16/05/2011,18,,,,,,,,
3,336.0,2,32.49494100807265,35.486901377587074,16/05/2011,18,,,,,,,,
3,337.0,2,32.495093591618144,35.4866557474189,16/05/2011,18,,,,,,,,
3,338.0,2,32.495063747810484,35.486533505140734,16/05/2011,18,,,,,,,,
3,339.0,2,32.49503488457756,35.4864162668778,16/05/2011,18,,,,,,,,
3,340.0,2,32.49500595751747,35.48628721791572,16/05/2011,18,,,,,,,,
3,341.0,2,32.49497375837529,35.48616965020144,16/05/2011,18,,,,,,,,
3,342.0,2,32.49495264466131,35.48605467075023,16/05/2011,18,,,,,,,,
3,343.0,3,32.49492523040986,35.48593445805448,16/05/2011,18,,,,,,,,
3,344.0,3,32.494893019515516,35.4858219978022,16/05/2011,18,,,,,,,,
3,345.0,3,32.49487048269608,35.48569807638561,16/05/2011,18,,,,,,,,
3,346.0,3,32.494843248210316,35.48557797086656,16/05/2011,18,,,,,,,,
3,347.0,3,32.494812960090705,35.48545232305397,16/05/2011,18,,,,,,,,
3,348.0,3,32.49478081028036,35.485312305361866,16/05/2011,18,,,,,,,,
3,349.0,3,32.49475186499026,35.48519091794669,16/05/2011,18,,,,,,,,
3,350.0,3,32.49471871966482,35.48505238696731,16/05/2011,18,,,,,,,,
3,351.0,3,32.49468986571871,35.48493036159402,16/05/2011,18,,,,,,,,
3,352.0,3,32.494659143628766,35.48479683917629,16/05/2011,18,,,,,,,,
3,353.0,3,32.494632013854414,35.484669818456894,16/05/2011,18,,,,,,,,
3,354.0,3,32.494604147173085,35.48454971160119,16/05/2011,18,,,,,,,,
3,355.0,3,32.4945699829585,35.48442298844251,16/05/2011,18,,,,,,,,
3,356.0,3,32.49454493198605,35.48429363357359,16/05/2011,18,,,,,,,,
3,357.0,3,32.49451256765711,35.484168405778725,16/05/2011,18,,,,,,,,
3,358.0,3,32.49448254769615,35.48404318532613,16/05/2011,18,,,,,,,,
3,359.0,3,32.494454705937024,35.48391158763625,16/05/2011,18,,,,,,,,
3,360.0,3,32.494428749874004,35.48378350708517,16/05/2011,18,,,,,,,,
3,361.0,3,32.49440080562819,35.483657335680235,16/05/2011,18,,,,,,,,
3,362.0,3,32.49436942123599,35.483537218576636,16/05/2011,18,,,,,,,,
3,363.0,3,32.4943415619611,35.4834132820088,16/05/2011,18,,,,,,,,
3,364.0,3,32.49452551522747,35.48329148867561,16/05/2011,18,,,,,,,,
3,365.0,3,32.49455553027557,35.48341926255168,16/05/2011,18,,,,,,,,
3,366.0,3,32.49458558201019,35.48353043805566,16/05/2011,18,,,,,,,,
3,367.0,3,32.49461273607497,35.48364703113824,16/05/2011,18,,,,,,,,
3,368.0,3,32.49463898735826,35.48376404710477,16/05/2011,18,,,,,,,,
3,369.0,3,32.49467315200054,35.483890876516874,16/05/2011,18,,,,,,,,
3,370.0,3,32.49469992872653,35.48401481033633,16/05/2011,18,,,,,,,,
3,371.0,3,32.49473048762133,35.484140990360636,16/05/2011,18,,,,,,,,
3,372.0,3,32.494757249665916,35.484271414764905,16/05/2011,18,,,,,,,,
3,373.0,3,32.49478896658135,35.48440387622037,16/05/2011,18,,,,,,,,
3,374.0,3,32.49481610230696,35.484528343468,16/05/2011,18,,,,,,,,
3,375.0,3,32.49484612746691,35.48465101092527,16/05/2011,18,,,,,,,,
3,376.0,3,32.494875341188475,35.484773569545084,16/05/2011,18,,,,,,,,
3,377.0,3,32.49490543375086,35.484906345511064,16/05/2011,18,,,,,,,,
3,378.0,3,32.49493914945652,35.48503179111102,16/05/2011,18,,,,,,,,
3,379.0,3,32.49496702421831,35.48514806812922,16/05/2011,18,,,,,,,,
3,380.0,3,32.49499046900637,35.4852694387278,16/05/2011,18,,,,,,,,
3,381.0,3,32.4950229093373,35.48540051989944,16/05/2011,18,,,,,,,,
3,382.0,3,32.495053003612064,35.48553223227734,16/05/2011,18,,,,,,,,
3,383.0,3,32.495079686877055,35.48565691161825,16/05/2011,18,,,,,,,,
3,384.0,3,32.495112942877874,35.48578597396381,16/05/2011,18,,,,,,,,
3,385.0,3,32.495139688928894,35.48592278345421,16/05/2011,18,,,,,,,,
3,386.0,3,32.49524399553825,35.4855301662898,16/05/2011,18,,,,,,,,
3,387.0,3,32.49521782396222,35.485418575774034,16/05/2011,18,,,,,,,,
3,388.0,3,32.495192173135365,35.48531603109353,16/05/2011,18,,,,,,,,
3,389.0,3,32.495162823757674,35.48517368072133,16/05/2011,18,,,,,,,,
3,390.0,3,32.49513497749636,35.485044635323995,16/05/2011,18,,,,,,,,
3,391.0,3,32.49510151856812,35.48492536154191,16/05/2011,18,,,,,,,,
3,392.0,3,32.49507268489158,35.48479418521128,16/05/2011,18,,,,,,,,
3,393.0,3,32.4950451092317,35.484664928093814,16/05/2011,18,,,,,,,,
3,394.0,3,32.49501266410694,35.48453565596256,16/05/2011,18,,,,,,,,
3,395.0,3,32.494983726591975,35.48441043804888,16/05/2011,18,,,,,,,,
3,396.0,3,32.49495147953417,35.48427308019386,16/05/2011,18,,,,,,,,
3,397.0,3,32.49492317391249,35.4841474387978,16/05/2011,18,,,,,,,,
3,398.0,3,32.49489667800426,35.484018930239294,16/05/2011,18,,,,,,,,
3,399.0,3,32.49486981182074,35.4838946766675,16/05/2011,18,,,,,,,,
3,400.0,3,32.49484086232731,35.48377456638399,16/05/2011,18,,,,,,,,
3,401.0,3,32.49481237916548,35.483647435128326,16/05/2011,18,,,,,,,,
3,402.0,3,32.49478325829315,35.48352317481866,16/05/2011,18,,,,,,,,
3,403.0,3,32.494752252632004,35.48339486552189,16/05/2011,18,,,,,,,,
3,404.0,3,32.49472764085747,35.48327030008346,16/05/2011,18,,,,,,,,
3,405.0,2,32.49492119368297,35.483170560656596,16/05/2011,18,,,,,,,,
3,406.0,2,32.4949490616792,35.483290667519185,16/05/2011,18,,,,,,,,
3,407.0,2,32.49498126280932,35.48340855339867,16/05/2011,18,,,,,,,,
3,408.0,2,32.49500651603768,35.48352843953548,16/05/2011,18,,,,,,,,
3,409.0,3,32.49502785018245,35.48362639489941,16/05/2011,18,,,,,,,,
3,410.0,3,32.495054219521926,35.48373085636985,16/05/2011,18,,,,,,,,
3,411.0,3,32.49507780688372,35.48382924440519,16/05/2011,18,,,,,,,,
3,412.0,3,32.49509920165962,35.48394039391365,16/05/2011,18,,,,,,,,
3,413.0,3,32.49512359781138,35.48403995497319,16/05/2011,18,,,,,,,,
3,414.0,3,32.495151482004246,35.48415240149352,16/05/2011,18,,,,,,,,
3,415.0,3,32.49518121878789,35.484283261328194,16/05/2011,18,,,,,,,,
3,416.0,3,32.495208552729515,35.48439974955894,16/05/2011,18,,,,,,,,
3,417.0,2,32.49523444663994,35.48451495657467,16/05/2011,18,,,,,,,,
3,418.0,2,32.49525906996947,35.48463377738047,16/05/2011,18,,,,,,,,
3,419.0,2,32.49528785938671,35.48474441822572,16/05/2011,18,,,,,,,,
3,420.0,2,32.49531591926153,35.48485867454345,16/05/2011,18,,,,,,,,
3,421.0,2,32.49534055365186,35.484972388288405,16/05/2011,18,,,,,,,,
3,422.0,2,32.49546400952529,35.484644840197426,16/05/2011,18,,,,,,,,
3,423.0,2,32.49543179748239,35.48453237972406,16/05/2011,18,,,,,,,,
3,424.0,2,32.4954063482985,35.484419940282535,16/05/2011,18,,,,,,,,
3,425.0,2,32.49537839760416,35.484296959357266,16/05/2011,18,,,,,,,,
3,426.0,2,32.495354819128046,35.48419474042956,16/05/2011,18,,,,,,,,
3,427.0,2,32.49532589262736,35.48406441488873,16/05/2011,18,,,,,,,,
3,428.0,2,32.49529810893023,35.48394728680388,16/05/2011,18,,,,,,,,
3,429.0,2,32.495273061729094,35.483816015798475,16/05/2011,18,,,,,,,,
3,430.0,2,32.49523925180685,35.48369184671328,16/05/2011,18,,,,,,,,
3,431.0,2,32.495209214385206,35.48357428628544,16/05/2011,18,,,,,,,,
3,432.0,2,32.49517991003256,35.483451408109204,16/05/2011,18,,,,,,,,
3,433.0,2,32.495148837712584,35.4833124578917,16/05/2011,18,,,,,,,,
3,434.0,2,32.49512574277008,35.48319513192383,16/05/2011,18,,,,,,,,
3,435.0,2,32.49530655366337,35.48306704969826,16/05/2011,18,,,,,,,,
3,436.0,2,32.49533550382781,35.483187160380304,16/05/2011,18,,,,,,,,
3,437.0,2,32.49536093808067,35.48330683468146,16/05/2011,18,,,,,,,,
3,438.0,2,32.495386739280214,35.48342363732746,16/05/2011,18,,,,,,,,
3,439.0,2,32.49541139479315,35.483528413068605,16/05/2011,18,,,,,,,,
3,440.0,2,32.49543744670782,35.48365404799035,16/05/2011,18,,,,,,,,
3,441.0,2,32.49546263125491,35.48376414559347,16/05/2011,18,,,,,,,,
3,442.0,2,32.4954897187859,35.48386999305572,16/05/2011,18,,,,,,,,
3,443.0,2,32.4955068022465,35.48397346878865,16/05/2011,18,,,,,,,,
3,444.0,2,32.49556904635029,35.48367818228762,16/05/2011,18,,,,,,,,
3,445.0,2,32.49553902024912,35.483555514163314,16/05/2011,18,,,,,,,,
3,446.0,2,32.49551224024886,35.4834328561414,16/05/2011,18,,,,,,,,
3,447.0,2,32.49548671500163,35.48331360693247,16/05/2011,18,,,,,,,,
3,448.0,2,32.49546010143848,35.48319712088854,16/05/2011,18,,,,,,,,
3,449.0,2,32.495436513585275,35.4830987325975,16/05/2011,18,,,,,,,,
4,1.0,3,32.49274737377064,35.483784374990975,29/05/2011,5,,,,,,,,
4,2.0,3,32.492774176144934,35.483896815126705,29/05/2011,5,,,,,,,,
4,3.0,3,32.492799345142195,35.48401382543258,29/05/2011,5,,,,,,,,
4,4.0,3,32.4928219136803,35.484124231017184,29/05/2011,5,,,,,,,,
4,5.0,3,32.49284439313124,35.48423410438556,29/05/2011,5,,,,,,,,
4,6.0,3,32.49286922407993,35.484340793118776,29/05/2011,5,,,,,,,,
4,7.0,3,32.49289334113139,35.484444074927545,29/05/2011,5,,,,,,,,
4,8.0,3,32.492920163993354,35.48454704597961,29/05/2011,5,,,,,,,,
4,9.0,3,32.492945226334946,35.48467118506563,29/05/2011,5,,,,,,,,
4,10.0,3,32.49297419490586,35.48478235563626,29/05/2011,5,,,,,,,,
4,11.0,2,32.49300207134405,35.484897991656,29/05/2011,5,,,,,,,,
4,12.0,2,32.49302455011654,35.48500786543096,29/05/2011,5,,,,,,,,
4,13.0,2,32.493052453402214,35.48511137214962,29/05/2011,5,,,,,,,,
4,14.0,2,32.49307871592255,35.48522274738339,29/05/2011,5,,,,,,,,
4,15.0,2,32.49310441569274,35.48534380327221,29/05/2011,5,,,,,,,,
4,16.0,2,32.493135078178206,35.48546338506922,29/05/2011,5,,,,,,,,
4,17.0,3,32.492944913984886,35.483716570886,29/05/2011,5,,,,,,,,
4,18.0,3,32.49296843050573,35.48384687615338,29/05/2011,5,,,,,,,,
4,19.0,3,32.4929966526606,35.48396964169783,29/05/2011,5,,,,,,,,
4,20.0,3,32.4930191577813,35.484068024202394,29/05/2011,5,,,,,,,,
4,21.0,3,32.49304486836304,35.48418471735138,29/05/2011,5,,,,,,,,
4,23.0,3,32.49308019727548,35.48431495306241,29/05/2011,5,,,,,,,,
4,24.0,3,32.49310913206777,35.4844414450879,29/05/2011,5,,,,,,,,
4,25.0,3,32.49313989174345,35.484558260506255,29/05/2011,5,,,,,,,,
4,26.0,3,32.49316741314467,35.48467144838282,29/05/2011,5,,,,,,,,
4,27.0,3,32.493194713324,35.48480293634642,29/05/2011,5,,,,,,,,
4,28.0,3,32.49322799584152,35.48492050462281,29/05/2011,5,,,,,,,,
4,29.0,3,32.493256298100626,35.48504731428124,29/05/2011,5,,,,,,,,
4,30.0,3,32.49328657192711,35.48517955651983,29/05/2011,5,,,,,,,,
4,31.0,3,32.49331945492595,35.48531436054521,29/05/2011,5,,,,,,,,
4,32.0,3,32.49334423244287,35.48544456428253,29/05/2011,5,,,,,,,,
4,33.0,3,32.49337212966044,35.48555062507396,29/05/2011,5,,,,,,,,
4,34.0,3,32.493399360622504,35.48567232461092,29/05/2011,5,,,,,,,,
4,35.0,3,32.4934319663867,35.48580989451136,29/05/2011,5,,,,,,,,
4,36.0,3,32.493459905388136,35.48593744839768,29/05/2011,5,,,,,,,,
4,37.0,3,32.49348910429783,35.48606607028619,29/05/2011,5,,,,,,,,
4,38.0,3,32.49351911653672,35.48619384359425,29/05/2011,5,,,,,,,,
4,39.0,2,32.49354524096509,35.486326180054526,29/05/2011,5,,,,,,,,
4,40.0,2,32.49357813536869,35.48645534571933,29/05/2011,5,,,,,,,,
4,41.0,2,32.49360472112085,35.486582895784196,29/05/2011,5,,,,,,,,
4,42.0,3,32.49363358039632,35.48670183462796,29/05/2011,5,,,,,,,,
4,43.0,2,32.49365682114626,35.48683309839025,29/05/2011,5,,,,,,,,
4,44.0,2,32.49367932115169,35.486932759101485,29/05/2011,5,,,,,,,,
4,45.0,2,32.49371724190346,35.48707204889919,29/05/2011,5,,,,,,,,
4,46.0,2,32.4937416009204,35.48718703716302,29/05/2011,5,,,,,,,,
4,47.0,2,32.493772722792045,35.487302046654754,29/05/2011,5,,,,,,,,
4,48.0,2,32.49381504719014,35.48748784741153,29/05/2011,5,,,,,,,,
4,49.0,2,32.49383645885484,35.48759005865299,29/05/2011,5,,,,,,,,
4,50.0,2,32.49386303027745,35.487723461378714,29/05/2011,5,,,,,,,,
4,51.0,2,32.49389466177933,35.48785219843908,29/05/2011,5,,,,,,,,
4,52.0,2,32.49392791553988,35.4879812598795,29/05/2011,5,,,,,,,,
4,53.0,2,32.49395783157466,35.48811084293969,29/05/2011,5,,,,,,,,
4,54.0,2,32.49398631646947,35.48823520797319,29/05/2011,5,,,,,,,,
4,55.0,2,32.49401704931852,35.488362346556976,29/05/2011,5,,,,,,,,
4,56.0,2,32.494042737406204,35.48848723496218,29/05/2011,5,,,,,,,,
4,57.0,2,32.4940749545738,35.48859586469593,29/05/2011,5,,,,,,,,
4,58.0,2,32.49409858215628,35.48871468193696,29/05/2011,5,,,,,,,,
4,59.0,2,32.4941278816139,35.488837453907394,29/05/2011,5,,,,,,,,
4,60.0,2,32.49415573193132,35.48896298780935,29/05/2011,5,,,,,,,,
4,61.0,2,32.49418685505975,35.48907672162996,29/05/2011,5,,,,,,,,
4,62.0,2,32.494216049301336,35.48920598394321,29/05/2011,5,,,,,,,,
4,63.0,2,32.49424614850999,35.489333759582884,29/05/2011,5,,,,,,,,
4,64.0,2,32.49427436143124,35.48945823093659,29/05/2011,5,,,,,,,,
4,65.0,2,32.4942989800966,35.48957705178872,29/05/2011,5,,,,,,,,
4,66.0,2,32.4945221977369,35.48959988745757,29/05/2011,5,,,,,,,,
4,67.0,2,32.494493265263976,35.48947466864226,29/05/2011,5,,,,,,,,
4,68.0,2,32.49446322457296,35.489360937712455,29/05/2011,5,,,,,,,,
4,69.0,2,32.49443536815474,35.48923827606668,29/05/2011,5,,,,,,,,
4,70.0,2,32.49440740675958,35.48912210461761,29/05/2011,5,,,,,,,,
4,71.0,2,32.494376863210995,35.488991348197,29/05/2011,5,,,,,,,,
4,72.0,2,32.49434882199661,35.488870495012684,29/05/2011,5,,,,,,,,
4,73.0,2,32.49431883268439,35.488733782062084,29/05/2011,5,,,,,,,,
4,74.0,2,32.49428770059608,35.48862387858936,29/05/2011,5,,,,,,,,
4,75.0,2,32.494261740927776,35.488499520956765,29/05/2011,5,,,,,,,,
4,76.0,2,32.49423288888421,35.48837813352637,29/05/2011,5,,,,,,,,
4,77.0,2,32.49420608765752,35.488266967073216,29/05/2011,5,,,,,,,,
4,78.0,2,32.49418209968136,35.48814782947258,29/05/2011,5,,,,,,,,
4,79.0,2,32.49415289427931,35.48802303633329,29/05/2011,5,,,,,,,,
4,80.0,2,32.494115961695904,35.48788587657818,29/05/2011,5,,,,,,,,
4,81.0,2,32.494089724308225,35.487764391333414,29/05/2011,5,,,,,,,,
4,82.0,3,32.49406196823338,35.48763651737239,29/05/2011,5,,,,,,,,
4,83.0,3,32.49403142792107,35.487503633949046,29/05/2011,5,,,,,,,,
4,84.0,3,32.4940078577832,35.48739886213947,29/05/2011,5,,,,,,,,
4,85.0,3,32.49395925537996,35.48723793906256,29/05/2011,5,,,,,,,,
4,86.0,2,32.493931414092344,35.48710761797211,29/05/2011,5,,,,,,,,
4,87.0,3,32.493904664776906,35.48697283156367,29/05/2011,5,,,,,,,,
4,88.0,3,32.49387244333735,35.4868654793966,29/05/2011,5,,,,,,,,
4,89.0,3,32.493846754351786,35.48674027247717,29/05/2011,5,,,,,,,,
4,90.0,3,32.49381591346094,35.486620369551595,29/05/2011,5,,,,,,,,
4,91.0,3,32.493794552525316,35.48649517628644,29/05/2011,5,,,,,,,,
4,92.0,3,32.49376886316982,35.48636996957746,29/05/2011,5,,,,,,,,
4,93.0,3,32.49373830721691,35.48624347096367,29/05/2011,5,,,,,,,,
4,94.0,3,32.49371078557135,35.48613102669823,29/05/2011,5,,,,,,,,
4,95.0,3,32.49368077327096,35.486003253139096,29/05/2011,5,,,,,,,,
4,96.0,3,32.49365390094423,35.48588261824099,29/05/2011,5,,,,,,,,
4,97.0,3,32.493627027787724,35.48576230261142,29/05/2011,5,,,,,,,,
4,98.0,3,32.49359696226736,35.48561782433919,29/05/2011,5,,,,,,,,
4,99.0,3,32.49356691807311,35.485504095794425,29/05/2011,5,,,,,,,,
4,100.0,3,32.49354337382064,35.485386982735406,29/05/2011,5,,,,,,,,
4,101.0,3,32.4935155896739,35.48527060136113,29/05/2011,5,,,,,,,,
4,102.0,3,32.49348834503174,35.48515486013241,29/05/2011,5,,,,,,,,
4,103.0,3,32.49345832034724,35.48503219435771,29/05/2011,5,,,,,,,,
4,104.0,3,32.493427841832535,35.4849108040523,29/05/2011,5,,,,,,,,
4,105.0,3,32.493401780246366,35.48479006592755,29/05/2011,5,,,,,,,,
4,106.0,3,32.49337372834384,35.484672194491466,29/05/2011,5,,,,,,,,
4,107.0,3,32.49334693235489,35.484557199810546,29/05/2011,5,,,,,,,,
4,108.0,3,32.49332394151286,35.48443413061657,29/05/2011,5,,,,,,,,
4,109.0,3,32.493292554300574,35.48431561066527,29/05/2011,5,,,,,,,,
4,110.0,3,32.49326396020492,35.4841980570374,29/05/2011,5,,,,,,,,
4,111.0,3,32.493232855346655,35.48407411174532,29/05/2011,5,,,,,,,,
4,112.0,3,32.49320724523646,35.483952737118564,29/05/2011,5,,,,,,,,
4,113.0,3,32.49318053616112,35.48383891352255,29/05/2011,5,,,,,,,,
4,114.0,3,32.49315574328235,35.48371488157195,29/05/2011,5,,,,,,,,
4,115.0,3,32.49334537775194,35.483593107980866,29/05/2011,5,,,,,,,,
4,116.0,3,32.493371044374825,35.48372980441844,29/05/2011,5,,,,,,,,
4,117.0,3,32.493393210883404,35.483858935734034,29/05/2011,5,,,,,,,,
4,118.0,3,32.49342504513495,35.483979372238615,29/05/2011,5,,,,,,,,
4,119.0,3,32.49345272895558,35.4841008599823,29/05/2011,5,,,,,,,,
4,120.0,3,32.49347813255029,35.484233938317246,29/05/2011,5,,,,,,,,
4,121.0,3,32.49350707309986,35.4843578772973,29/05/2011,5,,,,,,,,
4,122.0,3,32.493537175591264,35.48448639515016,29/05/2011,5,,,,,,,,
4,123.0,3,32.49357106568333,35.48461471203006,29/05/2011,5,,,,,,,,
4,124.0,3,32.49359873561505,35.48474215851468,29/05/2011,5,,,,,,,,
4,125.0,3,32.49362452791211,35.484862364054045,29/05/2011,5,,,,,,,,
4,126.0,3,32.493659948896294,35.48499143074958,29/05/2011,5,,,,,,,,
4,127.0,3,32.49368653352289,35.48512015090306,29/05/2011,5,,,,,,,,
4,128.0,3,32.49371645916054,35.4852467535113,29/05/2011,5,,,,,,,,
4,129.0,3,32.49374675272553,35.48537005894369,29/05/2011,5,,,,,,,,
4,130.0,3,32.4937757007064,35.48549016826994,29/05/2011,5,,,,,,,,
4,131.0,3,32.49380999617135,35.485638383953244,29/05/2011,5,,,,,,,,
4,132.0,3,32.493837111416894,35.48577146856787,29/05/2011,5,,,,,,,,
4,133.0,3,32.49386497693909,35.485891574770214,29/05/2011,5,,,,,,,,
4,134.0,3,32.49389454705819,35.48601551676644,29/05/2011,5,,,,,,,,
4,135.0,3,32.49392256934829,35.486146050837235,29/05/2011,5,,,,,,,,
4,136.0,3,32.49394853969084,35.48626668335898,29/05/2011,5,,,,,,,,
4,137.0,3,32.49397847680555,35.48638764752583,29/05/2011,5,,,,,,,,
4,138.0,3,32.494008494435604,35.48651286803954,29/05/2011,5,,,,,,,,
4,139.0,3,32.49403805439501,35.486641066418926,29/05/2011,5,,,,,,,,
4,140.0,3,32.49406465332199,35.48676265880289,29/05/2011,5,,,,,,,,
4,141.0,3,32.49409655608556,35.486891503067525,29/05/2011,5,,,,,,,,
4,142.0,3,32.49412240232413,35.48702692531836,29/05/2011,5,,,,,,,,
4,143.0,2,32.4941535042574,35.487150872826334,29/05/2011,5,,,,,,,,
4,144.0,3,32.49418938522863,35.48731494840424,29/05/2011,5,,,,,,,,
4,145.0,3,32.49422237978761,35.48743922123051,29/05/2011,5,,,,,,,,
4,146.0,3,32.4942489059616,35.4875527274149,29/05/2011,5,,,,,,,,
4,147.0,3,32.49427621173447,35.487680387402825,29/05/2011,5,,,,,,,,
4,148.0,3,32.49430729001795,35.4878145497413,29/05/2011,5,,,,,,,,
4,149.0,2,32.49433837678805,35.48794488177,29/05/2011,5,,,,,,,,
4,150.0,2,32.49436514088478,35.488072646701966,29/05/2011,5,,,,,,,,
4,151.0,2,32.494396221867476,35.488205426103086,29/05/2011,5,,,,,,,,
4,152.0,3,32.494420734499684,35.48833180090902,29/05/2011,5,,,,,,,,
4,153.0,3,32.494448606212664,35.48844807825322,29/05/2011,5,,,,,,,,
4,154.0,3,32.49447430790479,35.48856690246897,29/05/2011,5,,,,,,,,
4,155.0,3,32.49450879113241,35.48871022659636,29/05/2011,5,,,,,,,,
4,156.0,3,32.494536648305825,35.48883278178297,29/05/2011,5,,,,,,,,
4,157.0,3,32.49456778598213,35.48894013202267,29/05/2011,5,,,,,,,,
4,158.0,3,32.49459218748324,35.489075444604936,29/05/2011,5,,,,,,,,
4,159.0,3,32.49462541397102,35.48921599872189,29/05/2011,5,,,,,,,,
4,160.0,2,32.49465112071653,35.489332269773996,29/05/2011,5,,,,,,,,
4,161.0,2,32.49468007068196,35.48944982793394,29/05/2011,5,,,,,,,,
4,162.0,2,32.49489765736893,35.48949041467177,29/05/2011,5,,,,,,,,
4,163.0,2,32.494868915015275,35.489360833511945,29/05/2011,5,,,,,,,,
4,164.0,2,32.494837488536255,35.48922188065567,29/05/2011,5,,,,,,,,
4,165.0,2,32.49480962332119,35.48910304896347,29/05/2011,5,,,,,,,,
4,166.0,2,32.49478005986895,35.4889775087155,29/05/2011,5,,,,,,,,
4,167.0,2,32.494749769617684,35.4888543070896,29/05/2011,5,,,,,,,,
4,168.0,2,32.49472012511867,35.488724617102356,29/05/2011,5,,,,,,,,
4,169.0,2,32.49468578717573,35.488596827663805,29/05/2011,5,,,,,,,,
4,170.0,3,32.49465795595289,35.488462674702035,29/05/2011,5,,,,,,,,
4,171.0,3,32.49462902234805,35.488337456053564,29/05/2011,5,,,,,,,,
4,172.0,3,32.49460222972856,35.48822245871198,29/05/2011,5,,,,,,,,
4,173.0,2,32.494571445908065,35.48807786941759,29/05/2011,5,,,,,,,,
4,174.0,3,32.494539184875144,35.48794849093251,29/05/2011,5,,,,,,,,
4,175.0,3,32.49450378131939,35.487813037829966,29/05/2011,5,,,,,,,,
4,176.0,3,32.49448009121799,35.487681558378476,29/05/2011,5,,,,,,,,
4,177.0,3,32.49444855235499,35.48755165042175,29/05/2011,5,,,,,,,,
4,178.0,3,32.49441924183345,35.487433240827286,29/05/2011,5,,,,,,,,
4,179.0,3,32.494386858627394,35.487317800915136,29/05/2011,5,,,,,,,,
4,180.0,2,32.494346171440824,35.487125620132915,29/05/2011,5,,,,,,,,
4,181.0,3,32.4943172140395,35.48701040393598,29/05/2011,5,,,,,,,,
4,182.0,3,32.49430228288439,35.486913319775596,29/05/2011,5,,,,,,,,
4,183.0,3,32.49427324681408,35.486792889821366,29/05/2011,5,,,,,,,,
4,184.0,3,32.494237901395735,35.48667116343266,29/05/2011,5,,,,,,,,
4,185.0,3,32.49420354990668,35.48654848263565,29/05/2011,5,,,,,,,,
4,186.0,3,32.49417156591886,35.48641548846123,29/05/2011,5,,,,,,,,
4,187.0,3,32.494150100072005,35.48629678485756,29/05/2011,5,,,,,,,,
4,188.0,3,32.49412602410432,35.486175838761724,29/05/2011,5,,,,,,,,
4,189.0,3,32.494095963275576,35.48606977015102,29/05/2011,5,,,,,,,,
4,190.0,3,32.494066482909204,35.48594604094107,29/05/2011,5,,,,,,,,
4,191.0,3,32.494042571482616,35.485832011590055,29/05/2011,5,,,,,,,,
4,192.0,3,32.494014156782086,35.485715521074056,29/05/2011,5,,,,,,,,
4,193.0,3,32.493992763565316,35.485604372493704,29/05/2011,5,,,,,,,,
4,194.0,3,32.49395906339057,35.485472224825685,29/05/2011,5,,,,,,,,
4,195.0,3,32.49393809873031,35.485370972931534,29/05/2011,5,,,,,,,,
4,196.0,3,32.493911583166415,35.485251828587124,29/05/2011,5,,,,,,,,
4,197.0,3,32.493882632111095,35.485132995948774,29/05/2011,5,,,,,,,,
4,198.0,3,32.49385189741514,35.48500522023041,29/05/2011,5,,,,,,,,
4,199.0,3,32.49382529963042,35.48488235184386,29/05/2011,5,,,,,,,,
4,200.0,3,32.49379733159223,35.484767352890536,29/05/2011,5,,,,,,,,
4,201.0,3,32.49376945930782,35.484649800701895,29/05/2011,5,,,,,,,,
4,202.0,3,32.49374448262754,35.4845276823552,29/05/2011,5,,,,,,,,
4,203.0,3,32.49371409190771,35.48440714330506,29/05/2011,5,,,,,,,,
4,204.0,3,32.49368279816038,35.484287133539496,29/05/2011,5,,,,,,,,
4,205.0,3,32.49365815745499,35.48417597564791,29/05/2011,5,,,,,,,,
4,206.0,3,32.49362922145642,35.48404990853262,29/05/2011,5,,,,,,,,
4,207.0,3,32.49360003230029,35.48391596712012,29/05/2011,5,,,,,,,,
4,208.0,3,32.493577108565205,35.4838030059392,29/05/2011,5,,,,,,,,
4,209.0,3,32.49354482328225,35.483682567899386,29/05/2011,5,,,,,,,,
4,210.0,3,32.49351478016723,35.48356756326106,29/05/2011,5,,,,,,,,
4,211.0,3,32.49375555909894,35.483560433291494,29/05/2011,5,,,,,,,,
4,212.0,3,32.493790647409966,35.483677475425374,29/05/2011,5,,,,,,,,
4,213.0,3,32.49380897267756,35.483790316228436,29/05/2011,5,,,,,,,,
4,214.0,3,32.493839026927965,35.4839002141394,29/05/2011,5,,,,,,,,
4,215.0,3,32.49385512911508,35.48399889694017,29/05/2011,5,,,,,,,,
4,216.0,3,32.493877864757906,35.484115262744,29/05/2011,5,,,,,,,,
4,217.0,3,32.49390679122396,35.48424558620926,29/05/2011,5,,,,,,,,
4,218.0,3,32.493932488375634,35.484368238932014,29/05/2011,5,,,,,,,,
4,219.0,3,32.49396034955503,35.484490898429755,29/05/2011,5,,,,,,,,
4,220.0,3,32.493987316467184,35.48461015041819,29/05/2011,5,,,,,,,,
4,221.0,3,32.494016464951905,35.48472153561257,29/05/2011,5,,,,,,,,
4,222.0,3,32.49404704092825,35.48483973493598,29/05/2011,5,,,,,,,,
4,223.0,3,32.49407380818611,35.484967498560245,29/05/2011,5,,,,,,,,
4,224.0,3,32.494102485317605,35.48508792655522,29/05/2011,5,,,,,,,,
4,225.0,3,32.49412934866816,35.48521292421471,29/05/2011,5,,,,,,,,
4,226.0,3,32.494158024138585,35.48533399075891,29/05/2011,5,,,,,,,,
4,227.0,3,32.494183708818795,35.48546175131813,29/05/2011,5,,,,,,,,
4,228.0,3,32.49421589722236,35.48558442495094,29/05/2011,5,,,,,,,,
4,229.0,3,32.4942437743349,35.48569942440427,29/05/2011,5,,,,,,,,
4,230.0,3,32.49426705276659,35.485814303209864,29/05/2011,5,,,,,,,,
4,231.0,3,32.49429878877056,35.48593750767459,29/05/2011,5,,,,,,,,
4,232.0,3,32.494323207320335,35.48606664786632,29/05/2011,5,,,,,,,,
4,233.0,3,32.4943543387876,35.48617782731951,29/05/2011,5,,,,,,,,
4,234.0,3,32.494379593194004,35.486296010975416,29/05/2011,5,,,,,,,,
4,235.0,3,32.4944043899487,35.48641717249323,29/05/2011,5,,,,,,,,
4,236.0,3,32.49443441613156,35.48653856320211,29/05/2011,5,,,,,,,,
4,237.0,3,32.49446012535724,35.48665483326574,29/05/2011,5,,,,,,,,
4,238.0,3,32.49448907496595,35.48677366714115,29/05/2011,5,,,,,,,,
4,239.0,3,32.49451755257961,35.486901862904645,29/05/2011,5,,,,,,,,
4,240.0,3,32.49454569804513,35.4870172895865,29/05/2011,5,,,,,,,,
4,241.0,3,32.49458544968118,35.4871844635661,29/05/2011,5,,,,,,,,
4,242.0,3,32.4946101463147,35.48730966852863,29/05/2011,5,,,,,,,,
4,243.0,3,32.494639101045145,35.48742594919734,29/05/2011,5,,,,,,,,
4,244.0,2,32.49466713071838,35.487552547955666,29/05/2011,5,,,,,,,,
4,245.0,2,32.49469471299237,35.48767754937181,29/05/2011,5,,,,,,,,
4,246.0,2,32.49472824319091,35.48780405913052,29/05/2011,5,,,,,,,,
4,247.0,3,32.494747435788916,35.4879305240074,29/05/2011,5,,,,,,,,
4,248.0,3,32.494783964456715,35.48804682881757,29/05/2011,5,,,,,,,,
4,249.0,3,32.494807485103365,35.48817330741112,29/05/2011,5,,,,,,,,
4,250.0,3,32.49483739084727,35.48830736062231,29/05/2011,5,,,,,,,,
4,251.0,3,32.494871477535746,35.48842674366644,29/05/2011,5,,,,,,,,
4,252.0,3,32.49489435890161,35.48855662531581,29/05/2011,5,,,,,,,,
4,253.0,3,32.494925467968294,35.488676743973485,29/05/2011,5,,,,,,,,
4,254.0,3,32.49495332204346,35.4888006829257,29/05/2011,5,,,,,,,,
4,255.0,3,32.49498657192851,35.48893102303158,29/05/2011,5,,,,,,,,
4,256.0,3,32.495016741122114,35.48906784402651,29/05/2011,5,,,,,,,,
4,257.0,3,32.49504684310983,35.48919445034592,29/05/2011,5,,,,,,,,
4,258.0,3,32.49507281653461,35.48931242520193,29/05/2011,5,,,,,,,,
4,259.0,3,32.49509942346757,35.489429338106355,29/05/2011,5,,,,,,,,
4,260.0,2,32.495239655821194,35.48910504192712,29/05/2011,5,,,,,,,,
4,261.0,2,32.495213934434794,35.48899515424254,29/05/2011,5,,,,,,,,
4,262.0,2,32.495175187688005,35.488863200458354,29/05/2011,5,,,,,,,,
4,263.0,2,32.49514759554084,35.48874309246865,29/05/2011,5,,,,,,,,
4,264.0,2,32.495120174011696,35.48862724115625,29/05/2011,5,,,,,,,,
4,265.0,2,32.49508800300404,35.488498181178635,29/05/2011,5,,,,,,,,
4,266.0,2,32.49505873395836,35.488361788697425,29/05/2011,5,,,,,,,,
4,267.0,2,32.495028557037166,35.48822805349284,29/05/2011,5,,,,,,,,
4,268.0,2,32.495005276982546,35.4881148755262,29/05/2011,5,,,,,,,,
4,269.0,2,32.49497461968201,35.48799411996144,29/05/2011,5,,,,,,,,
4,270.0,2,32.49494352434326,35.48786761742372,29/05/2011,5,,,,,,,,
4,271.0,2,32.49491485300111,35.48774580423551,29/05/2011,5,,,,,,,,
4,272.0,2,32.49488456489579,35.48762111321953,29/05/2011,5,,,,,,,,
4,273.0,3,32.49485833683521,35.48749537098907,29/05/2011,5,,,,,,,,
4,274.0,3,32.49482832306612,35.487368872169746,29/05/2011,5,,,,,,,,
4,275.0,2,32.49479902505138,35.487244822904174,29/05/2011,5,,,,,,,,
4,276.0,2,32.49475889918496,35.48708371220513,29/05/2011,5,,,,,,,,
4,277.0,2,32.494734188949586,35.48696446552439,29/05/2011,5,,,,,,,,
4,278.0,2,32.49470588267384,35.48684031321528,29/05/2011,5,,,,,,,,
4,279.0,2,32.49468015930047,35.48673042681004,29/05/2011,5,,,,,,,,
4,280.0,3,32.49465293343472,35.48660691642772,29/05/2011,5,,,,,,,,
4,281.0,3,32.49462391496198,35.48647850607326,29/05/2011,5,,,,,,,,
4,282.0,3,32.49459369979573,35.48636094497867,29/05/2011,5,,,,,,,,
4,283.0,3,32.49456689678779,35.48624977866531,29/05/2011,5,,,,,,,,
4,284.0,3,32.494539667351646,35.48612765178284,29/05/2011,5,,,,,,,,
4,285.0,3,32.49451117109156,35.48600743624446,29/05/2011,5,,,,,,,,
4,286.0,3,32.494480616448776,35.48588019190811,29/05/2011,5,,,,,,,,
4,287.0,3,32.494457268602666,35.48575605571709,29/05/2011,5,,,,,,,,
4,288.0,3,32.494425066103084,35.48563976570525,29/05/2011,5,,,,,,,,
4,289.0,3,32.494397396616634,35.48551253058598,29/05/2011,5,,,,,,,,
4,290.0,3,32.49436838153575,35.485382099336334,29/05/2011,5,,,,,,,,
4,291.0,3,32.494342129381906,35.485266147262884,29/05/2011,5,,,,,,,,
4,292.0,3,32.49430940651557,35.48514038628836,29/05/2011,5,,,,,,,,
4,293.0,3,32.49428371581609,35.485015179239774,29/05/2011,5,,,,,,,,
4,294.0,3,32.49425521564252,35.48489624118452,29/05/2011,5,,,,,,,,
4,295.0,3,32.49422456306081,35.48477197649432,29/05/2011,5,,,,,,,,
4,296.0,3,32.49420047046169,35.48465784028693,29/05/2011,5,,,,,,,,
4,297.0,3,32.49417151884786,35.48453900745401,29/05/2011,5,,,,,,,,
4,298.0,3,32.494146912225474,35.48441263371704,29/05/2011,5,,,,,,,,
4,299.0,3,32.49411499059191,35.48429113182205,29/05/2011,5,,,,,,,,
4,300.0,3,32.49408226225224,35.48416739310517,29/05/2011,5,,,,,,,,
4,301.0,3,32.49405870919353,35.48405368450756,29/05/2011,5,,,,,,,,
4,302.0,3,32.49403218316458,35.48393868996927,29/05/2011,5,,,,,,,,
4,303.0,3,32.49400386798415,35.48381719954264,29/05/2011,5,,,,,,,,
4,304.0,3,32.493980502745956,35.48369998050162,29/05/2011,5,,,,,,,,
4,305.0,3,32.49394940023753,35.483574757597445,29/05/2011,5,,,,,,,,
4,306.0,3,32.493918560100816,35.483453153199264,29/05/2011,5,,,,,,,,
4,307.0,3,32.494117221572075,35.483367582081705,29/05/2011,5,,,,,,,,
4,308.0,3,32.49414831579017,35.48349663554351,29/05/2011,5,,,,,,,,
4,309.0,3,32.494177042487166,35.48359535760699,29/05/2011,5,,,,,,,,
4,310.0,3,32.49420958041649,35.48372388368991,29/05/2011,5,,,,,,,,
4,311.0,3,32.49423996257174,35.48384857277541,29/05/2011,5,,,,,,,,
4,312.0,3,32.49426782709129,35.483969955735034,29/05/2011,5,,,,,,,,
4,313.0,3,32.494295323471306,35.484094636052966,29/05/2011,5,,,,,,,,
4,314.0,3,32.494322376433644,35.48421591024872,29/05/2011,5,,,,,,,,
4,315.0,3,32.49435195695763,35.48433591553491,29/05/2011,5,,,,,,,,
4,316.0,3,32.49437765969875,35.48445601528519,29/05/2011,5,,,,,,,,
4,317.0,3,32.49440704756598,35.484581446569834,29/05/2011,5,,,,,,,,
4,318.0,3,32.49443119817463,35.484710053720995,29/05/2011,5,,,,,,,,
4,319.0,3,32.494461324003986,35.48482793298462,29/05/2011,5,,,,,,,,
4,320.0,3,32.494495680016996,35.48494933668835,29/05/2011,5,,,,,,,,
4,321.0,3,32.49451626415107,35.48505963201539,29/05/2011,5,,,,,,,,
4,322.0,3,32.494543149127594,35.485174947813086,29/05/2011,5,,,,,,,,
4,323.0,3,32.49457343871547,35.48530006315744,29/05/2011,5,,,,,,,,
4,324.0,3,32.494608801971836,35.48545477386791,29/05/2011,5,,,,,,,,
4,325.0,3,32.494642058186564,35.485583835466954,29/05/2011,5,,,,,,,,
4,326.0,3,32.4946689181832,35.48571011082276,29/05/2011,5,,,,,,,,
4,327.0,3,32.49469805854644,35.485824689220166,29/05/2011,5,,,,,,,,
4,328.0,3,32.49472438107225,35.48594926063072,29/05/2011,5,,,,,,,,
4,329.0,2,32.494750096555485,35.48606297729184,29/05/2011,5,,,,,,,,
4,330.0,2,32.49478291771844,35.48618469626726,29/05/2011,5,,,,,,,,
4,331.0,2,32.49480556449108,35.486299573912106,29/05/2011,5,,,,,,,,
4,332.0,2,32.49483622294605,35.48642054148961,29/05/2011,5,,,,,,,,
4,333.0,2,32.49486406779777,35.486549586872734,29/05/2011,5,,,,,,,,
4,334.0,2,32.49488651718464,35.48667191219449,29/05/2011,5,,,,,,,,
4,335.0,2,32.49491769387299,35.48680288336217,29/05/2011,5,,,,,,,,
4,336.0,2,32.49494100807265,35.486901377587074,29/05/2011,5,,,,,,,,
4,337.0,2,32.495093591618144,35.4866557474189,29/05/2011,5,,,,,,,,
4,338.0,2,32.495063747810484,35.486533505140734,29/05/2011,5,,,,,,,,
4,339.0,2,32.49503488457756,35.4864162668778,29/05/2011,5,,,,,,,,
4,340.0,2,32.49500595751747,35.48628721791572,29/05/2011,5,,,,,,,,
4,341.0,2,32.49497375837529,35.48616965020144,29/05/2011,5,,,,,,,,
4,342.0,2,32.49495264466131,35.48605467075023,29/05/2011,5,,,,,,,,
4,343.0,3,32.49492523040986,35.48593445805448,29/05/2011,5,,,,,,,,
4,344.0,3,32.494893019515516,35.4858219978022,29/05/2011,5,,,,,,,,
4,345.0,3,32.49487048269608,35.48569807638561,29/05/2011,5,,,,,,,,
4,346.0,3,32.494843248210316,35.48557797086656,29/05/2011,5,,,,,,,,
4,347.0,3,32.494812960090705,35.48545232305397,29/05/2011,5,,,,,,,,
4,348.0,3,32.49478081028036,35.485312305361866,29/05/2011,5,,,,,,,,
4,349.0,3,32.49475186499026,35.48519091794669,29/05/2011,5,,,,,,,,
4,350.0,3,32.49471871966482,35.48505238696731,29/05/2011,5,,,,,,,,
4,351.0,3,32.49468986571871,35.48493036159402,29/05/2011,5,,,,,,,,
4,352.0,3,32.494659143628766,35.48479683917629,29/05/2011,5,,,,,,,,
4,353.0,3,32.494632013854414,35.484669818456894,29/05/2011,5,,,,,,,,
4,354.0,3,32.494604147173085,35.48454971160119,29/05/2011,5,,,,,,,,
4,355.0,3,32.4945699829585,35.48442298844251,29/05/2011,5,,,,,,,,
4,356.0,3,32.49454493198605,35.48429363357359,29/05/2011,5,,,,,,,,
4,357.0,3,32.49451256765711,35.484168405778725,29/05/2011,5,,,,,,,,
4,358.0,3,32.49448254769615,35.48404318532613,29/05/2011,5,,,,,,,,
4,359.0,3,32.494454705937024,35.48391158763625,29/05/2011,5,,,,,,,,
4,360.0,3,32.494428749874004,35.48378350708517,29/05/2011,5,,,,,,,,
4,361.0,3,32.49440080562819,35.483657335680235,29/05/2011,5,,,,,,,,
4,362.0,3,32.49436942123599,35.483537218576636,29/05/2011,5,,,,,,,,
4,363.0,3,32.4943415619611,35.4834132820088,29/05/2011,5,,,,,,,,
4,364.0,3,32.49452551522747,35.48329148867561,29/05/2011,5,,,,,,,,
4,365.0,3,32.49455553027557,35.48341926255168,29/05/2011,5,,,,,,,,
4,366.0,3,32.49458558201019,35.48353043805566,29/05/2011,5,,,,,,,,
4,367.0,3,32.49461273607497,35.48364703113824,29/05/2011,5,,,,,,,,
4,368.0,3,32.49463898735826,35.48376404710477,29/05/2011,5,,,,,,,,
4,369.0,3,32.49467315200054,35.483890876516874,29/05/2011,5,,,,,,,,
4,370.0,3,32.49469992872653,35.48401481033633,29/05/2011,5,,,,,,,,
4,371.0,3,32.49473048762133,35.484140990360636,29/05/2011,5,,,,,,,,
4,372.0,3,32.494757249665916,35.484271414764905,29/05/2011,5,,,,,,,,
4,373.0,3,32.49478896658135,35.48440387622037,29/05/2011,5,,,,,,,,
4,374.0,3,32.49481610230696,35.484528343468,29/05/2011,5,,,,,,,,
4,375.0,3,32.49484612746691,35.48465101092527,29/05/2011,5,,,,,,,,
4,376.0,3,32.494875341188475,35.484773569545084,29/05/2011,5,,,,,,,,
4,377.0,3,32.49490543375086,35.484906345511064,29/05/2011,5,,,,,,,,
4,378.0,3,32.49493914945652,35.48503179111102,29/05/2011,5,,,,,,,,
4,379.0,3,32.49496702421831,35.48514806812922,29/05/2011,5,,,,,,,,
4,380.0,3,32.49499046900637,35.4852694387278,29/05/2011,5,,,,,,,,
4,381.0,3,32.4950229093373,35.48540051989944,29/05/2011,5,,,,,,,,
4,382.0,3,32.495053003612064,35.48553223227734,29/05/2011,5,,,,,,,,
4,383.0,3,32.495079686877055,35.48565691161825,29/05/2011,5,,,,,,,,
4,384.0,3,32.495112942877874,35.48578597396381,29/05/2011,5,,,,,,,,
4,385.0,3,32.495139688928894,35.48592278345421,29/05/2011,5,,,,,,,,
4,386.0,3,32.49524399553825,35.4855301662898,29/05/2011,5,,,,,,,,
4,387.0,3,32.49521782396222,35.485418575774034,29/05/2011,5,,,,,,,,
4,388.0,3,32.495192173135365,35.48531603109353,29/05/2011,5,,,,,,,,
4,389.0,3,32.495162823757674,35.48517368072133,29/05/2011,5,,,,,,,,
4,390.0,3,32.49513497749636,35.485044635323995,29/05/2011,5,,,,,,,,
4,391.0,3,32.49510151856812,35.48492536154191,29/05/2011,5,,,,,,,,
4,392.0,3,32.49507268489158,35.48479418521128,29/05/2011,5,,,,,,,,
4,393.0,3,32.4950451092317,35.484664928093814,29/05/2011,5,,,,,,,,
4,394.0,3,32.49501266410694,35.48453565596256,29/05/2011,5,,,,,,,,
4,395.0,3,32.494983726591975,35.48441043804888,29/05/2011,5,,,,,,,,
4,396.0,3,32.49495147953417,35.48427308019386,29/05/2011,5,,,,,,,,
4,397.0,3,32.49492317391249,35.4841474387978,29/05/2011,5,,,,,,,,
4,398.0,3,32.49489667800426,35.484018930239294,29/05/2011,5,,,,,,,,
4,399.0,3,32.49486981182074,35.4838946766675,29/05/2011,5,,,,,,,,
4,400.0,3,32.49484086232731,35.48377456638399,29/05/2011,5,,,,,,,,
4,401.0,3,32.49481237916548,35.483647435128326,29/05/2011,5,,,,,,,,
4,402.0,3,32.49478325829315,35.48352317481866,29/05/2011,5,,,,,,,,
4,403.0,3,32.494752252632004,35.48339486552189,29/05/2011,5,,,,,,,,
4,404.0,3,32.49472764085747,35.48327030008346,29/05/2011,5,,,,,,,,
4,405.0,2,32.49492119368297,35.483170560656596,29/05/2011,5,,,,,,,,
4,406.0,2,32.4949490616792,35.483290667519185,29/05/2011,5,,,,,,,,
4,407.0,2,32.49498126280932,35.48340855339867,29/05/2011,5,,,,,,,,
4,408.0,2,32.49500651603768,35.48352843953548,29/05/2011,5,,,,,,,,
4,409.0,3,32.49502785018245,35.48362639489941,29/05/2011,5,,,,,,,,
4,410.0,3,32.495054219521926,35.48373085636985,29/05/2011,5,,,,,,,,
4,411.0,3,32.49507780688372,35.48382924440519,29/05/2011,5,,,,,,,,
4,412.0,3,32.49509920165962,35.48394039391365,29/05/2011,5,,,,,,,,
4,413.0,3,32.49512359781138,35.48403995497319,29/05/2011,5,,,,,,,,
4,414.0,3,32.495151482004246,35.48415240149352,29/05/2011,5,,,,,,,,
4,415.0,3,32.49518121878789,35.484283261328194,29/05/2011,5,,,,,,,,
4,416.0,3,32.495208552729515,35.48439974955894,29/05/2011,5,,,,,,,,
4,417.0,2,32.49523444663994,35.48451495657467,29/05/2011,5,,,,,,,,
4,418.0,2,32.49525906996947,35.48463377738047,29/05/2011,5,,,,,,,,
4,419.0,2,32.49528785938671,35.48474441822572,29/05/2011,5,,,,,,,,
4,420.0,2,32.49531591926153,35.48485867454345,29/05/2011,5,,,,,,,,
4,421.0,2,32.49534055365186,35.484972388288405,29/05/2011,5,,,,,,,,
4,422.0,2,32.49546400952529,35.484644840197426,29/05/2011,5,,,,,,,,
4,423.0,2,32.49543179748239,35.48453237972406,29/05/2011,5,,,,,,,,
4,424.0,2,32.4954063482985,35.484419940282535,29/05/2011,5,,,,,,,,
4,425.0,2,32.49537839760416,35.484296959357266,29/05/2011,5,,,,,,,,
4,426.0,2,32.495354819128046,35.48419474042956,29/05/2011,5,,,,,,,,
4,427.0,2,32.49532589262736,35.48406441488873,29/05/2011,5,,,,,,,,
4,428.0,2,32.49529810893023,35.48394728680388,29/05/2011,5,,,,,,,,
4,429.0,2,32.495273061729094,35.483816015798475,29/05/2011,5,,,,,,,,
4,430.0,2,32.49523925180685,35.48369184671328,29/05/2011,5,,,,,,,,
4,431.0,2,32.495209214385206,35.48357428628544,29/05/2011,5,,,,,,,,
4,432.0,2,32.49517991003256,35.483451408109204,29/05/2011,5,,,,,,,,
4,433.0,2,32.495148837712584,35.4833124578917,29/05/2011,5,,,,,,,,
4,434.0,2,32.49512574277008,35.48319513192383,29/05/2011,5,,,,,,,,
4,435.0,2,32.49530655366337,35.48306704969826,29/05/2011,5,,,,,,,,
4,436.0,2,32.49533550382781,35.483187160380304,29/05/2011,5,,,,,,,,
4,437.0,2,32.49536093808067,35.48330683468146,29/05/2011,5,,,,,,,,
4,438.0,2,32.495386739280214,35.48342363732746,29/05/2011,5,,,,,,,,
4,439.0,2,32.49541139479315,35.483528413068605,29/05/2011,5,,,,,,,,
4,440.0,2,32.49543744670782,35.48365404799035,29/05/2011,5,,,,,,,,
4,441.0,2,32.49546263125491,35.48376414559347,29/05/2011,5,,,,,,,,
4,442.0,2,32.4954897187859,35.48386999305572,29/05/2011,5,,,,,,,,
4,443.0,2,32.4955068022465,35.48397346878865,29/05/2011,5,,,,,,,,
4,444.0,2,32.49556904635029,35.48367818228762,29/05/2011,5,,,,,,,,
4,445.0,2,32.49553902024912,35.483555514163314,29/05/2011,5,,,,,,,,
4,446.0,2,32.49551224024886,35.4834328561414,29/05/2011,5,,,,,,,,
4,447.0,2,32.49548671500163,35.48331360693247,29/05/2011,5,,,,,,,,
4,448.0,2,32.49546010143848,35.48319712088854,29/05/2011,5,,,,,,,,
4,449.0,2,32.495436513585275,35.4830987325975,29/05/2011,5,,,,,,,,
