image,Point_ID,Aleket_cnt,lat,long,date,Days_Before_Sample,ndvi,gndvi,green_red_ratio,ndre,entropy,green,homogeneity,asm
1,1,3,32.399223571878146,35.51782255636552,03/05/2011,38,,,,,,,,
1,2,3,32.39928332766658,35.517725827225085,03/05/2011,38,,,,,,,,
1,3,3,32.399358886530855,35.51762001165733,03/05/2011,38,,,,,,,,
1,4,3,32.39942404943012,35.517524576372416,03/05/2011,38,,,,,,,,
1,5,3,32.39948865801496,35.5174344535009,03/05/2011,38,,,,,,,,
1,6,3,32.399551647099784,35.51734283686371,03/05/2011,38,,,,,,,,
1,7,3,32.39962343601442,35.517229886272546,03/05/2011,38,,,,,,,,
1,8,3,32.399697376343575,35.517122044815196,03/05/2011,38,,,,,,,,
1,9,2,32.39977122403411,35.51701515946924,03/05/2011,38,,,,,,,,
1,10,2,32.39985548775139,35.516889709134205,03/05/2011,38,,,,,,,,
1,11,2,32.39992490987462,35.516785571707786,03/05/2011,38,,,,,,,,
1,12,2,32.39999765623247,35.51668633489893,03/05/2011,38,,,,,,,,
1,13,3,32.4000644581427,35.516584207645764,03/05/2011,38,,,,,,,,
1,14,3,32.40012744976925,35.51649131436551,03/05/2011,38,,,,,,,,
1,15,3,32.40019359820354,35.51639811294306,03/05/2011,38,,,,,,,,
1,16,3,32.40026705644221,35.51630259813375,03/05/2011,38,,,,,,,,
1,17,3,32.40032353325207,35.51621861043856,03/05/2011,38,,,,,,,,
1,18,3,32.40038527321605,35.51612124814478,03/05/2011,38,,,,,,,,
1,19,3,32.400452605463975,35.51602326718653,03/05/2011,38,,,,,,,,
1,20,3,32.40052066717127,35.51592199358304,03/05/2011,38,,,,,,,,
1,21,3,32.40058911181594,35.51581168644466,03/05/2011,38,,,,,,,,
1,22,3,32.40066078162255,35.51570989345888,03/05/2011,38,,,,,,,,
1,23,3,32.400729381760044,35.51560957785159,03/05/2011,38,,,,,,,,
1,24,3,32.400797698702526,35.515514363080065,03/05/2011,38,,,,,,,,
1,25,3,32.400870444061546,35.515415124294414,03/05/2011,38,,,,,,,,
1,26,3,32.40093661477573,35.515312567795505,03/05/2011,38,,,,,,,,
1,27,3,32.40099637807924,35.51521200872316,03/05/2011,38,,,,,,,,
1,28,3,32.40106586881703,35.51511605335482,03/05/2011,38,,,,,,,,
1,29,3,32.40112885936405,35.51502315802628,03/05/2011,38,,,,,,,,
1,30,3,32.40119068046265,35.51492908936151,03/05/2011,38,,,,,,,,
1,31,3,32.40128151485607,35.51480769668234,03/05/2011,38,,,,,,,,
1,32,3,32.401351057362554,35.51469058888003,03/05/2011,38,,,,,,,,
1,33,3,32.40141442189547,35.5145921670833,03/05/2011,38,,,,,,,,
1,34,3,32.4014893463942,35.51448655683594,03/05/2011,38,,,,,,,,
1,35,3,32.4015615739529,35.51437753586362,03/05/2011,38,,,,,,,,
1,36,3,32.401631600134756,35.5142836006317,03/05/2011,38,,,,,,,,
1,37,3,32.40169785514063,35.51418306228017,03/05/2011,38,,,,,,,,
1,38,3,32.40176202431403,35.514087299798206,03/05/2011,38,,,,,,,,
1,39,3,32.40182826036507,35.51399441411945,03/05/2011,38,,,,,,,,
1,40,3,32.40188184224475,35.513913602426925,03/05/2011,38,,,,,,,,
1,41,2,32.401982285235476,35.513771407308184,03/05/2011,38,,,,,,,,
1,42,1,32.40205008426626,35.51366619659787,03/05/2011,38,,,,,,,,
1,43,1,32.402101108211234,35.513598768630075,03/05/2011,38,,,,,,,,
1,44,1,32.402165185985716,35.513503323875014,03/05/2011,38,,,,,,,,
1,45,1,32.402233049167805,35.513408635927874,03/05/2011,38,,,,,,,,
1,46,1,32.40230039181663,35.51330554895292,03/05/2011,38,,,,,,,,
1,47,1,32.40236816910398,35.51320905344918,03/05/2011,38,,,,,,,,
1,48,1,32.40243805520419,35.513098321751436,03/05/2011,38,,,,,,,,
1,49,1,32.40250863136788,35.513000347369136,03/05/2011,38,,,,,,,,
1,50,1,32.40257008089806,35.5129101011756,03/05/2011,38,,,,,,,,
1,51,1,32.40263740753397,35.51281339097147,03/05/2011,38,,,,,,,,
1,52,1,32.402457116121575,35.51264228438089,03/05/2011,38,,,,,,,,
1,53,1,32.40239195690968,35.512737726376926,03/05/2011,38,,,,,,,,
1,54,1,32.40232922633837,35.512835621223914,03/05/2011,38,,,,,,,,
1,55,1,32.402269477935164,35.51293086876532,03/05/2011,38,,,,,,,,
1,56,1,32.402202166824885,35.51302120099697,03/05/2011,38,,,,,,,,
1,57,1,32.402133916419174,35.513126836000865,03/05/2011,38,,,,,,,,
1,58,1,32.402066570789664,35.51323119841855,03/05/2011,38,,,,,,,,
1,59,1,32.401999257901366,35.51332216797274,03/05/2011,38,,,,,,,,
1,60,1,32.401938684275045,35.51342283293565,03/05/2011,38,,,,,,,,
1,61,1,32.401870290725974,35.51351316078447,03/05/2011,38,,,,,,,,
1,62,1,32.401805027122045,35.513614128365525,03/05/2011,38,,,,,,,,
1,63,2,32.401725122134614,35.513728544947064,03/05/2011,38,,,,,,,,
1,64,3,32.40166402332018,35.51382261744947,03/05/2011,38,,,,,,,,
1,65,3,32.401610828816715,35.513892588564744,03/05/2011,38,,,,,,,,
1,66,3,32.401538087785774,35.51399055389705,03/05/2011,38,,,,,,,,
1,67,3,32.401473446921194,35.5140948179307,03/05/2011,38,,,,,,,,
1,68,3,32.401404570670856,35.514197898144346,03/05/2011,38,,,,,,,,
1,69,3,32.40133508507214,35.514292047638754,03/05/2011,38,,,,,,,,
1,70,3,32.401268552398165,35.51439545442833,03/05/2011,38,,,,,,,,
1,71,3,32.401205189586584,35.514493238464034,03/05/2011,38,,,,,,,,
1,72,3,32.40114112048037,35.51458485505767,03/05/2011,38,,,,,,,,
1,73,3,32.40107705418601,35.514675302329074,03/05/2011,38,,,,,,,,
1,74,3,32.40100103173587,35.51478728564875,03/05/2011,38,,,,,,,,
1,75,3,32.40093993841719,35.51487880572265,03/05/2011,38,,,,,,,,
1,76,3,32.400879030356315,35.5149683067804,03/05/2011,38,,,,,,,,
1,77,3,32.40081604299241,35.515059926413834,03/05/2011,38,,,,,,,,
1,78,3,32.40075655950334,35.51515676617011,03/05/2011,38,,,,,,,,
1,79,3,32.400685994248654,35.51524963507028,03/05/2011,38,,,,,,,,
1,80,3,32.40062145222171,35.51534996481379,03/05/2011,38,,,,,,,,
1,81,3,32.400555932891564,35.51544433879424,03/05/2011,38,,,,,,,,
1,82,3,32.40049619144317,35.51553596890379,03/05/2011,38,,,,,,,,
1,83,3,32.40043446610233,35.515627592086304,03/05/2011,38,,,,,,,,
1,84,3,32.40036715936399,35.515715369539095,03/05/2011,38,,,,,,,,
1,85,3,32.400301177598756,35.51581431188335,03/05/2011,38,,,,,,,,
1,86,3,32.400238719631446,35.515910396350115,03/05/2011,38,,,,,,,,
1,87,3,32.40017138431651,35.51600965263323,03/05/2011,38,,,,,,,,
1,88,3,32.400104859700136,35.51610923042462,03/05/2011,38,,,,,,,,
1,89,3,32.400032647738136,35.51621133947939,03/05/2011,38,,,,,,,,
1,90,3,32.39996748267341,35.51630805181977,03/05/2011,38,,,,,,,,
1,91,3,32.39990519573258,35.516407750033096,03/05/2011,38,,,,,,,,
1,92,3,32.39983896422228,35.516498081046834,03/05/2011,38,,,,,,,,
1,93,3,32.39977578697647,35.51659309918198,03/05/2011,38,,,,,,,,
1,94,3,32.399713700700055,35.516684507096315,03/05/2011,38,,,,,,,,
1,95,3,32.39963225655035,35.516800294799395,03/05/2011,38,,,,,,,,
1,96,3,32.399570986169095,35.51688989831867,03/05/2011,38,,,,,,,,
1,97,3,32.39950800057477,35.516980239832016,03/05/2011,38,,,,,,,,
1,98,3,32.39944987586951,35.517073999228444,03/05/2011,38,,,,,,,,
1,99,3,32.3993819042029,35.51717495221735,03/05/2011,38,,,,,,,,
1,100,3,32.39931243221515,35.51726272003753,03/05/2011,38,,,,,,,,
1,101,3,32.39925936548451,35.51735309525152,03/05/2011,38,,,,,,,,
1,102,3,32.39920290059047,35.517431979429524,03/05/2011,38,,,,,,,,
1,103,3,32.39913339304071,35.517533989462656,03/05/2011,38,,,,,,,,
1,104,3,32.399068426593516,35.517622941500115,03/05/2011,38,,,,,,,,
1,105,3,32.39901086359177,35.517708198874146,03/05/2011,38,,,,,,,,
1,106,3,32.39862591527882,35.517378545038426,03/05/2011,38,,,,,,,,
1,107,3,32.398688913825026,35.5172831028812,03/05/2011,38,,,,,,,,
1,108,3,32.39875821893447,35.51718991439162,03/05/2011,38,,,,,,,,
1,109,3,32.39882772568154,35.517088117087056,03/05/2011,38,,,,,,,,
1,110,3,32.398892160200994,35.516995336677915,03/05/2011,38,,,,,,,,
1,111,3,32.39896606681345,35.516864643715934,03/05/2011,38,,,,,,,,
1,112,3,32.399031222823616,35.516771759202115,03/05/2011,38,,,,,,,,
1,113,3,32.39909097939048,35.51667439183925,03/05/2011,38,,,,,,,,
1,114,3,32.399165728972,35.51656729736278,03/05/2011,38,,,,,,,,
1,115,3,32.399231979482536,35.51646931432572,03/05/2011,38,,,,,,,,
1,116,3,32.39930569304251,35.516379966223234,03/05/2011,38,,,,,,,,
1,117,3,32.39938021997998,35.51625341957268,03/05/2011,38,,,,,,,,
1,118,3,32.399450811214315,35.516150349108905,03/05/2011,38,,,,,,,,
1,119,3,32.399521409460434,35.516044408697546,03/05/2011,38,,,,,,,,
1,120,3,32.39959515792507,35.5159408173062,03/05/2011,38,,,,,,,,
1,121,3,32.39966684359775,35.515832648217334,03/05/2011,38,,,,,,,,
1,122,3,32.39973145570516,35.515740610695,03/05/2011,38,,,,,,,,
1,123,3,32.399796620337874,35.51564389819348,03/05/2011,38,,,,,,,,
1,124,3,32.3998694226529,35.51555815958999,03/05/2011,38,,,,,,,,
1,125,3,32.399930296570794,35.51544612636834,03/05/2011,38,,,,,,,,
1,126,3,32.400002511588156,35.51534252876798,03/05/2011,38,,,,,,,,
1,127,3,32.40006551174205,35.51524580827494,03/05/2011,38,,,,,,,,
1,128,3,32.40012769134672,35.51515269869751,03/05/2011,38,,,,,,,,
1,129,3,32.40019284295431,35.515061087231494,03/05/2011,38,,,,,,,,
1,130,3,32.40025872426772,35.51496607684647,03/05/2011,38,,,,,,,,
1,131,3,32.40032417296755,35.514863624525155,03/05/2011,38,,,,,,,,
1,132,3,32.40039256748561,35.51477329923243,03/05/2011,38,,,,,,,,
1,133,3,32.4004502411861,35.514678898098914,03/05/2011,38,,,,,,,,
1,134,3,32.400522293274925,35.51456796469364,03/05/2011,38,,,,,,,,
1,135,3,32.40058637492295,35.514471246805144,03/05/2011,38,,,,,,,,
1,136,3,32.400639592493434,35.514392029610406,03/05/2011,38,,,,,,,,
1,137,3,32.40072863099886,35.5142673359764,03/05/2011,38,,,,,,,,
1,138,3,32.40079522317952,35.514176365932194,03/05/2011,38,,,,,,,,
1,139,3,32.40086147183566,35.51407837938325,03/05/2011,38,,,,,,,,
1,140,3,32.40093277302697,35.51397924073341,03/05/2011,38,,,,,,,,
1,141,3,32.40099904032154,35.513873601000114,03/05/2011,38,,,,,,,,
1,142,3,32.40106780317624,35.513779874229755,03/05/2011,38,,,,,,,,
1,143,3,32.40113729778581,35.51368189816385,03/05/2011,38,,,,,,,,
1,144,3,32.4012084253581,35.51357988844444,03/05/2011,38,,,,,,,,
1,145,3,32.4012735852087,35.513484448296836,03/05/2011,38,,,,,,,,
1,146,1,32.40141495514444,35.51327351611791,03/05/2011,38,,,,,,,,
1,147,1,32.40148337039905,35.513174260115946,03/05/2011,38,,,,,,,,
1,148,1,32.40155251607805,35.51307128624026,03/05/2011,38,,,,,,,,
1,149,1,32.401618397195946,35.51297574152719,03/05/2011,38,,,,,,,,
1,150,1,32.40167160992606,35.51289811691533,03/05/2011,38,,,,,,,,
1,151,1,32.40174517442196,35.51279494505455,03/05/2011,38,,,,,,,,
1,152,1,32.40181358930048,35.51269568832921,03/05/2011,38,,,,,,,,
1,153,1,32.40188417217371,35.512594844438745,03/05/2011,38,,,,,,,,
1,154,1,32.40195252504221,35.51248400135316,03/05/2011,38,,,,,,,,
1,155,1,32.40202309138278,35.51238985349949,03/05/2011,38,,,,,,,,
1,156,1,32.40209024896101,35.512288359758095,03/05/2011,38,,,,,,,,
1,157,1,32.401744658182494,35.511935998225304,03/05/2011,38,,,,,,,,
1,158,1,32.401679518178916,35.51202378703777,03/05/2011,38,,,,,,,,
1,159,1,32.40159960164958,35.512143519418984,03/05/2011,38,,,,,,,,
1,160,1,32.40154639872675,35.51221731794681,03/05/2011,38,,,,,,,,
1,161,1,32.40148230945381,35.512317864926665,03/05/2011,38,,,,,,,,
1,162,1,32.401408284604074,35.51242507439429,03/05/2011,38,,,,,,,,
1,163,1,32.40133497975544,35.512532817589914,03/05/2011,38,,,,,,,,
1,164,1,32.40127197543782,35.5126320923026,03/05/2011,38,,,,,,,,
1,165,1,32.4011988666223,35.51273335206686,03/05/2011,38,,,,,,,,
1,166,1,32.401136682296055,35.512829121669284,03/05/2011,38,,,,,,,,
1,167,1,32.40107478481062,35.51291819577407,03/05/2011,38,,,,,,,,
1,168,2,32.40101313514144,35.51301651792337,03/05/2011,38,,,,,,,,
1,169,3,32.40094797876624,35.513110682656375,03/05/2011,38,,,,,,,,
1,170,3,32.400881468930685,35.51320516151952,03/05/2011,38,,,,,,,,
1,171,3,32.400812597569626,35.51330654110683,03/05/2011,38,,,,,,,,
1,172,3,32.40074238185725,35.51340451465686,03/05/2011,38,,,,,,,,
1,173,3,32.40066962555847,35.513508856838335,03/05/2011,38,,,,,,,,
1,174,3,32.40060058716535,35.513604708278805,03/05/2011,38,,,,,,,,
1,175,3,32.40053757887542,35.513705256915905,03/05/2011,38,,,,,,,,
1,176,3,32.400468808506716,35.51380206559545,03/05/2011,38,,,,,,,,
1,177,3,32.400407445897734,35.513893372303194,03/05/2011,38,,,,,,,,
1,178,3,32.40032382759343,35.51401425791749,03/05/2011,38,,,,,,,,
1,179,3,32.400255943055996,35.51411744656971,03/05/2011,38,,,,,,,,
1,180,3,32.40018671261851,35.514217866928455,03/05/2011,38,,,,,,,,
1,181,3,32.4001215647563,35.51430820352962,03/05/2011,38,,,,,,,,
1,182,3,32.400062286238686,35.51439526506946,03/05/2011,38,,,,,,,,
1,183,3,32.39998742740083,35.51451086521258,03/05/2011,38,,,,,,,,
1,184,3,32.399919023650305,35.51460501670383,03/05/2011,38,,,,,,,,
1,185,3,32.39986807756219,35.51467722579505,03/05/2011,38,,,,,,,,
1,186,3,32.39981049455871,35.514771414057954,03/05/2011,38,,,,,,,,
1,187,3,32.39973674076664,35.51487755758062,03/05/2011,38,,,,,,,,
1,188,3,32.39966452062788,35.51498338731292,03/05/2011,38,,,,,,,,
1,189,3,32.399597186036445,35.515082643665714,03/05/2011,38,,,,,,,,
1,190,3,32.39952822063601,35.515184976674696,03/05/2011,38,,,,,,,,
1,191,3,32.39946197426528,35.51528168551622,03/05/2011,38,,,,,,,,
1,192,3,32.3994018845604,35.51536831784989,03/05/2011,38,,,,,,,,
1,193,3,32.39931953016534,35.51548803591965,03/05/2011,38,,,,,,,,
1,194,3,32.39924892372333,35.51559748404054,03/05/2011,38,,,,,,,,
1,195,3,32.39918232815394,35.51568940808395,03/05/2011,38,,,,,,,,
1,196,3,32.39911398875289,35.51579365551151,03/05/2011,38,,,,,,,,
1,197,3,32.39904124308921,35.51589289208164,03/05/2011,38,,,,,,,,
1,198,3,32.398973908046,35.515992040787516,03/05/2011,38,,,,,,,,
1,199,3,32.398886111868975,35.51612417479081,03/05/2011,38,,,,,,,,
1,200,3,32.39881081819837,35.516232649186215,03/05/2011,38,,,,,,,,
1,201,3,32.39874023005096,35.516334443412646,03/05/2011,38,,,,,,,,
1,202,3,32.39866566311708,35.51644068790451,03/05/2011,38,,,,,,,,
1,203,3,32.39858782456246,35.51655712463346,03/05/2011,38,,,,,,,,
1,204,3,32.398512892005776,35.516665280691655,03/05/2011,38,,,,,,,,
1,205,3,32.39844374471216,35.51676771693662,03/05/2011,38,,,,,,,,
1,206,3,32.39837477979135,35.51686930334993,03/05/2011,38,,,,,,,,
1,207,3,32.398306374282775,35.516963451384555,03/05/2011,38,,,,,,,,
1,208,3,32.39789507600703,35.51671342814941,03/05/2011,38,,,,,,,,
1,209,3,32.39796023822947,35.51661799373827,03/05/2011,38,,,,,,,,
1,210,3,32.39802422996105,35.51652181115033,03/05/2011,38,,,,,,,,
1,211,3,32.39809262567065,35.51643148939303,03/05/2011,38,,,,,,,,
1,212,3,32.39815617375571,35.51633232895205,03/05/2011,38,,,,,,,,
1,213,3,32.398230855755074,35.516215988018736,03/05/2011,38,,,,,,,,
1,214,3,32.39830362086393,35.51610899364142,03/05/2011,38,,,,,,,,
1,215,3,32.398357914456845,35.516032652865185,03/05/2011,38,,,,,,,,
1,216,3,32.39842416770978,35.51593339485612,03/05/2011,38,,,,,,,,
1,217,3,32.39848777957785,35.51584475644446,03/05/2011,38,,,,,,,,
1,218,3,32.39855186220749,35.51574804162305,03/05/2011,38,,,,,,,,
1,219,3,32.398613836378296,35.515665243191464,03/05/2011,38,,,,,,,,
1,220,3,32.398675738951894,35.51557489793065,03/05/2011,38,,,,,,,,
1,221,3,32.398739846557696,35.515467979118085,03/05/2011,38,,,,,,,,
1,222,3,32.39881549056776,35.51536343804372,03/05/2011,38,,,,,,,,
1,223,3,32.398892144754214,35.51525146005639,03/05/2011,38,,,,,,,,
1,224,3,32.39896383298599,35.51514201579812,03/05/2011,38,,,,,,,,
1,225,3,32.39903441912722,35.5150406455376,03/05/2011,38,,,,,,,,
1,226,3,32.39910212223993,35.51493820236246,03/05/2011,38,,,,,,,,
1,227,3,32.399171627177566,35.5148364029335,03/05/2011,38,,,,,,,,
1,228,3,32.39924347838736,35.51473386735181,03/05/2011,38,,,,,,,,
1,229,3,32.3993140746656,35.514628244933256,03/05/2011,38,,,,,,,,
1,230,3,32.39938899240479,35.51452540064131,03/05/2011,38,,,,,,,,
1,231,3,32.39945914208349,35.51441796944787,03/05/2011,38,,,,,,,,
1,232,3,32.39952756451466,35.51431616552179,03/05/2011,38,,,,,,,,
1,233,3,32.39960891491626,35.514200906836585,03/05/2011,38,,,,,,,,
1,234,3,32.39968821158216,35.51407735035199,03/05/2011,38,,,,,,,,
1,235,3,32.39976423654374,35.51396409257876,03/05/2011,38,,,,,,,,
1,236,3,32.39983237347297,35.513868239216286,03/05/2011,38,,,,,,,,
1,237,3,32.39989860937176,35.51377535534011,03/05/2011,38,,,,,,,,
1,238,3,32.3999609598985,35.513685646776935,03/05/2011,38,,,,,,,,
1,239,3,32.40003028843284,35.5135818253154,03/05/2011,38,,,,,,,,
1,240,3,32.40009761559176,35.51348511830595,03/05/2011,38,,,,,,,,
1,241,3,32.400164683619934,35.51338373350717,03/05/2011,38,,,,,,,,
1,242,3,32.40022549309686,35.51329720786883,03/05/2011,38,,,,,,,,
1,243,3,32.40029391436445,35.513195508523964,03/05/2011,38,,,,,,,,
1,244,3,32.400367026677245,35.5130929746662,03/05/2011,38,,,,,,,,
1,245,3,32.400426756990825,35.513005169484295,03/05/2011,38,,,,,,,,
1,246,3,32.40049643135249,35.51290719412133,03/05/2011,38,,,,,,,,
1,247,3,32.400558353801046,35.51280791676694,03/05/2011,38,,,,,,,,
1,248,2,32.400621339798406,35.51271618952494,03/05/2011,38,,,,,,,,
1,249,1,32.40069997416508,35.51260474525375,03/05/2011,38,,,,,,,,
1,250,1,32.4007716569862,35.512496572194344,03/05/2011,38,,,,,,,,
1,251,1,32.400838263740944,35.512399117107485,03/05/2011,38,,,,,,,,
1,252,1,32.40090342581998,35.51230240101062,03/05/2011,38,,,,,,,,
1,253,1,32.40097075485471,35.51220452292639,03/05/2011,38,,,,,,,,
1,254,1,32.40102831103406,35.512120535679514,03/05/2011,38,,,,,,,,
1,255,1,32.4010951890582,35.512022655796166,03/05/2011,38,,,,,,,,
1,256,1,32.40116451311371,35.511920107245736,03/05/2011,38,,,,,,,,
1,257,1,32.4012307506909,35.511825945093776,03/05/2011,38,,,,,,,,
1,258,1,32.40129977840602,35.51173391808545,03/05/2011,38,,,,,,,,
1,259,1,32.40135410355767,35.51164354180336,03/05/2011,38,,,,,,,,
1,260,1,32.40118148446558,35.511394660732414,03/05/2011,38,,,,,,,,
1,261,1,32.401120204444105,35.51148979655356,03/05/2011,38,,,,,,,,
1,262,1,32.4010583265512,35.5115712186661,03/05/2011,38,,,,,,,,
1,263,1,32.400987742156346,35.5116730190588,03/05/2011,38,,,,,,,,
1,264,1,32.40093287567989,35.51176349941679,03/05/2011,38,,,,,,,,
1,265,1,32.40086987948306,35.51185969182046,03/05/2011,38,,,,,,,,
1,266,1,32.40080256912921,35.511950023468444,03/05/2011,38,,,,,,,,
1,267,1,32.400731616209235,35.5120549044612,03/05/2011,38,,,,,,,,
1,268,1,32.40067079564387,35.51214632074979,03/05/2011,38,,,,,,,,
1,269,1,32.40060020143934,35.51225194668816,03/05/2011,38,,,,,,,,
1,270,1,32.40053712949926,35.512342079583505,03/05/2011,38,,,,,,,,
1,271,3,32.40043024859881,35.51249945170265,03/05/2011,38,,,,,,,,
1,272,3,32.40037377815194,35.51258184749099,03/05/2011,38,,,,,,,,
1,273,3,32.400308631455964,35.512672185462165,03/05/2011,38,,,,,,,,
1,274,3,32.400248604586025,35.51277072505033,03/05/2011,38,,,,,,,,
1,275,3,32.40018119820396,35.512863180879634,03/05/2011,38,,,,,,,,
1,276,3,32.40011386839726,35.51296116391285,03/05/2011,38,,,,,,,,
1,277,3,32.40005276988672,35.51305534156431,03/05/2011,38,,,,,,,,
1,278,3,32.39998218742025,35.51315586420257,03/05/2011,38,,,,,,,,
1,279,3,32.399916487289225,35.51325108881768,03/05/2011,38,,,,,,,,
1,280,3,32.39985194684187,35.51335141915021,03/05/2011,38,,,,,,,,
1,281,3,32.39978679646804,35.513443031512494,03/05/2011,38,,,,,,,,
1,282,3,32.39971185823074,35.51355459282353,03/05/2011,38,,,,,,,,
1,283,3,32.39963801397899,35.51366126836488,03/05/2011,38,,,,,,,,
1,284,3,32.39957503068545,35.513751612205965,03/05/2011,38,,,,,,,,
1,285,3,32.3995077799252,35.51385384576706,03/05/2011,38,,,,,,,,
1,286,3,32.399437910383405,35.513957558289704,03/05/2011,38,,,,,,,,
1,287,3,32.39937601209867,35.51404662995955,03/05/2011,38,,,,,,,,
1,288,3,32.399310745448766,35.514148657274006,03/05/2011,38,,,,,,,,
1,289,3,32.39923346859846,35.51425755220475,03/05/2011,38,,,,,,,,
1,290,3,32.39916612830042,35.51435935954439,03/05/2011,38,,,,,,,,
1,291,3,32.39910549164461,35.51444864756282,03/05/2011,38,,,,,,,,
1,292,3,32.39904250151108,35.514541541233854,03/05/2011,38,,,,,,,,
1,293,3,32.39897607240356,35.51463941858352,03/05/2011,38,,,,,,,,
1,294,3,32.39891307611072,35.51473475660641,03/05/2011,38,,,,,,,,
1,295,3,32.39884141650328,35.51483272206563,03/05/2011,38,,,,,,,,
1,296,3,32.39878510341041,35.51492383115056,03/05/2011,38,,,,,,,,
1,297,3,32.39871995818256,35.51501289040358,03/05/2011,38,,,,,,,,
1,298,3,32.39865540926178,35.51511608791451,03/05/2011,38,,,,,,,,
1,299,3,32.39858330032357,35.515213307237595,03/05/2011,38,,,,,,,,
1,300,3,32.39850945100047,35.51532146811875,03/05/2011,38,,,,,,,,
1,301,3,32.39843352784642,35.51542951542597,03/05/2011,38,,,,,,,,
1,302,3,32.3983566844943,35.51554499955272,03/05/2011,38,,,,,,,,
1,303,3,32.39829152938006,35.515637884268855,03/05/2011,38,,,,,,,,
1,304,3,32.39822710162729,35.51572832672845,03/05/2011,38,,,,,,,,
1,305,3,32.3981586767438,35.51583065956277,03/05/2011,38,,,,,,,,
1,306,3,32.39808482689212,35.51593881943356,03/05/2011,38,,,,,,,,
1,307,3,32.39802487923972,35.51604075591812,03/05/2011,38,,,,,,,,
1,308,3,32.39795108283477,35.51612723299869,03/05/2011,38,,,,,,,,
1,309,3,32.39788202220333,35.51623126363398,03/05/2011,38,,,,,,,,
1,310,3,32.39781920058562,35.51632840688698,03/05/2011,38,,,,,,,,
1,311,3,32.397751899664634,35.516413630429916,03/05/2011,38,,,,,,,,
1,312,1,32.402697009302386,35.512704324373914,03/05/2011,38,,,,,,,,
1,313,1,32.40277082830173,35.51260763594157,03/05/2011,38,,,,,,,,
1,314,1,32.40287575955062,35.51247321263478,03/05/2011,38,,,,,,,,
1,315,1,32.40295800059426,35.51232489385118,03/05/2011,38,,,,,,,,
1,316,1,32.403039612420876,35.512212606141794,03/05/2011,38,,,,,,,,
1,317,1,32.40309717794137,35.51212479046078,03/05/2011,38,,,,,,,,
1,318,1,32.40317112818107,35.51201109459958,03/05/2011,38,,,,,,,,
1,319,1,32.40325012183281,35.511899966699076,03/05/2011,38,,,,,,,,
1,320,1,32.40333228028757,35.51178523534129,03/05/2011,38,,,,,,,,
1,321,1,32.40340393440939,35.51168853815047,03/05/2011,38,,,,,,,,
1,322,1,32.403479345950444,35.51156708703852,03/05/2011,38,,,,,,,,
1,323,1,32.40354775675255,35.51146910301031,03/05/2011,38,,,,,,,,
1,324,1,32.403620336189405,35.51136262941179,03/05/2011,38,,,,,,,,
1,325,1,32.403698616678255,35.511247883980374,03/05/2011,38,,,,,,,,
1,326,1,32.403777897771384,35.51112952772793,03/05/2011,38,,,,,,,,
1,327,1,32.40385743531112,35.511016912033625,03/05/2011,38,,,,,,,,
1,328,1,32.403930374803835,35.510910545221115,03/05/2011,38,,,,,,,,
1,329,1,32.404006667179964,35.51079738671042,03/05/2011,38,,,,,,,,
1,330,1,32.40408375887873,35.510689226558355,03/05/2011,38,,,,,,,,
1,331,1,32.4041561627332,35.51058051892413,03/05/2011,38,,,,,,,,
1,332,1,32.40371631665352,35.51001259212704,03/05/2011,38,,,,,,,,
1,333,1,32.403643560066044,35.510118215973236,03/05/2011,38,,,,,,,,
1,334,1,32.40356708665711,35.510231905467805,03/05/2011,38,,,,,,,,
1,335,1,32.40349773714285,35.51034551250542,03/05/2011,38,,,,,,,,
1,336,1,32.403426080948186,35.51044348638167,03/05/2011,38,,,,,,,,
1,337,1,32.40335531299035,35.51054699037994,03/05/2011,38,,,,,,,,
1,338,1,32.40328237483326,35.510652931645446,03/05/2011,38,,,,,,,,
1,339,1,32.40321722952402,35.51074327389274,03/05/2011,38,,,,,,,,
1,340,1,32.403145440718994,35.51085857255703,03/05/2011,38,,,,,,,,
1,341,1,32.40306781842811,35.5109623716261,03/05/2011,38,,,,,,,,
1,342,1,32.40299830730713,35.51106800492816,03/05/2011,38,,,,,,,,
1,343,1,32.40292464188849,35.511176175057955,03/05/2011,38,,,,,,,,
1,344,1,32.40285015782389,35.511287212159594,03/05/2011,38,,,,,,,,
1,345,1,32.40276980381324,35.51140173688556,03/05/2011,38,,,,,,,,
1,346,1,32.402696583798196,35.511512033840894,03/05/2011,38,,,,,,,,
1,347,1,32.40262291825838,35.51162009695704,03/05/2011,38,,,,,,,,
1,348,1,32.40254690784519,35.51172825824592,03/05/2011,38,,,,,,,,
1,349,1,32.40246446776669,35.511847558302975,03/05/2011,38,,,,,,,,
1,350,1,32.40239269196063,35.51195711537517,03/05/2011,38,,,,,,,,
1,351,1,32.4023251840723,35.51205446309974,03/05/2011,38,,,,,,,,
1,352,1,32.4022600190734,35.512152456383454,03/05/2011,38,,,,,,,,
1,353,1,32.4021890761177,35.51225319352079,03/05/2011,38,,,,,,,,
1,354,1,32.40183398085586,35.511952563736166,03/05/2011,38,,,,,,,,
1,355,1,32.40190944730893,35.51184567714314,03/05/2011,38,,,,,,,,
1,356,1,32.40198637304248,35.511731992614834,03/05/2011,38,,,,,,,,
1,357,1,32.40205706060927,35.51162487688866,03/05/2011,38,,,,,,,,
1,358,1,32.40212872704783,35.51152307892883,03/05/2011,38,,,,,,,,
1,359,1,32.402203298389104,35.5114133187051,03/05/2011,38,,,,,,,,
1,360,1,32.4022746202679,35.511304822817415,03/05/2011,38,,,,,,,,
1,361,1,32.40234736543058,35.51120430352094,03/05/2011,38,,,,,,,,
1,362,1,32.40241761228515,35.511092827465646,03/05/2011,38,,,,,,,,
1,363,1,32.4024867425652,35.5109954844067,03/05/2011,38,,,,,,,,
1,364,1,32.40255632984353,35.510895591714366,03/05/2011,38,,,,,,,,
1,365,1,32.40262149386952,35.51079759720118,03/05/2011,38,,,,,,,,
1,366,1,32.402692174702715,35.5106929247143,03/05/2011,38,,,,,,,,
1,367,1,32.402776587965576,35.51057756281124,03/05/2011,38,,,,,,,,
1,368,1,32.40283850238608,35.510480832384964,03/05/2011,38,,,,,,,,
1,369,1,32.40291398617285,35.510366290324846,03/05/2011,38,,,,,,,,
1,370,1,32.40298926319687,35.51026258930331,03/05/2011,38,,,,,,,,
1,371,1,32.40305768846511,35.51015822725258,03/05/2011,38,,,,,,,,
1,372,1,32.403131631011746,35.51004697455438,03/05/2011,38,,,,,,,,
1,373,1,32.40321343199064,35.509930220874985,03/05/2011,38,,,,,,,,
1,374,1,32.403289911570084,35.509813874242475,03/05/2011,38,,,,,,,,
1,375,1,32.403362661725765,35.50971080159073,03/05/2011,38,,,,,,,,
1,376,1,32.40303875618883,35.50933757795375,03/05/2011,38,,,,,,,,
1,377,1,32.402970597487354,35.50944385478256,03/05/2011,38,,,,,,,,
1,378,1,32.402884853236785,35.50955071005128,03/05/2011,38,,,,,,,,
1,379,1,32.40280358952998,35.50966916615328,03/05/2011,38,,,,,,,,
1,380,1,32.402727759069606,35.50977818025019,03/05/2011,38,,,,,,,,
1,381,1,32.402664775464,35.50986980537583,03/05/2011,38,,,,,,,,
1,382,1,32.402604811060336,35.50998067956815,03/05/2011,38,,,,,,,,
1,383,1,32.402528829888276,35.51007736268644,03/05/2011,38,,,,,,,,
1,384,1,32.40245065661658,35.510185517872095,03/05/2011,38,,,,,,,,
1,385,1,32.40237480661982,35.51030239670551,03/05/2011,38,,,,,,,,
1,386,1,32.402302769369676,35.51040876523976,03/05/2011,38,,,,,,,,
1,387,1,32.40222999902108,35.51051991429385,03/05/2011,38,,,,,,,,
1,388,1,32.402151806775514,35.51063572173172,03/05/2011,38,,,,,,,,
1,389,1,32.402085963084545,35.51075369652103,03/05/2011,38,,,,,,,,
1,390,1,32.40201973871249,35.51084275835878,03/05/2011,38,,,,,,,,
1,391,1,32.401958689041514,35.510954584080764,03/05/2011,38,,,,,,,,
1,392,1,32.4018859471783,35.511053827656404,03/05/2011,38,,,,,,,,
1,393,1,32.40181610917017,35.51114553415956,03/05/2011,38,,,,,,,,
1,394,1,32.40174010536872,35.51125114390791,03/05/2011,38,,,,,,,,
1,395,1,32.4016582992825,35.51136948886493,03/05/2011,38,,,,,,,,
1,396,1,32.401583172948534,35.51148498634457,03/05/2011,38,,,,,,,,
1,397,1,32.40151365205963,35.511594443991314,03/05/2011,38,,,,,,,,
1,398,0,32.40122478003823,35.51135282218232,03/05/2011,38,,,,,,,,
1,399,1,32.40129239749226,35.51124729103942,03/05/2011,38,,,,,,,,
1,400,1,32.40135758352481,35.511140369728146,03/05/2011,38,,,,,,,,
1,401,1,32.40142346318823,35.51104482380449,03/05/2011,38,,,,,,,,
1,402,1,32.40149586942711,35.51093526930091,03/05/2011,38,,,,,,,,
1,403,1,32.4015653711401,35.51083346410684,03/05/2011,38,,,,,,,,
1,404,1,32.40164219210173,35.5107254122567,03/05/2011,38,,,,,,,,
1,405,0,32.401703596843625,35.51061582009606,03/05/2011,38,,,,,,,,
1,406,1,32.401792830126425,35.510520777406,03/05/2011,38,,,,,,,,
1,407,1,32.40185365622567,35.51042659532213,03/05/2011,38,,,,,,,,
1,408,1,32.40192048481804,35.51031138751173,03/05/2011,38,,,,,,,,
1,409,1,32.40199759158646,35.51019685193395,03/05/2011,38,,,,,,,,
1,410,1,32.4020737024708,35.51008390719032,03/05/2011,38,,,,,,,,
1,411,1,32.40214887182727,35.50998732811698,03/05/2011,38,,,,,,,,
1,412,1,32.40222375538726,35.50989701917872,03/05/2011,38,,,,,,,,
1,413,1,32.40228615338445,35.50978657875773,03/05/2011,38,,,,,,,,
1,414,1,32.402350247854976,35.509683052916294,03/05/2011,38,,,,,,,,
1,415,0,32.40240583732173,35.50959129680573,03/05/2011,38,,,,,,,,
1,416,1,32.40246231894073,35.50950347641635,03/05/2011,38,,,,,,,,
1,417,1,32.4025231597154,35.50940291543326,03/05/2011,38,,,,,,,,
1,418,1,32.40258896743349,35.50929928851587,03/05/2011,38,,,,,,,,
1,419,1,32.4026525882711,35.50920500788429,03/05/2011,38,,,,,,,,
1,420,1,32.40271447388979,35.50911975620311,03/05/2011,38,,,,,,,,
2,1,3,32.399223571878146,35.51782255636552,10/05/2011,31,,,,,,,,
2,2,3,32.39928332766658,35.517725827225085,10/05/2011,31,,,,,,,,
2,3,3,32.399358886530855,35.51762001165733,10/05/2011,31,,,,,,,,
2,4,3,32.39942404943012,35.517524576372416,10/05/2011,31,,,,,,,,
2,5,3,32.39948865801496,35.5174344535009,10/05/2011,31,,,,,,,,
2,6,3,32.399551647099784,35.51734283686371,10/05/2011,31,,,,,,,,
2,7,3,32.39962343601442,35.517229886272546,10/05/2011,31,,,,,,,,
2,8,3,32.399697376343575,35.517122044815196,10/05/2011,31,,,,,,,,
2,9,2,32.39977122403411,35.51701515946924,10/05/2011,31,,,,,,,,
2,10,2,32.39985548775139,35.516889709134205,10/05/2011,31,,,,,,,,
2,11,2,32.39992490987462,35.516785571707786,10/05/2011,31,,,,,,,,
2,12,2,32.39999765623247,35.51668633489893,10/05/2011,31,,,,,,,,
2,13,3,32.4000644581427,35.516584207645764,10/05/2011,31,,,,,,,,
2,14,3,32.40012744976925,35.51649131436551,10/05/2011,31,,,,,,,,
2,15,3,32.40019359820354,35.51639811294306,10/05/2011,31,,,,,,,,
2,16,3,32.40026705644221,35.51630259813375,10/05/2011,31,,,,,,,,
2,17,3,32.40032353325207,35.51621861043856,10/05/2011,31,,,,,,,,
2,18,3,32.40038527321605,35.51612124814478,10/05/2011,31,,,,,,,,
2,19,3,32.400452605463975,35.51602326718653,10/05/2011,31,,,,,,,,
2,20,3,32.40052066717127,35.51592199358304,10/05/2011,31,,,,,,,,
2,21,3,32.40058911181594,35.51581168644466,10/05/2011,31,,,,,,,,
2,22,3,32.40066078162255,35.51570989345888,10/05/2011,31,,,,,,,,
2,23,3,32.400729381760044,35.51560957785159,10/05/2011,31,,,,,,,,
2,24,3,32.400797698702526,35.515514363080065,10/05/2011,31,,,,,,,,
2,25,3,32.400870444061546,35.515415124294414,10/05/2011,31,,,,,,,,
2,26,3,32.40093661477573,35.515312567795505,10/05/2011,31,,,,,,,,
2,27,3,32.40099637807924,35.51521200872316,10/05/2011,31,,,,,,,,
2,28,3,32.40106586881703,35.51511605335482,10/05/2011,31,,,,,,,,
2,29,3,32.40112885936405,35.51502315802628,10/05/2011,31,,,,,,,,
2,30,3,32.40119068046265,35.51492908936151,10/05/2011,31,,,,,,,,
2,31,3,32.40128151485607,35.51480769668234,10/05/2011,31,,,,,,,,
2,32,3,32.401351057362554,35.51469058888003,10/05/2011,31,,,,,,,,
2,33,3,32.40141442189547,35.5145921670833,10/05/2011,31,,,,,,,,
2,34,3,32.4014893463942,35.51448655683594,10/05/2011,31,,,,,,,,
2,35,3,32.4015615739529,35.51437753586362,10/05/2011,31,,,,,,,,
2,36,3,32.401631600134756,35.5142836006317,10/05/2011,31,,,,,,,,
2,37,3,32.40169785514063,35.51418306228017,10/05/2011,31,,,,,,,,
2,38,3,32.40176202431403,35.514087299798206,10/05/2011,31,,,,,,,,
2,39,3,32.40182826036507,35.51399441411945,10/05/2011,31,,,,,,,,
2,40,3,32.40188184224475,35.513913602426925,10/05/2011,31,,,,,,,,
2,41,2,32.401982285235476,35.513771407308184,10/05/2011,31,,,,,,,,
2,42,1,32.40205008426626,35.51366619659787,10/05/2011,31,,,,,,,,
2,43,1,32.402101108211234,35.513598768630075,10/05/2011,31,,,,,,,,
2,44,1,32.402165185985716,35.513503323875014,10/05/2011,31,,,,,,,,
2,45,1,32.402233049167805,35.513408635927874,10/05/2011,31,,,,,,,,
2,46,1,32.40230039181663,35.51330554895292,10/05/2011,31,,,,,,,,
2,47,1,32.40236816910398,35.51320905344918,10/05/2011,31,,,,,,,,
2,48,1,32.40243805520419,35.513098321751436,10/05/2011,31,,,,,,,,
2,49,1,32.40250863136788,35.513000347369136,10/05/2011,31,,,,,,,,
2,50,1,32.40257008089806,35.5129101011756,10/05/2011,31,,,,,,,,
2,51,1,32.40263740753397,35.51281339097147,10/05/2011,31,,,,,,,,
2,52,1,32.402457116121575,35.51264228438089,10/05/2011,31,,,,,,,,
2,53,1,32.40239195690968,35.512737726376926,10/05/2011,31,,,,,,,,
2,54,1,32.40232922633837,35.512835621223914,10/05/2011,31,,,,,,,,
2,55,1,32.402269477935164,35.51293086876532,10/05/2011,31,,,,,,,,
2,56,1,32.402202166824885,35.51302120099697,10/05/2011,31,,,,,,,,
2,57,1,32.402133916419174,35.513126836000865,10/05/2011,31,,,,,,,,
2,58,1,32.402066570789664,35.51323119841855,10/05/2011,31,,,,,,,,
2,59,1,32.401999257901366,35.51332216797274,10/05/2011,31,,,,,,,,
2,60,1,32.401938684275045,35.51342283293565,10/05/2011,31,,,,,,,,
2,61,1,32.401870290725974,35.51351316078447,10/05/2011,31,,,,,,,,
2,62,1,32.401805027122045,35.513614128365525,10/05/2011,31,,,,,,,,
2,63,2,32.401725122134614,35.513728544947064,10/05/2011,31,,,,,,,,
2,64,3,32.40166402332018,35.51382261744947,10/05/2011,31,,,,,,,,
2,65,3,32.401610828816715,35.513892588564744,10/05/2011,31,,,,,,,,
2,66,3,32.401538087785774,35.51399055389705,10/05/2011,31,,,,,,,,
2,67,3,32.401473446921194,35.5140948179307,10/05/2011,31,,,,,,,,
2,68,3,32.401404570670856,35.514197898144346,10/05/2011,31,,,,,,,,
2,69,3,32.40133508507214,35.514292047638754,10/05/2011,31,,,,,,,,
2,70,3,32.401268552398165,35.51439545442833,10/05/2011,31,,,,,,,,
2,71,3,32.401205189586584,35.514493238464034,10/05/2011,31,,,,,,,,
2,72,3,32.40114112048037,35.51458485505767,10/05/2011,31,,,,,,,,
2,73,3,32.40107705418601,35.514675302329074,10/05/2011,31,,,,,,,,
2,74,3,32.40100103173587,35.51478728564875,10/05/2011,31,,,,,,,,
2,75,3,32.40093993841719,35.51487880572265,10/05/2011,31,,,,,,,,
2,76,3,32.400879030356315,35.5149683067804,10/05/2011,31,,,,,,,,
2,77,3,32.40081604299241,35.515059926413834,10/05/2011,31,,,,,,,,
2,78,3,32.40075655950334,35.51515676617011,10/05/2011,31,,,,,,,,
2,79,3,32.400685994248654,35.51524963507028,10/05/2011,31,,,,,,,,
2,80,3,32.40062145222171,35.51534996481379,10/05/2011,31,,,,,,,,
2,81,3,32.400555932891564,35.51544433879424,10/05/2011,31,,,,,,,,
2,82,3,32.40049619144317,35.51553596890379,10/05/2011,31,,,,,,,,
2,83,3,32.40043446610233,35.515627592086304,10/05/2011,31,,,,,,,,
2,84,3,32.40036715936399,35.515715369539095,10/05/2011,31,,,,,,,,
2,85,3,32.400301177598756,35.51581431188335,10/05/2011,31,,,,,,,,
2,86,3,32.400238719631446,35.515910396350115,10/05/2011,31,,,,,,,,
2,87,3,32.40017138431651,35.51600965263323,10/05/2011,31,,,,,,,,
2,88,3,32.400104859700136,35.51610923042462,10/05/2011,31,,,,,,,,
2,89,3,32.400032647738136,35.51621133947939,10/05/2011,31,,,,,,,,
2,90,3,32.39996748267341,35.51630805181977,10/05/2011,31,,,,,,,,
2,91,3,32.39990519573258,35.516407750033096,10/05/2011,31,,,,,,,,
2,92,3,32.39983896422228,35.516498081046834,10/05/2011,31,,,,,,,,
2,93,3,32.39977578697647,35.51659309918198,10/05/2011,31,,,,,,,,
2,94,3,32.399713700700055,35.516684507096315,10/05/2011,31,,,,,,,,
2,95,3,32.39963225655035,35.516800294799395,10/05/2011,31,,,,,,,,
2,96,3,32.399570986169095,35.51688989831867,10/05/2011,31,,,,,,,,
2,97,3,32.39950800057477,35.516980239832016,10/05/2011,31,,,,,,,,
2,98,3,32.39944987586951,35.517073999228444,10/05/2011,31,,,,,,,,
2,99,3,32.3993819042029,35.51717495221735,10/05/2011,31,,,,,,,,
2,100,3,32.39931243221515,35.51726272003753,10/05/2011,31,,,,,,,,
2,101,3,32.39925936548451,35.51735309525152,10/05/2011,31,,,,,,,,
2,102,3,32.39920290059047,35.517431979429524,10/05/2011,31,,,,,,,,
2,103,3,32.39913339304071,35.517533989462656,10/05/2011,31,,,,,,,,
2,104,3,32.399068426593516,35.517622941500115,10/05/2011,31,,,,,,,,
2,105,3,32.39901086359177,35.517708198874146,10/05/2011,31,,,,,,,,
2,106,3,32.39862591527882,35.517378545038426,10/05/2011,31,,,,,,,,
2,107,3,32.398688913825026,35.5172831028812,10/05/2011,31,,,,,,,,
2,108,3,32.39875821893447,35.51718991439162,10/05/2011,31,,,,,,,,
2,109,3,32.39882772568154,35.517088117087056,10/05/2011,31,,,,,,,,
2,110,3,32.398892160200994,35.516995336677915,10/05/2011,31,,,,,,,,
2,111,3,32.39896606681345,35.516864643715934,10/05/2011,31,,,,,,,,
2,112,3,32.399031222823616,35.516771759202115,10/05/2011,31,,,,,,,,
2,113,3,32.39909097939048,35.51667439183925,10/05/2011,31,,,,,,,,
2,114,3,32.399165728972,35.51656729736278,10/05/2011,31,,,,,,,,
2,115,3,32.399231979482536,35.51646931432572,10/05/2011,31,,,,,,,,
2,116,3,32.39930569304251,35.516379966223234,10/05/2011,31,,,,,,,,
2,117,3,32.39938021997998,35.51625341957268,10/05/2011,31,,,,,,,,
2,118,3,32.399450811214315,35.516150349108905,10/05/2011,31,,,,,,,,
2,119,3,32.399521409460434,35.516044408697546,10/05/2011,31,,,,,,,,
2,120,3,32.39959515792507,35.5159408173062,10/05/2011,31,,,,,,,,
2,121,3,32.39966684359775,35.515832648217334,10/05/2011,31,,,,,,,,
2,122,3,32.39973145570516,35.515740610695,10/05/2011,31,,,,,,,,
2,123,3,32.399796620337874,35.51564389819348,10/05/2011,31,,,,,,,,
2,124,3,32.3998694226529,35.51555815958999,10/05/2011,31,,,,,,,,
2,125,3,32.399930296570794,35.51544612636834,10/05/2011,31,,,,,,,,
2,126,3,32.400002511588156,35.51534252876798,10/05/2011,31,,,,,,,,
2,127,3,32.40006551174205,35.51524580827494,10/05/2011,31,,,,,,,,
2,128,3,32.40012769134672,35.51515269869751,10/05/2011,31,,,,,,,,
2,129,3,32.40019284295431,35.515061087231494,10/05/2011,31,,,,,,,,
2,130,3,32.40025872426772,35.51496607684647,10/05/2011,31,,,,,,,,
2,131,3,32.40032417296755,35.514863624525155,10/05/2011,31,,,,,,,,
2,132,3,32.40039256748561,35.51477329923243,10/05/2011,31,,,,,,,,
2,133,3,32.4004502411861,35.514678898098914,10/05/2011,31,,,,,,,,
2,134,3,32.400522293274925,35.51456796469364,10/05/2011,31,,,,,,,,
2,135,3,32.40058637492295,35.514471246805144,10/05/2011,31,,,,,,,,
2,136,3,32.400639592493434,35.514392029610406,10/05/2011,31,,,,,,,,
2,137,3,32.40072863099886,35.5142673359764,10/05/2011,31,,,,,,,,
2,138,3,32.40079522317952,35.514176365932194,10/05/2011,31,,,,,,,,
2,139,3,32.40086147183566,35.51407837938325,10/05/2011,31,,,,,,,,
2,140,3,32.40093277302697,35.51397924073341,10/05/2011,31,,,,,,,,
2,141,3,32.40099904032154,35.513873601000114,10/05/2011,31,,,,,,,,
2,142,3,32.40106780317624,35.513779874229755,10/05/2011,31,,,,,,,,
2,143,3,32.40113729778581,35.51368189816385,10/05/2011,31,,,,,,,,
2,144,3,32.4012084253581,35.51357988844444,10/05/2011,31,,,,,,,,
2,145,3,32.4012735852087,35.513484448296836,10/05/2011,31,,,,,,,,
2,146,1,32.40141495514444,35.51327351611791,10/05/2011,31,,,,,,,,
2,147,1,32.40148337039905,35.513174260115946,10/05/2011,31,,,,,,,,
2,148,1,32.40155251607805,35.51307128624026,10/05/2011,31,,,,,,,,
2,149,1,32.401618397195946,35.51297574152719,10/05/2011,31,,,,,,,,
2,150,1,32.40167160992606,35.51289811691533,10/05/2011,31,,,,,,,,
2,151,1,32.40174517442196,35.51279494505455,10/05/2011,31,,,,,,,,
2,152,1,32.40181358930048,35.51269568832921,10/05/2011,31,,,,,,,,
2,153,1,32.40188417217371,35.512594844438745,10/05/2011,31,,,,,,,,
2,154,1,32.40195252504221,35.51248400135316,10/05/2011,31,,,,,,,,
2,155,1,32.40202309138278,35.51238985349949,10/05/2011,31,,,,,,,,
2,156,1,32.40209024896101,35.512288359758095,10/05/2011,31,,,,,,,,
2,157,1,32.401744658182494,35.511935998225304,10/05/2011,31,,,,,,,,
2,158,1,32.401679518178916,35.51202378703777,10/05/2011,31,,,,,,,,
2,159,1,32.40159960164958,35.512143519418984,10/05/2011,31,,,,,,,,
2,160,1,32.40154639872675,35.51221731794681,10/05/2011,31,,,,,,,,
2,161,1,32.40148230945381,35.512317864926665,10/05/2011,31,,,,,,,,
2,162,1,32.401408284604074,35.51242507439429,10/05/2011,31,,,,,,,,
2,163,1,32.40133497975544,35.512532817589914,10/05/2011,31,,,,,,,,
2,164,1,32.40127197543782,35.5126320923026,10/05/2011,31,,,,,,,,
2,165,1,32.4011988666223,35.51273335206686,10/05/2011,31,,,,,,,,
2,166,1,32.401136682296055,35.512829121669284,10/05/2011,31,,,,,,,,
2,167,1,32.40107478481062,35.51291819577407,10/05/2011,31,,,,,,,,
2,168,2,32.40101313514144,35.51301651792337,10/05/2011,31,,,,,,,,
2,169,3,32.40094797876624,35.513110682656375,10/05/2011,31,,,,,,,,
2,170,3,32.400881468930685,35.51320516151952,10/05/2011,31,,,,,,,,
2,171,3,32.400812597569626,35.51330654110683,10/05/2011,31,,,,,,,,
2,172,3,32.40074238185725,35.51340451465686,10/05/2011,31,,,,,,,,
2,173,3,32.40066962555847,35.513508856838335,10/05/2011,31,,,,,,,,
2,174,3,32.40060058716535,35.513604708278805,10/05/2011,31,,,,,,,,
2,175,3,32.40053757887542,35.513705256915905,10/05/2011,31,,,,,,,,
2,176,3,32.400468808506716,35.51380206559545,10/05/2011,31,,,,,,,,
2,177,3,32.400407445897734,35.513893372303194,10/05/2011,31,,,,,,,,
2,178,3,32.40032382759343,35.51401425791749,10/05/2011,31,,,,,,,,
2,179,3,32.400255943055996,35.51411744656971,10/05/2011,31,,,,,,,,
2,180,3,32.40018671261851,35.514217866928455,10/05/2011,31,,,,,,,,
2,181,3,32.4001215647563,35.51430820352962,10/05/2011,31,,,,,,,,
2,182,3,32.400062286238686,35.51439526506946,10/05/2011,31,,,,,,,,
2,183,3,32.39998742740083,35.51451086521258,10/05/2011,31,,,,,,,,
2,184,3,32.399919023650305,35.51460501670383,10/05/2011,31,,,,,,,,
2,185,3,32.39986807756219,35.51467722579505,10/05/2011,31,,,,,,,,
2,186,3,32.39981049455871,35.514771414057954,10/05/2011,31,,,,,,,,
2,187,3,32.39973674076664,35.51487755758062,10/05/2011,31,,,,,,,,
2,188,3,32.39966452062788,35.51498338731292,10/05/2011,31,,,,,,,,
2,189,3,32.399597186036445,35.515082643665714,10/05/2011,31,,,,,,,,
2,190,3,32.39952822063601,35.515184976674696,10/05/2011,31,,,,,,,,
2,191,3,32.39946197426528,35.51528168551622,10/05/2011,31,,,,,,,,
2,192,3,32.3994018845604,35.51536831784989,10/05/2011,31,,,,,,,,
2,193,3,32.39931953016534,35.51548803591965,10/05/2011,31,,,,,,,,
2,194,3,32.39924892372333,35.51559748404054,10/05/2011,31,,,,,,,,
2,195,3,32.39918232815394,35.51568940808395,10/05/2011,31,,,,,,,,
2,196,3,32.39911398875289,35.51579365551151,10/05/2011,31,,,,,,,,
2,197,3,32.39904124308921,35.51589289208164,10/05/2011,31,,,,,,,,
2,198,3,32.398973908046,35.515992040787516,10/05/2011,31,,,,,,,,
2,199,3,32.398886111868975,35.51612417479081,10/05/2011,31,,,,,,,,
2,200,3,32.39881081819837,35.516232649186215,10/05/2011,31,,,,,,,,
2,201,3,32.39874023005096,35.516334443412646,10/05/2011,31,,,,,,,,
2,202,3,32.39866566311708,35.51644068790451,10/05/2011,31,,,,,,,,
2,203,3,32.39858782456246,35.51655712463346,10/05/2011,31,,,,,,,,
2,204,3,32.398512892005776,35.516665280691655,10/05/2011,31,,,,,,,,
2,205,3,32.39844374471216,35.51676771693662,10/05/2011,31,,,,,,,,
2,206,3,32.39837477979135,35.51686930334993,10/05/2011,31,,,,,,,,
2,207,3,32.398306374282775,35.516963451384555,10/05/2011,31,,,,,,,,
2,208,3,32.39789507600703,35.51671342814941,10/05/2011,31,,,,,,,,
2,209,3,32.39796023822947,35.51661799373827,10/05/2011,31,,,,,,,,
2,210,3,32.39802422996105,35.51652181115033,10/05/2011,31,,,,,,,,
2,211,3,32.39809262567065,35.51643148939303,10/05/2011,31,,,,,,,,
2,212,3,32.39815617375571,35.51633232895205,10/05/2011,31,,,,,,,,
2,213,3,32.398230855755074,35.516215988018736,10/05/2011,31,,,,,,,,
2,214,3,32.39830362086393,35.51610899364142,10/05/2011,31,,,,,,,,
2,215,3,32.398357914456845,35.516032652865185,10/05/2011,31,,,,,,,,
2,216,3,32.39842416770978,35.51593339485612,10/05/2011,31,,,,,,,,
2,217,3,32.39848777957785,35.51584475644446,10/05/2011,31,,,,,,,,
2,218,3,32.39855186220749,35.51574804162305,10/05/2011,31,,,,,,,,
2,219,3,32.398613836378296,35.515665243191464,10/05/2011,31,,,,,,,,
2,220,3,32.398675738951894,35.51557489793065,10/05/2011,31,,,,,,,,
2,221,3,32.398739846557696,35.515467979118085,10/05/2011,31,,,,,,,,
2,222,3,32.39881549056776,35.51536343804372,10/05/2011,31,,,,,,,,
2,223,3,32.398892144754214,35.51525146005639,10/05/2011,31,,,,,,,,
2,224,3,32.39896383298599,35.51514201579812,10/05/2011,31,,,,,,,,
2,225,3,32.39903441912722,35.5150406455376,10/05/2011,31,,,,,,,,
2,226,3,32.39910212223993,35.51493820236246,10/05/2011,31,,,,,,,,
2,227,3,32.399171627177566,35.5148364029335,10/05/2011,31,,,,,,,,
2,228,3,32.39924347838736,35.51473386735181,10/05/2011,31,,,,,,,,
2,229,3,32.3993140746656,35.514628244933256,10/05/2011,31,,,,,,,,
2,230,3,32.39938899240479,35.51452540064131,10/05/2011,31,,,,,,,,
2,231,3,32.39945914208349,35.51441796944787,10/05/2011,31,,,,,,,,
2,232,3,32.39952756451466,35.51431616552179,10/05/2011,31,,,,,,,,
2,233,3,32.39960891491626,35.514200906836585,10/05/2011,31,,,,,,,,
2,234,3,32.39968821158216,35.51407735035199,10/05/2011,31,,,,,,,,
2,235,3,32.39976423654374,35.51396409257876,10/05/2011,31,,,,,,,,
2,236,3,32.39983237347297,35.513868239216286,10/05/2011,31,,,,,,,,
2,237,3,32.39989860937176,35.51377535534011,10/05/2011,31,,,,,,,,
2,238,3,32.3999609598985,35.513685646776935,10/05/2011,31,,,,,,,,
2,239,3,32.40003028843284,35.5135818253154,10/05/2011,31,,,,,,,,
2,240,3,32.40009761559176,35.51348511830595,10/05/2011,31,,,,,,,,
2,241,3,32.400164683619934,35.51338373350717,10/05/2011,31,,,,,,,,
2,242,3,32.40022549309686,35.51329720786883,10/05/2011,31,,,,,,,,
2,243,3,32.40029391436445,35.513195508523964,10/05/2011,31,,,,,,,,
2,244,3,32.400367026677245,35.5130929746662,10/05/2011,31,,,,,,,,
2,245,3,32.400426756990825,35.513005169484295,10/05/2011,31,,,,,,,,
2,246,3,32.40049643135249,35.51290719412133,10/05/2011,31,,,,,,,,
2,247,3,32.400558353801046,35.51280791676694,10/05/2011,31,,,,,,,,
2,248,2,32.400621339798406,35.51271618952494,10/05/2011,31,,,,,,,,
2,249,1,32.40069997416508,35.51260474525375,10/05/2011,31,,,,,,,,
2,250,1,32.4007716569862,35.512496572194344,10/05/2011,31,,,,,,,,
2,251,1,32.400838263740944,35.512399117107485,10/05/2011,31,,,,,,,,
2,252,1,32.40090342581998,35.51230240101062,10/05/2011,31,,,,,,,,
2,253,1,32.40097075485471,35.51220452292639,10/05/2011,31,,,,,,,,
2,254,1,32.40102831103406,35.512120535679514,10/05/2011,31,,,,,,,,
2,255,1,32.4010951890582,35.512022655796166,10/05/2011,31,,,,,,,,
2,256,1,32.40116451311371,35.511920107245736,10/05/2011,31,,,,,,,,
2,257,1,32.4012307506909,35.511825945093776,10/05/2011,31,,,,,,,,
2,258,1,32.40129977840602,35.51173391808545,10/05/2011,31,,,,,,,,
2,259,1,32.40135410355767,35.51164354180336,10/05/2011,31,,,,,,,,
2,260,1,32.40118148446558,35.511394660732414,10/05/2011,31,,,,,,,,
2,261,1,32.401120204444105,35.51148979655356,10/05/2011,31,,,,,,,,
2,262,1,32.4010583265512,35.5115712186661,10/05/2011,31,,,,,,,,
2,263,1,32.400987742156346,35.5116730190588,10/05/2011,31,,,,,,,,
2,264,1,32.40093287567989,35.51176349941679,10/05/2011,31,,,,,,,,
2,265,1,32.40086987948306,35.51185969182046,10/05/2011,31,,,,,,,,
2,266,1,32.40080256912921,35.511950023468444,10/05/2011,31,,,,,,,,
2,267,1,32.400731616209235,35.5120549044612,10/05/2011,31,,,,,,,,
2,268,1,32.40067079564387,35.51214632074979,10/05/2011,31,,,,,,,,
2,269,1,32.40060020143934,35.51225194668816,10/05/2011,31,,,,,,,,
2,270,1,32.40053712949926,35.512342079583505,10/05/2011,31,,,,,,,,
2,271,3,32.40043024859881,35.51249945170265,10/05/2011,31,,,,,,,,
2,272,3,32.40037377815194,35.51258184749099,10/05/2011,31,,,,,,,,
2,273,3,32.400308631455964,35.512672185462165,10/05/2011,31,,,,,,,,
2,274,3,32.400248604586025,35.51277072505033,10/05/2011,31,,,,,,,,
2,275,3,32.40018119820396,35.512863180879634,10/05/2011,31,,,,,,,,
2,276,3,32.40011386839726,35.51296116391285,10/05/2011,31,,,,,,,,
2,277,3,32.40005276988672,35.51305534156431,10/05/2011,31,,,,,,,,
2,278,3,32.39998218742025,35.51315586420257,10/05/2011,31,,,,,,,,
2,279,3,32.399916487289225,35.51325108881768,10/05/2011,31,,,,,,,,
2,280,3,32.39985194684187,35.51335141915021,10/05/2011,31,,,,,,,,
2,281,3,32.39978679646804,35.513443031512494,10/05/2011,31,,,,,,,,
2,282,3,32.39971185823074,35.51355459282353,10/05/2011,31,,,,,,,,
2,283,3,32.39963801397899,35.51366126836488,10/05/2011,31,,,,,,,,
2,284,3,32.39957503068545,35.513751612205965,10/05/2011,31,,,,,,,,
2,285,3,32.3995077799252,35.51385384576706,10/05/2011,31,,,,,,,,
2,286,3,32.399437910383405,35.513957558289704,10/05/2011,31,,,,,,,,
2,287,3,32.39937601209867,35.51404662995955,10/05/2011,31,,,,,,,,
2,288,3,32.399310745448766,35.514148657274006,10/05/2011,31,,,,,,,,
2,289,3,32.39923346859846,35.51425755220475,10/05/2011,31,,,,,,,,
2,290,3,32.39916612830042,35.51435935954439,10/05/2011,31,,,,,,,,
2,291,3,32.39910549164461,35.51444864756282,10/05/2011,31,,,,,,,,
2,292,3,32.39904250151108,35.514541541233854,10/05/2011,31,,,,,,,,
2,293,3,32.39897607240356,35.51463941858352,10/05/2011,31,,,,,,,,
2,294,3,32.39891307611072,35.51473475660641,10/05/2011,31,,,,,,,,
2,295,3,32.39884141650328,35.51483272206563,10/05/2011,31,,,,,,,,
2,296,3,32.39878510341041,35.51492383115056,10/05/2011,31,,,,,,,,
2,297,3,32.39871995818256,35.51501289040358,10/05/2011,31,,,,,,,,
2,298,3,32.39865540926178,35.51511608791451,10/05/2011,31,,,,,,,,
2,299,3,32.39858330032357,35.515213307237595,10/05/2011,31,,,,,,,,
2,300,3,32.39850945100047,35.51532146811875,10/05/2011,31,,,,,,,,
2,301,3,32.39843352784642,35.51542951542597,10/05/2011,31,,,,,,,,
2,302,3,32.3983566844943,35.51554499955272,10/05/2011,31,,,,,,,,
2,303,3,32.39829152938006,35.515637884268855,10/05/2011,31,,,,,,,,
2,304,3,32.39822710162729,35.51572832672845,10/05/2011,31,,,,,,,,
2,305,3,32.3981586767438,35.51583065956277,10/05/2011,31,,,,,,,,
2,306,3,32.39808482689212,35.51593881943356,10/05/2011,31,,,,,,,,
2,307,3,32.39802487923972,35.51604075591812,10/05/2011,31,,,,,,,,
2,308,3,32.39795108283477,35.51612723299869,10/05/2011,31,,,,,,,,
2,309,3,32.39788202220333,35.51623126363398,10/05/2011,31,,,,,,,,
2,310,3,32.39781920058562,35.51632840688698,10/05/2011,31,,,,,,,,
2,311,3,32.397751899664634,35.516413630429916,10/05/2011,31,,,,,,,,
2,312,1,32.402697009302386,35.512704324373914,10/05/2011,31,,,,,,,,
2,313,1,32.40277082830173,35.51260763594157,10/05/2011,31,,,,,,,,
2,314,1,32.40287575955062,35.51247321263478,10/05/2011,31,,,,,,,,
2,315,1,32.40295800059426,35.51232489385118,10/05/2011,31,,,,,,,,
2,316,1,32.403039612420876,35.512212606141794,10/05/2011,31,,,,,,,,
2,317,1,32.40309717794137,35.51212479046078,10/05/2011,31,,,,,,,,
2,318,1,32.40317112818107,35.51201109459958,10/05/2011,31,,,,,,,,
2,319,1,32.40325012183281,35.511899966699076,10/05/2011,31,,,,,,,,
2,320,1,32.40333228028757,35.51178523534129,10/05/2011,31,,,,,,,,
2,321,1,32.40340393440939,35.51168853815047,10/05/2011,31,,,,,,,,
2,322,1,32.403479345950444,35.51156708703852,10/05/2011,31,,,,,,,,
2,323,1,32.40354775675255,35.51146910301031,10/05/2011,31,,,,,,,,
2,324,1,32.403620336189405,35.51136262941179,10/05/2011,31,,,,,,,,
2,325,1,32.403698616678255,35.511247883980374,10/05/2011,31,,,,,,,,
2,326,1,32.403777897771384,35.51112952772793,10/05/2011,31,,,,,,,,
2,327,1,32.40385743531112,35.511016912033625,10/05/2011,31,,,,,,,,
2,328,1,32.403930374803835,35.510910545221115,10/05/2011,31,,,,,,,,
2,329,1,32.404006667179964,35.51079738671042,10/05/2011,31,,,,,,,,
2,330,1,32.40408375887873,35.510689226558355,10/05/2011,31,,,,,,,,
2,331,1,32.4041561627332,35.51058051892413,10/05/2011,31,,,,,,,,
2,332,1,32.40371631665352,35.51001259212704,10/05/2011,31,,,,,,,,
2,333,1,32.403643560066044,35.510118215973236,10/05/2011,31,,,,,,,,
2,334,1,32.40356708665711,35.510231905467805,10/05/2011,31,,,,,,,,
2,335,1,32.40349773714285,35.51034551250542,10/05/2011,31,,,,,,,,
2,336,1,32.403426080948186,35.51044348638167,10/05/2011,31,,,,,,,,
2,337,1,32.40335531299035,35.51054699037994,10/05/2011,31,,,,,,,,
2,338,1,32.40328237483326,35.510652931645446,10/05/2011,31,,,,,,,,
2,339,1,32.40321722952402,35.51074327389274,10/05/2011,31,,,,,,,,
2,340,1,32.403145440718994,35.51085857255703,10/05/2011,31,,,,,,,,
2,341,1,32.40306781842811,35.5109623716261,10/05/2011,31,,,,,,,,
2,342,1,32.40299830730713,35.51106800492816,10/05/2011,31,,,,,,,,
2,343,1,32.40292464188849,35.511176175057955,10/05/2011,31,,,,,,,,
2,344,1,32.40285015782389,35.511287212159594,10/05/2011,31,,,,,,,,
2,345,1,32.40276980381324,35.51140173688556,10/05/2011,31,,,,,,,,
2,346,1,32.402696583798196,35.511512033840894,10/05/2011,31,,,,,,,,
2,347,1,32.40262291825838,35.51162009695704,10/05/2011,31,,,,,,,,
2,348,1,32.40254690784519,35.51172825824592,10/05/2011,31,,,,,,,,
2,349,1,32.40246446776669,35.511847558302975,10/05/2011,31,,,,,,,,
2,350,1,32.40239269196063,35.51195711537517,10/05/2011,31,,,,,,,,
2,351,1,32.4023251840723,35.51205446309974,10/05/2011,31,,,,,,,,
2,352,1,32.4022600190734,35.512152456383454,10/05/2011,31,,,,,,,,
2,353,1,32.4021890761177,35.51225319352079,10/05/2011,31,,,,,,,,
2,354,1,32.40183398085586,35.511952563736166,10/05/2011,31,,,,,,,,
2,355,1,32.40190944730893,35.51184567714314,10/05/2011,31,,,,,,,,
2,356,1,32.40198637304248,35.511731992614834,10/05/2011,31,,,,,,,,
2,357,1,32.40205706060927,35.51162487688866,10/05/2011,31,,,,,,,,
2,358,1,32.40212872704783,35.51152307892883,10/05/2011,31,,,,,,,,
2,359,1,32.402203298389104,35.5114133187051,10/05/2011,31,,,,,,,,
2,360,1,32.4022746202679,35.511304822817415,10/05/2011,31,,,,,,,,
2,361,1,32.40234736543058,35.51120430352094,10/05/2011,31,,,,,,,,
2,362,1,32.40241761228515,35.511092827465646,10/05/2011,31,,,,,,,,
2,363,1,32.4024867425652,35.5109954844067,10/05/2011,31,,,,,,,,
2,364,1,32.40255632984353,35.510895591714366,10/05/2011,31,,,,,,,,
2,365,1,32.40262149386952,35.51079759720118,10/05/2011,31,,,,,,,,
2,366,1,32.402692174702715,35.5106929247143,10/05/2011,31,,,,,,,,
2,367,1,32.402776587965576,35.51057756281124,10/05/2011,31,,,,,,,,
2,368,1,32.40283850238608,35.510480832384964,10/05/2011,31,,,,,,,,
2,369,1,32.40291398617285,35.510366290324846,10/05/2011,31,,,,,,,,
2,370,1,32.40298926319687,35.51026258930331,10/05/2011,31,,,,,,,,
2,371,1,32.40305768846511,35.51015822725258,10/05/2011,31,,,,,,,,
2,372,1,32.403131631011746,35.51004697455438,10/05/2011,31,,,,,,,,
2,373,1,32.40321343199064,35.509930220874985,10/05/2011,31,,,,,,,,
2,374,1,32.403289911570084,35.509813874242475,10/05/2011,31,,,,,,,,
2,375,1,32.403362661725765,35.50971080159073,10/05/2011,31,,,,,,,,
2,376,1,32.40303875618883,35.50933757795375,10/05/2011,31,,,,,,,,
2,377,1,32.402970597487354,35.50944385478256,10/05/2011,31,,,,,,,,
2,378,1,32.402884853236785,35.50955071005128,10/05/2011,31,,,,,,,,
2,379,1,32.40280358952998,35.50966916615328,10/05/2011,31,,,,,,,,
2,380,1,32.402727759069606,35.50977818025019,10/05/2011,31,,,,,,,,
2,381,1,32.402664775464,35.50986980537583,10/05/2011,31,,,,,,,,
2,382,1,32.402604811060336,35.50998067956815,10/05/2011,31,,,,,,,,
2,383,1,32.402528829888276,35.51007736268644,10/05/2011,31,,,,,,,,
2,384,1,32.40245065661658,35.510185517872095,10/05/2011,31,,,,,,,,
2,385,1,32.40237480661982,35.51030239670551,10/05/2011,31,,,,,,,,
2,386,1,32.402302769369676,35.51040876523976,10/05/2011,31,,,,,,,,
2,387,1,32.40222999902108,35.51051991429385,10/05/2011,31,,,,,,,,
2,388,1,32.402151806775514,35.51063572173172,10/05/2011,31,,,,,,,,
2,389,1,32.402085963084545,35.51075369652103,10/05/2011,31,,,,,,,,
2,390,1,32.40201973871249,35.51084275835878,10/05/2011,31,,,,,,,,
2,391,1,32.401958689041514,35.510954584080764,10/05/2011,31,,,,,,,,
2,392,1,32.4018859471783,35.511053827656404,10/05/2011,31,,,,,,,,
2,393,1,32.40181610917017,35.51114553415956,10/05/2011,31,,,,,,,,
2,394,1,32.40174010536872,35.51125114390791,10/05/2011,31,,,,,,,,
2,395,1,32.4016582992825,35.51136948886493,10/05/2011,31,,,,,,,,
2,396,1,32.401583172948534,35.51148498634457,10/05/2011,31,,,,,,,,
2,397,1,32.40151365205963,35.511594443991314,10/05/2011,31,,,,,,,,
2,398,0,32.40122478003823,35.51135282218232,10/05/2011,31,,,,,,,,
2,399,1,32.40129239749226,35.51124729103942,10/05/2011,31,,,,,,,,
2,400,1,32.40135758352481,35.511140369728146,10/05/2011,31,,,,,,,,
2,401,1,32.40142346318823,35.51104482380449,10/05/2011,31,,,,,,,,
2,402,1,32.40149586942711,35.51093526930091,10/05/2011,31,,,,,,,,
2,403,1,32.4015653711401,35.51083346410684,10/05/2011,31,,,,,,,,
2,404,1,32.40164219210173,35.5107254122567,10/05/2011,31,,,,,,,,
2,405,0,32.401703596843625,35.51061582009606,10/05/2011,31,,,,,,,,
2,406,1,32.401792830126425,35.510520777406,10/05/2011,31,,,,,,,,
2,407,1,32.40185365622567,35.51042659532213,10/05/2011,31,,,,,,,,
2,408,1,32.40192048481804,35.51031138751173,10/05/2011,31,,,,,,,,
2,409,1,32.40199759158646,35.51019685193395,10/05/2011,31,,,,,,,,
2,410,1,32.4020737024708,35.51008390719032,10/05/2011,31,,,,,,,,
2,411,1,32.40214887182727,35.50998732811698,10/05/2011,31,,,,,,,,
2,412,1,32.40222375538726,35.50989701917872,10/05/2011,31,,,,,,,,
2,413,1,32.40228615338445,35.50978657875773,10/05/2011,31,,,,,,,,
2,414,1,32.402350247854976,35.509683052916294,10/05/2011,31,,,,,,,,
2,415,0,32.40240583732173,35.50959129680573,10/05/2011,31,,,,,,,,
2,416,1,32.40246231894073,35.50950347641635,10/05/2011,31,,,,,,,,
2,417,1,32.4025231597154,35.50940291543326,10/05/2011,31,,,,,,,,
2,418,1,32.40258896743349,35.50929928851587,10/05/2011,31,,,,,,,,
2,419,1,32.4026525882711,35.50920500788429,10/05/2011,31,,,,,,,,
2,420,1,32.40271447388979,35.50911975620311,10/05/2011,31,,,,,,,,
3,1,3,32.399223571878146,35.51782255636552,19/05/2011,22,,,,,,,,
3,2,3,32.39928332766658,35.517725827225085,19/05/2011,22,,,,,,,,
3,3,3,32.399358886530855,35.51762001165733,19/05/2011,22,,,,,,,,
3,4,3,32.39942404943012,35.517524576372416,19/05/2011,22,,,,,,,,
3,5,3,32.39948865801496,35.5174344535009,19/05/2011,22,,,,,,,,
3,6,3,32.399551647099784,35.51734283686371,19/05/2011,22,,,,,,,,
3,7,3,32.39962343601442,35.517229886272546,19/05/2011,22,,,,,,,,
3,8,3,32.399697376343575,35.517122044815196,19/05/2011,22,,,,,,,,
3,9,2,32.39977122403411,35.51701515946924,19/05/2011,22,,,,,,,,
3,10,2,32.39985548775139,35.516889709134205,19/05/2011,22,,,,,,,,
3,11,2,32.39992490987462,35.516785571707786,19/05/2011,22,,,,,,,,
3,12,2,32.39999765623247,35.51668633489893,19/05/2011,22,,,,,,,,
3,13,3,32.4000644581427,35.516584207645764,19/05/2011,22,,,,,,,,
3,14,3,32.40012744976925,35.51649131436551,19/05/2011,22,,,,,,,,
3,15,3,32.40019359820354,35.51639811294306,19/05/2011,22,,,,,,,,
3,16,3,32.40026705644221,35.51630259813375,19/05/2011,22,,,,,,,,
3,17,3,32.40032353325207,35.51621861043856,19/05/2011,22,,,,,,,,
3,18,3,32.40038527321605,35.51612124814478,19/05/2011,22,,,,,,,,
3,19,3,32.400452605463975,35.51602326718653,19/05/2011,22,,,,,,,,
3,20,3,32.40052066717127,35.51592199358304,19/05/2011,22,,,,,,,,
3,21,3,32.40058911181594,35.51581168644466,19/05/2011,22,,,,,,,,
3,22,3,32.40066078162255,35.51570989345888,19/05/2011,22,,,,,,,,
3,23,3,32.400729381760044,35.51560957785159,19/05/2011,22,,,,,,,,
3,24,3,32.400797698702526,35.515514363080065,19/05/2011,22,,,,,,,,
3,25,3,32.400870444061546,35.515415124294414,19/05/2011,22,,,,,,,,
3,26,3,32.40093661477573,35.515312567795505,19/05/2011,22,,,,,,,,
3,27,3,32.40099637807924,35.51521200872316,19/05/2011,22,,,,,,,,
3,28,3,32.40106586881703,35.51511605335482,19/05/2011,22,,,,,,,,
3,29,3,32.40112885936405,35.51502315802628,19/05/2011,22,,,,,,,,
3,30,3,32.40119068046265,35.51492908936151,19/05/2011,22,,,,,,,,
3,31,3,32.40128151485607,35.51480769668234,19/05/2011,22,,,,,,,,
3,32,3,32.401351057362554,35.51469058888003,19/05/2011,22,,,,,,,,
3,33,3,32.40141442189547,35.5145921670833,19/05/2011,22,,,,,,,,
3,34,3,32.4014893463942,35.51448655683594,19/05/2011,22,,,,,,,,
3,35,3,32.4015615739529,35.51437753586362,19/05/2011,22,,,,,,,,
3,36,3,32.401631600134756,35.5142836006317,19/05/2011,22,,,,,,,,
3,37,3,32.40169785514063,35.51418306228017,19/05/2011,22,,,,,,,,
3,38,3,32.40176202431403,35.514087299798206,19/05/2011,22,,,,,,,,
3,39,3,32.40182826036507,35.51399441411945,19/05/2011,22,,,,,,,,
3,40,3,32.40188184224475,35.513913602426925,19/05/2011,22,,,,,,,,
3,41,2,32.401982285235476,35.513771407308184,19/05/2011,22,,,,,,,,
3,42,1,32.40205008426626,35.51366619659787,19/05/2011,22,,,,,,,,
3,43,1,32.402101108211234,35.513598768630075,19/05/2011,22,,,,,,,,
3,44,1,32.402165185985716,35.513503323875014,19/05/2011,22,,,,,,,,
3,45,1,32.402233049167805,35.513408635927874,19/05/2011,22,,,,,,,,
3,46,1,32.40230039181663,35.51330554895292,19/05/2011,22,,,,,,,,
3,47,1,32.40236816910398,35.51320905344918,19/05/2011,22,,,,,,,,
3,48,1,32.40243805520419,35.513098321751436,19/05/2011,22,,,,,,,,
3,49,1,32.40250863136788,35.513000347369136,19/05/2011,22,,,,,,,,
3,50,1,32.40257008089806,35.5129101011756,19/05/2011,22,,,,,,,,
3,51,1,32.40263740753397,35.51281339097147,19/05/2011,22,,,,,,,,
3,52,1,32.402457116121575,35.51264228438089,19/05/2011,22,,,,,,,,
3,53,1,32.40239195690968,35.512737726376926,19/05/2011,22,,,,,,,,
3,54,1,32.40232922633837,35.512835621223914,19/05/2011,22,,,,,,,,
3,55,1,32.402269477935164,35.51293086876532,19/05/2011,22,,,,,,,,
3,56,1,32.402202166824885,35.51302120099697,19/05/2011,22,,,,,,,,
3,57,1,32.402133916419174,35.513126836000865,19/05/2011,22,,,,,,,,
3,58,1,32.402066570789664,35.51323119841855,19/05/2011,22,,,,,,,,
3,59,1,32.401999257901366,35.51332216797274,19/05/2011,22,,,,,,,,
3,60,1,32.401938684275045,35.51342283293565,19/05/2011,22,,,,,,,,
3,61,1,32.401870290725974,35.51351316078447,19/05/2011,22,,,,,,,,
3,62,1,32.401805027122045,35.513614128365525,19/05/2011,22,,,,,,,,
3,63,2,32.401725122134614,35.513728544947064,19/05/2011,22,,,,,,,,
3,64,3,32.40166402332018,35.51382261744947,19/05/2011,22,,,,,,,,
3,65,3,32.401610828816715,35.513892588564744,19/05/2011,22,,,,,,,,
3,66,3,32.401538087785774,35.51399055389705,19/05/2011,22,,,,,,,,
3,67,3,32.401473446921194,35.5140948179307,19/05/2011,22,,,,,,,,
3,68,3,32.401404570670856,35.514197898144346,19/05/2011,22,,,,,,,,
3,69,3,32.40133508507214,35.514292047638754,19/05/2011,22,,,,,,,,
3,70,3,32.401268552398165,35.51439545442833,19/05/2011,22,,,,,,,,
3,71,3,32.401205189586584,35.514493238464034,19/05/2011,22,,,,,,,,
3,72,3,32.40114112048037,35.51458485505767,19/05/2011,22,,,,,,,,
3,73,3,32.40107705418601,35.514675302329074,19/05/2011,22,,,,,,,,
3,74,3,32.40100103173587,35.51478728564875,19/05/2011,22,,,,,,,,
3,75,3,32.40093993841719,35.51487880572265,19/05/2011,22,,,,,,,,
3,76,3,32.400879030356315,35.5149683067804,19/05/2011,22,,,,,,,,
3,77,3,32.40081604299241,35.515059926413834,19/05/2011,22,,,,,,,,
3,78,3,32.40075655950334,35.51515676617011,19/05/2011,22,,,,,,,,
3,79,3,32.400685994248654,35.51524963507028,19/05/2011,22,,,,,,,,
3,80,3,32.40062145222171,35.51534996481379,19/05/2011,22,,,,,,,,
3,81,3,32.400555932891564,35.51544433879424,19/05/2011,22,,,,,,,,
3,82,3,32.40049619144317,35.51553596890379,19/05/2011,22,,,,,,,,
3,83,3,32.40043446610233,35.515627592086304,19/05/2011,22,,,,,,,,
3,84,3,32.40036715936399,35.515715369539095,19/05/2011,22,,,,,,,,
3,85,3,32.400301177598756,35.51581431188335,19/05/2011,22,,,,,,,,
3,86,3,32.400238719631446,35.515910396350115,19/05/2011,22,,,,,,,,
3,87,3,32.40017138431651,35.51600965263323,19/05/2011,22,,,,,,,,
3,88,3,32.400104859700136,35.51610923042462,19/05/2011,22,,,,,,,,
3,89,3,32.400032647738136,35.51621133947939,19/05/2011,22,,,,,,,,
3,90,3,32.39996748267341,35.51630805181977,19/05/2011,22,,,,,,,,
3,91,3,32.39990519573258,35.516407750033096,19/05/2011,22,,,,,,,,
3,92,3,32.39983896422228,35.516498081046834,19/05/2011,22,,,,,,,,
3,93,3,32.39977578697647,35.51659309918198,19/05/2011,22,,,,,,,,
3,94,3,32.399713700700055,35.516684507096315,19/05/2011,22,,,,,,,,
3,95,3,32.39963225655035,35.516800294799395,19/05/2011,22,,,,,,,,
3,96,3,32.399570986169095,35.51688989831867,19/05/2011,22,,,,,,,,
3,97,3,32.39950800057477,35.516980239832016,19/05/2011,22,,,,,,,,
3,98,3,32.39944987586951,35.517073999228444,19/05/2011,22,,,,,,,,
3,99,3,32.3993819042029,35.51717495221735,19/05/2011,22,,,,,,,,
3,100,3,32.39931243221515,35.51726272003753,19/05/2011,22,,,,,,,,
3,101,3,32.39925936548451,35.51735309525152,19/05/2011,22,,,,,,,,
3,102,3,32.39920290059047,35.517431979429524,19/05/2011,22,,,,,,,,
3,103,3,32.39913339304071,35.517533989462656,19/05/2011,22,,,,,,,,
3,104,3,32.399068426593516,35.517622941500115,19/05/2011,22,,,,,,,,
3,105,3,32.39901086359177,35.517708198874146,19/05/2011,22,,,,,,,,
3,106,3,32.39862591527882,35.517378545038426,19/05/2011,22,,,,,,,,
3,107,3,32.398688913825026,35.5172831028812,19/05/2011,22,,,,,,,,
3,108,3,32.39875821893447,35.51718991439162,19/05/2011,22,,,,,,,,
3,109,3,32.39882772568154,35.517088117087056,19/05/2011,22,,,,,,,,
3,110,3,32.398892160200994,35.516995336677915,19/05/2011,22,,,,,,,,
3,111,3,32.39896606681345,35.516864643715934,19/05/2011,22,,,,,,,,
3,112,3,32.399031222823616,35.516771759202115,19/05/2011,22,,,,,,,,
3,113,3,32.39909097939048,35.51667439183925,19/05/2011,22,,,,,,,,
3,114,3,32.399165728972,35.51656729736278,19/05/2011,22,,,,,,,,
3,115,3,32.399231979482536,35.51646931432572,19/05/2011,22,,,,,,,,
3,116,3,32.39930569304251,35.516379966223234,19/05/2011,22,,,,,,,,
3,117,3,32.39938021997998,35.51625341957268,19/05/2011,22,,,,,,,,
3,118,3,32.399450811214315,35.516150349108905,19/05/2011,22,,,,,,,,
3,119,3,32.399521409460434,35.516044408697546,19/05/2011,22,,,,,,,,
3,120,3,32.39959515792507,35.5159408173062,19/05/2011,22,,,,,,,,
3,121,3,32.39966684359775,35.515832648217334,19/05/2011,22,,,,,,,,
3,122,3,32.39973145570516,35.515740610695,19/05/2011,22,,,,,,,,
3,123,3,32.399796620337874,35.51564389819348,19/05/2011,22,,,,,,,,
3,124,3,32.3998694226529,35.51555815958999,19/05/2011,22,,,,,,,,
3,125,3,32.399930296570794,35.51544612636834,19/05/2011,22,,,,,,,,
3,126,3,32.400002511588156,35.51534252876798,19/05/2011,22,,,,,,,,
3,127,3,32.40006551174205,35.51524580827494,19/05/2011,22,,,,,,,,
3,128,3,32.40012769134672,35.51515269869751,19/05/2011,22,,,,,,,,
3,129,3,32.40019284295431,35.515061087231494,19/05/2011,22,,,,,,,,
3,130,3,32.40025872426772,35.51496607684647,19/05/2011,22,,,,,,,,
3,131,3,32.40032417296755,35.514863624525155,19/05/2011,22,,,,,,,,
3,132,3,32.40039256748561,35.51477329923243,19/05/2011,22,,,,,,,,
3,133,3,32.4004502411861,35.514678898098914,19/05/2011,22,,,,,,,,
3,134,3,32.400522293274925,35.51456796469364,19/05/2011,22,,,,,,,,
3,135,3,32.40058637492295,35.514471246805144,19/05/2011,22,,,,,,,,
3,136,3,32.400639592493434,35.514392029610406,19/05/2011,22,,,,,,,,
3,137,3,32.40072863099886,35.5142673359764,19/05/2011,22,,,,,,,,
3,138,3,32.40079522317952,35.514176365932194,19/05/2011,22,,,,,,,,
3,139,3,32.40086147183566,35.51407837938325,19/05/2011,22,,,,,,,,
3,140,3,32.40093277302697,35.51397924073341,19/05/2011,22,,,,,,,,
3,141,3,32.40099904032154,35.513873601000114,19/05/2011,22,,,,,,,,
3,142,3,32.40106780317624,35.513779874229755,19/05/2011,22,,,,,,,,
3,143,3,32.40113729778581,35.51368189816385,19/05/2011,22,,,,,,,,
3,144,3,32.4012084253581,35.51357988844444,19/05/2011,22,,,,,,,,
3,145,3,32.4012735852087,35.513484448296836,19/05/2011,22,,,,,,,,
3,146,1,32.40141495514444,35.51327351611791,19/05/2011,22,,,,,,,,
3,147,1,32.40148337039905,35.513174260115946,19/05/2011,22,,,,,,,,
3,148,1,32.40155251607805,35.51307128624026,19/05/2011,22,,,,,,,,
3,149,1,32.401618397195946,35.51297574152719,19/05/2011,22,,,,,,,,
3,150,1,32.40167160992606,35.51289811691533,19/05/2011,22,,,,,,,,
3,151,1,32.40174517442196,35.51279494505455,19/05/2011,22,,,,,,,,
3,152,1,32.40181358930048,35.51269568832921,19/05/2011,22,,,,,,,,
3,153,1,32.40188417217371,35.512594844438745,19/05/2011,22,,,,,,,,
3,154,1,32.40195252504221,35.51248400135316,19/05/2011,22,,,,,,,,
3,155,1,32.40202309138278,35.51238985349949,19/05/2011,22,,,,,,,,
3,156,1,32.40209024896101,35.512288359758095,19/05/2011,22,,,,,,,,
3,157,1,32.401744658182494,35.511935998225304,19/05/2011,22,,,,,,,,
3,158,1,32.401679518178916,35.51202378703777,19/05/2011,22,,,,,,,,
3,159,1,32.40159960164958,35.512143519418984,19/05/2011,22,,,,,,,,
3,160,1,32.40154639872675,35.51221731794681,19/05/2011,22,,,,,,,,
3,161,1,32.40148230945381,35.512317864926665,19/05/2011,22,,,,,,,,
3,162,1,32.401408284604074,35.51242507439429,19/05/2011,22,,,,,,,,
3,163,1,32.40133497975544,35.512532817589914,19/05/2011,22,,,,,,,,
3,164,1,32.40127197543782,35.5126320923026,19/05/2011,22,,,,,,,,
3,165,1,32.4011988666223,35.51273335206686,19/05/2011,22,,,,,,,,
3,166,1,32.401136682296055,35.512829121669284,19/05/2011,22,,,,,,,,
3,167,1,32.40107478481062,35.51291819577407,19/05/2011,22,,,,,,,,
3,168,2,32.40101313514144,35.51301651792337,19/05/2011,22,,,,,,,,
3,169,3,32.40094797876624,35.513110682656375,19/05/2011,22,,,,,,,,
3,170,3,32.400881468930685,35.51320516151952,19/05/2011,22,,,,,,,,
3,171,3,32.400812597569626,35.51330654110683,19/05/2011,22,,,,,,,,
3,172,3,32.40074238185725,35.51340451465686,19/05/2011,22,,,,,,,,
3,173,3,32.40066962555847,35.513508856838335,19/05/2011,22,,,,,,,,
3,174,3,32.40060058716535,35.513604708278805,19/05/2011,22,,,,,,,,
3,175,3,32.40053757887542,35.513705256915905,19/05/2011,22,,,,,,,,
3,176,3,32.400468808506716,35.51380206559545,19/05/2011,22,,,,,,,,
3,177,3,32.400407445897734,35.513893372303194,19/05/2011,22,,,,,,,,
3,178,3,32.40032382759343,35.51401425791749,19/05/2011,22,,,,,,,,
3,179,3,32.400255943055996,35.51411744656971,19/05/2011,22,,,,,,,,
3,180,3,32.40018671261851,35.514217866928455,19/05/2011,22,,,,,,,,
3,181,3,32.4001215647563,35.51430820352962,19/05/2011,22,,,,,,,,
3,182,3,32.400062286238686,35.51439526506946,19/05/2011,22,,,,,,,,
3,183,3,32.39998742740083,35.51451086521258,19/05/2011,22,,,,,,,,
3,184,3,32.399919023650305,35.51460501670383,19/05/2011,22,,,,,,,,
3,185,3,32.39986807756219,35.51467722579505,19/05/2011,22,,,,,,,,
3,186,3,32.39981049455871,35.514771414057954,19/05/2011,22,,,,,,,,
3,187,3,32.39973674076664,35.51487755758062,19/05/2011,22,,,,,,,,
3,188,3,32.39966452062788,35.51498338731292,19/05/2011,22,,,,,,,,
3,189,3,32.399597186036445,35.515082643665714,19/05/2011,22,,,,,,,,
3,190,3,32.39952822063601,35.515184976674696,19/05/2011,22,,,,,,,,
3,191,3,32.39946197426528,35.51528168551622,19/05/2011,22,,,,,,,,
3,192,3,32.3994018845604,35.51536831784989,19/05/2011,22,,,,,,,,
3,193,3,32.39931953016534,35.51548803591965,19/05/2011,22,,,,,,,,
3,194,3,32.39924892372333,35.51559748404054,19/05/2011,22,,,,,,,,
3,195,3,32.39918232815394,35.51568940808395,19/05/2011,22,,,,,,,,
3,196,3,32.39911398875289,35.51579365551151,19/05/2011,22,,,,,,,,
3,197,3,32.39904124308921,35.51589289208164,19/05/2011,22,,,,,,,,
3,198,3,32.398973908046,35.515992040787516,19/05/2011,22,,,,,,,,
3,199,3,32.398886111868975,35.51612417479081,19/05/2011,22,,,,,,,,
3,200,3,32.39881081819837,35.516232649186215,19/05/2011,22,,,,,,,,
3,201,3,32.39874023005096,35.516334443412646,19/05/2011,22,,,,,,,,
3,202,3,32.39866566311708,35.51644068790451,19/05/2011,22,,,,,,,,
3,203,3,32.39858782456246,35.51655712463346,19/05/2011,22,,,,,,,,
3,204,3,32.398512892005776,35.516665280691655,19/05/2011,22,,,,,,,,
3,205,3,32.39844374471216,35.51676771693662,19/05/2011,22,,,,,,,,
3,206,3,32.39837477979135,35.51686930334993,19/05/2011,22,,,,,,,,
3,207,3,32.398306374282775,35.516963451384555,19/05/2011,22,,,,,,,,
3,208,3,32.39789507600703,35.51671342814941,19/05/2011,22,,,,,,,,
3,209,3,32.39796023822947,35.51661799373827,19/05/2011,22,,,,,,,,
3,210,3,32.39802422996105,35.51652181115033,19/05/2011,22,,,,,,,,
3,211,3,32.39809262567065,35.51643148939303,19/05/2011,22,,,,,,,,
3,212,3,32.39815617375571,35.51633232895205,19/05/2011,22,,,,,,,,
3,213,3,32.398230855755074,35.516215988018736,19/05/2011,22,,,,,,,,
3,214,3,32.39830362086393,35.51610899364142,19/05/2011,22,,,,,,,,
3,215,3,32.398357914456845,35.516032652865185,19/05/2011,22,,,,,,,,
3,216,3,32.39842416770978,35.51593339485612,19/05/2011,22,,,,,,,,
3,217,3,32.39848777957785,35.51584475644446,19/05/2011,22,,,,,,,,
3,218,3,32.39855186220749,35.51574804162305,19/05/2011,22,,,,,,,,
3,219,3,32.398613836378296,35.515665243191464,19/05/2011,22,,,,,,,,
3,220,3,32.398675738951894,35.51557489793065,19/05/2011,22,,,,,,,,
3,221,3,32.398739846557696,35.515467979118085,19/05/2011,22,,,,,,,,
3,222,3,32.39881549056776,35.51536343804372,19/05/2011,22,,,,,,,,
3,223,3,32.398892144754214,35.51525146005639,19/05/2011,22,,,,,,,,
3,224,3,32.39896383298599,35.51514201579812,19/05/2011,22,,,,,,,,
3,225,3,32.39903441912722,35.5150406455376,19/05/2011,22,,,,,,,,
3,226,3,32.39910212223993,35.51493820236246,19/05/2011,22,,,,,,,,
3,227,3,32.399171627177566,35.5148364029335,19/05/2011,22,,,,,,,,
3,228,3,32.39924347838736,35.51473386735181,19/05/2011,22,,,,,,,,
3,229,3,32.3993140746656,35.514628244933256,19/05/2011,22,,,,,,,,
3,230,3,32.39938899240479,35.51452540064131,19/05/2011,22,,,,,,,,
3,231,3,32.39945914208349,35.51441796944787,19/05/2011,22,,,,,,,,
3,232,3,32.39952756451466,35.51431616552179,19/05/2011,22,,,,,,,,
3,233,3,32.39960891491626,35.514200906836585,19/05/2011,22,,,,,,,,
3,234,3,32.39968821158216,35.51407735035199,19/05/2011,22,,,,,,,,
3,235,3,32.39976423654374,35.51396409257876,19/05/2011,22,,,,,,,,
3,236,3,32.39983237347297,35.513868239216286,19/05/2011,22,,,,,,,,
3,237,3,32.39989860937176,35.51377535534011,19/05/2011,22,,,,,,,,
3,238,3,32.3999609598985,35.513685646776935,19/05/2011,22,,,,,,,,
3,239,3,32.40003028843284,35.5135818253154,19/05/2011,22,,,,,,,,
3,240,3,32.40009761559176,35.51348511830595,19/05/2011,22,,,,,,,,
3,241,3,32.400164683619934,35.51338373350717,19/05/2011,22,,,,,,,,
3,242,3,32.40022549309686,35.51329720786883,19/05/2011,22,,,,,,,,
3,243,3,32.40029391436445,35.513195508523964,19/05/2011,22,,,,,,,,
3,244,3,32.400367026677245,35.5130929746662,19/05/2011,22,,,,,,,,
3,245,3,32.400426756990825,35.513005169484295,19/05/2011,22,,,,,,,,
3,246,3,32.40049643135249,35.51290719412133,19/05/2011,22,,,,,,,,
3,247,3,32.400558353801046,35.51280791676694,19/05/2011,22,,,,,,,,
3,248,2,32.400621339798406,35.51271618952494,19/05/2011,22,,,,,,,,
3,249,1,32.40069997416508,35.51260474525375,19/05/2011,22,,,,,,,,
3,250,1,32.4007716569862,35.512496572194344,19/05/2011,22,,,,,,,,
3,251,1,32.400838263740944,35.512399117107485,19/05/2011,22,,,,,,,,
3,252,1,32.40090342581998,35.51230240101062,19/05/2011,22,,,,,,,,
3,253,1,32.40097075485471,35.51220452292639,19/05/2011,22,,,,,,,,
3,254,1,32.40102831103406,35.512120535679514,19/05/2011,22,,,,,,,,
3,255,1,32.4010951890582,35.512022655796166,19/05/2011,22,,,,,,,,
3,256,1,32.40116451311371,35.511920107245736,19/05/2011,22,,,,,,,,
3,257,1,32.4012307506909,35.511825945093776,19/05/2011,22,,,,,,,,
3,258,1,32.40129977840602,35.51173391808545,19/05/2011,22,,,,,,,,
3,259,1,32.40135410355767,35.51164354180336,19/05/2011,22,,,,,,,,
3,260,1,32.40118148446558,35.511394660732414,19/05/2011,22,,,,,,,,
3,261,1,32.401120204444105,35.51148979655356,19/05/2011,22,,,,,,,,
3,262,1,32.4010583265512,35.5115712186661,19/05/2011,22,,,,,,,,
3,263,1,32.400987742156346,35.5116730190588,19/05/2011,22,,,,,,,,
3,264,1,32.40093287567989,35.51176349941679,19/05/2011,22,,,,,,,,
3,265,1,32.40086987948306,35.51185969182046,19/05/2011,22,,,,,,,,
3,266,1,32.40080256912921,35.511950023468444,19/05/2011,22,,,,,,,,
3,267,1,32.400731616209235,35.5120549044612,19/05/2011,22,,,,,,,,
3,268,1,32.40067079564387,35.51214632074979,19/05/2011,22,,,,,,,,
3,269,1,32.40060020143934,35.51225194668816,19/05/2011,22,,,,,,,,
3,270,1,32.40053712949926,35.512342079583505,19/05/2011,22,,,,,,,,
3,271,3,32.40043024859881,35.51249945170265,19/05/2011,22,,,,,,,,
3,272,3,32.40037377815194,35.51258184749099,19/05/2011,22,,,,,,,,
3,273,3,32.400308631455964,35.512672185462165,19/05/2011,22,,,,,,,,
3,274,3,32.400248604586025,35.51277072505033,19/05/2011,22,,,,,,,,
3,275,3,32.40018119820396,35.512863180879634,19/05/2011,22,,,,,,,,
3,276,3,32.40011386839726,35.51296116391285,19/05/2011,22,,,,,,,,
3,277,3,32.40005276988672,35.51305534156431,19/05/2011,22,,,,,,,,
3,278,3,32.39998218742025,35.51315586420257,19/05/2011,22,,,,,,,,
3,279,3,32.399916487289225,35.51325108881768,19/05/2011,22,,,,,,,,
3,280,3,32.39985194684187,35.51335141915021,19/05/2011,22,,,,,,,,
3,281,3,32.39978679646804,35.513443031512494,19/05/2011,22,,,,,,,,
3,282,3,32.39971185823074,35.51355459282353,19/05/2011,22,,,,,,,,
3,283,3,32.39963801397899,35.51366126836488,19/05/2011,22,,,,,,,,
3,284,3,32.39957503068545,35.513751612205965,19/05/2011,22,,,,,,,,
3,285,3,32.3995077799252,35.51385384576706,19/05/2011,22,,,,,,,,
3,286,3,32.399437910383405,35.513957558289704,19/05/2011,22,,,,,,,,
3,287,3,32.39937601209867,35.51404662995955,19/05/2011,22,,,,,,,,
3,288,3,32.399310745448766,35.514148657274006,19/05/2011,22,,,,,,,,
3,289,3,32.39923346859846,35.51425755220475,19/05/2011,22,,,,,,,,
3,290,3,32.39916612830042,35.51435935954439,19/05/2011,22,,,,,,,,
3,291,3,32.39910549164461,35.51444864756282,19/05/2011,22,,,,,,,,
3,292,3,32.39904250151108,35.514541541233854,19/05/2011,22,,,,,,,,
3,293,3,32.39897607240356,35.51463941858352,19/05/2011,22,,,,,,,,
3,294,3,32.39891307611072,35.51473475660641,19/05/2011,22,,,,,,,,
3,295,3,32.39884141650328,35.51483272206563,19/05/2011,22,,,,,,,,
3,296,3,32.39878510341041,35.51492383115056,19/05/2011,22,,,,,,,,
3,297,3,32.39871995818256,35.51501289040358,19/05/2011,22,,,,,,,,
3,298,3,32.39865540926178,35.51511608791451,19/05/2011,22,,,,,,,,
3,299,3,32.39858330032357,35.515213307237595,19/05/2011,22,,,,,,,,
3,300,3,32.39850945100047,35.51532146811875,19/05/2011,22,,,,,,,,
3,301,3,32.39843352784642,35.51542951542597,19/05/2011,22,,,,,,,,
3,302,3,32.3983566844943,35.51554499955272,19/05/2011,22,,,,,,,,
3,303,3,32.39829152938006,35.515637884268855,19/05/2011,22,,,,,,,,
3,304,3,32.39822710162729,35.51572832672845,19/05/2011,22,,,,,,,,
3,305,3,32.3981586767438,35.51583065956277,19/05/2011,22,,,,,,,,
3,306,3,32.39808482689212,35.51593881943356,19/05/2011,22,,,,,,,,
3,307,3,32.39802487923972,35.51604075591812,19/05/2011,22,,,,,,,,
3,308,3,32.39795108283477,35.51612723299869,19/05/2011,22,,,,,,,,
3,309,3,32.39788202220333,35.51623126363398,19/05/2011,22,,,,,,,,
3,310,3,32.39781920058562,35.51632840688698,19/05/2011,22,,,,,,,,
3,311,3,32.397751899664634,35.516413630429916,19/05/2011,22,,,,,,,,
3,312,1,32.402697009302386,35.512704324373914,19/05/2011,22,,,,,,,,
3,313,1,32.40277082830173,35.51260763594157,19/05/2011,22,,,,,,,,
3,314,1,32.40287575955062,35.51247321263478,19/05/2011,22,,,,,,,,
3,315,1,32.40295800059426,35.51232489385118,19/05/2011,22,,,,,,,,
3,316,1,32.403039612420876,35.512212606141794,19/05/2011,22,,,,,,,,
3,317,1,32.40309717794137,35.51212479046078,19/05/2011,22,,,,,,,,
3,318,1,32.40317112818107,35.51201109459958,19/05/2011,22,,,,,,,,
3,319,1,32.40325012183281,35.511899966699076,19/05/2011,22,,,,,,,,
3,320,1,32.40333228028757,35.51178523534129,19/05/2011,22,,,,,,,,
3,321,1,32.40340393440939,35.51168853815047,19/05/2011,22,,,,,,,,
3,322,1,32.403479345950444,35.51156708703852,19/05/2011,22,,,,,,,,
3,323,1,32.40354775675255,35.51146910301031,19/05/2011,22,,,,,,,,
3,324,1,32.403620336189405,35.51136262941179,19/05/2011,22,,,,,,,,
3,325,1,32.403698616678255,35.511247883980374,19/05/2011,22,,,,,,,,
3,326,1,32.403777897771384,35.51112952772793,19/05/2011,22,,,,,,,,
3,327,1,32.40385743531112,35.511016912033625,19/05/2011,22,,,,,,,,
3,328,1,32.403930374803835,35.510910545221115,19/05/2011,22,,,,,,,,
3,329,1,32.404006667179964,35.51079738671042,19/05/2011,22,,,,,,,,
3,330,1,32.40408375887873,35.510689226558355,19/05/2011,22,,,,,,,,
3,331,1,32.4041561627332,35.51058051892413,19/05/2011,22,,,,,,,,
3,332,1,32.40371631665352,35.51001259212704,19/05/2011,22,,,,,,,,
3,333,1,32.403643560066044,35.510118215973236,19/05/2011,22,,,,,,,,
3,334,1,32.40356708665711,35.510231905467805,19/05/2011,22,,,,,,,,
3,335,1,32.40349773714285,35.51034551250542,19/05/2011,22,,,,,,,,
3,336,1,32.403426080948186,35.51044348638167,19/05/2011,22,,,,,,,,
3,337,1,32.40335531299035,35.51054699037994,19/05/2011,22,,,,,,,,
3,338,1,32.40328237483326,35.510652931645446,19/05/2011,22,,,,,,,,
3,339,1,32.40321722952402,35.51074327389274,19/05/2011,22,,,,,,,,
3,340,1,32.403145440718994,35.51085857255703,19/05/2011,22,,,,,,,,
3,341,1,32.40306781842811,35.5109623716261,19/05/2011,22,,,,,,,,
3,342,1,32.40299830730713,35.51106800492816,19/05/2011,22,,,,,,,,
3,343,1,32.40292464188849,35.511176175057955,19/05/2011,22,,,,,,,,
3,344,1,32.40285015782389,35.511287212159594,19/05/2011,22,,,,,,,,
3,345,1,32.40276980381324,35.51140173688556,19/05/2011,22,,,,,,,,
3,346,1,32.402696583798196,35.511512033840894,19/05/2011,22,,,,,,,,
3,347,1,32.40262291825838,35.51162009695704,19/05/2011,22,,,,,,,,
3,348,1,32.40254690784519,35.51172825824592,19/05/2011,22,,,,,,,,
3,349,1,32.40246446776669,35.511847558302975,19/05/2011,22,,,,,,,,
3,350,1,32.40239269196063,35.51195711537517,19/05/2011,22,,,,,,,,
3,351,1,32.4023251840723,35.51205446309974,19/05/2011,22,,,,,,,,
3,352,1,32.4022600190734,35.512152456383454,19/05/2011,22,,,,,,,,
3,353,1,32.4021890761177,35.51225319352079,19/05/2011,22,,,,,,,,
3,354,1,32.40183398085586,35.511952563736166,19/05/2011,22,,,,,,,,
3,355,1,32.40190944730893,35.51184567714314,19/05/2011,22,,,,,,,,
3,356,1,32.40198637304248,35.511731992614834,19/05/2011,22,,,,,,,,
3,357,1,32.40205706060927,35.51162487688866,19/05/2011,22,,,,,,,,
3,358,1,32.40212872704783,35.51152307892883,19/05/2011,22,,,,,,,,
3,359,1,32.402203298389104,35.5114133187051,19/05/2011,22,,,,,,,,
3,360,1,32.4022746202679,35.511304822817415,19/05/2011,22,,,,,,,,
3,361,1,32.40234736543058,35.51120430352094,19/05/2011,22,,,,,,,,
3,362,1,32.40241761228515,35.511092827465646,19/05/2011,22,,,,,,,,
3,363,1,32.4024867425652,35.5109954844067,19/05/2011,22,,,,,,,,
3,364,1,32.40255632984353,35.510895591714366,19/05/2011,22,,,,,,,,
3,365,1,32.40262149386952,35.51079759720118,19/05/2011,22,,,,,,,,
3,366,1,32.402692174702715,35.5106929247143,19/05/2011,22,,,,,,,,
3,367,1,32.402776587965576,35.51057756281124,19/05/2011,22,,,,,,,,
3,368,1,32.40283850238608,35.510480832384964,19/05/2011,22,,,,,,,,
3,369,1,32.40291398617285,35.510366290324846,19/05/2011,22,,,,,,,,
3,370,1,32.40298926319687,35.51026258930331,19/05/2011,22,,,,,,,,
3,371,1,32.40305768846511,35.51015822725258,19/05/2011,22,,,,,,,,
3,372,1,32.403131631011746,35.51004697455438,19/05/2011,22,,,,,,,,
3,373,1,32.40321343199064,35.509930220874985,19/05/2011,22,,,,,,,,
3,374,1,32.403289911570084,35.509813874242475,19/05/2011,22,,,,,,,,
3,375,1,32.403362661725765,35.50971080159073,19/05/2011,22,,,,,,,,
3,376,1,32.40303875618883,35.50933757795375,19/05/2011,22,,,,,,,,
3,377,1,32.402970597487354,35.50944385478256,19/05/2011,22,,,,,,,,
3,378,1,32.402884853236785,35.50955071005128,19/05/2011,22,,,,,,,,
3,379,1,32.40280358952998,35.50966916615328,19/05/2011,22,,,,,,,,
3,380,1,32.402727759069606,35.50977818025019,19/05/2011,22,,,,,,,,
3,381,1,32.402664775464,35.50986980537583,19/05/2011,22,,,,,,,,
3,382,1,32.402604811060336,35.50998067956815,19/05/2011,22,,,,,,,,
3,383,1,32.402528829888276,35.51007736268644,19/05/2011,22,,,,,,,,
3,384,1,32.40245065661658,35.510185517872095,19/05/2011,22,,,,,,,,
3,385,1,32.40237480661982,35.51030239670551,19/05/2011,22,,,,,,,,
3,386,1,32.402302769369676,35.51040876523976,19/05/2011,22,,,,,,,,
3,387,1,32.40222999902108,35.51051991429385,19/05/2011,22,,,,,,,,
3,388,1,32.402151806775514,35.51063572173172,19/05/2011,22,,,,,,,,
3,389,1,32.402085963084545,35.51075369652103,19/05/2011,22,,,,,,,,
3,390,1,32.40201973871249,35.51084275835878,19/05/2011,22,,,,,,,,
3,391,1,32.401958689041514,35.510954584080764,19/05/2011,22,,,,,,,,
3,392,1,32.4018859471783,35.511053827656404,19/05/2011,22,,,,,,,,
3,393,1,32.40181610917017,35.51114553415956,19/05/2011,22,,,,,,,,
3,394,1,32.40174010536872,35.51125114390791,19/05/2011,22,,,,,,,,
3,395,1,32.4016582992825,35.51136948886493,19/05/2011,22,,,,,,,,
3,396,1,32.401583172948534,35.51148498634457,19/05/2011,22,,,,,,,,
3,397,1,32.40151365205963,35.511594443991314,19/05/2011,22,,,,,,,,
3,398,0,32.40122478003823,35.51135282218232,19/05/2011,22,,,,,,,,
3,399,1,32.40129239749226,35.51124729103942,19/05/2011,22,,,,,,,,
3,400,1,32.40135758352481,35.511140369728146,19/05/2011,22,,,,,,,,
3,401,1,32.40142346318823,35.51104482380449,19/05/2011,22,,,,,,,,
3,402,1,32.40149586942711,35.51093526930091,19/05/2011,22,,,,,,,,
3,403,1,32.4015653711401,35.51083346410684,19/05/2011,22,,,,,,,,
3,404,1,32.40164219210173,35.5107254122567,19/05/2011,22,,,,,,,,
3,405,0,32.401703596843625,35.51061582009606,19/05/2011,22,,,,,,,,
3,406,1,32.401792830126425,35.510520777406,19/05/2011,22,,,,,,,,
3,407,1,32.40185365622567,35.51042659532213,19/05/2011,22,,,,,,,,
3,408,1,32.40192048481804,35.51031138751173,19/05/2011,22,,,,,,,,
3,409,1,32.40199759158646,35.51019685193395,19/05/2011,22,,,,,,,,
3,410,1,32.4020737024708,35.51008390719032,19/05/2011,22,,,,,,,,
3,411,1,32.40214887182727,35.50998732811698,19/05/2011,22,,,,,,,,
3,412,1,32.40222375538726,35.50989701917872,19/05/2011,22,,,,,,,,
3,413,1,32.40228615338445,35.50978657875773,19/05/2011,22,,,,,,,,
3,414,1,32.402350247854976,35.509683052916294,19/05/2011,22,,,,,,,,
3,415,0,32.40240583732173,35.50959129680573,19/05/2011,22,,,,,,,,
3,416,1,32.40246231894073,35.50950347641635,19/05/2011,22,,,,,,,,
3,417,1,32.4025231597154,35.50940291543326,19/05/2011,22,,,,,,,,
3,418,1,32.40258896743349,35.50929928851587,19/05/2011,22,,,,,,,,
3,419,1,32.4026525882711,35.50920500788429,19/05/2011,22,,,,,,,,
3,420,1,32.40271447388979,35.50911975620311,19/05/2011,22,,,,,,,,
4,1,3,32.399223571878146,35.51782255636552,29/05/2011,12,,,,,,,,
4,2,3,32.39928332766658,35.517725827225085,29/05/2011,12,,,,,,,,
4,3,3,32.399358886530855,35.51762001165733,29/05/2011,12,,,,,,,,
4,4,3,32.39942404943012,35.517524576372416,29/05/2011,12,,,,,,,,
4,5,3,32.39948865801496,35.5174344535009,29/05/2011,12,,,,,,,,
4,6,3,32.399551647099784,35.51734283686371,29/05/2011,12,,,,,,,,
4,7,3,32.39962343601442,35.517229886272546,29/05/2011,12,,,,,,,,
4,8,3,32.399697376343575,35.517122044815196,29/05/2011,12,,,,,,,,
4,9,2,32.39977122403411,35.51701515946924,29/05/2011,12,,,,,,,,
4,10,2,32.39985548775139,35.516889709134205,29/05/2011,12,,,,,,,,
4,11,2,32.39992490987462,35.516785571707786,29/05/2011,12,,,,,,,,
4,12,2,32.39999765623247,35.51668633489893,29/05/2011,12,,,,,,,,
4,13,3,32.4000644581427,35.516584207645764,29/05/2011,12,,,,,,,,
4,14,3,32.40012744976925,35.51649131436551,29/05/2011,12,,,,,,,,
4,15,3,32.40019359820354,35.51639811294306,29/05/2011,12,,,,,,,,
4,16,3,32.40026705644221,35.51630259813375,29/05/2011,12,,,,,,,,
4,17,3,32.40032353325207,35.51621861043856,29/05/2011,12,,,,,,,,
4,18,3,32.40038527321605,35.51612124814478,29/05/2011,12,,,,,,,,
4,19,3,32.400452605463975,35.51602326718653,29/05/2011,12,,,,,,,,
4,20,3,32.40052066717127,35.51592199358304,29/05/2011,12,,,,,,,,
4,21,3,32.40058911181594,35.51581168644466,29/05/2011,12,,,,,,,,
4,22,3,32.40066078162255,35.51570989345888,29/05/2011,12,,,,,,,,
4,23,3,32.400729381760044,35.51560957785159,29/05/2011,12,,,,,,,,
4,24,3,32.400797698702526,35.515514363080065,29/05/2011,12,,,,,,,,
4,25,3,32.400870444061546,35.515415124294414,29/05/2011,12,,,,,,,,
4,26,3,32.40093661477573,35.515312567795505,29/05/2011,12,,,,,,,,
4,27,3,32.40099637807924,35.51521200872316,29/05/2011,12,,,,,,,,
4,28,3,32.40106586881703,35.51511605335482,29/05/2011,12,,,,,,,,
4,29,3,32.40112885936405,35.51502315802628,29/05/2011,12,,,,,,,,
4,30,3,32.40119068046265,35.51492908936151,29/05/2011,12,,,,,,,,
4,31,3,32.40128151485607,35.51480769668234,29/05/2011,12,,,,,,,,
4,32,3,32.401351057362554,35.51469058888003,29/05/2011,12,,,,,,,,
4,33,3,32.40141442189547,35.5145921670833,29/05/2011,12,,,,,,,,
4,34,3,32.4014893463942,35.51448655683594,29/05/2011,12,,,,,,,,
4,35,3,32.4015615739529,35.51437753586362,29/05/2011,12,,,,,,,,
4,36,3,32.401631600134756,35.5142836006317,29/05/2011,12,,,,,,,,
4,37,3,32.40169785514063,35.51418306228017,29/05/2011,12,,,,,,,,
4,38,3,32.40176202431403,35.514087299798206,29/05/2011,12,,,,,,,,
4,39,3,32.40182826036507,35.51399441411945,29/05/2011,12,,,,,,,,
4,40,3,32.40188184224475,35.513913602426925,29/05/2011,12,,,,,,,,
4,41,2,32.401982285235476,35.513771407308184,29/05/2011,12,,,,,,,,
4,42,1,32.40205008426626,35.51366619659787,29/05/2011,12,,,,,,,,
4,43,1,32.402101108211234,35.513598768630075,29/05/2011,12,,,,,,,,
4,44,1,32.402165185985716,35.513503323875014,29/05/2011,12,,,,,,,,
4,45,1,32.402233049167805,35.513408635927874,29/05/2011,12,,,,,,,,
4,46,1,32.40230039181663,35.51330554895292,29/05/2011,12,,,,,,,,
4,47,1,32.40236816910398,35.51320905344918,29/05/2011,12,,,,,,,,
4,48,1,32.40243805520419,35.513098321751436,29/05/2011,12,,,,,,,,
4,49,1,32.40250863136788,35.513000347369136,29/05/2011,12,,,,,,,,
4,50,1,32.40257008089806,35.5129101011756,29/05/2011,12,,,,,,,,
4,51,1,32.40263740753397,35.51281339097147,29/05/2011,12,,,,,,,,
4,52,1,32.402457116121575,35.51264228438089,29/05/2011,12,,,,,,,,
4,53,1,32.40239195690968,35.512737726376926,29/05/2011,12,,,,,,,,
4,54,1,32.40232922633837,35.512835621223914,29/05/2011,12,,,,,,,,
4,55,1,32.402269477935164,35.51293086876532,29/05/2011,12,,,,,,,,
4,56,1,32.402202166824885,35.51302120099697,29/05/2011,12,,,,,,,,
4,57,1,32.402133916419174,35.513126836000865,29/05/2011,12,,,,,,,,
4,58,1,32.402066570789664,35.51323119841855,29/05/2011,12,,,,,,,,
4,59,1,32.401999257901366,35.51332216797274,29/05/2011,12,,,,,,,,
4,60,1,32.401938684275045,35.51342283293565,29/05/2011,12,,,,,,,,
4,61,1,32.401870290725974,35.51351316078447,29/05/2011,12,,,,,,,,
4,62,1,32.401805027122045,35.513614128365525,29/05/2011,12,,,,,,,,
4,63,2,32.401725122134614,35.513728544947064,29/05/2011,12,,,,,,,,
4,64,3,32.40166402332018,35.51382261744947,29/05/2011,12,,,,,,,,
4,65,3,32.401610828816715,35.513892588564744,29/05/2011,12,,,,,,,,
4,66,3,32.401538087785774,35.51399055389705,29/05/2011,12,,,,,,,,
4,67,3,32.401473446921194,35.5140948179307,29/05/2011,12,,,,,,,,
4,68,3,32.401404570670856,35.514197898144346,29/05/2011,12,,,,,,,,
4,69,3,32.40133508507214,35.514292047638754,29/05/2011,12,,,,,,,,
4,70,3,32.401268552398165,35.51439545442833,29/05/2011,12,,,,,,,,
4,71,3,32.401205189586584,35.514493238464034,29/05/2011,12,,,,,,,,
4,72,3,32.40114112048037,35.51458485505767,29/05/2011,12,,,,,,,,
4,73,3,32.40107705418601,35.514675302329074,29/05/2011,12,,,,,,,,
4,74,3,32.40100103173587,35.51478728564875,29/05/2011,12,,,,,,,,
4,75,3,32.40093993841719,35.51487880572265,29/05/2011,12,,,,,,,,
4,76,3,32.400879030356315,35.5149683067804,29/05/2011,12,,,,,,,,
4,77,3,32.40081604299241,35.515059926413834,29/05/2011,12,,,,,,,,
4,78,3,32.40075655950334,35.51515676617011,29/05/2011,12,,,,,,,,
4,79,3,32.400685994248654,35.51524963507028,29/05/2011,12,,,,,,,,
4,80,3,32.40062145222171,35.51534996481379,29/05/2011,12,,,,,,,,
4,81,3,32.400555932891564,35.51544433879424,29/05/2011,12,,,,,,,,
4,82,3,32.40049619144317,35.51553596890379,29/05/2011,12,,,,,,,,
4,83,3,32.40043446610233,35.515627592086304,29/05/2011,12,,,,,,,,
4,84,3,32.40036715936399,35.515715369539095,29/05/2011,12,,,,,,,,
4,85,3,32.400301177598756,35.51581431188335,29/05/2011,12,,,,,,,,
4,86,3,32.400238719631446,35.515910396350115,29/05/2011,12,,,,,,,,
4,87,3,32.40017138431651,35.51600965263323,29/05/2011,12,,,,,,,,
4,88,3,32.400104859700136,35.51610923042462,29/05/2011,12,,,,,,,,
4,89,3,32.400032647738136,35.51621133947939,29/05/2011,12,,,,,,,,
4,90,3,32.39996748267341,35.51630805181977,29/05/2011,12,,,,,,,,
4,91,3,32.39990519573258,35.516407750033096,29/05/2011,12,,,,,,,,
4,92,3,32.39983896422228,35.516498081046834,29/05/2011,12,,,,,,,,
4,93,3,32.39977578697647,35.51659309918198,29/05/2011,12,,,,,,,,
4,94,3,32.399713700700055,35.516684507096315,29/05/2011,12,,,,,,,,
4,95,3,32.39963225655035,35.516800294799395,29/05/2011,12,,,,,,,,
4,96,3,32.399570986169095,35.51688989831867,29/05/2011,12,,,,,,,,
4,97,3,32.39950800057477,35.516980239832016,29/05/2011,12,,,,,,,,
4,98,3,32.39944987586951,35.517073999228444,29/05/2011,12,,,,,,,,
4,99,3,32.3993819042029,35.51717495221735,29/05/2011,12,,,,,,,,
4,100,3,32.39931243221515,35.51726272003753,29/05/2011,12,,,,,,,,
4,101,3,32.39925936548451,35.51735309525152,29/05/2011,12,,,,,,,,
4,102,3,32.39920290059047,35.517431979429524,29/05/2011,12,,,,,,,,
4,103,3,32.39913339304071,35.517533989462656,29/05/2011,12,,,,,,,,
4,104,3,32.399068426593516,35.517622941500115,29/05/2011,12,,,,,,,,
4,105,3,32.39901086359177,35.517708198874146,29/05/2011,12,,,,,,,,
4,106,3,32.39862591527882,35.517378545038426,29/05/2011,12,,,,,,,,
4,107,3,32.398688913825026,35.5172831028812,29/05/2011,12,,,,,,,,
4,108,3,32.39875821893447,35.51718991439162,29/05/2011,12,,,,,,,,
4,109,3,32.39882772568154,35.517088117087056,29/05/2011,12,,,,,,,,
4,110,3,32.398892160200994,35.516995336677915,29/05/2011,12,,,,,,,,
4,111,3,32.39896606681345,35.516864643715934,29/05/2011,12,,,,,,,,
4,112,3,32.399031222823616,35.516771759202115,29/05/2011,12,,,,,,,,
4,113,3,32.39909097939048,35.51667439183925,29/05/2011,12,,,,,,,,
4,114,3,32.399165728972,35.51656729736278,29/05/2011,12,,,,,,,,
4,115,3,32.399231979482536,35.51646931432572,29/05/2011,12,,,,,,,,
4,116,3,32.39930569304251,35.516379966223234,29/05/2011,12,,,,,,,,
4,117,3,32.39938021997998,35.51625341957268,29/05/2011,12,,,,,,,,
4,118,3,32.399450811214315,35.516150349108905,29/05/2011,12,,,,,,,,
4,119,3,32.399521409460434,35.516044408697546,29/05/2011,12,,,,,,,,
4,120,3,32.39959515792507,35.5159408173062,29/05/2011,12,,,,,,,,
4,121,3,32.39966684359775,35.515832648217334,29/05/2011,12,,,,,,,,
4,122,3,32.39973145570516,35.515740610695,29/05/2011,12,,,,,,,,
4,123,3,32.399796620337874,35.51564389819348,29/05/2011,12,,,,,,,,
4,124,3,32.3998694226529,35.51555815958999,29/05/2011,12,,,,,,,,
4,125,3,32.399930296570794,35.51544612636834,29/05/2011,12,,,,,,,,
4,126,3,32.400002511588156,35.51534252876798,29/05/2011,12,,,,,,,,
4,127,3,32.40006551174205,35.51524580827494,29/05/2011,12,,,,,,,,
4,128,3,32.40012769134672,35.51515269869751,29/05/2011,12,,,,,,,,
4,129,3,32.40019284295431,35.515061087231494,29/05/2011,12,,,,,,,,
4,130,3,32.40025872426772,35.51496607684647,29/05/2011,12,,,,,,,,
4,131,3,32.40032417296755,35.514863624525155,29/05/2011,12,,,,,,,,
4,132,3,32.40039256748561,35.51477329923243,29/05/2011,12,,,,,,,,
4,133,3,32.4004502411861,35.514678898098914,29/05/2011,12,,,,,,,,
4,134,3,32.400522293274925,35.51456796469364,29/05/2011,12,,,,,,,,
4,135,3,32.40058637492295,35.514471246805144,29/05/2011,12,,,,,,,,
4,136,3,32.400639592493434,35.514392029610406,29/05/2011,12,,,,,,,,
4,137,3,32.40072863099886,35.5142673359764,29/05/2011,12,,,,,,,,
4,138,3,32.40079522317952,35.514176365932194,29/05/2011,12,,,,,,,,
4,139,3,32.40086147183566,35.51407837938325,29/05/2011,12,,,,,,,,
4,140,3,32.40093277302697,35.51397924073341,29/05/2011,12,,,,,,,,
4,141,3,32.40099904032154,35.513873601000114,29/05/2011,12,,,,,,,,
4,142,3,32.40106780317624,35.513779874229755,29/05/2011,12,,,,,,,,
4,143,3,32.40113729778581,35.51368189816385,29/05/2011,12,,,,,,,,
4,144,3,32.4012084253581,35.51357988844444,29/05/2011,12,,,,,,,,
4,145,3,32.4012735852087,35.513484448296836,29/05/2011,12,,,,,,,,
4,146,1,32.40141495514444,35.51327351611791,29/05/2011,12,,,,,,,,
4,147,1,32.40148337039905,35.513174260115946,29/05/2011,12,,,,,,,,
4,148,1,32.40155251607805,35.51307128624026,29/05/2011,12,,,,,,,,
4,149,1,32.401618397195946,35.51297574152719,29/05/2011,12,,,,,,,,
4,150,1,32.40167160992606,35.51289811691533,29/05/2011,12,,,,,,,,
4,151,1,32.40174517442196,35.51279494505455,29/05/2011,12,,,,,,,,
4,152,1,32.40181358930048,35.51269568832921,29/05/2011,12,,,,,,,,
4,153,1,32.40188417217371,35.512594844438745,29/05/2011,12,,,,,,,,
4,154,1,32.40195252504221,35.51248400135316,29/05/2011,12,,,,,,,,
4,155,1,32.40202309138278,35.51238985349949,29/05/2011,12,,,,,,,,
4,156,1,32.40209024896101,35.512288359758095,29/05/2011,12,,,,,,,,
4,157,1,32.401744658182494,35.511935998225304,29/05/2011,12,,,,,,,,
4,158,1,32.401679518178916,35.51202378703777,29/05/2011,12,,,,,,,,
4,159,1,32.40159960164958,35.512143519418984,29/05/2011,12,,,,,,,,
4,160,1,32.40154639872675,35.51221731794681,29/05/2011,12,,,,,,,,
4,161,1,32.40148230945381,35.512317864926665,29/05/2011,12,,,,,,,,
4,162,1,32.401408284604074,35.51242507439429,29/05/2011,12,,,,,,,,
4,163,1,32.40133497975544,35.512532817589914,29/05/2011,12,,,,,,,,
4,164,1,32.40127197543782,35.5126320923026,29/05/2011,12,,,,,,,,
4,165,1,32.4011988666223,35.51273335206686,29/05/2011,12,,,,,,,,
4,166,1,32.401136682296055,35.512829121669284,29/05/2011,12,,,,,,,,
4,167,1,32.40107478481062,35.51291819577407,29/05/2011,12,,,,,,,,
4,168,2,32.40101313514144,35.51301651792337,29/05/2011,12,,,,,,,,
4,169,3,32.40094797876624,35.513110682656375,29/05/2011,12,,,,,,,,
4,170,3,32.400881468930685,35.51320516151952,29/05/2011,12,,,,,,,,
4,171,3,32.400812597569626,35.51330654110683,29/05/2011,12,,,,,,,,
4,172,3,32.40074238185725,35.51340451465686,29/05/2011,12,,,,,,,,
4,173,3,32.40066962555847,35.513508856838335,29/05/2011,12,,,,,,,,
4,174,3,32.40060058716535,35.513604708278805,29/05/2011,12,,,,,,,,
4,175,3,32.40053757887542,35.513705256915905,29/05/2011,12,,,,,,,,
4,176,3,32.400468808506716,35.51380206559545,29/05/2011,12,,,,,,,,
4,177,3,32.400407445897734,35.513893372303194,29/05/2011,12,,,,,,,,
4,178,3,32.40032382759343,35.51401425791749,29/05/2011,12,,,,,,,,
4,179,3,32.400255943055996,35.51411744656971,29/05/2011,12,,,,,,,,
4,180,3,32.40018671261851,35.514217866928455,29/05/2011,12,,,,,,,,
4,181,3,32.4001215647563,35.51430820352962,29/05/2011,12,,,,,,,,
4,182,3,32.400062286238686,35.51439526506946,29/05/2011,12,,,,,,,,
4,183,3,32.39998742740083,35.51451086521258,29/05/2011,12,,,,,,,,
4,184,3,32.399919023650305,35.51460501670383,29/05/2011,12,,,,,,,,
4,185,3,32.39986807756219,35.51467722579505,29/05/2011,12,,,,,,,,
4,186,3,32.39981049455871,35.514771414057954,29/05/2011,12,,,,,,,,
4,187,3,32.39973674076664,35.51487755758062,29/05/2011,12,,,,,,,,
4,188,3,32.39966452062788,35.51498338731292,29/05/2011,12,,,,,,,,
4,189,3,32.399597186036445,35.515082643665714,29/05/2011,12,,,,,,,,
4,190,3,32.39952822063601,35.515184976674696,29/05/2011,12,,,,,,,,
4,191,3,32.39946197426528,35.51528168551622,29/05/2011,12,,,,,,,,
4,192,3,32.3994018845604,35.51536831784989,29/05/2011,12,,,,,,,,
4,193,3,32.39931953016534,35.51548803591965,29/05/2011,12,,,,,,,,
4,194,3,32.39924892372333,35.51559748404054,29/05/2011,12,,,,,,,,
4,195,3,32.39918232815394,35.51568940808395,29/05/2011,12,,,,,,,,
4,196,3,32.39911398875289,35.51579365551151,29/05/2011,12,,,,,,,,
4,197,3,32.39904124308921,35.51589289208164,29/05/2011,12,,,,,,,,
4,198,3,32.398973908046,35.515992040787516,29/05/2011,12,,,,,,,,
4,199,3,32.398886111868975,35.51612417479081,29/05/2011,12,,,,,,,,
4,200,3,32.39881081819837,35.516232649186215,29/05/2011,12,,,,,,,,
4,201,3,32.39874023005096,35.516334443412646,29/05/2011,12,,,,,,,,
4,202,3,32.39866566311708,35.51644068790451,29/05/2011,12,,,,,,,,
4,203,3,32.39858782456246,35.51655712463346,29/05/2011,12,,,,,,,,
4,204,3,32.398512892005776,35.516665280691655,29/05/2011,12,,,,,,,,
4,205,3,32.39844374471216,35.51676771693662,29/05/2011,12,,,,,,,,
4,206,3,32.39837477979135,35.51686930334993,29/05/2011,12,,,,,,,,
4,207,3,32.398306374282775,35.516963451384555,29/05/2011,12,,,,,,,,
4,208,3,32.39789507600703,35.51671342814941,29/05/2011,12,,,,,,,,
4,209,3,32.39796023822947,35.51661799373827,29/05/2011,12,,,,,,,,
4,210,3,32.39802422996105,35.51652181115033,29/05/2011,12,,,,,,,,
4,211,3,32.39809262567065,35.51643148939303,29/05/2011,12,,,,,,,,
4,212,3,32.39815617375571,35.51633232895205,29/05/2011,12,,,,,,,,
4,213,3,32.398230855755074,35.516215988018736,29/05/2011,12,,,,,,,,
4,214,3,32.39830362086393,35.51610899364142,29/05/2011,12,,,,,,,,
4,215,3,32.398357914456845,35.516032652865185,29/05/2011,12,,,,,,,,
4,216,3,32.39842416770978,35.51593339485612,29/05/2011,12,,,,,,,,
4,217,3,32.39848777957785,35.51584475644446,29/05/2011,12,,,,,,,,
4,218,3,32.39855186220749,35.51574804162305,29/05/2011,12,,,,,,,,
4,219,3,32.398613836378296,35.515665243191464,29/05/2011,12,,,,,,,,
4,220,3,32.398675738951894,35.51557489793065,29/05/2011,12,,,,,,,,
4,221,3,32.398739846557696,35.515467979118085,29/05/2011,12,,,,,,,,
4,222,3,32.39881549056776,35.51536343804372,29/05/2011,12,,,,,,,,
4,223,3,32.398892144754214,35.51525146005639,29/05/2011,12,,,,,,,,
4,224,3,32.39896383298599,35.51514201579812,29/05/2011,12,,,,,,,,
4,225,3,32.39903441912722,35.5150406455376,29/05/2011,12,,,,,,,,
4,226,3,32.39910212223993,35.51493820236246,29/05/2011,12,,,,,,,,
4,227,3,32.399171627177566,35.5148364029335,29/05/2011,12,,,,,,,,
4,228,3,32.39924347838736,35.51473386735181,29/05/2011,12,,,,,,,,
4,229,3,32.3993140746656,35.514628244933256,29/05/2011,12,,,,,,,,
4,230,3,32.39938899240479,35.51452540064131,29/05/2011,12,,,,,,,,
4,231,3,32.39945914208349,35.51441796944787,29/05/2011,12,,,,,,,,
4,232,3,32.39952756451466,35.51431616552179,29/05/2011,12,,,,,,,,
4,233,3,32.39960891491626,35.514200906836585,29/05/2011,12,,,,,,,,
4,234,3,32.39968821158216,35.51407735035199,29/05/2011,12,,,,,,,,
4,235,3,32.39976423654374,35.51396409257876,29/05/2011,12,,,,,,,,
4,236,3,32.39983237347297,35.513868239216286,29/05/2011,12,,,,,,,,
4,237,3,32.39989860937176,35.51377535534011,29/05/2011,12,,,,,,,,
4,238,3,32.3999609598985,35.513685646776935,29/05/2011,12,,,,,,,,
4,239,3,32.40003028843284,35.5135818253154,29/05/2011,12,,,,,,,,
4,240,3,32.40009761559176,35.51348511830595,29/05/2011,12,,,,,,,,
4,241,3,32.400164683619934,35.51338373350717,29/05/2011,12,,,,,,,,
4,242,3,32.40022549309686,35.51329720786883,29/05/2011,12,,,,,,,,
4,243,3,32.40029391436445,35.513195508523964,29/05/2011,12,,,,,,,,
4,244,3,32.400367026677245,35.5130929746662,29/05/2011,12,,,,,,,,
4,245,3,32.400426756990825,35.513005169484295,29/05/2011,12,,,,,,,,
4,246,3,32.40049643135249,35.51290719412133,29/05/2011,12,,,,,,,,
4,247,3,32.400558353801046,35.51280791676694,29/05/2011,12,,,,,,,,
4,248,2,32.400621339798406,35.51271618952494,29/05/2011,12,,,,,,,,
4,249,1,32.40069997416508,35.51260474525375,29/05/2011,12,,,,,,,,
4,250,1,32.4007716569862,35.512496572194344,29/05/2011,12,,,,,,,,
4,251,1,32.400838263740944,35.512399117107485,29/05/2011,12,,,,,,,,
4,252,1,32.40090342581998,35.51230240101062,29/05/2011,12,,,,,,,,
4,253,1,32.40097075485471,35.51220452292639,29/05/2011,12,,,,,,,,
4,254,1,32.40102831103406,35.512120535679514,29/05/2011,12,,,,,,,,
4,255,1,32.4010951890582,35.512022655796166,29/05/2011,12,,,,,,,,
4,256,1,32.40116451311371,35.511920107245736,29/05/2011,12,,,,,,,,
4,257,1,32.4012307506909,35.511825945093776,29/05/2011,12,,,,,,,,
4,258,1,32.40129977840602,35.51173391808545,29/05/2011,12,,,,,,,,
4,259,1,32.40135410355767,35.51164354180336,29/05/2011,12,,,,,,,,
4,260,1,32.40118148446558,35.511394660732414,29/05/2011,12,,,,,,,,
4,261,1,32.401120204444105,35.51148979655356,29/05/2011,12,,,,,,,,
4,262,1,32.4010583265512,35.5115712186661,29/05/2011,12,,,,,,,,
4,263,1,32.400987742156346,35.5116730190588,29/05/2011,12,,,,,,,,
4,264,1,32.40093287567989,35.51176349941679,29/05/2011,12,,,,,,,,
4,265,1,32.40086987948306,35.51185969182046,29/05/2011,12,,,,,,,,
4,266,1,32.40080256912921,35.511950023468444,29/05/2011,12,,,,,,,,
4,267,1,32.400731616209235,35.5120549044612,29/05/2011,12,,,,,,,,
4,268,1,32.40067079564387,35.51214632074979,29/05/2011,12,,,,,,,,
4,269,1,32.40060020143934,35.51225194668816,29/05/2011,12,,,,,,,,
4,270,1,32.40053712949926,35.512342079583505,29/05/2011,12,,,,,,,,
4,271,3,32.40043024859881,35.51249945170265,29/05/2011,12,,,,,,,,
4,272,3,32.40037377815194,35.51258184749099,29/05/2011,12,,,,,,,,
4,273,3,32.400308631455964,35.512672185462165,29/05/2011,12,,,,,,,,
4,274,3,32.400248604586025,35.51277072505033,29/05/2011,12,,,,,,,,
4,275,3,32.40018119820396,35.512863180879634,29/05/2011,12,,,,,,,,
4,276,3,32.40011386839726,35.51296116391285,29/05/2011,12,,,,,,,,
4,277,3,32.40005276988672,35.51305534156431,29/05/2011,12,,,,,,,,
4,278,3,32.39998218742025,35.51315586420257,29/05/2011,12,,,,,,,,
4,279,3,32.399916487289225,35.51325108881768,29/05/2011,12,,,,,,,,
4,280,3,32.39985194684187,35.51335141915021,29/05/2011,12,,,,,,,,
4,281,3,32.39978679646804,35.513443031512494,29/05/2011,12,,,,,,,,
4,282,3,32.39971185823074,35.51355459282353,29/05/2011,12,,,,,,,,
4,283,3,32.39963801397899,35.51366126836488,29/05/2011,12,,,,,,,,
4,284,3,32.39957503068545,35.513751612205965,29/05/2011,12,,,,,,,,
4,285,3,32.3995077799252,35.51385384576706,29/05/2011,12,,,,,,,,
4,286,3,32.399437910383405,35.513957558289704,29/05/2011,12,,,,,,,,
4,287,3,32.39937601209867,35.51404662995955,29/05/2011,12,,,,,,,,
4,288,3,32.399310745448766,35.514148657274006,29/05/2011,12,,,,,,,,
4,289,3,32.39923346859846,35.51425755220475,29/05/2011,12,,,,,,,,
4,290,3,32.39916612830042,35.51435935954439,29/05/2011,12,,,,,,,,
4,291,3,32.39910549164461,35.51444864756282,29/05/2011,12,,,,,,,,
4,292,3,32.39904250151108,35.514541541233854,29/05/2011,12,,,,,,,,
4,293,3,32.39897607240356,35.51463941858352,29/05/2011,12,,,,,,,,
4,294,3,32.39891307611072,35.51473475660641,29/05/2011,12,,,,,,,,
4,295,3,32.39884141650328,35.51483272206563,29/05/2011,12,,,,,,,,
4,296,3,32.39878510341041,35.51492383115056,29/05/2011,12,,,,,,,,
4,297,3,32.39871995818256,35.51501289040358,29/05/2011,12,,,,,,,,
4,298,3,32.39865540926178,35.51511608791451,29/05/2011,12,,,,,,,,
4,299,3,32.39858330032357,35.515213307237595,29/05/2011,12,,,,,,,,
4,300,3,32.39850945100047,35.51532146811875,29/05/2011,12,,,,,,,,
4,301,3,32.39843352784642,35.51542951542597,29/05/2011,12,,,,,,,,
4,302,3,32.3983566844943,35.51554499955272,29/05/2011,12,,,,,,,,
4,303,3,32.39829152938006,35.515637884268855,29/05/2011,12,,,,,,,,
4,304,3,32.39822710162729,35.51572832672845,29/05/2011,12,,,,,,,,
4,305,3,32.3981586767438,35.51583065956277,29/05/2011,12,,,,,,,,
4,306,3,32.39808482689212,35.51593881943356,29/05/2011,12,,,,,,,,
4,307,3,32.39802487923972,35.51604075591812,29/05/2011,12,,,,,,,,
4,308,3,32.39795108283477,35.51612723299869,29/05/2011,12,,,,,,,,
4,309,3,32.39788202220333,35.51623126363398,29/05/2011,12,,,,,,,,
4,310,3,32.39781920058562,35.51632840688698,29/05/2011,12,,,,,,,,
4,311,3,32.397751899664634,35.516413630429916,29/05/2011,12,,,,,,,,
4,312,1,32.402697009302386,35.512704324373914,29/05/2011,12,,,,,,,,
4,313,1,32.40277082830173,35.51260763594157,29/05/2011,12,,,,,,,,
4,314,1,32.40287575955062,35.51247321263478,29/05/2011,12,,,,,,,,
4,315,1,32.40295800059426,35.51232489385118,29/05/2011,12,,,,,,,,
4,316,1,32.403039612420876,35.512212606141794,29/05/2011,12,,,,,,,,
4,317,1,32.40309717794137,35.51212479046078,29/05/2011,12,,,,,,,,
4,318,1,32.40317112818107,35.51201109459958,29/05/2011,12,,,,,,,,
4,319,1,32.40325012183281,35.511899966699076,29/05/2011,12,,,,,,,,
4,320,1,32.40333228028757,35.51178523534129,29/05/2011,12,,,,,,,,
4,321,1,32.40340393440939,35.51168853815047,29/05/2011,12,,,,,,,,
4,322,1,32.403479345950444,35.51156708703852,29/05/2011,12,,,,,,,,
4,323,1,32.40354775675255,35.51146910301031,29/05/2011,12,,,,,,,,
4,324,1,32.403620336189405,35.51136262941179,29/05/2011,12,,,,,,,,
4,325,1,32.403698616678255,35.511247883980374,29/05/2011,12,,,,,,,,
4,326,1,32.403777897771384,35.51112952772793,29/05/2011,12,,,,,,,,
4,327,1,32.40385743531112,35.511016912033625,29/05/2011,12,,,,,,,,
4,328,1,32.403930374803835,35.510910545221115,29/05/2011,12,,,,,,,,
4,329,1,32.404006667179964,35.51079738671042,29/05/2011,12,,,,,,,,
4,330,1,32.40408375887873,35.510689226558355,29/05/2011,12,,,,,,,,
4,331,1,32.4041561627332,35.51058051892413,29/05/2011,12,,,,,,,,
4,332,1,32.40371631665352,35.51001259212704,29/05/2011,12,,,,,,,,
4,333,1,32.403643560066044,35.510118215973236,29/05/2011,12,,,,,,,,
4,334,1,32.40356708665711,35.510231905467805,29/05/2011,12,,,,,,,,
4,335,1,32.40349773714285,35.51034551250542,29/05/2011,12,,,,,,,,
4,336,1,32.403426080948186,35.51044348638167,29/05/2011,12,,,,,,,,
4,337,1,32.40335531299035,35.51054699037994,29/05/2011,12,,,,,,,,
4,338,1,32.40328237483326,35.510652931645446,29/05/2011,12,,,,,,,,
4,339,1,32.40321722952402,35.51074327389274,29/05/2011,12,,,,,,,,
4,340,1,32.403145440718994,35.51085857255703,29/05/2011,12,,,,,,,,
4,341,1,32.40306781842811,35.5109623716261,29/05/2011,12,,,,,,,,
4,342,1,32.40299830730713,35.51106800492816,29/05/2011,12,,,,,,,,
4,343,1,32.40292464188849,35.511176175057955,29/05/2011,12,,,,,,,,
4,344,1,32.40285015782389,35.511287212159594,29/05/2011,12,,,,,,,,
4,345,1,32.40276980381324,35.51140173688556,29/05/2011,12,,,,,,,,
4,346,1,32.402696583798196,35.511512033840894,29/05/2011,12,,,,,,,,
4,347,1,32.40262291825838,35.51162009695704,29/05/2011,12,,,,,,,,
4,348,1,32.40254690784519,35.51172825824592,29/05/2011,12,,,,,,,,
4,349,1,32.40246446776669,35.511847558302975,29/05/2011,12,,,,,,,,
4,350,1,32.40239269196063,35.51195711537517,29/05/2011,12,,,,,,,,
4,351,1,32.4023251840723,35.51205446309974,29/05/2011,12,,,,,,,,
4,352,1,32.4022600190734,35.512152456383454,29/05/2011,12,,,,,,,,
4,353,1,32.4021890761177,35.51225319352079,29/05/2011,12,,,,,,,,
4,354,1,32.40183398085586,35.511952563736166,29/05/2011,12,,,,,,,,
4,355,1,32.40190944730893,35.51184567714314,29/05/2011,12,,,,,,,,
4,356,1,32.40198637304248,35.511731992614834,29/05/2011,12,,,,,,,,
4,357,1,32.40205706060927,35.51162487688866,29/05/2011,12,,,,,,,,
4,358,1,32.40212872704783,35.51152307892883,29/05/2011,12,,,,,,,,
4,359,1,32.402203298389104,35.5114133187051,29/05/2011,12,,,,,,,,
4,360,1,32.4022746202679,35.511304822817415,29/05/2011,12,,,,,,,,
4,361,1,32.40234736543058,35.51120430352094,29/05/2011,12,,,,,,,,
4,362,1,32.40241761228515,35.511092827465646,29/05/2011,12,,,,,,,,
4,363,1,32.4024867425652,35.5109954844067,29/05/2011,12,,,,,,,,
4,364,1,32.40255632984353,35.510895591714366,29/05/2011,12,,,,,,,,
4,365,1,32.40262149386952,35.51079759720118,29/05/2011,12,,,,,,,,
4,366,1,32.402692174702715,35.5106929247143,29/05/2011,12,,,,,,,,
4,367,1,32.402776587965576,35.51057756281124,29/05/2011,12,,,,,,,,
4,368,1,32.40283850238608,35.510480832384964,29/05/2011,12,,,,,,,,
4,369,1,32.40291398617285,35.510366290324846,29/05/2011,12,,,,,,,,
4,370,1,32.40298926319687,35.51026258930331,29/05/2011,12,,,,,,,,
4,371,1,32.40305768846511,35.51015822725258,29/05/2011,12,,,,,,,,
4,372,1,32.403131631011746,35.51004697455438,29/05/2011,12,,,,,,,,
4,373,1,32.40321343199064,35.509930220874985,29/05/2011,12,,,,,,,,
4,374,1,32.403289911570084,35.509813874242475,29/05/2011,12,,,,,,,,
4,375,1,32.403362661725765,35.50971080159073,29/05/2011,12,,,,,,,,
4,376,1,32.40303875618883,35.50933757795375,29/05/2011,12,,,,,,,,
4,377,1,32.402970597487354,35.50944385478256,29/05/2011,12,,,,,,,,
4,378,1,32.402884853236785,35.50955071005128,29/05/2011,12,,,,,,,,
4,379,1,32.40280358952998,35.50966916615328,29/05/2011,12,,,,,,,,
4,380,1,32.402727759069606,35.50977818025019,29/05/2011,12,,,,,,,,
4,381,1,32.402664775464,35.50986980537583,29/05/2011,12,,,,,,,,
4,382,1,32.402604811060336,35.50998067956815,29/05/2011,12,,,,,,,,
4,383,1,32.402528829888276,35.51007736268644,29/05/2011,12,,,,,,,,
4,384,1,32.40245065661658,35.510185517872095,29/05/2011,12,,,,,,,,
4,385,1,32.40237480661982,35.51030239670551,29/05/2011,12,,,,,,,,
4,386,1,32.402302769369676,35.51040876523976,29/05/2011,12,,,,,,,,
4,387,1,32.40222999902108,35.51051991429385,29/05/2011,12,,,,,,,,
4,388,1,32.402151806775514,35.51063572173172,29/05/2011,12,,,,,,,,
4,389,1,32.402085963084545,35.51075369652103,29/05/2011,12,,,,,,,,
4,390,1,32.40201973871249,35.51084275835878,29/05/2011,12,,,,,,,,
4,391,1,32.401958689041514,35.510954584080764,29/05/2011,12,,,,,,,,
4,392,1,32.4018859471783,35.511053827656404,29/05/2011,12,,,,,,,,
4,393,1,32.40181610917017,35.51114553415956,29/05/2011,12,,,,,,,,
4,394,1,32.40174010536872,35.51125114390791,29/05/2011,12,,,,,,,,
4,395,1,32.4016582992825,35.51136948886493,29/05/2011,12,,,,,,,,
4,396,1,32.401583172948534,35.51148498634457,29/05/2011,12,,,,,,,,
4,397,1,32.40151365205963,35.511594443991314,29/05/2011,12,,,,,,,,
4,398,0,32.40122478003823,35.51135282218232,29/05/2011,12,,,,,,,,
4,399,1,32.40129239749226,35.51124729103942,29/05/2011,12,,,,,,,,
4,400,1,32.40135758352481,35.511140369728146,29/05/2011,12,,,,,,,,
4,401,1,32.40142346318823,35.51104482380449,29/05/2011,12,,,,,,,,
4,402,1,32.40149586942711,35.51093526930091,29/05/2011,12,,,,,,,,
4,403,1,32.4015653711401,35.51083346410684,29/05/2011,12,,,,,,,,
4,404,1,32.40164219210173,35.5107254122567,29/05/2011,12,,,,,,,,
4,405,0,32.401703596843625,35.51061582009606,29/05/2011,12,,,,,,,,
4,406,1,32.401792830126425,35.510520777406,29/05/2011,12,,,,,,,,
4,407,1,32.40185365622567,35.51042659532213,29/05/2011,12,,,,,,,,
4,408,1,32.40192048481804,35.51031138751173,29/05/2011,12,,,,,,,,
4,409,1,32.40199759158646,35.51019685193395,29/05/2011,12,,,,,,,,
4,410,1,32.4020737024708,35.51008390719032,29/05/2011,12,,,,,,,,
4,411,1,32.40214887182727,35.50998732811698,29/05/2011,12,,,,,,,,
4,412,1,32.40222375538726,35.50989701917872,29/05/2011,12,,,,,,,,
4,413,1,32.40228615338445,35.50978657875773,29/05/2011,12,,,,,,,,
4,414,1,32.402350247854976,35.509683052916294,29/05/2011,12,,,,,,,,
4,415,0,32.40240583732173,35.50959129680573,29/05/2011,12,,,,,,,,
4,416,1,32.40246231894073,35.50950347641635,29/05/2011,12,,,,,,,,
4,417,1,32.4025231597154,35.50940291543326,29/05/2011,12,,,,,,,,
4,418,1,32.40258896743349,35.50929928851587,29/05/2011,12,,,,,,,,
4,419,1,32.4026525882711,35.50920500788429,29/05/2011,12,,,,,,,,
4,420,1,32.40271447388979,35.50911975620311,29/05/2011,12,,,,,,,,
5,1,3,32.399223571878146,35.51782255636552,06/06/2011,4,,,,,,,,
5,2,3,32.39928332766658,35.517725827225085,06/06/2011,4,,,,,,,,
5,3,3,32.399358886530855,35.51762001165733,06/06/2011,4,,,,,,,,
5,4,3,32.39942404943012,35.517524576372416,06/06/2011,4,,,,,,,,
5,5,3,32.39948865801496,35.5174344535009,06/06/2011,4,,,,,,,,
5,6,3,32.399551647099784,35.51734283686371,06/06/2011,4,,,,,,,,
5,7,3,32.39962343601442,35.517229886272546,06/06/2011,4,,,,,,,,
5,8,3,32.399697376343575,35.517122044815196,06/06/2011,4,,,,,,,,
5,9,2,32.39977122403411,35.51701515946924,06/06/2011,4,,,,,,,,
5,10,2,32.39985548775139,35.516889709134205,06/06/2011,4,,,,,,,,
5,11,2,32.39992490987462,35.516785571707786,06/06/2011,4,,,,,,,,
5,12,2,32.39999765623247,35.51668633489893,06/06/2011,4,,,,,,,,
5,13,3,32.4000644581427,35.516584207645764,06/06/2011,4,,,,,,,,
5,14,3,32.40012744976925,35.51649131436551,06/06/2011,4,,,,,,,,
5,15,3,32.40019359820354,35.51639811294306,06/06/2011,4,,,,,,,,
5,16,3,32.40026705644221,35.51630259813375,06/06/2011,4,,,,,,,,
5,17,3,32.40032353325207,35.51621861043856,06/06/2011,4,,,,,,,,
5,18,3,32.40038527321605,35.51612124814478,06/06/2011,4,,,,,,,,
5,19,3,32.400452605463975,35.51602326718653,06/06/2011,4,,,,,,,,
5,20,3,32.40052066717127,35.51592199358304,06/06/2011,4,,,,,,,,
5,21,3,32.40058911181594,35.51581168644466,06/06/2011,4,,,,,,,,
5,22,3,32.40066078162255,35.51570989345888,06/06/2011,4,,,,,,,,
5,23,3,32.400729381760044,35.51560957785159,06/06/2011,4,,,,,,,,
5,24,3,32.400797698702526,35.515514363080065,06/06/2011,4,,,,,,,,
5,25,3,32.400870444061546,35.515415124294414,06/06/2011,4,,,,,,,,
5,26,3,32.40093661477573,35.515312567795505,06/06/2011,4,,,,,,,,
5,27,3,32.40099637807924,35.51521200872316,06/06/2011,4,,,,,,,,
5,28,3,32.40106586881703,35.51511605335482,06/06/2011,4,,,,,,,,
5,29,3,32.40112885936405,35.51502315802628,06/06/2011,4,,,,,,,,
5,30,3,32.40119068046265,35.51492908936151,06/06/2011,4,,,,,,,,
5,31,3,32.40128151485607,35.51480769668234,06/06/2011,4,,,,,,,,
5,32,3,32.401351057362554,35.51469058888003,06/06/2011,4,,,,,,,,
5,33,3,32.40141442189547,35.5145921670833,06/06/2011,4,,,,,,,,
5,34,3,32.4014893463942,35.51448655683594,06/06/2011,4,,,,,,,,
5,35,3,32.4015615739529,35.51437753586362,06/06/2011,4,,,,,,,,
5,36,3,32.401631600134756,35.5142836006317,06/06/2011,4,,,,,,,,
5,37,3,32.40169785514063,35.51418306228017,06/06/2011,4,,,,,,,,
5,38,3,32.40176202431403,35.514087299798206,06/06/2011,4,,,,,,,,
5,39,3,32.40182826036507,35.51399441411945,06/06/2011,4,,,,,,,,
5,40,3,32.40188184224475,35.513913602426925,06/06/2011,4,,,,,,,,
5,41,2,32.401982285235476,35.513771407308184,06/06/2011,4,,,,,,,,
5,42,1,32.40205008426626,35.51366619659787,06/06/2011,4,,,,,,,,
5,43,1,32.402101108211234,35.513598768630075,06/06/2011,4,,,,,,,,
5,44,1,32.402165185985716,35.513503323875014,06/06/2011,4,,,,,,,,
5,45,1,32.402233049167805,35.513408635927874,06/06/2011,4,,,,,,,,
5,46,1,32.40230039181663,35.51330554895292,06/06/2011,4,,,,,,,,
5,47,1,32.40236816910398,35.51320905344918,06/06/2011,4,,,,,,,,
5,48,1,32.40243805520419,35.513098321751436,06/06/2011,4,,,,,,,,
5,49,1,32.40250863136788,35.513000347369136,06/06/2011,4,,,,,,,,
5,50,1,32.40257008089806,35.5129101011756,06/06/2011,4,,,,,,,,
5,51,1,32.40263740753397,35.51281339097147,06/06/2011,4,,,,,,,,
5,52,1,32.402457116121575,35.51264228438089,06/06/2011,4,,,,,,,,
5,53,1,32.40239195690968,35.512737726376926,06/06/2011,4,,,,,,,,
5,54,1,32.40232922633837,35.512835621223914,06/06/2011,4,,,,,,,,
5,55,1,32.402269477935164,35.51293086876532,06/06/2011,4,,,,,,,,
5,56,1,32.402202166824885,35.51302120099697,06/06/2011,4,,,,,,,,
5,57,1,32.402133916419174,35.513126836000865,06/06/2011,4,,,,,,,,
5,58,1,32.402066570789664,35.51323119841855,06/06/2011,4,,,,,,,,
5,59,1,32.401999257901366,35.51332216797274,06/06/2011,4,,,,,,,,
5,60,1,32.401938684275045,35.51342283293565,06/06/2011,4,,,,,,,,
5,61,1,32.401870290725974,35.51351316078447,06/06/2011,4,,,,,,,,
5,62,1,32.401805027122045,35.513614128365525,06/06/2011,4,,,,,,,,
5,63,2,32.401725122134614,35.513728544947064,06/06/2011,4,,,,,,,,
5,64,3,32.40166402332018,35.51382261744947,06/06/2011,4,,,,,,,,
5,65,3,32.401610828816715,35.513892588564744,06/06/2011,4,,,,,,,,
5,66,3,32.401538087785774,35.51399055389705,06/06/2011,4,,,,,,,,
5,67,3,32.401473446921194,35.5140948179307,06/06/2011,4,,,,,,,,
5,68,3,32.401404570670856,35.514197898144346,06/06/2011,4,,,,,,,,
5,69,3,32.40133508507214,35.514292047638754,06/06/2011,4,,,,,,,,
5,70,3,32.401268552398165,35.51439545442833,06/06/2011,4,,,,,,,,
5,71,3,32.401205189586584,35.514493238464034,06/06/2011,4,,,,,,,,
5,72,3,32.40114112048037,35.51458485505767,06/06/2011,4,,,,,,,,
5,73,3,32.40107705418601,35.514675302329074,06/06/2011,4,,,,,,,,
5,74,3,32.40100103173587,35.51478728564875,06/06/2011,4,,,,,,,,
5,75,3,32.40093993841719,35.51487880572265,06/06/2011,4,,,,,,,,
5,76,3,32.400879030356315,35.5149683067804,06/06/2011,4,,,,,,,,
5,77,3,32.40081604299241,35.515059926413834,06/06/2011,4,,,,,,,,
5,78,3,32.40075655950334,35.51515676617011,06/06/2011,4,,,,,,,,
5,79,3,32.400685994248654,35.51524963507028,06/06/2011,4,,,,,,,,
5,80,3,32.40062145222171,35.51534996481379,06/06/2011,4,,,,,,,,
5,81,3,32.400555932891564,35.51544433879424,06/06/2011,4,,,,,,,,
5,82,3,32.40049619144317,35.51553596890379,06/06/2011,4,,,,,,,,
5,83,3,32.40043446610233,35.515627592086304,06/06/2011,4,,,,,,,,
5,84,3,32.40036715936399,35.515715369539095,06/06/2011,4,,,,,,,,
5,85,3,32.400301177598756,35.51581431188335,06/06/2011,4,,,,,,,,
5,86,3,32.400238719631446,35.515910396350115,06/06/2011,4,,,,,,,,
5,87,3,32.40017138431651,35.51600965263323,06/06/2011,4,,,,,,,,
5,88,3,32.400104859700136,35.51610923042462,06/06/2011,4,,,,,,,,
5,89,3,32.400032647738136,35.51621133947939,06/06/2011,4,,,,,,,,
5,90,3,32.39996748267341,35.51630805181977,06/06/2011,4,,,,,,,,
5,91,3,32.39990519573258,35.516407750033096,06/06/2011,4,,,,,,,,
5,92,3,32.39983896422228,35.516498081046834,06/06/2011,4,,,,,,,,
5,93,3,32.39977578697647,35.51659309918198,06/06/2011,4,,,,,,,,
5,94,3,32.399713700700055,35.516684507096315,06/06/2011,4,,,,,,,,
5,95,3,32.39963225655035,35.516800294799395,06/06/2011,4,,,,,,,,
5,96,3,32.399570986169095,35.51688989831867,06/06/2011,4,,,,,,,,
5,97,3,32.39950800057477,35.516980239832016,06/06/2011,4,,,,,,,,
5,98,3,32.39944987586951,35.517073999228444,06/06/2011,4,,,,,,,,
5,99,3,32.3993819042029,35.51717495221735,06/06/2011,4,,,,,,,,
5,100,3,32.39931243221515,35.51726272003753,06/06/2011,4,,,,,,,,
5,101,3,32.39925936548451,35.51735309525152,06/06/2011,4,,,,,,,,
5,102,3,32.39920290059047,35.517431979429524,06/06/2011,4,,,,,,,,
5,103,3,32.39913339304071,35.517533989462656,06/06/2011,4,,,,,,,,
5,104,3,32.399068426593516,35.517622941500115,06/06/2011,4,,,,,,,,
5,105,3,32.39901086359177,35.517708198874146,06/06/2011,4,,,,,,,,
5,106,3,32.39862591527882,35.517378545038426,06/06/2011,4,,,,,,,,
5,107,3,32.398688913825026,35.5172831028812,06/06/2011,4,,,,,,,,
5,108,3,32.39875821893447,35.51718991439162,06/06/2011,4,,,,,,,,
5,109,3,32.39882772568154,35.517088117087056,06/06/2011,4,,,,,,,,
5,110,3,32.398892160200994,35.516995336677915,06/06/2011,4,,,,,,,,
5,111,3,32.39896606681345,35.516864643715934,06/06/2011,4,,,,,,,,
5,112,3,32.399031222823616,35.516771759202115,06/06/2011,4,,,,,,,,
5,113,3,32.39909097939048,35.51667439183925,06/06/2011,4,,,,,,,,
5,114,3,32.399165728972,35.51656729736278,06/06/2011,4,,,,,,,,
5,115,3,32.399231979482536,35.51646931432572,06/06/2011,4,,,,,,,,
5,116,3,32.39930569304251,35.516379966223234,06/06/2011,4,,,,,,,,
5,117,3,32.39938021997998,35.51625341957268,06/06/2011,4,,,,,,,,
5,118,3,32.399450811214315,35.516150349108905,06/06/2011,4,,,,,,,,
5,119,3,32.399521409460434,35.516044408697546,06/06/2011,4,,,,,,,,
5,120,3,32.39959515792507,35.5159408173062,06/06/2011,4,,,,,,,,
5,121,3,32.39966684359775,35.515832648217334,06/06/2011,4,,,,,,,,
5,122,3,32.39973145570516,35.515740610695,06/06/2011,4,,,,,,,,
5,123,3,32.399796620337874,35.51564389819348,06/06/2011,4,,,,,,,,
5,124,3,32.3998694226529,35.51555815958999,06/06/2011,4,,,,,,,,
5,125,3,32.399930296570794,35.51544612636834,06/06/2011,4,,,,,,,,
5,126,3,32.400002511588156,35.51534252876798,06/06/2011,4,,,,,,,,
5,127,3,32.40006551174205,35.51524580827494,06/06/2011,4,,,,,,,,
5,128,3,32.40012769134672,35.51515269869751,06/06/2011,4,,,,,,,,
5,129,3,32.40019284295431,35.515061087231494,06/06/2011,4,,,,,,,,
5,130,3,32.40025872426772,35.51496607684647,06/06/2011,4,,,,,,,,
5,131,3,32.40032417296755,35.514863624525155,06/06/2011,4,,,,,,,,
5,132,3,32.40039256748561,35.51477329923243,06/06/2011,4,,,,,,,,
5,133,3,32.4004502411861,35.514678898098914,06/06/2011,4,,,,,,,,
5,134,3,32.400522293274925,35.51456796469364,06/06/2011,4,,,,,,,,
5,135,3,32.40058637492295,35.514471246805144,06/06/2011,4,,,,,,,,
5,136,3,32.400639592493434,35.514392029610406,06/06/2011,4,,,,,,,,
5,137,3,32.40072863099886,35.5142673359764,06/06/2011,4,,,,,,,,
5,138,3,32.40079522317952,35.514176365932194,06/06/2011,4,,,,,,,,
5,139,3,32.40086147183566,35.51407837938325,06/06/2011,4,,,,,,,,
5,140,3,32.40093277302697,35.51397924073341,06/06/2011,4,,,,,,,,
5,141,3,32.40099904032154,35.513873601000114,06/06/2011,4,,,,,,,,
5,142,3,32.40106780317624,35.513779874229755,06/06/2011,4,,,,,,,,
5,143,3,32.40113729778581,35.51368189816385,06/06/2011,4,,,,,,,,
5,144,3,32.4012084253581,35.51357988844444,06/06/2011,4,,,,,,,,
5,145,3,32.4012735852087,35.513484448296836,06/06/2011,4,,,,,,,,
5,146,1,32.40141495514444,35.51327351611791,06/06/2011,4,,,,,,,,
5,147,1,32.40148337039905,35.513174260115946,06/06/2011,4,,,,,,,,
5,148,1,32.40155251607805,35.51307128624026,06/06/2011,4,,,,,,,,
5,149,1,32.401618397195946,35.51297574152719,06/06/2011,4,,,,,,,,
5,150,1,32.40167160992606,35.51289811691533,06/06/2011,4,,,,,,,,
5,151,1,32.40174517442196,35.51279494505455,06/06/2011,4,,,,,,,,
5,152,1,32.40181358930048,35.51269568832921,06/06/2011,4,,,,,,,,
5,153,1,32.40188417217371,35.512594844438745,06/06/2011,4,,,,,,,,
5,154,1,32.40195252504221,35.51248400135316,06/06/2011,4,,,,,,,,
5,155,1,32.40202309138278,35.51238985349949,06/06/2011,4,,,,,,,,
5,156,1,32.40209024896101,35.512288359758095,06/06/2011,4,,,,,,,,
5,157,1,32.401744658182494,35.511935998225304,06/06/2011,4,,,,,,,,
5,158,1,32.401679518178916,35.51202378703777,06/06/2011,4,,,,,,,,
5,159,1,32.40159960164958,35.512143519418984,06/06/2011,4,,,,,,,,
5,160,1,32.40154639872675,35.51221731794681,06/06/2011,4,,,,,,,,
5,161,1,32.40148230945381,35.512317864926665,06/06/2011,4,,,,,,,,
5,162,1,32.401408284604074,35.51242507439429,06/06/2011,4,,,,,,,,
5,163,1,32.40133497975544,35.512532817589914,06/06/2011,4,,,,,,,,
5,164,1,32.40127197543782,35.5126320923026,06/06/2011,4,,,,,,,,
5,165,1,32.4011988666223,35.51273335206686,06/06/2011,4,,,,,,,,
5,166,1,32.401136682296055,35.512829121669284,06/06/2011,4,,,,,,,,
5,167,1,32.40107478481062,35.51291819577407,06/06/2011,4,,,,,,,,
5,168,2,32.40101313514144,35.51301651792337,06/06/2011,4,,,,,,,,
5,169,3,32.40094797876624,35.513110682656375,06/06/2011,4,,,,,,,,
5,170,3,32.400881468930685,35.51320516151952,06/06/2011,4,,,,,,,,
5,171,3,32.400812597569626,35.51330654110683,06/06/2011,4,,,,,,,,
5,172,3,32.40074238185725,35.51340451465686,06/06/2011,4,,,,,,,,
5,173,3,32.40066962555847,35.513508856838335,06/06/2011,4,,,,,,,,
5,174,3,32.40060058716535,35.513604708278805,06/06/2011,4,,,,,,,,
5,175,3,32.40053757887542,35.513705256915905,06/06/2011,4,,,,,,,,
5,176,3,32.400468808506716,35.51380206559545,06/06/2011,4,,,,,,,,
5,177,3,32.400407445897734,35.513893372303194,06/06/2011,4,,,,,,,,
5,178,3,32.40032382759343,35.51401425791749,06/06/2011,4,,,,,,,,
5,179,3,32.400255943055996,35.51411744656971,06/06/2011,4,,,,,,,,
5,180,3,32.40018671261851,35.514217866928455,06/06/2011,4,,,,,,,,
5,181,3,32.4001215647563,35.51430820352962,06/06/2011,4,,,,,,,,
5,182,3,32.400062286238686,35.51439526506946,06/06/2011,4,,,,,,,,
5,183,3,32.39998742740083,35.51451086521258,06/06/2011,4,,,,,,,,
5,184,3,32.399919023650305,35.51460501670383,06/06/2011,4,,,,,,,,
5,185,3,32.39986807756219,35.51467722579505,06/06/2011,4,,,,,,,,
5,186,3,32.39981049455871,35.514771414057954,06/06/2011,4,,,,,,,,
5,187,3,32.39973674076664,35.51487755758062,06/06/2011,4,,,,,,,,
5,188,3,32.39966452062788,35.51498338731292,06/06/2011,4,,,,,,,,
5,189,3,32.399597186036445,35.515082643665714,06/06/2011,4,,,,,,,,
5,190,3,32.39952822063601,35.515184976674696,06/06/2011,4,,,,,,,,
5,191,3,32.39946197426528,35.51528168551622,06/06/2011,4,,,,,,,,
5,192,3,32.3994018845604,35.51536831784989,06/06/2011,4,,,,,,,,
5,193,3,32.39931953016534,35.51548803591965,06/06/2011,4,,,,,,,,
5,194,3,32.39924892372333,35.51559748404054,06/06/2011,4,,,,,,,,
5,195,3,32.39918232815394,35.51568940808395,06/06/2011,4,,,,,,,,
5,196,3,32.39911398875289,35.51579365551151,06/06/2011,4,,,,,,,,
5,197,3,32.39904124308921,35.51589289208164,06/06/2011,4,,,,,,,,
5,198,3,32.398973908046,35.515992040787516,06/06/2011,4,,,,,,,,
5,199,3,32.398886111868975,35.51612417479081,06/06/2011,4,,,,,,,,
5,200,3,32.39881081819837,35.516232649186215,06/06/2011,4,,,,,,,,
5,201,3,32.39874023005096,35.516334443412646,06/06/2011,4,,,,,,,,
5,202,3,32.39866566311708,35.51644068790451,06/06/2011,4,,,,,,,,
5,203,3,32.39858782456246,35.51655712463346,06/06/2011,4,,,,,,,,
5,204,3,32.398512892005776,35.516665280691655,06/06/2011,4,,,,,,,,
5,205,3,32.39844374471216,35.51676771693662,06/06/2011,4,,,,,,,,
5,206,3,32.39837477979135,35.51686930334993,06/06/2011,4,,,,,,,,
5,207,3,32.398306374282775,35.516963451384555,06/06/2011,4,,,,,,,,
5,208,3,32.39789507600703,35.51671342814941,06/06/2011,4,,,,,,,,
5,209,3,32.39796023822947,35.51661799373827,06/06/2011,4,,,,,,,,
5,210,3,32.39802422996105,35.51652181115033,06/06/2011,4,,,,,,,,
5,211,3,32.39809262567065,35.51643148939303,06/06/2011,4,,,,,,,,
5,212,3,32.39815617375571,35.51633232895205,06/06/2011,4,,,,,,,,
5,213,3,32.398230855755074,35.516215988018736,06/06/2011,4,,,,,,,,
5,214,3,32.39830362086393,35.51610899364142,06/06/2011,4,,,,,,,,
5,215,3,32.398357914456845,35.516032652865185,06/06/2011,4,,,,,,,,
5,216,3,32.39842416770978,35.51593339485612,06/06/2011,4,,,,,,,,
5,217,3,32.39848777957785,35.51584475644446,06/06/2011,4,,,,,,,,
5,218,3,32.39855186220749,35.51574804162305,06/06/2011,4,,,,,,,,
5,219,3,32.398613836378296,35.515665243191464,06/06/2011,4,,,,,,,,
5,220,3,32.398675738951894,35.51557489793065,06/06/2011,4,,,,,,,,
5,221,3,32.398739846557696,35.515467979118085,06/06/2011,4,,,,,,,,
5,222,3,32.39881549056776,35.51536343804372,06/06/2011,4,,,,,,,,
5,223,3,32.398892144754214,35.51525146005639,06/06/2011,4,,,,,,,,
5,224,3,32.39896383298599,35.51514201579812,06/06/2011,4,,,,,,,,
5,225,3,32.39903441912722,35.5150406455376,06/06/2011,4,,,,,,,,
5,226,3,32.39910212223993,35.51493820236246,06/06/2011,4,,,,,,,,
5,227,3,32.399171627177566,35.5148364029335,06/06/2011,4,,,,,,,,
5,228,3,32.39924347838736,35.51473386735181,06/06/2011,4,,,,,,,,
5,229,3,32.3993140746656,35.514628244933256,06/06/2011,4,,,,,,,,
5,230,3,32.39938899240479,35.51452540064131,06/06/2011,4,,,,,,,,
5,231,3,32.39945914208349,35.51441796944787,06/06/2011,4,,,,,,,,
5,232,3,32.39952756451466,35.51431616552179,06/06/2011,4,,,,,,,,
5,233,3,32.39960891491626,35.514200906836585,06/06/2011,4,,,,,,,,
5,234,3,32.39968821158216,35.51407735035199,06/06/2011,4,,,,,,,,
5,235,3,32.39976423654374,35.51396409257876,06/06/2011,4,,,,,,,,
5,236,3,32.39983237347297,35.513868239216286,06/06/2011,4,,,,,,,,
5,237,3,32.39989860937176,35.51377535534011,06/06/2011,4,,,,,,,,
5,238,3,32.3999609598985,35.513685646776935,06/06/2011,4,,,,,,,,
5,239,3,32.40003028843284,35.5135818253154,06/06/2011,4,,,,,,,,
5,240,3,32.40009761559176,35.51348511830595,06/06/2011,4,,,,,,,,
5,241,3,32.400164683619934,35.51338373350717,06/06/2011,4,,,,,,,,
5,242,3,32.40022549309686,35.51329720786883,06/06/2011,4,,,,,,,,
5,243,3,32.40029391436445,35.513195508523964,06/06/2011,4,,,,,,,,
5,244,3,32.400367026677245,35.5130929746662,06/06/2011,4,,,,,,,,
5,245,3,32.400426756990825,35.513005169484295,06/06/2011,4,,,,,,,,
5,246,3,32.40049643135249,35.51290719412133,06/06/2011,4,,,,,,,,
5,247,3,32.400558353801046,35.51280791676694,06/06/2011,4,,,,,,,,
5,248,2,32.400621339798406,35.51271618952494,06/06/2011,4,,,,,,,,
5,249,1,32.40069997416508,35.51260474525375,06/06/2011,4,,,,,,,,
5,250,1,32.4007716569862,35.512496572194344,06/06/2011,4,,,,,,,,
5,251,1,32.400838263740944,35.512399117107485,06/06/2011,4,,,,,,,,
5,252,1,32.40090342581998,35.51230240101062,06/06/2011,4,,,,,,,,
5,253,1,32.40097075485471,35.51220452292639,06/06/2011,4,,,,,,,,
5,254,1,32.40102831103406,35.512120535679514,06/06/2011,4,,,,,,,,
5,255,1,32.4010951890582,35.512022655796166,06/06/2011,4,,,,,,,,
5,256,1,32.40116451311371,35.511920107245736,06/06/2011,4,,,,,,,,
5,257,1,32.4012307506909,35.511825945093776,06/06/2011,4,,,,,,,,
5,258,1,32.40129977840602,35.51173391808545,06/06/2011,4,,,,,,,,
5,259,1,32.40135410355767,35.51164354180336,06/06/2011,4,,,,,,,,
5,260,1,32.40118148446558,35.511394660732414,06/06/2011,4,,,,,,,,
5,261,1,32.401120204444105,35.51148979655356,06/06/2011,4,,,,,,,,
5,262,1,32.4010583265512,35.5115712186661,06/06/2011,4,,,,,,,,
5,263,1,32.400987742156346,35.5116730190588,06/06/2011,4,,,,,,,,
5,264,1,32.40093287567989,35.51176349941679,06/06/2011,4,,,,,,,,
5,265,1,32.40086987948306,35.51185969182046,06/06/2011,4,,,,,,,,
5,266,1,32.40080256912921,35.511950023468444,06/06/2011,4,,,,,,,,
5,267,1,32.400731616209235,35.5120549044612,06/06/2011,4,,,,,,,,
5,268,1,32.40067079564387,35.51214632074979,06/06/2011,4,,,,,,,,
5,269,1,32.40060020143934,35.51225194668816,06/06/2011,4,,,,,,,,
5,270,1,32.40053712949926,35.512342079583505,06/06/2011,4,,,,,,,,
5,271,3,32.40043024859881,35.51249945170265,06/06/2011,4,,,,,,,,
5,272,3,32.40037377815194,35.51258184749099,06/06/2011,4,,,,,,,,
5,273,3,32.400308631455964,35.512672185462165,06/06/2011,4,,,,,,,,
5,274,3,32.400248604586025,35.51277072505033,06/06/2011,4,,,,,,,,
5,275,3,32.40018119820396,35.512863180879634,06/06/2011,4,,,,,,,,
5,276,3,32.40011386839726,35.51296116391285,06/06/2011,4,,,,,,,,
5,277,3,32.40005276988672,35.51305534156431,06/06/2011,4,,,,,,,,
5,278,3,32.39998218742025,35.51315586420257,06/06/2011,4,,,,,,,,
5,279,3,32.399916487289225,35.51325108881768,06/06/2011,4,,,,,,,,
5,280,3,32.39985194684187,35.51335141915021,06/06/2011,4,,,,,,,,
5,281,3,32.39978679646804,35.513443031512494,06/06/2011,4,,,,,,,,
5,282,3,32.39971185823074,35.51355459282353,06/06/2011,4,,,,,,,,
5,283,3,32.39963801397899,35.51366126836488,06/06/2011,4,,,,,,,,
5,284,3,32.39957503068545,35.513751612205965,06/06/2011,4,,,,,,,,
5,285,3,32.3995077799252,35.51385384576706,06/06/2011,4,,,,,,,,
5,286,3,32.399437910383405,35.513957558289704,06/06/2011,4,,,,,,,,
5,287,3,32.39937601209867,35.51404662995955,06/06/2011,4,,,,,,,,
5,288,3,32.399310745448766,35.514148657274006,06/06/2011,4,,,,,,,,
5,289,3,32.39923346859846,35.51425755220475,06/06/2011,4,,,,,,,,
5,290,3,32.39916612830042,35.51435935954439,06/06/2011,4,,,,,,,,
5,291,3,32.39910549164461,35.51444864756282,06/06/2011,4,,,,,,,,
5,292,3,32.39904250151108,35.514541541233854,06/06/2011,4,,,,,,,,
5,293,3,32.39897607240356,35.51463941858352,06/06/2011,4,,,,,,,,
5,294,3,32.39891307611072,35.51473475660641,06/06/2011,4,,,,,,,,
5,295,3,32.39884141650328,35.51483272206563,06/06/2011,4,,,,,,,,
5,296,3,32.39878510341041,35.51492383115056,06/06/2011,4,,,,,,,,
5,297,3,32.39871995818256,35.51501289040358,06/06/2011,4,,,,,,,,
5,298,3,32.39865540926178,35.51511608791451,06/06/2011,4,,,,,,,,
5,299,3,32.39858330032357,35.515213307237595,06/06/2011,4,,,,,,,,
5,300,3,32.39850945100047,35.51532146811875,06/06/2011,4,,,,,,,,
5,301,3,32.39843352784642,35.51542951542597,06/06/2011,4,,,,,,,,
5,302,3,32.3983566844943,35.51554499955272,06/06/2011,4,,,,,,,,
5,303,3,32.39829152938006,35.515637884268855,06/06/2011,4,,,,,,,,
5,304,3,32.39822710162729,35.51572832672845,06/06/2011,4,,,,,,,,
5,305,3,32.3981586767438,35.51583065956277,06/06/2011,4,,,,,,,,
5,306,3,32.39808482689212,35.51593881943356,06/06/2011,4,,,,,,,,
5,307,3,32.39802487923972,35.51604075591812,06/06/2011,4,,,,,,,,
5,308,3,32.39795108283477,35.51612723299869,06/06/2011,4,,,,,,,,
5,309,3,32.39788202220333,35.51623126363398,06/06/2011,4,,,,,,,,
5,310,3,32.39781920058562,35.51632840688698,06/06/2011,4,,,,,,,,
5,311,3,32.397751899664634,35.516413630429916,06/06/2011,4,,,,,,,,
5,312,1,32.402697009302386,35.512704324373914,06/06/2011,4,,,,,,,,
5,313,1,32.40277082830173,35.51260763594157,06/06/2011,4,,,,,,,,
5,314,1,32.40287575955062,35.51247321263478,06/06/2011,4,,,,,,,,
5,315,1,32.40295800059426,35.51232489385118,06/06/2011,4,,,,,,,,
5,316,1,32.403039612420876,35.512212606141794,06/06/2011,4,,,,,,,,
5,317,1,32.40309717794137,35.51212479046078,06/06/2011,4,,,,,,,,
5,318,1,32.40317112818107,35.51201109459958,06/06/2011,4,,,,,,,,
5,319,1,32.40325012183281,35.511899966699076,06/06/2011,4,,,,,,,,
5,320,1,32.40333228028757,35.51178523534129,06/06/2011,4,,,,,,,,
5,321,1,32.40340393440939,35.51168853815047,06/06/2011,4,,,,,,,,
5,322,1,32.403479345950444,35.51156708703852,06/06/2011,4,,,,,,,,
5,323,1,32.40354775675255,35.51146910301031,06/06/2011,4,,,,,,,,
5,324,1,32.403620336189405,35.51136262941179,06/06/2011,4,,,,,,,,
5,325,1,32.403698616678255,35.511247883980374,06/06/2011,4,,,,,,,,
5,326,1,32.403777897771384,35.51112952772793,06/06/2011,4,,,,,,,,
5,327,1,32.40385743531112,35.511016912033625,06/06/2011,4,,,,,,,,
5,328,1,32.403930374803835,35.510910545221115,06/06/2011,4,,,,,,,,
5,329,1,32.404006667179964,35.51079738671042,06/06/2011,4,,,,,,,,
5,330,1,32.40408375887873,35.510689226558355,06/06/2011,4,,,,,,,,
5,331,1,32.4041561627332,35.51058051892413,06/06/2011,4,,,,,,,,
5,332,1,32.40371631665352,35.51001259212704,06/06/2011,4,,,,,,,,
5,333,1,32.403643560066044,35.510118215973236,06/06/2011,4,,,,,,,,
5,334,1,32.40356708665711,35.510231905467805,06/06/2011,4,,,,,,,,
5,335,1,32.40349773714285,35.51034551250542,06/06/2011,4,,,,,,,,
5,336,1,32.403426080948186,35.51044348638167,06/06/2011,4,,,,,,,,
5,337,1,32.40335531299035,35.51054699037994,06/06/2011,4,,,,,,,,
5,338,1,32.40328237483326,35.510652931645446,06/06/2011,4,,,,,,,,
5,339,1,32.40321722952402,35.51074327389274,06/06/2011,4,,,,,,,,
5,340,1,32.403145440718994,35.51085857255703,06/06/2011,4,,,,,,,,
5,341,1,32.40306781842811,35.5109623716261,06/06/2011,4,,,,,,,,
5,342,1,32.40299830730713,35.51106800492816,06/06/2011,4,,,,,,,,
5,343,1,32.40292464188849,35.511176175057955,06/06/2011,4,,,,,,,,
5,344,1,32.40285015782389,35.511287212159594,06/06/2011,4,,,,,,,,
5,345,1,32.40276980381324,35.51140173688556,06/06/2011,4,,,,,,,,
5,346,1,32.402696583798196,35.511512033840894,06/06/2011,4,,,,,,,,
5,347,1,32.40262291825838,35.51162009695704,06/06/2011,4,,,,,,,,
5,348,1,32.40254690784519,35.51172825824592,06/06/2011,4,,,,,,,,
5,349,1,32.40246446776669,35.511847558302975,06/06/2011,4,,,,,,,,
5,350,1,32.40239269196063,35.51195711537517,06/06/2011,4,,,,,,,,
5,351,1,32.4023251840723,35.51205446309974,06/06/2011,4,,,,,,,,
5,352,1,32.4022600190734,35.512152456383454,06/06/2011,4,,,,,,,,
5,353,1,32.4021890761177,35.51225319352079,06/06/2011,4,,,,,,,,
5,354,1,32.40183398085586,35.511952563736166,06/06/2011,4,,,,,,,,
5,355,1,32.40190944730893,35.51184567714314,06/06/2011,4,,,,,,,,
5,356,1,32.40198637304248,35.511731992614834,06/06/2011,4,,,,,,,,
5,357,1,32.40205706060927,35.51162487688866,06/06/2011,4,,,,,,,,
5,358,1,32.40212872704783,35.51152307892883,06/06/2011,4,,,,,,,,
5,359,1,32.402203298389104,35.5114133187051,06/06/2011,4,,,,,,,,
5,360,1,32.4022746202679,35.511304822817415,06/06/2011,4,,,,,,,,
5,361,1,32.40234736543058,35.51120430352094,06/06/2011,4,,,,,,,,
5,362,1,32.40241761228515,35.511092827465646,06/06/2011,4,,,,,,,,
5,363,1,32.4024867425652,35.5109954844067,06/06/2011,4,,,,,,,,
5,364,1,32.40255632984353,35.510895591714366,06/06/2011,4,,,,,,,,
5,365,1,32.40262149386952,35.51079759720118,06/06/2011,4,,,,,,,,
5,366,1,32.402692174702715,35.5106929247143,06/06/2011,4,,,,,,,,
5,367,1,32.402776587965576,35.51057756281124,06/06/2011,4,,,,,,,,
5,368,1,32.40283850238608,35.510480832384964,06/06/2011,4,,,,,,,,
5,369,1,32.40291398617285,35.510366290324846,06/06/2011,4,,,,,,,,
5,370,1,32.40298926319687,35.51026258930331,06/06/2011,4,,,,,,,,
5,371,1,32.40305768846511,35.51015822725258,06/06/2011,4,,,,,,,,
5,372,1,32.403131631011746,35.51004697455438,06/06/2011,4,,,,,,,,
5,373,1,32.40321343199064,35.509930220874985,06/06/2011,4,,,,,,,,
5,374,1,32.403289911570084,35.509813874242475,06/06/2011,4,,,,,,,,
5,375,1,32.403362661725765,35.50971080159073,06/06/2011,4,,,,,,,,
5,376,1,32.40303875618883,35.50933757795375,06/06/2011,4,,,,,,,,
5,377,1,32.402970597487354,35.50944385478256,06/06/2011,4,,,,,,,,
5,378,1,32.402884853236785,35.50955071005128,06/06/2011,4,,,,,,,,
5,379,1,32.40280358952998,35.50966916615328,06/06/2011,4,,,,,,,,
5,380,1,32.402727759069606,35.50977818025019,06/06/2011,4,,,,,,,,
5,381,1,32.402664775464,35.50986980537583,06/06/2011,4,,,,,,,,
5,382,1,32.402604811060336,35.50998067956815,06/06/2011,4,,,,,,,,
5,383,1,32.402528829888276,35.51007736268644,06/06/2011,4,,,,,,,,
5,384,1,32.40245065661658,35.510185517872095,06/06/2011,4,,,,,,,,
5,385,1,32.40237480661982,35.51030239670551,06/06/2011,4,,,,,,,,
5,386,1,32.402302769369676,35.51040876523976,06/06/2011,4,,,,,,,,
5,387,1,32.40222999902108,35.51051991429385,06/06/2011,4,,,,,,,,
5,388,1,32.402151806775514,35.51063572173172,06/06/2011,4,,,,,,,,
5,389,1,32.402085963084545,35.51075369652103,06/06/2011,4,,,,,,,,
5,390,1,32.40201973871249,35.51084275835878,06/06/2011,4,,,,,,,,
5,391,1,32.401958689041514,35.510954584080764,06/06/2011,4,,,,,,,,
5,392,1,32.4018859471783,35.511053827656404,06/06/2011,4,,,,,,,,
5,393,1,32.40181610917017,35.51114553415956,06/06/2011,4,,,,,,,,
5,394,1,32.40174010536872,35.51125114390791,06/06/2011,4,,,,,,,,
5,395,1,32.4016582992825,35.51136948886493,06/06/2011,4,,,,,,,,
5,396,1,32.401583172948534,35.51148498634457,06/06/2011,4,,,,,,,,
5,397,1,32.40151365205963,35.511594443991314,06/06/2011,4,,,,,,,,
5,398,0,32.40122478003823,35.51135282218232,06/06/2011,4,,,,,,,,
5,399,1,32.40129239749226,35.51124729103942,06/06/2011,4,,,,,,,,
5,400,1,32.40135758352481,35.511140369728146,06/06/2011,4,,,,,,,,
5,401,1,32.40142346318823,35.51104482380449,06/06/2011,4,,,,,,,,
5,402,1,32.40149586942711,35.51093526930091,06/06/2011,4,,,,,,,,
5,403,1,32.4015653711401,35.51083346410684,06/06/2011,4,,,,,,,,
5,404,1,32.40164219210173,35.5107254122567,06/06/2011,4,,,,,,,,
5,405,0,32.401703596843625,35.51061582009606,06/06/2011,4,,,,,,,,
5,406,1,32.401792830126425,35.510520777406,06/06/2011,4,,,,,,,,
5,407,1,32.40185365622567,35.51042659532213,06/06/2011,4,,,,,,,,
5,408,1,32.40192048481804,35.51031138751173,06/06/2011,4,,,,,,,,
5,409,1,32.40199759158646,35.51019685193395,06/06/2011,4,,,,,,,,
5,410,1,32.4020737024708,35.51008390719032,06/06/2011,4,,,,,,,,
5,411,1,32.40214887182727,35.50998732811698,06/06/2011,4,,,,,,,,
5,412,1,32.40222375538726,35.50989701917872,06/06/2011,4,,,,,,,,
5,413,1,32.40228615338445,35.50978657875773,06/06/2011,4,,,,,,,,
5,414,1,32.402350247854976,35.509683052916294,06/06/2011,4,,,,,,,,
5,415,0,32.40240583732173,35.50959129680573,06/06/2011,4,,,,,,,,
5,416,1,32.40246231894073,35.50950347641635,06/06/2011,4,,,,,,,,
5,417,1,32.4025231597154,35.50940291543326,06/06/2011,4,,,,,,,,
5,418,1,32.40258896743349,35.50929928851587,06/06/2011,4,,,,,,,,
5,419,1,32.4026525882711,35.50920500788429,06/06/2011,4,,,,,,,,
5,420,1,32.40271447388979,35.50911975620311,06/06/2011,4,,,,,,,,
