image,Point_ID,Aleket_cnt,lat,long,date,Days_Before_Sample,ndvi,gndvi,green_red_ratio,ndre,entropy,green,homogeneity,asm
1,1.0,1,32.43737581654648,35.50724604775623,03/05/2011,30,,,,,,,,
1,2.0,1,32.4372831777328,35.50725849808529,03/05/2011,30,,,,,,,,
1,3.0,1,32.43718397415136,35.50726348309486,03/05/2011,30,,,,,,,,
1,4.0,1,32.4370937623464,35.50727913149823,03/05/2011,30,,,,,,,,
1,5.0,1,32.436998237719465,35.5072916784413,03/05/2011,30,,,,,,,,
1,6.0,1,32.43690532505189,35.507305510090724,03/05/2011,30,,,,,,,,
1,7.0,1,32.43680601287883,35.507318150649446,03/05/2011,30,,,,,,,,
1,8.0,1,32.436717341171345,35.507330826763294,03/05/2011,30,,,,,,,,
1,9.0,1,32.43661217666853,35.50733972604916,03/05/2011,30,,,,,,,,
1,10.0,1,32.43652378621765,35.50734793708185,03/05/2011,30,,,,,,,,
1,11.0,1,32.43642853260799,35.50736027211952,03/05/2011,30,,,,,,,,
1,12.0,1,32.436338058445244,35.50737251678409,03/05/2011,30,,,,,,,,
1,13.0,1,32.436244988431426,35.50737677781207,03/05/2011,30,,,,,,,,
1,14.0,1,32.43613710106637,35.50739300482369,03/05/2011,30,,,,,,,,
1,15.0,1,32.436043742113,35.50740492077314,03/05/2011,30,,,,,,,,
1,16.0,1,32.43594209870829,35.507412024045856,03/05/2011,30,,,,,,,,
1,17.0,1,32.435834759025525,35.50742548816602,03/05/2011,30,,,,,,,,
1,18.0,1,32.43573111926592,35.507437794982,03/05/2011,30,,,,,,,,
1,19.0,1,32.43562585612521,35.50745020267197,03/05/2011,30,,,,,,,,
1,20.0,1,32.43552843807409,35.50746263657848,03/05/2011,30,,,,,,,,
1,21.0,1,32.43534776968963,35.50748319212731,03/05/2011,30,,,,,,,,
1,22.0,1,32.435247370277914,35.50749795527534,03/05/2011,30,,,,,,,,
1,23.0,2,32.435138134885385,35.507512263503465,03/05/2011,30,,,,,,,,
1,24.0,2,32.435034399560195,35.50752680276319,03/05/2011,30,,,,,,,,
1,25.0,2,32.43492949172069,35.507541444398115,03/05/2011,30,,,,,,,,
1,26.0,1,32.43483839858945,35.50754858274382,03/05/2011,30,,,,,,,,
1,27.0,1,32.434732324886646,35.507560562156456,03/05/2011,30,,,,,,,,
1,28.0,1,32.43460793188794,35.50757832841497,03/05/2011,30,,,,,,,,
1,29.0,1,32.43451141298576,35.50759182836592,03/05/2011,30,,,,,,,,
1,30.0,1,32.43440921161532,35.50760594725266,03/05/2011,30,,,,,,,,
1,31.0,1,32.43431991682456,35.507615218118616,03/05/2011,30,,,,,,,,
1,32.0,1,32.43421078232778,35.50762506054486,03/05/2011,30,,,,,,,,
1,33.0,1,32.43410074506972,35.50763532524649,03/05/2011,30,,,,,,,,
1,34.0,1,32.43399223947865,35.50764612669984,03/05/2011,30,,,,,,,,
1,35.0,1,32.43388607609212,35.50765789293513,03/05/2011,30,,,,,,,,
1,36.0,1,32.43378765482445,35.50767500153603,03/05/2011,30,,,,,,,,
1,37.0,1,32.43368437928811,35.50768582041551,03/05/2011,30,,,,,,,,
1,38.0,1,32.43357974218653,35.507700356238125,03/05/2011,30,,,,,,,,
1,39.0,1,32.43348016171041,35.507712038069485,03/05/2011,30,,,,,,,,
1,40.0,1,32.433373810538114,35.5077268870795,03/05/2011,30,,,,,,,,
1,41.0,1,32.43328089342256,35.50774252533694,03/05/2011,30,,,,,,,,
1,42.0,1,32.43318312895485,35.50774900305456,03/05/2011,30,,,,,,,,
1,43.0,1,32.43308841604563,35.50776144538394,03/05/2011,30,,,,,,,,
1,44.0,1,32.43299569770584,35.507769428565744,03/05/2011,30,,,,,,,,
1,45.0,1,32.43289475257685,35.507786103120154,03/05/2011,30,,,,,,,,
1,46.0,1,32.432800206690544,35.50780407500803,03/05/2011,30,,,,,,,,
1,47.0,1,32.432699459828356,35.50781330717621,03/05/2011,30,,,,,,,,
1,48.0,1,32.432595734676966,35.50782359263202,03/05/2011,30,,,,,,,,
1,49.0,1,32.432498669301474,35.50783932309771,03/05/2011,30,,,,,,,,
1,50.0,1,32.43239765959547,35.50784536448162,03/05/2011,30,,,,,,,,
1,51.0,1,32.432294640713216,35.50786192557342,03/05/2011,30,,,,,,,,
1,52.0,1,32.432194260424765,35.50786871332219,03/05/2011,30,,,,,,,,
1,53.0,1,32.43209368646767,35.50788102944007,03/05/2011,30,,,,,,,,
1,54.0,1,32.43201881939051,35.507890348143874,03/05/2011,30,,,,,,,,
1,55.0,1,32.43192411900377,35.50789758017806,03/05/2011,30,,,,,,,,
1,56.0,1,32.43181784796877,35.507916575760184,03/05/2011,30,,,,,,,,
1,57.0,1,32.43170528502161,35.507927150381114,03/05/2011,30,,,,,,,,
1,58.0,1,32.43161822580822,35.50794419003475,03/05/2011,30,,,,,,,,
1,59.0,1,32.431506356828855,35.50796614389782,03/05/2011,30,,,,,,,,
1,60.0,1,32.431392543741865,35.507971610553184,03/05/2011,30,,,,,,,,
1,61.0,1,32.43127708446838,35.50798664107264,03/05/2011,30,,,,,,,,
1,62.0,1,32.431169385240004,35.50799957102762,03/05/2011,30,,,,,,,,
1,63.0,1,32.431062410728245,35.50801112113906,03/05/2011,30,,,,,,,,
1,64.0,1,32.43096408518536,35.508025889992574,03/05/2011,30,,,,,,,,
1,65.0,1,32.43085701229367,35.50804084215387,03/05/2011,30,,,,,,,,
1,66.0,1,32.43074119948506,35.50805289419055,03/05/2011,30,,,,,,,,
1,67.0,1,32.4306313335137,35.508066879992285,03/05/2011,30,,,,,,,,
1,68.0,2,32.43053716926923,35.50807613372863,03/05/2011,30,,,,,,,,
1,69.0,1,32.43042368994243,35.50809276550169,03/05/2011,30,,,,,,,,
1,70.0,1,32.430323574239296,35.508101999244175,03/05/2011,30,,,,,,,,
1,71.0,1,32.430204252337575,35.50811084961597,03/05/2011,30,,,,,,,,
1,72.0,1,32.430093926767896,35.50812844878587,03/05/2011,30,,,,,,,,
1,73.0,1,32.42999046438182,35.5081419242428,03/05/2011,30,,,,,,,,
1,74.0,1,32.4298732182577,35.50815003721701,03/05/2011,30,,,,,,,,
1,75.0,1,32.42976370218841,35.50816848959041,03/05/2011,30,,,,,,,,
1,76.0,2,32.42969902159063,35.507917240077795,03/05/2011,30,,,,,,,,
1,77.0,2,32.42979642183801,35.507912250087244,03/05/2011,30,,,,,,,,
1,78.0,2,32.429896280848105,35.50789727377632,03/05/2011,30,,,,,,,,
1,79.0,1,32.429996133451546,35.507884955538756,03/05/2011,30,,,,,,,,
1,80.0,2,32.430094458480745,35.50787039932986,03/05/2011,30,,,,,,,,
1,81.0,2,32.430181579704374,35.50786505586958,03/05/2011,30,,,,,,,,
1,82.0,2,32.43027720720556,35.507847300814966,03/05/2011,30,,,,,,,,
1,83.0,2,32.430377778882196,35.50783594181173,03/05/2011,30,,,,,,,,
1,84.0,2,32.43047907296909,35.50782415990078,03/05/2011,30,,,,,,,,
1,85.0,2,32.430571250050384,35.507816281488516,03/05/2011,30,,,,,,,,
1,86.0,2,32.430660555148634,35.507802758173774,03/05/2011,30,,,,,,,,
1,87.0,2,32.430745716870575,35.50778730709257,03/05/2011,30,,,,,,,,
1,88.0,2,32.430856017291255,35.507780127259245,03/05/2011,30,,,,,,,,
1,89.0,1,32.43095894831612,35.50776260909364,03/05/2011,30,,,,,,,,
1,90.0,2,32.43104463878128,35.50775226335904,03/05/2011,30,,,,,,,,
1,91.0,2,32.43113483024054,35.50774512246653,03/05/2011,30,,,,,,,,
1,92.0,2,32.43123025867582,35.50773512827678,03/05/2011,30,,,,,,,,
1,93.0,2,32.431327496979996,35.507722481959675,03/05/2011,30,,,,,,,,
1,94.0,2,32.43142870214895,35.50771016787576,03/05/2011,30,,,,,,,,
1,95.0,2,32.431534236924726,35.5076973366238,03/05/2011,30,,,,,,,,
1,96.0,2,32.431672354291,35.50767217414163,03/05/2011,30,,,,,,,,
1,97.0,2,32.431761651681164,35.50766184031817,03/05/2011,30,,,,,,,,
1,98.0,2,32.43185230730321,35.50764917182135,03/05/2011,30,,,,,,,,
1,99.0,2,32.43193528486399,35.50764200662548,03/05/2011,30,,,,,,,,
1,100.0,2,32.432032241111244,35.50763414390834,03/05/2011,30,,,,,,,,
1,101.0,2,32.43212884638801,35.50762223955262,03/05/2011,30,,,,,,,,
1,102.0,2,32.43221949765066,35.50761137852395,03/05/2011,30,,,,,,,,
1,103.0,2,32.4323184433396,35.50760118319784,03/05/2011,30,,,,,,,,
1,104.0,2,32.43240630971098,35.507585953363666,03/05/2011,30,,,,,,,,
1,105.0,2,32.43249470023156,35.50757774290314,03/05/2011,30,,,,,,,,
1,106.0,2,32.43259093124035,35.50757147256875,03/05/2011,30,,,,,,,,
1,107.0,2,32.432696294337404,35.50755502526705,03/05/2011,30,,,,,,,,
1,108.0,2,32.432803722722106,35.50754220000285,03/05/2011,30,,,,,,,,
1,109.0,2,32.43289914830388,35.50753337503366,03/05/2011,30,,,,,,,,
1,110.0,2,32.43299262281531,35.50751093345899,03/05/2011,30,,,,,,,,
1,111.0,2,32.4331016643366,35.50750226032022,03/05/2011,30,,,,,,,,
1,112.0,2,32.43319835848054,35.50749088763427,03/05/2011,30,,,,,,,,
1,113.0,1,32.43327485017491,35.50748093594824,03/05/2011,30,,,,,,,,
1,114.0,1,32.4333749836983,35.507464258272314,03/05/2011,30,,,,,,,,
1,115.0,1,32.43346509721556,35.50745201286887,03/05/2011,30,,,,,,,,
1,116.0,1,32.433596240442164,35.50743958569088,03/05/2011,30,,,,,,,,
1,117.0,1,32.43369465784552,35.50742407179681,03/05/2011,30,,,,,,,,
1,118.0,1,32.43379216302425,35.50741291432984,03/05/2011,30,,,,,,,,
1,119.0,1,32.433902459282216,35.507407435090855,03/05/2011,30,,,,,,,,
1,120.0,1,32.433997167032,35.507397118864716,03/05/2011,30,,,,,,,,
1,121.0,2,32.434097653555845,35.507383632047066,03/05/2011,30,,,,,,,,
1,122.0,1,32.434201571272844,35.507368242734536,03/05/2011,30,,,,,,,,
1,123.0,1,32.43430197810175,35.50735039605441,03/05/2011,30,,,,,,,,
1,124.0,1,32.434388572784215,35.507338989295626,03/05/2011,30,,,,,,,,
1,125.0,1,32.43448462570887,35.5073317610247,03/05/2011,30,,,,,,,,
1,126.0,1,32.43458934040076,35.50732243509209,03/05/2011,30,,,,,,,,
1,127.0,1,32.434684060918585,35.507306802218544,03/05/2011,30,,,,,,,,
1,128.0,1,32.43478244863204,35.50730362226515,03/05/2011,30,,,,,,,,
1,129.0,1,32.43487835290529,35.507283208411565,03/05/2011,30,,,,,,,,
1,130.0,1,32.43496935175844,35.50727777077557,03/05/2011,30,,,,,,,,
1,131.0,1,32.43506541208539,35.50726745882347,03/05/2011,30,,,,,,,,
1,132.0,1,32.435153270202235,35.507255630794454,03/05/2011,30,,,,,,,,
1,133.0,1,32.43524799070429,35.50723999775856,03/05/2011,30,,,,,,,,
1,134.0,1,32.43534233619444,35.50723031799304,03/05/2011,30,,,,,,,,
1,135.0,1,32.43550370204866,35.5072119303839,03/05/2011,30,,,,,,,,
1,136.0,1,32.43560292354655,35.50719950223875,03/05/2011,30,,,,,,,,
1,137.0,1,32.43570548273835,35.50718655356394,03/05/2011,30,,,,,,,,
1,138.0,1,32.43581580067978,35.50717203581322,03/05/2011,30,,,,,,,,
1,139.0,1,32.43590760468748,35.50716925900844,03/05/2011,30,,,,,,,,
1,140.0,1,32.43600421855611,35.5071537384183,03/05/2011,30,,,,,,,,
1,141.0,1,32.436091452847315,35.50713882444447,03/05/2011,30,,,,,,,,
1,142.0,1,32.43619616494508,35.50713056145373,03/05/2011,30,,,,,,,,
1,143.0,1,32.4363014298362,35.5071174089981,03/05/2011,30,,,,,,,,
1,144.0,1,32.43639652633094,35.50709539693036,03/05/2011,30,,,,,,,,
1,145.0,1,32.43649302215989,35.507091466052344,03/05/2011,30,,,,,,,,
1,146.0,1,32.4366005424011,35.50707789571533,03/05/2011,30,,,,,,,,
1,147.0,1,32.436701921901445,35.507068026483694,03/05/2011,30,,,,,,,,
1,148.0,1,32.436805832388146,35.50705561369328,03/05/2011,30,,,,,,,,
1,149.0,1,32.43690334234478,35.507042435159725,03/05/2011,30,,,,,,,,
1,150.0,1,32.43700230580351,35.50702479545572,03/05/2011,30,,,,,,,,
1,151.0,1,32.437112061973465,35.50701888844455,03/05/2011,30,,,,,,,,
1,152.0,1,32.43721941206826,35.50700106402407,03/05/2011,30,,,,,,,,
1,153.0,1,32.43731593598044,35.50698543640718,03/05/2011,30,,,,,,,,
1,154.0,1,32.43734476641265,35.50673309649315,03/05/2011,30,,,,,,,,
1,155.0,1,32.437244653458244,35.50674126905363,03/05/2011,30,,,,,,,,
1,156.0,1,32.43713874847127,35.506758141609126,03/05/2011,30,,,,,,,,
1,157.0,1,32.437024200101256,35.50676945594213,03/05/2011,30,,,,,,,,
1,158.0,1,32.436927771233705,35.50678306372772,03/05/2011,30,,,,,,,,
1,159.0,1,32.43682341245928,35.506794412019076,03/05/2011,30,,,,,,,,
1,160.0,1,32.436716964375904,35.506812133288804,03/05/2011,30,,,,,,,,
1,161.0,1,32.4366143094458,35.50682742152577,03/05/2011,30,,,,,,,,
1,162.0,1,32.43651175668508,35.506837712431974,03/05/2011,30,,,,,,,,
1,163.0,1,32.436422451762475,35.506851237524444,03/05/2011,30,,,,,,,,
1,164.0,1,32.4363205199984,35.50686578375716,03/05/2011,30,,,,,,,,
1,165.0,1,32.436220856866576,35.50687438291944,03/05/2011,30,,,,,,,,
1,166.0,2,32.436122640338255,35.50688139190985,03/05/2011,30,,,,,,,,
1,167.0,1,32.43603122103342,35.50687417507233,03/05/2011,30,,,,,,,,
1,168.0,2,32.4359356192777,35.50688129911269,03/05/2011,30,,,,,,,,
1,169.0,2,32.435831788753006,35.50689796553637,03/05/2011,30,,,,,,,,
1,170.0,2,32.435735808935085,35.50691231883875,03/05/2011,30,,,,,,,,
1,171.0,2,32.435630279663386,35.50692291861268,03/05/2011,30,,,,,,,,
1,172.0,2,32.435423439345946,35.5069524260297,03/05/2011,30,,,,,,,,
1,173.0,2,32.435332964185164,35.50696509629634,03/05/2011,30,,,,,,,,
1,174.0,2,32.43523735986056,35.50697328349566,03/05/2011,30,,,,,,,,
1,175.0,2,32.4351548202174,35.5069858738906,03/05/2011,30,,,,,,,,
1,176.0,2,32.43506959529045,35.50699016147333,03/05/2011,30,,,,,,,,
1,177.0,2,32.4349793801691,35.50700719209236,03/05/2011,30,,,,,,,,
1,178.0,2,32.434884937874536,35.507019636332615,03/05/2011,30,,,,,,,,
1,179.0,2,32.43479293792525,35.50702889878506,03/05/2011,30,,,,,,,,
1,180.0,2,32.43470634071975,35.50704136918573,03/05/2011,30,,,,,,,,
1,181.0,2,32.43460973578714,35.507053168147536,03/05/2011,30,,,,,,,,
1,182.0,2,32.434520627259495,35.507059994600745,03/05/2011,30,,,,,,,,
1,183.0,2,32.43442535882932,35.50707849679269,03/05/2011,30,,,,,,,,
1,184.0,2,32.43433173881266,35.50708647776754,03/05/2011,30,,,,,,,,
1,185.0,2,32.434237025981076,35.50709892093788,03/05/2011,30,,,,,,,,
1,186.0,2,32.43414628256953,35.50711063303625,03/05/2011,30,,,,,,,,
1,187.0,2,32.434041556897256,35.507124531318276,03/05/2011,30,,,,,,,,
1,188.0,2,32.43394729850301,35.50713548731395,03/05/2011,30,,,,,,,,
1,189.0,2,32.43384329830176,35.50714768668941,03/05/2011,30,,,,,,,,
1,190.0,2,32.43375805929764,35.507157822143235,03/05/2011,30,,,,,,,,
1,191.0,2,32.43366000492037,35.50717238058576,03/05/2011,30,,,,,,,,
1,192.0,2,32.43356889390005,35.50718696220252,03/05/2011,30,,,,,,,,
1,193.0,2,32.4334787025028,35.50719410382266,03/05/2011,30,,,,,,,,
1,194.0,2,32.43338066038582,35.507203558430064,03/05/2011,30,,,,,,,,
1,195.0,2,32.433282885208904,35.507214502515176,03/05/2011,30,,,,,,,,
1,196.0,2,32.433177076663355,35.50722871591997,03/05/2011,30,,,,,,,,
1,197.0,2,32.43308291072245,35.50723871506089,03/05/2011,30,,,,,,,,
1,198.0,2,32.43297691926787,35.5072539910823,03/05/2011,30,,,,,,,,
1,199.0,2,32.43288428448255,35.50726473959421,03/05/2011,30,,,,,,,,
1,200.0,2,32.43278326713708,35.50727397146592,03/05/2011,30,,,,,,,,
1,201.0,2,32.43267980513401,35.50728734194645,03/05/2011,30,,,,,,,,
1,202.0,2,32.43259412239533,35.50729449847677,03/05/2011,30,,,,,,,,
1,203.0,2,32.4324954342148,35.507310117755935,03/05/2011,30,,,,,,,,
1,204.0,2,32.432390079838115,35.50732295018904,03/05/2011,30,,,,,,,,
1,205.0,2,32.432295722792986,35.50733741427963,03/05/2011,30,,,,,,,,
1,206.0,2,32.43219362437408,35.50734621709047,03/05/2011,30,,,,,,,,
1,207.0,2,32.432099169223044,35.50736397695306,03/05/2011,30,,,,,,,,
1,208.0,2,32.43200537596978,35.50736897970046,03/05/2011,30,,,,,,,,
1,209.0,2,32.43191427257738,35.50738037107263,03/05/2011,30,,,,,,,,
1,210.0,2,32.431823612122585,35.50739506004776,03/05/2011,30,,,,,,,,
1,211.0,2,32.4317295358122,35.507405271832056,03/05/2011,30,,,,,,,,
1,212.0,2,32.4316200411045,35.50741490039731,03/05/2011,30,,,,,,,,
1,213.0,2,32.431481577926846,35.50743389514583,03/05/2011,30,,,,,,,,
1,214.0,2,32.43139533647509,35.507448386127365,03/05/2011,30,,,,,,,,
1,215.0,2,32.43129819604489,35.50745784327681,03/05/2011,30,,,,,,,,
1,216.0,2,32.43120735548196,35.50747242515069,03/05/2011,30,,,,,,,,
1,217.0,2,32.43111534010209,35.507488066330225,03/05/2011,30,,,,,,,,
1,218.0,2,32.431016136417945,35.507493050805024,03/05/2011,30,,,,,,,,
1,219.0,2,32.430916364829336,35.507509197616635,03/05/2011,30,,,,,,,,
1,220.0,2,32.43081993963613,35.507521208872916,03/05/2011,30,,,,,,,,
1,221.0,2,32.43073099782121,35.50753367044376,03/05/2011,30,,,,,,,,
1,222.0,2,32.43063097079844,35.50754354308432,03/05/2011,30,,,,,,,,
1,223.0,2,32.430533555735956,35.507554700351264,03/05/2011,30,,,,,,,,
1,224.0,2,32.430444255778646,35.507566097397884,03/05/2011,30,,,,,,,,
1,225.0,2,32.43035414963077,35.50757525888986,03/05/2011,30,,,,,,,,
1,226.0,2,32.43026060409162,35.50758972512556,03/05/2011,30,,,,,,,,
1,227.0,2,32.43016400262904,35.50760003442081,03/05/2011,30,,,,,,,,
1,228.0,2,32.430071911377354,35.50760972083621,03/05/2011,30,,,,,,,,
1,229.0,2,32.4299799113209,35.507618982237645,03/05/2011,30,,,,,,,,
1,230.0,2,32.42989673956955,35.507631888212956,03/05/2011,30,,,,,,,,
1,231.0,2,32.42980590127208,35.50764551278235,03/05/2011,30,,,,,,,,
1,232.0,2,32.42971533886754,35.50765690542882,03/05/2011,30,,,,,,,,
1,233.0,2,32.42968860548218,35.507411950137495,03/05/2011,30,,,,,,,,
1,234.0,2,32.4297816081785,35.50739822626312,03/05/2011,30,,,,,,,,
1,235.0,2,32.42987090045891,35.507390018851154,03/05/2011,30,,,,,,,,
1,236.0,2,32.429959212846974,35.507376810870625,03/05/2011,30,,,,,,,,
1,237.0,2,32.43004996937939,35.50735967700688,03/05/2011,30,,,,,,,,
1,238.0,2,32.430140169014564,35.50734913341304,03/05/2011,30,,,,,,,,
1,239.0,2,32.430232633469295,35.50733423803125,03/05/2011,30,,,,,,,,
1,240.0,2,32.43033851946292,35.50732534171589,03/05/2011,30,,,,,,,,
1,241.0,1,32.43042710108076,35.507312666135874,03/05/2011,30,,,,,,,,
1,242.0,2,32.43050613324774,35.50729623721045,03/05/2011,30,,,,,,,,
1,243.0,2,32.430590015099334,35.50728801155251,03/05/2011,30,,,,,,,,
1,244.0,2,32.430679499979576,35.50727470096685,03/05/2011,30,,,,,,,,
1,245.0,2,32.43077789440044,35.5072687566294,03/05/2011,30,,,,,,,,
1,246.0,2,32.43086413047251,35.5072564984007,03/05/2011,30,,,,,,,,
1,247.0,2,32.430965507518174,35.507247693194294,03/05/2011,30,,,,,,,,
1,248.0,1,32.431045969923254,35.5072364788878,03/05/2011,30,,,,,,,,
1,249.0,1,32.43113934171126,35.50721924710093,03/05/2011,30,,,,,,,,
1,250.0,1,32.43124326456654,35.507201731560244,03/05/2011,30,,,,,,,,
1,251.0,2,32.43133815013039,35.507192479259366,03/05/2011,30,,,,,,,,
1,252.0,2,32.431424747393514,35.50718000944015,03/05/2011,30,,,,,,,,
1,253.0,2,32.431520442470735,35.50717161041955,03/05/2011,30,,,,,,,,
1,254.0,3,32.43737776548435,35.50647194461646,03/05/2011,30,,,,,,,,
1,255.0,3,32.437281594166976,35.506490976643015,03/05/2011,30,,,,,,,,
1,256.0,3,32.43720125548001,35.506488263056845,03/05/2011,30,,,,,,,,
1,257.0,3,32.43710391190278,35.506507291121075,03/05/2011,30,,,,,,,,
1,258.0,3,32.43699369340924,35.50651798220818,03/05/2011,30,,,,,,,,
1,259.0,3,32.43690559011011,35.50651928337474,03/05/2011,30,,,,,,,,
1,260.0,3,32.436803838481396,35.50653393698812,03/05/2011,30,,,,,,,,
1,261.0,2,32.43670885266513,35.50654744347355,03/05/2011,30,,,,,,,,
1,262.0,2,32.43659792272158,35.506553985115765,03/05/2011,30,,,,,,,,
1,263.0,3,32.43647947521843,35.506574324918155,03/05/2011,30,,,,,,,,
1,264.0,2,32.43640281042339,35.50658129980931,03/05/2011,30,,,,,,,,
1,265.0,2,32.436292578647425,35.506597519974875,03/05/2011,30,,,,,,,,
1,266.0,3,32.436204457481175,35.50660626426582,03/05/2011,30,,,,,,,,
1,267.0,2,32.436104785944934,35.50661837263997,03/05/2011,30,,,,,,,,
1,268.0,2,32.43600519284383,35.5066353725282,03/05/2011,30,,,,,,,,
1,269.0,2,32.43590714187319,35.50664854957251,03/05/2011,30,,,,,,,,
1,270.0,2,32.43580747032866,35.506660657863065,03/05/2011,30,,,,,,,,
1,271.0,3,32.435718783871074,35.506679501684275,03/05/2011,30,,,,,,,,
1,272.0,2,32.435620284576196,35.50669161382891,03/05/2011,30,,,,,,,,
1,273.0,3,32.435534412118066,35.50670270476736,03/05/2011,30,,,,,,,,
1,274.0,3,32.435409576291825,35.50671717460032,03/05/2011,30,,,,,,,,
1,275.0,3,32.43530997882932,35.5067359818736,03/05/2011,30,,,,,,,,
1,276.0,3,32.435212661731995,35.506743950934386,03/05/2011,30,,,,,,,,
1,277.0,3,32.43511603896698,35.50676319339167,03/05/2011,30,,,,,,,,
1,278.0,3,32.435004651482885,35.5067724977487,03/05/2011,30,,,,,,,,
1,279.0,3,32.434895320374615,35.506789145774874,03/05/2011,30,,,,,,,,
1,280.0,3,32.43477651338796,35.506808952052445,03/05/2011,30,,,,,,,,
1,281.0,3,32.43468307399399,35.506816827606194,03/05/2011,30,,,,,,,,
1,282.0,3,32.434582049558315,35.506829037373365,03/05/2011,30,,,,,,,,
1,283.0,3,32.434475347763794,35.506839739536645,03/05/2011,30,,,,,,,,
1,284.0,3,32.43437080196108,35.506853851440205,03/05/2011,30,,,,,,,,
1,285.0,3,32.434259130916985,35.506868577504385,03/05/2011,30,,,,,,,,
1,286.0,3,32.43415008128396,35.506880654036756,03/05/2011,30,,,,,,,,
1,287.0,3,32.43404129859394,35.506894220050015,03/05/2011,30,,,,,,,,
1,288.0,3,32.433920351159394,35.50690413020449,03/05/2011,30,,,,,,,,
1,289.0,3,32.43381951062607,35.50691485177869,03/05/2011,30,,,,,,,,
1,290.0,3,32.433710460981686,35.50692692820111,03/05/2011,30,,,,,,,,
1,291.0,3,32.43360718320501,35.50693870488157,03/05/2011,30,,,,,,,,
1,292.0,3,32.43347502870632,35.50695921042552,03/05/2011,30,,,,,,,,
1,293.0,3,32.43338942748518,35.506969982783154,03/05/2011,30,,,,,,,,
1,294.0,3,32.43328859025875,35.5069793219609,03/05/2011,30,,,,,,,,
1,295.0,3,32.433173682641794,35.50698999640116,03/05/2011,30,,,,,,,,
1,296.0,3,32.43306588927927,35.50700462873776,03/05/2011,30,,,,,,,,
1,297.0,3,32.43295683961448,35.50701670495911,03/05/2011,30,,,,,,,,
1,298.0,3,32.43285879418119,35.50702754196743,03/05/2011,30,,,,,,,,
1,299.0,3,32.43275244281945,35.50704249801329,03/05/2011,30,,,,,,,,
1,300.0,3,32.43263962961536,35.507044673057614,03/05/2011,30,,,,,,,,
1,301.0,3,32.43254348471642,35.50705264549135,03/05/2011,30,,,,,,,,
1,302.0,3,32.43244470434629,35.50706911534149,03/05/2011,30,,,,,,,,
1,303.0,3,32.432333574287476,35.507083842654204,03/05/2011,30,,,,,,,,
1,304.0,3,32.43221983558018,35.507095903024535,03/05/2011,30,,,,,,,,
1,305.0,3,32.43213360465025,35.507106035044245,03/05/2011,30,,,,,,,,
1,306.0,3,32.43204006020887,35.50712007672722,03/05/2011,30,,,,,,,,
1,307.0,3,32.43193336167207,35.50712939602757,03/05/2011,30,,,,,,,,
1,308.0,3,32.431823502459935,35.5071406186364,03/05/2011,30,,,,,,,,
1,309.0,3,32.431719584732356,35.507156007828925,03/05/2011,30,,,,,,,,
1,310.0,3,32.43161639963369,35.50716672104817,03/05/2011,30,,,,,,,,
1,311.0,2,32.43155418930171,35.50689984528431,03/05/2011,30,,,,,,,,
1,312.0,2,32.43143693714845,35.5069105118117,03/05/2011,30,,,,,,,,
1,313.0,2,32.43132564385062,35.506918114735626,03/05/2011,30,,,,,,,,
1,314.0,2,32.43121660080361,35.50692742637944,03/05/2011,30,,,,,,,,
1,315.0,1,32.43112351234299,35.506939343107156,03/05/2011,30,,,,,,,,
1,316.0,1,32.43102384733983,35.50694868602061,03/05/2011,30,,,,,,,,
1,317.0,1,32.43092533799182,35.50696494397438,03/05/2011,30,,,,,,,,
1,318.0,1,32.43081645970396,35.506980741963474,03/05/2011,30,,,,,,,,
1,319.0,1,32.43071020308562,35.50699378419703,03/05/2011,30,,,,,,,,
1,320.0,2,32.43061404820052,35.50700590320511,03/05/2011,30,,,,,,,,
1,321.0,2,32.430513290375266,35.50701970802655,03/05/2011,30,,,,,,,,
1,322.0,1,32.430406853912025,35.50703253692192,03/05/2011,30,,,,,,,,
1,323.0,1,32.43030717892984,35.507046026324495,03/05/2011,30,,,,,,,,
1,324.0,1,32.4301934468324,35.50705532205779,03/05/2011,30,,,,,,,,
1,325.0,1,32.430088727745456,35.50706645540265,03/05/2011,30,,,,,,,,
1,326.0,1,32.4299846324625,35.507080674233414,03/05/2011,30,,,,,,,,
1,327.0,1,32.429882616277744,35.50709277347888,03/05/2011,30,,,,,,,,
1,328.0,1,32.429778338853325,35.507107735914296,03/05/2011,30,,,,,,,,
1,329.0,2,32.431663197107376,35.50690520658935,03/05/2011,30,,,,,,,,
1,330.0,2,32.431757962598994,35.50690839381401,03/05/2011,30,,,,,,,,
1,331.0,2,32.431856367456675,35.50689808963472,03/05/2011,30,,,,,,,,
1,332.0,2,32.43195487346396,35.506883213694344,03/05/2011,30,,,,,,,,
1,333.0,2,32.432049839468164,35.50687800170648,03/05/2011,30,,,,,,,,
1,334.0,2,32.432170145764225,35.50687223633822,03/05/2011,30,,,,,,,,
1,335.0,2,32.4322633386739,35.506854365407996,03/05/2011,30,,,,,,,,
1,336.0,2,32.43235831462846,35.506845006621816,03/05/2011,30,,,,,,,,
1,337.0,2,32.43247620205916,35.50683264078378,03/05/2011,30,,,,,,,,
1,338.0,2,32.43262683421729,35.50681549311637,03/05/2011,30,,,,,,,,
1,339.0,2,32.432751932459254,35.50680442721339,03/05/2011,30,,,,,,,,
1,340.0,2,32.43285168913134,35.5067944463142,03/05/2011,30,,,,,,,,
1,341.0,2,32.43297013341378,35.50677548983547,03/05/2011,30,,,,,,,,
1,342.0,2,32.43307458369718,35.506763610629946,03/05/2011,30,,,,,,,,
1,343.0,2,32.43318788042493,35.50674782675357,03/05/2011,30,,,,,,,,
1,344.0,2,32.43329739343394,35.506730541607354,03/05/2011,30,,,,,,,,
1,345.0,2,32.4334017341409,35.50672674295446,03/05/2011,30,,,,,,,,
1,346.0,2,32.43354869058478,35.50670065102658,03/05/2011,30,,,,,,,,
1,347.0,2,32.43363664292763,35.50668712167811,03/05/2011,30,,,,,,,,
1,348.0,2,32.433725466385226,35.50668635474537,03/05/2011,30,,,,,,,,
1,349.0,2,32.433852116426,35.50666742532904,03/05/2011,30,,,,,,,,
1,350.0,2,32.433960808157444,35.50665417775553,03/05/2011,30,,,,,,,,
1,351.0,2,32.43407075925342,35.50664221031097,03/05/2011,30,,,,,,,,
1,352.0,2,32.43417486233445,35.5066246941705,03/05/2011,30,,,,,,,,
1,353.0,2,32.434266314846624,35.506618087791544,03/05/2011,30,,,,,,,,
1,354.0,2,32.43435686919356,35.50660998978117,03/05/2011,30,,,,,,,,
1,355.0,2,32.43445970345993,35.50659512757682,03/05/2011,30,,,,,,,,
1,356.0,2,32.4345734487162,35.50658030173287,03/05/2011,30,,,,,,,,
1,357.0,2,32.43467665030142,35.50656267609151,03/05/2011,30,,,,,,,,
1,358.0,2,32.43478864909752,35.506561667340655,03/05/2011,30,,,,,,,,
1,359.0,2,32.434895100493286,35.50654256384504,03/05/2011,30,,,,,,,,
1,360.0,2,32.43500297782864,35.506530482904104,03/05/2011,30,,,,,,,,
1,361.0,2,32.43511861135635,35.50651789614572,03/05/2011,30,,,,,,,,
1,362.0,2,32.435223244225384,35.5065050600099,03/05/2011,30,,,,,,,,
1,363.0,2,32.43532418788354,35.50648891527206,03/05/2011,30,,,,,,,,
1,364.0,2,32.43550585618593,35.50646495846896,03/05/2011,30,,,,,,,,
1,365.0,2,32.43559615298978,35.5064514364319,03/05/2011,30,,,,,,,,
1,366.0,2,32.43569780706055,35.50643986620605,03/05/2011,30,,,,,,,,
1,367.0,2,32.43580189683253,35.50642787874809,03/05/2011,30,,,,,,,,
1,368.0,2,32.43588957859777,35.50641434791431,03/05/2011,30,,,,,,,,
1,369.0,2,32.436004486122656,35.506403672452,03/05/2011,30,,,,,,,,
1,370.0,2,32.43610298207202,35.50639294225434,03/05/2011,30,,,,,,,,
1,371.0,2,32.43620274631073,35.50637977061762,03/05/2011,30,,,,,,,,
1,372.0,2,32.436313696390705,35.5063648285864,03/05/2011,30,,,,,,,,
1,373.0,2,32.436414546783375,35.50634995918848,03/05/2011,30,,,,,,,,
1,374.0,2,32.4365176428438,35.506338712556264,03/05/2011,30,,,,,,,,
1,375.0,2,32.43661109365375,35.506326051425425,03/05/2011,30,,,,,,,,
1,376.0,2,32.43671544423697,35.50631810524654,03/05/2011,30,,,,,,,,
1,377.0,2,32.43681269073793,35.50630194772671,03/05/2011,30,,,,,,,,
1,378.0,2,32.43690469162927,35.506292259016654,03/05/2011,30,,,,,,,,
1,379.0,2,32.43699496851961,35.50628703054095,03/05/2011,30,,,,,,,,
1,380.0,2,32.43711178443806,35.506270193818885,03/05/2011,30,,,,,,,,
1,381.0,2,32.437203075911626,35.506255505006685,03/05/2011,30,,,,,,,,
1,382.0,3,32.43729218716655,35.506247507920705,03/05/2011,30,,,,,,,,
2,1.0,1,32.43737581654648,35.50724604775623,10/05/2011,23,,,,,,,,
2,2.0,1,32.4372831777328,35.50725849808529,10/05/2011,23,,,,,,,,
2,3.0,1,32.43718397415136,35.50726348309486,10/05/2011,23,,,,,,,,
2,4.0,1,32.4370937623464,35.50727913149823,10/05/2011,23,,,,,,,,
2,5.0,1,32.436998237719465,35.5072916784413,10/05/2011,23,,,,,,,,
2,6.0,1,32.43690532505189,35.507305510090724,10/05/2011,23,,,,,,,,
2,7.0,1,32.43680601287883,35.507318150649446,10/05/2011,23,,,,,,,,
2,8.0,1,32.436717341171345,35.507330826763294,10/05/2011,23,,,,,,,,
2,9.0,1,32.43661217666853,35.50733972604916,10/05/2011,23,,,,,,,,
2,10.0,1,32.43652378621765,35.50734793708185,10/05/2011,23,,,,,,,,
2,11.0,1,32.43642853260799,35.50736027211952,10/05/2011,23,,,,,,,,
2,12.0,1,32.436338058445244,35.50737251678409,10/05/2011,23,,,,,,,,
2,13.0,1,32.436244988431426,35.50737677781207,10/05/2011,23,,,,,,,,
2,14.0,1,32.43613710106637,35.50739300482369,10/05/2011,23,,,,,,,,
2,15.0,1,32.436043742113,35.50740492077314,10/05/2011,23,,,,,,,,
2,16.0,1,32.43594209870829,35.507412024045856,10/05/2011,23,,,,,,,,
2,17.0,1,32.435834759025525,35.50742548816602,10/05/2011,23,,,,,,,,
2,18.0,1,32.43573111926592,35.507437794982,10/05/2011,23,,,,,,,,
2,19.0,1,32.43562585612521,35.50745020267197,10/05/2011,23,,,,,,,,
2,20.0,1,32.43552843807409,35.50746263657848,10/05/2011,23,,,,,,,,
2,21.0,1,32.43534776968963,35.50748319212731,10/05/2011,23,,,,,,,,
2,22.0,1,32.435247370277914,35.50749795527534,10/05/2011,23,,,,,,,,
2,23.0,2,32.435138134885385,35.507512263503465,10/05/2011,23,,,,,,,,
2,24.0,2,32.435034399560195,35.50752680276319,10/05/2011,23,,,,,,,,
2,25.0,2,32.43492949172069,35.507541444398115,10/05/2011,23,,,,,,,,
2,26.0,1,32.43483839858945,35.50754858274382,10/05/2011,23,,,,,,,,
2,27.0,1,32.434732324886646,35.507560562156456,10/05/2011,23,,,,,,,,
2,28.0,1,32.43460793188794,35.50757832841497,10/05/2011,23,,,,,,,,
2,29.0,1,32.43451141298576,35.50759182836592,10/05/2011,23,,,,,,,,
2,30.0,1,32.43440921161532,35.50760594725266,10/05/2011,23,,,,,,,,
2,31.0,1,32.43431991682456,35.507615218118616,10/05/2011,23,,,,,,,,
2,32.0,1,32.43421078232778,35.50762506054486,10/05/2011,23,,,,,,,,
2,33.0,1,32.43410074506972,35.50763532524649,10/05/2011,23,,,,,,,,
2,34.0,1,32.43399223947865,35.50764612669984,10/05/2011,23,,,,,,,,
2,35.0,1,32.43388607609212,35.50765789293513,10/05/2011,23,,,,,,,,
2,36.0,1,32.43378765482445,35.50767500153603,10/05/2011,23,,,,,,,,
2,37.0,1,32.43368437928811,35.50768582041551,10/05/2011,23,,,,,,,,
2,38.0,1,32.43357974218653,35.507700356238125,10/05/2011,23,,,,,,,,
2,39.0,1,32.43348016171041,35.507712038069485,10/05/2011,23,,,,,,,,
2,40.0,1,32.433373810538114,35.5077268870795,10/05/2011,23,,,,,,,,
2,41.0,1,32.43328089342256,35.50774252533694,10/05/2011,23,,,,,,,,
2,42.0,1,32.43318312895485,35.50774900305456,10/05/2011,23,,,,,,,,
2,43.0,1,32.43308841604563,35.50776144538394,10/05/2011,23,,,,,,,,
2,44.0,1,32.43299569770584,35.507769428565744,10/05/2011,23,,,,,,,,
2,45.0,1,32.43289475257685,35.507786103120154,10/05/2011,23,,,,,,,,
2,46.0,1,32.432800206690544,35.50780407500803,10/05/2011,23,,,,,,,,
2,47.0,1,32.432699459828356,35.50781330717621,10/05/2011,23,,,,,,,,
2,48.0,1,32.432595734676966,35.50782359263202,10/05/2011,23,,,,,,,,
2,49.0,1,32.432498669301474,35.50783932309771,10/05/2011,23,,,,,,,,
2,50.0,1,32.43239765959547,35.50784536448162,10/05/2011,23,,,,,,,,
2,51.0,1,32.432294640713216,35.50786192557342,10/05/2011,23,,,,,,,,
2,52.0,1,32.432194260424765,35.50786871332219,10/05/2011,23,,,,,,,,
2,53.0,1,32.43209368646767,35.50788102944007,10/05/2011,23,,,,,,,,
2,54.0,1,32.43201881939051,35.507890348143874,10/05/2011,23,,,,,,,,
2,55.0,1,32.43192411900377,35.50789758017806,10/05/2011,23,,,,,,,,
2,56.0,1,32.43181784796877,35.507916575760184,10/05/2011,23,,,,,,,,
2,57.0,1,32.43170528502161,35.507927150381114,10/05/2011,23,,,,,,,,
2,58.0,1,32.43161822580822,35.50794419003475,10/05/2011,23,,,,,,,,
2,59.0,1,32.431506356828855,35.50796614389782,10/05/2011,23,,,,,,,,
2,60.0,1,32.431392543741865,35.507971610553184,10/05/2011,23,,,,,,,,
2,61.0,1,32.43127708446838,35.50798664107264,10/05/2011,23,,,,,,,,
2,62.0,1,32.431169385240004,35.50799957102762,10/05/2011,23,,,,,,,,
2,63.0,1,32.431062410728245,35.50801112113906,10/05/2011,23,,,,,,,,
2,64.0,1,32.43096408518536,35.508025889992574,10/05/2011,23,,,,,,,,
2,65.0,1,32.43085701229367,35.50804084215387,10/05/2011,23,,,,,,,,
2,66.0,1,32.43074119948506,35.50805289419055,10/05/2011,23,,,,,,,,
2,67.0,1,32.4306313335137,35.508066879992285,10/05/2011,23,,,,,,,,
2,68.0,2,32.43053716926923,35.50807613372863,10/05/2011,23,,,,,,,,
2,69.0,1,32.43042368994243,35.50809276550169,10/05/2011,23,,,,,,,,
2,70.0,1,32.430323574239296,35.508101999244175,10/05/2011,23,,,,,,,,
2,71.0,1,32.430204252337575,35.50811084961597,10/05/2011,23,,,,,,,,
2,72.0,1,32.430093926767896,35.50812844878587,10/05/2011,23,,,,,,,,
2,73.0,1,32.42999046438182,35.5081419242428,10/05/2011,23,,,,,,,,
2,74.0,1,32.4298732182577,35.50815003721701,10/05/2011,23,,,,,,,,
2,75.0,1,32.42976370218841,35.50816848959041,10/05/2011,23,,,,,,,,
2,76.0,2,32.42969902159063,35.507917240077795,10/05/2011,23,,,,,,,,
2,77.0,2,32.42979642183801,35.507912250087244,10/05/2011,23,,,,,,,,
2,78.0,2,32.429896280848105,35.50789727377632,10/05/2011,23,,,,,,,,
2,79.0,1,32.429996133451546,35.507884955538756,10/05/2011,23,,,,,,,,
2,80.0,2,32.430094458480745,35.50787039932986,10/05/2011,23,,,,,,,,
2,81.0,2,32.430181579704374,35.50786505586958,10/05/2011,23,,,,,,,,
2,82.0,2,32.43027720720556,35.507847300814966,10/05/2011,23,,,,,,,,
2,83.0,2,32.430377778882196,35.50783594181173,10/05/2011,23,,,,,,,,
2,84.0,2,32.43047907296909,35.50782415990078,10/05/2011,23,,,,,,,,
2,85.0,2,32.430571250050384,35.507816281488516,10/05/2011,23,,,,,,,,
2,86.0,2,32.430660555148634,35.507802758173774,10/05/2011,23,,,,,,,,
2,87.0,2,32.430745716870575,35.50778730709257,10/05/2011,23,,,,,,,,
2,88.0,2,32.430856017291255,35.507780127259245,10/05/2011,23,,,,,,,,
2,89.0,1,32.43095894831612,35.50776260909364,10/05/2011,23,,,,,,,,
2,90.0,2,32.43104463878128,35.50775226335904,10/05/2011,23,,,,,,,,
2,91.0,2,32.43113483024054,35.50774512246653,10/05/2011,23,,,,,,,,
2,92.0,2,32.43123025867582,35.50773512827678,10/05/2011,23,,,,,,,,
2,93.0,2,32.431327496979996,35.507722481959675,10/05/2011,23,,,,,,,,
2,94.0,2,32.43142870214895,35.50771016787576,10/05/2011,23,,,,,,,,
2,95.0,2,32.431534236924726,35.5076973366238,10/05/2011,23,,,,,,,,
2,96.0,2,32.431672354291,35.50767217414163,10/05/2011,23,,,,,,,,
2,97.0,2,32.431761651681164,35.50766184031817,10/05/2011,23,,,,,,,,
2,98.0,2,32.43185230730321,35.50764917182135,10/05/2011,23,,,,,,,,
2,99.0,2,32.43193528486399,35.50764200662548,10/05/2011,23,,,,,,,,
2,100.0,2,32.432032241111244,35.50763414390834,10/05/2011,23,,,,,,,,
2,101.0,2,32.43212884638801,35.50762223955262,10/05/2011,23,,,,,,,,
2,102.0,2,32.43221949765066,35.50761137852395,10/05/2011,23,,,,,,,,
2,103.0,2,32.4323184433396,35.50760118319784,10/05/2011,23,,,,,,,,
2,104.0,2,32.43240630971098,35.507585953363666,10/05/2011,23,,,,,,,,
2,105.0,2,32.43249470023156,35.50757774290314,10/05/2011,23,,,,,,,,
2,106.0,2,32.43259093124035,35.50757147256875,10/05/2011,23,,,,,,,,
2,107.0,2,32.432696294337404,35.50755502526705,10/05/2011,23,,,,,,,,
2,108.0,2,32.432803722722106,35.50754220000285,10/05/2011,23,,,,,,,,
2,109.0,2,32.43289914830388,35.50753337503366,10/05/2011,23,,,,,,,,
2,110.0,2,32.43299262281531,35.50751093345899,10/05/2011,23,,,,,,,,
2,111.0,2,32.4331016643366,35.50750226032022,10/05/2011,23,,,,,,,,
2,112.0,2,32.43319835848054,35.50749088763427,10/05/2011,23,,,,,,,,
2,113.0,1,32.43327485017491,35.50748093594824,10/05/2011,23,,,,,,,,
2,114.0,1,32.4333749836983,35.507464258272314,10/05/2011,23,,,,,,,,
2,115.0,1,32.43346509721556,35.50745201286887,10/05/2011,23,,,,,,,,
2,116.0,1,32.433596240442164,35.50743958569088,10/05/2011,23,,,,,,,,
2,117.0,1,32.43369465784552,35.50742407179681,10/05/2011,23,,,,,,,,
2,118.0,1,32.43379216302425,35.50741291432984,10/05/2011,23,,,,,,,,
2,119.0,1,32.433902459282216,35.507407435090855,10/05/2011,23,,,,,,,,
2,120.0,1,32.433997167032,35.507397118864716,10/05/2011,23,,,,,,,,
2,121.0,2,32.434097653555845,35.507383632047066,10/05/2011,23,,,,,,,,
2,122.0,1,32.434201571272844,35.507368242734536,10/05/2011,23,,,,,,,,
2,123.0,1,32.43430197810175,35.50735039605441,10/05/2011,23,,,,,,,,
2,124.0,1,32.434388572784215,35.507338989295626,10/05/2011,23,,,,,,,,
2,125.0,1,32.43448462570887,35.5073317610247,10/05/2011,23,,,,,,,,
2,126.0,1,32.43458934040076,35.50732243509209,10/05/2011,23,,,,,,,,
2,127.0,1,32.434684060918585,35.507306802218544,10/05/2011,23,,,,,,,,
2,128.0,1,32.43478244863204,35.50730362226515,10/05/2011,23,,,,,,,,
2,129.0,1,32.43487835290529,35.507283208411565,10/05/2011,23,,,,,,,,
2,130.0,1,32.43496935175844,35.50727777077557,10/05/2011,23,,,,,,,,
2,131.0,1,32.43506541208539,35.50726745882347,10/05/2011,23,,,,,,,,
2,132.0,1,32.435153270202235,35.507255630794454,10/05/2011,23,,,,,,,,
2,133.0,1,32.43524799070429,35.50723999775856,10/05/2011,23,,,,,,,,
2,134.0,1,32.43534233619444,35.50723031799304,10/05/2011,23,,,,,,,,
2,135.0,1,32.43550370204866,35.5072119303839,10/05/2011,23,,,,,,,,
2,136.0,1,32.43560292354655,35.50719950223875,10/05/2011,23,,,,,,,,
2,137.0,1,32.43570548273835,35.50718655356394,10/05/2011,23,,,,,,,,
2,138.0,1,32.43581580067978,35.50717203581322,10/05/2011,23,,,,,,,,
2,139.0,1,32.43590760468748,35.50716925900844,10/05/2011,23,,,,,,,,
2,140.0,1,32.43600421855611,35.5071537384183,10/05/2011,23,,,,,,,,
2,141.0,1,32.436091452847315,35.50713882444447,10/05/2011,23,,,,,,,,
2,142.0,1,32.43619616494508,35.50713056145373,10/05/2011,23,,,,,,,,
2,143.0,1,32.4363014298362,35.5071174089981,10/05/2011,23,,,,,,,,
2,144.0,1,32.43639652633094,35.50709539693036,10/05/2011,23,,,,,,,,
2,145.0,1,32.43649302215989,35.507091466052344,10/05/2011,23,,,,,,,,
2,146.0,1,32.4366005424011,35.50707789571533,10/05/2011,23,,,,,,,,
2,147.0,1,32.436701921901445,35.507068026483694,10/05/2011,23,,,,,,,,
2,148.0,1,32.436805832388146,35.50705561369328,10/05/2011,23,,,,,,,,
2,149.0,1,32.43690334234478,35.507042435159725,10/05/2011,23,,,,,,,,
2,150.0,1,32.43700230580351,35.50702479545572,10/05/2011,23,,,,,,,,
2,151.0,1,32.437112061973465,35.50701888844455,10/05/2011,23,,,,,,,,
2,152.0,1,32.43721941206826,35.50700106402407,10/05/2011,23,,,,,,,,
2,153.0,1,32.43731593598044,35.50698543640718,10/05/2011,23,,,,,,,,
2,154.0,1,32.43734476641265,35.50673309649315,10/05/2011,23,,,,,,,,
2,155.0,1,32.437244653458244,35.50674126905363,10/05/2011,23,,,,,,,,
2,156.0,1,32.43713874847127,35.506758141609126,10/05/2011,23,,,,,,,,
2,157.0,1,32.437024200101256,35.50676945594213,10/05/2011,23,,,,,,,,
2,158.0,1,32.436927771233705,35.50678306372772,10/05/2011,23,,,,,,,,
2,159.0,1,32.43682341245928,35.506794412019076,10/05/2011,23,,,,,,,,
2,160.0,1,32.436716964375904,35.506812133288804,10/05/2011,23,,,,,,,,
2,161.0,1,32.4366143094458,35.50682742152577,10/05/2011,23,,,,,,,,
2,162.0,1,32.43651175668508,35.506837712431974,10/05/2011,23,,,,,,,,
2,163.0,1,32.436422451762475,35.506851237524444,10/05/2011,23,,,,,,,,
2,164.0,1,32.4363205199984,35.50686578375716,10/05/2011,23,,,,,,,,
2,165.0,1,32.436220856866576,35.50687438291944,10/05/2011,23,,,,,,,,
2,166.0,2,32.436122640338255,35.50688139190985,10/05/2011,23,,,,,,,,
2,167.0,1,32.43603122103342,35.50687417507233,10/05/2011,23,,,,,,,,
2,168.0,2,32.4359356192777,35.50688129911269,10/05/2011,23,,,,,,,,
2,169.0,2,32.435831788753006,35.50689796553637,10/05/2011,23,,,,,,,,
2,170.0,2,32.435735808935085,35.50691231883875,10/05/2011,23,,,,,,,,
2,171.0,2,32.435630279663386,35.50692291861268,10/05/2011,23,,,,,,,,
2,172.0,2,32.435423439345946,35.5069524260297,10/05/2011,23,,,,,,,,
2,173.0,2,32.435332964185164,35.50696509629634,10/05/2011,23,,,,,,,,
2,174.0,2,32.43523735986056,35.50697328349566,10/05/2011,23,,,,,,,,
2,175.0,2,32.4351548202174,35.5069858738906,10/05/2011,23,,,,,,,,
2,176.0,2,32.43506959529045,35.50699016147333,10/05/2011,23,,,,,,,,
2,177.0,2,32.4349793801691,35.50700719209236,10/05/2011,23,,,,,,,,
2,178.0,2,32.434884937874536,35.507019636332615,10/05/2011,23,,,,,,,,
2,179.0,2,32.43479293792525,35.50702889878506,10/05/2011,23,,,,,,,,
2,180.0,2,32.43470634071975,35.50704136918573,10/05/2011,23,,,,,,,,
2,181.0,2,32.43460973578714,35.507053168147536,10/05/2011,23,,,,,,,,
2,182.0,2,32.434520627259495,35.507059994600745,10/05/2011,23,,,,,,,,
2,183.0,2,32.43442535882932,35.50707849679269,10/05/2011,23,,,,,,,,
2,184.0,2,32.43433173881266,35.50708647776754,10/05/2011,23,,,,,,,,
2,185.0,2,32.434237025981076,35.50709892093788,10/05/2011,23,,,,,,,,
2,186.0,2,32.43414628256953,35.50711063303625,10/05/2011,23,,,,,,,,
2,187.0,2,32.434041556897256,35.507124531318276,10/05/2011,23,,,,,,,,
2,188.0,2,32.43394729850301,35.50713548731395,10/05/2011,23,,,,,,,,
2,189.0,2,32.43384329830176,35.50714768668941,10/05/2011,23,,,,,,,,
2,190.0,2,32.43375805929764,35.507157822143235,10/05/2011,23,,,,,,,,
2,191.0,2,32.43366000492037,35.50717238058576,10/05/2011,23,,,,,,,,
2,192.0,2,32.43356889390005,35.50718696220252,10/05/2011,23,,,,,,,,
2,193.0,2,32.4334787025028,35.50719410382266,10/05/2011,23,,,,,,,,
2,194.0,2,32.43338066038582,35.507203558430064,10/05/2011,23,,,,,,,,
2,195.0,2,32.433282885208904,35.507214502515176,10/05/2011,23,,,,,,,,
2,196.0,2,32.433177076663355,35.50722871591997,10/05/2011,23,,,,,,,,
2,197.0,2,32.43308291072245,35.50723871506089,10/05/2011,23,,,,,,,,
2,198.0,2,32.43297691926787,35.5072539910823,10/05/2011,23,,,,,,,,
2,199.0,2,32.43288428448255,35.50726473959421,10/05/2011,23,,,,,,,,
2,200.0,2,32.43278326713708,35.50727397146592,10/05/2011,23,,,,,,,,
2,201.0,2,32.43267980513401,35.50728734194645,10/05/2011,23,,,,,,,,
2,202.0,2,32.43259412239533,35.50729449847677,10/05/2011,23,,,,,,,,
2,203.0,2,32.4324954342148,35.507310117755935,10/05/2011,23,,,,,,,,
2,204.0,2,32.432390079838115,35.50732295018904,10/05/2011,23,,,,,,,,
2,205.0,2,32.432295722792986,35.50733741427963,10/05/2011,23,,,,,,,,
2,206.0,2,32.43219362437408,35.50734621709047,10/05/2011,23,,,,,,,,
2,207.0,2,32.432099169223044,35.50736397695306,10/05/2011,23,,,,,,,,
2,208.0,2,32.43200537596978,35.50736897970046,10/05/2011,23,,,,,,,,
2,209.0,2,32.43191427257738,35.50738037107263,10/05/2011,23,,,,,,,,
2,210.0,2,32.431823612122585,35.50739506004776,10/05/2011,23,,,,,,,,
2,211.0,2,32.4317295358122,35.507405271832056,10/05/2011,23,,,,,,,,
2,212.0,2,32.4316200411045,35.50741490039731,10/05/2011,23,,,,,,,,
2,213.0,2,32.431481577926846,35.50743389514583,10/05/2011,23,,,,,,,,
2,214.0,2,32.43139533647509,35.507448386127365,10/05/2011,23,,,,,,,,
2,215.0,2,32.43129819604489,35.50745784327681,10/05/2011,23,,,,,,,,
2,216.0,2,32.43120735548196,35.50747242515069,10/05/2011,23,,,,,,,,
2,217.0,2,32.43111534010209,35.507488066330225,10/05/2011,23,,,,,,,,
2,218.0,2,32.431016136417945,35.507493050805024,10/05/2011,23,,,,,,,,
2,219.0,2,32.430916364829336,35.507509197616635,10/05/2011,23,,,,,,,,
2,220.0,2,32.43081993963613,35.507521208872916,10/05/2011,23,,,,,,,,
2,221.0,2,32.43073099782121,35.50753367044376,10/05/2011,23,,,,,,,,
2,222.0,2,32.43063097079844,35.50754354308432,10/05/2011,23,,,,,,,,
2,223.0,2,32.430533555735956,35.507554700351264,10/05/2011,23,,,,,,,,
2,224.0,2,32.430444255778646,35.507566097397884,10/05/2011,23,,,,,,,,
2,225.0,2,32.43035414963077,35.50757525888986,10/05/2011,23,,,,,,,,
2,226.0,2,32.43026060409162,35.50758972512556,10/05/2011,23,,,,,,,,
2,227.0,2,32.43016400262904,35.50760003442081,10/05/2011,23,,,,,,,,
2,228.0,2,32.430071911377354,35.50760972083621,10/05/2011,23,,,,,,,,
2,229.0,2,32.4299799113209,35.507618982237645,10/05/2011,23,,,,,,,,
2,230.0,2,32.42989673956955,35.507631888212956,10/05/2011,23,,,,,,,,
2,231.0,2,32.42980590127208,35.50764551278235,10/05/2011,23,,,,,,,,
2,232.0,2,32.42971533886754,35.50765690542882,10/05/2011,23,,,,,,,,
2,233.0,2,32.42968860548218,35.507411950137495,10/05/2011,23,,,,,,,,
2,234.0,2,32.4297816081785,35.50739822626312,10/05/2011,23,,,,,,,,
2,235.0,2,32.42987090045891,35.507390018851154,10/05/2011,23,,,,,,,,
2,236.0,2,32.429959212846974,35.507376810870625,10/05/2011,23,,,,,,,,
2,237.0,2,32.43004996937939,35.50735967700688,10/05/2011,23,,,,,,,,
2,238.0,2,32.430140169014564,35.50734913341304,10/05/2011,23,,,,,,,,
2,239.0,2,32.430232633469295,35.50733423803125,10/05/2011,23,,,,,,,,
2,240.0,2,32.43033851946292,35.50732534171589,10/05/2011,23,,,,,,,,
2,241.0,1,32.43042710108076,35.507312666135874,10/05/2011,23,,,,,,,,
2,242.0,2,32.43050613324774,35.50729623721045,10/05/2011,23,,,,,,,,
2,243.0,2,32.430590015099334,35.50728801155251,10/05/2011,23,,,,,,,,
2,244.0,2,32.430679499979576,35.50727470096685,10/05/2011,23,,,,,,,,
2,245.0,2,32.43077789440044,35.5072687566294,10/05/2011,23,,,,,,,,
2,246.0,2,32.43086413047251,35.5072564984007,10/05/2011,23,,,,,,,,
2,247.0,2,32.430965507518174,35.507247693194294,10/05/2011,23,,,,,,,,
2,248.0,1,32.431045969923254,35.5072364788878,10/05/2011,23,,,,,,,,
2,249.0,1,32.43113934171126,35.50721924710093,10/05/2011,23,,,,,,,,
2,250.0,1,32.43124326456654,35.507201731560244,10/05/2011,23,,,,,,,,
2,251.0,2,32.43133815013039,35.507192479259366,10/05/2011,23,,,,,,,,
2,252.0,2,32.431424747393514,35.50718000944015,10/05/2011,23,,,,,,,,
2,253.0,2,32.431520442470735,35.50717161041955,10/05/2011,23,,,,,,,,
2,254.0,3,32.43737776548435,35.50647194461646,10/05/2011,23,,,,,,,,
2,255.0,3,32.437281594166976,35.506490976643015,10/05/2011,23,,,,,,,,
2,256.0,3,32.43720125548001,35.506488263056845,10/05/2011,23,,,,,,,,
2,257.0,3,32.43710391190278,35.506507291121075,10/05/2011,23,,,,,,,,
2,258.0,3,32.43699369340924,35.50651798220818,10/05/2011,23,,,,,,,,
2,259.0,3,32.43690559011011,35.50651928337474,10/05/2011,23,,,,,,,,
2,260.0,3,32.436803838481396,35.50653393698812,10/05/2011,23,,,,,,,,
2,261.0,2,32.43670885266513,35.50654744347355,10/05/2011,23,,,,,,,,
2,262.0,2,32.43659792272158,35.506553985115765,10/05/2011,23,,,,,,,,
2,263.0,3,32.43647947521843,35.506574324918155,10/05/2011,23,,,,,,,,
2,264.0,2,32.43640281042339,35.50658129980931,10/05/2011,23,,,,,,,,
2,265.0,2,32.436292578647425,35.506597519974875,10/05/2011,23,,,,,,,,
2,266.0,3,32.436204457481175,35.50660626426582,10/05/2011,23,,,,,,,,
2,267.0,2,32.436104785944934,35.50661837263997,10/05/2011,23,,,,,,,,
2,268.0,2,32.43600519284383,35.5066353725282,10/05/2011,23,,,,,,,,
2,269.0,2,32.43590714187319,35.50664854957251,10/05/2011,23,,,,,,,,
2,270.0,2,32.43580747032866,35.506660657863065,10/05/2011,23,,,,,,,,
2,271.0,3,32.435718783871074,35.506679501684275,10/05/2011,23,,,,,,,,
2,272.0,2,32.435620284576196,35.50669161382891,10/05/2011,23,,,,,,,,
2,273.0,3,32.435534412118066,35.50670270476736,10/05/2011,23,,,,,,,,
2,274.0,3,32.435409576291825,35.50671717460032,10/05/2011,23,,,,,,,,
2,275.0,3,32.43530997882932,35.5067359818736,10/05/2011,23,,,,,,,,
2,276.0,3,32.435212661731995,35.506743950934386,10/05/2011,23,,,,,,,,
2,277.0,3,32.43511603896698,35.50676319339167,10/05/2011,23,,,,,,,,
2,278.0,3,32.435004651482885,35.5067724977487,10/05/2011,23,,,,,,,,
2,279.0,3,32.434895320374615,35.506789145774874,10/05/2011,23,,,,,,,,
2,280.0,3,32.43477651338796,35.506808952052445,10/05/2011,23,,,,,,,,
2,281.0,3,32.43468307399399,35.506816827606194,10/05/2011,23,,,,,,,,
2,282.0,3,32.434582049558315,35.506829037373365,10/05/2011,23,,,,,,,,
2,283.0,3,32.434475347763794,35.506839739536645,10/05/2011,23,,,,,,,,
2,284.0,3,32.43437080196108,35.506853851440205,10/05/2011,23,,,,,,,,
2,285.0,3,32.434259130916985,35.506868577504385,10/05/2011,23,,,,,,,,
2,286.0,3,32.43415008128396,35.506880654036756,10/05/2011,23,,,,,,,,
2,287.0,3,32.43404129859394,35.506894220050015,10/05/2011,23,,,,,,,,
2,288.0,3,32.433920351159394,35.50690413020449,10/05/2011,23,,,,,,,,
2,289.0,3,32.43381951062607,35.50691485177869,10/05/2011,23,,,,,,,,
2,290.0,3,32.433710460981686,35.50692692820111,10/05/2011,23,,,,,,,,
2,291.0,3,32.43360718320501,35.50693870488157,10/05/2011,23,,,,,,,,
2,292.0,3,32.43347502870632,35.50695921042552,10/05/2011,23,,,,,,,,
2,293.0,3,32.43338942748518,35.506969982783154,10/05/2011,23,,,,,,,,
2,294.0,3,32.43328859025875,35.5069793219609,10/05/2011,23,,,,,,,,
2,295.0,3,32.433173682641794,35.50698999640116,10/05/2011,23,,,,,,,,
2,296.0,3,32.43306588927927,35.50700462873776,10/05/2011,23,,,,,,,,
2,297.0,3,32.43295683961448,35.50701670495911,10/05/2011,23,,,,,,,,
2,298.0,3,32.43285879418119,35.50702754196743,10/05/2011,23,,,,,,,,
2,299.0,3,32.43275244281945,35.50704249801329,10/05/2011,23,,,,,,,,
2,300.0,3,32.43263962961536,35.507044673057614,10/05/2011,23,,,,,,,,
2,301.0,3,32.43254348471642,35.50705264549135,10/05/2011,23,,,,,,,,
2,302.0,3,32.43244470434629,35.50706911534149,10/05/2011,23,,,,,,,,
2,303.0,3,32.432333574287476,35.507083842654204,10/05/2011,23,,,,,,,,
2,304.0,3,32.43221983558018,35.507095903024535,10/05/2011,23,,,,,,,,
2,305.0,3,32.43213360465025,35.507106035044245,10/05/2011,23,,,,,,,,
2,306.0,3,32.43204006020887,35.50712007672722,10/05/2011,23,,,,,,,,
2,307.0,3,32.43193336167207,35.50712939602757,10/05/2011,23,,,,,,,,
2,308.0,3,32.431823502459935,35.5071406186364,10/05/2011,23,,,,,,,,
2,309.0,3,32.431719584732356,35.507156007828925,10/05/2011,23,,,,,,,,
2,310.0,3,32.43161639963369,35.50716672104817,10/05/2011,23,,,,,,,,
2,311.0,2,32.43155418930171,35.50689984528431,10/05/2011,23,,,,,,,,
2,312.0,2,32.43143693714845,35.5069105118117,10/05/2011,23,,,,,,,,
2,313.0,2,32.43132564385062,35.506918114735626,10/05/2011,23,,,,,,,,
2,314.0,2,32.43121660080361,35.50692742637944,10/05/2011,23,,,,,,,,
2,315.0,1,32.43112351234299,35.506939343107156,10/05/2011,23,,,,,,,,
2,316.0,1,32.43102384733983,35.50694868602061,10/05/2011,23,,,,,,,,
2,317.0,1,32.43092533799182,35.50696494397438,10/05/2011,23,,,,,,,,
2,318.0,1,32.43081645970396,35.506980741963474,10/05/2011,23,,,,,,,,
2,319.0,1,32.43071020308562,35.50699378419703,10/05/2011,23,,,,,,,,
2,320.0,2,32.43061404820052,35.50700590320511,10/05/2011,23,,,,,,,,
2,321.0,2,32.430513290375266,35.50701970802655,10/05/2011,23,,,,,,,,
2,322.0,1,32.430406853912025,35.50703253692192,10/05/2011,23,,,,,,,,
2,323.0,1,32.43030717892984,35.507046026324495,10/05/2011,23,,,,,,,,
2,324.0,1,32.4301934468324,35.50705532205779,10/05/2011,23,,,,,,,,
2,325.0,1,32.430088727745456,35.50706645540265,10/05/2011,23,,,,,,,,
2,326.0,1,32.4299846324625,35.507080674233414,10/05/2011,23,,,,,,,,
2,327.0,1,32.429882616277744,35.50709277347888,10/05/2011,23,,,,,,,,
2,328.0,1,32.429778338853325,35.507107735914296,10/05/2011,23,,,,,,,,
2,329.0,2,32.431663197107376,35.50690520658935,10/05/2011,23,,,,,,,,
2,330.0,2,32.431757962598994,35.50690839381401,10/05/2011,23,,,,,,,,
2,331.0,2,32.431856367456675,35.50689808963472,10/05/2011,23,,,,,,,,
2,332.0,2,32.43195487346396,35.506883213694344,10/05/2011,23,,,,,,,,
2,333.0,2,32.432049839468164,35.50687800170648,10/05/2011,23,,,,,,,,
2,334.0,2,32.432170145764225,35.50687223633822,10/05/2011,23,,,,,,,,
2,335.0,2,32.4322633386739,35.506854365407996,10/05/2011,23,,,,,,,,
2,336.0,2,32.43235831462846,35.506845006621816,10/05/2011,23,,,,,,,,
2,337.0,2,32.43247620205916,35.50683264078378,10/05/2011,23,,,,,,,,
2,338.0,2,32.43262683421729,35.50681549311637,10/05/2011,23,,,,,,,,
2,339.0,2,32.432751932459254,35.50680442721339,10/05/2011,23,,,,,,,,
2,340.0,2,32.43285168913134,35.5067944463142,10/05/2011,23,,,,,,,,
2,341.0,2,32.43297013341378,35.50677548983547,10/05/2011,23,,,,,,,,
2,342.0,2,32.43307458369718,35.506763610629946,10/05/2011,23,,,,,,,,
2,343.0,2,32.43318788042493,35.50674782675357,10/05/2011,23,,,,,,,,
2,344.0,2,32.43329739343394,35.506730541607354,10/05/2011,23,,,,,,,,
2,345.0,2,32.4334017341409,35.50672674295446,10/05/2011,23,,,,,,,,
2,346.0,2,32.43354869058478,35.50670065102658,10/05/2011,23,,,,,,,,
2,347.0,2,32.43363664292763,35.50668712167811,10/05/2011,23,,,,,,,,
2,348.0,2,32.433725466385226,35.50668635474537,10/05/2011,23,,,,,,,,
2,349.0,2,32.433852116426,35.50666742532904,10/05/2011,23,,,,,,,,
2,350.0,2,32.433960808157444,35.50665417775553,10/05/2011,23,,,,,,,,
2,351.0,2,32.43407075925342,35.50664221031097,10/05/2011,23,,,,,,,,
2,352.0,2,32.43417486233445,35.5066246941705,10/05/2011,23,,,,,,,,
2,353.0,2,32.434266314846624,35.506618087791544,10/05/2011,23,,,,,,,,
2,354.0,2,32.43435686919356,35.50660998978117,10/05/2011,23,,,,,,,,
2,355.0,2,32.43445970345993,35.50659512757682,10/05/2011,23,,,,,,,,
2,356.0,2,32.4345734487162,35.50658030173287,10/05/2011,23,,,,,,,,
2,357.0,2,32.43467665030142,35.50656267609151,10/05/2011,23,,,,,,,,
2,358.0,2,32.43478864909752,35.506561667340655,10/05/2011,23,,,,,,,,
2,359.0,2,32.434895100493286,35.50654256384504,10/05/2011,23,,,,,,,,
2,360.0,2,32.43500297782864,35.506530482904104,10/05/2011,23,,,,,,,,
2,361.0,2,32.43511861135635,35.50651789614572,10/05/2011,23,,,,,,,,
2,362.0,2,32.435223244225384,35.5065050600099,10/05/2011,23,,,,,,,,
2,363.0,2,32.43532418788354,35.50648891527206,10/05/2011,23,,,,,,,,
2,364.0,2,32.43550585618593,35.50646495846896,10/05/2011,23,,,,,,,,
2,365.0,2,32.43559615298978,35.5064514364319,10/05/2011,23,,,,,,,,
2,366.0,2,32.43569780706055,35.50643986620605,10/05/2011,23,,,,,,,,
2,367.0,2,32.43580189683253,35.50642787874809,10/05/2011,23,,,,,,,,
2,368.0,2,32.43588957859777,35.50641434791431,10/05/2011,23,,,,,,,,
2,369.0,2,32.436004486122656,35.506403672452,10/05/2011,23,,,,,,,,
2,370.0,2,32.43610298207202,35.50639294225434,10/05/2011,23,,,,,,,,
2,371.0,2,32.43620274631073,35.50637977061762,10/05/2011,23,,,,,,,,
2,372.0,2,32.436313696390705,35.5063648285864,10/05/2011,23,,,,,,,,
2,373.0,2,32.436414546783375,35.50634995918848,10/05/2011,23,,,,,,,,
2,374.0,2,32.4365176428438,35.506338712556264,10/05/2011,23,,,,,,,,
2,375.0,2,32.43661109365375,35.506326051425425,10/05/2011,23,,,,,,,,
2,376.0,2,32.43671544423697,35.50631810524654,10/05/2011,23,,,,,,,,
2,377.0,2,32.43681269073793,35.50630194772671,10/05/2011,23,,,,,,,,
2,378.0,2,32.43690469162927,35.506292259016654,10/05/2011,23,,,,,,,,
2,379.0,2,32.43699496851961,35.50628703054095,10/05/2011,23,,,,,,,,
2,380.0,2,32.43711178443806,35.506270193818885,10/05/2011,23,,,,,,,,
2,381.0,2,32.437203075911626,35.506255505006685,10/05/2011,23,,,,,,,,
2,382.0,3,32.43729218716655,35.506247507920705,10/05/2011,23,,,,,,,,
3,1.0,1,32.43737581654648,35.50724604775623,19/05/2011,14,,,,,,,,
3,2.0,1,32.4372831777328,35.50725849808529,19/05/2011,14,,,,,,,,
3,3.0,1,32.43718397415136,35.50726348309486,19/05/2011,14,,,,,,,,
3,4.0,1,32.4370937623464,35.50727913149823,19/05/2011,14,,,,,,,,
3,5.0,1,32.436998237719465,35.5072916784413,19/05/2011,14,,,,,,,,
3,6.0,1,32.43690532505189,35.507305510090724,19/05/2011,14,,,,,,,,
3,7.0,1,32.43680601287883,35.507318150649446,19/05/2011,14,,,,,,,,
3,8.0,1,32.436717341171345,35.507330826763294,19/05/2011,14,,,,,,,,
3,9.0,1,32.43661217666853,35.50733972604916,19/05/2011,14,,,,,,,,
3,10.0,1,32.43652378621765,35.50734793708185,19/05/2011,14,,,,,,,,
3,11.0,1,32.43642853260799,35.50736027211952,19/05/2011,14,,,,,,,,
3,12.0,1,32.436338058445244,35.50737251678409,19/05/2011,14,,,,,,,,
3,13.0,1,32.436244988431426,35.50737677781207,19/05/2011,14,,,,,,,,
3,14.0,1,32.43613710106637,35.50739300482369,19/05/2011,14,,,,,,,,
3,15.0,1,32.436043742113,35.50740492077314,19/05/2011,14,,,,,,,,
3,16.0,1,32.43594209870829,35.507412024045856,19/05/2011,14,,,,,,,,
3,17.0,1,32.435834759025525,35.50742548816602,19/05/2011,14,,,,,,,,
3,18.0,1,32.43573111926592,35.507437794982,19/05/2011,14,,,,,,,,
3,19.0,1,32.43562585612521,35.50745020267197,19/05/2011,14,,,,,,,,
3,20.0,1,32.43552843807409,35.50746263657848,19/05/2011,14,,,,,,,,
3,21.0,1,32.43534776968963,35.50748319212731,19/05/2011,14,,,,,,,,
3,22.0,1,32.435247370277914,35.50749795527534,19/05/2011,14,,,,,,,,
3,23.0,2,32.435138134885385,35.507512263503465,19/05/2011,14,,,,,,,,
3,24.0,2,32.435034399560195,35.50752680276319,19/05/2011,14,,,,,,,,
3,25.0,2,32.43492949172069,35.507541444398115,19/05/2011,14,,,,,,,,
3,26.0,1,32.43483839858945,35.50754858274382,19/05/2011,14,,,,,,,,
3,27.0,1,32.434732324886646,35.507560562156456,19/05/2011,14,,,,,,,,
3,28.0,1,32.43460793188794,35.50757832841497,19/05/2011,14,,,,,,,,
3,29.0,1,32.43451141298576,35.50759182836592,19/05/2011,14,,,,,,,,
3,30.0,1,32.43440921161532,35.50760594725266,19/05/2011,14,,,,,,,,
3,31.0,1,32.43431991682456,35.507615218118616,19/05/2011,14,,,,,,,,
3,32.0,1,32.43421078232778,35.50762506054486,19/05/2011,14,,,,,,,,
3,33.0,1,32.43410074506972,35.50763532524649,19/05/2011,14,,,,,,,,
3,34.0,1,32.43399223947865,35.50764612669984,19/05/2011,14,,,,,,,,
3,35.0,1,32.43388607609212,35.50765789293513,19/05/2011,14,,,,,,,,
3,36.0,1,32.43378765482445,35.50767500153603,19/05/2011,14,,,,,,,,
3,37.0,1,32.43368437928811,35.50768582041551,19/05/2011,14,,,,,,,,
3,38.0,1,32.43357974218653,35.507700356238125,19/05/2011,14,,,,,,,,
3,39.0,1,32.43348016171041,35.507712038069485,19/05/2011,14,,,,,,,,
3,40.0,1,32.433373810538114,35.5077268870795,19/05/2011,14,,,,,,,,
3,41.0,1,32.43328089342256,35.50774252533694,19/05/2011,14,,,,,,,,
3,42.0,1,32.43318312895485,35.50774900305456,19/05/2011,14,,,,,,,,
3,43.0,1,32.43308841604563,35.50776144538394,19/05/2011,14,,,,,,,,
3,44.0,1,32.43299569770584,35.507769428565744,19/05/2011,14,,,,,,,,
3,45.0,1,32.43289475257685,35.507786103120154,19/05/2011,14,,,,,,,,
3,46.0,1,32.432800206690544,35.50780407500803,19/05/2011,14,,,,,,,,
3,47.0,1,32.432699459828356,35.50781330717621,19/05/2011,14,,,,,,,,
3,48.0,1,32.432595734676966,35.50782359263202,19/05/2011,14,,,,,,,,
3,49.0,1,32.432498669301474,35.50783932309771,19/05/2011,14,,,,,,,,
3,50.0,1,32.43239765959547,35.50784536448162,19/05/2011,14,,,,,,,,
3,51.0,1,32.432294640713216,35.50786192557342,19/05/2011,14,,,,,,,,
3,52.0,1,32.432194260424765,35.50786871332219,19/05/2011,14,,,,,,,,
3,53.0,1,32.43209368646767,35.50788102944007,19/05/2011,14,,,,,,,,
3,54.0,1,32.43201881939051,35.507890348143874,19/05/2011,14,,,,,,,,
3,55.0,1,32.43192411900377,35.50789758017806,19/05/2011,14,,,,,,,,
3,56.0,1,32.43181784796877,35.507916575760184,19/05/2011,14,,,,,,,,
3,57.0,1,32.43170528502161,35.507927150381114,19/05/2011,14,,,,,,,,
3,58.0,1,32.43161822580822,35.50794419003475,19/05/2011,14,,,,,,,,
3,59.0,1,32.431506356828855,35.50796614389782,19/05/2011,14,,,,,,,,
3,60.0,1,32.431392543741865,35.507971610553184,19/05/2011,14,,,,,,,,
3,61.0,1,32.43127708446838,35.50798664107264,19/05/2011,14,,,,,,,,
3,62.0,1,32.431169385240004,35.50799957102762,19/05/2011,14,,,,,,,,
3,63.0,1,32.431062410728245,35.50801112113906,19/05/2011,14,,,,,,,,
3,64.0,1,32.43096408518536,35.508025889992574,19/05/2011,14,,,,,,,,
3,65.0,1,32.43085701229367,35.50804084215387,19/05/2011,14,,,,,,,,
3,66.0,1,32.43074119948506,35.50805289419055,19/05/2011,14,,,,,,,,
3,67.0,1,32.4306313335137,35.508066879992285,19/05/2011,14,,,,,,,,
3,68.0,2,32.43053716926923,35.50807613372863,19/05/2011,14,,,,,,,,
3,69.0,1,32.43042368994243,35.50809276550169,19/05/2011,14,,,,,,,,
3,70.0,1,32.430323574239296,35.508101999244175,19/05/2011,14,,,,,,,,
3,71.0,1,32.430204252337575,35.50811084961597,19/05/2011,14,,,,,,,,
3,72.0,1,32.430093926767896,35.50812844878587,19/05/2011,14,,,,,,,,
3,73.0,1,32.42999046438182,35.5081419242428,19/05/2011,14,,,,,,,,
3,74.0,1,32.4298732182577,35.50815003721701,19/05/2011,14,,,,,,,,
3,75.0,1,32.42976370218841,35.50816848959041,19/05/2011,14,,,,,,,,
3,76.0,2,32.42969902159063,35.507917240077795,19/05/2011,14,,,,,,,,
3,77.0,2,32.42979642183801,35.507912250087244,19/05/2011,14,,,,,,,,
3,78.0,2,32.429896280848105,35.50789727377632,19/05/2011,14,,,,,,,,
3,79.0,1,32.429996133451546,35.507884955538756,19/05/2011,14,,,,,,,,
3,80.0,2,32.430094458480745,35.50787039932986,19/05/2011,14,,,,,,,,
3,81.0,2,32.430181579704374,35.50786505586958,19/05/2011,14,,,,,,,,
3,82.0,2,32.43027720720556,35.507847300814966,19/05/2011,14,,,,,,,,
3,83.0,2,32.430377778882196,35.50783594181173,19/05/2011,14,,,,,,,,
3,84.0,2,32.43047907296909,35.50782415990078,19/05/2011,14,,,,,,,,
3,85.0,2,32.430571250050384,35.507816281488516,19/05/2011,14,,,,,,,,
3,86.0,2,32.430660555148634,35.507802758173774,19/05/2011,14,,,,,,,,
3,87.0,2,32.430745716870575,35.50778730709257,19/05/2011,14,,,,,,,,
3,88.0,2,32.430856017291255,35.507780127259245,19/05/2011,14,,,,,,,,
3,89.0,1,32.43095894831612,35.50776260909364,19/05/2011,14,,,,,,,,
3,90.0,2,32.43104463878128,35.50775226335904,19/05/2011,14,,,,,,,,
3,91.0,2,32.43113483024054,35.50774512246653,19/05/2011,14,,,,,,,,
3,92.0,2,32.43123025867582,35.50773512827678,19/05/2011,14,,,,,,,,
3,93.0,2,32.431327496979996,35.507722481959675,19/05/2011,14,,,,,,,,
3,94.0,2,32.43142870214895,35.50771016787576,19/05/2011,14,,,,,,,,
3,95.0,2,32.431534236924726,35.5076973366238,19/05/2011,14,,,,,,,,
3,96.0,2,32.431672354291,35.50767217414163,19/05/2011,14,,,,,,,,
3,97.0,2,32.431761651681164,35.50766184031817,19/05/2011,14,,,,,,,,
3,98.0,2,32.43185230730321,35.50764917182135,19/05/2011,14,,,,,,,,
3,99.0,2,32.43193528486399,35.50764200662548,19/05/2011,14,,,,,,,,
3,100.0,2,32.432032241111244,35.50763414390834,19/05/2011,14,,,,,,,,
3,101.0,2,32.43212884638801,35.50762223955262,19/05/2011,14,,,,,,,,
3,102.0,2,32.43221949765066,35.50761137852395,19/05/2011,14,,,,,,,,
3,103.0,2,32.4323184433396,35.50760118319784,19/05/2011,14,,,,,,,,
3,104.0,2,32.43240630971098,35.507585953363666,19/05/2011,14,,,,,,,,
3,105.0,2,32.43249470023156,35.50757774290314,19/05/2011,14,,,,,,,,
3,106.0,2,32.43259093124035,35.50757147256875,19/05/2011,14,,,,,,,,
3,107.0,2,32.432696294337404,35.50755502526705,19/05/2011,14,,,,,,,,
3,108.0,2,32.432803722722106,35.50754220000285,19/05/2011,14,,,,,,,,
3,109.0,2,32.43289914830388,35.50753337503366,19/05/2011,14,,,,,,,,
3,110.0,2,32.43299262281531,35.50751093345899,19/05/2011,14,,,,,,,,
3,111.0,2,32.4331016643366,35.50750226032022,19/05/2011,14,,,,,,,,
3,112.0,2,32.43319835848054,35.50749088763427,19/05/2011,14,,,,,,,,
3,113.0,1,32.43327485017491,35.50748093594824,19/05/2011,14,,,,,,,,
3,114.0,1,32.4333749836983,35.507464258272314,19/05/2011,14,,,,,,,,
3,115.0,1,32.43346509721556,35.50745201286887,19/05/2011,14,,,,,,,,
3,116.0,1,32.433596240442164,35.50743958569088,19/05/2011,14,,,,,,,,
3,117.0,1,32.43369465784552,35.50742407179681,19/05/2011,14,,,,,,,,
3,118.0,1,32.43379216302425,35.50741291432984,19/05/2011,14,,,,,,,,
3,119.0,1,32.433902459282216,35.507407435090855,19/05/2011,14,,,,,,,,
3,120.0,1,32.433997167032,35.507397118864716,19/05/2011,14,,,,,,,,
3,121.0,2,32.434097653555845,35.507383632047066,19/05/2011,14,,,,,,,,
3,122.0,1,32.434201571272844,35.507368242734536,19/05/2011,14,,,,,,,,
3,123.0,1,32.43430197810175,35.50735039605441,19/05/2011,14,,,,,,,,
3,124.0,1,32.434388572784215,35.507338989295626,19/05/2011,14,,,,,,,,
3,125.0,1,32.43448462570887,35.5073317610247,19/05/2011,14,,,,,,,,
3,126.0,1,32.43458934040076,35.50732243509209,19/05/2011,14,,,,,,,,
3,127.0,1,32.434684060918585,35.507306802218544,19/05/2011,14,,,,,,,,
3,128.0,1,32.43478244863204,35.50730362226515,19/05/2011,14,,,,,,,,
3,129.0,1,32.43487835290529,35.507283208411565,19/05/2011,14,,,,,,,,
3,130.0,1,32.43496935175844,35.50727777077557,19/05/2011,14,,,,,,,,
3,131.0,1,32.43506541208539,35.50726745882347,19/05/2011,14,,,,,,,,
3,132.0,1,32.435153270202235,35.507255630794454,19/05/2011,14,,,,,,,,
3,133.0,1,32.43524799070429,35.50723999775856,19/05/2011,14,,,,,,,,
3,134.0,1,32.43534233619444,35.50723031799304,19/05/2011,14,,,,,,,,
3,135.0,1,32.43550370204866,35.5072119303839,19/05/2011,14,,,,,,,,
3,136.0,1,32.43560292354655,35.50719950223875,19/05/2011,14,,,,,,,,
3,137.0,1,32.43570548273835,35.50718655356394,19/05/2011,14,,,,,,,,
3,138.0,1,32.43581580067978,35.50717203581322,19/05/2011,14,,,,,,,,
3,139.0,1,32.43590760468748,35.50716925900844,19/05/2011,14,,,,,,,,
3,140.0,1,32.43600421855611,35.5071537384183,19/05/2011,14,,,,,,,,
3,141.0,1,32.436091452847315,35.50713882444447,19/05/2011,14,,,,,,,,
3,142.0,1,32.43619616494508,35.50713056145373,19/05/2011,14,,,,,,,,
3,143.0,1,32.4363014298362,35.5071174089981,19/05/2011,14,,,,,,,,
3,144.0,1,32.43639652633094,35.50709539693036,19/05/2011,14,,,,,,,,
3,145.0,1,32.43649302215989,35.507091466052344,19/05/2011,14,,,,,,,,
3,146.0,1,32.4366005424011,35.50707789571533,19/05/2011,14,,,,,,,,
3,147.0,1,32.436701921901445,35.507068026483694,19/05/2011,14,,,,,,,,
3,148.0,1,32.436805832388146,35.50705561369328,19/05/2011,14,,,,,,,,
3,149.0,1,32.43690334234478,35.507042435159725,19/05/2011,14,,,,,,,,
3,150.0,1,32.43700230580351,35.50702479545572,19/05/2011,14,,,,,,,,
3,151.0,1,32.437112061973465,35.50701888844455,19/05/2011,14,,,,,,,,
3,152.0,1,32.43721941206826,35.50700106402407,19/05/2011,14,,,,,,,,
3,153.0,1,32.43731593598044,35.50698543640718,19/05/2011,14,,,,,,,,
3,154.0,1,32.43734476641265,35.50673309649315,19/05/2011,14,,,,,,,,
3,155.0,1,32.437244653458244,35.50674126905363,19/05/2011,14,,,,,,,,
3,156.0,1,32.43713874847127,35.506758141609126,19/05/2011,14,,,,,,,,
3,157.0,1,32.437024200101256,35.50676945594213,19/05/2011,14,,,,,,,,
3,158.0,1,32.436927771233705,35.50678306372772,19/05/2011,14,,,,,,,,
3,159.0,1,32.43682341245928,35.506794412019076,19/05/2011,14,,,,,,,,
3,160.0,1,32.436716964375904,35.506812133288804,19/05/2011,14,,,,,,,,
3,161.0,1,32.4366143094458,35.50682742152577,19/05/2011,14,,,,,,,,
3,162.0,1,32.43651175668508,35.506837712431974,19/05/2011,14,,,,,,,,
3,163.0,1,32.436422451762475,35.506851237524444,19/05/2011,14,,,,,,,,
3,164.0,1,32.4363205199984,35.50686578375716,19/05/2011,14,,,,,,,,
3,165.0,1,32.436220856866576,35.50687438291944,19/05/2011,14,,,,,,,,
3,166.0,2,32.436122640338255,35.50688139190985,19/05/2011,14,,,,,,,,
3,167.0,1,32.43603122103342,35.50687417507233,19/05/2011,14,,,,,,,,
3,168.0,2,32.4359356192777,35.50688129911269,19/05/2011,14,,,,,,,,
3,169.0,2,32.435831788753006,35.50689796553637,19/05/2011,14,,,,,,,,
3,170.0,2,32.435735808935085,35.50691231883875,19/05/2011,14,,,,,,,,
3,171.0,2,32.435630279663386,35.50692291861268,19/05/2011,14,,,,,,,,
3,172.0,2,32.435423439345946,35.5069524260297,19/05/2011,14,,,,,,,,
3,173.0,2,32.435332964185164,35.50696509629634,19/05/2011,14,,,,,,,,
3,174.0,2,32.43523735986056,35.50697328349566,19/05/2011,14,,,,,,,,
3,175.0,2,32.4351548202174,35.5069858738906,19/05/2011,14,,,,,,,,
3,176.0,2,32.43506959529045,35.50699016147333,19/05/2011,14,,,,,,,,
3,177.0,2,32.4349793801691,35.50700719209236,19/05/2011,14,,,,,,,,
3,178.0,2,32.434884937874536,35.507019636332615,19/05/2011,14,,,,,,,,
3,179.0,2,32.43479293792525,35.50702889878506,19/05/2011,14,,,,,,,,
3,180.0,2,32.43470634071975,35.50704136918573,19/05/2011,14,,,,,,,,
3,181.0,2,32.43460973578714,35.507053168147536,19/05/2011,14,,,,,,,,
3,182.0,2,32.434520627259495,35.507059994600745,19/05/2011,14,,,,,,,,
3,183.0,2,32.43442535882932,35.50707849679269,19/05/2011,14,,,,,,,,
3,184.0,2,32.43433173881266,35.50708647776754,19/05/2011,14,,,,,,,,
3,185.0,2,32.434237025981076,35.50709892093788,19/05/2011,14,,,,,,,,
3,186.0,2,32.43414628256953,35.50711063303625,19/05/2011,14,,,,,,,,
3,187.0,2,32.434041556897256,35.507124531318276,19/05/2011,14,,,,,,,,
3,188.0,2,32.43394729850301,35.50713548731395,19/05/2011,14,,,,,,,,
3,189.0,2,32.43384329830176,35.50714768668941,19/05/2011,14,,,,,,,,
3,190.0,2,32.43375805929764,35.507157822143235,19/05/2011,14,,,,,,,,
3,191.0,2,32.43366000492037,35.50717238058576,19/05/2011,14,,,,,,,,
3,192.0,2,32.43356889390005,35.50718696220252,19/05/2011,14,,,,,,,,
3,193.0,2,32.4334787025028,35.50719410382266,19/05/2011,14,,,,,,,,
3,194.0,2,32.43338066038582,35.507203558430064,19/05/2011,14,,,,,,,,
3,195.0,2,32.433282885208904,35.507214502515176,19/05/2011,14,,,,,,,,
3,196.0,2,32.433177076663355,35.50722871591997,19/05/2011,14,,,,,,,,
3,197.0,2,32.43308291072245,35.50723871506089,19/05/2011,14,,,,,,,,
3,198.0,2,32.43297691926787,35.5072539910823,19/05/2011,14,,,,,,,,
3,199.0,2,32.43288428448255,35.50726473959421,19/05/2011,14,,,,,,,,
3,200.0,2,32.43278326713708,35.50727397146592,19/05/2011,14,,,,,,,,
3,201.0,2,32.43267980513401,35.50728734194645,19/05/2011,14,,,,,,,,
3,202.0,2,32.43259412239533,35.50729449847677,19/05/2011,14,,,,,,,,
3,203.0,2,32.4324954342148,35.507310117755935,19/05/2011,14,,,,,,,,
3,204.0,2,32.432390079838115,35.50732295018904,19/05/2011,14,,,,,,,,
3,205.0,2,32.432295722792986,35.50733741427963,19/05/2011,14,,,,,,,,
3,206.0,2,32.43219362437408,35.50734621709047,19/05/2011,14,,,,,,,,
3,207.0,2,32.432099169223044,35.50736397695306,19/05/2011,14,,,,,,,,
3,208.0,2,32.43200537596978,35.50736897970046,19/05/2011,14,,,,,,,,
3,209.0,2,32.43191427257738,35.50738037107263,19/05/2011,14,,,,,,,,
3,210.0,2,32.431823612122585,35.50739506004776,19/05/2011,14,,,,,,,,
3,211.0,2,32.4317295358122,35.507405271832056,19/05/2011,14,,,,,,,,
3,212.0,2,32.4316200411045,35.50741490039731,19/05/2011,14,,,,,,,,
3,213.0,2,32.431481577926846,35.50743389514583,19/05/2011,14,,,,,,,,
3,214.0,2,32.43139533647509,35.507448386127365,19/05/2011,14,,,,,,,,
3,215.0,2,32.43129819604489,35.50745784327681,19/05/2011,14,,,,,,,,
3,216.0,2,32.43120735548196,35.50747242515069,19/05/2011,14,,,,,,,,
3,217.0,2,32.43111534010209,35.507488066330225,19/05/2011,14,,,,,,,,
3,218.0,2,32.431016136417945,35.507493050805024,19/05/2011,14,,,,,,,,
3,219.0,2,32.430916364829336,35.507509197616635,19/05/2011,14,,,,,,,,
3,220.0,2,32.43081993963613,35.507521208872916,19/05/2011,14,,,,,,,,
3,221.0,2,32.43073099782121,35.50753367044376,19/05/2011,14,,,,,,,,
3,222.0,2,32.43063097079844,35.50754354308432,19/05/2011,14,,,,,,,,
3,223.0,2,32.430533555735956,35.507554700351264,19/05/2011,14,,,,,,,,
3,224.0,2,32.430444255778646,35.507566097397884,19/05/2011,14,,,,,,,,
3,225.0,2,32.43035414963077,35.50757525888986,19/05/2011,14,,,,,,,,
3,226.0,2,32.43026060409162,35.50758972512556,19/05/2011,14,,,,,,,,
3,227.0,2,32.43016400262904,35.50760003442081,19/05/2011,14,,,,,,,,
3,228.0,2,32.430071911377354,35.50760972083621,19/05/2011,14,,,,,,,,
3,229.0,2,32.4299799113209,35.507618982237645,19/05/2011,14,,,,,,,,
3,230.0,2,32.42989673956955,35.507631888212956,19/05/2011,14,,,,,,,,
3,231.0,2,32.42980590127208,35.50764551278235,19/05/2011,14,,,,,,,,
3,232.0,2,32.42971533886754,35.50765690542882,19/05/2011,14,,,,,,,,
3,233.0,2,32.42968860548218,35.507411950137495,19/05/2011,14,,,,,,,,
3,234.0,2,32.4297816081785,35.50739822626312,19/05/2011,14,,,,,,,,
3,235.0,2,32.42987090045891,35.507390018851154,19/05/2011,14,,,,,,,,
3,236.0,2,32.429959212846974,35.507376810870625,19/05/2011,14,,,,,,,,
3,237.0,2,32.43004996937939,35.50735967700688,19/05/2011,14,,,,,,,,
3,238.0,2,32.430140169014564,35.50734913341304,19/05/2011,14,,,,,,,,
3,239.0,2,32.430232633469295,35.50733423803125,19/05/2011,14,,,,,,,,
3,240.0,2,32.43033851946292,35.50732534171589,19/05/2011,14,,,,,,,,
3,241.0,1,32.43042710108076,35.507312666135874,19/05/2011,14,,,,,,,,
3,242.0,2,32.43050613324774,35.50729623721045,19/05/2011,14,,,,,,,,
3,243.0,2,32.430590015099334,35.50728801155251,19/05/2011,14,,,,,,,,
3,244.0,2,32.430679499979576,35.50727470096685,19/05/2011,14,,,,,,,,
3,245.0,2,32.43077789440044,35.5072687566294,19/05/2011,14,,,,,,,,
3,246.0,2,32.43086413047251,35.5072564984007,19/05/2011,14,,,,,,,,
3,247.0,2,32.430965507518174,35.507247693194294,19/05/2011,14,,,,,,,,
3,248.0,1,32.431045969923254,35.5072364788878,19/05/2011,14,,,,,,,,
3,249.0,1,32.43113934171126,35.50721924710093,19/05/2011,14,,,,,,,,
3,250.0,1,32.43124326456654,35.507201731560244,19/05/2011,14,,,,,,,,
3,251.0,2,32.43133815013039,35.507192479259366,19/05/2011,14,,,,,,,,
3,252.0,2,32.431424747393514,35.50718000944015,19/05/2011,14,,,,,,,,
3,253.0,2,32.431520442470735,35.50717161041955,19/05/2011,14,,,,,,,,
3,254.0,3,32.43737776548435,35.50647194461646,19/05/2011,14,,,,,,,,
3,255.0,3,32.437281594166976,35.506490976643015,19/05/2011,14,,,,,,,,
3,256.0,3,32.43720125548001,35.506488263056845,19/05/2011,14,,,,,,,,
3,257.0,3,32.43710391190278,35.506507291121075,19/05/2011,14,,,,,,,,
3,258.0,3,32.43699369340924,35.50651798220818,19/05/2011,14,,,,,,,,
3,259.0,3,32.43690559011011,35.50651928337474,19/05/2011,14,,,,,,,,
3,260.0,3,32.436803838481396,35.50653393698812,19/05/2011,14,,,,,,,,
3,261.0,2,32.43670885266513,35.50654744347355,19/05/2011,14,,,,,,,,
3,262.0,2,32.43659792272158,35.506553985115765,19/05/2011,14,,,,,,,,
3,263.0,3,32.43647947521843,35.506574324918155,19/05/2011,14,,,,,,,,
3,264.0,2,32.43640281042339,35.50658129980931,19/05/2011,14,,,,,,,,
3,265.0,2,32.436292578647425,35.506597519974875,19/05/2011,14,,,,,,,,
3,266.0,3,32.436204457481175,35.50660626426582,19/05/2011,14,,,,,,,,
3,267.0,2,32.436104785944934,35.50661837263997,19/05/2011,14,,,,,,,,
3,268.0,2,32.43600519284383,35.5066353725282,19/05/2011,14,,,,,,,,
3,269.0,2,32.43590714187319,35.50664854957251,19/05/2011,14,,,,,,,,
3,270.0,2,32.43580747032866,35.506660657863065,19/05/2011,14,,,,,,,,
3,271.0,3,32.435718783871074,35.506679501684275,19/05/2011,14,,,,,,,,
3,272.0,2,32.435620284576196,35.50669161382891,19/05/2011,14,,,,,,,,
3,273.0,3,32.435534412118066,35.50670270476736,19/05/2011,14,,,,,,,,
3,274.0,3,32.435409576291825,35.50671717460032,19/05/2011,14,,,,,,,,
3,275.0,3,32.43530997882932,35.5067359818736,19/05/2011,14,,,,,,,,
3,276.0,3,32.435212661731995,35.506743950934386,19/05/2011,14,,,,,,,,
3,277.0,3,32.43511603896698,35.50676319339167,19/05/2011,14,,,,,,,,
3,278.0,3,32.435004651482885,35.5067724977487,19/05/2011,14,,,,,,,,
3,279.0,3,32.434895320374615,35.506789145774874,19/05/2011,14,,,,,,,,
3,280.0,3,32.43477651338796,35.506808952052445,19/05/2011,14,,,,,,,,
3,281.0,3,32.43468307399399,35.506816827606194,19/05/2011,14,,,,,,,,
3,282.0,3,32.434582049558315,35.506829037373365,19/05/2011,14,,,,,,,,
3,283.0,3,32.434475347763794,35.506839739536645,19/05/2011,14,,,,,,,,
3,284.0,3,32.43437080196108,35.506853851440205,19/05/2011,14,,,,,,,,
3,285.0,3,32.434259130916985,35.506868577504385,19/05/2011,14,,,,,,,,
3,286.0,3,32.43415008128396,35.506880654036756,19/05/2011,14,,,,,,,,
3,287.0,3,32.43404129859394,35.506894220050015,19/05/2011,14,,,,,,,,
3,288.0,3,32.433920351159394,35.50690413020449,19/05/2011,14,,,,,,,,
3,289.0,3,32.43381951062607,35.50691485177869,19/05/2011,14,,,,,,,,
3,290.0,3,32.433710460981686,35.50692692820111,19/05/2011,14,,,,,,,,
3,291.0,3,32.43360718320501,35.50693870488157,19/05/2011,14,,,,,,,,
3,292.0,3,32.43347502870632,35.50695921042552,19/05/2011,14,,,,,,,,
3,293.0,3,32.43338942748518,35.506969982783154,19/05/2011,14,,,,,,,,
3,294.0,3,32.43328859025875,35.5069793219609,19/05/2011,14,,,,,,,,
3,295.0,3,32.433173682641794,35.50698999640116,19/05/2011,14,,,,,,,,
3,296.0,3,32.43306588927927,35.50700462873776,19/05/2011,14,,,,,,,,
3,297.0,3,32.43295683961448,35.50701670495911,19/05/2011,14,,,,,,,,
3,298.0,3,32.43285879418119,35.50702754196743,19/05/2011,14,,,,,,,,
3,299.0,3,32.43275244281945,35.50704249801329,19/05/2011,14,,,,,,,,
3,300.0,3,32.43263962961536,35.507044673057614,19/05/2011,14,,,,,,,,
3,301.0,3,32.43254348471642,35.50705264549135,19/05/2011,14,,,,,,,,
3,302.0,3,32.43244470434629,35.50706911534149,19/05/2011,14,,,,,,,,
3,303.0,3,32.432333574287476,35.507083842654204,19/05/2011,14,,,,,,,,
3,304.0,3,32.43221983558018,35.507095903024535,19/05/2011,14,,,,,,,,
3,305.0,3,32.43213360465025,35.507106035044245,19/05/2011,14,,,,,,,,
3,306.0,3,32.43204006020887,35.50712007672722,19/05/2011,14,,,,,,,,
3,307.0,3,32.43193336167207,35.50712939602757,19/05/2011,14,,,,,,,,
3,308.0,3,32.431823502459935,35.5071406186364,19/05/2011,14,,,,,,,,
3,309.0,3,32.431719584732356,35.507156007828925,19/05/2011,14,,,,,,,,
3,310.0,3,32.43161639963369,35.50716672104817,19/05/2011,14,,,,,,,,
3,311.0,2,32.43155418930171,35.50689984528431,19/05/2011,14,,,,,,,,
3,312.0,2,32.43143693714845,35.5069105118117,19/05/2011,14,,,,,,,,
3,313.0,2,32.43132564385062,35.506918114735626,19/05/2011,14,,,,,,,,
3,314.0,2,32.43121660080361,35.50692742637944,19/05/2011,14,,,,,,,,
3,315.0,1,32.43112351234299,35.506939343107156,19/05/2011,14,,,,,,,,
3,316.0,1,32.43102384733983,35.50694868602061,19/05/2011,14,,,,,,,,
3,317.0,1,32.43092533799182,35.50696494397438,19/05/2011,14,,,,,,,,
3,318.0,1,32.43081645970396,35.506980741963474,19/05/2011,14,,,,,,,,
3,319.0,1,32.43071020308562,35.50699378419703,19/05/2011,14,,,,,,,,
3,320.0,2,32.43061404820052,35.50700590320511,19/05/2011,14,,,,,,,,
3,321.0,2,32.430513290375266,35.50701970802655,19/05/2011,14,,,,,,,,
3,322.0,1,32.430406853912025,35.50703253692192,19/05/2011,14,,,,,,,,
3,323.0,1,32.43030717892984,35.507046026324495,19/05/2011,14,,,,,,,,
3,324.0,1,32.4301934468324,35.50705532205779,19/05/2011,14,,,,,,,,
3,325.0,1,32.430088727745456,35.50706645540265,19/05/2011,14,,,,,,,,
3,326.0,1,32.4299846324625,35.507080674233414,19/05/2011,14,,,,,,,,
3,327.0,1,32.429882616277744,35.50709277347888,19/05/2011,14,,,,,,,,
3,328.0,1,32.429778338853325,35.507107735914296,19/05/2011,14,,,,,,,,
3,329.0,2,32.431663197107376,35.50690520658935,19/05/2011,14,,,,,,,,
3,330.0,2,32.431757962598994,35.50690839381401,19/05/2011,14,,,,,,,,
3,331.0,2,32.431856367456675,35.50689808963472,19/05/2011,14,,,,,,,,
3,332.0,2,32.43195487346396,35.506883213694344,19/05/2011,14,,,,,,,,
3,333.0,2,32.432049839468164,35.50687800170648,19/05/2011,14,,,,,,,,
3,334.0,2,32.432170145764225,35.50687223633822,19/05/2011,14,,,,,,,,
3,335.0,2,32.4322633386739,35.506854365407996,19/05/2011,14,,,,,,,,
3,336.0,2,32.43235831462846,35.506845006621816,19/05/2011,14,,,,,,,,
3,337.0,2,32.43247620205916,35.50683264078378,19/05/2011,14,,,,,,,,
3,338.0,2,32.43262683421729,35.50681549311637,19/05/2011,14,,,,,,,,
3,339.0,2,32.432751932459254,35.50680442721339,19/05/2011,14,,,,,,,,
3,340.0,2,32.43285168913134,35.5067944463142,19/05/2011,14,,,,,,,,
3,341.0,2,32.43297013341378,35.50677548983547,19/05/2011,14,,,,,,,,
3,342.0,2,32.43307458369718,35.506763610629946,19/05/2011,14,,,,,,,,
3,343.0,2,32.43318788042493,35.50674782675357,19/05/2011,14,,,,,,,,
3,344.0,2,32.43329739343394,35.506730541607354,19/05/2011,14,,,,,,,,
3,345.0,2,32.4334017341409,35.50672674295446,19/05/2011,14,,,,,,,,
3,346.0,2,32.43354869058478,35.50670065102658,19/05/2011,14,,,,,,,,
3,347.0,2,32.43363664292763,35.50668712167811,19/05/2011,14,,,,,,,,
3,348.0,2,32.433725466385226,35.50668635474537,19/05/2011,14,,,,,,,,
3,349.0,2,32.433852116426,35.50666742532904,19/05/2011,14,,,,,,,,
3,350.0,2,32.433960808157444,35.50665417775553,19/05/2011,14,,,,,,,,
3,351.0,2,32.43407075925342,35.50664221031097,19/05/2011,14,,,,,,,,
3,352.0,2,32.43417486233445,35.5066246941705,19/05/2011,14,,,,,,,,
3,353.0,2,32.434266314846624,35.506618087791544,19/05/2011,14,,,,,,,,
3,354.0,2,32.43435686919356,35.50660998978117,19/05/2011,14,,,,,,,,
3,355.0,2,32.43445970345993,35.50659512757682,19/05/2011,14,,,,,,,,
3,356.0,2,32.4345734487162,35.50658030173287,19/05/2011,14,,,,,,,,
3,357.0,2,32.43467665030142,35.50656267609151,19/05/2011,14,,,,,,,,
3,358.0,2,32.43478864909752,35.506561667340655,19/05/2011,14,,,,,,,,
3,359.0,2,32.434895100493286,35.50654256384504,19/05/2011,14,,,,,,,,
3,360.0,2,32.43500297782864,35.506530482904104,19/05/2011,14,,,,,,,,
3,361.0,2,32.43511861135635,35.50651789614572,19/05/2011,14,,,,,,,,
3,362.0,2,32.435223244225384,35.5065050600099,19/05/2011,14,,,,,,,,
3,363.0,2,32.43532418788354,35.50648891527206,19/05/2011,14,,,,,,,,
3,364.0,2,32.43550585618593,35.50646495846896,19/05/2011,14,,,,,,,,
3,365.0,2,32.43559615298978,35.5064514364319,19/05/2011,14,,,,,,,,
3,366.0,2,32.43569780706055,35.50643986620605,19/05/2011,14,,,,,,,,
3,367.0,2,32.43580189683253,35.50642787874809,19/05/2011,14,,,,,,,,
3,368.0,2,32.43588957859777,35.50641434791431,19/05/2011,14,,,,,,,,
3,369.0,2,32.436004486122656,35.506403672452,19/05/2011,14,,,,,,,,
3,370.0,2,32.43610298207202,35.50639294225434,19/05/2011,14,,,,,,,,
3,371.0,2,32.43620274631073,35.50637977061762,19/05/2011,14,,,,,,,,
3,372.0,2,32.436313696390705,35.5063648285864,19/05/2011,14,,,,,,,,
3,373.0,2,32.436414546783375,35.50634995918848,19/05/2011,14,,,,,,,,
3,374.0,2,32.4365176428438,35.506338712556264,19/05/2011,14,,,,,,,,
3,375.0,2,32.43661109365375,35.506326051425425,19/05/2011,14,,,,,,,,
3,376.0,2,32.43671544423697,35.50631810524654,19/05/2011,14,,,,,,,,
3,377.0,2,32.43681269073793,35.50630194772671,19/05/2011,14,,,,,,,,
3,378.0,2,32.43690469162927,35.506292259016654,19/05/2011,14,,,,,,,,
3,379.0,2,32.43699496851961,35.50628703054095,19/05/2011,14,,,,,,,,
3,380.0,2,32.43711178443806,35.506270193818885,19/05/2011,14,,,,,,,,
3,381.0,2,32.437203075911626,35.506255505006685,19/05/2011,14,,,,,,,,
3,382.0,3,32.43729218716655,35.506247507920705,19/05/2011,14,,,,,,,,
4,1.0,1,32.43737581654648,35.50724604775623,29/05/2011,4,,,,,,,,
4,2.0,1,32.4372831777328,35.50725849808529,29/05/2011,4,,,,,,,,
4,3.0,1,32.43718397415136,35.50726348309486,29/05/2011,4,,,,,,,,
4,4.0,1,32.4370937623464,35.50727913149823,29/05/2011,4,,,,,,,,
4,5.0,1,32.436998237719465,35.5072916784413,29/05/2011,4,,,,,,,,
4,6.0,1,32.43690532505189,35.507305510090724,29/05/2011,4,,,,,,,,
4,7.0,1,32.43680601287883,35.507318150649446,29/05/2011,4,,,,,,,,
4,8.0,1,32.436717341171345,35.507330826763294,29/05/2011,4,,,,,,,,
4,9.0,1,32.43661217666853,35.50733972604916,29/05/2011,4,,,,,,,,
4,10.0,1,32.43652378621765,35.50734793708185,29/05/2011,4,,,,,,,,
4,11.0,1,32.43642853260799,35.50736027211952,29/05/2011,4,,,,,,,,
4,12.0,1,32.436338058445244,35.50737251678409,29/05/2011,4,,,,,,,,
4,13.0,1,32.436244988431426,35.50737677781207,29/05/2011,4,,,,,,,,
4,14.0,1,32.43613710106637,35.50739300482369,29/05/2011,4,,,,,,,,
4,15.0,1,32.436043742113,35.50740492077314,29/05/2011,4,,,,,,,,
4,16.0,1,32.43594209870829,35.507412024045856,29/05/2011,4,,,,,,,,
4,17.0,1,32.435834759025525,35.50742548816602,29/05/2011,4,,,,,,,,
4,18.0,1,32.43573111926592,35.507437794982,29/05/2011,4,,,,,,,,
4,19.0,1,32.43562585612521,35.50745020267197,29/05/2011,4,,,,,,,,
4,20.0,1,32.43552843807409,35.50746263657848,29/05/2011,4,,,,,,,,
4,21.0,1,32.43534776968963,35.50748319212731,29/05/2011,4,,,,,,,,
4,22.0,1,32.435247370277914,35.50749795527534,29/05/2011,4,,,,,,,,
4,23.0,2,32.435138134885385,35.507512263503465,29/05/2011,4,,,,,,,,
4,24.0,2,32.435034399560195,35.50752680276319,29/05/2011,4,,,,,,,,
4,25.0,2,32.43492949172069,35.507541444398115,29/05/2011,4,,,,,,,,
4,26.0,1,32.43483839858945,35.50754858274382,29/05/2011,4,,,,,,,,
4,27.0,1,32.434732324886646,35.507560562156456,29/05/2011,4,,,,,,,,
4,28.0,1,32.43460793188794,35.50757832841497,29/05/2011,4,,,,,,,,
4,29.0,1,32.43451141298576,35.50759182836592,29/05/2011,4,,,,,,,,
4,30.0,1,32.43440921161532,35.50760594725266,29/05/2011,4,,,,,,,,
4,31.0,1,32.43431991682456,35.507615218118616,29/05/2011,4,,,,,,,,
4,32.0,1,32.43421078232778,35.50762506054486,29/05/2011,4,,,,,,,,
4,33.0,1,32.43410074506972,35.50763532524649,29/05/2011,4,,,,,,,,
4,34.0,1,32.43399223947865,35.50764612669984,29/05/2011,4,,,,,,,,
4,35.0,1,32.43388607609212,35.50765789293513,29/05/2011,4,,,,,,,,
4,36.0,1,32.43378765482445,35.50767500153603,29/05/2011,4,,,,,,,,
4,37.0,1,32.43368437928811,35.50768582041551,29/05/2011,4,,,,,,,,
4,38.0,1,32.43357974218653,35.507700356238125,29/05/2011,4,,,,,,,,
4,39.0,1,32.43348016171041,35.507712038069485,29/05/2011,4,,,,,,,,
4,40.0,1,32.433373810538114,35.5077268870795,29/05/2011,4,,,,,,,,
4,41.0,1,32.43328089342256,35.50774252533694,29/05/2011,4,,,,,,,,
4,42.0,1,32.43318312895485,35.50774900305456,29/05/2011,4,,,,,,,,
4,43.0,1,32.43308841604563,35.50776144538394,29/05/2011,4,,,,,,,,
4,44.0,1,32.43299569770584,35.507769428565744,29/05/2011,4,,,,,,,,
4,45.0,1,32.43289475257685,35.507786103120154,29/05/2011,4,,,,,,,,
4,46.0,1,32.432800206690544,35.50780407500803,29/05/2011,4,,,,,,,,
4,47.0,1,32.432699459828356,35.50781330717621,29/05/2011,4,,,,,,,,
4,48.0,1,32.432595734676966,35.50782359263202,29/05/2011,4,,,,,,,,
4,49.0,1,32.432498669301474,35.50783932309771,29/05/2011,4,,,,,,,,
4,50.0,1,32.43239765959547,35.50784536448162,29/05/2011,4,,,,,,,,
4,51.0,1,32.432294640713216,35.50786192557342,29/05/2011,4,,,,,,,,
4,52.0,1,32.432194260424765,35.50786871332219,29/05/2011,4,,,,,,,,
4,53.0,1,32.43209368646767,35.50788102944007,29/05/2011,4,,,,,,,,
4,54.0,1,32.43201881939051,35.507890348143874,29/05/2011,4,,,,,,,,
4,55.0,1,32.43192411900377,35.50789758017806,29/05/2011,4,,,,,,,,
4,56.0,1,32.43181784796877,35.507916575760184,29/05/2011,4,,,,,,,,
4,57.0,1,32.43170528502161,35.507927150381114,29/05/2011,4,,,,,,,,
4,58.0,1,32.43161822580822,35.50794419003475,29/05/2011,4,,,,,,,,
4,59.0,1,32.431506356828855,35.50796614389782,29/05/2011,4,,,,,,,,
4,60.0,1,32.431392543741865,35.507971610553184,29/05/2011,4,,,,,,,,
4,61.0,1,32.43127708446838,35.50798664107264,29/05/2011,4,,,,,,,,
4,62.0,1,32.431169385240004,35.50799957102762,29/05/2011,4,,,,,,,,
4,63.0,1,32.431062410728245,35.50801112113906,29/05/2011,4,,,,,,,,
4,64.0,1,32.43096408518536,35.508025889992574,29/05/2011,4,,,,,,,,
4,65.0,1,32.43085701229367,35.50804084215387,29/05/2011,4,,,,,,,,
4,66.0,1,32.43074119948506,35.50805289419055,29/05/2011,4,,,,,,,,
4,67.0,1,32.4306313335137,35.508066879992285,29/05/2011,4,,,,,,,,
4,68.0,2,32.43053716926923,35.50807613372863,29/05/2011,4,,,,,,,,
4,69.0,1,32.43042368994243,35.50809276550169,29/05/2011,4,,,,,,,,
4,70.0,1,32.430323574239296,35.508101999244175,29/05/2011,4,,,,,,,,
4,71.0,1,32.430204252337575,35.50811084961597,29/05/2011,4,,,,,,,,
4,72.0,1,32.430093926767896,35.50812844878587,29/05/2011,4,,,,,,,,
4,73.0,1,32.42999046438182,35.5081419242428,29/05/2011,4,,,,,,,,
4,74.0,1,32.4298732182577,35.50815003721701,29/05/2011,4,,,,,,,,
4,75.0,1,32.42976370218841,35.50816848959041,29/05/2011,4,,,,,,,,
4,76.0,2,32.42969902159063,35.507917240077795,29/05/2011,4,,,,,,,,
4,77.0,2,32.42979642183801,35.507912250087244,29/05/2011,4,,,,,,,,
4,78.0,2,32.429896280848105,35.50789727377632,29/05/2011,4,,,,,,,,
4,79.0,1,32.429996133451546,35.507884955538756,29/05/2011,4,,,,,,,,
4,80.0,2,32.430094458480745,35.50787039932986,29/05/2011,4,,,,,,,,
4,81.0,2,32.430181579704374,35.50786505586958,29/05/2011,4,,,,,,,,
4,82.0,2,32.43027720720556,35.507847300814966,29/05/2011,4,,,,,,,,
4,83.0,2,32.430377778882196,35.50783594181173,29/05/2011,4,,,,,,,,
4,84.0,2,32.43047907296909,35.50782415990078,29/05/2011,4,,,,,,,,
4,85.0,2,32.430571250050384,35.507816281488516,29/05/2011,4,,,,,,,,
4,86.0,2,32.430660555148634,35.507802758173774,29/05/2011,4,,,,,,,,
4,87.0,2,32.430745716870575,35.50778730709257,29/05/2011,4,,,,,,,,
4,88.0,2,32.430856017291255,35.507780127259245,29/05/2011,4,,,,,,,,
4,89.0,1,32.43095894831612,35.50776260909364,29/05/2011,4,,,,,,,,
4,90.0,2,32.43104463878128,35.50775226335904,29/05/2011,4,,,,,,,,
4,91.0,2,32.43113483024054,35.50774512246653,29/05/2011,4,,,,,,,,
4,92.0,2,32.43123025867582,35.50773512827678,29/05/2011,4,,,,,,,,
4,93.0,2,32.431327496979996,35.507722481959675,29/05/2011,4,,,,,,,,
4,94.0,2,32.43142870214895,35.50771016787576,29/05/2011,4,,,,,,,,
4,95.0,2,32.431534236924726,35.5076973366238,29/05/2011,4,,,,,,,,
4,96.0,2,32.431672354291,35.50767217414163,29/05/2011,4,,,,,,,,
4,97.0,2,32.431761651681164,35.50766184031817,29/05/2011,4,,,,,,,,
4,98.0,2,32.43185230730321,35.50764917182135,29/05/2011,4,,,,,,,,
4,99.0,2,32.43193528486399,35.50764200662548,29/05/2011,4,,,,,,,,
4,100.0,2,32.432032241111244,35.50763414390834,29/05/2011,4,,,,,,,,
4,101.0,2,32.43212884638801,35.50762223955262,29/05/2011,4,,,,,,,,
4,102.0,2,32.43221949765066,35.50761137852395,29/05/2011,4,,,,,,,,
4,103.0,2,32.4323184433396,35.50760118319784,29/05/2011,4,,,,,,,,
4,104.0,2,32.43240630971098,35.507585953363666,29/05/2011,4,,,,,,,,
4,105.0,2,32.43249470023156,35.50757774290314,29/05/2011,4,,,,,,,,
4,106.0,2,32.43259093124035,35.50757147256875,29/05/2011,4,,,,,,,,
4,107.0,2,32.432696294337404,35.50755502526705,29/05/2011,4,,,,,,,,
4,108.0,2,32.432803722722106,35.50754220000285,29/05/2011,4,,,,,,,,
4,109.0,2,32.43289914830388,35.50753337503366,29/05/2011,4,,,,,,,,
4,110.0,2,32.43299262281531,35.50751093345899,29/05/2011,4,,,,,,,,
4,111.0,2,32.4331016643366,35.50750226032022,29/05/2011,4,,,,,,,,
4,112.0,2,32.43319835848054,35.50749088763427,29/05/2011,4,,,,,,,,
4,113.0,1,32.43327485017491,35.50748093594824,29/05/2011,4,,,,,,,,
4,114.0,1,32.4333749836983,35.507464258272314,29/05/2011,4,,,,,,,,
4,115.0,1,32.43346509721556,35.50745201286887,29/05/2011,4,,,,,,,,
4,116.0,1,32.433596240442164,35.50743958569088,29/05/2011,4,,,,,,,,
4,117.0,1,32.43369465784552,35.50742407179681,29/05/2011,4,,,,,,,,
4,118.0,1,32.43379216302425,35.50741291432984,29/05/2011,4,,,,,,,,
4,119.0,1,32.433902459282216,35.507407435090855,29/05/2011,4,,,,,,,,
4,120.0,1,32.433997167032,35.507397118864716,29/05/2011,4,,,,,,,,
4,121.0,2,32.434097653555845,35.507383632047066,29/05/2011,4,,,,,,,,
4,122.0,1,32.434201571272844,35.507368242734536,29/05/2011,4,,,,,,,,
4,123.0,1,32.43430197810175,35.50735039605441,29/05/2011,4,,,,,,,,
4,124.0,1,32.434388572784215,35.507338989295626,29/05/2011,4,,,,,,,,
4,125.0,1,32.43448462570887,35.5073317610247,29/05/2011,4,,,,,,,,
4,126.0,1,32.43458934040076,35.50732243509209,29/05/2011,4,,,,,,,,
4,127.0,1,32.434684060918585,35.507306802218544,29/05/2011,4,,,,,,,,
4,128.0,1,32.43478244863204,35.50730362226515,29/05/2011,4,,,,,,,,
4,129.0,1,32.43487835290529,35.507283208411565,29/05/2011,4,,,,,,,,
4,130.0,1,32.43496935175844,35.50727777077557,29/05/2011,4,,,,,,,,
4,131.0,1,32.43506541208539,35.50726745882347,29/05/2011,4,,,,,,,,
4,132.0,1,32.435153270202235,35.507255630794454,29/05/2011,4,,,,,,,,
4,133.0,1,32.43524799070429,35.50723999775856,29/05/2011,4,,,,,,,,
4,134.0,1,32.43534233619444,35.50723031799304,29/05/2011,4,,,,,,,,
4,135.0,1,32.43550370204866,35.5072119303839,29/05/2011,4,,,,,,,,
4,136.0,1,32.43560292354655,35.50719950223875,29/05/2011,4,,,,,,,,
4,137.0,1,32.43570548273835,35.50718655356394,29/05/2011,4,,,,,,,,
4,138.0,1,32.43581580067978,35.50717203581322,29/05/2011,4,,,,,,,,
4,139.0,1,32.43590760468748,35.50716925900844,29/05/2011,4,,,,,,,,
4,140.0,1,32.43600421855611,35.5071537384183,29/05/2011,4,,,,,,,,
4,141.0,1,32.436091452847315,35.50713882444447,29/05/2011,4,,,,,,,,
4,142.0,1,32.43619616494508,35.50713056145373,29/05/2011,4,,,,,,,,
4,143.0,1,32.4363014298362,35.5071174089981,29/05/2011,4,,,,,,,,
4,144.0,1,32.43639652633094,35.50709539693036,29/05/2011,4,,,,,,,,
4,145.0,1,32.43649302215989,35.507091466052344,29/05/2011,4,,,,,,,,
4,146.0,1,32.4366005424011,35.50707789571533,29/05/2011,4,,,,,,,,
4,147.0,1,32.436701921901445,35.507068026483694,29/05/2011,4,,,,,,,,
4,148.0,1,32.436805832388146,35.50705561369328,29/05/2011,4,,,,,,,,
4,149.0,1,32.43690334234478,35.507042435159725,29/05/2011,4,,,,,,,,
4,150.0,1,32.43700230580351,35.50702479545572,29/05/2011,4,,,,,,,,
4,151.0,1,32.437112061973465,35.50701888844455,29/05/2011,4,,,,,,,,
4,152.0,1,32.43721941206826,35.50700106402407,29/05/2011,4,,,,,,,,
4,153.0,1,32.43731593598044,35.50698543640718,29/05/2011,4,,,,,,,,
4,154.0,1,32.43734476641265,35.50673309649315,29/05/2011,4,,,,,,,,
4,155.0,1,32.437244653458244,35.50674126905363,29/05/2011,4,,,,,,,,
4,156.0,1,32.43713874847127,35.506758141609126,29/05/2011,4,,,,,,,,
4,157.0,1,32.437024200101256,35.50676945594213,29/05/2011,4,,,,,,,,
4,158.0,1,32.436927771233705,35.50678306372772,29/05/2011,4,,,,,,,,
4,159.0,1,32.43682341245928,35.506794412019076,29/05/2011,4,,,,,,,,
4,160.0,1,32.436716964375904,35.506812133288804,29/05/2011,4,,,,,,,,
4,161.0,1,32.4366143094458,35.50682742152577,29/05/2011,4,,,,,,,,
4,162.0,1,32.43651175668508,35.506837712431974,29/05/2011,4,,,,,,,,
4,163.0,1,32.436422451762475,35.506851237524444,29/05/2011,4,,,,,,,,
4,164.0,1,32.4363205199984,35.50686578375716,29/05/2011,4,,,,,,,,
4,165.0,1,32.436220856866576,35.50687438291944,29/05/2011,4,,,,,,,,
4,166.0,2,32.436122640338255,35.50688139190985,29/05/2011,4,,,,,,,,
4,167.0,1,32.43603122103342,35.50687417507233,29/05/2011,4,,,,,,,,
4,168.0,2,32.4359356192777,35.50688129911269,29/05/2011,4,,,,,,,,
4,169.0,2,32.435831788753006,35.50689796553637,29/05/2011,4,,,,,,,,
4,170.0,2,32.435735808935085,35.50691231883875,29/05/2011,4,,,,,,,,
4,171.0,2,32.435630279663386,35.50692291861268,29/05/2011,4,,,,,,,,
4,172.0,2,32.435423439345946,35.5069524260297,29/05/2011,4,,,,,,,,
4,173.0,2,32.435332964185164,35.50696509629634,29/05/2011,4,,,,,,,,
4,174.0,2,32.43523735986056,35.50697328349566,29/05/2011,4,,,,,,,,
4,175.0,2,32.4351548202174,35.5069858738906,29/05/2011,4,,,,,,,,
4,176.0,2,32.43506959529045,35.50699016147333,29/05/2011,4,,,,,,,,
4,177.0,2,32.4349793801691,35.50700719209236,29/05/2011,4,,,,,,,,
4,178.0,2,32.434884937874536,35.507019636332615,29/05/2011,4,,,,,,,,
4,179.0,2,32.43479293792525,35.50702889878506,29/05/2011,4,,,,,,,,
4,180.0,2,32.43470634071975,35.50704136918573,29/05/2011,4,,,,,,,,
4,181.0,2,32.43460973578714,35.507053168147536,29/05/2011,4,,,,,,,,
4,182.0,2,32.434520627259495,35.507059994600745,29/05/2011,4,,,,,,,,
4,183.0,2,32.43442535882932,35.50707849679269,29/05/2011,4,,,,,,,,
4,184.0,2,32.43433173881266,35.50708647776754,29/05/2011,4,,,,,,,,
4,185.0,2,32.434237025981076,35.50709892093788,29/05/2011,4,,,,,,,,
4,186.0,2,32.43414628256953,35.50711063303625,29/05/2011,4,,,,,,,,
4,187.0,2,32.434041556897256,35.507124531318276,29/05/2011,4,,,,,,,,
4,188.0,2,32.43394729850301,35.50713548731395,29/05/2011,4,,,,,,,,
4,189.0,2,32.43384329830176,35.50714768668941,29/05/2011,4,,,,,,,,
4,190.0,2,32.43375805929764,35.507157822143235,29/05/2011,4,,,,,,,,
4,191.0,2,32.43366000492037,35.50717238058576,29/05/2011,4,,,,,,,,
4,192.0,2,32.43356889390005,35.50718696220252,29/05/2011,4,,,,,,,,
4,193.0,2,32.4334787025028,35.50719410382266,29/05/2011,4,,,,,,,,
4,194.0,2,32.43338066038582,35.507203558430064,29/05/2011,4,,,,,,,,
4,195.0,2,32.433282885208904,35.507214502515176,29/05/2011,4,,,,,,,,
4,196.0,2,32.433177076663355,35.50722871591997,29/05/2011,4,,,,,,,,
4,197.0,2,32.43308291072245,35.50723871506089,29/05/2011,4,,,,,,,,
4,198.0,2,32.43297691926787,35.5072539910823,29/05/2011,4,,,,,,,,
4,199.0,2,32.43288428448255,35.50726473959421,29/05/2011,4,,,,,,,,
4,200.0,2,32.43278326713708,35.50727397146592,29/05/2011,4,,,,,,,,
4,201.0,2,32.43267980513401,35.50728734194645,29/05/2011,4,,,,,,,,
4,202.0,2,32.43259412239533,35.50729449847677,29/05/2011,4,,,,,,,,
4,203.0,2,32.4324954342148,35.507310117755935,29/05/2011,4,,,,,,,,
4,204.0,2,32.432390079838115,35.50732295018904,29/05/2011,4,,,,,,,,
4,205.0,2,32.432295722792986,35.50733741427963,29/05/2011,4,,,,,,,,
4,206.0,2,32.43219362437408,35.50734621709047,29/05/2011,4,,,,,,,,
4,207.0,2,32.432099169223044,35.50736397695306,29/05/2011,4,,,,,,,,
4,208.0,2,32.43200537596978,35.50736897970046,29/05/2011,4,,,,,,,,
4,209.0,2,32.43191427257738,35.50738037107263,29/05/2011,4,,,,,,,,
4,210.0,2,32.431823612122585,35.50739506004776,29/05/2011,4,,,,,,,,
4,211.0,2,32.4317295358122,35.507405271832056,29/05/2011,4,,,,,,,,
4,212.0,2,32.4316200411045,35.50741490039731,29/05/2011,4,,,,,,,,
4,213.0,2,32.431481577926846,35.50743389514583,29/05/2011,4,,,,,,,,
4,214.0,2,32.43139533647509,35.507448386127365,29/05/2011,4,,,,,,,,
4,215.0,2,32.43129819604489,35.50745784327681,29/05/2011,4,,,,,,,,
4,216.0,2,32.43120735548196,35.50747242515069,29/05/2011,4,,,,,,,,
4,217.0,2,32.43111534010209,35.507488066330225,29/05/2011,4,,,,,,,,
4,218.0,2,32.431016136417945,35.507493050805024,29/05/2011,4,,,,,,,,
4,219.0,2,32.430916364829336,35.507509197616635,29/05/2011,4,,,,,,,,
4,220.0,2,32.43081993963613,35.507521208872916,29/05/2011,4,,,,,,,,
4,221.0,2,32.43073099782121,35.50753367044376,29/05/2011,4,,,,,,,,
4,222.0,2,32.43063097079844,35.50754354308432,29/05/2011,4,,,,,,,,
4,223.0,2,32.430533555735956,35.507554700351264,29/05/2011,4,,,,,,,,
4,224.0,2,32.430444255778646,35.507566097397884,29/05/2011,4,,,,,,,,
4,225.0,2,32.43035414963077,35.50757525888986,29/05/2011,4,,,,,,,,
4,226.0,2,32.43026060409162,35.50758972512556,29/05/2011,4,,,,,,,,
4,227.0,2,32.43016400262904,35.50760003442081,29/05/2011,4,,,,,,,,
4,228.0,2,32.430071911377354,35.50760972083621,29/05/2011,4,,,,,,,,
4,229.0,2,32.4299799113209,35.507618982237645,29/05/2011,4,,,,,,,,
4,230.0,2,32.42989673956955,35.507631888212956,29/05/2011,4,,,,,,,,
4,231.0,2,32.42980590127208,35.50764551278235,29/05/2011,4,,,,,,,,
4,232.0,2,32.42971533886754,35.50765690542882,29/05/2011,4,,,,,,,,
4,233.0,2,32.42968860548218,35.507411950137495,29/05/2011,4,,,,,,,,
4,234.0,2,32.4297816081785,35.50739822626312,29/05/2011,4,,,,,,,,
4,235.0,2,32.42987090045891,35.507390018851154,29/05/2011,4,,,,,,,,
4,236.0,2,32.429959212846974,35.507376810870625,29/05/2011,4,,,,,,,,
4,237.0,2,32.43004996937939,35.50735967700688,29/05/2011,4,,,,,,,,
4,238.0,2,32.430140169014564,35.50734913341304,29/05/2011,4,,,,,,,,
4,239.0,2,32.430232633469295,35.50733423803125,29/05/2011,4,,,,,,,,
4,240.0,2,32.43033851946292,35.50732534171589,29/05/2011,4,,,,,,,,
4,241.0,1,32.43042710108076,35.507312666135874,29/05/2011,4,,,,,,,,
4,242.0,2,32.43050613324774,35.50729623721045,29/05/2011,4,,,,,,,,
4,243.0,2,32.430590015099334,35.50728801155251,29/05/2011,4,,,,,,,,
4,244.0,2,32.430679499979576,35.50727470096685,29/05/2011,4,,,,,,,,
4,245.0,2,32.43077789440044,35.5072687566294,29/05/2011,4,,,,,,,,
4,246.0,2,32.43086413047251,35.5072564984007,29/05/2011,4,,,,,,,,
4,247.0,2,32.430965507518174,35.507247693194294,29/05/2011,4,,,,,,,,
4,248.0,1,32.431045969923254,35.5072364788878,29/05/2011,4,,,,,,,,
4,249.0,1,32.43113934171126,35.50721924710093,29/05/2011,4,,,,,,,,
4,250.0,1,32.43124326456654,35.507201731560244,29/05/2011,4,,,,,,,,
4,251.0,2,32.43133815013039,35.507192479259366,29/05/2011,4,,,,,,,,
4,252.0,2,32.431424747393514,35.50718000944015,29/05/2011,4,,,,,,,,
4,253.0,2,32.431520442470735,35.50717161041955,29/05/2011,4,,,,,,,,
4,254.0,3,32.43737776548435,35.50647194461646,29/05/2011,4,,,,,,,,
4,255.0,3,32.437281594166976,35.506490976643015,29/05/2011,4,,,,,,,,
4,256.0,3,32.43720125548001,35.506488263056845,29/05/2011,4,,,,,,,,
4,257.0,3,32.43710391190278,35.506507291121075,29/05/2011,4,,,,,,,,
4,258.0,3,32.43699369340924,35.50651798220818,29/05/2011,4,,,,,,,,
4,259.0,3,32.43690559011011,35.50651928337474,29/05/2011,4,,,,,,,,
4,260.0,3,32.436803838481396,35.50653393698812,29/05/2011,4,,,,,,,,
4,261.0,2,32.43670885266513,35.50654744347355,29/05/2011,4,,,,,,,,
4,262.0,2,32.43659792272158,35.506553985115765,29/05/2011,4,,,,,,,,
4,263.0,3,32.43647947521843,35.506574324918155,29/05/2011,4,,,,,,,,
4,264.0,2,32.43640281042339,35.50658129980931,29/05/2011,4,,,,,,,,
4,265.0,2,32.436292578647425,35.506597519974875,29/05/2011,4,,,,,,,,
4,266.0,3,32.436204457481175,35.50660626426582,29/05/2011,4,,,,,,,,
4,267.0,2,32.436104785944934,35.50661837263997,29/05/2011,4,,,,,,,,
4,268.0,2,32.43600519284383,35.5066353725282,29/05/2011,4,,,,,,,,
4,269.0,2,32.43590714187319,35.50664854957251,29/05/2011,4,,,,,,,,
4,270.0,2,32.43580747032866,35.506660657863065,29/05/2011,4,,,,,,,,
4,271.0,3,32.435718783871074,35.506679501684275,29/05/2011,4,,,,,,,,
4,272.0,2,32.435620284576196,35.50669161382891,29/05/2011,4,,,,,,,,
4,273.0,3,32.435534412118066,35.50670270476736,29/05/2011,4,,,,,,,,
4,274.0,3,32.435409576291825,35.50671717460032,29/05/2011,4,,,,,,,,
4,275.0,3,32.43530997882932,35.5067359818736,29/05/2011,4,,,,,,,,
4,276.0,3,32.435212661731995,35.506743950934386,29/05/2011,4,,,,,,,,
4,277.0,3,32.43511603896698,35.50676319339167,29/05/2011,4,,,,,,,,
4,278.0,3,32.435004651482885,35.5067724977487,29/05/2011,4,,,,,,,,
4,279.0,3,32.434895320374615,35.506789145774874,29/05/2011,4,,,,,,,,
4,280.0,3,32.43477651338796,35.506808952052445,29/05/2011,4,,,,,,,,
4,281.0,3,32.43468307399399,35.506816827606194,29/05/2011,4,,,,,,,,
4,282.0,3,32.434582049558315,35.506829037373365,29/05/2011,4,,,,,,,,
4,283.0,3,32.434475347763794,35.506839739536645,29/05/2011,4,,,,,,,,
4,284.0,3,32.43437080196108,35.506853851440205,29/05/2011,4,,,,,,,,
4,285.0,3,32.434259130916985,35.506868577504385,29/05/2011,4,,,,,,,,
4,286.0,3,32.43415008128396,35.506880654036756,29/05/2011,4,,,,,,,,
4,287.0,3,32.43404129859394,35.506894220050015,29/05/2011,4,,,,,,,,
4,288.0,3,32.433920351159394,35.50690413020449,29/05/2011,4,,,,,,,,
4,289.0,3,32.43381951062607,35.50691485177869,29/05/2011,4,,,,,,,,
4,290.0,3,32.433710460981686,35.50692692820111,29/05/2011,4,,,,,,,,
4,291.0,3,32.43360718320501,35.50693870488157,29/05/2011,4,,,,,,,,
4,292.0,3,32.43347502870632,35.50695921042552,29/05/2011,4,,,,,,,,
4,293.0,3,32.43338942748518,35.506969982783154,29/05/2011,4,,,,,,,,
4,294.0,3,32.43328859025875,35.5069793219609,29/05/2011,4,,,,,,,,
4,295.0,3,32.433173682641794,35.50698999640116,29/05/2011,4,,,,,,,,
4,296.0,3,32.43306588927927,35.50700462873776,29/05/2011,4,,,,,,,,
4,297.0,3,32.43295683961448,35.50701670495911,29/05/2011,4,,,,,,,,
4,298.0,3,32.43285879418119,35.50702754196743,29/05/2011,4,,,,,,,,
4,299.0,3,32.43275244281945,35.50704249801329,29/05/2011,4,,,,,,,,
4,300.0,3,32.43263962961536,35.507044673057614,29/05/2011,4,,,,,,,,
4,301.0,3,32.43254348471642,35.50705264549135,29/05/2011,4,,,,,,,,
4,302.0,3,32.43244470434629,35.50706911534149,29/05/2011,4,,,,,,,,
4,303.0,3,32.432333574287476,35.507083842654204,29/05/2011,4,,,,,,,,
4,304.0,3,32.43221983558018,35.507095903024535,29/05/2011,4,,,,,,,,
4,305.0,3,32.43213360465025,35.507106035044245,29/05/2011,4,,,,,,,,
4,306.0,3,32.43204006020887,35.50712007672722,29/05/2011,4,,,,,,,,
4,307.0,3,32.43193336167207,35.50712939602757,29/05/2011,4,,,,,,,,
4,308.0,3,32.431823502459935,35.5071406186364,29/05/2011,4,,,,,,,,
4,309.0,3,32.431719584732356,35.507156007828925,29/05/2011,4,,,,,,,,
4,310.0,3,32.43161639963369,35.50716672104817,29/05/2011,4,,,,,,,,
4,311.0,2,32.43155418930171,35.50689984528431,29/05/2011,4,,,,,,,,
4,312.0,2,32.43143693714845,35.5069105118117,29/05/2011,4,,,,,,,,
4,313.0,2,32.43132564385062,35.506918114735626,29/05/2011,4,,,,,,,,
4,314.0,2,32.43121660080361,35.50692742637944,29/05/2011,4,,,,,,,,
4,315.0,1,32.43112351234299,35.506939343107156,29/05/2011,4,,,,,,,,
4,316.0,1,32.43102384733983,35.50694868602061,29/05/2011,4,,,,,,,,
4,317.0,1,32.43092533799182,35.50696494397438,29/05/2011,4,,,,,,,,
4,318.0,1,32.43081645970396,35.506980741963474,29/05/2011,4,,,,,,,,
4,319.0,1,32.43071020308562,35.50699378419703,29/05/2011,4,,,,,,,,
4,320.0,2,32.43061404820052,35.50700590320511,29/05/2011,4,,,,,,,,
4,321.0,2,32.430513290375266,35.50701970802655,29/05/2011,4,,,,,,,,
4,322.0,1,32.430406853912025,35.50703253692192,29/05/2011,4,,,,,,,,
4,323.0,1,32.43030717892984,35.507046026324495,29/05/2011,4,,,,,,,,
4,324.0,1,32.4301934468324,35.50705532205779,29/05/2011,4,,,,,,,,
4,325.0,1,32.430088727745456,35.50706645540265,29/05/2011,4,,,,,,,,
4,326.0,1,32.4299846324625,35.507080674233414,29/05/2011,4,,,,,,,,
4,327.0,1,32.429882616277744,35.50709277347888,29/05/2011,4,,,,,,,,
4,328.0,1,32.429778338853325,35.507107735914296,29/05/2011,4,,,,,,,,
4,329.0,2,32.431663197107376,35.50690520658935,29/05/2011,4,,,,,,,,
4,330.0,2,32.431757962598994,35.50690839381401,29/05/2011,4,,,,,,,,
4,331.0,2,32.431856367456675,35.50689808963472,29/05/2011,4,,,,,,,,
4,332.0,2,32.43195487346396,35.506883213694344,29/05/2011,4,,,,,,,,
4,333.0,2,32.432049839468164,35.50687800170648,29/05/2011,4,,,,,,,,
4,334.0,2,32.432170145764225,35.50687223633822,29/05/2011,4,,,,,,,,
4,335.0,2,32.4322633386739,35.506854365407996,29/05/2011,4,,,,,,,,
4,336.0,2,32.43235831462846,35.506845006621816,29/05/2011,4,,,,,,,,
4,337.0,2,32.43247620205916,35.50683264078378,29/05/2011,4,,,,,,,,
4,338.0,2,32.43262683421729,35.50681549311637,29/05/2011,4,,,,,,,,
4,339.0,2,32.432751932459254,35.50680442721339,29/05/2011,4,,,,,,,,
4,340.0,2,32.43285168913134,35.5067944463142,29/05/2011,4,,,,,,,,
4,341.0,2,32.43297013341378,35.50677548983547,29/05/2011,4,,,,,,,,
4,342.0,2,32.43307458369718,35.506763610629946,29/05/2011,4,,,,,,,,
4,343.0,2,32.43318788042493,35.50674782675357,29/05/2011,4,,,,,,,,
4,344.0,2,32.43329739343394,35.506730541607354,29/05/2011,4,,,,,,,,
4,345.0,2,32.4334017341409,35.50672674295446,29/05/2011,4,,,,,,,,
4,346.0,2,32.43354869058478,35.50670065102658,29/05/2011,4,,,,,,,,
4,347.0,2,32.43363664292763,35.50668712167811,29/05/2011,4,,,,,,,,
4,348.0,2,32.433725466385226,35.50668635474537,29/05/2011,4,,,,,,,,
4,349.0,2,32.433852116426,35.50666742532904,29/05/2011,4,,,,,,,,
4,350.0,2,32.433960808157444,35.50665417775553,29/05/2011,4,,,,,,,,
4,351.0,2,32.43407075925342,35.50664221031097,29/05/2011,4,,,,,,,,
4,352.0,2,32.43417486233445,35.5066246941705,29/05/2011,4,,,,,,,,
4,353.0,2,32.434266314846624,35.506618087791544,29/05/2011,4,,,,,,,,
4,354.0,2,32.43435686919356,35.50660998978117,29/05/2011,4,,,,,,,,
4,355.0,2,32.43445970345993,35.50659512757682,29/05/2011,4,,,,,,,,
4,356.0,2,32.4345734487162,35.50658030173287,29/05/2011,4,,,,,,,,
4,357.0,2,32.43467665030142,35.50656267609151,29/05/2011,4,,,,,,,,
4,358.0,2,32.43478864909752,35.506561667340655,29/05/2011,4,,,,,,,,
4,359.0,2,32.434895100493286,35.50654256384504,29/05/2011,4,,,,,,,,
4,360.0,2,32.43500297782864,35.506530482904104,29/05/2011,4,,,,,,,,
4,361.0,2,32.43511861135635,35.50651789614572,29/05/2011,4,,,,,,,,
4,362.0,2,32.435223244225384,35.5065050600099,29/05/2011,4,,,,,,,,
4,363.0,2,32.43532418788354,35.50648891527206,29/05/2011,4,,,,,,,,
4,364.0,2,32.43550585618593,35.50646495846896,29/05/2011,4,,,,,,,,
4,365.0,2,32.43559615298978,35.5064514364319,29/05/2011,4,,,,,,,,
4,366.0,2,32.43569780706055,35.50643986620605,29/05/2011,4,,,,,,,,
4,367.0,2,32.43580189683253,35.50642787874809,29/05/2011,4,,,,,,,,
4,368.0,2,32.43588957859777,35.50641434791431,29/05/2011,4,,,,,,,,
4,369.0,2,32.436004486122656,35.506403672452,29/05/2011,4,,,,,,,,
4,370.0,2,32.43610298207202,35.50639294225434,29/05/2011,4,,,,,,,,
4,371.0,2,32.43620274631073,35.50637977061762,29/05/2011,4,,,,,,,,
4,372.0,2,32.436313696390705,35.5063648285864,29/05/2011,4,,,,,,,,
4,373.0,2,32.436414546783375,35.50634995918848,29/05/2011,4,,,,,,,,
4,374.0,2,32.4365176428438,35.506338712556264,29/05/2011,4,,,,,,,,
4,375.0,2,32.43661109365375,35.506326051425425,29/05/2011,4,,,,,,,,
4,376.0,2,32.43671544423697,35.50631810524654,29/05/2011,4,,,,,,,,
4,377.0,2,32.43681269073793,35.50630194772671,29/05/2011,4,,,,,,,,
4,378.0,2,32.43690469162927,35.506292259016654,29/05/2011,4,,,,,,,,
4,379.0,2,32.43699496851961,35.50628703054095,29/05/2011,4,,,,,,,,
4,380.0,2,32.43711178443806,35.506270193818885,29/05/2011,4,,,,,,,,
4,381.0,2,32.437203075911626,35.506255505006685,29/05/2011,4,,,,,,,,
4,382.0,3,32.43729218716655,35.506247507920705,29/05/2011,4,,,,,,,,
