image,Point_ID,Aleket_cnt,lat,long,date,Days_Before_Sample,ndvi,gndvi,green_red_ratio,ndre,entropy,green,homogeneity,asm
1,2.0,2,32.879292003942666,35.166989512499676,19/05/2011,56,,,,,,,,
1,3.0,2,32.87918361482608,35.16696690400061,19/05/2011,56,,,,,,,,
1,4.0,3,32.87906530782687,35.16694643690037,19/05/2011,56,,,,,,,,
1,5.0,3,32.87894618914692,35.16692543590388,19/05/2011,56,,,,,,,,
1,6.0,3,32.87884041713768,35.166910306548466,19/05/2011,56,,,,,,,,
1,7.0,3,32.87872788140949,35.166891546900786,19/05/2011,56,,,,,,,,
1,8.0,3,32.87861814022159,35.16687054210384,19/05/2011,56,,,,,,,,
1,9.0,2,32.878512817950984,35.16685177951065,19/05/2011,56,,,,,,,,
1,10.0,2,32.87840190478897,35.1668315233121,19/05/2011,56,,,,,,,,
1,11.0,2,32.878311461827856,35.16681788369621,19/05/2011,56,,,,,,,,
1,12.0,2,32.87820181300588,35.166804252218114,19/05/2011,56,,,,,,,,
1,13.0,2,32.87809504751053,35.16678378068188,19/05/2011,56,,,,,,,,
1,14.0,1,32.87799459427703,35.16676490938538,19/05/2011,56,,,,,,,,
1,15.0,1,32.87780712339654,35.16672887094751,19/05/2011,56,,,,,,,,
1,16.0,1,32.877699367576334,35.16671352914353,19/05/2011,56,,,,,,,,
1,17.0,1,32.87759260257327,35.16669476753946,19/05/2011,56,,,,,,,,
1,18.0,1,32.87746996690286,35.16667259329193,19/05/2011,56,,,,,,,,
1,19.0,1,32.877361759647634,35.16665532838769,19/05/2011,56,,,,,,,,
1,20.0,1,32.87725778901026,35.166633787472605,19/05/2011,56,,,,,,,,
1,21.0,1,32.87714813963344,35.16661844668112,19/05/2011,56,,,,,,,,
1,22.0,1,32.87705129451588,35.16660427590924,19/05/2011,56,,,,,,,,
1,23.0,1,32.876938757676,35.16658209763084,19/05/2011,56,,,,,,,,
1,24.0,1,32.87683902422098,35.16655820427264,19/05/2011,56,,,,,,,,
1,25.0,1,32.87673271261006,35.16654799130333,19/05/2011,56,,,,,,,,
1,26.0,1,32.876624503318475,35.166524101643944,19/05/2011,56,,,,,,,,
1,27.0,1,32.876511967493165,35.16650534294812,19/05/2011,56,,,,,,,,
1,28.0,1,32.876404482582195,35.16649149749589,19/05/2011,56,,,,,,,,
1,29.0,1,32.876291945710896,35.1664693195202,19/05/2011,56,,,,,,,,
1,30.0,1,32.87618671383426,35.16645162640124,19/05/2011,56,,,,,,,,
1,31.0,1,32.87606624333524,35.1664334055469,19/05/2011,56,,,,,,,,
1,32.0,1,32.87595659131639,35.16640951682021,19/05/2011,56,,,,,,,,
1,33.0,1,32.87583990778146,35.16639097388893,19/05/2011,56,,,,,,,,
1,34.0,1,32.875738101472415,35.16637060812451,19/05/2011,56,,,,,,,,
1,35.0,1,32.87562989369085,35.166351847958715,19/05/2011,56,,,,,,,,
1,36.0,1,32.875512758811496,35.16633170254899,19/05/2011,56,,,,,,,,
1,37.0,1,32.8753948133551,35.166314656309446,19/05/2011,56,,,,,,,,
1,38.0,1,32.8752779483519,35.16629248065959,19/05/2011,56,,,,,,,,
1,39.0,1,32.875139444492525,35.16627544331896,19/05/2011,56,,,,,,,,
1,40.0,2,32.87502221772835,35.16624974176626,19/05/2011,56,,,,,,,,
1,41.0,2,32.87491392085697,35.166234614957176,19/05/2011,56,,,,,,,,
1,42.0,1,32.87479417044205,35.16621244076886,19/05/2011,56,,,,,,,,
1,43.0,1,32.87467126370257,35.166188878901636,19/05/2011,56,,,,,,,,
1,44.0,1,32.87455611094857,35.166163710972455,19/05/2011,56,,,,,,,,
1,45.0,1,32.87444213286118,35.16614666343275,19/05/2011,56,,,,,,,,
1,46.0,1,32.87432400581284,35.166125664163296,19/05/2011,56,,,,,,,,
1,47.0,1,32.87420236225644,35.16610488016716,19/05/2011,56,,,,,,,,
1,48.0,1,32.87408405397577,35.166080996067436,19/05/2011,56,,,,,,,,
1,49.0,1,32.87396619928222,35.166066087441145,19/05/2011,56,,,,,,,,
1,50.0,1,32.87386213759852,35.166042197319065,19/05/2011,56,,,,,,,,
1,51.0,1,32.873751045920564,35.16602856809284,19/05/2011,56,,,,,,,,
1,52.0,1,32.87365401837941,35.166007987453284,19/05/2011,56,,,,,,,,
1,53.0,1,32.873544367288225,35.16598751915581,19/05/2011,56,,,,,,,,
1,54.0,1,32.873432643598925,35.16597121902354,19/05/2011,56,,,,,,,,
1,55.0,1,32.873322091109436,35.16595171287618,19/05/2011,56,,,,,,,,
1,56.0,1,32.87320089897159,35.16593295933396,19/05/2011,56,,,,,,,,
1,57.0,1,32.87306915584077,35.165910043199126,19/05/2011,56,,,,,,,,
1,58.0,1,32.872952291644545,35.16589086048999,19/05/2011,56,,,,,,,,
1,59.0,1,32.872838312437736,35.165870394369676,19/05/2011,56,,,,,,,,
1,60.0,1,32.87272830192085,35.16585409377102,19/05/2011,56,,,,,,,,
1,61.0,1,32.872621989129186,35.16584046288209,19/05/2011,56,,,,,,,,
1,62.0,1,32.87249502301693,35.16581145447356,19/05/2011,56,,,,,,,,
1,63.0,1,32.87238248595599,35.16578927832533,19/05/2011,56,,,,,,,,
1,64.0,1,32.87226679329108,35.16576806525559,19/05/2011,56,,,,,,,,
1,65.0,1,32.872145781244306,35.16574867100411,19/05/2011,56,,,,,,,,
1,66.0,1,32.872028917138515,35.165729916104674,19/05/2011,56,,,,,,,,
1,67.0,1,32.8719075438125,35.16570859881387,19/05/2011,56,,,,,,,,
1,68.0,0,32.87190142009232,35.16544307930172,19/05/2011,56,,,,,,,,
1,69.0,0,32.872027664621434,35.16547101880697,19/05/2011,56,,,,,,,,
1,70.0,0,32.872180598266894,35.16549659602591,19/05/2011,56,,,,,,,,
1,71.0,1,32.872324242030096,35.165514056751945,19/05/2011,56,,,,,,,,
1,72.0,1,32.87244336405907,35.16554467086316,19/05/2011,56,,,,,,,,
1,73.0,1,32.87259936304104,35.16556907163167,19/05/2011,56,,,,,,,,
1,74.0,1,32.872720554714,35.16558611493802,19/05/2011,56,,,,,,,,
1,75.0,1,32.87285860963447,35.16560881405292,19/05/2011,56,,,,,,,,
1,76.0,1,32.87299639414192,35.16563183390952,19/05/2011,56,,,,,,,,
1,77.0,1,32.87313012165917,35.165656778928266,19/05/2011,56,,,,,,,,
1,78.0,1,32.87327521098478,35.165683642410706,19/05/2011,56,,,,,,,,
1,79.0,1,32.873429586722445,35.1657075100952,19/05/2011,56,,,,,,,,
1,80.0,1,32.87358576509313,35.16572902633561,19/05/2011,56,,,,,,,,
1,81.0,1,32.87373103439945,35.16575482147261,19/05/2011,56,,,,,,,,
1,82.0,1,32.873893707783985,35.165785738058595,19/05/2011,56,,,,,,,,
1,83.0,1,32.87404447764118,35.16581249266591,19/05/2011,56,,,,,,,,
1,84.0,1,32.87420525496275,35.165835289478736,19/05/2011,56,,,,,,,,
1,85.0,1,32.87436441000235,35.16586054469296,19/05/2011,56,,,,,,,,
1,86.0,1,32.87451590239714,35.16589125281982,19/05/2011,56,,,,,,,,
1,87.0,1,32.87465711278833,35.165912882965614,19/05/2011,56,,,,,,,,
1,88.0,2,32.87480896353639,35.165936111385136,19/05/2011,56,,,,,,,,
1,89.0,2,32.87495450636437,35.16597195133527,19/05/2011,56,,,,,,,,
1,90.0,1,32.87510401097671,35.16598951769243,19/05/2011,56,,,,,,,,
1,91.0,2,32.87526334449525,35.16600889638833,19/05/2011,56,,,,,,,,
1,92.0,2,32.87540906448191,35.16603447856215,19/05/2011,56,,,,,,,,
1,93.0,1,32.87556109873668,35.1660681790319,19/05/2011,56,,,,,,,,
1,94.0,1,32.87571231802646,35.16609066024018,19/05/2011,56,,,,,,,,
1,95.0,1,32.87585190826998,35.16612190861105,19/05/2011,56,,,,,,,,
1,96.0,2,32.875994561677935,35.16614482108329,19/05/2011,56,,,,,,,,
1,97.0,2,32.87614028214276,35.16617211336892,19/05/2011,56,,,,,,,,
1,98.0,1,32.876298174676016,35.166197263416485,19/05/2011,56,,,,,,,,
1,99.0,1,32.87645759973634,35.16622134434145,19/05/2011,56,,,,,,,,
1,100.0,1,32.876616035348526,35.16625333309258,19/05/2011,56,,,,,,,,
1,101.0,1,32.87676427879571,35.166275068163195,19/05/2011,56,,,,,,,,
1,102.0,2,32.876911079834855,35.166297765627014,19/05/2011,56,,,,,,,,
1,103.0,2,32.877064193725786,35.166323986718815,19/05/2011,56,,,,,,,,
1,104.0,2,32.87721135473966,35.166344440202224,19/05/2011,56,,,,,,,,
1,105.0,2,32.87732515478614,35.1663692891201,19/05/2011,56,,,,,,,,
1,106.0,2,32.877472858388245,35.16639497848218,19/05/2011,56,,,,,,,,
1,107.0,2,32.87762389610095,35.16641372081272,19/05/2011,56,,,,,,,,
1,108.0,2,32.87774220529017,35.166441025721554,19/05/2011,56,,,,,,,,
1,109.0,2,32.87784969005407,35.16645444389078,19/05/2011,56,,,,,,,,
1,110.0,2,32.8779886472965,35.16648013726966,19/05/2011,56,,,,,,,,
1,111.0,1,32.87814383719715,35.166513624413874,19/05/2011,56,,,,,,,,
1,112.0,2,32.878267913504864,35.16652895910976,19/05/2011,56,,,,,,,,
1,113.0,2,32.87841606860552,35.16655699968628,19/05/2011,56,,,,,,,,
1,114.0,3,32.87854014732691,35.16658034883306,19/05/2011,56,,,,,,,,
1,115.0,3,32.878666659714575,35.16660081184323,19/05/2011,56,,,,,,,,
1,116.0,3,32.87881237898572,35.166624686225425,19/05/2011,56,,,,,,,,
1,117.0,3,32.87893357194505,35.166646861351055,19/05/2011,56,,,,,,,,
1,118.0,3,32.87907162698953,35.16667105970344,19/05/2011,56,,,,,,,,
1,119.0,3,32.87921085353794,35.16669301360095,19/05/2011,56,,,,,,,,
1,120.0,2,32.879393288052725,35.166474089187375,19/05/2011,56,,,,,,,,
1,121.0,3,32.87926632793022,35.166463884827444,19/05/2011,56,,,,,,,,
1,122.0,3,32.879130614696145,35.16643135077109,19/05/2011,56,,,,,,,,
1,123.0,3,32.879035302579595,35.16641760666959,19/05/2011,56,,,,,,,,
1,124.0,2,32.87890978150162,35.166395433678346,19/05/2011,56,,,,,,,,
1,125.0,3,32.878784441208865,35.166374756687375,19/05/2011,56,,,,,,,,
1,126.0,2,32.878657750173254,35.16635995752574,19/05/2011,56,,,,,,,,
1,127.0,2,32.87851347302133,35.166334373274935,19/05/2011,56,,,,,,,,
1,128.0,2,32.87836378641125,35.16631092857564,19/05/2011,56,,,,,,,,
1,129.0,1,32.878201564177935,35.16628022300925,19/05/2011,56,,,,,,,,
1,130.0,1,32.8780614352976,35.16625645381569,19/05/2011,56,,,,,,,,
1,131.0,1,32.87790047840111,35.16623557876894,19/05/2011,56,,,,,,,,
1,132.0,1,32.87777685132599,35.16621511521504,19/05/2011,56,,,,,,,,
1,133.0,1,32.87763257360201,35.166187821741175,19/05/2011,56,,,,,,,,
1,134.0,1,32.877475039420794,35.16615497750296,19/05/2011,56,,,,,,,,
1,135.0,1,32.87732688600716,35.16613281499543,19/05/2011,56,,,,,,,,
1,136.0,1,32.87717683957407,35.166112363076216,19/05/2011,56,,,,,,,,
1,137.0,1,32.8770189463256,35.16608486209864,19/05/2011,56,,,,,,,,
1,138.0,1,32.87687656314015,35.166060987640876,19/05/2011,56,,,,,,,,
1,139.0,1,32.87672939944974,35.16603198624245,19/05/2011,56,,,,,,,,
1,140.0,1,32.876573490664065,35.1660070492227,19/05/2011,56,,,,,,,,
1,141.0,1,32.876431107979066,35.165984884694225,19/05/2011,56,,,,,,,,
1,142.0,1,32.87627528757108,35.16595417762007,19/05/2011,56,,,,,,,,
1,143.0,1,32.876134437436576,35.165931050892276,19/05/2011,56,,,,,,,,
1,144.0,1,32.87598312749957,35.16590707392029,19/05/2011,56,,,,,,,,
1,145.0,1,32.87583740644693,35.165878072441394,19/05/2011,56,,,,,,,,
1,146.0,1,32.87568483380594,35.165853027640374,19/05/2011,56,,,,,,,,
1,147.0,1,32.87553108876951,35.16582734230683,19/05/2011,56,,,,,,,,
1,148.0,1,32.87538554723313,35.165795776527396,19/05/2011,56,,,,,,,,
1,149.0,2,32.87522792480489,35.165769665644746,19/05/2011,56,,,,,,,,
1,150.0,2,32.875085542113744,35.16574771553588,19/05/2011,56,,,,,,,,
1,151.0,2,32.874942707449925,35.16572213267028,19/05/2011,56,,,,,,,,
1,152.0,1,32.87479599636341,35.165699222907406,19/05/2011,56,,,,,,,,
1,153.0,1,32.87464477426815,35.165667980627255,19/05/2011,56,,,,,,,,
1,154.0,1,32.874501580759,35.16564838194447,19/05/2011,56,,,,,,,,
1,155.0,0,32.874349366990465,35.16561778140271,19/05/2011,56,,,,,,,,
1,156.0,1,32.87420509011965,35.16559390922791,19/05/2011,56,,,,,,,,
1,157.0,0,32.87405630452204,35.16556907742329,19/05/2011,56,,,,,,,,
1,158.0,0,32.873919059974284,35.16554263787958,19/05/2011,56,,,,,,,,
1,159.0,1,32.87377036579068,35.16552186658393,19/05/2011,56,,,,,,,,
1,160.0,1,32.87362311319784,35.165497568610505,19/05/2011,56,,,,,,,,
1,161.0,1,32.873473063380104,35.16546686082868,19/05/2011,56,,,,,,,,
1,162.0,1,32.873306784634494,35.165440648020606,19/05/2011,56,,,,,,,,
1,163.0,1,32.87314790068877,35.16541763761656,19/05/2011,56,,,,,,,,
1,164.0,1,32.8730075007613,35.16539301642855,19/05/2011,56,,,,,,,,
1,165.0,1,32.87286349435576,35.16536925170766,19/05/2011,56,,,,,,,,
1,166.0,1,32.87268756705157,35.16534144072803,19/05/2011,56,,,,,,,,
1,167.0,1,32.872531295919345,35.165311911618836,19/05/2011,56,,,,,,,,
1,168.0,1,32.87237024541499,35.165280995655465,19/05/2011,56,,,,,,,,
1,169.0,1,32.87222452681028,35.165260544398194,19/05/2011,56,,,,,,,,
1,170.0,1,32.87207862568694,35.16523314802607,19/05/2011,56,,,,,,,,
1,171.0,1,32.871994407543234,35.16494372819901,19/05/2011,56,,,,,,,,
1,172.0,1,32.87213282306698,35.16496578487332,19/05/2011,56,,,,,,,,
1,173.0,1,32.87230306915132,35.164991353593535,19/05/2011,56,,,,,,,,
1,174.0,1,32.872463757507035,35.16501735404057,19/05/2011,56,,,,,,,,
1,175.0,1,32.87262426528103,35.16504260670507,19/05/2011,56,,,,,,,,
1,176.0,1,32.872783692469824,35.16507245453169,19/05/2011,56,,,,,,,,
1,177.0,0,32.872940771339245,35.165089801908934,19/05/2011,56,,,,,,,,
1,178.0,1,32.87306485060846,35.16511368184117,19/05/2011,56,,,,,,,,
1,179.0,1,32.87320191465974,35.16513926573916,19/05/2011,56,,,,,,,,
1,180.0,1,32.873344477400444,35.165159825263025,19/05/2011,56,,,,,,,,
1,181.0,1,32.87349759292178,35.165190210577975,19/05/2011,56,,,,,,,,
1,182.0,1,32.87364322113908,35.16521002093762,19/05/2011,56,,,,,,,,
1,183.0,1,32.87378957334105,35.165238272369784,19/05/2011,56,,,,,,,,
1,184.0,1,32.87396486932464,35.165265656355025,19/05/2011,56,,,,,,,,
1,185.0,1,32.87413448538958,35.165295286847766,19/05/2011,56,,,,,,,,
1,186.0,1,32.874281647707555,35.16531915725366,19/05/2011,56,,,,,,,,
1,187.0,1,32.874436747039304,35.16535007655551,19/05/2011,56,,,,,,,,
1,188.0,1,32.87458120342078,35.16537117013559,19/05/2011,56,,,,,,,,
1,189.0,1,32.87472656377909,35.1653996362695,19/05/2011,56,,,,,,,,
1,190.0,2,32.874878594890305,35.165422650045926,19/05/2011,56,,,,,,,,
1,191.0,2,32.87503856164428,35.16544833177226,19/05/2011,56,,,,,,,,
1,192.0,2,32.87518220824302,35.165475089264135,19/05/2011,56,,,,,,,,
1,193.0,1,32.87533946989372,35.16550066549927,19/05/2011,56,,,,,,,,
1,194.0,1,32.875489789200735,35.16552827508653,19/05/2011,56,,,,,,,,
1,195.0,1,32.875643716295606,35.165559302535456,19/05/2011,56,,,,,,,,
1,196.0,1,32.8757965599987,35.16558594952326,19/05/2011,56,,,,,,,,
1,197.0,1,32.87594471407491,35.16560982041984,19/05/2011,56,,,,,,,,
1,198.0,1,32.8760905237653,35.165633692416264,19/05/2011,56,,,,,,,,
1,199.0,2,32.87624489944342,35.165657560763385,19/05/2011,56,,,,,,,,
1,200.0,1,32.87640604028862,35.16568965411478,19/05/2011,56,,,,,,,,
1,201.0,1,32.87655112675475,35.16570754276838,19/05/2011,56,,,,,,,,
1,202.0,1,32.87669838290598,35.165743702866266,19/05/2011,56,,,,,,,,
1,203.0,1,32.8768510438637,35.16576276379404,19/05/2011,56,,,,,,,,
1,204.0,1,32.87695203718681,35.165778107236044,19/05/2011,56,,,,,,,,
1,205.0,1,32.87710713465812,35.16580357859306,19/05/2011,56,,,,,,,,
1,206.0,1,32.87725610241875,35.165834716082756,19/05/2011,56,,,,,,,,
1,207.0,1,32.87740488657092,35.165855274955284,19/05/2011,56,,,,,,,,
1,208.0,1,32.877554572366854,35.165875726649354,19/05/2011,56,,,,,,,,
1,209.0,1,32.8777113861932,35.16591156272848,19/05/2011,56,,,,,,,,
1,210.0,1,32.87785999047843,35.165933724768145,19/05/2011,56,,,,,,,,
1,211.0,1,32.8780215821522,35.165966139575424,19/05/2011,56,,,,,,,,
1,212.0,1,32.87817685989581,35.16599161148603,19/05/2011,56,,,,,,,,
1,213.0,1,32.878326096187315,35.16601655180138,19/05/2011,56,,,,,,,,
1,214.0,1,32.87845152727369,35.16603904472638,19/05/2011,56,,,,,,,,
1,215.0,2,32.87859048235972,35.166057471287075,19/05/2011,56,,,,,,,,
1,216.0,2,32.87873908817036,35.166084762979,19/05/2011,56,,,,,,,,
1,217.0,3,32.87889274303856,35.16611087714843,19/05/2011,56,,,,,,,,
1,218.0,3,32.87903377459229,35.1661378517012,19/05/2011,56,,,,,,,,
1,219.0,3,32.87917940256521,35.166157771690905,19/05/2011,56,,,,,,,,
1,220.0,2,32.87932386170736,35.166188698711295,19/05/2011,56,,,,,,,,
1,221.0,2,32.87949142130452,35.16598196134267,19/05/2011,56,,,,,,,,
1,222.0,3,32.8793427262409,35.16595766168071,19/05/2011,56,,,,,,,,
1,223.0,3,32.87920854735008,35.16593036378301,19/05/2011,56,,,,,,,,
1,224.0,3,32.879067515953174,35.16590403065753,19/05/2011,56,,,,,,,,
1,225.0,2,32.87892269625931,35.16587374549389,19/05/2011,56,,,,,,,,
1,226.0,2,32.87877012560291,35.16585489761361,19/05/2011,56,,,,,,,,
1,227.0,2,32.878630537104584,35.16582931211772,19/05/2011,56,,,,,,,,
1,228.0,2,32.87849058792462,35.16580372685816,19/05/2011,56,,,,,,,,
1,229.0,2,32.87833900652475,35.16577654385946,19/05/2011,56,,,,,,,,
1,230.0,1,32.87819509203399,35.16575779936868,19/05/2011,56,,,,,,,,
1,231.0,1,32.87799454599742,35.16572027264855,19/05/2011,56,,,,,,,,
1,232.0,1,32.87785044824309,35.165692124974946,19/05/2011,56,,,,,,,,
1,233.0,1,32.87769471902636,35.165664837308064,19/05/2011,56,,,,,,,,
1,234.0,1,32.877540612631506,35.1656369078894,19/05/2011,56,,,,,,,,
1,235.0,1,32.8773819078393,35.16560962170981,19/05/2011,56,,,,,,,,
1,236.0,1,32.877241238997975,35.165589700853666,19/05/2011,56,,,,,,,,
1,237.0,1,32.87709398357854,35.165555998483235,19/05/2011,56,,,,,,,,
1,238.0,1,32.87694348620451,35.165535547785744,19/05/2011,56,,,,,,,,
1,239.0,1,32.87678478127559,35.16550794140114,19/05/2011,56,,,,,,,,
1,240.0,1,32.876641135452005,35.1654835342017,19/05/2011,56,,,,,,,,
1,241.0,1,32.87649252946148,35.165456244152196,19/05/2011,56,,,,,,,,
1,242.0,1,32.876344466070194,35.16543408301037,19/05/2011,56,,,,,,,,
1,243.0,1,32.876202351618524,35.16540497375371,19/05/2011,56,,,,,,,,
1,244.0,1,32.876049687756854,35.16537683090779,19/05/2011,56,,,,,,,,
1,245.0,1,32.87590035981494,35.16534772500211,19/05/2011,56,,,,,,,,
1,246.0,1,32.87574355112605,35.16532898737119,19/05/2011,56,,,,,,,,
1,247.0,1,32.87558917483883,35.165303410057014,19/05/2011,56,,,,,,,,
1,248.0,1,32.87544237145009,35.16527387589791,19/05/2011,56,,,,,,,,
1,249.0,2,32.87528492828156,35.16524466707672,19/05/2011,56,,,,,,,,
1,250.0,2,32.87513677412062,35.16522079696325,19/05/2011,56,,,,,,,,
1,251.0,2,32.87497518378913,35.16519351352746,19/05/2011,56,,,,,,,,
1,252.0,1,32.874828019720255,35.16516408676438,19/05/2011,56,,,,,,,,
1,253.0,1,32.87467697907102,35.16513679887367,19/05/2011,56,,,,,,,,
1,254.0,1,32.87453342249009,35.16510982833232,19/05/2011,56,,,,,,,,
1,255.0,1,32.87436173379565,35.16508425938705,19/05/2011,56,,,,,,,,
1,256.0,1,32.87420771813211,35.165058789584634,19/05/2011,56,,,,,,,,
1,257.0,1,32.87404667073673,35.165037810785435,19/05/2011,56,,,,,,,,
1,258.0,1,32.87389175108319,35.16500507559249,19/05/2011,56,,,,,,,,
1,259.0,1,32.873742785261015,35.1649809929033,19/05/2011,56,,,,,,,,
1,260.0,1,32.873597516032305,35.164955946989,19/05/2011,56,,,,,,,,
1,261.0,1,32.873446385477315,35.164929728384,19/05/2011,56,,,,,,,,
1,262.0,1,32.87328479503941,35.16490244599073,19/05/2011,56,,,,,,,,
1,263.0,1,32.87312690146288,35.16487505520384,19/05/2011,56,,,,,,,,
1,264.0,1,32.87297351802095,35.16485311192453,19/05/2011,56,,,,,,,,
1,265.0,1,32.87282418900583,35.16482122976894,19/05/2011,56,,,,,,,,
1,266.0,1,32.87267504238034,35.16479586554353,19/05/2011,56,,,,,,,,
1,267.0,1,32.87251282115488,35.16476997296767,19/05/2011,56,,,,,,,,
1,268.0,1,32.872373321381616,35.16474097170223,19/05/2011,56,,,,,,,,
1,269.0,1,32.87221750274002,35.16471710661684,19/05/2011,56,,,,,,,,
1,270.0,1,32.87206907820702,35.16469419996934,19/05/2011,56,,,,,,,,
1,271.0,1,32.872086128762724,35.16443849986268,19/05/2011,56,,,,,,,,
1,272.0,1,32.87218856447234,35.16445213073625,19/05/2011,56,,,,,,,,
1,273.0,1,32.87233771213366,35.16448048606179,19/05/2011,56,,,,,,,,
1,274.0,1,32.872497139156266,35.16450937113077,19/05/2011,56,,,,,,,,
1,275.0,1,32.872647637893174,35.16453323830875,19/05/2011,56,,,,,,,,
1,276.0,1,32.872794169756034,35.164558816958575,19/05/2011,56,,,,,,,,
1,277.0,1,32.87293907990543,35.164588563614664,19/05/2011,56,,,,,,,,
1,278.0,1,32.873087685623915,35.164614141512104,19/05/2011,56,,,,,,,,
1,279.0,1,32.87324828339344,35.16463864562437,19/05/2011,56,,,,,,,,
1,280.0,2,32.87339842321371,35.16466817652431,19/05/2011,56,,,,,,,,
1,281.0,1,32.873545315264266,35.1646923663745,19/05/2011,56,,,,,,,,
1,282.0,1,32.87370762647798,35.1647177248063,19/05/2011,56,,,,,,,,
1,283.0,1,32.87385235379226,35.16473977873955,19/05/2011,56,,,,,,,,
1,284.0,1,32.874006640576084,35.1647669574086,19/05/2011,56,,,,,,,,
1,285.0,1,32.87415380462165,35.16479595583496,19/05/2011,56,,,,,,,,
1,286.0,1,32.874295194835504,35.164815340167365,19/05/2011,56,,,,,,,,
1,287.0,1,32.87444280804887,35.16483910276971,19/05/2011,56,,,,,,,,
1,288.0,1,32.87460070119489,35.16486521165668,19/05/2011,56,,,,,,,,
1,289.0,1,32.87474633058572,35.16488865474275,19/05/2011,56,,,,,,,,
1,290.0,2,32.87489782266889,35.16491765169058,19/05/2011,56,,,,,,,,
1,291.0,2,32.87504327383034,35.164947826804514,19/05/2011,56,,,,,,,,
1,292.0,2,32.87519584488116,35.16496720661858,19/05/2011,56,,,,,,,,
1,293.0,1,32.87534418009907,35.16499321332778,19/05/2011,56,,,,,,,,
1,294.0,1,32.875487285036954,35.1650176196225,19/05/2011,56,,,,,,,,
1,295.0,1,32.87563363626409,35.1650427725416,19/05/2011,56,,,,,,,,
1,296.0,1,32.87579630755643,35.16506663607831,19/05/2011,56,,,,,,,,
1,297.0,1,32.87592615862505,35.16509393354486,19/05/2011,56,,,,,,,,
1,298.0,1,32.876081977103496,35.165117800276114,19/05/2011,56,,,,,,,,
1,299.0,1,32.87623861101342,35.16515416878611,19/05/2011,56,,,,,,,,
1,300.0,1,32.876371795535285,35.16517270290969,19/05/2011,56,,,,,,,,
1,301.0,2,32.87652581025187,35.16519539528083,19/05/2011,56,,,,,,,,
1,302.0,1,32.87667098896273,35.16521969445392,19/05/2011,56,,,,,,,,
1,303.0,1,32.87683113869238,35.1652538178633,19/05/2011,56,,,,,,,,
1,304.0,2,32.876977038965855,35.16527886488972,19/05/2011,56,,,,,,,,
1,305.0,2,32.87712086418923,35.16530017294106,19/05/2011,56,,,,,,,,
1,306.0,1,32.87726351678293,35.16532009244244,19/05/2011,56,,,,,,,,
1,307.0,2,32.877429527213366,35.165353572548455,19/05/2011,56,,,,,,,,
1,308.0,2,32.87753917673922,35.16536891183065,19/05/2011,56,,,,,,,,
1,309.0,2,32.87768877534252,35.165398659327344,19/05/2011,56,,,,,,,,
1,310.0,2,32.87782971507552,35.16541975529033,19/05/2011,56,,,,,,,,
1,311.0,2,32.877988421195795,35.165451208700894,19/05/2011,56,,,,,,,,
1,312.0,2,32.87816020194737,35.16548340451046,19/05/2011,56,,,,,,,,
1,313.0,2,32.87830700276425,35.165505032446156,19/05/2011,56,,,,,,,,
1,314.0,2,32.87844983739603,35.16553061592414,19/05/2011,56,,,,,,,,
1,315.0,2,32.878594835030434,35.16555288594227,19/05/2011,56,,,,,,,,
1,316.0,2,32.87874650644173,35.165579427449536,19/05/2011,56,,,,,,,,
1,317.0,3,32.87888934078319,35.165604156305655,19/05/2011,56,,,,,,,,
1,318.0,3,32.879025410602644,35.16562279725135,19/05/2011,56,,,,,,,,
1,319.0,3,32.879175460780154,35.165655216939136,19/05/2011,56,,,,,,,,
1,320.0,3,32.87932000799745,35.165678983560404,19/05/2011,56,,,,,,,,
1,321.0,3,32.87946698889192,35.16569997086555,19/05/2011,56,,,,,,,,
1,322.0,2,32.87960424177193,35.165463218052096,19/05/2011,56,,,,,,,,
1,323.0,3,32.87949026527898,35.16545129968434,19/05/2011,56,,,,,,,,
1,324.0,2,32.879346710040785,35.165428067247795,19/05/2011,56,,,,,,,,
1,325.0,2,32.87919016938873,35.165401100518615,19/05/2011,56,,,,,,,,
1,326.0,2,32.87904453956238,35.16537562512075,19/05/2011,56,,,,,,,,
1,327.0,2,32.87890395925447,35.16535046816626,19/05/2011,56,,,,,,,,
1,328.0,1,32.878755352219706,35.16531975818787,19/05/2011,56,,,,,,,,
1,329.0,1,32.87859917290495,35.165295035686405,19/05/2011,56,,,,,,,,
1,330.0,2,32.8784429922438,35.16526603895928,19/05/2011,56,,,,,,,,
1,331.0,1,32.87830313374929,35.1652424848939,19/05/2011,56,,,,,,,,
1,332.0,1,32.87810366941515,35.165204424525754,19/05/2011,56,,,,,,,,
1,333.0,1,32.87794821060395,35.16517713751548,19/05/2011,56,,,,,,,,
1,334.0,1,32.8777918508374,35.16515220185211,19/05/2011,56,,,,,,,,
1,335.0,1,32.87765262301576,35.165127151862286,19/05/2011,56,,,,,,,,
1,336.0,1,32.87750545859072,35.16509644204895,19/05/2011,56,,,,,,,,
1,337.0,1,32.877348196979185,35.165071079622734,19/05/2011,56,,,,,,,,
1,338.0,1,32.87718976300177,35.1650451835224,19/05/2011,56,,,,,,,,
1,339.0,1,32.87704809942186,35.16501639498054,19/05/2011,56,,,,,,,,
1,340.0,1,32.87689345320419,35.16499274136273,19/05/2011,56,,,,,,,,
1,341.0,1,32.87673835620384,35.164969301737955,19/05/2011,56,,,,,,,,
1,342.0,2,32.87657865885514,35.164940307742874,19/05/2011,56,,,,,,,,
1,343.0,1,32.876432940832395,35.16492156577045,19/05/2011,56,,,,,,,,
1,344.0,1,32.87627612692844,35.16488647993305,19/05/2011,56,,,,,,,,
1,345.0,1,32.876124996085295,35.16485919211221,19/05/2011,56,,,,,,,,
1,346.0,1,32.87596917701795,35.164833616144655,19/05/2011,56,,,,,,,,
1,347.0,1,32.87581435074102,35.164811031755384,19/05/2011,56,,,,,,,,
1,348.0,1,32.87566754646319,35.164779040680834,19/05/2011,56,,,,,,,,
1,349.0,1,32.87551317060446,35.16475517401021,19/05/2011,56,,,,,,,,
1,350.0,2,32.87536961375736,35.16472756270759,19/05/2011,56,,,,,,,,
1,351.0,2,32.87521902471646,35.164702946539606,19/05/2011,56,,,,,,,,
1,352.0,2,32.875070779943485,35.16467800884751,19/05/2011,56,,,,,,,,
1,353.0,1,32.874926320706095,35.16464826113652,19/05/2011,56,,,,,,,,
1,354.0,1,32.874772395646396,35.16462439468839,19/05/2011,56,,,,,,,,
1,355.0,1,32.87462234727535,35.16459881693802,19/05/2011,56,,,,,,,,
1,356.0,1,32.87447581379544,35.1645680019017,19/05/2011,56,,,,,,,,
1,357.0,1,32.87432630658659,35.16454295835311,19/05/2011,56,,,,,,,,
1,358.0,1,32.87416228317629,35.16452080641217,19/05/2011,56,,,,,,,,
1,359.0,1,32.87401512015866,35.16449522771736,19/05/2011,56,,,,,,,,
1,360.0,1,32.87385398072209,35.16446869370323,19/05/2011,56,,,,,,,,
1,361.0,1,32.873704201846756,35.164440124496586,19/05/2011,56,,,,,,,,
1,362.0,1,32.87354306105802,35.16440942344919,19/05/2011,56,,,,,,,,
1,363.0,2,32.87340022608722,35.16438384317019,19/05/2011,56,,,,,,,,
1,364.0,1,32.873241882756155,35.16436019327475,19/05/2011,56,,,,,,,,
1,365.0,1,32.87308615433502,35.164336649138036,19/05/2011,56,,,,,,,,
1,366.0,1,32.87293033289397,35.164304236475424,19/05/2011,56,,,,,,,,
1,367.0,1,32.87277685880243,35.16428111890673,19/05/2011,56,,,,,,,,
1,368.0,1,32.87262545545504,35.16424827705785,19/05/2011,56,,,,,,,,
1,369.0,1,32.87247847367856,35.16422579783916,19/05/2011,56,,,,,,,,
1,370.0,1,32.87231282596485,35.16420001475547,19/05/2011,56,,,,,,,,
1,371.0,1,32.872237448615664,35.163931213248084,19/05/2011,56,,,,,,,,
1,372.0,1,32.87237099677127,35.163958078893366,19/05/2011,56,,,,,,,,
1,373.0,1,32.87253403013203,35.163985358640545,19/05/2011,56,,,,,,,,
1,374.0,1,32.87268994045323,35.16401349652503,19/05/2011,56,,,,,,,,
1,375.0,1,32.87284061944388,35.1640368285793,19/05/2011,56,,,,,,,,
1,376.0,1,32.87299932538058,35.164066247599294,19/05/2011,56,,,,,,,,
1,377.0,1,32.87314324310037,35.164093856942166,19/05/2011,56,,,,,,,,
1,378.0,1,32.873295453551506,35.16411291449189,19/05/2011,56,,,,,,,,
1,379.0,1,32.8734493813586,35.16414490040064,19/05/2011,56,,,,,,,,
1,380.0,1,32.87359483033262,35.164167594125594,19/05/2011,56,,,,,,,,
1,381.0,1,32.87375353718161,35.16420000548708,19/05/2011,56,,,,,,,,
1,382.0,1,32.87390710136398,35.16422290942221,19/05/2011,56,,,,,,,,
1,383.0,1,32.87406652778854,35.16424987119002,19/05/2011,56,,,,,,,,
1,384.0,1,32.874211797695494,35.164276625727275,19/05/2011,56,,,,,,,,
1,385.0,1,32.87436815765571,35.1643013451522,19/05/2011,56,,,,,,,,
1,386.0,1,32.874533355514096,35.164330441664326,19/05/2011,56,,,,,,,,
1,387.0,1,32.874690617960944,35.16435772534601,19/05/2011,56,,,,,,,,
1,388.0,1,32.87484950411287,35.16438714546414,19/05/2011,56,,,,,,,,
1,389.0,2,32.875003251407236,35.16441891877559,19/05/2011,56,,,,,,,,
1,390.0,2,32.87514572241712,35.16443434861496,19/05/2011,56,,,,,,,,
1,391.0,2,32.875301272991855,35.16446590759618,19/05/2011,56,,,,,,,,
1,392.0,2,32.87545195357548,35.164494690659794,19/05/2011,56,,,,,,,,
1,393.0,1,32.875606329485045,35.164518556862625,19/05/2011,56,,,,,,,,
1,394.0,1,32.87576296095813,35.16454669632225,19/05/2011,56,,,,,,,,
1,395.0,1,32.87591336950966,35.16457077818218,19/05/2011,56,,,,,,,,
1,396.0,1,32.87606909866747,35.16459699484397,19/05/2011,56,,,,,,,,
1,397.0,1,32.876224827748,35.16462299788686,19/05/2011,56,,,,,,,,
1,398.0,1,32.87638181849711,35.164646863350264,19/05/2011,56,,,,,,,,
1,399.0,1,32.87652744822691,35.16467137509992,19/05/2011,56,,,,,,,,
1,400.0,2,32.87667317008466,35.164702084518574,19/05/2011,56,,,,,,,,
1,401.0,1,32.876827816531836,35.16472627185287,19/05/2011,56,,,,,,,,
1,402.0,1,32.87698372688615,35.164755374087036,19/05/2011,56,,,,,,,,
1,403.0,1,32.87713882524068,35.164782980796566,19/05/2011,56,,,,,,,,
1,404.0,1,32.87729085748898,35.16480941354451,19/05/2011,56,,,,,,,,
1,405.0,1,32.87744622626154,35.16483680660937,19/05/2011,56,,,,,,,,
1,406.0,1,32.877603036839524,35.16486142085226,19/05/2011,56,,,,,,,,
1,407.0,1,32.87775597101381,35.164888708326686,19/05/2011,56,,,,,,,,
1,408.0,2,32.877909355311616,35.164913751694236,19/05/2011,56,,,,,,,,
1,409.0,2,32.87802549960075,35.16493731565086,19/05/2011,56,,,,,,,,
1,410.0,2,32.87817202940276,35.16495701933913,19/05/2011,56,,,,,,,,
1,411.0,2,32.8783333504111,35.16498815031466,19/05/2011,56,,,,,,,,
1,412.0,2,32.87847474191532,35.16501202388388,19/05/2011,56,,,,,,,,
1,413.0,2,32.878624519740264,35.165038030981414,19/05/2011,56,,,,,,,,
1,414.0,2,32.8787771824388,35.16506243401829,19/05/2011,56,,,,,,,,
1,415.0,2,32.87892822270363,35.16508876130612,19/05/2011,56,,,,,,,,
1,416.0,3,32.87908187814313,35.16511604925626,19/05/2011,56,,,,,,,,
1,417.0,3,32.879229129876805,35.16513778346847,19/05/2011,56,,,,,,,,
1,418.0,3,32.87937485209477,35.16517020431987,19/05/2011,56,,,,,,,,
1,419.0,3,32.879516965189254,35.1651950398697,19/05/2011,56,,,,,,,,
1,420.0,2,32.87970110190991,35.16494960976941,19/05/2011,56,,,,,,,,
1,421.0,2,32.87954996920557,35.16491612296885,19/05/2011,56,,,,,,,,
1,422.0,3,32.87940425070787,35.16489567067273,19/05/2011,56,,,,,,,,
1,423.0,3,32.879251044651085,35.16486389473614,19/05/2011,56,,,,,,,,
1,424.0,2,32.879082872160836,35.16483693419649,19/05/2011,56,,,,,,,,
1,425.0,2,32.87891677305834,35.16480847681893,19/05/2011,56,,,,,,,,
1,426.0,2,32.878755452799254,35.164779803704164,19/05/2011,56,,,,,,,,
1,427.0,2,32.87860630735601,35.164757750467786,19/05/2011,56,,,,,,,,
1,428.0,2,32.87844958640868,35.164731426367,19/05/2011,56,,,,,,,,
1,429.0,1,32.8782332582382,35.16468642886054,19/05/2011,56,,,,,,,,
1,430.0,1,32.87807365313606,35.16466406000493,19/05/2011,56,,,,,,,,
1,431.0,1,32.87791350419543,35.16463282232606,19/05/2011,56,,,,,,,,
1,432.0,1,32.87776778452584,35.1646089514427,19/05/2011,56,,,,,,,,
1,433.0,1,32.87761133495031,35.16458551286272,19/05/2011,56,,,,,,,,
1,434.0,1,32.87745262710573,35.164549359436506,19/05/2011,56,,,,,,,,
1,435.0,1,32.87729067662806,35.16452400009129,19/05/2011,56,,,,,,,,
1,436.0,1,32.877132513382755,35.16449917342194,19/05/2011,56,,,,,,,,
1,437.0,1,32.876977144801934,35.16447263589037,19/05/2011,56,,,,,,,,
1,438.0,1,32.87681528326994,35.16444353682398,19/05/2011,56,,,,,,,,
1,439.0,1,32.87666811975185,35.16441624780906,19/05/2011,56,,,,,,,,
1,440.0,1,32.8765074312083,35.164389712950204,19/05/2011,56,,,,,,,,
1,441.0,1,32.876348727282966,35.164366062387565,19/05/2011,56,,,,,,,,
1,442.0,1,32.876180190922284,35.164329700575344,19/05/2011,56,,,,,,,,
1,443.0,1,32.87602942206868,35.16430690147218,19/05/2011,56,,,,,,,,
1,444.0,1,32.87588144897552,35.16428581086221,19/05/2011,56,,,,,,,,
1,445.0,1,32.87573464477145,35.164254461756805,19/05/2011,56,,,,,,,,
1,446.0,1,32.87557449694001,35.164227179241514,19/05/2011,56,,,,,,,,
1,447.0,2,32.87541660492265,35.164204917952254,19/05/2011,56,,,,,,,,
1,448.0,3,32.875268991543706,35.16418094243503,19/05/2011,56,,,,,,,,
1,449.0,2,32.875111367298864,35.164150239730816,19/05/2011,56,,,,,,,,
1,450.0,2,32.874952930666545,35.16411686616174,19/05/2011,56,,,,,,,,
1,451.0,2,32.87479774407921,35.164095886238876,19/05/2011,56,,,,,,,,
1,452.0,2,32.87463317869636,35.16407095706604,19/05/2011,56,,,,,,,,
1,453.0,2,32.874472489821265,35.16404378231413,19/05/2011,56,,,,,,,,
1,454.0,2,32.874322440220894,35.164014786336104,19/05/2011,56,,,,,,,,
1,455.0,1,32.87417275145655,35.1639863245552,19/05/2011,56,,,,,,,,
1,456.0,2,32.87400503007239,35.16396118348664,19/05/2011,56,,,,,,,,
1,457.0,2,32.8738441621001,35.16393796273956,19/05/2011,56,,,,,,,,
1,458.0,2,32.87368617611791,35.163904269259106,19/05/2011,56,,,,,,,,
1,459.0,2,32.873527831353684,35.16387645291667,19/05/2011,56,,,,,,,,
1,460.0,2,32.87338112048753,35.16385536303481,19/05/2011,56,,,,,,,,
1,461.0,2,32.87322277587818,35.163828081131676,19/05/2011,56,,,,,,,,
1,462.0,2,32.87307561380789,35.163805923093065,19/05/2011,56,,,,,,,,
1,463.0,2,32.87292691740941,35.163779278076866,19/05/2011,56,,,,,,,,
1,464.0,2,32.87276676940372,35.163751997270346,19/05/2011,56,,,,,,,,
1,465.0,2,32.8725996766814,35.16371937719338,19/05/2011,56,,,,,,,,
1,466.0,2,32.87244945236305,35.16370801280096,19/05/2011,56,,,,,,,,
1,467.0,2,32.872307156774234,35.1636779459931,19/05/2011,56,,,,,,,,
1,468.0,1,32.872369370772894,35.16339519104424,19/05/2011,56,,,,,,,,
1,469.0,1,32.87248334870963,35.16341052505879,19/05/2011,56,,,,,,,,
1,470.0,1,32.87263592149381,35.16343428257154,19/05/2011,56,,,,,,,,
1,471.0,1,32.87279029858277,35.16346092431379,19/05/2011,56,,,,,,,,
1,472.0,1,32.87295089826208,35.163490555123595,19/05/2011,56,,,,,,,,
1,473.0,1,32.87311798886873,35.16351655011169,19/05/2011,56,,,,,,,,
1,474.0,1,32.87326352830657,35.16353977694323,19/05/2011,56,,,,,,,,
1,475.0,1,32.873416011472244,35.16356535140539,19/05/2011,56,,,,,,,,
1,476.0,1,32.87357615894398,35.16359092244246,19/05/2011,56,,,,,,,,
1,477.0,1,32.873713224966366,35.16362163304499,19/05/2011,56,,,,,,,,
1,478.0,1,32.87388689879444,35.163650617352836,19/05/2011,56,,,,,,,,
1,479.0,1,32.87404001289257,35.163675550778784,19/05/2011,56,,,,,,,,
1,480.0,1,32.874203136335474,35.163702509917165,19/05/2011,56,,,,,,,,
1,481.0,2,32.87436238301369,35.16373096686547,19/05/2011,56,,,,,,,,
1,482.0,1,32.87450503751549,35.163755798482796,19/05/2011,56,,,,,,,,
1,483.0,1,32.87466500538238,35.163783827880145,19/05/2011,56,,,,,,,,
1,484.0,1,32.87481072639002,35.16381111589761,19/05/2011,56,,,,,,,,
1,485.0,2,32.8749701520827,35.163835619566456,19/05/2011,56,,,,,,,,
1,486.0,2,32.875123355766654,35.163858950763284,19/05/2011,56,,,,,,,,
1,487.0,2,32.87526321400193,35.163880685302686,19/05/2011,56,,,,,,,,
1,488.0,2,32.87541732267587,35.16391427424346,19/05/2011,56,,,,,,,,
1,489.0,2,32.87556692025599,35.16393963756346,19/05/2011,56,,,,,,,,
1,490.0,1,32.875718414196456,35.163973762180056,19/05/2011,56,,,,,,,,
1,491.0,1,32.87588378908307,35.163992493532284,19/05/2011,56,,,,,,,,
1,492.0,1,32.876035371479354,35.16402138242805,19/05/2011,56,,,,,,,,
1,493.0,2,32.876192723882724,35.164047917994566,19/05/2011,56,,,,,,,,
1,494.0,2,32.876341509764345,35.16407285470485,19/05/2011,56,,,,,,,,
1,495.0,2,32.87649895221428,35.1640990698457,19/05/2011,56,,,,,,,,
1,496.0,2,32.87665224763264,35.16412753092376,19/05/2011,56,,,,,,,,
1,497.0,2,32.87679796796959,35.164153110415604,19/05/2011,56,,,,,,,,
1,498.0,1,32.87696244407365,35.16418103235112,19/05/2011,56,,,,,,,,
1,499.0,1,32.87711285421206,35.16420992244474,19/05/2011,56,,,,,,,,
1,500.0,1,32.87726560676118,35.16423272076412,19/05/2011,56,,,,,,,,
1,501.0,1,32.87741890065565,35.164256587483194,19/05/2011,56,,,,,,,,
1,502.0,1,32.87757345827016,35.164284727985596,19/05/2011,56,,,,,,,,
1,503.0,1,32.87772449684212,35.16430517646914,19/05/2011,56,,,,,,,,
1,504.0,1,32.87788464514988,35.1643341694931,19/05/2011,56,,,,,,,,
1,505.0,2,32.87802892217531,35.16435804060677,19/05/2011,56,,,,,,,,
1,506.0,2,32.878190153782626,35.164391093922916,19/05/2011,56,,,,,,,,
1,507.0,2,32.87839241310051,35.16442765524272,19/05/2011,56,,,,,,,,
1,508.0,2,32.87855914498314,35.16446081320962,19/05/2011,56,,,,,,,,
1,509.0,2,32.87871270804577,35.16448072679367,19/05/2011,56,,,,,,,,
1,510.0,2,32.878871234382885,35.16451324750468,19/05/2011,56,,,,,,,,
1,511.0,2,32.87901604963614,35.16452857024987,19/05/2011,56,,,,,,,,
1,512.0,2,32.87915645085884,35.16455714549601,19/05/2011,56,,,,,,,,
1,513.0,2,32.879302170506165,35.16458101666429,19/05/2011,56,,,,,,,,
1,514.0,2,32.87945465518457,35.164612471877646,19/05/2011,56,,,,,,,,
1,515.0,2,32.8796114655865,35.164636551980706,19/05/2011,56,,,,,,,,
2,2.0,2,32.879292003942666,35.166989512499676,27/05/2011,48,,,,,,,,
2,3.0,2,32.87918361482608,35.16696690400061,27/05/2011,48,,,,,,,,
2,4.0,3,32.87906530782687,35.16694643690037,27/05/2011,48,,,,,,,,
2,5.0,3,32.87894618914692,35.16692543590388,27/05/2011,48,,,,,,,,
2,6.0,3,32.87884041713768,35.166910306548466,27/05/2011,48,,,,,,,,
2,7.0,3,32.87872788140949,35.166891546900786,27/05/2011,48,,,,,,,,
2,8.0,3,32.87861814022159,35.16687054210384,27/05/2011,48,,,,,,,,
2,9.0,2,32.878512817950984,35.16685177951065,27/05/2011,48,,,,,,,,
2,10.0,2,32.87840190478897,35.1668315233121,27/05/2011,48,,,,,,,,
2,11.0,2,32.878311461827856,35.16681788369621,27/05/2011,48,,,,,,,,
2,12.0,2,32.87820181300588,35.166804252218114,27/05/2011,48,,,,,,,,
2,13.0,2,32.87809504751053,35.16678378068188,27/05/2011,48,,,,,,,,
2,14.0,1,32.87799459427703,35.16676490938538,27/05/2011,48,,,,,,,,
2,15.0,1,32.87780712339654,35.16672887094751,27/05/2011,48,,,,,,,,
2,16.0,1,32.877699367576334,35.16671352914353,27/05/2011,48,,,,,,,,
2,17.0,1,32.87759260257327,35.16669476753946,27/05/2011,48,,,,,,,,
2,18.0,1,32.87746996690286,35.16667259329193,27/05/2011,48,,,,,,,,
2,19.0,1,32.877361759647634,35.16665532838769,27/05/2011,48,,,,,,,,
2,20.0,1,32.87725778901026,35.166633787472605,27/05/2011,48,,,,,,,,
2,21.0,1,32.87714813963344,35.16661844668112,27/05/2011,48,,,,,,,,
2,22.0,1,32.87705129451588,35.16660427590924,27/05/2011,48,,,,,,,,
2,23.0,1,32.876938757676,35.16658209763084,27/05/2011,48,,,,,,,,
2,24.0,1,32.87683902422098,35.16655820427264,27/05/2011,48,,,,,,,,
2,25.0,1,32.87673271261006,35.16654799130333,27/05/2011,48,,,,,,,,
2,26.0,1,32.876624503318475,35.166524101643944,27/05/2011,48,,,,,,,,
2,27.0,1,32.876511967493165,35.16650534294812,27/05/2011,48,,,,,,,,
2,28.0,1,32.876404482582195,35.16649149749589,27/05/2011,48,,,,,,,,
2,29.0,1,32.876291945710896,35.1664693195202,27/05/2011,48,,,,,,,,
2,30.0,1,32.87618671383426,35.16645162640124,27/05/2011,48,,,,,,,,
2,31.0,1,32.87606624333524,35.1664334055469,27/05/2011,48,,,,,,,,
2,32.0,1,32.87595659131639,35.16640951682021,27/05/2011,48,,,,,,,,
2,33.0,1,32.87583990778146,35.16639097388893,27/05/2011,48,,,,,,,,
2,34.0,1,32.875738101472415,35.16637060812451,27/05/2011,48,,,,,,,,
2,35.0,1,32.87562989369085,35.166351847958715,27/05/2011,48,,,,,,,,
2,36.0,1,32.875512758811496,35.16633170254899,27/05/2011,48,,,,,,,,
2,37.0,1,32.8753948133551,35.166314656309446,27/05/2011,48,,,,,,,,
2,38.0,1,32.8752779483519,35.16629248065959,27/05/2011,48,,,,,,,,
2,39.0,1,32.875139444492525,35.16627544331896,27/05/2011,48,,,,,,,,
2,40.0,2,32.87502221772835,35.16624974176626,27/05/2011,48,,,,,,,,
2,41.0,2,32.87491392085697,35.166234614957176,27/05/2011,48,,,,,,,,
2,42.0,1,32.87479417044205,35.16621244076886,27/05/2011,48,,,,,,,,
2,43.0,1,32.87467126370257,35.166188878901636,27/05/2011,48,,,,,,,,
2,44.0,1,32.87455611094857,35.166163710972455,27/05/2011,48,,,,,,,,
2,45.0,1,32.87444213286118,35.16614666343275,27/05/2011,48,,,,,,,,
2,46.0,1,32.87432400581284,35.166125664163296,27/05/2011,48,,,,,,,,
2,47.0,1,32.87420236225644,35.16610488016716,27/05/2011,48,,,,,,,,
2,48.0,1,32.87408405397577,35.166080996067436,27/05/2011,48,,,,,,,,
2,49.0,1,32.87396619928222,35.166066087441145,27/05/2011,48,,,,,,,,
2,50.0,1,32.87386213759852,35.166042197319065,27/05/2011,48,,,,,,,,
2,51.0,1,32.873751045920564,35.16602856809284,27/05/2011,48,,,,,,,,
2,52.0,1,32.87365401837941,35.166007987453284,27/05/2011,48,,,,,,,,
2,53.0,1,32.873544367288225,35.16598751915581,27/05/2011,48,,,,,,,,
2,54.0,1,32.873432643598925,35.16597121902354,27/05/2011,48,,,,,,,,
2,55.0,1,32.873322091109436,35.16595171287618,27/05/2011,48,,,,,,,,
2,56.0,1,32.87320089897159,35.16593295933396,27/05/2011,48,,,,,,,,
2,57.0,1,32.87306915584077,35.165910043199126,27/05/2011,48,,,,,,,,
2,58.0,1,32.872952291644545,35.16589086048999,27/05/2011,48,,,,,,,,
2,59.0,1,32.872838312437736,35.165870394369676,27/05/2011,48,,,,,,,,
2,60.0,1,32.87272830192085,35.16585409377102,27/05/2011,48,,,,,,,,
2,61.0,1,32.872621989129186,35.16584046288209,27/05/2011,48,,,,,,,,
2,62.0,1,32.87249502301693,35.16581145447356,27/05/2011,48,,,,,,,,
2,63.0,1,32.87238248595599,35.16578927832533,27/05/2011,48,,,,,,,,
2,64.0,1,32.87226679329108,35.16576806525559,27/05/2011,48,,,,,,,,
2,65.0,1,32.872145781244306,35.16574867100411,27/05/2011,48,,,,,,,,
2,66.0,1,32.872028917138515,35.165729916104674,27/05/2011,48,,,,,,,,
2,67.0,1,32.8719075438125,35.16570859881387,27/05/2011,48,,,,,,,,
2,68.0,0,32.87190142009232,35.16544307930172,27/05/2011,48,,,,,,,,
2,69.0,0,32.872027664621434,35.16547101880697,27/05/2011,48,,,,,,,,
2,70.0,0,32.872180598266894,35.16549659602591,27/05/2011,48,,,,,,,,
2,71.0,1,32.872324242030096,35.165514056751945,27/05/2011,48,,,,,,,,
2,72.0,1,32.87244336405907,35.16554467086316,27/05/2011,48,,,,,,,,
2,73.0,1,32.87259936304104,35.16556907163167,27/05/2011,48,,,,,,,,
2,74.0,1,32.872720554714,35.16558611493802,27/05/2011,48,,,,,,,,
2,75.0,1,32.87285860963447,35.16560881405292,27/05/2011,48,,,,,,,,
2,76.0,1,32.87299639414192,35.16563183390952,27/05/2011,48,,,,,,,,
2,77.0,1,32.87313012165917,35.165656778928266,27/05/2011,48,,,,,,,,
2,78.0,1,32.87327521098478,35.165683642410706,27/05/2011,48,,,,,,,,
2,79.0,1,32.873429586722445,35.1657075100952,27/05/2011,48,,,,,,,,
2,80.0,1,32.87358576509313,35.16572902633561,27/05/2011,48,,,,,,,,
2,81.0,1,32.87373103439945,35.16575482147261,27/05/2011,48,,,,,,,,
2,82.0,1,32.873893707783985,35.165785738058595,27/05/2011,48,,,,,,,,
2,83.0,1,32.87404447764118,35.16581249266591,27/05/2011,48,,,,,,,,
2,84.0,1,32.87420525496275,35.165835289478736,27/05/2011,48,,,,,,,,
2,85.0,1,32.87436441000235,35.16586054469296,27/05/2011,48,,,,,,,,
2,86.0,1,32.87451590239714,35.16589125281982,27/05/2011,48,,,,,,,,
2,87.0,1,32.87465711278833,35.165912882965614,27/05/2011,48,,,,,,,,
2,88.0,2,32.87480896353639,35.165936111385136,27/05/2011,48,,,,,,,,
2,89.0,2,32.87495450636437,35.16597195133527,27/05/2011,48,,,,,,,,
2,90.0,1,32.87510401097671,35.16598951769243,27/05/2011,48,,,,,,,,
2,91.0,2,32.87526334449525,35.16600889638833,27/05/2011,48,,,,,,,,
2,92.0,2,32.87540906448191,35.16603447856215,27/05/2011,48,,,,,,,,
2,93.0,1,32.87556109873668,35.1660681790319,27/05/2011,48,,,,,,,,
2,94.0,1,32.87571231802646,35.16609066024018,27/05/2011,48,,,,,,,,
2,95.0,1,32.87585190826998,35.16612190861105,27/05/2011,48,,,,,,,,
2,96.0,2,32.875994561677935,35.16614482108329,27/05/2011,48,,,,,,,,
2,97.0,2,32.87614028214276,35.16617211336892,27/05/2011,48,,,,,,,,
2,98.0,1,32.876298174676016,35.166197263416485,27/05/2011,48,,,,,,,,
2,99.0,1,32.87645759973634,35.16622134434145,27/05/2011,48,,,,,,,,
2,100.0,1,32.876616035348526,35.16625333309258,27/05/2011,48,,,,,,,,
2,101.0,1,32.87676427879571,35.166275068163195,27/05/2011,48,,,,,,,,
2,102.0,2,32.876911079834855,35.166297765627014,27/05/2011,48,,,,,,,,
2,103.0,2,32.877064193725786,35.166323986718815,27/05/2011,48,,,,,,,,
2,104.0,2,32.87721135473966,35.166344440202224,27/05/2011,48,,,,,,,,
2,105.0,2,32.87732515478614,35.1663692891201,27/05/2011,48,,,,,,,,
2,106.0,2,32.877472858388245,35.16639497848218,27/05/2011,48,,,,,,,,
2,107.0,2,32.87762389610095,35.16641372081272,27/05/2011,48,,,,,,,,
2,108.0,2,32.87774220529017,35.166441025721554,27/05/2011,48,,,,,,,,
2,109.0,2,32.87784969005407,35.16645444389078,27/05/2011,48,,,,,,,,
2,110.0,2,32.8779886472965,35.16648013726966,27/05/2011,48,,,,,,,,
2,111.0,1,32.87814383719715,35.166513624413874,27/05/2011,48,,,,,,,,
2,112.0,2,32.878267913504864,35.16652895910976,27/05/2011,48,,,,,,,,
2,113.0,2,32.87841606860552,35.16655699968628,27/05/2011,48,,,,,,,,
2,114.0,3,32.87854014732691,35.16658034883306,27/05/2011,48,,,,,,,,
2,115.0,3,32.878666659714575,35.16660081184323,27/05/2011,48,,,,,,,,
2,116.0,3,32.87881237898572,35.166624686225425,27/05/2011,48,,,,,,,,
2,117.0,3,32.87893357194505,35.166646861351055,27/05/2011,48,,,,,,,,
2,118.0,3,32.87907162698953,35.16667105970344,27/05/2011,48,,,,,,,,
2,119.0,3,32.87921085353794,35.16669301360095,27/05/2011,48,,,,,,,,
2,120.0,2,32.879393288052725,35.166474089187375,27/05/2011,48,,,,,,,,
2,121.0,3,32.87926632793022,35.166463884827444,27/05/2011,48,,,,,,,,
2,122.0,3,32.879130614696145,35.16643135077109,27/05/2011,48,,,,,,,,
2,123.0,3,32.879035302579595,35.16641760666959,27/05/2011,48,,,,,,,,
2,124.0,2,32.87890978150162,35.166395433678346,27/05/2011,48,,,,,,,,
2,125.0,3,32.878784441208865,35.166374756687375,27/05/2011,48,,,,,,,,
2,126.0,2,32.878657750173254,35.16635995752574,27/05/2011,48,,,,,,,,
2,127.0,2,32.87851347302133,35.166334373274935,27/05/2011,48,,,,,,,,
2,128.0,2,32.87836378641125,35.16631092857564,27/05/2011,48,,,,,,,,
2,129.0,1,32.878201564177935,35.16628022300925,27/05/2011,48,,,,,,,,
2,130.0,1,32.8780614352976,35.16625645381569,27/05/2011,48,,,,,,,,
2,131.0,1,32.87790047840111,35.16623557876894,27/05/2011,48,,,,,,,,
2,132.0,1,32.87777685132599,35.16621511521504,27/05/2011,48,,,,,,,,
2,133.0,1,32.87763257360201,35.166187821741175,27/05/2011,48,,,,,,,,
2,134.0,1,32.877475039420794,35.16615497750296,27/05/2011,48,,,,,,,,
2,135.0,1,32.87732688600716,35.16613281499543,27/05/2011,48,,,,,,,,
2,136.0,1,32.87717683957407,35.166112363076216,27/05/2011,48,,,,,,,,
2,137.0,1,32.8770189463256,35.16608486209864,27/05/2011,48,,,,,,,,
2,138.0,1,32.87687656314015,35.166060987640876,27/05/2011,48,,,,,,,,
2,139.0,1,32.87672939944974,35.16603198624245,27/05/2011,48,,,,,,,,
2,140.0,1,32.876573490664065,35.1660070492227,27/05/2011,48,,,,,,,,
2,141.0,1,32.876431107979066,35.165984884694225,27/05/2011,48,,,,,,,,
2,142.0,1,32.87627528757108,35.16595417762007,27/05/2011,48,,,,,,,,
2,143.0,1,32.876134437436576,35.165931050892276,27/05/2011,48,,,,,,,,
2,144.0,1,32.87598312749957,35.16590707392029,27/05/2011,48,,,,,,,,
2,145.0,1,32.87583740644693,35.165878072441394,27/05/2011,48,,,,,,,,
2,146.0,1,32.87568483380594,35.165853027640374,27/05/2011,48,,,,,,,,
2,147.0,1,32.87553108876951,35.16582734230683,27/05/2011,48,,,,,,,,
2,148.0,1,32.87538554723313,35.165795776527396,27/05/2011,48,,,,,,,,
2,149.0,2,32.87522792480489,35.165769665644746,27/05/2011,48,,,,,,,,
2,150.0,2,32.875085542113744,35.16574771553588,27/05/2011,48,,,,,,,,
2,151.0,2,32.874942707449925,35.16572213267028,27/05/2011,48,,,,,,,,
2,152.0,1,32.87479599636341,35.165699222907406,27/05/2011,48,,,,,,,,
2,153.0,1,32.87464477426815,35.165667980627255,27/05/2011,48,,,,,,,,
2,154.0,1,32.874501580759,35.16564838194447,27/05/2011,48,,,,,,,,
2,155.0,0,32.874349366990465,35.16561778140271,27/05/2011,48,,,,,,,,
2,156.0,1,32.87420509011965,35.16559390922791,27/05/2011,48,,,,,,,,
2,157.0,0,32.87405630452204,35.16556907742329,27/05/2011,48,,,,,,,,
2,158.0,0,32.873919059974284,35.16554263787958,27/05/2011,48,,,,,,,,
2,159.0,1,32.87377036579068,35.16552186658393,27/05/2011,48,,,,,,,,
2,160.0,1,32.87362311319784,35.165497568610505,27/05/2011,48,,,,,,,,
2,161.0,1,32.873473063380104,35.16546686082868,27/05/2011,48,,,,,,,,
2,162.0,1,32.873306784634494,35.165440648020606,27/05/2011,48,,,,,,,,
2,163.0,1,32.87314790068877,35.16541763761656,27/05/2011,48,,,,,,,,
2,164.0,1,32.8730075007613,35.16539301642855,27/05/2011,48,,,,,,,,
2,165.0,1,32.87286349435576,35.16536925170766,27/05/2011,48,,,,,,,,
2,166.0,1,32.87268756705157,35.16534144072803,27/05/2011,48,,,,,,,,
2,167.0,1,32.872531295919345,35.165311911618836,27/05/2011,48,,,,,,,,
2,168.0,1,32.87237024541499,35.165280995655465,27/05/2011,48,,,,,,,,
2,169.0,1,32.87222452681028,35.165260544398194,27/05/2011,48,,,,,,,,
2,170.0,1,32.87207862568694,35.16523314802607,27/05/2011,48,,,,,,,,
2,171.0,1,32.871994407543234,35.16494372819901,27/05/2011,48,,,,,,,,
2,172.0,1,32.87213282306698,35.16496578487332,27/05/2011,48,,,,,,,,
2,173.0,1,32.87230306915132,35.164991353593535,27/05/2011,48,,,,,,,,
2,174.0,1,32.872463757507035,35.16501735404057,27/05/2011,48,,,,,,,,
2,175.0,1,32.87262426528103,35.16504260670507,27/05/2011,48,,,,,,,,
2,176.0,1,32.872783692469824,35.16507245453169,27/05/2011,48,,,,,,,,
2,177.0,0,32.872940771339245,35.165089801908934,27/05/2011,48,,,,,,,,
2,178.0,1,32.87306485060846,35.16511368184117,27/05/2011,48,,,,,,,,
2,179.0,1,32.87320191465974,35.16513926573916,27/05/2011,48,,,,,,,,
2,180.0,1,32.873344477400444,35.165159825263025,27/05/2011,48,,,,,,,,
2,181.0,1,32.87349759292178,35.165190210577975,27/05/2011,48,,,,,,,,
2,182.0,1,32.87364322113908,35.16521002093762,27/05/2011,48,,,,,,,,
2,183.0,1,32.87378957334105,35.165238272369784,27/05/2011,48,,,,,,,,
2,184.0,1,32.87396486932464,35.165265656355025,27/05/2011,48,,,,,,,,
2,185.0,1,32.87413448538958,35.165295286847766,27/05/2011,48,,,,,,,,
2,186.0,1,32.874281647707555,35.16531915725366,27/05/2011,48,,,,,,,,
2,187.0,1,32.874436747039304,35.16535007655551,27/05/2011,48,,,,,,,,
2,188.0,1,32.87458120342078,35.16537117013559,27/05/2011,48,,,,,,,,
2,189.0,1,32.87472656377909,35.1653996362695,27/05/2011,48,,,,,,,,
2,190.0,2,32.874878594890305,35.165422650045926,27/05/2011,48,,,,,,,,
2,191.0,2,32.87503856164428,35.16544833177226,27/05/2011,48,,,,,,,,
2,192.0,2,32.87518220824302,35.165475089264135,27/05/2011,48,,,,,,,,
2,193.0,1,32.87533946989372,35.16550066549927,27/05/2011,48,,,,,,,,
2,194.0,1,32.875489789200735,35.16552827508653,27/05/2011,48,,,,,,,,
2,195.0,1,32.875643716295606,35.165559302535456,27/05/2011,48,,,,,,,,
2,196.0,1,32.8757965599987,35.16558594952326,27/05/2011,48,,,,,,,,
2,197.0,1,32.87594471407491,35.16560982041984,27/05/2011,48,,,,,,,,
2,198.0,1,32.8760905237653,35.165633692416264,27/05/2011,48,,,,,,,,
2,199.0,2,32.87624489944342,35.165657560763385,27/05/2011,48,,,,,,,,
2,200.0,1,32.87640604028862,35.16568965411478,27/05/2011,48,,,,,,,,
2,201.0,1,32.87655112675475,35.16570754276838,27/05/2011,48,,,,,,,,
2,202.0,1,32.87669838290598,35.165743702866266,27/05/2011,48,,,,,,,,
2,203.0,1,32.8768510438637,35.16576276379404,27/05/2011,48,,,,,,,,
2,204.0,1,32.87695203718681,35.165778107236044,27/05/2011,48,,,,,,,,
2,205.0,1,32.87710713465812,35.16580357859306,27/05/2011,48,,,,,,,,
2,206.0,1,32.87725610241875,35.165834716082756,27/05/2011,48,,,,,,,,
2,207.0,1,32.87740488657092,35.165855274955284,27/05/2011,48,,,,,,,,
2,208.0,1,32.877554572366854,35.165875726649354,27/05/2011,48,,,,,,,,
2,209.0,1,32.8777113861932,35.16591156272848,27/05/2011,48,,,,,,,,
2,210.0,1,32.87785999047843,35.165933724768145,27/05/2011,48,,,,,,,,
2,211.0,1,32.8780215821522,35.165966139575424,27/05/2011,48,,,,,,,,
2,212.0,1,32.87817685989581,35.16599161148603,27/05/2011,48,,,,,,,,
2,213.0,1,32.878326096187315,35.16601655180138,27/05/2011,48,,,,,,,,
2,214.0,1,32.87845152727369,35.16603904472638,27/05/2011,48,,,,,,,,
2,215.0,2,32.87859048235972,35.166057471287075,27/05/2011,48,,,,,,,,
2,216.0,2,32.87873908817036,35.166084762979,27/05/2011,48,,,,,,,,
2,217.0,3,32.87889274303856,35.16611087714843,27/05/2011,48,,,,,,,,
2,218.0,3,32.87903377459229,35.1661378517012,27/05/2011,48,,,,,,,,
2,219.0,3,32.87917940256521,35.166157771690905,27/05/2011,48,,,,,,,,
2,220.0,2,32.87932386170736,35.166188698711295,27/05/2011,48,,,,,,,,
2,221.0,2,32.87949142130452,35.16598196134267,27/05/2011,48,,,,,,,,
2,222.0,3,32.8793427262409,35.16595766168071,27/05/2011,48,,,,,,,,
2,223.0,3,32.87920854735008,35.16593036378301,27/05/2011,48,,,,,,,,
2,224.0,3,32.879067515953174,35.16590403065753,27/05/2011,48,,,,,,,,
2,225.0,2,32.87892269625931,35.16587374549389,27/05/2011,48,,,,,,,,
2,226.0,2,32.87877012560291,35.16585489761361,27/05/2011,48,,,,,,,,
2,227.0,2,32.878630537104584,35.16582931211772,27/05/2011,48,,,,,,,,
2,228.0,2,32.87849058792462,35.16580372685816,27/05/2011,48,,,,,,,,
2,229.0,2,32.87833900652475,35.16577654385946,27/05/2011,48,,,,,,,,
2,230.0,1,32.87819509203399,35.16575779936868,27/05/2011,48,,,,,,,,
2,231.0,1,32.87799454599742,35.16572027264855,27/05/2011,48,,,,,,,,
2,232.0,1,32.87785044824309,35.165692124974946,27/05/2011,48,,,,,,,,
2,233.0,1,32.87769471902636,35.165664837308064,27/05/2011,48,,,,,,,,
2,234.0,1,32.877540612631506,35.1656369078894,27/05/2011,48,,,,,,,,
2,235.0,1,32.8773819078393,35.16560962170981,27/05/2011,48,,,,,,,,
2,236.0,1,32.877241238997975,35.165589700853666,27/05/2011,48,,,,,,,,
2,237.0,1,32.87709398357854,35.165555998483235,27/05/2011,48,,,,,,,,
2,238.0,1,32.87694348620451,35.165535547785744,27/05/2011,48,,,,,,,,
2,239.0,1,32.87678478127559,35.16550794140114,27/05/2011,48,,,,,,,,
2,240.0,1,32.876641135452005,35.1654835342017,27/05/2011,48,,,,,,,,
2,241.0,1,32.87649252946148,35.165456244152196,27/05/2011,48,,,,,,,,
2,242.0,1,32.876344466070194,35.16543408301037,27/05/2011,48,,,,,,,,
2,243.0,1,32.876202351618524,35.16540497375371,27/05/2011,48,,,,,,,,
2,244.0,1,32.876049687756854,35.16537683090779,27/05/2011,48,,,,,,,,
2,245.0,1,32.87590035981494,35.16534772500211,27/05/2011,48,,,,,,,,
2,246.0,1,32.87574355112605,35.16532898737119,27/05/2011,48,,,,,,,,
2,247.0,1,32.87558917483883,35.165303410057014,27/05/2011,48,,,,,,,,
2,248.0,1,32.87544237145009,35.16527387589791,27/05/2011,48,,,,,,,,
2,249.0,2,32.87528492828156,35.16524466707672,27/05/2011,48,,,,,,,,
2,250.0,2,32.87513677412062,35.16522079696325,27/05/2011,48,,,,,,,,
2,251.0,2,32.87497518378913,35.16519351352746,27/05/2011,48,,,,,,,,
2,252.0,1,32.874828019720255,35.16516408676438,27/05/2011,48,,,,,,,,
2,253.0,1,32.87467697907102,35.16513679887367,27/05/2011,48,,,,,,,,
2,254.0,1,32.87453342249009,35.16510982833232,27/05/2011,48,,,,,,,,
2,255.0,1,32.87436173379565,35.16508425938705,27/05/2011,48,,,,,,,,
2,256.0,1,32.87420771813211,35.165058789584634,27/05/2011,48,,,,,,,,
2,257.0,1,32.87404667073673,35.165037810785435,27/05/2011,48,,,,,,,,
2,258.0,1,32.87389175108319,35.16500507559249,27/05/2011,48,,,,,,,,
2,259.0,1,32.873742785261015,35.1649809929033,27/05/2011,48,,,,,,,,
2,260.0,1,32.873597516032305,35.164955946989,27/05/2011,48,,,,,,,,
2,261.0,1,32.873446385477315,35.164929728384,27/05/2011,48,,,,,,,,
2,262.0,1,32.87328479503941,35.16490244599073,27/05/2011,48,,,,,,,,
2,263.0,1,32.87312690146288,35.16487505520384,27/05/2011,48,,,,,,,,
2,264.0,1,32.87297351802095,35.16485311192453,27/05/2011,48,,,,,,,,
2,265.0,1,32.87282418900583,35.16482122976894,27/05/2011,48,,,,,,,,
2,266.0,1,32.87267504238034,35.16479586554353,27/05/2011,48,,,,,,,,
2,267.0,1,32.87251282115488,35.16476997296767,27/05/2011,48,,,,,,,,
2,268.0,1,32.872373321381616,35.16474097170223,27/05/2011,48,,,,,,,,
2,269.0,1,32.87221750274002,35.16471710661684,27/05/2011,48,,,,,,,,
2,270.0,1,32.87206907820702,35.16469419996934,27/05/2011,48,,,,,,,,
2,271.0,1,32.872086128762724,35.16443849986268,27/05/2011,48,,,,,,,,
2,272.0,1,32.87218856447234,35.16445213073625,27/05/2011,48,,,,,,,,
2,273.0,1,32.87233771213366,35.16448048606179,27/05/2011,48,,,,,,,,
2,274.0,1,32.872497139156266,35.16450937113077,27/05/2011,48,,,,,,,,
2,275.0,1,32.872647637893174,35.16453323830875,27/05/2011,48,,,,,,,,
2,276.0,1,32.872794169756034,35.164558816958575,27/05/2011,48,,,,,,,,
2,277.0,1,32.87293907990543,35.164588563614664,27/05/2011,48,,,,,,,,
2,278.0,1,32.873087685623915,35.164614141512104,27/05/2011,48,,,,,,,,
2,279.0,1,32.87324828339344,35.16463864562437,27/05/2011,48,,,,,,,,
2,280.0,2,32.87339842321371,35.16466817652431,27/05/2011,48,,,,,,,,
2,281.0,1,32.873545315264266,35.1646923663745,27/05/2011,48,,,,,,,,
2,282.0,1,32.87370762647798,35.1647177248063,27/05/2011,48,,,,,,,,
2,283.0,1,32.87385235379226,35.16473977873955,27/05/2011,48,,,,,,,,
2,284.0,1,32.874006640576084,35.1647669574086,27/05/2011,48,,,,,,,,
2,285.0,1,32.87415380462165,35.16479595583496,27/05/2011,48,,,,,,,,
2,286.0,1,32.874295194835504,35.164815340167365,27/05/2011,48,,,,,,,,
2,287.0,1,32.87444280804887,35.16483910276971,27/05/2011,48,,,,,,,,
2,288.0,1,32.87460070119489,35.16486521165668,27/05/2011,48,,,,,,,,
2,289.0,1,32.87474633058572,35.16488865474275,27/05/2011,48,,,,,,,,
2,290.0,2,32.87489782266889,35.16491765169058,27/05/2011,48,,,,,,,,
2,291.0,2,32.87504327383034,35.164947826804514,27/05/2011,48,,,,,,,,
2,292.0,2,32.87519584488116,35.16496720661858,27/05/2011,48,,,,,,,,
2,293.0,1,32.87534418009907,35.16499321332778,27/05/2011,48,,,,,,,,
2,294.0,1,32.875487285036954,35.1650176196225,27/05/2011,48,,,,,,,,
2,295.0,1,32.87563363626409,35.1650427725416,27/05/2011,48,,,,,,,,
2,296.0,1,32.87579630755643,35.16506663607831,27/05/2011,48,,,,,,,,
2,297.0,1,32.87592615862505,35.16509393354486,27/05/2011,48,,,,,,,,
2,298.0,1,32.876081977103496,35.165117800276114,27/05/2011,48,,,,,,,,
2,299.0,1,32.87623861101342,35.16515416878611,27/05/2011,48,,,,,,,,
2,300.0,1,32.876371795535285,35.16517270290969,27/05/2011,48,,,,,,,,
2,301.0,2,32.87652581025187,35.16519539528083,27/05/2011,48,,,,,,,,
2,302.0,1,32.87667098896273,35.16521969445392,27/05/2011,48,,,,,,,,
2,303.0,1,32.87683113869238,35.1652538178633,27/05/2011,48,,,,,,,,
2,304.0,2,32.876977038965855,35.16527886488972,27/05/2011,48,,,,,,,,
2,305.0,2,32.87712086418923,35.16530017294106,27/05/2011,48,,,,,,,,
2,306.0,1,32.87726351678293,35.16532009244244,27/05/2011,48,,,,,,,,
2,307.0,2,32.877429527213366,35.165353572548455,27/05/2011,48,,,,,,,,
2,308.0,2,32.87753917673922,35.16536891183065,27/05/2011,48,,,,,,,,
2,309.0,2,32.87768877534252,35.165398659327344,27/05/2011,48,,,,,,,,
2,310.0,2,32.87782971507552,35.16541975529033,27/05/2011,48,,,,,,,,
2,311.0,2,32.877988421195795,35.165451208700894,27/05/2011,48,,,,,,,,
2,312.0,2,32.87816020194737,35.16548340451046,27/05/2011,48,,,,,,,,
2,313.0,2,32.87830700276425,35.165505032446156,27/05/2011,48,,,,,,,,
2,314.0,2,32.87844983739603,35.16553061592414,27/05/2011,48,,,,,,,,
2,315.0,2,32.878594835030434,35.16555288594227,27/05/2011,48,,,,,,,,
2,316.0,2,32.87874650644173,35.165579427449536,27/05/2011,48,,,,,,,,
2,317.0,3,32.87888934078319,35.165604156305655,27/05/2011,48,,,,,,,,
2,318.0,3,32.879025410602644,35.16562279725135,27/05/2011,48,,,,,,,,
2,319.0,3,32.879175460780154,35.165655216939136,27/05/2011,48,,,,,,,,
2,320.0,3,32.87932000799745,35.165678983560404,27/05/2011,48,,,,,,,,
2,321.0,3,32.87946698889192,35.16569997086555,27/05/2011,48,,,,,,,,
2,322.0,2,32.87960424177193,35.165463218052096,27/05/2011,48,,,,,,,,
2,323.0,3,32.87949026527898,35.16545129968434,27/05/2011,48,,,,,,,,
2,324.0,2,32.879346710040785,35.165428067247795,27/05/2011,48,,,,,,,,
2,325.0,2,32.87919016938873,35.165401100518615,27/05/2011,48,,,,,,,,
2,326.0,2,32.87904453956238,35.16537562512075,27/05/2011,48,,,,,,,,
2,327.0,2,32.87890395925447,35.16535046816626,27/05/2011,48,,,,,,,,
2,328.0,1,32.878755352219706,35.16531975818787,27/05/2011,48,,,,,,,,
2,329.0,1,32.87859917290495,35.165295035686405,27/05/2011,48,,,,,,,,
2,330.0,2,32.8784429922438,35.16526603895928,27/05/2011,48,,,,,,,,
2,331.0,1,32.87830313374929,35.1652424848939,27/05/2011,48,,,,,,,,
2,332.0,1,32.87810366941515,35.165204424525754,27/05/2011,48,,,,,,,,
2,333.0,1,32.87794821060395,35.16517713751548,27/05/2011,48,,,,,,,,
2,334.0,1,32.8777918508374,35.16515220185211,27/05/2011,48,,,,,,,,
2,335.0,1,32.87765262301576,35.165127151862286,27/05/2011,48,,,,,,,,
2,336.0,1,32.87750545859072,35.16509644204895,27/05/2011,48,,,,,,,,
2,337.0,1,32.877348196979185,35.165071079622734,27/05/2011,48,,,,,,,,
2,338.0,1,32.87718976300177,35.1650451835224,27/05/2011,48,,,,,,,,
2,339.0,1,32.87704809942186,35.16501639498054,27/05/2011,48,,,,,,,,
2,340.0,1,32.87689345320419,35.16499274136273,27/05/2011,48,,,,,,,,
2,341.0,1,32.87673835620384,35.164969301737955,27/05/2011,48,,,,,,,,
2,342.0,2,32.87657865885514,35.164940307742874,27/05/2011,48,,,,,,,,
2,343.0,1,32.876432940832395,35.16492156577045,27/05/2011,48,,,,,,,,
2,344.0,1,32.87627612692844,35.16488647993305,27/05/2011,48,,,,,,,,
2,345.0,1,32.876124996085295,35.16485919211221,27/05/2011,48,,,,,,,,
2,346.0,1,32.87596917701795,35.164833616144655,27/05/2011,48,,,,,,,,
2,347.0,1,32.87581435074102,35.164811031755384,27/05/2011,48,,,,,,,,
2,348.0,1,32.87566754646319,35.164779040680834,27/05/2011,48,,,,,,,,
2,349.0,1,32.87551317060446,35.16475517401021,27/05/2011,48,,,,,,,,
2,350.0,2,32.87536961375736,35.16472756270759,27/05/2011,48,,,,,,,,
2,351.0,2,32.87521902471646,35.164702946539606,27/05/2011,48,,,,,,,,
2,352.0,2,32.875070779943485,35.16467800884751,27/05/2011,48,,,,,,,,
2,353.0,1,32.874926320706095,35.16464826113652,27/05/2011,48,,,,,,,,
2,354.0,1,32.874772395646396,35.16462439468839,27/05/2011,48,,,,,,,,
2,355.0,1,32.87462234727535,35.16459881693802,27/05/2011,48,,,,,,,,
2,356.0,1,32.87447581379544,35.1645680019017,27/05/2011,48,,,,,,,,
2,357.0,1,32.87432630658659,35.16454295835311,27/05/2011,48,,,,,,,,
2,358.0,1,32.87416228317629,35.16452080641217,27/05/2011,48,,,,,,,,
2,359.0,1,32.87401512015866,35.16449522771736,27/05/2011,48,,,,,,,,
2,360.0,1,32.87385398072209,35.16446869370323,27/05/2011,48,,,,,,,,
2,361.0,1,32.873704201846756,35.164440124496586,27/05/2011,48,,,,,,,,
2,362.0,1,32.87354306105802,35.16440942344919,27/05/2011,48,,,,,,,,
2,363.0,2,32.87340022608722,35.16438384317019,27/05/2011,48,,,,,,,,
2,364.0,1,32.873241882756155,35.16436019327475,27/05/2011,48,,,,,,,,
2,365.0,1,32.87308615433502,35.164336649138036,27/05/2011,48,,,,,,,,
2,366.0,1,32.87293033289397,35.164304236475424,27/05/2011,48,,,,,,,,
2,367.0,1,32.87277685880243,35.16428111890673,27/05/2011,48,,,,,,,,
2,368.0,1,32.87262545545504,35.16424827705785,27/05/2011,48,,,,,,,,
2,369.0,1,32.87247847367856,35.16422579783916,27/05/2011,48,,,,,,,,
2,370.0,1,32.87231282596485,35.16420001475547,27/05/2011,48,,,,,,,,
2,371.0,1,32.872237448615664,35.163931213248084,27/05/2011,48,,,,,,,,
2,372.0,1,32.87237099677127,35.163958078893366,27/05/2011,48,,,,,,,,
2,373.0,1,32.87253403013203,35.163985358640545,27/05/2011,48,,,,,,,,
2,374.0,1,32.87268994045323,35.16401349652503,27/05/2011,48,,,,,,,,
2,375.0,1,32.87284061944388,35.1640368285793,27/05/2011,48,,,,,,,,
2,376.0,1,32.87299932538058,35.164066247599294,27/05/2011,48,,,,,,,,
2,377.0,1,32.87314324310037,35.164093856942166,27/05/2011,48,,,,,,,,
2,378.0,1,32.873295453551506,35.16411291449189,27/05/2011,48,,,,,,,,
2,379.0,1,32.8734493813586,35.16414490040064,27/05/2011,48,,,,,,,,
2,380.0,1,32.87359483033262,35.164167594125594,27/05/2011,48,,,,,,,,
2,381.0,1,32.87375353718161,35.16420000548708,27/05/2011,48,,,,,,,,
2,382.0,1,32.87390710136398,35.16422290942221,27/05/2011,48,,,,,,,,
2,383.0,1,32.87406652778854,35.16424987119002,27/05/2011,48,,,,,,,,
2,384.0,1,32.874211797695494,35.164276625727275,27/05/2011,48,,,,,,,,
2,385.0,1,32.87436815765571,35.1643013451522,27/05/2011,48,,,,,,,,
2,386.0,1,32.874533355514096,35.164330441664326,27/05/2011,48,,,,,,,,
2,387.0,1,32.874690617960944,35.16435772534601,27/05/2011,48,,,,,,,,
2,388.0,1,32.87484950411287,35.16438714546414,27/05/2011,48,,,,,,,,
2,389.0,2,32.875003251407236,35.16441891877559,27/05/2011,48,,,,,,,,
2,390.0,2,32.87514572241712,35.16443434861496,27/05/2011,48,,,,,,,,
2,391.0,2,32.875301272991855,35.16446590759618,27/05/2011,48,,,,,,,,
2,392.0,2,32.87545195357548,35.164494690659794,27/05/2011,48,,,,,,,,
2,393.0,1,32.875606329485045,35.164518556862625,27/05/2011,48,,,,,,,,
2,394.0,1,32.87576296095813,35.16454669632225,27/05/2011,48,,,,,,,,
2,395.0,1,32.87591336950966,35.16457077818218,27/05/2011,48,,,,,,,,
2,396.0,1,32.87606909866747,35.16459699484397,27/05/2011,48,,,,,,,,
2,397.0,1,32.876224827748,35.16462299788686,27/05/2011,48,,,,,,,,
2,398.0,1,32.87638181849711,35.164646863350264,27/05/2011,48,,,,,,,,
2,399.0,1,32.87652744822691,35.16467137509992,27/05/2011,48,,,,,,,,
2,400.0,2,32.87667317008466,35.164702084518574,27/05/2011,48,,,,,,,,
2,401.0,1,32.876827816531836,35.16472627185287,27/05/2011,48,,,,,,,,
2,402.0,1,32.87698372688615,35.164755374087036,27/05/2011,48,,,,,,,,
2,403.0,1,32.87713882524068,35.164782980796566,27/05/2011,48,,,,,,,,
2,404.0,1,32.87729085748898,35.16480941354451,27/05/2011,48,,,,,,,,
2,405.0,1,32.87744622626154,35.16483680660937,27/05/2011,48,,,,,,,,
2,406.0,1,32.877603036839524,35.16486142085226,27/05/2011,48,,,,,,,,
2,407.0,1,32.87775597101381,35.164888708326686,27/05/2011,48,,,,,,,,
2,408.0,2,32.877909355311616,35.164913751694236,27/05/2011,48,,,,,,,,
2,409.0,2,32.87802549960075,35.16493731565086,27/05/2011,48,,,,,,,,
2,410.0,2,32.87817202940276,35.16495701933913,27/05/2011,48,,,,,,,,
2,411.0,2,32.8783333504111,35.16498815031466,27/05/2011,48,,,,,,,,
2,412.0,2,32.87847474191532,35.16501202388388,27/05/2011,48,,,,,,,,
2,413.0,2,32.878624519740264,35.165038030981414,27/05/2011,48,,,,,,,,
2,414.0,2,32.8787771824388,35.16506243401829,27/05/2011,48,,,,,,,,
2,415.0,2,32.87892822270363,35.16508876130612,27/05/2011,48,,,,,,,,
2,416.0,3,32.87908187814313,35.16511604925626,27/05/2011,48,,,,,,,,
2,417.0,3,32.879229129876805,35.16513778346847,27/05/2011,48,,,,,,,,
2,418.0,3,32.87937485209477,35.16517020431987,27/05/2011,48,,,,,,,,
2,419.0,3,32.879516965189254,35.1651950398697,27/05/2011,48,,,,,,,,
2,420.0,2,32.87970110190991,35.16494960976941,27/05/2011,48,,,,,,,,
2,421.0,2,32.87954996920557,35.16491612296885,27/05/2011,48,,,,,,,,
2,422.0,3,32.87940425070787,35.16489567067273,27/05/2011,48,,,,,,,,
2,423.0,3,32.879251044651085,35.16486389473614,27/05/2011,48,,,,,,,,
2,424.0,2,32.879082872160836,35.16483693419649,27/05/2011,48,,,,,,,,
2,425.0,2,32.87891677305834,35.16480847681893,27/05/2011,48,,,,,,,,
2,426.0,2,32.878755452799254,35.164779803704164,27/05/2011,48,,,,,,,,
2,427.0,2,32.87860630735601,35.164757750467786,27/05/2011,48,,,,,,,,
2,428.0,2,32.87844958640868,35.164731426367,27/05/2011,48,,,,,,,,
2,429.0,1,32.8782332582382,35.16468642886054,27/05/2011,48,,,,,,,,
2,430.0,1,32.87807365313606,35.16466406000493,27/05/2011,48,,,,,,,,
2,431.0,1,32.87791350419543,35.16463282232606,27/05/2011,48,,,,,,,,
2,432.0,1,32.87776778452584,35.1646089514427,27/05/2011,48,,,,,,,,
2,433.0,1,32.87761133495031,35.16458551286272,27/05/2011,48,,,,,,,,
2,434.0,1,32.87745262710573,35.164549359436506,27/05/2011,48,,,,,,,,
2,435.0,1,32.87729067662806,35.16452400009129,27/05/2011,48,,,,,,,,
2,436.0,1,32.877132513382755,35.16449917342194,27/05/2011,48,,,,,,,,
2,437.0,1,32.876977144801934,35.16447263589037,27/05/2011,48,,,,,,,,
2,438.0,1,32.87681528326994,35.16444353682398,27/05/2011,48,,,,,,,,
2,439.0,1,32.87666811975185,35.16441624780906,27/05/2011,48,,,,,,,,
2,440.0,1,32.8765074312083,35.164389712950204,27/05/2011,48,,,,,,,,
2,441.0,1,32.876348727282966,35.164366062387565,27/05/2011,48,,,,,,,,
2,442.0,1,32.876180190922284,35.164329700575344,27/05/2011,48,,,,,,,,
2,443.0,1,32.87602942206868,35.16430690147218,27/05/2011,48,,,,,,,,
2,444.0,1,32.87588144897552,35.16428581086221,27/05/2011,48,,,,,,,,
2,445.0,1,32.87573464477145,35.164254461756805,27/05/2011,48,,,,,,,,
2,446.0,1,32.87557449694001,35.164227179241514,27/05/2011,48,,,,,,,,
2,447.0,2,32.87541660492265,35.164204917952254,27/05/2011,48,,,,,,,,
2,448.0,3,32.875268991543706,35.16418094243503,27/05/2011,48,,,,,,,,
2,449.0,2,32.875111367298864,35.164150239730816,27/05/2011,48,,,,,,,,
2,450.0,2,32.874952930666545,35.16411686616174,27/05/2011,48,,,,,,,,
2,451.0,2,32.87479774407921,35.164095886238876,27/05/2011,48,,,,,,,,
2,452.0,2,32.87463317869636,35.16407095706604,27/05/2011,48,,,,,,,,
2,453.0,2,32.874472489821265,35.16404378231413,27/05/2011,48,,,,,,,,
2,454.0,2,32.874322440220894,35.164014786336104,27/05/2011,48,,,,,,,,
2,455.0,1,32.87417275145655,35.1639863245552,27/05/2011,48,,,,,,,,
2,456.0,2,32.87400503007239,35.16396118348664,27/05/2011,48,,,,,,,,
2,457.0,2,32.8738441621001,35.16393796273956,27/05/2011,48,,,,,,,,
2,458.0,2,32.87368617611791,35.163904269259106,27/05/2011,48,,,,,,,,
2,459.0,2,32.873527831353684,35.16387645291667,27/05/2011,48,,,,,,,,
2,460.0,2,32.87338112048753,35.16385536303481,27/05/2011,48,,,,,,,,
2,461.0,2,32.87322277587818,35.163828081131676,27/05/2011,48,,,,,,,,
2,462.0,2,32.87307561380789,35.163805923093065,27/05/2011,48,,,,,,,,
2,463.0,2,32.87292691740941,35.163779278076866,27/05/2011,48,,,,,,,,
2,464.0,2,32.87276676940372,35.163751997270346,27/05/2011,48,,,,,,,,
2,465.0,2,32.8725996766814,35.16371937719338,27/05/2011,48,,,,,,,,
2,466.0,2,32.87244945236305,35.16370801280096,27/05/2011,48,,,,,,,,
2,467.0,2,32.872307156774234,35.1636779459931,27/05/2011,48,,,,,,,,
2,468.0,1,32.872369370772894,35.16339519104424,27/05/2011,48,,,,,,,,
2,469.0,1,32.87248334870963,35.16341052505879,27/05/2011,48,,,,,,,,
2,470.0,1,32.87263592149381,35.16343428257154,27/05/2011,48,,,,,,,,
2,471.0,1,32.87279029858277,35.16346092431379,27/05/2011,48,,,,,,,,
2,472.0,1,32.87295089826208,35.163490555123595,27/05/2011,48,,,,,,,,
2,473.0,1,32.87311798886873,35.16351655011169,27/05/2011,48,,,,,,,,
2,474.0,1,32.87326352830657,35.16353977694323,27/05/2011,48,,,,,,,,
2,475.0,1,32.873416011472244,35.16356535140539,27/05/2011,48,,,,,,,,
2,476.0,1,32.87357615894398,35.16359092244246,27/05/2011,48,,,,,,,,
2,477.0,1,32.873713224966366,35.16362163304499,27/05/2011,48,,,,,,,,
2,478.0,1,32.87388689879444,35.163650617352836,27/05/2011,48,,,,,,,,
2,479.0,1,32.87404001289257,35.163675550778784,27/05/2011,48,,,,,,,,
2,480.0,1,32.874203136335474,35.163702509917165,27/05/2011,48,,,,,,,,
2,481.0,2,32.87436238301369,35.16373096686547,27/05/2011,48,,,,,,,,
2,482.0,1,32.87450503751549,35.163755798482796,27/05/2011,48,,,,,,,,
2,483.0,1,32.87466500538238,35.163783827880145,27/05/2011,48,,,,,,,,
2,484.0,1,32.87481072639002,35.16381111589761,27/05/2011,48,,,,,,,,
2,485.0,2,32.8749701520827,35.163835619566456,27/05/2011,48,,,,,,,,
2,486.0,2,32.875123355766654,35.163858950763284,27/05/2011,48,,,,,,,,
2,487.0,2,32.87526321400193,35.163880685302686,27/05/2011,48,,,,,,,,
2,488.0,2,32.87541732267587,35.16391427424346,27/05/2011,48,,,,,,,,
2,489.0,2,32.87556692025599,35.16393963756346,27/05/2011,48,,,,,,,,
2,490.0,1,32.875718414196456,35.163973762180056,27/05/2011,48,,,,,,,,
2,491.0,1,32.87588378908307,35.163992493532284,27/05/2011,48,,,,,,,,
2,492.0,1,32.876035371479354,35.16402138242805,27/05/2011,48,,,,,,,,
2,493.0,2,32.876192723882724,35.164047917994566,27/05/2011,48,,,,,,,,
2,494.0,2,32.876341509764345,35.16407285470485,27/05/2011,48,,,,,,,,
2,495.0,2,32.87649895221428,35.1640990698457,27/05/2011,48,,,,,,,,
2,496.0,2,32.87665224763264,35.16412753092376,27/05/2011,48,,,,,,,,
2,497.0,2,32.87679796796959,35.164153110415604,27/05/2011,48,,,,,,,,
2,498.0,1,32.87696244407365,35.16418103235112,27/05/2011,48,,,,,,,,
2,499.0,1,32.87711285421206,35.16420992244474,27/05/2011,48,,,,,,,,
2,500.0,1,32.87726560676118,35.16423272076412,27/05/2011,48,,,,,,,,
2,501.0,1,32.87741890065565,35.164256587483194,27/05/2011,48,,,,,,,,
2,502.0,1,32.87757345827016,35.164284727985596,27/05/2011,48,,,,,,,,
2,503.0,1,32.87772449684212,35.16430517646914,27/05/2011,48,,,,,,,,
2,504.0,1,32.87788464514988,35.1643341694931,27/05/2011,48,,,,,,,,
2,505.0,2,32.87802892217531,35.16435804060677,27/05/2011,48,,,,,,,,
2,506.0,2,32.878190153782626,35.164391093922916,27/05/2011,48,,,,,,,,
2,507.0,2,32.87839241310051,35.16442765524272,27/05/2011,48,,,,,,,,
2,508.0,2,32.87855914498314,35.16446081320962,27/05/2011,48,,,,,,,,
2,509.0,2,32.87871270804577,35.16448072679367,27/05/2011,48,,,,,,,,
2,510.0,2,32.878871234382885,35.16451324750468,27/05/2011,48,,,,,,,,
2,511.0,2,32.87901604963614,35.16452857024987,27/05/2011,48,,,,,,,,
2,512.0,2,32.87915645085884,35.16455714549601,27/05/2011,48,,,,,,,,
2,513.0,2,32.879302170506165,35.16458101666429,27/05/2011,48,,,,,,,,
2,514.0,2,32.87945465518457,35.164612471877646,27/05/2011,48,,,,,,,,
2,515.0,2,32.8796114655865,35.164636551980706,27/05/2011,48,,,,,,,,
3,2.0,2,32.879292003942666,35.166989512499676,31/05/2011,44,,,,,,,,
3,3.0,2,32.87918361482608,35.16696690400061,31/05/2011,44,,,,,,,,
3,4.0,3,32.87906530782687,35.16694643690037,31/05/2011,44,,,,,,,,
3,5.0,3,32.87894618914692,35.16692543590388,31/05/2011,44,,,,,,,,
3,6.0,3,32.87884041713768,35.166910306548466,31/05/2011,44,,,,,,,,
3,7.0,3,32.87872788140949,35.166891546900786,31/05/2011,44,,,,,,,,
3,8.0,3,32.87861814022159,35.16687054210384,31/05/2011,44,,,,,,,,
3,9.0,2,32.878512817950984,35.16685177951065,31/05/2011,44,,,,,,,,
3,10.0,2,32.87840190478897,35.1668315233121,31/05/2011,44,,,,,,,,
3,11.0,2,32.878311461827856,35.16681788369621,31/05/2011,44,,,,,,,,
3,12.0,2,32.87820181300588,35.166804252218114,31/05/2011,44,,,,,,,,
3,13.0,2,32.87809504751053,35.16678378068188,31/05/2011,44,,,,,,,,
3,14.0,1,32.87799459427703,35.16676490938538,31/05/2011,44,,,,,,,,
3,15.0,1,32.87780712339654,35.16672887094751,31/05/2011,44,,,,,,,,
3,16.0,1,32.877699367576334,35.16671352914353,31/05/2011,44,,,,,,,,
3,17.0,1,32.87759260257327,35.16669476753946,31/05/2011,44,,,,,,,,
3,18.0,1,32.87746996690286,35.16667259329193,31/05/2011,44,,,,,,,,
3,19.0,1,32.877361759647634,35.16665532838769,31/05/2011,44,,,,,,,,
3,20.0,1,32.87725778901026,35.166633787472605,31/05/2011,44,,,,,,,,
3,21.0,1,32.87714813963344,35.16661844668112,31/05/2011,44,,,,,,,,
3,22.0,1,32.87705129451588,35.16660427590924,31/05/2011,44,,,,,,,,
3,23.0,1,32.876938757676,35.16658209763084,31/05/2011,44,,,,,,,,
3,24.0,1,32.87683902422098,35.16655820427264,31/05/2011,44,,,,,,,,
3,25.0,1,32.87673271261006,35.16654799130333,31/05/2011,44,,,,,,,,
3,26.0,1,32.876624503318475,35.166524101643944,31/05/2011,44,,,,,,,,
3,27.0,1,32.876511967493165,35.16650534294812,31/05/2011,44,,,,,,,,
3,28.0,1,32.876404482582195,35.16649149749589,31/05/2011,44,,,,,,,,
3,29.0,1,32.876291945710896,35.1664693195202,31/05/2011,44,,,,,,,,
3,30.0,1,32.87618671383426,35.16645162640124,31/05/2011,44,,,,,,,,
3,31.0,1,32.87606624333524,35.1664334055469,31/05/2011,44,,,,,,,,
3,32.0,1,32.87595659131639,35.16640951682021,31/05/2011,44,,,,,,,,
3,33.0,1,32.87583990778146,35.16639097388893,31/05/2011,44,,,,,,,,
3,34.0,1,32.875738101472415,35.16637060812451,31/05/2011,44,,,,,,,,
3,35.0,1,32.87562989369085,35.166351847958715,31/05/2011,44,,,,,,,,
3,36.0,1,32.875512758811496,35.16633170254899,31/05/2011,44,,,,,,,,
3,37.0,1,32.8753948133551,35.166314656309446,31/05/2011,44,,,,,,,,
3,38.0,1,32.8752779483519,35.16629248065959,31/05/2011,44,,,,,,,,
3,39.0,1,32.875139444492525,35.16627544331896,31/05/2011,44,,,,,,,,
3,40.0,2,32.87502221772835,35.16624974176626,31/05/2011,44,,,,,,,,
3,41.0,2,32.87491392085697,35.166234614957176,31/05/2011,44,,,,,,,,
3,42.0,1,32.87479417044205,35.16621244076886,31/05/2011,44,,,,,,,,
3,43.0,1,32.87467126370257,35.166188878901636,31/05/2011,44,,,,,,,,
3,44.0,1,32.87455611094857,35.166163710972455,31/05/2011,44,,,,,,,,
3,45.0,1,32.87444213286118,35.16614666343275,31/05/2011,44,,,,,,,,
3,46.0,1,32.87432400581284,35.166125664163296,31/05/2011,44,,,,,,,,
3,47.0,1,32.87420236225644,35.16610488016716,31/05/2011,44,,,,,,,,
3,48.0,1,32.87408405397577,35.166080996067436,31/05/2011,44,,,,,,,,
3,49.0,1,32.87396619928222,35.166066087441145,31/05/2011,44,,,,,,,,
3,50.0,1,32.87386213759852,35.166042197319065,31/05/2011,44,,,,,,,,
3,51.0,1,32.873751045920564,35.16602856809284,31/05/2011,44,,,,,,,,
3,52.0,1,32.87365401837941,35.166007987453284,31/05/2011,44,,,,,,,,
3,53.0,1,32.873544367288225,35.16598751915581,31/05/2011,44,,,,,,,,
3,54.0,1,32.873432643598925,35.16597121902354,31/05/2011,44,,,,,,,,
3,55.0,1,32.873322091109436,35.16595171287618,31/05/2011,44,,,,,,,,
3,56.0,1,32.87320089897159,35.16593295933396,31/05/2011,44,,,,,,,,
3,57.0,1,32.87306915584077,35.165910043199126,31/05/2011,44,,,,,,,,
3,58.0,1,32.872952291644545,35.16589086048999,31/05/2011,44,,,,,,,,
3,59.0,1,32.872838312437736,35.165870394369676,31/05/2011,44,,,,,,,,
3,60.0,1,32.87272830192085,35.16585409377102,31/05/2011,44,,,,,,,,
3,61.0,1,32.872621989129186,35.16584046288209,31/05/2011,44,,,,,,,,
3,62.0,1,32.87249502301693,35.16581145447356,31/05/2011,44,,,,,,,,
3,63.0,1,32.87238248595599,35.16578927832533,31/05/2011,44,,,,,,,,
3,64.0,1,32.87226679329108,35.16576806525559,31/05/2011,44,,,,,,,,
3,65.0,1,32.872145781244306,35.16574867100411,31/05/2011,44,,,,,,,,
3,66.0,1,32.872028917138515,35.165729916104674,31/05/2011,44,,,,,,,,
3,67.0,1,32.8719075438125,35.16570859881387,31/05/2011,44,,,,,,,,
3,68.0,0,32.87190142009232,35.16544307930172,31/05/2011,44,,,,,,,,
3,69.0,0,32.872027664621434,35.16547101880697,31/05/2011,44,,,,,,,,
3,70.0,0,32.872180598266894,35.16549659602591,31/05/2011,44,,,,,,,,
3,71.0,1,32.872324242030096,35.165514056751945,31/05/2011,44,,,,,,,,
3,72.0,1,32.87244336405907,35.16554467086316,31/05/2011,44,,,,,,,,
3,73.0,1,32.87259936304104,35.16556907163167,31/05/2011,44,,,,,,,,
3,74.0,1,32.872720554714,35.16558611493802,31/05/2011,44,,,,,,,,
3,75.0,1,32.87285860963447,35.16560881405292,31/05/2011,44,,,,,,,,
3,76.0,1,32.87299639414192,35.16563183390952,31/05/2011,44,,,,,,,,
3,77.0,1,32.87313012165917,35.165656778928266,31/05/2011,44,,,,,,,,
3,78.0,1,32.87327521098478,35.165683642410706,31/05/2011,44,,,,,,,,
3,79.0,1,32.873429586722445,35.1657075100952,31/05/2011,44,,,,,,,,
3,80.0,1,32.87358576509313,35.16572902633561,31/05/2011,44,,,,,,,,
3,81.0,1,32.87373103439945,35.16575482147261,31/05/2011,44,,,,,,,,
3,82.0,1,32.873893707783985,35.165785738058595,31/05/2011,44,,,,,,,,
3,83.0,1,32.87404447764118,35.16581249266591,31/05/2011,44,,,,,,,,
3,84.0,1,32.87420525496275,35.165835289478736,31/05/2011,44,,,,,,,,
3,85.0,1,32.87436441000235,35.16586054469296,31/05/2011,44,,,,,,,,
3,86.0,1,32.87451590239714,35.16589125281982,31/05/2011,44,,,,,,,,
3,87.0,1,32.87465711278833,35.165912882965614,31/05/2011,44,,,,,,,,
3,88.0,2,32.87480896353639,35.165936111385136,31/05/2011,44,,,,,,,,
3,89.0,2,32.87495450636437,35.16597195133527,31/05/2011,44,,,,,,,,
3,90.0,1,32.87510401097671,35.16598951769243,31/05/2011,44,,,,,,,,
3,91.0,2,32.87526334449525,35.16600889638833,31/05/2011,44,,,,,,,,
3,92.0,2,32.87540906448191,35.16603447856215,31/05/2011,44,,,,,,,,
3,93.0,1,32.87556109873668,35.1660681790319,31/05/2011,44,,,,,,,,
3,94.0,1,32.87571231802646,35.16609066024018,31/05/2011,44,,,,,,,,
3,95.0,1,32.87585190826998,35.16612190861105,31/05/2011,44,,,,,,,,
3,96.0,2,32.875994561677935,35.16614482108329,31/05/2011,44,,,,,,,,
3,97.0,2,32.87614028214276,35.16617211336892,31/05/2011,44,,,,,,,,
3,98.0,1,32.876298174676016,35.166197263416485,31/05/2011,44,,,,,,,,
3,99.0,1,32.87645759973634,35.16622134434145,31/05/2011,44,,,,,,,,
3,100.0,1,32.876616035348526,35.16625333309258,31/05/2011,44,,,,,,,,
3,101.0,1,32.87676427879571,35.166275068163195,31/05/2011,44,,,,,,,,
3,102.0,2,32.876911079834855,35.166297765627014,31/05/2011,44,,,,,,,,
3,103.0,2,32.877064193725786,35.166323986718815,31/05/2011,44,,,,,,,,
3,104.0,2,32.87721135473966,35.166344440202224,31/05/2011,44,,,,,,,,
3,105.0,2,32.87732515478614,35.1663692891201,31/05/2011,44,,,,,,,,
3,106.0,2,32.877472858388245,35.16639497848218,31/05/2011,44,,,,,,,,
3,107.0,2,32.87762389610095,35.16641372081272,31/05/2011,44,,,,,,,,
3,108.0,2,32.87774220529017,35.166441025721554,31/05/2011,44,,,,,,,,
3,109.0,2,32.87784969005407,35.16645444389078,31/05/2011,44,,,,,,,,
3,110.0,2,32.8779886472965,35.16648013726966,31/05/2011,44,,,,,,,,
3,111.0,1,32.87814383719715,35.166513624413874,31/05/2011,44,,,,,,,,
3,112.0,2,32.878267913504864,35.16652895910976,31/05/2011,44,,,,,,,,
3,113.0,2,32.87841606860552,35.16655699968628,31/05/2011,44,,,,,,,,
3,114.0,3,32.87854014732691,35.16658034883306,31/05/2011,44,,,,,,,,
3,115.0,3,32.878666659714575,35.16660081184323,31/05/2011,44,,,,,,,,
3,116.0,3,32.87881237898572,35.166624686225425,31/05/2011,44,,,,,,,,
3,117.0,3,32.87893357194505,35.166646861351055,31/05/2011,44,,,,,,,,
3,118.0,3,32.87907162698953,35.16667105970344,31/05/2011,44,,,,,,,,
3,119.0,3,32.87921085353794,35.16669301360095,31/05/2011,44,,,,,,,,
3,120.0,2,32.879393288052725,35.166474089187375,31/05/2011,44,,,,,,,,
3,121.0,3,32.87926632793022,35.166463884827444,31/05/2011,44,,,,,,,,
3,122.0,3,32.879130614696145,35.16643135077109,31/05/2011,44,,,,,,,,
3,123.0,3,32.879035302579595,35.16641760666959,31/05/2011,44,,,,,,,,
3,124.0,2,32.87890978150162,35.166395433678346,31/05/2011,44,,,,,,,,
3,125.0,3,32.878784441208865,35.166374756687375,31/05/2011,44,,,,,,,,
3,126.0,2,32.878657750173254,35.16635995752574,31/05/2011,44,,,,,,,,
3,127.0,2,32.87851347302133,35.166334373274935,31/05/2011,44,,,,,,,,
3,128.0,2,32.87836378641125,35.16631092857564,31/05/2011,44,,,,,,,,
3,129.0,1,32.878201564177935,35.16628022300925,31/05/2011,44,,,,,,,,
3,130.0,1,32.8780614352976,35.16625645381569,31/05/2011,44,,,,,,,,
3,131.0,1,32.87790047840111,35.16623557876894,31/05/2011,44,,,,,,,,
3,132.0,1,32.87777685132599,35.16621511521504,31/05/2011,44,,,,,,,,
3,133.0,1,32.87763257360201,35.166187821741175,31/05/2011,44,,,,,,,,
3,134.0,1,32.877475039420794,35.16615497750296,31/05/2011,44,,,,,,,,
3,135.0,1,32.87732688600716,35.16613281499543,31/05/2011,44,,,,,,,,
3,136.0,1,32.87717683957407,35.166112363076216,31/05/2011,44,,,,,,,,
3,137.0,1,32.8770189463256,35.16608486209864,31/05/2011,44,,,,,,,,
3,138.0,1,32.87687656314015,35.166060987640876,31/05/2011,44,,,,,,,,
3,139.0,1,32.87672939944974,35.16603198624245,31/05/2011,44,,,,,,,,
3,140.0,1,32.876573490664065,35.1660070492227,31/05/2011,44,,,,,,,,
3,141.0,1,32.876431107979066,35.165984884694225,31/05/2011,44,,,,,,,,
3,142.0,1,32.87627528757108,35.16595417762007,31/05/2011,44,,,,,,,,
3,143.0,1,32.876134437436576,35.165931050892276,31/05/2011,44,,,,,,,,
3,144.0,1,32.87598312749957,35.16590707392029,31/05/2011,44,,,,,,,,
3,145.0,1,32.87583740644693,35.165878072441394,31/05/2011,44,,,,,,,,
3,146.0,1,32.87568483380594,35.165853027640374,31/05/2011,44,,,,,,,,
3,147.0,1,32.87553108876951,35.16582734230683,31/05/2011,44,,,,,,,,
3,148.0,1,32.87538554723313,35.165795776527396,31/05/2011,44,,,,,,,,
3,149.0,2,32.87522792480489,35.165769665644746,31/05/2011,44,,,,,,,,
3,150.0,2,32.875085542113744,35.16574771553588,31/05/2011,44,,,,,,,,
3,151.0,2,32.874942707449925,35.16572213267028,31/05/2011,44,,,,,,,,
3,152.0,1,32.87479599636341,35.165699222907406,31/05/2011,44,,,,,,,,
3,153.0,1,32.87464477426815,35.165667980627255,31/05/2011,44,,,,,,,,
3,154.0,1,32.874501580759,35.16564838194447,31/05/2011,44,,,,,,,,
3,155.0,0,32.874349366990465,35.16561778140271,31/05/2011,44,,,,,,,,
3,156.0,1,32.87420509011965,35.16559390922791,31/05/2011,44,,,,,,,,
3,157.0,0,32.87405630452204,35.16556907742329,31/05/2011,44,,,,,,,,
3,158.0,0,32.873919059974284,35.16554263787958,31/05/2011,44,,,,,,,,
3,159.0,1,32.87377036579068,35.16552186658393,31/05/2011,44,,,,,,,,
3,160.0,1,32.87362311319784,35.165497568610505,31/05/2011,44,,,,,,,,
3,161.0,1,32.873473063380104,35.16546686082868,31/05/2011,44,,,,,,,,
3,162.0,1,32.873306784634494,35.165440648020606,31/05/2011,44,,,,,,,,
3,163.0,1,32.87314790068877,35.16541763761656,31/05/2011,44,,,,,,,,
3,164.0,1,32.8730075007613,35.16539301642855,31/05/2011,44,,,,,,,,
3,165.0,1,32.87286349435576,35.16536925170766,31/05/2011,44,,,,,,,,
3,166.0,1,32.87268756705157,35.16534144072803,31/05/2011,44,,,,,,,,
3,167.0,1,32.872531295919345,35.165311911618836,31/05/2011,44,,,,,,,,
3,168.0,1,32.87237024541499,35.165280995655465,31/05/2011,44,,,,,,,,
3,169.0,1,32.87222452681028,35.165260544398194,31/05/2011,44,,,,,,,,
3,170.0,1,32.87207862568694,35.16523314802607,31/05/2011,44,,,,,,,,
3,171.0,1,32.871994407543234,35.16494372819901,31/05/2011,44,,,,,,,,
3,172.0,1,32.87213282306698,35.16496578487332,31/05/2011,44,,,,,,,,
3,173.0,1,32.87230306915132,35.164991353593535,31/05/2011,44,,,,,,,,
3,174.0,1,32.872463757507035,35.16501735404057,31/05/2011,44,,,,,,,,
3,175.0,1,32.87262426528103,35.16504260670507,31/05/2011,44,,,,,,,,
3,176.0,1,32.872783692469824,35.16507245453169,31/05/2011,44,,,,,,,,
3,177.0,0,32.872940771339245,35.165089801908934,31/05/2011,44,,,,,,,,
3,178.0,1,32.87306485060846,35.16511368184117,31/05/2011,44,,,,,,,,
3,179.0,1,32.87320191465974,35.16513926573916,31/05/2011,44,,,,,,,,
3,180.0,1,32.873344477400444,35.165159825263025,31/05/2011,44,,,,,,,,
3,181.0,1,32.87349759292178,35.165190210577975,31/05/2011,44,,,,,,,,
3,182.0,1,32.87364322113908,35.16521002093762,31/05/2011,44,,,,,,,,
3,183.0,1,32.87378957334105,35.165238272369784,31/05/2011,44,,,,,,,,
3,184.0,1,32.87396486932464,35.165265656355025,31/05/2011,44,,,,,,,,
3,185.0,1,32.87413448538958,35.165295286847766,31/05/2011,44,,,,,,,,
3,186.0,1,32.874281647707555,35.16531915725366,31/05/2011,44,,,,,,,,
3,187.0,1,32.874436747039304,35.16535007655551,31/05/2011,44,,,,,,,,
3,188.0,1,32.87458120342078,35.16537117013559,31/05/2011,44,,,,,,,,
3,189.0,1,32.87472656377909,35.1653996362695,31/05/2011,44,,,,,,,,
3,190.0,2,32.874878594890305,35.165422650045926,31/05/2011,44,,,,,,,,
3,191.0,2,32.87503856164428,35.16544833177226,31/05/2011,44,,,,,,,,
3,192.0,2,32.87518220824302,35.165475089264135,31/05/2011,44,,,,,,,,
3,193.0,1,32.87533946989372,35.16550066549927,31/05/2011,44,,,,,,,,
3,194.0,1,32.875489789200735,35.16552827508653,31/05/2011,44,,,,,,,,
3,195.0,1,32.875643716295606,35.165559302535456,31/05/2011,44,,,,,,,,
3,196.0,1,32.8757965599987,35.16558594952326,31/05/2011,44,,,,,,,,
3,197.0,1,32.87594471407491,35.16560982041984,31/05/2011,44,,,,,,,,
3,198.0,1,32.8760905237653,35.165633692416264,31/05/2011,44,,,,,,,,
3,199.0,2,32.87624489944342,35.165657560763385,31/05/2011,44,,,,,,,,
3,200.0,1,32.87640604028862,35.16568965411478,31/05/2011,44,,,,,,,,
3,201.0,1,32.87655112675475,35.16570754276838,31/05/2011,44,,,,,,,,
3,202.0,1,32.87669838290598,35.165743702866266,31/05/2011,44,,,,,,,,
3,203.0,1,32.8768510438637,35.16576276379404,31/05/2011,44,,,,,,,,
3,204.0,1,32.87695203718681,35.165778107236044,31/05/2011,44,,,,,,,,
3,205.0,1,32.87710713465812,35.16580357859306,31/05/2011,44,,,,,,,,
3,206.0,1,32.87725610241875,35.165834716082756,31/05/2011,44,,,,,,,,
3,207.0,1,32.87740488657092,35.165855274955284,31/05/2011,44,,,,,,,,
3,208.0,1,32.877554572366854,35.165875726649354,31/05/2011,44,,,,,,,,
3,209.0,1,32.8777113861932,35.16591156272848,31/05/2011,44,,,,,,,,
3,210.0,1,32.87785999047843,35.165933724768145,31/05/2011,44,,,,,,,,
3,211.0,1,32.8780215821522,35.165966139575424,31/05/2011,44,,,,,,,,
3,212.0,1,32.87817685989581,35.16599161148603,31/05/2011,44,,,,,,,,
3,213.0,1,32.878326096187315,35.16601655180138,31/05/2011,44,,,,,,,,
3,214.0,1,32.87845152727369,35.16603904472638,31/05/2011,44,,,,,,,,
3,215.0,2,32.87859048235972,35.166057471287075,31/05/2011,44,,,,,,,,
3,216.0,2,32.87873908817036,35.166084762979,31/05/2011,44,,,,,,,,
3,217.0,3,32.87889274303856,35.16611087714843,31/05/2011,44,,,,,,,,
3,218.0,3,32.87903377459229,35.1661378517012,31/05/2011,44,,,,,,,,
3,219.0,3,32.87917940256521,35.166157771690905,31/05/2011,44,,,,,,,,
3,220.0,2,32.87932386170736,35.166188698711295,31/05/2011,44,,,,,,,,
3,221.0,2,32.87949142130452,35.16598196134267,31/05/2011,44,,,,,,,,
3,222.0,3,32.8793427262409,35.16595766168071,31/05/2011,44,,,,,,,,
3,223.0,3,32.87920854735008,35.16593036378301,31/05/2011,44,,,,,,,,
3,224.0,3,32.879067515953174,35.16590403065753,31/05/2011,44,,,,,,,,
3,225.0,2,32.87892269625931,35.16587374549389,31/05/2011,44,,,,,,,,
3,226.0,2,32.87877012560291,35.16585489761361,31/05/2011,44,,,,,,,,
3,227.0,2,32.878630537104584,35.16582931211772,31/05/2011,44,,,,,,,,
3,228.0,2,32.87849058792462,35.16580372685816,31/05/2011,44,,,,,,,,
3,229.0,2,32.87833900652475,35.16577654385946,31/05/2011,44,,,,,,,,
3,230.0,1,32.87819509203399,35.16575779936868,31/05/2011,44,,,,,,,,
3,231.0,1,32.87799454599742,35.16572027264855,31/05/2011,44,,,,,,,,
3,232.0,1,32.87785044824309,35.165692124974946,31/05/2011,44,,,,,,,,
3,233.0,1,32.87769471902636,35.165664837308064,31/05/2011,44,,,,,,,,
3,234.0,1,32.877540612631506,35.1656369078894,31/05/2011,44,,,,,,,,
3,235.0,1,32.8773819078393,35.16560962170981,31/05/2011,44,,,,,,,,
3,236.0,1,32.877241238997975,35.165589700853666,31/05/2011,44,,,,,,,,
3,237.0,1,32.87709398357854,35.165555998483235,31/05/2011,44,,,,,,,,
3,238.0,1,32.87694348620451,35.165535547785744,31/05/2011,44,,,,,,,,
3,239.0,1,32.87678478127559,35.16550794140114,31/05/2011,44,,,,,,,,
3,240.0,1,32.876641135452005,35.1654835342017,31/05/2011,44,,,,,,,,
3,241.0,1,32.87649252946148,35.165456244152196,31/05/2011,44,,,,,,,,
3,242.0,1,32.876344466070194,35.16543408301037,31/05/2011,44,,,,,,,,
3,243.0,1,32.876202351618524,35.16540497375371,31/05/2011,44,,,,,,,,
3,244.0,1,32.876049687756854,35.16537683090779,31/05/2011,44,,,,,,,,
3,245.0,1,32.87590035981494,35.16534772500211,31/05/2011,44,,,,,,,,
3,246.0,1,32.87574355112605,35.16532898737119,31/05/2011,44,,,,,,,,
3,247.0,1,32.87558917483883,35.165303410057014,31/05/2011,44,,,,,,,,
3,248.0,1,32.87544237145009,35.16527387589791,31/05/2011,44,,,,,,,,
3,249.0,2,32.87528492828156,35.16524466707672,31/05/2011,44,,,,,,,,
3,250.0,2,32.87513677412062,35.16522079696325,31/05/2011,44,,,,,,,,
3,251.0,2,32.87497518378913,35.16519351352746,31/05/2011,44,,,,,,,,
3,252.0,1,32.874828019720255,35.16516408676438,31/05/2011,44,,,,,,,,
3,253.0,1,32.87467697907102,35.16513679887367,31/05/2011,44,,,,,,,,
3,254.0,1,32.87453342249009,35.16510982833232,31/05/2011,44,,,,,,,,
3,255.0,1,32.87436173379565,35.16508425938705,31/05/2011,44,,,,,,,,
3,256.0,1,32.87420771813211,35.165058789584634,31/05/2011,44,,,,,,,,
3,257.0,1,32.87404667073673,35.165037810785435,31/05/2011,44,,,,,,,,
3,258.0,1,32.87389175108319,35.16500507559249,31/05/2011,44,,,,,,,,
3,259.0,1,32.873742785261015,35.1649809929033,31/05/2011,44,,,,,,,,
3,260.0,1,32.873597516032305,35.164955946989,31/05/2011,44,,,,,,,,
3,261.0,1,32.873446385477315,35.164929728384,31/05/2011,44,,,,,,,,
3,262.0,1,32.87328479503941,35.16490244599073,31/05/2011,44,,,,,,,,
3,263.0,1,32.87312690146288,35.16487505520384,31/05/2011,44,,,,,,,,
3,264.0,1,32.87297351802095,35.16485311192453,31/05/2011,44,,,,,,,,
3,265.0,1,32.87282418900583,35.16482122976894,31/05/2011,44,,,,,,,,
3,266.0,1,32.87267504238034,35.16479586554353,31/05/2011,44,,,,,,,,
3,267.0,1,32.87251282115488,35.16476997296767,31/05/2011,44,,,,,,,,
3,268.0,1,32.872373321381616,35.16474097170223,31/05/2011,44,,,,,,,,
3,269.0,1,32.87221750274002,35.16471710661684,31/05/2011,44,,,,,,,,
3,270.0,1,32.87206907820702,35.16469419996934,31/05/2011,44,,,,,,,,
3,271.0,1,32.872086128762724,35.16443849986268,31/05/2011,44,,,,,,,,
3,272.0,1,32.87218856447234,35.16445213073625,31/05/2011,44,,,,,,,,
3,273.0,1,32.87233771213366,35.16448048606179,31/05/2011,44,,,,,,,,
3,274.0,1,32.872497139156266,35.16450937113077,31/05/2011,44,,,,,,,,
3,275.0,1,32.872647637893174,35.16453323830875,31/05/2011,44,,,,,,,,
3,276.0,1,32.872794169756034,35.164558816958575,31/05/2011,44,,,,,,,,
3,277.0,1,32.87293907990543,35.164588563614664,31/05/2011,44,,,,,,,,
3,278.0,1,32.873087685623915,35.164614141512104,31/05/2011,44,,,,,,,,
3,279.0,1,32.87324828339344,35.16463864562437,31/05/2011,44,,,,,,,,
3,280.0,2,32.87339842321371,35.16466817652431,31/05/2011,44,,,,,,,,
3,281.0,1,32.873545315264266,35.1646923663745,31/05/2011,44,,,,,,,,
3,282.0,1,32.87370762647798,35.1647177248063,31/05/2011,44,,,,,,,,
3,283.0,1,32.87385235379226,35.16473977873955,31/05/2011,44,,,,,,,,
3,284.0,1,32.874006640576084,35.1647669574086,31/05/2011,44,,,,,,,,
3,285.0,1,32.87415380462165,35.16479595583496,31/05/2011,44,,,,,,,,
3,286.0,1,32.874295194835504,35.164815340167365,31/05/2011,44,,,,,,,,
3,287.0,1,32.87444280804887,35.16483910276971,31/05/2011,44,,,,,,,,
3,288.0,1,32.87460070119489,35.16486521165668,31/05/2011,44,,,,,,,,
3,289.0,1,32.87474633058572,35.16488865474275,31/05/2011,44,,,,,,,,
3,290.0,2,32.87489782266889,35.16491765169058,31/05/2011,44,,,,,,,,
3,291.0,2,32.87504327383034,35.164947826804514,31/05/2011,44,,,,,,,,
3,292.0,2,32.87519584488116,35.16496720661858,31/05/2011,44,,,,,,,,
3,293.0,1,32.87534418009907,35.16499321332778,31/05/2011,44,,,,,,,,
3,294.0,1,32.875487285036954,35.1650176196225,31/05/2011,44,,,,,,,,
3,295.0,1,32.87563363626409,35.1650427725416,31/05/2011,44,,,,,,,,
3,296.0,1,32.87579630755643,35.16506663607831,31/05/2011,44,,,,,,,,
3,297.0,1,32.87592615862505,35.16509393354486,31/05/2011,44,,,,,,,,
3,298.0,1,32.876081977103496,35.165117800276114,31/05/2011,44,,,,,,,,
3,299.0,1,32.87623861101342,35.16515416878611,31/05/2011,44,,,,,,,,
3,300.0,1,32.876371795535285,35.16517270290969,31/05/2011,44,,,,,,,,
3,301.0,2,32.87652581025187,35.16519539528083,31/05/2011,44,,,,,,,,
3,302.0,1,32.87667098896273,35.16521969445392,31/05/2011,44,,,,,,,,
3,303.0,1,32.87683113869238,35.1652538178633,31/05/2011,44,,,,,,,,
3,304.0,2,32.876977038965855,35.16527886488972,31/05/2011,44,,,,,,,,
3,305.0,2,32.87712086418923,35.16530017294106,31/05/2011,44,,,,,,,,
3,306.0,1,32.87726351678293,35.16532009244244,31/05/2011,44,,,,,,,,
3,307.0,2,32.877429527213366,35.165353572548455,31/05/2011,44,,,,,,,,
3,308.0,2,32.87753917673922,35.16536891183065,31/05/2011,44,,,,,,,,
3,309.0,2,32.87768877534252,35.165398659327344,31/05/2011,44,,,,,,,,
3,310.0,2,32.87782971507552,35.16541975529033,31/05/2011,44,,,,,,,,
3,311.0,2,32.877988421195795,35.165451208700894,31/05/2011,44,,,,,,,,
3,312.0,2,32.87816020194737,35.16548340451046,31/05/2011,44,,,,,,,,
3,313.0,2,32.87830700276425,35.165505032446156,31/05/2011,44,,,,,,,,
3,314.0,2,32.87844983739603,35.16553061592414,31/05/2011,44,,,,,,,,
3,315.0,2,32.878594835030434,35.16555288594227,31/05/2011,44,,,,,,,,
3,316.0,2,32.87874650644173,35.165579427449536,31/05/2011,44,,,,,,,,
3,317.0,3,32.87888934078319,35.165604156305655,31/05/2011,44,,,,,,,,
3,318.0,3,32.879025410602644,35.16562279725135,31/05/2011,44,,,,,,,,
3,319.0,3,32.879175460780154,35.165655216939136,31/05/2011,44,,,,,,,,
3,320.0,3,32.87932000799745,35.165678983560404,31/05/2011,44,,,,,,,,
3,321.0,3,32.87946698889192,35.16569997086555,31/05/2011,44,,,,,,,,
3,322.0,2,32.87960424177193,35.165463218052096,31/05/2011,44,,,,,,,,
3,323.0,3,32.87949026527898,35.16545129968434,31/05/2011,44,,,,,,,,
3,324.0,2,32.879346710040785,35.165428067247795,31/05/2011,44,,,,,,,,
3,325.0,2,32.87919016938873,35.165401100518615,31/05/2011,44,,,,,,,,
3,326.0,2,32.87904453956238,35.16537562512075,31/05/2011,44,,,,,,,,
3,327.0,2,32.87890395925447,35.16535046816626,31/05/2011,44,,,,,,,,
3,328.0,1,32.878755352219706,35.16531975818787,31/05/2011,44,,,,,,,,
3,329.0,1,32.87859917290495,35.165295035686405,31/05/2011,44,,,,,,,,
3,330.0,2,32.8784429922438,35.16526603895928,31/05/2011,44,,,,,,,,
3,331.0,1,32.87830313374929,35.1652424848939,31/05/2011,44,,,,,,,,
3,332.0,1,32.87810366941515,35.165204424525754,31/05/2011,44,,,,,,,,
3,333.0,1,32.87794821060395,35.16517713751548,31/05/2011,44,,,,,,,,
3,334.0,1,32.8777918508374,35.16515220185211,31/05/2011,44,,,,,,,,
3,335.0,1,32.87765262301576,35.165127151862286,31/05/2011,44,,,,,,,,
3,336.0,1,32.87750545859072,35.16509644204895,31/05/2011,44,,,,,,,,
3,337.0,1,32.877348196979185,35.165071079622734,31/05/2011,44,,,,,,,,
3,338.0,1,32.87718976300177,35.1650451835224,31/05/2011,44,,,,,,,,
3,339.0,1,32.87704809942186,35.16501639498054,31/05/2011,44,,,,,,,,
3,340.0,1,32.87689345320419,35.16499274136273,31/05/2011,44,,,,,,,,
3,341.0,1,32.87673835620384,35.164969301737955,31/05/2011,44,,,,,,,,
3,342.0,2,32.87657865885514,35.164940307742874,31/05/2011,44,,,,,,,,
3,343.0,1,32.876432940832395,35.16492156577045,31/05/2011,44,,,,,,,,
3,344.0,1,32.87627612692844,35.16488647993305,31/05/2011,44,,,,,,,,
3,345.0,1,32.876124996085295,35.16485919211221,31/05/2011,44,,,,,,,,
3,346.0,1,32.87596917701795,35.164833616144655,31/05/2011,44,,,,,,,,
3,347.0,1,32.87581435074102,35.164811031755384,31/05/2011,44,,,,,,,,
3,348.0,1,32.87566754646319,35.164779040680834,31/05/2011,44,,,,,,,,
3,349.0,1,32.87551317060446,35.16475517401021,31/05/2011,44,,,,,,,,
3,350.0,2,32.87536961375736,35.16472756270759,31/05/2011,44,,,,,,,,
3,351.0,2,32.87521902471646,35.164702946539606,31/05/2011,44,,,,,,,,
3,352.0,2,32.875070779943485,35.16467800884751,31/05/2011,44,,,,,,,,
3,353.0,1,32.874926320706095,35.16464826113652,31/05/2011,44,,,,,,,,
3,354.0,1,32.874772395646396,35.16462439468839,31/05/2011,44,,,,,,,,
3,355.0,1,32.87462234727535,35.16459881693802,31/05/2011,44,,,,,,,,
3,356.0,1,32.87447581379544,35.1645680019017,31/05/2011,44,,,,,,,,
3,357.0,1,32.87432630658659,35.16454295835311,31/05/2011,44,,,,,,,,
3,358.0,1,32.87416228317629,35.16452080641217,31/05/2011,44,,,,,,,,
3,359.0,1,32.87401512015866,35.16449522771736,31/05/2011,44,,,,,,,,
3,360.0,1,32.87385398072209,35.16446869370323,31/05/2011,44,,,,,,,,
3,361.0,1,32.873704201846756,35.164440124496586,31/05/2011,44,,,,,,,,
3,362.0,1,32.87354306105802,35.16440942344919,31/05/2011,44,,,,,,,,
3,363.0,2,32.87340022608722,35.16438384317019,31/05/2011,44,,,,,,,,
3,364.0,1,32.873241882756155,35.16436019327475,31/05/2011,44,,,,,,,,
3,365.0,1,32.87308615433502,35.164336649138036,31/05/2011,44,,,,,,,,
3,366.0,1,32.87293033289397,35.164304236475424,31/05/2011,44,,,,,,,,
3,367.0,1,32.87277685880243,35.16428111890673,31/05/2011,44,,,,,,,,
3,368.0,1,32.87262545545504,35.16424827705785,31/05/2011,44,,,,,,,,
3,369.0,1,32.87247847367856,35.16422579783916,31/05/2011,44,,,,,,,,
3,370.0,1,32.87231282596485,35.16420001475547,31/05/2011,44,,,,,,,,
3,371.0,1,32.872237448615664,35.163931213248084,31/05/2011,44,,,,,,,,
3,372.0,1,32.87237099677127,35.163958078893366,31/05/2011,44,,,,,,,,
3,373.0,1,32.87253403013203,35.163985358640545,31/05/2011,44,,,,,,,,
3,374.0,1,32.87268994045323,35.16401349652503,31/05/2011,44,,,,,,,,
3,375.0,1,32.87284061944388,35.1640368285793,31/05/2011,44,,,,,,,,
3,376.0,1,32.87299932538058,35.164066247599294,31/05/2011,44,,,,,,,,
3,377.0,1,32.87314324310037,35.164093856942166,31/05/2011,44,,,,,,,,
3,378.0,1,32.873295453551506,35.16411291449189,31/05/2011,44,,,,,,,,
3,379.0,1,32.8734493813586,35.16414490040064,31/05/2011,44,,,,,,,,
3,380.0,1,32.87359483033262,35.164167594125594,31/05/2011,44,,,,,,,,
3,381.0,1,32.87375353718161,35.16420000548708,31/05/2011,44,,,,,,,,
3,382.0,1,32.87390710136398,35.16422290942221,31/05/2011,44,,,,,,,,
3,383.0,1,32.87406652778854,35.16424987119002,31/05/2011,44,,,,,,,,
3,384.0,1,32.874211797695494,35.164276625727275,31/05/2011,44,,,,,,,,
3,385.0,1,32.87436815765571,35.1643013451522,31/05/2011,44,,,,,,,,
3,386.0,1,32.874533355514096,35.164330441664326,31/05/2011,44,,,,,,,,
3,387.0,1,32.874690617960944,35.16435772534601,31/05/2011,44,,,,,,,,
3,388.0,1,32.87484950411287,35.16438714546414,31/05/2011,44,,,,,,,,
3,389.0,2,32.875003251407236,35.16441891877559,31/05/2011,44,,,,,,,,
3,390.0,2,32.87514572241712,35.16443434861496,31/05/2011,44,,,,,,,,
3,391.0,2,32.875301272991855,35.16446590759618,31/05/2011,44,,,,,,,,
3,392.0,2,32.87545195357548,35.164494690659794,31/05/2011,44,,,,,,,,
3,393.0,1,32.875606329485045,35.164518556862625,31/05/2011,44,,,,,,,,
3,394.0,1,32.87576296095813,35.16454669632225,31/05/2011,44,,,,,,,,
3,395.0,1,32.87591336950966,35.16457077818218,31/05/2011,44,,,,,,,,
3,396.0,1,32.87606909866747,35.16459699484397,31/05/2011,44,,,,,,,,
3,397.0,1,32.876224827748,35.16462299788686,31/05/2011,44,,,,,,,,
3,398.0,1,32.87638181849711,35.164646863350264,31/05/2011,44,,,,,,,,
3,399.0,1,32.87652744822691,35.16467137509992,31/05/2011,44,,,,,,,,
3,400.0,2,32.87667317008466,35.164702084518574,31/05/2011,44,,,,,,,,
3,401.0,1,32.876827816531836,35.16472627185287,31/05/2011,44,,,,,,,,
3,402.0,1,32.87698372688615,35.164755374087036,31/05/2011,44,,,,,,,,
3,403.0,1,32.87713882524068,35.164782980796566,31/05/2011,44,,,,,,,,
3,404.0,1,32.87729085748898,35.16480941354451,31/05/2011,44,,,,,,,,
3,405.0,1,32.87744622626154,35.16483680660937,31/05/2011,44,,,,,,,,
3,406.0,1,32.877603036839524,35.16486142085226,31/05/2011,44,,,,,,,,
3,407.0,1,32.87775597101381,35.164888708326686,31/05/2011,44,,,,,,,,
3,408.0,2,32.877909355311616,35.164913751694236,31/05/2011,44,,,,,,,,
3,409.0,2,32.87802549960075,35.16493731565086,31/05/2011,44,,,,,,,,
3,410.0,2,32.87817202940276,35.16495701933913,31/05/2011,44,,,,,,,,
3,411.0,2,32.8783333504111,35.16498815031466,31/05/2011,44,,,,,,,,
3,412.0,2,32.87847474191532,35.16501202388388,31/05/2011,44,,,,,,,,
3,413.0,2,32.878624519740264,35.165038030981414,31/05/2011,44,,,,,,,,
3,414.0,2,32.8787771824388,35.16506243401829,31/05/2011,44,,,,,,,,
3,415.0,2,32.87892822270363,35.16508876130612,31/05/2011,44,,,,,,,,
3,416.0,3,32.87908187814313,35.16511604925626,31/05/2011,44,,,,,,,,
3,417.0,3,32.879229129876805,35.16513778346847,31/05/2011,44,,,,,,,,
3,418.0,3,32.87937485209477,35.16517020431987,31/05/2011,44,,,,,,,,
3,419.0,3,32.879516965189254,35.1651950398697,31/05/2011,44,,,,,,,,
3,420.0,2,32.87970110190991,35.16494960976941,31/05/2011,44,,,,,,,,
3,421.0,2,32.87954996920557,35.16491612296885,31/05/2011,44,,,,,,,,
3,422.0,3,32.87940425070787,35.16489567067273,31/05/2011,44,,,,,,,,
3,423.0,3,32.879251044651085,35.16486389473614,31/05/2011,44,,,,,,,,
3,424.0,2,32.879082872160836,35.16483693419649,31/05/2011,44,,,,,,,,
3,425.0,2,32.87891677305834,35.16480847681893,31/05/2011,44,,,,,,,,
3,426.0,2,32.878755452799254,35.164779803704164,31/05/2011,44,,,,,,,,
3,427.0,2,32.87860630735601,35.164757750467786,31/05/2011,44,,,,,,,,
3,428.0,2,32.87844958640868,35.164731426367,31/05/2011,44,,,,,,,,
3,429.0,1,32.8782332582382,35.16468642886054,31/05/2011,44,,,,,,,,
3,430.0,1,32.87807365313606,35.16466406000493,31/05/2011,44,,,,,,,,
3,431.0,1,32.87791350419543,35.16463282232606,31/05/2011,44,,,,,,,,
3,432.0,1,32.87776778452584,35.1646089514427,31/05/2011,44,,,,,,,,
3,433.0,1,32.87761133495031,35.16458551286272,31/05/2011,44,,,,,,,,
3,434.0,1,32.87745262710573,35.164549359436506,31/05/2011,44,,,,,,,,
3,435.0,1,32.87729067662806,35.16452400009129,31/05/2011,44,,,,,,,,
3,436.0,1,32.877132513382755,35.16449917342194,31/05/2011,44,,,,,,,,
3,437.0,1,32.876977144801934,35.16447263589037,31/05/2011,44,,,,,,,,
3,438.0,1,32.87681528326994,35.16444353682398,31/05/2011,44,,,,,,,,
3,439.0,1,32.87666811975185,35.16441624780906,31/05/2011,44,,,,,,,,
3,440.0,1,32.8765074312083,35.164389712950204,31/05/2011,44,,,,,,,,
3,441.0,1,32.876348727282966,35.164366062387565,31/05/2011,44,,,,,,,,
3,442.0,1,32.876180190922284,35.164329700575344,31/05/2011,44,,,,,,,,
3,443.0,1,32.87602942206868,35.16430690147218,31/05/2011,44,,,,,,,,
3,444.0,1,32.87588144897552,35.16428581086221,31/05/2011,44,,,,,,,,
3,445.0,1,32.87573464477145,35.164254461756805,31/05/2011,44,,,,,,,,
3,446.0,1,32.87557449694001,35.164227179241514,31/05/2011,44,,,,,,,,
3,447.0,2,32.87541660492265,35.164204917952254,31/05/2011,44,,,,,,,,
3,448.0,3,32.875268991543706,35.16418094243503,31/05/2011,44,,,,,,,,
3,449.0,2,32.875111367298864,35.164150239730816,31/05/2011,44,,,,,,,,
3,450.0,2,32.874952930666545,35.16411686616174,31/05/2011,44,,,,,,,,
3,451.0,2,32.87479774407921,35.164095886238876,31/05/2011,44,,,,,,,,
3,452.0,2,32.87463317869636,35.16407095706604,31/05/2011,44,,,,,,,,
3,453.0,2,32.874472489821265,35.16404378231413,31/05/2011,44,,,,,,,,
3,454.0,2,32.874322440220894,35.164014786336104,31/05/2011,44,,,,,,,,
3,455.0,1,32.87417275145655,35.1639863245552,31/05/2011,44,,,,,,,,
3,456.0,2,32.87400503007239,35.16396118348664,31/05/2011,44,,,,,,,,
3,457.0,2,32.8738441621001,35.16393796273956,31/05/2011,44,,,,,,,,
3,458.0,2,32.87368617611791,35.163904269259106,31/05/2011,44,,,,,,,,
3,459.0,2,32.873527831353684,35.16387645291667,31/05/2011,44,,,,,,,,
3,460.0,2,32.87338112048753,35.16385536303481,31/05/2011,44,,,,,,,,
3,461.0,2,32.87322277587818,35.163828081131676,31/05/2011,44,,,,,,,,
3,462.0,2,32.87307561380789,35.163805923093065,31/05/2011,44,,,,,,,,
3,463.0,2,32.87292691740941,35.163779278076866,31/05/2011,44,,,,,,,,
3,464.0,2,32.87276676940372,35.163751997270346,31/05/2011,44,,,,,,,,
3,465.0,2,32.8725996766814,35.16371937719338,31/05/2011,44,,,,,,,,
3,466.0,2,32.87244945236305,35.16370801280096,31/05/2011,44,,,,,,,,
3,467.0,2,32.872307156774234,35.1636779459931,31/05/2011,44,,,,,,,,
3,468.0,1,32.872369370772894,35.16339519104424,31/05/2011,44,,,,,,,,
3,469.0,1,32.87248334870963,35.16341052505879,31/05/2011,44,,,,,,,,
3,470.0,1,32.87263592149381,35.16343428257154,31/05/2011,44,,,,,,,,
3,471.0,1,32.87279029858277,35.16346092431379,31/05/2011,44,,,,,,,,
3,472.0,1,32.87295089826208,35.163490555123595,31/05/2011,44,,,,,,,,
3,473.0,1,32.87311798886873,35.16351655011169,31/05/2011,44,,,,,,,,
3,474.0,1,32.87326352830657,35.16353977694323,31/05/2011,44,,,,,,,,
3,475.0,1,32.873416011472244,35.16356535140539,31/05/2011,44,,,,,,,,
3,476.0,1,32.87357615894398,35.16359092244246,31/05/2011,44,,,,,,,,
3,477.0,1,32.873713224966366,35.16362163304499,31/05/2011,44,,,,,,,,
3,478.0,1,32.87388689879444,35.163650617352836,31/05/2011,44,,,,,,,,
3,479.0,1,32.87404001289257,35.163675550778784,31/05/2011,44,,,,,,,,
3,480.0,1,32.874203136335474,35.163702509917165,31/05/2011,44,,,,,,,,
3,481.0,2,32.87436238301369,35.16373096686547,31/05/2011,44,,,,,,,,
3,482.0,1,32.87450503751549,35.163755798482796,31/05/2011,44,,,,,,,,
3,483.0,1,32.87466500538238,35.163783827880145,31/05/2011,44,,,,,,,,
3,484.0,1,32.87481072639002,35.16381111589761,31/05/2011,44,,,,,,,,
3,485.0,2,32.8749701520827,35.163835619566456,31/05/2011,44,,,,,,,,
3,486.0,2,32.875123355766654,35.163858950763284,31/05/2011,44,,,,,,,,
3,487.0,2,32.87526321400193,35.163880685302686,31/05/2011,44,,,,,,,,
3,488.0,2,32.87541732267587,35.16391427424346,31/05/2011,44,,,,,,,,
3,489.0,2,32.87556692025599,35.16393963756346,31/05/2011,44,,,,,,,,
3,490.0,1,32.875718414196456,35.163973762180056,31/05/2011,44,,,,,,,,
3,491.0,1,32.87588378908307,35.163992493532284,31/05/2011,44,,,,,,,,
3,492.0,1,32.876035371479354,35.16402138242805,31/05/2011,44,,,,,,,,
3,493.0,2,32.876192723882724,35.164047917994566,31/05/2011,44,,,,,,,,
3,494.0,2,32.876341509764345,35.16407285470485,31/05/2011,44,,,,,,,,
3,495.0,2,32.87649895221428,35.1640990698457,31/05/2011,44,,,,,,,,
3,496.0,2,32.87665224763264,35.16412753092376,31/05/2011,44,,,,,,,,
3,497.0,2,32.87679796796959,35.164153110415604,31/05/2011,44,,,,,,,,
3,498.0,1,32.87696244407365,35.16418103235112,31/05/2011,44,,,,,,,,
3,499.0,1,32.87711285421206,35.16420992244474,31/05/2011,44,,,,,,,,
3,500.0,1,32.87726560676118,35.16423272076412,31/05/2011,44,,,,,,,,
3,501.0,1,32.87741890065565,35.164256587483194,31/05/2011,44,,,,,,,,
3,502.0,1,32.87757345827016,35.164284727985596,31/05/2011,44,,,,,,,,
3,503.0,1,32.87772449684212,35.16430517646914,31/05/2011,44,,,,,,,,
3,504.0,1,32.87788464514988,35.1643341694931,31/05/2011,44,,,,,,,,
3,505.0,2,32.87802892217531,35.16435804060677,31/05/2011,44,,,,,,,,
3,506.0,2,32.878190153782626,35.164391093922916,31/05/2011,44,,,,,,,,
3,507.0,2,32.87839241310051,35.16442765524272,31/05/2011,44,,,,,,,,
3,508.0,2,32.87855914498314,35.16446081320962,31/05/2011,44,,,,,,,,
3,509.0,2,32.87871270804577,35.16448072679367,31/05/2011,44,,,,,,,,
3,510.0,2,32.878871234382885,35.16451324750468,31/05/2011,44,,,,,,,,
3,511.0,2,32.87901604963614,35.16452857024987,31/05/2011,44,,,,,,,,
3,512.0,2,32.87915645085884,35.16455714549601,31/05/2011,44,,,,,,,,
3,513.0,2,32.879302170506165,35.16458101666429,31/05/2011,44,,,,,,,,
3,514.0,2,32.87945465518457,35.164612471877646,31/05/2011,44,,,,,,,,
3,515.0,2,32.8796114655865,35.164636551980706,31/05/2011,44,,,,,,,,
4,2.0,2,32.879292003942666,35.166989512499676,06/06/2011,38,,,,,,,,
4,3.0,2,32.87918361482608,35.16696690400061,06/06/2011,38,,,,,,,,
4,4.0,3,32.87906530782687,35.16694643690037,06/06/2011,38,,,,,,,,
4,5.0,3,32.87894618914692,35.16692543590388,06/06/2011,38,,,,,,,,
4,6.0,3,32.87884041713768,35.166910306548466,06/06/2011,38,,,,,,,,
4,7.0,3,32.87872788140949,35.166891546900786,06/06/2011,38,,,,,,,,
4,8.0,3,32.87861814022159,35.16687054210384,06/06/2011,38,,,,,,,,
4,9.0,2,32.878512817950984,35.16685177951065,06/06/2011,38,,,,,,,,
4,10.0,2,32.87840190478897,35.1668315233121,06/06/2011,38,,,,,,,,
4,11.0,2,32.878311461827856,35.16681788369621,06/06/2011,38,,,,,,,,
4,12.0,2,32.87820181300588,35.166804252218114,06/06/2011,38,,,,,,,,
4,13.0,2,32.87809504751053,35.16678378068188,06/06/2011,38,,,,,,,,
4,14.0,1,32.87799459427703,35.16676490938538,06/06/2011,38,,,,,,,,
4,15.0,1,32.87780712339654,35.16672887094751,06/06/2011,38,,,,,,,,
4,16.0,1,32.877699367576334,35.16671352914353,06/06/2011,38,,,,,,,,
4,17.0,1,32.87759260257327,35.16669476753946,06/06/2011,38,,,,,,,,
4,18.0,1,32.87746996690286,35.16667259329193,06/06/2011,38,,,,,,,,
4,19.0,1,32.877361759647634,35.16665532838769,06/06/2011,38,,,,,,,,
4,20.0,1,32.87725778901026,35.166633787472605,06/06/2011,38,,,,,,,,
4,21.0,1,32.87714813963344,35.16661844668112,06/06/2011,38,,,,,,,,
4,22.0,1,32.87705129451588,35.16660427590924,06/06/2011,38,,,,,,,,
4,23.0,1,32.876938757676,35.16658209763084,06/06/2011,38,,,,,,,,
4,24.0,1,32.87683902422098,35.16655820427264,06/06/2011,38,,,,,,,,
4,25.0,1,32.87673271261006,35.16654799130333,06/06/2011,38,,,,,,,,
4,26.0,1,32.876624503318475,35.166524101643944,06/06/2011,38,,,,,,,,
4,27.0,1,32.876511967493165,35.16650534294812,06/06/2011,38,,,,,,,,
4,28.0,1,32.876404482582195,35.16649149749589,06/06/2011,38,,,,,,,,
4,29.0,1,32.876291945710896,35.1664693195202,06/06/2011,38,,,,,,,,
4,30.0,1,32.87618671383426,35.16645162640124,06/06/2011,38,,,,,,,,
4,31.0,1,32.87606624333524,35.1664334055469,06/06/2011,38,,,,,,,,
4,32.0,1,32.87595659131639,35.16640951682021,06/06/2011,38,,,,,,,,
4,33.0,1,32.87583990778146,35.16639097388893,06/06/2011,38,,,,,,,,
4,34.0,1,32.875738101472415,35.16637060812451,06/06/2011,38,,,,,,,,
4,35.0,1,32.87562989369085,35.166351847958715,06/06/2011,38,,,,,,,,
4,36.0,1,32.875512758811496,35.16633170254899,06/06/2011,38,,,,,,,,
4,37.0,1,32.8753948133551,35.166314656309446,06/06/2011,38,,,,,,,,
4,38.0,1,32.8752779483519,35.16629248065959,06/06/2011,38,,,,,,,,
4,39.0,1,32.875139444492525,35.16627544331896,06/06/2011,38,,,,,,,,
4,40.0,2,32.87502221772835,35.16624974176626,06/06/2011,38,,,,,,,,
4,41.0,2,32.87491392085697,35.166234614957176,06/06/2011,38,,,,,,,,
4,42.0,1,32.87479417044205,35.16621244076886,06/06/2011,38,,,,,,,,
4,43.0,1,32.87467126370257,35.166188878901636,06/06/2011,38,,,,,,,,
4,44.0,1,32.87455611094857,35.166163710972455,06/06/2011,38,,,,,,,,
4,45.0,1,32.87444213286118,35.16614666343275,06/06/2011,38,,,,,,,,
4,46.0,1,32.87432400581284,35.166125664163296,06/06/2011,38,,,,,,,,
4,47.0,1,32.87420236225644,35.16610488016716,06/06/2011,38,,,,,,,,
4,48.0,1,32.87408405397577,35.166080996067436,06/06/2011,38,,,,,,,,
4,49.0,1,32.87396619928222,35.166066087441145,06/06/2011,38,,,,,,,,
4,50.0,1,32.87386213759852,35.166042197319065,06/06/2011,38,,,,,,,,
4,51.0,1,32.873751045920564,35.16602856809284,06/06/2011,38,,,,,,,,
4,52.0,1,32.87365401837941,35.166007987453284,06/06/2011,38,,,,,,,,
4,53.0,1,32.873544367288225,35.16598751915581,06/06/2011,38,,,,,,,,
4,54.0,1,32.873432643598925,35.16597121902354,06/06/2011,38,,,,,,,,
4,55.0,1,32.873322091109436,35.16595171287618,06/06/2011,38,,,,,,,,
4,56.0,1,32.87320089897159,35.16593295933396,06/06/2011,38,,,,,,,,
4,57.0,1,32.87306915584077,35.165910043199126,06/06/2011,38,,,,,,,,
4,58.0,1,32.872952291644545,35.16589086048999,06/06/2011,38,,,,,,,,
4,59.0,1,32.872838312437736,35.165870394369676,06/06/2011,38,,,,,,,,
4,60.0,1,32.87272830192085,35.16585409377102,06/06/2011,38,,,,,,,,
4,61.0,1,32.872621989129186,35.16584046288209,06/06/2011,38,,,,,,,,
4,62.0,1,32.87249502301693,35.16581145447356,06/06/2011,38,,,,,,,,
4,63.0,1,32.87238248595599,35.16578927832533,06/06/2011,38,,,,,,,,
4,64.0,1,32.87226679329108,35.16576806525559,06/06/2011,38,,,,,,,,
4,65.0,1,32.872145781244306,35.16574867100411,06/06/2011,38,,,,,,,,
4,66.0,1,32.872028917138515,35.165729916104674,06/06/2011,38,,,,,,,,
4,67.0,1,32.8719075438125,35.16570859881387,06/06/2011,38,,,,,,,,
4,68.0,0,32.87190142009232,35.16544307930172,06/06/2011,38,,,,,,,,
4,69.0,0,32.872027664621434,35.16547101880697,06/06/2011,38,,,,,,,,
4,70.0,0,32.872180598266894,35.16549659602591,06/06/2011,38,,,,,,,,
4,71.0,1,32.872324242030096,35.165514056751945,06/06/2011,38,,,,,,,,
4,72.0,1,32.87244336405907,35.16554467086316,06/06/2011,38,,,,,,,,
4,73.0,1,32.87259936304104,35.16556907163167,06/06/2011,38,,,,,,,,
4,74.0,1,32.872720554714,35.16558611493802,06/06/2011,38,,,,,,,,
4,75.0,1,32.87285860963447,35.16560881405292,06/06/2011,38,,,,,,,,
4,76.0,1,32.87299639414192,35.16563183390952,06/06/2011,38,,,,,,,,
4,77.0,1,32.87313012165917,35.165656778928266,06/06/2011,38,,,,,,,,
4,78.0,1,32.87327521098478,35.165683642410706,06/06/2011,38,,,,,,,,
4,79.0,1,32.873429586722445,35.1657075100952,06/06/2011,38,,,,,,,,
4,80.0,1,32.87358576509313,35.16572902633561,06/06/2011,38,,,,,,,,
4,81.0,1,32.87373103439945,35.16575482147261,06/06/2011,38,,,,,,,,
4,82.0,1,32.873893707783985,35.165785738058595,06/06/2011,38,,,,,,,,
4,83.0,1,32.87404447764118,35.16581249266591,06/06/2011,38,,,,,,,,
4,84.0,1,32.87420525496275,35.165835289478736,06/06/2011,38,,,,,,,,
4,85.0,1,32.87436441000235,35.16586054469296,06/06/2011,38,,,,,,,,
4,86.0,1,32.87451590239714,35.16589125281982,06/06/2011,38,,,,,,,,
4,87.0,1,32.87465711278833,35.165912882965614,06/06/2011,38,,,,,,,,
4,88.0,2,32.87480896353639,35.165936111385136,06/06/2011,38,,,,,,,,
4,89.0,2,32.87495450636437,35.16597195133527,06/06/2011,38,,,,,,,,
4,90.0,1,32.87510401097671,35.16598951769243,06/06/2011,38,,,,,,,,
4,91.0,2,32.87526334449525,35.16600889638833,06/06/2011,38,,,,,,,,
4,92.0,2,32.87540906448191,35.16603447856215,06/06/2011,38,,,,,,,,
4,93.0,1,32.87556109873668,35.1660681790319,06/06/2011,38,,,,,,,,
4,94.0,1,32.87571231802646,35.16609066024018,06/06/2011,38,,,,,,,,
4,95.0,1,32.87585190826998,35.16612190861105,06/06/2011,38,,,,,,,,
4,96.0,2,32.875994561677935,35.16614482108329,06/06/2011,38,,,,,,,,
4,97.0,2,32.87614028214276,35.16617211336892,06/06/2011,38,,,,,,,,
4,98.0,1,32.876298174676016,35.166197263416485,06/06/2011,38,,,,,,,,
4,99.0,1,32.87645759973634,35.16622134434145,06/06/2011,38,,,,,,,,
4,100.0,1,32.876616035348526,35.16625333309258,06/06/2011,38,,,,,,,,
4,101.0,1,32.87676427879571,35.166275068163195,06/06/2011,38,,,,,,,,
4,102.0,2,32.876911079834855,35.166297765627014,06/06/2011,38,,,,,,,,
4,103.0,2,32.877064193725786,35.166323986718815,06/06/2011,38,,,,,,,,
4,104.0,2,32.87721135473966,35.166344440202224,06/06/2011,38,,,,,,,,
4,105.0,2,32.87732515478614,35.1663692891201,06/06/2011,38,,,,,,,,
4,106.0,2,32.877472858388245,35.16639497848218,06/06/2011,38,,,,,,,,
4,107.0,2,32.87762389610095,35.16641372081272,06/06/2011,38,,,,,,,,
4,108.0,2,32.87774220529017,35.166441025721554,06/06/2011,38,,,,,,,,
4,109.0,2,32.87784969005407,35.16645444389078,06/06/2011,38,,,,,,,,
4,110.0,2,32.8779886472965,35.16648013726966,06/06/2011,38,,,,,,,,
4,111.0,1,32.87814383719715,35.166513624413874,06/06/2011,38,,,,,,,,
4,112.0,2,32.878267913504864,35.16652895910976,06/06/2011,38,,,,,,,,
4,113.0,2,32.87841606860552,35.16655699968628,06/06/2011,38,,,,,,,,
4,114.0,3,32.87854014732691,35.16658034883306,06/06/2011,38,,,,,,,,
4,115.0,3,32.878666659714575,35.16660081184323,06/06/2011,38,,,,,,,,
4,116.0,3,32.87881237898572,35.166624686225425,06/06/2011,38,,,,,,,,
4,117.0,3,32.87893357194505,35.166646861351055,06/06/2011,38,,,,,,,,
4,118.0,3,32.87907162698953,35.16667105970344,06/06/2011,38,,,,,,,,
4,119.0,3,32.87921085353794,35.16669301360095,06/06/2011,38,,,,,,,,
4,120.0,2,32.879393288052725,35.166474089187375,06/06/2011,38,,,,,,,,
4,121.0,3,32.87926632793022,35.166463884827444,06/06/2011,38,,,,,,,,
4,122.0,3,32.879130614696145,35.16643135077109,06/06/2011,38,,,,,,,,
4,123.0,3,32.879035302579595,35.16641760666959,06/06/2011,38,,,,,,,,
4,124.0,2,32.87890978150162,35.166395433678346,06/06/2011,38,,,,,,,,
4,125.0,3,32.878784441208865,35.166374756687375,06/06/2011,38,,,,,,,,
4,126.0,2,32.878657750173254,35.16635995752574,06/06/2011,38,,,,,,,,
4,127.0,2,32.87851347302133,35.166334373274935,06/06/2011,38,,,,,,,,
4,128.0,2,32.87836378641125,35.16631092857564,06/06/2011,38,,,,,,,,
4,129.0,1,32.878201564177935,35.16628022300925,06/06/2011,38,,,,,,,,
4,130.0,1,32.8780614352976,35.16625645381569,06/06/2011,38,,,,,,,,
4,131.0,1,32.87790047840111,35.16623557876894,06/06/2011,38,,,,,,,,
4,132.0,1,32.87777685132599,35.16621511521504,06/06/2011,38,,,,,,,,
4,133.0,1,32.87763257360201,35.166187821741175,06/06/2011,38,,,,,,,,
4,134.0,1,32.877475039420794,35.16615497750296,06/06/2011,38,,,,,,,,
4,135.0,1,32.87732688600716,35.16613281499543,06/06/2011,38,,,,,,,,
4,136.0,1,32.87717683957407,35.166112363076216,06/06/2011,38,,,,,,,,
4,137.0,1,32.8770189463256,35.16608486209864,06/06/2011,38,,,,,,,,
4,138.0,1,32.87687656314015,35.166060987640876,06/06/2011,38,,,,,,,,
4,139.0,1,32.87672939944974,35.16603198624245,06/06/2011,38,,,,,,,,
4,140.0,1,32.876573490664065,35.1660070492227,06/06/2011,38,,,,,,,,
4,141.0,1,32.876431107979066,35.165984884694225,06/06/2011,38,,,,,,,,
4,142.0,1,32.87627528757108,35.16595417762007,06/06/2011,38,,,,,,,,
4,143.0,1,32.876134437436576,35.165931050892276,06/06/2011,38,,,,,,,,
4,144.0,1,32.87598312749957,35.16590707392029,06/06/2011,38,,,,,,,,
4,145.0,1,32.87583740644693,35.165878072441394,06/06/2011,38,,,,,,,,
4,146.0,1,32.87568483380594,35.165853027640374,06/06/2011,38,,,,,,,,
4,147.0,1,32.87553108876951,35.16582734230683,06/06/2011,38,,,,,,,,
4,148.0,1,32.87538554723313,35.165795776527396,06/06/2011,38,,,,,,,,
4,149.0,2,32.87522792480489,35.165769665644746,06/06/2011,38,,,,,,,,
4,150.0,2,32.875085542113744,35.16574771553588,06/06/2011,38,,,,,,,,
4,151.0,2,32.874942707449925,35.16572213267028,06/06/2011,38,,,,,,,,
4,152.0,1,32.87479599636341,35.165699222907406,06/06/2011,38,,,,,,,,
4,153.0,1,32.87464477426815,35.165667980627255,06/06/2011,38,,,,,,,,
4,154.0,1,32.874501580759,35.16564838194447,06/06/2011,38,,,,,,,,
4,155.0,0,32.874349366990465,35.16561778140271,06/06/2011,38,,,,,,,,
4,156.0,1,32.87420509011965,35.16559390922791,06/06/2011,38,,,,,,,,
4,157.0,0,32.87405630452204,35.16556907742329,06/06/2011,38,,,,,,,,
4,158.0,0,32.873919059974284,35.16554263787958,06/06/2011,38,,,,,,,,
4,159.0,1,32.87377036579068,35.16552186658393,06/06/2011,38,,,,,,,,
4,160.0,1,32.87362311319784,35.165497568610505,06/06/2011,38,,,,,,,,
4,161.0,1,32.873473063380104,35.16546686082868,06/06/2011,38,,,,,,,,
4,162.0,1,32.873306784634494,35.165440648020606,06/06/2011,38,,,,,,,,
4,163.0,1,32.87314790068877,35.16541763761656,06/06/2011,38,,,,,,,,
4,164.0,1,32.8730075007613,35.16539301642855,06/06/2011,38,,,,,,,,
4,165.0,1,32.87286349435576,35.16536925170766,06/06/2011,38,,,,,,,,
4,166.0,1,32.87268756705157,35.16534144072803,06/06/2011,38,,,,,,,,
4,167.0,1,32.872531295919345,35.165311911618836,06/06/2011,38,,,,,,,,
4,168.0,1,32.87237024541499,35.165280995655465,06/06/2011,38,,,,,,,,
4,169.0,1,32.87222452681028,35.165260544398194,06/06/2011,38,,,,,,,,
4,170.0,1,32.87207862568694,35.16523314802607,06/06/2011,38,,,,,,,,
4,171.0,1,32.871994407543234,35.16494372819901,06/06/2011,38,,,,,,,,
4,172.0,1,32.87213282306698,35.16496578487332,06/06/2011,38,,,,,,,,
4,173.0,1,32.87230306915132,35.164991353593535,06/06/2011,38,,,,,,,,
4,174.0,1,32.872463757507035,35.16501735404057,06/06/2011,38,,,,,,,,
4,175.0,1,32.87262426528103,35.16504260670507,06/06/2011,38,,,,,,,,
4,176.0,1,32.872783692469824,35.16507245453169,06/06/2011,38,,,,,,,,
4,177.0,0,32.872940771339245,35.165089801908934,06/06/2011,38,,,,,,,,
4,178.0,1,32.87306485060846,35.16511368184117,06/06/2011,38,,,,,,,,
4,179.0,1,32.87320191465974,35.16513926573916,06/06/2011,38,,,,,,,,
4,180.0,1,32.873344477400444,35.165159825263025,06/06/2011,38,,,,,,,,
4,181.0,1,32.87349759292178,35.165190210577975,06/06/2011,38,,,,,,,,
4,182.0,1,32.87364322113908,35.16521002093762,06/06/2011,38,,,,,,,,
4,183.0,1,32.87378957334105,35.165238272369784,06/06/2011,38,,,,,,,,
4,184.0,1,32.87396486932464,35.165265656355025,06/06/2011,38,,,,,,,,
4,185.0,1,32.87413448538958,35.165295286847766,06/06/2011,38,,,,,,,,
4,186.0,1,32.874281647707555,35.16531915725366,06/06/2011,38,,,,,,,,
4,187.0,1,32.874436747039304,35.16535007655551,06/06/2011,38,,,,,,,,
4,188.0,1,32.87458120342078,35.16537117013559,06/06/2011,38,,,,,,,,
4,189.0,1,32.87472656377909,35.1653996362695,06/06/2011,38,,,,,,,,
4,190.0,2,32.874878594890305,35.165422650045926,06/06/2011,38,,,,,,,,
4,191.0,2,32.87503856164428,35.16544833177226,06/06/2011,38,,,,,,,,
4,192.0,2,32.87518220824302,35.165475089264135,06/06/2011,38,,,,,,,,
4,193.0,1,32.87533946989372,35.16550066549927,06/06/2011,38,,,,,,,,
4,194.0,1,32.875489789200735,35.16552827508653,06/06/2011,38,,,,,,,,
4,195.0,1,32.875643716295606,35.165559302535456,06/06/2011,38,,,,,,,,
4,196.0,1,32.8757965599987,35.16558594952326,06/06/2011,38,,,,,,,,
4,197.0,1,32.87594471407491,35.16560982041984,06/06/2011,38,,,,,,,,
4,198.0,1,32.8760905237653,35.165633692416264,06/06/2011,38,,,,,,,,
4,199.0,2,32.87624489944342,35.165657560763385,06/06/2011,38,,,,,,,,
4,200.0,1,32.87640604028862,35.16568965411478,06/06/2011,38,,,,,,,,
4,201.0,1,32.87655112675475,35.16570754276838,06/06/2011,38,,,,,,,,
4,202.0,1,32.87669838290598,35.165743702866266,06/06/2011,38,,,,,,,,
4,203.0,1,32.8768510438637,35.16576276379404,06/06/2011,38,,,,,,,,
4,204.0,1,32.87695203718681,35.165778107236044,06/06/2011,38,,,,,,,,
4,205.0,1,32.87710713465812,35.16580357859306,06/06/2011,38,,,,,,,,
4,206.0,1,32.87725610241875,35.165834716082756,06/06/2011,38,,,,,,,,
4,207.0,1,32.87740488657092,35.165855274955284,06/06/2011,38,,,,,,,,
4,208.0,1,32.877554572366854,35.165875726649354,06/06/2011,38,,,,,,,,
4,209.0,1,32.8777113861932,35.16591156272848,06/06/2011,38,,,,,,,,
4,210.0,1,32.87785999047843,35.165933724768145,06/06/2011,38,,,,,,,,
4,211.0,1,32.8780215821522,35.165966139575424,06/06/2011,38,,,,,,,,
4,212.0,1,32.87817685989581,35.16599161148603,06/06/2011,38,,,,,,,,
4,213.0,1,32.878326096187315,35.16601655180138,06/06/2011,38,,,,,,,,
4,214.0,1,32.87845152727369,35.16603904472638,06/06/2011,38,,,,,,,,
4,215.0,2,32.87859048235972,35.166057471287075,06/06/2011,38,,,,,,,,
4,216.0,2,32.87873908817036,35.166084762979,06/06/2011,38,,,,,,,,
4,217.0,3,32.87889274303856,35.16611087714843,06/06/2011,38,,,,,,,,
4,218.0,3,32.87903377459229,35.1661378517012,06/06/2011,38,,,,,,,,
4,219.0,3,32.87917940256521,35.166157771690905,06/06/2011,38,,,,,,,,
4,220.0,2,32.87932386170736,35.166188698711295,06/06/2011,38,,,,,,,,
4,221.0,2,32.87949142130452,35.16598196134267,06/06/2011,38,,,,,,,,
4,222.0,3,32.8793427262409,35.16595766168071,06/06/2011,38,,,,,,,,
4,223.0,3,32.87920854735008,35.16593036378301,06/06/2011,38,,,,,,,,
4,224.0,3,32.879067515953174,35.16590403065753,06/06/2011,38,,,,,,,,
4,225.0,2,32.87892269625931,35.16587374549389,06/06/2011,38,,,,,,,,
4,226.0,2,32.87877012560291,35.16585489761361,06/06/2011,38,,,,,,,,
4,227.0,2,32.878630537104584,35.16582931211772,06/06/2011,38,,,,,,,,
4,228.0,2,32.87849058792462,35.16580372685816,06/06/2011,38,,,,,,,,
4,229.0,2,32.87833900652475,35.16577654385946,06/06/2011,38,,,,,,,,
4,230.0,1,32.87819509203399,35.16575779936868,06/06/2011,38,,,,,,,,
4,231.0,1,32.87799454599742,35.16572027264855,06/06/2011,38,,,,,,,,
4,232.0,1,32.87785044824309,35.165692124974946,06/06/2011,38,,,,,,,,
4,233.0,1,32.87769471902636,35.165664837308064,06/06/2011,38,,,,,,,,
4,234.0,1,32.877540612631506,35.1656369078894,06/06/2011,38,,,,,,,,
4,235.0,1,32.8773819078393,35.16560962170981,06/06/2011,38,,,,,,,,
4,236.0,1,32.877241238997975,35.165589700853666,06/06/2011,38,,,,,,,,
4,237.0,1,32.87709398357854,35.165555998483235,06/06/2011,38,,,,,,,,
4,238.0,1,32.87694348620451,35.165535547785744,06/06/2011,38,,,,,,,,
4,239.0,1,32.87678478127559,35.16550794140114,06/06/2011,38,,,,,,,,
4,240.0,1,32.876641135452005,35.1654835342017,06/06/2011,38,,,,,,,,
4,241.0,1,32.87649252946148,35.165456244152196,06/06/2011,38,,,,,,,,
4,242.0,1,32.876344466070194,35.16543408301037,06/06/2011,38,,,,,,,,
4,243.0,1,32.876202351618524,35.16540497375371,06/06/2011,38,,,,,,,,
4,244.0,1,32.876049687756854,35.16537683090779,06/06/2011,38,,,,,,,,
4,245.0,1,32.87590035981494,35.16534772500211,06/06/2011,38,,,,,,,,
4,246.0,1,32.87574355112605,35.16532898737119,06/06/2011,38,,,,,,,,
4,247.0,1,32.87558917483883,35.165303410057014,06/06/2011,38,,,,,,,,
4,248.0,1,32.87544237145009,35.16527387589791,06/06/2011,38,,,,,,,,
4,249.0,2,32.87528492828156,35.16524466707672,06/06/2011,38,,,,,,,,
4,250.0,2,32.87513677412062,35.16522079696325,06/06/2011,38,,,,,,,,
4,251.0,2,32.87497518378913,35.16519351352746,06/06/2011,38,,,,,,,,
4,252.0,1,32.874828019720255,35.16516408676438,06/06/2011,38,,,,,,,,
4,253.0,1,32.87467697907102,35.16513679887367,06/06/2011,38,,,,,,,,
4,254.0,1,32.87453342249009,35.16510982833232,06/06/2011,38,,,,,,,,
4,255.0,1,32.87436173379565,35.16508425938705,06/06/2011,38,,,,,,,,
4,256.0,1,32.87420771813211,35.165058789584634,06/06/2011,38,,,,,,,,
4,257.0,1,32.87404667073673,35.165037810785435,06/06/2011,38,,,,,,,,
4,258.0,1,32.87389175108319,35.16500507559249,06/06/2011,38,,,,,,,,
4,259.0,1,32.873742785261015,35.1649809929033,06/06/2011,38,,,,,,,,
4,260.0,1,32.873597516032305,35.164955946989,06/06/2011,38,,,,,,,,
4,261.0,1,32.873446385477315,35.164929728384,06/06/2011,38,,,,,,,,
4,262.0,1,32.87328479503941,35.16490244599073,06/06/2011,38,,,,,,,,
4,263.0,1,32.87312690146288,35.16487505520384,06/06/2011,38,,,,,,,,
4,264.0,1,32.87297351802095,35.16485311192453,06/06/2011,38,,,,,,,,
4,265.0,1,32.87282418900583,35.16482122976894,06/06/2011,38,,,,,,,,
4,266.0,1,32.87267504238034,35.16479586554353,06/06/2011,38,,,,,,,,
4,267.0,1,32.87251282115488,35.16476997296767,06/06/2011,38,,,,,,,,
4,268.0,1,32.872373321381616,35.16474097170223,06/06/2011,38,,,,,,,,
4,269.0,1,32.87221750274002,35.16471710661684,06/06/2011,38,,,,,,,,
4,270.0,1,32.87206907820702,35.16469419996934,06/06/2011,38,,,,,,,,
4,271.0,1,32.872086128762724,35.16443849986268,06/06/2011,38,,,,,,,,
4,272.0,1,32.87218856447234,35.16445213073625,06/06/2011,38,,,,,,,,
4,273.0,1,32.87233771213366,35.16448048606179,06/06/2011,38,,,,,,,,
4,274.0,1,32.872497139156266,35.16450937113077,06/06/2011,38,,,,,,,,
4,275.0,1,32.872647637893174,35.16453323830875,06/06/2011,38,,,,,,,,
4,276.0,1,32.872794169756034,35.164558816958575,06/06/2011,38,,,,,,,,
4,277.0,1,32.87293907990543,35.164588563614664,06/06/2011,38,,,,,,,,
4,278.0,1,32.873087685623915,35.164614141512104,06/06/2011,38,,,,,,,,
4,279.0,1,32.87324828339344,35.16463864562437,06/06/2011,38,,,,,,,,
4,280.0,2,32.87339842321371,35.16466817652431,06/06/2011,38,,,,,,,,
4,281.0,1,32.873545315264266,35.1646923663745,06/06/2011,38,,,,,,,,
4,282.0,1,32.87370762647798,35.1647177248063,06/06/2011,38,,,,,,,,
4,283.0,1,32.87385235379226,35.16473977873955,06/06/2011,38,,,,,,,,
4,284.0,1,32.874006640576084,35.1647669574086,06/06/2011,38,,,,,,,,
4,285.0,1,32.87415380462165,35.16479595583496,06/06/2011,38,,,,,,,,
4,286.0,1,32.874295194835504,35.164815340167365,06/06/2011,38,,,,,,,,
4,287.0,1,32.87444280804887,35.16483910276971,06/06/2011,38,,,,,,,,
4,288.0,1,32.87460070119489,35.16486521165668,06/06/2011,38,,,,,,,,
4,289.0,1,32.87474633058572,35.16488865474275,06/06/2011,38,,,,,,,,
4,290.0,2,32.87489782266889,35.16491765169058,06/06/2011,38,,,,,,,,
4,291.0,2,32.87504327383034,35.164947826804514,06/06/2011,38,,,,,,,,
4,292.0,2,32.87519584488116,35.16496720661858,06/06/2011,38,,,,,,,,
4,293.0,1,32.87534418009907,35.16499321332778,06/06/2011,38,,,,,,,,
4,294.0,1,32.875487285036954,35.1650176196225,06/06/2011,38,,,,,,,,
4,295.0,1,32.87563363626409,35.1650427725416,06/06/2011,38,,,,,,,,
4,296.0,1,32.87579630755643,35.16506663607831,06/06/2011,38,,,,,,,,
4,297.0,1,32.87592615862505,35.16509393354486,06/06/2011,38,,,,,,,,
4,298.0,1,32.876081977103496,35.165117800276114,06/06/2011,38,,,,,,,,
4,299.0,1,32.87623861101342,35.16515416878611,06/06/2011,38,,,,,,,,
4,300.0,1,32.876371795535285,35.16517270290969,06/06/2011,38,,,,,,,,
4,301.0,2,32.87652581025187,35.16519539528083,06/06/2011,38,,,,,,,,
4,302.0,1,32.87667098896273,35.16521969445392,06/06/2011,38,,,,,,,,
4,303.0,1,32.87683113869238,35.1652538178633,06/06/2011,38,,,,,,,,
4,304.0,2,32.876977038965855,35.16527886488972,06/06/2011,38,,,,,,,,
4,305.0,2,32.87712086418923,35.16530017294106,06/06/2011,38,,,,,,,,
4,306.0,1,32.87726351678293,35.16532009244244,06/06/2011,38,,,,,,,,
4,307.0,2,32.877429527213366,35.165353572548455,06/06/2011,38,,,,,,,,
4,308.0,2,32.87753917673922,35.16536891183065,06/06/2011,38,,,,,,,,
4,309.0,2,32.87768877534252,35.165398659327344,06/06/2011,38,,,,,,,,
4,310.0,2,32.87782971507552,35.16541975529033,06/06/2011,38,,,,,,,,
4,311.0,2,32.877988421195795,35.165451208700894,06/06/2011,38,,,,,,,,
4,312.0,2,32.87816020194737,35.16548340451046,06/06/2011,38,,,,,,,,
4,313.0,2,32.87830700276425,35.165505032446156,06/06/2011,38,,,,,,,,
4,314.0,2,32.87844983739603,35.16553061592414,06/06/2011,38,,,,,,,,
4,315.0,2,32.878594835030434,35.16555288594227,06/06/2011,38,,,,,,,,
4,316.0,2,32.87874650644173,35.165579427449536,06/06/2011,38,,,,,,,,
4,317.0,3,32.87888934078319,35.165604156305655,06/06/2011,38,,,,,,,,
4,318.0,3,32.879025410602644,35.16562279725135,06/06/2011,38,,,,,,,,
4,319.0,3,32.879175460780154,35.165655216939136,06/06/2011,38,,,,,,,,
4,320.0,3,32.87932000799745,35.165678983560404,06/06/2011,38,,,,,,,,
4,321.0,3,32.87946698889192,35.16569997086555,06/06/2011,38,,,,,,,,
4,322.0,2,32.87960424177193,35.165463218052096,06/06/2011,38,,,,,,,,
4,323.0,3,32.87949026527898,35.16545129968434,06/06/2011,38,,,,,,,,
4,324.0,2,32.879346710040785,35.165428067247795,06/06/2011,38,,,,,,,,
4,325.0,2,32.87919016938873,35.165401100518615,06/06/2011,38,,,,,,,,
4,326.0,2,32.87904453956238,35.16537562512075,06/06/2011,38,,,,,,,,
4,327.0,2,32.87890395925447,35.16535046816626,06/06/2011,38,,,,,,,,
4,328.0,1,32.878755352219706,35.16531975818787,06/06/2011,38,,,,,,,,
4,329.0,1,32.87859917290495,35.165295035686405,06/06/2011,38,,,,,,,,
4,330.0,2,32.8784429922438,35.16526603895928,06/06/2011,38,,,,,,,,
4,331.0,1,32.87830313374929,35.1652424848939,06/06/2011,38,,,,,,,,
4,332.0,1,32.87810366941515,35.165204424525754,06/06/2011,38,,,,,,,,
4,333.0,1,32.87794821060395,35.16517713751548,06/06/2011,38,,,,,,,,
4,334.0,1,32.8777918508374,35.16515220185211,06/06/2011,38,,,,,,,,
4,335.0,1,32.87765262301576,35.165127151862286,06/06/2011,38,,,,,,,,
4,336.0,1,32.87750545859072,35.16509644204895,06/06/2011,38,,,,,,,,
4,337.0,1,32.877348196979185,35.165071079622734,06/06/2011,38,,,,,,,,
4,338.0,1,32.87718976300177,35.1650451835224,06/06/2011,38,,,,,,,,
4,339.0,1,32.87704809942186,35.16501639498054,06/06/2011,38,,,,,,,,
4,340.0,1,32.87689345320419,35.16499274136273,06/06/2011,38,,,,,,,,
4,341.0,1,32.87673835620384,35.164969301737955,06/06/2011,38,,,,,,,,
4,342.0,2,32.87657865885514,35.164940307742874,06/06/2011,38,,,,,,,,
4,343.0,1,32.876432940832395,35.16492156577045,06/06/2011,38,,,,,,,,
4,344.0,1,32.87627612692844,35.16488647993305,06/06/2011,38,,,,,,,,
4,345.0,1,32.876124996085295,35.16485919211221,06/06/2011,38,,,,,,,,
4,346.0,1,32.87596917701795,35.164833616144655,06/06/2011,38,,,,,,,,
4,347.0,1,32.87581435074102,35.164811031755384,06/06/2011,38,,,,,,,,
4,348.0,1,32.87566754646319,35.164779040680834,06/06/2011,38,,,,,,,,
4,349.0,1,32.87551317060446,35.16475517401021,06/06/2011,38,,,,,,,,
4,350.0,2,32.87536961375736,35.16472756270759,06/06/2011,38,,,,,,,,
4,351.0,2,32.87521902471646,35.164702946539606,06/06/2011,38,,,,,,,,
4,352.0,2,32.875070779943485,35.16467800884751,06/06/2011,38,,,,,,,,
4,353.0,1,32.874926320706095,35.16464826113652,06/06/2011,38,,,,,,,,
4,354.0,1,32.874772395646396,35.16462439468839,06/06/2011,38,,,,,,,,
4,355.0,1,32.87462234727535,35.16459881693802,06/06/2011,38,,,,,,,,
4,356.0,1,32.87447581379544,35.1645680019017,06/06/2011,38,,,,,,,,
4,357.0,1,32.87432630658659,35.16454295835311,06/06/2011,38,,,,,,,,
4,358.0,1,32.87416228317629,35.16452080641217,06/06/2011,38,,,,,,,,
4,359.0,1,32.87401512015866,35.16449522771736,06/06/2011,38,,,,,,,,
4,360.0,1,32.87385398072209,35.16446869370323,06/06/2011,38,,,,,,,,
4,361.0,1,32.873704201846756,35.164440124496586,06/06/2011,38,,,,,,,,
4,362.0,1,32.87354306105802,35.16440942344919,06/06/2011,38,,,,,,,,
4,363.0,2,32.87340022608722,35.16438384317019,06/06/2011,38,,,,,,,,
4,364.0,1,32.873241882756155,35.16436019327475,06/06/2011,38,,,,,,,,
4,365.0,1,32.87308615433502,35.164336649138036,06/06/2011,38,,,,,,,,
4,366.0,1,32.87293033289397,35.164304236475424,06/06/2011,38,,,,,,,,
4,367.0,1,32.87277685880243,35.16428111890673,06/06/2011,38,,,,,,,,
4,368.0,1,32.87262545545504,35.16424827705785,06/06/2011,38,,,,,,,,
4,369.0,1,32.87247847367856,35.16422579783916,06/06/2011,38,,,,,,,,
4,370.0,1,32.87231282596485,35.16420001475547,06/06/2011,38,,,,,,,,
4,371.0,1,32.872237448615664,35.163931213248084,06/06/2011,38,,,,,,,,
4,372.0,1,32.87237099677127,35.163958078893366,06/06/2011,38,,,,,,,,
4,373.0,1,32.87253403013203,35.163985358640545,06/06/2011,38,,,,,,,,
4,374.0,1,32.87268994045323,35.16401349652503,06/06/2011,38,,,,,,,,
4,375.0,1,32.87284061944388,35.1640368285793,06/06/2011,38,,,,,,,,
4,376.0,1,32.87299932538058,35.164066247599294,06/06/2011,38,,,,,,,,
4,377.0,1,32.87314324310037,35.164093856942166,06/06/2011,38,,,,,,,,
4,378.0,1,32.873295453551506,35.16411291449189,06/06/2011,38,,,,,,,,
4,379.0,1,32.8734493813586,35.16414490040064,06/06/2011,38,,,,,,,,
4,380.0,1,32.87359483033262,35.164167594125594,06/06/2011,38,,,,,,,,
4,381.0,1,32.87375353718161,35.16420000548708,06/06/2011,38,,,,,,,,
4,382.0,1,32.87390710136398,35.16422290942221,06/06/2011,38,,,,,,,,
4,383.0,1,32.87406652778854,35.16424987119002,06/06/2011,38,,,,,,,,
4,384.0,1,32.874211797695494,35.164276625727275,06/06/2011,38,,,,,,,,
4,385.0,1,32.87436815765571,35.1643013451522,06/06/2011,38,,,,,,,,
4,386.0,1,32.874533355514096,35.164330441664326,06/06/2011,38,,,,,,,,
4,387.0,1,32.874690617960944,35.16435772534601,06/06/2011,38,,,,,,,,
4,388.0,1,32.87484950411287,35.16438714546414,06/06/2011,38,,,,,,,,
4,389.0,2,32.875003251407236,35.16441891877559,06/06/2011,38,,,,,,,,
4,390.0,2,32.87514572241712,35.16443434861496,06/06/2011,38,,,,,,,,
4,391.0,2,32.875301272991855,35.16446590759618,06/06/2011,38,,,,,,,,
4,392.0,2,32.87545195357548,35.164494690659794,06/06/2011,38,,,,,,,,
4,393.0,1,32.875606329485045,35.164518556862625,06/06/2011,38,,,,,,,,
4,394.0,1,32.87576296095813,35.16454669632225,06/06/2011,38,,,,,,,,
4,395.0,1,32.87591336950966,35.16457077818218,06/06/2011,38,,,,,,,,
4,396.0,1,32.87606909866747,35.16459699484397,06/06/2011,38,,,,,,,,
4,397.0,1,32.876224827748,35.16462299788686,06/06/2011,38,,,,,,,,
4,398.0,1,32.87638181849711,35.164646863350264,06/06/2011,38,,,,,,,,
4,399.0,1,32.87652744822691,35.16467137509992,06/06/2011,38,,,,,,,,
4,400.0,2,32.87667317008466,35.164702084518574,06/06/2011,38,,,,,,,,
4,401.0,1,32.876827816531836,35.16472627185287,06/06/2011,38,,,,,,,,
4,402.0,1,32.87698372688615,35.164755374087036,06/06/2011,38,,,,,,,,
4,403.0,1,32.87713882524068,35.164782980796566,06/06/2011,38,,,,,,,,
4,404.0,1,32.87729085748898,35.16480941354451,06/06/2011,38,,,,,,,,
4,405.0,1,32.87744622626154,35.16483680660937,06/06/2011,38,,,,,,,,
4,406.0,1,32.877603036839524,35.16486142085226,06/06/2011,38,,,,,,,,
4,407.0,1,32.87775597101381,35.164888708326686,06/06/2011,38,,,,,,,,
4,408.0,2,32.877909355311616,35.164913751694236,06/06/2011,38,,,,,,,,
4,409.0,2,32.87802549960075,35.16493731565086,06/06/2011,38,,,,,,,,
4,410.0,2,32.87817202940276,35.16495701933913,06/06/2011,38,,,,,,,,
4,411.0,2,32.8783333504111,35.16498815031466,06/06/2011,38,,,,,,,,
4,412.0,2,32.87847474191532,35.16501202388388,06/06/2011,38,,,,,,,,
4,413.0,2,32.878624519740264,35.165038030981414,06/06/2011,38,,,,,,,,
4,414.0,2,32.8787771824388,35.16506243401829,06/06/2011,38,,,,,,,,
4,415.0,2,32.87892822270363,35.16508876130612,06/06/2011,38,,,,,,,,
4,416.0,3,32.87908187814313,35.16511604925626,06/06/2011,38,,,,,,,,
4,417.0,3,32.879229129876805,35.16513778346847,06/06/2011,38,,,,,,,,
4,418.0,3,32.87937485209477,35.16517020431987,06/06/2011,38,,,,,,,,
4,419.0,3,32.879516965189254,35.1651950398697,06/06/2011,38,,,,,,,,
4,420.0,2,32.87970110190991,35.16494960976941,06/06/2011,38,,,,,,,,
4,421.0,2,32.87954996920557,35.16491612296885,06/06/2011,38,,,,,,,,
4,422.0,3,32.87940425070787,35.16489567067273,06/06/2011,38,,,,,,,,
4,423.0,3,32.879251044651085,35.16486389473614,06/06/2011,38,,,,,,,,
4,424.0,2,32.879082872160836,35.16483693419649,06/06/2011,38,,,,,,,,
4,425.0,2,32.87891677305834,35.16480847681893,06/06/2011,38,,,,,,,,
4,426.0,2,32.878755452799254,35.164779803704164,06/06/2011,38,,,,,,,,
4,427.0,2,32.87860630735601,35.164757750467786,06/06/2011,38,,,,,,,,
4,428.0,2,32.87844958640868,35.164731426367,06/06/2011,38,,,,,,,,
4,429.0,1,32.8782332582382,35.16468642886054,06/06/2011,38,,,,,,,,
4,430.0,1,32.87807365313606,35.16466406000493,06/06/2011,38,,,,,,,,
4,431.0,1,32.87791350419543,35.16463282232606,06/06/2011,38,,,,,,,,
4,432.0,1,32.87776778452584,35.1646089514427,06/06/2011,38,,,,,,,,
4,433.0,1,32.87761133495031,35.16458551286272,06/06/2011,38,,,,,,,,
4,434.0,1,32.87745262710573,35.164549359436506,06/06/2011,38,,,,,,,,
4,435.0,1,32.87729067662806,35.16452400009129,06/06/2011,38,,,,,,,,
4,436.0,1,32.877132513382755,35.16449917342194,06/06/2011,38,,,,,,,,
4,437.0,1,32.876977144801934,35.16447263589037,06/06/2011,38,,,,,,,,
4,438.0,1,32.87681528326994,35.16444353682398,06/06/2011,38,,,,,,,,
4,439.0,1,32.87666811975185,35.16441624780906,06/06/2011,38,,,,,,,,
4,440.0,1,32.8765074312083,35.164389712950204,06/06/2011,38,,,,,,,,
4,441.0,1,32.876348727282966,35.164366062387565,06/06/2011,38,,,,,,,,
4,442.0,1,32.876180190922284,35.164329700575344,06/06/2011,38,,,,,,,,
4,443.0,1,32.87602942206868,35.16430690147218,06/06/2011,38,,,,,,,,
4,444.0,1,32.87588144897552,35.16428581086221,06/06/2011,38,,,,,,,,
4,445.0,1,32.87573464477145,35.164254461756805,06/06/2011,38,,,,,,,,
4,446.0,1,32.87557449694001,35.164227179241514,06/06/2011,38,,,,,,,,
4,447.0,2,32.87541660492265,35.164204917952254,06/06/2011,38,,,,,,,,
4,448.0,3,32.875268991543706,35.16418094243503,06/06/2011,38,,,,,,,,
4,449.0,2,32.875111367298864,35.164150239730816,06/06/2011,38,,,,,,,,
4,450.0,2,32.874952930666545,35.16411686616174,06/06/2011,38,,,,,,,,
4,451.0,2,32.87479774407921,35.164095886238876,06/06/2011,38,,,,,,,,
4,452.0,2,32.87463317869636,35.16407095706604,06/06/2011,38,,,,,,,,
4,453.0,2,32.874472489821265,35.16404378231413,06/06/2011,38,,,,,,,,
4,454.0,2,32.874322440220894,35.164014786336104,06/06/2011,38,,,,,,,,
4,455.0,1,32.87417275145655,35.1639863245552,06/06/2011,38,,,,,,,,
4,456.0,2,32.87400503007239,35.16396118348664,06/06/2011,38,,,,,,,,
4,457.0,2,32.8738441621001,35.16393796273956,06/06/2011,38,,,,,,,,
4,458.0,2,32.87368617611791,35.163904269259106,06/06/2011,38,,,,,,,,
4,459.0,2,32.873527831353684,35.16387645291667,06/06/2011,38,,,,,,,,
4,460.0,2,32.87338112048753,35.16385536303481,06/06/2011,38,,,,,,,,
4,461.0,2,32.87322277587818,35.163828081131676,06/06/2011,38,,,,,,,,
4,462.0,2,32.87307561380789,35.163805923093065,06/06/2011,38,,,,,,,,
4,463.0,2,32.87292691740941,35.163779278076866,06/06/2011,38,,,,,,,,
4,464.0,2,32.87276676940372,35.163751997270346,06/06/2011,38,,,,,,,,
4,465.0,2,32.8725996766814,35.16371937719338,06/06/2011,38,,,,,,,,
4,466.0,2,32.87244945236305,35.16370801280096,06/06/2011,38,,,,,,,,
4,467.0,2,32.872307156774234,35.1636779459931,06/06/2011,38,,,,,,,,
4,468.0,1,32.872369370772894,35.16339519104424,06/06/2011,38,,,,,,,,
4,469.0,1,32.87248334870963,35.16341052505879,06/06/2011,38,,,,,,,,
4,470.0,1,32.87263592149381,35.16343428257154,06/06/2011,38,,,,,,,,
4,471.0,1,32.87279029858277,35.16346092431379,06/06/2011,38,,,,,,,,
4,472.0,1,32.87295089826208,35.163490555123595,06/06/2011,38,,,,,,,,
4,473.0,1,32.87311798886873,35.16351655011169,06/06/2011,38,,,,,,,,
4,474.0,1,32.87326352830657,35.16353977694323,06/06/2011,38,,,,,,,,
4,475.0,1,32.873416011472244,35.16356535140539,06/06/2011,38,,,,,,,,
4,476.0,1,32.87357615894398,35.16359092244246,06/06/2011,38,,,,,,,,
4,477.0,1,32.873713224966366,35.16362163304499,06/06/2011,38,,,,,,,,
4,478.0,1,32.87388689879444,35.163650617352836,06/06/2011,38,,,,,,,,
4,479.0,1,32.87404001289257,35.163675550778784,06/06/2011,38,,,,,,,,
4,480.0,1,32.874203136335474,35.163702509917165,06/06/2011,38,,,,,,,,
4,481.0,2,32.87436238301369,35.16373096686547,06/06/2011,38,,,,,,,,
4,482.0,1,32.87450503751549,35.163755798482796,06/06/2011,38,,,,,,,,
4,483.0,1,32.87466500538238,35.163783827880145,06/06/2011,38,,,,,,,,
4,484.0,1,32.87481072639002,35.16381111589761,06/06/2011,38,,,,,,,,
4,485.0,2,32.8749701520827,35.163835619566456,06/06/2011,38,,,,,,,,
4,486.0,2,32.875123355766654,35.163858950763284,06/06/2011,38,,,,,,,,
4,487.0,2,32.87526321400193,35.163880685302686,06/06/2011,38,,,,,,,,
4,488.0,2,32.87541732267587,35.16391427424346,06/06/2011,38,,,,,,,,
4,489.0,2,32.87556692025599,35.16393963756346,06/06/2011,38,,,,,,,,
4,490.0,1,32.875718414196456,35.163973762180056,06/06/2011,38,,,,,,,,
4,491.0,1,32.87588378908307,35.163992493532284,06/06/2011,38,,,,,,,,
4,492.0,1,32.876035371479354,35.16402138242805,06/06/2011,38,,,,,,,,
4,493.0,2,32.876192723882724,35.164047917994566,06/06/2011,38,,,,,,,,
4,494.0,2,32.876341509764345,35.16407285470485,06/06/2011,38,,,,,,,,
4,495.0,2,32.87649895221428,35.1640990698457,06/06/2011,38,,,,,,,,
4,496.0,2,32.87665224763264,35.16412753092376,06/06/2011,38,,,,,,,,
4,497.0,2,32.87679796796959,35.164153110415604,06/06/2011,38,,,,,,,,
4,498.0,1,32.87696244407365,35.16418103235112,06/06/2011,38,,,,,,,,
4,499.0,1,32.87711285421206,35.16420992244474,06/06/2011,38,,,,,,,,
4,500.0,1,32.87726560676118,35.16423272076412,06/06/2011,38,,,,,,,,
4,501.0,1,32.87741890065565,35.164256587483194,06/06/2011,38,,,,,,,,
4,502.0,1,32.87757345827016,35.164284727985596,06/06/2011,38,,,,,,,,
4,503.0,1,32.87772449684212,35.16430517646914,06/06/2011,38,,,,,,,,
4,504.0,1,32.87788464514988,35.1643341694931,06/06/2011,38,,,,,,,,
4,505.0,2,32.87802892217531,35.16435804060677,06/06/2011,38,,,,,,,,
4,506.0,2,32.878190153782626,35.164391093922916,06/06/2011,38,,,,,,,,
4,507.0,2,32.87839241310051,35.16442765524272,06/06/2011,38,,,,,,,,
4,508.0,2,32.87855914498314,35.16446081320962,06/06/2011,38,,,,,,,,
4,509.0,2,32.87871270804577,35.16448072679367,06/06/2011,38,,,,,,,,
4,510.0,2,32.878871234382885,35.16451324750468,06/06/2011,38,,,,,,,,
4,511.0,2,32.87901604963614,35.16452857024987,06/06/2011,38,,,,,,,,
4,512.0,2,32.87915645085884,35.16455714549601,06/06/2011,38,,,,,,,,
4,513.0,2,32.879302170506165,35.16458101666429,06/06/2011,38,,,,,,,,
4,514.0,2,32.87945465518457,35.164612471877646,06/06/2011,38,,,,,,,,
4,515.0,2,32.8796114655865,35.164636551980706,06/06/2011,38,,,,,,,,
5,2.0,2,32.879292003942666,35.166989512499676,24/06/2011,20,,,,,,,,
5,3.0,2,32.87918361482608,35.16696690400061,24/06/2011,20,,,,,,,,
5,4.0,3,32.87906530782687,35.16694643690037,24/06/2011,20,,,,,,,,
5,5.0,3,32.87894618914692,35.16692543590388,24/06/2011,20,,,,,,,,
5,6.0,3,32.87884041713768,35.166910306548466,24/06/2011,20,,,,,,,,
5,7.0,3,32.87872788140949,35.166891546900786,24/06/2011,20,,,,,,,,
5,8.0,3,32.87861814022159,35.16687054210384,24/06/2011,20,,,,,,,,
5,9.0,2,32.878512817950984,35.16685177951065,24/06/2011,20,,,,,,,,
5,10.0,2,32.87840190478897,35.1668315233121,24/06/2011,20,,,,,,,,
5,11.0,2,32.878311461827856,35.16681788369621,24/06/2011,20,,,,,,,,
5,12.0,2,32.87820181300588,35.166804252218114,24/06/2011,20,,,,,,,,
5,13.0,2,32.87809504751053,35.16678378068188,24/06/2011,20,,,,,,,,
5,14.0,1,32.87799459427703,35.16676490938538,24/06/2011,20,,,,,,,,
5,15.0,1,32.87780712339654,35.16672887094751,24/06/2011,20,,,,,,,,
5,16.0,1,32.877699367576334,35.16671352914353,24/06/2011,20,,,,,,,,
5,17.0,1,32.87759260257327,35.16669476753946,24/06/2011,20,,,,,,,,
5,18.0,1,32.87746996690286,35.16667259329193,24/06/2011,20,,,,,,,,
5,19.0,1,32.877361759647634,35.16665532838769,24/06/2011,20,,,,,,,,
5,20.0,1,32.87725778901026,35.166633787472605,24/06/2011,20,,,,,,,,
5,21.0,1,32.87714813963344,35.16661844668112,24/06/2011,20,,,,,,,,
5,22.0,1,32.87705129451588,35.16660427590924,24/06/2011,20,,,,,,,,
5,23.0,1,32.876938757676,35.16658209763084,24/06/2011,20,,,,,,,,
5,24.0,1,32.87683902422098,35.16655820427264,24/06/2011,20,,,,,,,,
5,25.0,1,32.87673271261006,35.16654799130333,24/06/2011,20,,,,,,,,
5,26.0,1,32.876624503318475,35.166524101643944,24/06/2011,20,,,,,,,,
5,27.0,1,32.876511967493165,35.16650534294812,24/06/2011,20,,,,,,,,
5,28.0,1,32.876404482582195,35.16649149749589,24/06/2011,20,,,,,,,,
5,29.0,1,32.876291945710896,35.1664693195202,24/06/2011,20,,,,,,,,
5,30.0,1,32.87618671383426,35.16645162640124,24/06/2011,20,,,,,,,,
5,31.0,1,32.87606624333524,35.1664334055469,24/06/2011,20,,,,,,,,
5,32.0,1,32.87595659131639,35.16640951682021,24/06/2011,20,,,,,,,,
5,33.0,1,32.87583990778146,35.16639097388893,24/06/2011,20,,,,,,,,
5,34.0,1,32.875738101472415,35.16637060812451,24/06/2011,20,,,,,,,,
5,35.0,1,32.87562989369085,35.166351847958715,24/06/2011,20,,,,,,,,
5,36.0,1,32.875512758811496,35.16633170254899,24/06/2011,20,,,,,,,,
5,37.0,1,32.8753948133551,35.166314656309446,24/06/2011,20,,,,,,,,
5,38.0,1,32.8752779483519,35.16629248065959,24/06/2011,20,,,,,,,,
5,39.0,1,32.875139444492525,35.16627544331896,24/06/2011,20,,,,,,,,
5,40.0,2,32.87502221772835,35.16624974176626,24/06/2011,20,,,,,,,,
5,41.0,2,32.87491392085697,35.166234614957176,24/06/2011,20,,,,,,,,
5,42.0,1,32.87479417044205,35.16621244076886,24/06/2011,20,,,,,,,,
5,43.0,1,32.87467126370257,35.166188878901636,24/06/2011,20,,,,,,,,
5,44.0,1,32.87455611094857,35.166163710972455,24/06/2011,20,,,,,,,,
5,45.0,1,32.87444213286118,35.16614666343275,24/06/2011,20,,,,,,,,
5,46.0,1,32.87432400581284,35.166125664163296,24/06/2011,20,,,,,,,,
5,47.0,1,32.87420236225644,35.16610488016716,24/06/2011,20,,,,,,,,
5,48.0,1,32.87408405397577,35.166080996067436,24/06/2011,20,,,,,,,,
5,49.0,1,32.87396619928222,35.166066087441145,24/06/2011,20,,,,,,,,
5,50.0,1,32.87386213759852,35.166042197319065,24/06/2011,20,,,,,,,,
5,51.0,1,32.873751045920564,35.16602856809284,24/06/2011,20,,,,,,,,
5,52.0,1,32.87365401837941,35.166007987453284,24/06/2011,20,,,,,,,,
5,53.0,1,32.873544367288225,35.16598751915581,24/06/2011,20,,,,,,,,
5,54.0,1,32.873432643598925,35.16597121902354,24/06/2011,20,,,,,,,,
5,55.0,1,32.873322091109436,35.16595171287618,24/06/2011,20,,,,,,,,
5,56.0,1,32.87320089897159,35.16593295933396,24/06/2011,20,,,,,,,,
5,57.0,1,32.87306915584077,35.165910043199126,24/06/2011,20,,,,,,,,
5,58.0,1,32.872952291644545,35.16589086048999,24/06/2011,20,,,,,,,,
5,59.0,1,32.872838312437736,35.165870394369676,24/06/2011,20,,,,,,,,
5,60.0,1,32.87272830192085,35.16585409377102,24/06/2011,20,,,,,,,,
5,61.0,1,32.872621989129186,35.16584046288209,24/06/2011,20,,,,,,,,
5,62.0,1,32.87249502301693,35.16581145447356,24/06/2011,20,,,,,,,,
5,63.0,1,32.87238248595599,35.16578927832533,24/06/2011,20,,,,,,,,
5,64.0,1,32.87226679329108,35.16576806525559,24/06/2011,20,,,,,,,,
5,65.0,1,32.872145781244306,35.16574867100411,24/06/2011,20,,,,,,,,
5,66.0,1,32.872028917138515,35.165729916104674,24/06/2011,20,,,,,,,,
5,67.0,1,32.8719075438125,35.16570859881387,24/06/2011,20,,,,,,,,
5,68.0,0,32.87190142009232,35.16544307930172,24/06/2011,20,,,,,,,,
5,69.0,0,32.872027664621434,35.16547101880697,24/06/2011,20,,,,,,,,
5,70.0,0,32.872180598266894,35.16549659602591,24/06/2011,20,,,,,,,,
5,71.0,1,32.872324242030096,35.165514056751945,24/06/2011,20,,,,,,,,
5,72.0,1,32.87244336405907,35.16554467086316,24/06/2011,20,,,,,,,,
5,73.0,1,32.87259936304104,35.16556907163167,24/06/2011,20,,,,,,,,
5,74.0,1,32.872720554714,35.16558611493802,24/06/2011,20,,,,,,,,
5,75.0,1,32.87285860963447,35.16560881405292,24/06/2011,20,,,,,,,,
5,76.0,1,32.87299639414192,35.16563183390952,24/06/2011,20,,,,,,,,
5,77.0,1,32.87313012165917,35.165656778928266,24/06/2011,20,,,,,,,,
5,78.0,1,32.87327521098478,35.165683642410706,24/06/2011,20,,,,,,,,
5,79.0,1,32.873429586722445,35.1657075100952,24/06/2011,20,,,,,,,,
5,80.0,1,32.87358576509313,35.16572902633561,24/06/2011,20,,,,,,,,
5,81.0,1,32.87373103439945,35.16575482147261,24/06/2011,20,,,,,,,,
5,82.0,1,32.873893707783985,35.165785738058595,24/06/2011,20,,,,,,,,
5,83.0,1,32.87404447764118,35.16581249266591,24/06/2011,20,,,,,,,,
5,84.0,1,32.87420525496275,35.165835289478736,24/06/2011,20,,,,,,,,
5,85.0,1,32.87436441000235,35.16586054469296,24/06/2011,20,,,,,,,,
5,86.0,1,32.87451590239714,35.16589125281982,24/06/2011,20,,,,,,,,
5,87.0,1,32.87465711278833,35.165912882965614,24/06/2011,20,,,,,,,,
5,88.0,2,32.87480896353639,35.165936111385136,24/06/2011,20,,,,,,,,
5,89.0,2,32.87495450636437,35.16597195133527,24/06/2011,20,,,,,,,,
5,90.0,1,32.87510401097671,35.16598951769243,24/06/2011,20,,,,,,,,
5,91.0,2,32.87526334449525,35.16600889638833,24/06/2011,20,,,,,,,,
5,92.0,2,32.87540906448191,35.16603447856215,24/06/2011,20,,,,,,,,
5,93.0,1,32.87556109873668,35.1660681790319,24/06/2011,20,,,,,,,,
5,94.0,1,32.87571231802646,35.16609066024018,24/06/2011,20,,,,,,,,
5,95.0,1,32.87585190826998,35.16612190861105,24/06/2011,20,,,,,,,,
5,96.0,2,32.875994561677935,35.16614482108329,24/06/2011,20,,,,,,,,
5,97.0,2,32.87614028214276,35.16617211336892,24/06/2011,20,,,,,,,,
5,98.0,1,32.876298174676016,35.166197263416485,24/06/2011,20,,,,,,,,
5,99.0,1,32.87645759973634,35.16622134434145,24/06/2011,20,,,,,,,,
5,100.0,1,32.876616035348526,35.16625333309258,24/06/2011,20,,,,,,,,
5,101.0,1,32.87676427879571,35.166275068163195,24/06/2011,20,,,,,,,,
5,102.0,2,32.876911079834855,35.166297765627014,24/06/2011,20,,,,,,,,
5,103.0,2,32.877064193725786,35.166323986718815,24/06/2011,20,,,,,,,,
5,104.0,2,32.87721135473966,35.166344440202224,24/06/2011,20,,,,,,,,
5,105.0,2,32.87732515478614,35.1663692891201,24/06/2011,20,,,,,,,,
5,106.0,2,32.877472858388245,35.16639497848218,24/06/2011,20,,,,,,,,
5,107.0,2,32.87762389610095,35.16641372081272,24/06/2011,20,,,,,,,,
5,108.0,2,32.87774220529017,35.166441025721554,24/06/2011,20,,,,,,,,
5,109.0,2,32.87784969005407,35.16645444389078,24/06/2011,20,,,,,,,,
5,110.0,2,32.8779886472965,35.16648013726966,24/06/2011,20,,,,,,,,
5,111.0,1,32.87814383719715,35.166513624413874,24/06/2011,20,,,,,,,,
5,112.0,2,32.878267913504864,35.16652895910976,24/06/2011,20,,,,,,,,
5,113.0,2,32.87841606860552,35.16655699968628,24/06/2011,20,,,,,,,,
5,114.0,3,32.87854014732691,35.16658034883306,24/06/2011,20,,,,,,,,
5,115.0,3,32.878666659714575,35.16660081184323,24/06/2011,20,,,,,,,,
5,116.0,3,32.87881237898572,35.166624686225425,24/06/2011,20,,,,,,,,
5,117.0,3,32.87893357194505,35.166646861351055,24/06/2011,20,,,,,,,,
5,118.0,3,32.87907162698953,35.16667105970344,24/06/2011,20,,,,,,,,
5,119.0,3,32.87921085353794,35.16669301360095,24/06/2011,20,,,,,,,,
5,120.0,2,32.879393288052725,35.166474089187375,24/06/2011,20,,,,,,,,
5,121.0,3,32.87926632793022,35.166463884827444,24/06/2011,20,,,,,,,,
5,122.0,3,32.879130614696145,35.16643135077109,24/06/2011,20,,,,,,,,
5,123.0,3,32.879035302579595,35.16641760666959,24/06/2011,20,,,,,,,,
5,124.0,2,32.87890978150162,35.166395433678346,24/06/2011,20,,,,,,,,
5,125.0,3,32.878784441208865,35.166374756687375,24/06/2011,20,,,,,,,,
5,126.0,2,32.878657750173254,35.16635995752574,24/06/2011,20,,,,,,,,
5,127.0,2,32.87851347302133,35.166334373274935,24/06/2011,20,,,,,,,,
5,128.0,2,32.87836378641125,35.16631092857564,24/06/2011,20,,,,,,,,
5,129.0,1,32.878201564177935,35.16628022300925,24/06/2011,20,,,,,,,,
5,130.0,1,32.8780614352976,35.16625645381569,24/06/2011,20,,,,,,,,
5,131.0,1,32.87790047840111,35.16623557876894,24/06/2011,20,,,,,,,,
5,132.0,1,32.87777685132599,35.16621511521504,24/06/2011,20,,,,,,,,
5,133.0,1,32.87763257360201,35.166187821741175,24/06/2011,20,,,,,,,,
5,134.0,1,32.877475039420794,35.16615497750296,24/06/2011,20,,,,,,,,
5,135.0,1,32.87732688600716,35.16613281499543,24/06/2011,20,,,,,,,,
5,136.0,1,32.87717683957407,35.166112363076216,24/06/2011,20,,,,,,,,
5,137.0,1,32.8770189463256,35.16608486209864,24/06/2011,20,,,,,,,,
5,138.0,1,32.87687656314015,35.166060987640876,24/06/2011,20,,,,,,,,
5,139.0,1,32.87672939944974,35.16603198624245,24/06/2011,20,,,,,,,,
5,140.0,1,32.876573490664065,35.1660070492227,24/06/2011,20,,,,,,,,
5,141.0,1,32.876431107979066,35.165984884694225,24/06/2011,20,,,,,,,,
5,142.0,1,32.87627528757108,35.16595417762007,24/06/2011,20,,,,,,,,
5,143.0,1,32.876134437436576,35.165931050892276,24/06/2011,20,,,,,,,,
5,144.0,1,32.87598312749957,35.16590707392029,24/06/2011,20,,,,,,,,
5,145.0,1,32.87583740644693,35.165878072441394,24/06/2011,20,,,,,,,,
5,146.0,1,32.87568483380594,35.165853027640374,24/06/2011,20,,,,,,,,
5,147.0,1,32.87553108876951,35.16582734230683,24/06/2011,20,,,,,,,,
5,148.0,1,32.87538554723313,35.165795776527396,24/06/2011,20,,,,,,,,
5,149.0,2,32.87522792480489,35.165769665644746,24/06/2011,20,,,,,,,,
5,150.0,2,32.875085542113744,35.16574771553588,24/06/2011,20,,,,,,,,
5,151.0,2,32.874942707449925,35.16572213267028,24/06/2011,20,,,,,,,,
5,152.0,1,32.87479599636341,35.165699222907406,24/06/2011,20,,,,,,,,
5,153.0,1,32.87464477426815,35.165667980627255,24/06/2011,20,,,,,,,,
5,154.0,1,32.874501580759,35.16564838194447,24/06/2011,20,,,,,,,,
5,155.0,0,32.874349366990465,35.16561778140271,24/06/2011,20,,,,,,,,
5,156.0,1,32.87420509011965,35.16559390922791,24/06/2011,20,,,,,,,,
5,157.0,0,32.87405630452204,35.16556907742329,24/06/2011,20,,,,,,,,
5,158.0,0,32.873919059974284,35.16554263787958,24/06/2011,20,,,,,,,,
5,159.0,1,32.87377036579068,35.16552186658393,24/06/2011,20,,,,,,,,
5,160.0,1,32.87362311319784,35.165497568610505,24/06/2011,20,,,,,,,,
5,161.0,1,32.873473063380104,35.16546686082868,24/06/2011,20,,,,,,,,
5,162.0,1,32.873306784634494,35.165440648020606,24/06/2011,20,,,,,,,,
5,163.0,1,32.87314790068877,35.16541763761656,24/06/2011,20,,,,,,,,
5,164.0,1,32.8730075007613,35.16539301642855,24/06/2011,20,,,,,,,,
5,165.0,1,32.87286349435576,35.16536925170766,24/06/2011,20,,,,,,,,
5,166.0,1,32.87268756705157,35.16534144072803,24/06/2011,20,,,,,,,,
5,167.0,1,32.872531295919345,35.165311911618836,24/06/2011,20,,,,,,,,
5,168.0,1,32.87237024541499,35.165280995655465,24/06/2011,20,,,,,,,,
5,169.0,1,32.87222452681028,35.165260544398194,24/06/2011,20,,,,,,,,
5,170.0,1,32.87207862568694,35.16523314802607,24/06/2011,20,,,,,,,,
5,171.0,1,32.871994407543234,35.16494372819901,24/06/2011,20,,,,,,,,
5,172.0,1,32.87213282306698,35.16496578487332,24/06/2011,20,,,,,,,,
5,173.0,1,32.87230306915132,35.164991353593535,24/06/2011,20,,,,,,,,
5,174.0,1,32.872463757507035,35.16501735404057,24/06/2011,20,,,,,,,,
5,175.0,1,32.87262426528103,35.16504260670507,24/06/2011,20,,,,,,,,
5,176.0,1,32.872783692469824,35.16507245453169,24/06/2011,20,,,,,,,,
5,177.0,0,32.872940771339245,35.165089801908934,24/06/2011,20,,,,,,,,
5,178.0,1,32.87306485060846,35.16511368184117,24/06/2011,20,,,,,,,,
5,179.0,1,32.87320191465974,35.16513926573916,24/06/2011,20,,,,,,,,
5,180.0,1,32.873344477400444,35.165159825263025,24/06/2011,20,,,,,,,,
5,181.0,1,32.87349759292178,35.165190210577975,24/06/2011,20,,,,,,,,
5,182.0,1,32.87364322113908,35.16521002093762,24/06/2011,20,,,,,,,,
5,183.0,1,32.87378957334105,35.165238272369784,24/06/2011,20,,,,,,,,
5,184.0,1,32.87396486932464,35.165265656355025,24/06/2011,20,,,,,,,,
5,185.0,1,32.87413448538958,35.165295286847766,24/06/2011,20,,,,,,,,
5,186.0,1,32.874281647707555,35.16531915725366,24/06/2011,20,,,,,,,,
5,187.0,1,32.874436747039304,35.16535007655551,24/06/2011,20,,,,,,,,
5,188.0,1,32.87458120342078,35.16537117013559,24/06/2011,20,,,,,,,,
5,189.0,1,32.87472656377909,35.1653996362695,24/06/2011,20,,,,,,,,
5,190.0,2,32.874878594890305,35.165422650045926,24/06/2011,20,,,,,,,,
5,191.0,2,32.87503856164428,35.16544833177226,24/06/2011,20,,,,,,,,
5,192.0,2,32.87518220824302,35.165475089264135,24/06/2011,20,,,,,,,,
5,193.0,1,32.87533946989372,35.16550066549927,24/06/2011,20,,,,,,,,
5,194.0,1,32.875489789200735,35.16552827508653,24/06/2011,20,,,,,,,,
5,195.0,1,32.875643716295606,35.165559302535456,24/06/2011,20,,,,,,,,
5,196.0,1,32.8757965599987,35.16558594952326,24/06/2011,20,,,,,,,,
5,197.0,1,32.87594471407491,35.16560982041984,24/06/2011,20,,,,,,,,
5,198.0,1,32.8760905237653,35.165633692416264,24/06/2011,20,,,,,,,,
5,199.0,2,32.87624489944342,35.165657560763385,24/06/2011,20,,,,,,,,
5,200.0,1,32.87640604028862,35.16568965411478,24/06/2011,20,,,,,,,,
5,201.0,1,32.87655112675475,35.16570754276838,24/06/2011,20,,,,,,,,
5,202.0,1,32.87669838290598,35.165743702866266,24/06/2011,20,,,,,,,,
5,203.0,1,32.8768510438637,35.16576276379404,24/06/2011,20,,,,,,,,
5,204.0,1,32.87695203718681,35.165778107236044,24/06/2011,20,,,,,,,,
5,205.0,1,32.87710713465812,35.16580357859306,24/06/2011,20,,,,,,,,
5,206.0,1,32.87725610241875,35.165834716082756,24/06/2011,20,,,,,,,,
5,207.0,1,32.87740488657092,35.165855274955284,24/06/2011,20,,,,,,,,
5,208.0,1,32.877554572366854,35.165875726649354,24/06/2011,20,,,,,,,,
5,209.0,1,32.8777113861932,35.16591156272848,24/06/2011,20,,,,,,,,
5,210.0,1,32.87785999047843,35.165933724768145,24/06/2011,20,,,,,,,,
5,211.0,1,32.8780215821522,35.165966139575424,24/06/2011,20,,,,,,,,
5,212.0,1,32.87817685989581,35.16599161148603,24/06/2011,20,,,,,,,,
5,213.0,1,32.878326096187315,35.16601655180138,24/06/2011,20,,,,,,,,
5,214.0,1,32.87845152727369,35.16603904472638,24/06/2011,20,,,,,,,,
5,215.0,2,32.87859048235972,35.166057471287075,24/06/2011,20,,,,,,,,
5,216.0,2,32.87873908817036,35.166084762979,24/06/2011,20,,,,,,,,
5,217.0,3,32.87889274303856,35.16611087714843,24/06/2011,20,,,,,,,,
5,218.0,3,32.87903377459229,35.1661378517012,24/06/2011,20,,,,,,,,
5,219.0,3,32.87917940256521,35.166157771690905,24/06/2011,20,,,,,,,,
5,220.0,2,32.87932386170736,35.166188698711295,24/06/2011,20,,,,,,,,
5,221.0,2,32.87949142130452,35.16598196134267,24/06/2011,20,,,,,,,,
5,222.0,3,32.8793427262409,35.16595766168071,24/06/2011,20,,,,,,,,
5,223.0,3,32.87920854735008,35.16593036378301,24/06/2011,20,,,,,,,,
5,224.0,3,32.879067515953174,35.16590403065753,24/06/2011,20,,,,,,,,
5,225.0,2,32.87892269625931,35.16587374549389,24/06/2011,20,,,,,,,,
5,226.0,2,32.87877012560291,35.16585489761361,24/06/2011,20,,,,,,,,
5,227.0,2,32.878630537104584,35.16582931211772,24/06/2011,20,,,,,,,,
5,228.0,2,32.87849058792462,35.16580372685816,24/06/2011,20,,,,,,,,
5,229.0,2,32.87833900652475,35.16577654385946,24/06/2011,20,,,,,,,,
5,230.0,1,32.87819509203399,35.16575779936868,24/06/2011,20,,,,,,,,
5,231.0,1,32.87799454599742,35.16572027264855,24/06/2011,20,,,,,,,,
5,232.0,1,32.87785044824309,35.165692124974946,24/06/2011,20,,,,,,,,
5,233.0,1,32.87769471902636,35.165664837308064,24/06/2011,20,,,,,,,,
5,234.0,1,32.877540612631506,35.1656369078894,24/06/2011,20,,,,,,,,
5,235.0,1,32.8773819078393,35.16560962170981,24/06/2011,20,,,,,,,,
5,236.0,1,32.877241238997975,35.165589700853666,24/06/2011,20,,,,,,,,
5,237.0,1,32.87709398357854,35.165555998483235,24/06/2011,20,,,,,,,,
5,238.0,1,32.87694348620451,35.165535547785744,24/06/2011,20,,,,,,,,
5,239.0,1,32.87678478127559,35.16550794140114,24/06/2011,20,,,,,,,,
5,240.0,1,32.876641135452005,35.1654835342017,24/06/2011,20,,,,,,,,
5,241.0,1,32.87649252946148,35.165456244152196,24/06/2011,20,,,,,,,,
5,242.0,1,32.876344466070194,35.16543408301037,24/06/2011,20,,,,,,,,
5,243.0,1,32.876202351618524,35.16540497375371,24/06/2011,20,,,,,,,,
5,244.0,1,32.876049687756854,35.16537683090779,24/06/2011,20,,,,,,,,
5,245.0,1,32.87590035981494,35.16534772500211,24/06/2011,20,,,,,,,,
5,246.0,1,32.87574355112605,35.16532898737119,24/06/2011,20,,,,,,,,
5,247.0,1,32.87558917483883,35.165303410057014,24/06/2011,20,,,,,,,,
5,248.0,1,32.87544237145009,35.16527387589791,24/06/2011,20,,,,,,,,
5,249.0,2,32.87528492828156,35.16524466707672,24/06/2011,20,,,,,,,,
5,250.0,2,32.87513677412062,35.16522079696325,24/06/2011,20,,,,,,,,
5,251.0,2,32.87497518378913,35.16519351352746,24/06/2011,20,,,,,,,,
5,252.0,1,32.874828019720255,35.16516408676438,24/06/2011,20,,,,,,,,
5,253.0,1,32.87467697907102,35.16513679887367,24/06/2011,20,,,,,,,,
5,254.0,1,32.87453342249009,35.16510982833232,24/06/2011,20,,,,,,,,
5,255.0,1,32.87436173379565,35.16508425938705,24/06/2011,20,,,,,,,,
5,256.0,1,32.87420771813211,35.165058789584634,24/06/2011,20,,,,,,,,
5,257.0,1,32.87404667073673,35.165037810785435,24/06/2011,20,,,,,,,,
5,258.0,1,32.87389175108319,35.16500507559249,24/06/2011,20,,,,,,,,
5,259.0,1,32.873742785261015,35.1649809929033,24/06/2011,20,,,,,,,,
5,260.0,1,32.873597516032305,35.164955946989,24/06/2011,20,,,,,,,,
5,261.0,1,32.873446385477315,35.164929728384,24/06/2011,20,,,,,,,,
5,262.0,1,32.87328479503941,35.16490244599073,24/06/2011,20,,,,,,,,
5,263.0,1,32.87312690146288,35.16487505520384,24/06/2011,20,,,,,,,,
5,264.0,1,32.87297351802095,35.16485311192453,24/06/2011,20,,,,,,,,
5,265.0,1,32.87282418900583,35.16482122976894,24/06/2011,20,,,,,,,,
5,266.0,1,32.87267504238034,35.16479586554353,24/06/2011,20,,,,,,,,
5,267.0,1,32.87251282115488,35.16476997296767,24/06/2011,20,,,,,,,,
5,268.0,1,32.872373321381616,35.16474097170223,24/06/2011,20,,,,,,,,
5,269.0,1,32.87221750274002,35.16471710661684,24/06/2011,20,,,,,,,,
5,270.0,1,32.87206907820702,35.16469419996934,24/06/2011,20,,,,,,,,
5,271.0,1,32.872086128762724,35.16443849986268,24/06/2011,20,,,,,,,,
5,272.0,1,32.87218856447234,35.16445213073625,24/06/2011,20,,,,,,,,
5,273.0,1,32.87233771213366,35.16448048606179,24/06/2011,20,,,,,,,,
5,274.0,1,32.872497139156266,35.16450937113077,24/06/2011,20,,,,,,,,
5,275.0,1,32.872647637893174,35.16453323830875,24/06/2011,20,,,,,,,,
5,276.0,1,32.872794169756034,35.164558816958575,24/06/2011,20,,,,,,,,
5,277.0,1,32.87293907990543,35.164588563614664,24/06/2011,20,,,,,,,,
5,278.0,1,32.873087685623915,35.164614141512104,24/06/2011,20,,,,,,,,
5,279.0,1,32.87324828339344,35.16463864562437,24/06/2011,20,,,,,,,,
5,280.0,2,32.87339842321371,35.16466817652431,24/06/2011,20,,,,,,,,
5,281.0,1,32.873545315264266,35.1646923663745,24/06/2011,20,,,,,,,,
5,282.0,1,32.87370762647798,35.1647177248063,24/06/2011,20,,,,,,,,
5,283.0,1,32.87385235379226,35.16473977873955,24/06/2011,20,,,,,,,,
5,284.0,1,32.874006640576084,35.1647669574086,24/06/2011,20,,,,,,,,
5,285.0,1,32.87415380462165,35.16479595583496,24/06/2011,20,,,,,,,,
5,286.0,1,32.874295194835504,35.164815340167365,24/06/2011,20,,,,,,,,
5,287.0,1,32.87444280804887,35.16483910276971,24/06/2011,20,,,,,,,,
5,288.0,1,32.87460070119489,35.16486521165668,24/06/2011,20,,,,,,,,
5,289.0,1,32.87474633058572,35.16488865474275,24/06/2011,20,,,,,,,,
5,290.0,2,32.87489782266889,35.16491765169058,24/06/2011,20,,,,,,,,
5,291.0,2,32.87504327383034,35.164947826804514,24/06/2011,20,,,,,,,,
5,292.0,2,32.87519584488116,35.16496720661858,24/06/2011,20,,,,,,,,
5,293.0,1,32.87534418009907,35.16499321332778,24/06/2011,20,,,,,,,,
5,294.0,1,32.875487285036954,35.1650176196225,24/06/2011,20,,,,,,,,
5,295.0,1,32.87563363626409,35.1650427725416,24/06/2011,20,,,,,,,,
5,296.0,1,32.87579630755643,35.16506663607831,24/06/2011,20,,,,,,,,
5,297.0,1,32.87592615862505,35.16509393354486,24/06/2011,20,,,,,,,,
5,298.0,1,32.876081977103496,35.165117800276114,24/06/2011,20,,,,,,,,
5,299.0,1,32.87623861101342,35.16515416878611,24/06/2011,20,,,,,,,,
5,300.0,1,32.876371795535285,35.16517270290969,24/06/2011,20,,,,,,,,
5,301.0,2,32.87652581025187,35.16519539528083,24/06/2011,20,,,,,,,,
5,302.0,1,32.87667098896273,35.16521969445392,24/06/2011,20,,,,,,,,
5,303.0,1,32.87683113869238,35.1652538178633,24/06/2011,20,,,,,,,,
5,304.0,2,32.876977038965855,35.16527886488972,24/06/2011,20,,,,,,,,
5,305.0,2,32.87712086418923,35.16530017294106,24/06/2011,20,,,,,,,,
5,306.0,1,32.87726351678293,35.16532009244244,24/06/2011,20,,,,,,,,
5,307.0,2,32.877429527213366,35.165353572548455,24/06/2011,20,,,,,,,,
5,308.0,2,32.87753917673922,35.16536891183065,24/06/2011,20,,,,,,,,
5,309.0,2,32.87768877534252,35.165398659327344,24/06/2011,20,,,,,,,,
5,310.0,2,32.87782971507552,35.16541975529033,24/06/2011,20,,,,,,,,
5,311.0,2,32.877988421195795,35.165451208700894,24/06/2011,20,,,,,,,,
5,312.0,2,32.87816020194737,35.16548340451046,24/06/2011,20,,,,,,,,
5,313.0,2,32.87830700276425,35.165505032446156,24/06/2011,20,,,,,,,,
5,314.0,2,32.87844983739603,35.16553061592414,24/06/2011,20,,,,,,,,
5,315.0,2,32.878594835030434,35.16555288594227,24/06/2011,20,,,,,,,,
5,316.0,2,32.87874650644173,35.165579427449536,24/06/2011,20,,,,,,,,
5,317.0,3,32.87888934078319,35.165604156305655,24/06/2011,20,,,,,,,,
5,318.0,3,32.879025410602644,35.16562279725135,24/06/2011,20,,,,,,,,
5,319.0,3,32.879175460780154,35.165655216939136,24/06/2011,20,,,,,,,,
5,320.0,3,32.87932000799745,35.165678983560404,24/06/2011,20,,,,,,,,
5,321.0,3,32.87946698889192,35.16569997086555,24/06/2011,20,,,,,,,,
5,322.0,2,32.87960424177193,35.165463218052096,24/06/2011,20,,,,,,,,
5,323.0,3,32.87949026527898,35.16545129968434,24/06/2011,20,,,,,,,,
5,324.0,2,32.879346710040785,35.165428067247795,24/06/2011,20,,,,,,,,
5,325.0,2,32.87919016938873,35.165401100518615,24/06/2011,20,,,,,,,,
5,326.0,2,32.87904453956238,35.16537562512075,24/06/2011,20,,,,,,,,
5,327.0,2,32.87890395925447,35.16535046816626,24/06/2011,20,,,,,,,,
5,328.0,1,32.878755352219706,35.16531975818787,24/06/2011,20,,,,,,,,
5,329.0,1,32.87859917290495,35.165295035686405,24/06/2011,20,,,,,,,,
5,330.0,2,32.8784429922438,35.16526603895928,24/06/2011,20,,,,,,,,
5,331.0,1,32.87830313374929,35.1652424848939,24/06/2011,20,,,,,,,,
5,332.0,1,32.87810366941515,35.165204424525754,24/06/2011,20,,,,,,,,
5,333.0,1,32.87794821060395,35.16517713751548,24/06/2011,20,,,,,,,,
5,334.0,1,32.8777918508374,35.16515220185211,24/06/2011,20,,,,,,,,
5,335.0,1,32.87765262301576,35.165127151862286,24/06/2011,20,,,,,,,,
5,336.0,1,32.87750545859072,35.16509644204895,24/06/2011,20,,,,,,,,
5,337.0,1,32.877348196979185,35.165071079622734,24/06/2011,20,,,,,,,,
5,338.0,1,32.87718976300177,35.1650451835224,24/06/2011,20,,,,,,,,
5,339.0,1,32.87704809942186,35.16501639498054,24/06/2011,20,,,,,,,,
5,340.0,1,32.87689345320419,35.16499274136273,24/06/2011,20,,,,,,,,
5,341.0,1,32.87673835620384,35.164969301737955,24/06/2011,20,,,,,,,,
5,342.0,2,32.87657865885514,35.164940307742874,24/06/2011,20,,,,,,,,
5,343.0,1,32.876432940832395,35.16492156577045,24/06/2011,20,,,,,,,,
5,344.0,1,32.87627612692844,35.16488647993305,24/06/2011,20,,,,,,,,
5,345.0,1,32.876124996085295,35.16485919211221,24/06/2011,20,,,,,,,,
5,346.0,1,32.87596917701795,35.164833616144655,24/06/2011,20,,,,,,,,
5,347.0,1,32.87581435074102,35.164811031755384,24/06/2011,20,,,,,,,,
5,348.0,1,32.87566754646319,35.164779040680834,24/06/2011,20,,,,,,,,
5,349.0,1,32.87551317060446,35.16475517401021,24/06/2011,20,,,,,,,,
5,350.0,2,32.87536961375736,35.16472756270759,24/06/2011,20,,,,,,,,
5,351.0,2,32.87521902471646,35.164702946539606,24/06/2011,20,,,,,,,,
5,352.0,2,32.875070779943485,35.16467800884751,24/06/2011,20,,,,,,,,
5,353.0,1,32.874926320706095,35.16464826113652,24/06/2011,20,,,,,,,,
5,354.0,1,32.874772395646396,35.16462439468839,24/06/2011,20,,,,,,,,
5,355.0,1,32.87462234727535,35.16459881693802,24/06/2011,20,,,,,,,,
5,356.0,1,32.87447581379544,35.1645680019017,24/06/2011,20,,,,,,,,
5,357.0,1,32.87432630658659,35.16454295835311,24/06/2011,20,,,,,,,,
5,358.0,1,32.87416228317629,35.16452080641217,24/06/2011,20,,,,,,,,
5,359.0,1,32.87401512015866,35.16449522771736,24/06/2011,20,,,,,,,,
5,360.0,1,32.87385398072209,35.16446869370323,24/06/2011,20,,,,,,,,
5,361.0,1,32.873704201846756,35.164440124496586,24/06/2011,20,,,,,,,,
5,362.0,1,32.87354306105802,35.16440942344919,24/06/2011,20,,,,,,,,
5,363.0,2,32.87340022608722,35.16438384317019,24/06/2011,20,,,,,,,,
5,364.0,1,32.873241882756155,35.16436019327475,24/06/2011,20,,,,,,,,
5,365.0,1,32.87308615433502,35.164336649138036,24/06/2011,20,,,,,,,,
5,366.0,1,32.87293033289397,35.164304236475424,24/06/2011,20,,,,,,,,
5,367.0,1,32.87277685880243,35.16428111890673,24/06/2011,20,,,,,,,,
5,368.0,1,32.87262545545504,35.16424827705785,24/06/2011,20,,,,,,,,
5,369.0,1,32.87247847367856,35.16422579783916,24/06/2011,20,,,,,,,,
5,370.0,1,32.87231282596485,35.16420001475547,24/06/2011,20,,,,,,,,
5,371.0,1,32.872237448615664,35.163931213248084,24/06/2011,20,,,,,,,,
5,372.0,1,32.87237099677127,35.163958078893366,24/06/2011,20,,,,,,,,
5,373.0,1,32.87253403013203,35.163985358640545,24/06/2011,20,,,,,,,,
5,374.0,1,32.87268994045323,35.16401349652503,24/06/2011,20,,,,,,,,
5,375.0,1,32.87284061944388,35.1640368285793,24/06/2011,20,,,,,,,,
5,376.0,1,32.87299932538058,35.164066247599294,24/06/2011,20,,,,,,,,
5,377.0,1,32.87314324310037,35.164093856942166,24/06/2011,20,,,,,,,,
5,378.0,1,32.873295453551506,35.16411291449189,24/06/2011,20,,,,,,,,
5,379.0,1,32.8734493813586,35.16414490040064,24/06/2011,20,,,,,,,,
5,380.0,1,32.87359483033262,35.164167594125594,24/06/2011,20,,,,,,,,
5,381.0,1,32.87375353718161,35.16420000548708,24/06/2011,20,,,,,,,,
5,382.0,1,32.87390710136398,35.16422290942221,24/06/2011,20,,,,,,,,
5,383.0,1,32.87406652778854,35.16424987119002,24/06/2011,20,,,,,,,,
5,384.0,1,32.874211797695494,35.164276625727275,24/06/2011,20,,,,,,,,
5,385.0,1,32.87436815765571,35.1643013451522,24/06/2011,20,,,,,,,,
5,386.0,1,32.874533355514096,35.164330441664326,24/06/2011,20,,,,,,,,
5,387.0,1,32.874690617960944,35.16435772534601,24/06/2011,20,,,,,,,,
5,388.0,1,32.87484950411287,35.16438714546414,24/06/2011,20,,,,,,,,
5,389.0,2,32.875003251407236,35.16441891877559,24/06/2011,20,,,,,,,,
5,390.0,2,32.87514572241712,35.16443434861496,24/06/2011,20,,,,,,,,
5,391.0,2,32.875301272991855,35.16446590759618,24/06/2011,20,,,,,,,,
5,392.0,2,32.87545195357548,35.164494690659794,24/06/2011,20,,,,,,,,
5,393.0,1,32.875606329485045,35.164518556862625,24/06/2011,20,,,,,,,,
5,394.0,1,32.87576296095813,35.16454669632225,24/06/2011,20,,,,,,,,
5,395.0,1,32.87591336950966,35.16457077818218,24/06/2011,20,,,,,,,,
5,396.0,1,32.87606909866747,35.16459699484397,24/06/2011,20,,,,,,,,
5,397.0,1,32.876224827748,35.16462299788686,24/06/2011,20,,,,,,,,
5,398.0,1,32.87638181849711,35.164646863350264,24/06/2011,20,,,,,,,,
5,399.0,1,32.87652744822691,35.16467137509992,24/06/2011,20,,,,,,,,
5,400.0,2,32.87667317008466,35.164702084518574,24/06/2011,20,,,,,,,,
5,401.0,1,32.876827816531836,35.16472627185287,24/06/2011,20,,,,,,,,
5,402.0,1,32.87698372688615,35.164755374087036,24/06/2011,20,,,,,,,,
5,403.0,1,32.87713882524068,35.164782980796566,24/06/2011,20,,,,,,,,
5,404.0,1,32.87729085748898,35.16480941354451,24/06/2011,20,,,,,,,,
5,405.0,1,32.87744622626154,35.16483680660937,24/06/2011,20,,,,,,,,
5,406.0,1,32.877603036839524,35.16486142085226,24/06/2011,20,,,,,,,,
5,407.0,1,32.87775597101381,35.164888708326686,24/06/2011,20,,,,,,,,
5,408.0,2,32.877909355311616,35.164913751694236,24/06/2011,20,,,,,,,,
5,409.0,2,32.87802549960075,35.16493731565086,24/06/2011,20,,,,,,,,
5,410.0,2,32.87817202940276,35.16495701933913,24/06/2011,20,,,,,,,,
5,411.0,2,32.8783333504111,35.16498815031466,24/06/2011,20,,,,,,,,
5,412.0,2,32.87847474191532,35.16501202388388,24/06/2011,20,,,,,,,,
5,413.0,2,32.878624519740264,35.165038030981414,24/06/2011,20,,,,,,,,
5,414.0,2,32.8787771824388,35.16506243401829,24/06/2011,20,,,,,,,,
5,415.0,2,32.87892822270363,35.16508876130612,24/06/2011,20,,,,,,,,
5,416.0,3,32.87908187814313,35.16511604925626,24/06/2011,20,,,,,,,,
5,417.0,3,32.879229129876805,35.16513778346847,24/06/2011,20,,,,,,,,
5,418.0,3,32.87937485209477,35.16517020431987,24/06/2011,20,,,,,,,,
5,419.0,3,32.879516965189254,35.1651950398697,24/06/2011,20,,,,,,,,
5,420.0,2,32.87970110190991,35.16494960976941,24/06/2011,20,,,,,,,,
5,421.0,2,32.87954996920557,35.16491612296885,24/06/2011,20,,,,,,,,
5,422.0,3,32.87940425070787,35.16489567067273,24/06/2011,20,,,,,,,,
5,423.0,3,32.879251044651085,35.16486389473614,24/06/2011,20,,,,,,,,
5,424.0,2,32.879082872160836,35.16483693419649,24/06/2011,20,,,,,,,,
5,425.0,2,32.87891677305834,35.16480847681893,24/06/2011,20,,,,,,,,
5,426.0,2,32.878755452799254,35.164779803704164,24/06/2011,20,,,,,,,,
5,427.0,2,32.87860630735601,35.164757750467786,24/06/2011,20,,,,,,,,
5,428.0,2,32.87844958640868,35.164731426367,24/06/2011,20,,,,,,,,
5,429.0,1,32.8782332582382,35.16468642886054,24/06/2011,20,,,,,,,,
5,430.0,1,32.87807365313606,35.16466406000493,24/06/2011,20,,,,,,,,
5,431.0,1,32.87791350419543,35.16463282232606,24/06/2011,20,,,,,,,,
5,432.0,1,32.87776778452584,35.1646089514427,24/06/2011,20,,,,,,,,
5,433.0,1,32.87761133495031,35.16458551286272,24/06/2011,20,,,,,,,,
5,434.0,1,32.87745262710573,35.164549359436506,24/06/2011,20,,,,,,,,
5,435.0,1,32.87729067662806,35.16452400009129,24/06/2011,20,,,,,,,,
5,436.0,1,32.877132513382755,35.16449917342194,24/06/2011,20,,,,,,,,
5,437.0,1,32.876977144801934,35.16447263589037,24/06/2011,20,,,,,,,,
5,438.0,1,32.87681528326994,35.16444353682398,24/06/2011,20,,,,,,,,
5,439.0,1,32.87666811975185,35.16441624780906,24/06/2011,20,,,,,,,,
5,440.0,1,32.8765074312083,35.164389712950204,24/06/2011,20,,,,,,,,
5,441.0,1,32.876348727282966,35.164366062387565,24/06/2011,20,,,,,,,,
5,442.0,1,32.876180190922284,35.164329700575344,24/06/2011,20,,,,,,,,
5,443.0,1,32.87602942206868,35.16430690147218,24/06/2011,20,,,,,,,,
5,444.0,1,32.87588144897552,35.16428581086221,24/06/2011,20,,,,,,,,
5,445.0,1,32.87573464477145,35.164254461756805,24/06/2011,20,,,,,,,,
5,446.0,1,32.87557449694001,35.164227179241514,24/06/2011,20,,,,,,,,
5,447.0,2,32.87541660492265,35.164204917952254,24/06/2011,20,,,,,,,,
5,448.0,3,32.875268991543706,35.16418094243503,24/06/2011,20,,,,,,,,
5,449.0,2,32.875111367298864,35.164150239730816,24/06/2011,20,,,,,,,,
5,450.0,2,32.874952930666545,35.16411686616174,24/06/2011,20,,,,,,,,
5,451.0,2,32.87479774407921,35.164095886238876,24/06/2011,20,,,,,,,,
5,452.0,2,32.87463317869636,35.16407095706604,24/06/2011,20,,,,,,,,
5,453.0,2,32.874472489821265,35.16404378231413,24/06/2011,20,,,,,,,,
5,454.0,2,32.874322440220894,35.164014786336104,24/06/2011,20,,,,,,,,
5,455.0,1,32.87417275145655,35.1639863245552,24/06/2011,20,,,,,,,,
5,456.0,2,32.87400503007239,35.16396118348664,24/06/2011,20,,,,,,,,
5,457.0,2,32.8738441621001,35.16393796273956,24/06/2011,20,,,,,,,,
5,458.0,2,32.87368617611791,35.163904269259106,24/06/2011,20,,,,,,,,
5,459.0,2,32.873527831353684,35.16387645291667,24/06/2011,20,,,,,,,,
5,460.0,2,32.87338112048753,35.16385536303481,24/06/2011,20,,,,,,,,
5,461.0,2,32.87322277587818,35.163828081131676,24/06/2011,20,,,,,,,,
5,462.0,2,32.87307561380789,35.163805923093065,24/06/2011,20,,,,,,,,
5,463.0,2,32.87292691740941,35.163779278076866,24/06/2011,20,,,,,,,,
5,464.0,2,32.87276676940372,35.163751997270346,24/06/2011,20,,,,,,,,
5,465.0,2,32.8725996766814,35.16371937719338,24/06/2011,20,,,,,,,,
5,466.0,2,32.87244945236305,35.16370801280096,24/06/2011,20,,,,,,,,
5,467.0,2,32.872307156774234,35.1636779459931,24/06/2011,20,,,,,,,,
5,468.0,1,32.872369370772894,35.16339519104424,24/06/2011,20,,,,,,,,
5,469.0,1,32.87248334870963,35.16341052505879,24/06/2011,20,,,,,,,,
5,470.0,1,32.87263592149381,35.16343428257154,24/06/2011,20,,,,,,,,
5,471.0,1,32.87279029858277,35.16346092431379,24/06/2011,20,,,,,,,,
5,472.0,1,32.87295089826208,35.163490555123595,24/06/2011,20,,,,,,,,
5,473.0,1,32.87311798886873,35.16351655011169,24/06/2011,20,,,,,,,,
5,474.0,1,32.87326352830657,35.16353977694323,24/06/2011,20,,,,,,,,
5,475.0,1,32.873416011472244,35.16356535140539,24/06/2011,20,,,,,,,,
5,476.0,1,32.87357615894398,35.16359092244246,24/06/2011,20,,,,,,,,
5,477.0,1,32.873713224966366,35.16362163304499,24/06/2011,20,,,,,,,,
5,478.0,1,32.87388689879444,35.163650617352836,24/06/2011,20,,,,,,,,
5,479.0,1,32.87404001289257,35.163675550778784,24/06/2011,20,,,,,,,,
5,480.0,1,32.874203136335474,35.163702509917165,24/06/2011,20,,,,,,,,
5,481.0,2,32.87436238301369,35.16373096686547,24/06/2011,20,,,,,,,,
5,482.0,1,32.87450503751549,35.163755798482796,24/06/2011,20,,,,,,,,
5,483.0,1,32.87466500538238,35.163783827880145,24/06/2011,20,,,,,,,,
5,484.0,1,32.87481072639002,35.16381111589761,24/06/2011,20,,,,,,,,
5,485.0,2,32.8749701520827,35.163835619566456,24/06/2011,20,,,,,,,,
5,486.0,2,32.875123355766654,35.163858950763284,24/06/2011,20,,,,,,,,
5,487.0,2,32.87526321400193,35.163880685302686,24/06/2011,20,,,,,,,,
5,488.0,2,32.87541732267587,35.16391427424346,24/06/2011,20,,,,,,,,
5,489.0,2,32.87556692025599,35.16393963756346,24/06/2011,20,,,,,,,,
5,490.0,1,32.875718414196456,35.163973762180056,24/06/2011,20,,,,,,,,
5,491.0,1,32.87588378908307,35.163992493532284,24/06/2011,20,,,,,,,,
5,492.0,1,32.876035371479354,35.16402138242805,24/06/2011,20,,,,,,,,
5,493.0,2,32.876192723882724,35.164047917994566,24/06/2011,20,,,,,,,,
5,494.0,2,32.876341509764345,35.16407285470485,24/06/2011,20,,,,,,,,
5,495.0,2,32.87649895221428,35.1640990698457,24/06/2011,20,,,,,,,,
5,496.0,2,32.87665224763264,35.16412753092376,24/06/2011,20,,,,,,,,
5,497.0,2,32.87679796796959,35.164153110415604,24/06/2011,20,,,,,,,,
5,498.0,1,32.87696244407365,35.16418103235112,24/06/2011,20,,,,,,,,
5,499.0,1,32.87711285421206,35.16420992244474,24/06/2011,20,,,,,,,,
5,500.0,1,32.87726560676118,35.16423272076412,24/06/2011,20,,,,,,,,
5,501.0,1,32.87741890065565,35.164256587483194,24/06/2011,20,,,,,,,,
5,502.0,1,32.87757345827016,35.164284727985596,24/06/2011,20,,,,,,,,
5,503.0,1,32.87772449684212,35.16430517646914,24/06/2011,20,,,,,,,,
5,504.0,1,32.87788464514988,35.1643341694931,24/06/2011,20,,,,,,,,
5,505.0,2,32.87802892217531,35.16435804060677,24/06/2011,20,,,,,,,,
5,506.0,2,32.878190153782626,35.164391093922916,24/06/2011,20,,,,,,,,
5,507.0,2,32.87839241310051,35.16442765524272,24/06/2011,20,,,,,,,,
5,508.0,2,32.87855914498314,35.16446081320962,24/06/2011,20,,,,,,,,
5,509.0,2,32.87871270804577,35.16448072679367,24/06/2011,20,,,,,,,,
5,510.0,2,32.878871234382885,35.16451324750468,24/06/2011,20,,,,,,,,
5,511.0,2,32.87901604963614,35.16452857024987,24/06/2011,20,,,,,,,,
5,512.0,2,32.87915645085884,35.16455714549601,24/06/2011,20,,,,,,,,
5,513.0,2,32.879302170506165,35.16458101666429,24/06/2011,20,,,,,,,,
5,514.0,2,32.87945465518457,35.164612471877646,24/06/2011,20,,,,,,,,
5,515.0,2,32.8796114655865,35.164636551980706,24/06/2011,20,,,,,,,,
