image,Point_ID,Aleket_cnt,lat,long,date,Days_Before_Sample,ndvi,gndvi,green_red_ratio,ndre,entropy,green,homogeneity,asm
1,1.0,3.0,32.82063089767752,35.11511853086819,19/05/2011,56,,,,,,,,
1,2.0,3.0,32.82073604823657,35.11513722047559,19/05/2011,56,,,,,,,,
1,3.0,3.0,32.82084498916638,35.11516049825321,19/05/2011,56,,,,,,,,
1,4.0,3.0,32.820952126784526,35.11518388467892,19/05/2011,56,,,,,,,,
1,5.0,3.0,32.821058634734776,35.115209407570156,19/05/2011,56,,,,,,,,
1,6.0,2.0,32.82117055434428,35.11523706089818,19/05/2011,56,,,,,,,,
1,7.0,3.0,32.821277056652654,35.11525468151366,19/05/2011,56,,,,,,,,
1,8.0,2.0,32.8213887923369,35.11527731604673,19/05/2011,56,,,,,,,,
1,9.0,3.0,32.82149367235288,35.11529600626785,19/05/2011,56,,,,,,,,
1,10.0,3.0,32.8216089281916,35.115323656507954,19/05/2011,56,,,,,,,,
1,11.0,2.0,32.82172282578816,35.11534329893846,19/05/2011,56,,,,,,,,
1,12.0,2.0,32.82182825075319,35.11536754183923,19/05/2011,56,,,,,,,,
1,13.0,2.0,32.821936382682274,35.11539445184882,19/05/2011,56,,,,,,,,
1,14.0,3.0,32.8220480271741,35.11541569854041,19/05/2011,56,,,,,,,,
1,15.0,3.0,32.822159132163954,35.11543908162931,19/05/2011,56,,,,,,,,
1,16.0,3.0,32.82226879565653,35.11546417486016,19/05/2011,56,,,,,,,,
1,17.0,3.0,32.82237196203903,35.11548233323712,19/05/2011,56,,,,,,,,
1,18.0,2.0,32.82247864690675,35.115503157918646,19/05/2011,56,,,,,,,,
1,19.0,2.0,32.8225777588572,35.1155258056359,19/05/2011,56,,,,,,,,
1,20.0,2.0,32.82269382311579,35.115549184061415,19/05/2011,56,,,,,,,,
1,21.0,2.0,32.82279753382819,35.115572040888445,19/05/2011,56,,,,,,,,
1,22.0,2.0,32.822904218522574,35.115592652193,19/05/2011,56,,,,,,,,
1,23.0,2.0,32.82301234561367,35.115612834946,19/05/2011,56,,,,,,,,
1,24.0,2.0,32.823119751650246,35.115633445630785,19/05/2011,56,,,,,,,,
1,25.0,2.0,32.8232244603104,35.11541089455215,19/05/2011,56,,,,,,,,
1,26.0,1.0,32.82312129066607,35.115388144056105,19/05/2011,56,,,,,,,,
1,27.0,1.0,32.82300468210479,35.1153601742446,19/05/2011,56,,,,,,,,
1,28.0,1.0,32.82289709727935,35.11534180670897,19/05/2011,56,,,,,,,,
1,29.0,1.0,32.822784999588684,35.11531724983913,19/05/2011,56,,,,,,,,
1,30.0,1.0,32.822673803886,35.11529311929377,19/05/2011,56,,,,,,,,
1,31.0,1.0,32.82255593361317,35.115266112122775,19/05/2011,56,,,,,,,,
1,32.0,1.0,32.82244726711811,35.11524827982558,19/05/2011,56,,,,,,,,
1,33.0,1.0,32.82233354476064,35.115221482217684,19/05/2011,56,,,,,,,,
1,34.0,1.0,32.82222180915898,35.11519895430816,19/05/2011,56,,,,,,,,
1,35.0,1.0,32.82210096700853,35.11517718309127,19/05/2011,56,,,,,,,,
1,36.0,1.0,32.82198156260801,35.11514846913721,19/05/2011,56,,,,,,,,
1,37.0,1.0,32.82187037241892,35.115132134680614,19/05/2011,56,,,,,,,,
1,38.0,1.0,32.82176774105093,35.11510564666432,19/05/2011,56,,,,,,,,
1,39.0,1.0,32.82165663431636,35.115079914719516,19/05/2011,56,,,,,,,,
1,40.0,1.0,32.82155427717608,35.115058659242486,19/05/2011,56,,,,,,,,
1,41.0,1.0,32.821431268567714,35.115033580072165,19/05/2011,56,,,,,,,,
1,42.0,1.0,32.82132341133115,35.11501265057826,19/05/2011,56,,,,,,,,
1,43.0,1.0,32.82120869605239,35.114984466339806,19/05/2011,56,,,,,,,,
1,44.0,1.0,32.82109470867984,35.11496546530316,19/05/2011,56,,,,,,,,
1,45.0,2.0,32.820986940221744,35.114942613679744,19/05/2011,56,,,,,,,,
1,46.0,2.0,32.82087728271064,35.11492606454442,19/05/2011,56,,,,,,,,
1,47.0,2.0,32.82077546501964,35.11490267311273,19/05/2011,56,,,,,,,,
1,48.0,2.0,32.82067428102647,35.11488280512088,19/05/2011,56,,,,,,,,
1,49.0,2.0,32.82070024023775,35.11461772980622,19/05/2011,56,,,,,,,,
1,50.0,1.0,32.82081631985761,35.11466225071742,19/05/2011,56,,,,,,,,
1,51.0,1.0,32.820927152127965,35.11468232236881,19/05/2011,56,,,,,,,,
1,52.0,1.0,32.82103609114864,35.11470282312852,19/05/2011,56,,,,,,,,
1,53.0,1.0,32.82114503008761,35.11472321714891,19/05/2011,56,,,,,,,,
1,54.0,1.0,32.82124495188425,35.11474329990979,19/05/2011,56,,,,,,,,
1,55.0,1.0,32.82135371016914,35.11476326705065,19/05/2011,56,,,,,,,,
1,56.0,1.0,32.82146184055295,35.114787826818876,19/05/2011,56,,,,,,,,
1,57.0,1.0,32.82158052216384,35.11481440505756,19/05/2011,56,,,,,,,,
1,58.0,1.0,32.8216946926392,35.11483725025142,19/05/2011,56,,,,,,,,
1,59.0,1.0,32.821804266089956,35.114862342703795,19/05/2011,56,,,,,,,,
1,60.0,1.0,32.82192123049552,35.114883369782234,19/05/2011,56,,,,,,,,
1,61.0,1.0,32.82203098228633,35.11490568563072,19/05/2011,56,,,,,,,,
1,62.0,1.0,32.822145062873446,35.114928958306635,19/05/2011,56,,,,,,,,
1,63.0,1.0,32.82222704105445,35.11494916629635,19/05/2011,56,,,,,,,,
1,64.0,1.0,32.82234013152516,35.114974896253216,19/05/2011,56,,,,,,,,
1,65.0,1.0,32.82244762868478,35.11499668062308,19/05/2011,56,,,,,,,,
1,66.0,1.0,32.82255620962142,35.115020920148226,19/05/2011,56,,,,,,,,
1,67.0,1.0,32.82267065268384,35.11504675572654,19/05/2011,56,,,,,,,,
1,68.0,1.0,32.822783649528326,35.11506768042864,19/05/2011,56,,,,,,,,
1,69.0,1.0,32.82288916416446,35.11509117566065,19/05/2011,56,,,,,,,,
1,70.0,1.0,32.82299792594687,35.11511616277781,19/05/2011,56,,,,,,,,
1,71.0,2.0,32.8231072269853,35.11513869321239,19/05/2011,56,,,,,,,,
1,72.0,2.0,32.823213366847575,35.115153858242905,19/05/2011,56,,,,,,,,
1,73.0,3.0,32.82329182515356,35.114916915809395,19/05/2011,56,,,,,,,,
1,74.0,3.0,32.823182253418935,35.114894172288835,19/05/2011,56,,,,,,,,
1,75.0,2.0,32.82307331408386,35.114873136852175,19/05/2011,56,,,,,,,,
1,76.0,2.0,32.822957161753926,35.11485285624357,19/05/2011,56,,,,,,,,
1,77.0,2.0,32.82284587541456,35.1148281923661,19/05/2011,56,,,,,,,,
1,78.0,2.0,32.82272340627089,35.114800976793106,19/05/2011,56,,,,,,,,
1,79.0,2.0,32.82261365623205,35.11478111709083,19/05/2011,56,,,,,,,,
1,80.0,2.0,32.82248667716769,35.114751877159115,19/05/2011,56,,,,,,,,
1,81.0,2.0,32.82236736315285,35.11472359072286,19/05/2011,56,,,,,,,,
1,82.0,2.0,32.82224065763868,35.11469862229512,19/05/2011,56,,,,,,,,
1,83.0,1.0,32.822126575403466,35.11467310729453,19/05/2011,56,,,,,,,,
1,84.0,1.0,32.82200726519287,35.11465016058032,19/05/2011,56,,,,,,,,
1,85.0,1.0,32.82189002687317,35.11462443530256,19/05/2011,56,,,,,,,,
1,86.0,1.0,32.821772969343904,35.11459935064933,19/05/2011,56,,,,,,,,
1,87.0,2.0,32.82166168301127,35.11457479420135,19/05/2011,56,,,,,,,,
1,88.0,2.0,32.821544450112114,35.114556651177125,19/05/2011,56,,,,,,,,
1,89.0,2.0,32.82143668204781,35.11453444067002,19/05/2011,56,,,,,,,,
1,90.0,2.0,32.82132458586212,35.11451223457556,19/05/2011,56,,,,,,,,
1,91.0,2.0,32.821211045124485,35.11448746705108,19/05/2011,56,,,,,,,,
1,92.0,2.0,32.82109344577397,35.11446131542158,19/05/2011,56,,,,,,,,
1,93.0,2.0,32.82096385569334,35.11443763209276,19/05/2011,56,,,,,,,,
1,94.0,2.0,32.82085933445303,35.11441648648623,19/05/2011,56,,,,,,,,
1,95.0,3.0,32.82075732272633,35.11412377484534,19/05/2011,56,,,,,,,,
1,96.0,3.0,32.820854723816446,35.11414930562548,19/05/2011,56,,,,,,,,
1,97.0,3.0,32.82097845026877,35.11416925682292,19/05/2011,56,,,,,,,,
1,98.0,2.0,32.82108955458375,35.11419135661504,19/05/2011,56,,,,,,,,
1,99.0,2.0,32.82119741380636,35.11421484800053,19/05/2011,56,,,,,,,,
1,100.0,2.0,32.82130879015517,35.114239083414425,19/05/2011,56,,,,,,,,
1,101.0,2.0,32.82142999092772,35.114257755913805,19/05/2011,56,,,,,,,,
1,102.0,2.0,32.82155246082786,35.114285824667334,19/05/2011,56,,,,,,,,
1,103.0,2.0,32.82166176173114,35.11430792656549,19/05/2011,56,,,,,,,,
1,104.0,2.0,32.82177863928938,35.11433343814668,19/05/2011,56,,,,,,,,
1,105.0,2.0,32.821898405937574,35.11436407280041,19/05/2011,56,,,,,,,,
1,106.0,2.0,32.822011763200564,35.11438446214507,19/05/2011,56,,,,,,,,
1,107.0,2.0,32.82213152983209,35.114415096946544,19/05/2011,56,,,,,,,,
1,108.0,2.0,32.822242178403435,35.114430469988854,19/05/2011,56,,,,,,,,
1,109.0,2.0,32.82235725461699,35.114458867055525,19/05/2011,56,,,,,,,,
1,110.0,2.0,32.822464030742715,35.11448097190647,19/05/2011,56,,,,,,,,
1,111.0,2.0,32.82256990747302,35.11450628144078,19/05/2011,56,,,,,,,,
1,112.0,2.0,32.82268633044919,35.11452666802992,19/05/2011,56,,,,,,,,
1,113.0,2.0,32.822803209171134,35.11455388884366,19/05/2011,56,,,,,,,,
1,114.0,3.0,32.82291720002324,35.114577695315276,19/05/2011,56,,,,,,,,
1,115.0,3.0,32.823024151553575,35.11459296562134,19/05/2011,56,,,,,,,,
1,116.0,3.0,32.8231309313215,35.114620196784124,19/05/2011,56,,,,,,,,
1,117.0,3.0,32.82323040424927,35.11464305690452,19/05/2011,56,,,,,,,,
1,118.0,3.0,32.82335521131822,35.114410018531736,19/05/2011,56,,,,,,,,
1,119.0,3.0,32.82324987544226,35.114384494762426,19/05/2011,56,,,,,,,,
1,120.0,3.0,32.82313236773637,35.11436037162387,19/05/2011,56,,,,,,,,
1,121.0,2.0,32.8230318169533,35.11434338645704,19/05/2011,56,,,,,,,,
1,122.0,2.0,32.82293802638618,35.11432297718426,19/05/2011,56,,,,,,,,
1,123.0,2.0,32.822824036716476,35.114300879689424,19/05/2011,56,,,,,,,,
1,124.0,2.0,32.82272014389913,35.11427588869695,19/05/2011,56,,,,,,,,
1,125.0,2.0,32.82260597434067,35.114254432242454,19/05/2011,56,,,,,,,,
1,126.0,2.0,32.82250785563821,35.114234027532476,19/05/2011,56,,,,,,,,
1,127.0,3.0,32.8224194707266,35.11420741917274,19/05/2011,56,,,,,,,,
1,128.0,3.0,32.822299712670485,35.114188745079666,19/05/2011,56,,,,,,,,
1,129.0,2.0,32.82218527088901,35.114164939723615,19/05/2011,56,,,,,,,,
1,130.0,2.0,32.82207993740854,35.11414283385998,19/05/2011,56,,,,,,,,
1,131.0,2.0,32.82197478349041,35.114119659965446,19/05/2011,56,,,,,,,,
1,132.0,2.0,32.82186259522346,35.11409489139352,19/05/2011,56,,,,,,,,
1,133.0,2.0,32.82175148967208,35.11407108289621,19/05/2011,56,,,,,,,,
1,134.0,2.0,32.82164778059883,35.11405089781996,19/05/2011,56,,,,,,,,
1,135.0,2.0,32.821550024992234,35.114033910449876,19/05/2011,56,,,,,,,,
1,136.0,2.0,32.821447576888815,35.114011801974016,19/05/2011,56,,,,,,,,
1,137.0,2.0,32.82134801665839,35.11399310788262,19/05/2011,56,,,,,,,,
1,138.0,2.0,32.82124114740546,35.1139670527812,19/05/2011,56,,,,,,,,
1,139.0,3.0,32.82113031525891,35.11394730231568,19/05/2011,56,,,,,,,,
1,140.0,3.0,32.821022095077645,35.113923491270036,19/05/2011,56,,,,,,,,
1,141.0,3.0,32.82091378726877,35.113903204402504,19/05/2011,56,,,,,,,,
1,142.0,3.0,32.82081278060214,35.113879386150934,19/05/2011,56,,,,,,,,
1,143.0,3.0,32.82081821212172,35.11365982301616,19/05/2011,56,,,,,,,,
1,144.0,3.0,32.82092787382299,35.11368192360123,19/05/2011,56,,,,,,,,
1,145.0,3.0,32.821055298594814,35.11370368582146,19/05/2011,56,,,,,,,,
1,146.0,3.0,32.82116595214422,35.1137257855107,19/05/2011,56,,,,,,,,
1,147.0,3.0,32.82128138341146,35.113746171772796,19/05/2011,56,,,,,,,,
1,148.0,3.0,32.821393930500115,35.11376826964701,19/05/2011,56,,,,,,,,
1,149.0,3.0,32.82150341067496,35.113788768847236,19/05/2011,56,,,,,,,,
1,150.0,3.0,32.82162028463111,35.113809153802315,19/05/2011,56,,,,,,,,
1,151.0,3.0,32.821735364162905,35.113841928251325,19/05/2011,56,,,,,,,,
1,152.0,3.0,32.821840246856205,35.113864034132746,19/05/2011,56,,,,,,,,
1,153.0,3.0,32.82196145014477,35.11388612351269,19/05/2011,56,,,,,,,,
1,154.0,3.0,32.82208409736741,35.11390992013195,19/05/2011,56,,,,,,,,
1,155.0,3.0,32.82220007423367,35.11393671370881,19/05/2011,56,,,,,,,,
1,156.0,3.0,32.82231550791743,35.11396051777082,19/05/2011,56,,,,,,,,
1,157.0,3.0,32.82243563100278,35.1139851714682,19/05/2011,56,,,,,,,,
1,158.0,3.0,32.822544123198114,35.11401111850186,19/05/2011,56,,,,,,,,
1,159.0,3.0,32.82265811168974,35.11403150690442,19/05/2011,56,,,,,,,,
1,160.0,3.0,32.82276741693478,35.11405958905653,19/05/2011,56,,,,,,,,
1,161.0,3.0,32.82287707606722,35.11407827329404,19/05/2011,56,,,,,,,,
1,162.0,3.0,32.82298727890574,35.1141006947233,19/05/2011,56,,,,,,,,
1,163.0,3.0,32.82308422557876,35.11412131416354,19/05/2011,56,,,,,,,,
1,164.0,3.0,32.8231823442906,35.114141718879786,19/05/2011,56,,,,,,,,
1,165.0,3.0,32.823282630442094,35.1141668202827,19/05/2011,56,,,,,,,,
1,166.0,3.0,32.82338363332153,35.11418551350933,19/05/2011,56,,,,,,,,
1,167.0,3.0,32.823431126995416,35.113900438034186,19/05/2011,56,,,,,,,,
1,168.0,3.0,32.823319656819564,35.11387118335751,19/05/2011,56,,,,,,,,
1,169.0,3.0,32.82320999642825,35.113850790619026,19/05/2011,56,,,,,,,,
1,170.0,3.0,32.823103308596785,35.11382623004635,19/05/2011,56,,,,,,,,
1,171.0,3.0,32.82299121363017,35.11380583988344,19/05/2011,56,,,,,,,,
1,172.0,3.0,32.82288732033116,35.11378031546552,19/05/2011,56,,,,,,,,
1,173.0,3.0,32.82276611827899,35.11375993465896,19/05/2011,56,,,,,,,,
1,174.0,3.0,32.822650412047395,35.113733354450666,19/05/2011,56,,,,,,,,
1,175.0,3.0,32.82252352515459,35.11370721283667,19/05/2011,56,,,,,,,,
1,176.0,3.0,32.82241530495164,35.11368340171475,19/05/2011,56,,,,,,,,
1,177.0,3.0,32.82230591734412,35.11366621284879,19/05/2011,56,,,,,,,,
1,178.0,3.0,32.82219697639675,35.11364325689,19/05/2011,56,,,,,,,,
1,179.0,3.0,32.82208009870705,35.11361774609471,19/05/2011,56,,,,,,,,
1,180.0,3.0,32.82197702214478,35.11359948305046,19/05/2011,56,,,,,,,,
1,181.0,3.0,32.82187357963309,35.1135739587011,19/05/2011,56,,,,,,,,
1,182.0,3.0,32.82175814586875,35.11355015525567,19/05/2011,56,,,,,,,,
1,183.0,3.0,32.82164415604339,35.1135280590366,19/05/2011,56,,,,,,,,
1,184.0,3.0,32.82152727700216,35.11350073312697,19/05/2011,56,,,,,,,,
1,185.0,3.0,32.82141743695807,35.11348140932523,19/05/2011,56,,,,,,,,
1,186.0,3.0,32.821306333766344,35.113461018964735,19/05/2011,56,,,,,,,,
1,187.0,3.0,32.821194595583435,35.11343539663209,19/05/2011,56,,,,,,,,
1,188.0,3.0,32.82108367380527,35.11341650124077,19/05/2011,56,,,,,,,,
1,189.0,3.0,32.82096534961756,35.11338586666473,19/05/2011,56,,,,,,,,
1,190.0,3.0,32.82088527000216,35.113372920096346,19/05/2011,56,,,,,,,,
1,191.0,3.0,32.8209409921021,35.11299835467883,19/05/2011,56,,,,,,,,
1,192.0,3.0,32.821050658905634,35.113027288972226,19/05/2011,56,,,,,,,,
1,193.0,3.0,32.821162573381436,35.113047250748124,19/05/2011,56,,,,,,,,
1,194.0,3.0,32.821281523455234,35.113070515841265,19/05/2011,56,,,,,,,,
1,195.0,3.0,32.821401291664905,35.113102857260145,19/05/2011,56,,,,,,,,
1,196.0,3.0,32.82151825745945,35.113125376991285,19/05/2011,56,,,,,,,,
1,197.0,3.0,32.82162475982125,35.113142674785074,19/05/2011,56,,,,,,,,
1,198.0,3.0,32.82173875220478,35.11316818777906,19/05/2011,56,,,,,,,,
1,199.0,3.0,32.82186059100161,35.113196042198226,19/05/2011,56,,,,,,,,
1,200.0,3.0,32.821968357970945,35.113216435762524,19/05/2011,56,,,,,,,,
1,201.0,3.0,32.82207513556422,35.11324024767383,19/05/2011,56,,,,,,,,
1,202.0,3.0,32.822192012086035,35.11326404932851,19/05/2011,56,,,,,,,,
1,203.0,3.0,32.82230157915513,35.113279956010636,19/05/2011,56,,,,,,,,
1,204.0,3.0,32.82241268733262,35.113307180965585,19/05/2011,56,,,,,,,,
1,205.0,3.0,32.82253235760022,35.11332895092103,19/05/2011,56,,,,,,,,
1,206.0,3.0,32.822644908468035,35.113356174534815,19/05/2011,56,,,,,,,,
1,207.0,3.0,32.822757184239336,35.113377097825655,19/05/2011,56,,,,,,,,
1,208.0,3.0,32.822861709193354,35.113403155049006,19/05/2011,56,,,,,,,,
1,209.0,3.0,32.822987240657156,35.11342523963993,19/05/2011,56,,,,,,,,
1,210.0,3.0,32.82309293476896,35.11344713092807,19/05/2011,56,,,,,,,,
1,211.0,3.0,32.82320440054753,35.11347019109402,19/05/2011,56,,,,,,,,
1,212.0,3.0,32.82331550618671,35.1134939992261,19/05/2011,56,,,,,,,,
1,213.0,3.0,32.82342543683054,35.11351396410728,19/05/2011,56,,,,,,,,
1,214.0,3.0,32.823547989829336,35.11316025099713,19/05/2011,56,,,,,,,,
1,215.0,3.0,32.823438236978525,35.11313686900328,19/05/2011,56,,,,,,,,
1,216.0,3.0,32.82332569106181,35.113116480092145,19/05/2011,56,,,,,,,,
1,217.0,3.0,32.82320764225747,35.113092572740044,19/05/2011,56,,,,,,,,
1,218.0,3.0,32.82309699237287,35.11307559932286,19/05/2011,56,,,,,,,,
1,219.0,3.0,32.82298011333823,35.113048380357164,19/05/2011,56,,,,,,,,
1,220.0,3.0,32.82285998696245,35.11301945612886,19/05/2011,56,,,,,,,,
1,221.0,3.0,32.82275321183601,35.11299906158555,19/05/2011,56,,,,,,,,
1,222.0,3.0,32.82263110702951,35.11297740130434,19/05/2011,56,,,,,,,,
1,223.0,3.0,32.822534427081884,35.112951870561155,19/05/2011,56,,,,,,,,
1,224.0,3.0,32.82242936538534,35.112931794787904,19/05/2011,56,,,,,,,,
1,225.0,3.0,32.822307077725306,35.11290671756741,19/05/2011,56,,,,,,,,
1,226.0,3.0,32.82219885362044,35.11287778153922,19/05/2011,56,,,,,,,,
1,227.0,3.0,32.82208360249039,35.1128572892188,19/05/2011,56,,,,,,,,
1,228.0,3.0,32.8219632997002,35.112833812011246,19/05/2011,56,,,,,,,,
1,229.0,3.0,32.82184209497835,35.11281001542237,19/05/2011,56,,,,,,,,
1,230.0,3.0,32.82172801681031,35.1127905899643,19/05/2011,56,,,,,,,,
1,231.0,3.0,32.8216159204025,35.112768492778756,19/05/2011,56,,,,,,,,
1,232.0,3.0,32.82151058792008,35.11274809733471,19/05/2011,56,,,,,,,,
1,233.0,3.0,32.82139948210947,35.11272429060735,19/05/2011,56,,,,,,,,
1,234.0,3.0,32.82127431038661,35.11270113912738,19/05/2011,56,,,,,,,,
1,235.0,3.0,32.821154725618364,35.11267317645907,19/05/2011,56,,,,,,,,
1,236.0,3.0,32.82104650394557,35.112647658329706,19/05/2011,56,,,,,,,,
1,237.0,3.0,32.82107283205492,35.11227760726808,19/05/2011,56,,,,,,,,
1,238.0,3.0,32.821187098665256,35.11230792423056,19/05/2011,56,,,,,,,,
1,239.0,3.0,32.82130397160811,35.11232659854714,19/05/2011,56,,,,,,,,
1,240.0,3.0,32.82141489605754,35.11234890988904,19/05/2011,56,,,,,,,,
1,241.0,3.0,32.82152843399088,35.11236929637864,19/05/2011,56,,,,,,,,
1,242.0,3.0,32.821651082762294,35.11239479943317,19/05/2011,56,,,,,,,,
1,243.0,3.0,32.82177373152624,35.11242030255737,19/05/2011,56,,,,,,,,
1,244.0,3.0,32.821893137098975,35.11244976032345,19/05/2011,56,,,,,,,,
1,245.0,3.0,32.822014343142264,35.1124752650776,19/05/2011,56,,,,,,,,
1,246.0,3.0,32.822133200235115,35.11249457848211,19/05/2011,56,,,,,,,,
1,247.0,3.0,32.822259543941456,35.112517408314076,19/05/2011,56,,,,,,,,
1,248.0,3.0,32.8223793110208,35.11254804069326,19/05/2011,56,,,,,,,,
1,249.0,3.0,32.82250529787514,35.112576103776725,19/05/2011,56,,,,,,,,
1,250.0,3.0,32.822619916919734,35.11259531498907,19/05/2011,56,,,,,,,,
1,251.0,3.0,32.82273535335355,35.112622534736275,19/05/2011,56,,,,,,,,
1,252.0,3.0,32.82284789763774,35.11264057348765,19/05/2011,56,,,,,,,,
1,253.0,3.0,32.82296505008698,35.11267163608486,19/05/2011,56,,,,,,,,
1,254.0,3.0,32.823084810857004,35.112693725602185,19/05/2011,56,,,,,,,,
1,255.0,3.0,32.823202500705264,35.11271987538611,19/05/2011,56,,,,,,,,
1,256.0,3.0,32.82331738959714,35.11273823232005,19/05/2011,56,,,,,,,,
1,257.0,3.0,32.823438601809585,35.11277228121084,19/05/2011,56,,,,,,,,
1,258.0,3.0,32.82355006082712,35.11278594293328,19/05/2011,56,,,,,,,,
1,259.0,3.0,32.823657995277394,35.11241985551163,19/05/2011,56,,,,,,,,
1,260.0,3.0,32.82354662325218,35.11240192246093,19/05/2011,56,,,,,,,,
1,261.0,3.0,32.82343551992398,35.112381532964825,19/05/2011,56,,,,,,,,
1,262.0,3.0,32.823315216050254,35.112356667756494,19/05/2011,56,,,,,,,,
1,263.0,3.0,32.82320970546922,35.11233936955511,19/05/2011,56,,,,,,,,
1,264.0,3.0,32.823082723574,35.1123070359563,19/05/2011,56,,,,,,,,
1,265.0,3.0,32.82297649092274,35.11228877748147,19/05/2011,56,,,,,,,,
1,266.0,3.0,32.822862953002165,35.11226839076821,19/05/2011,56,,,,,,,,
1,267.0,3.0,32.82274607253165,35.11223946427542,19/05/2011,56,,,,,,,,
1,268.0,3.0,32.82263352394202,35.112215659346106,19/05/2011,56,,,,,,,,
1,269.0,3.0,32.82251060779279,35.11219442816683,19/05/2011,56,,,,,,,,
1,270.0,3.0,32.82239526103848,35.11216667499554,19/05/2011,56,,,,,,,,
1,271.0,3.0,32.82227838809218,35.112148000663694,19/05/2011,56,,,,,,,,
1,272.0,3.0,32.82217187883591,35.11212151996968,19/05/2011,56,,,,,,,,
1,273.0,3.0,32.82206068369487,35.11209899542313,19/05/2011,56,,,,,,,,
1,274.0,3.0,32.82193803613199,35.112075201299376,19/05/2011,56,,,,,,,,
1,275.0,3.0,32.82182188231049,35.1120535363194,19/05/2011,56,,,,,,,,
1,276.0,3.0,32.82171528459155,35.11202940533936,19/05/2011,56,,,,,,,,
1,277.0,3.0,32.82160129450048,35.11200731107363,19/05/2011,56,,,,,,,,
1,278.0,3.0,32.8214827916138,35.111979348113415,19/05/2011,56,,,,,,,,
1,279.0,3.0,32.82137150713401,35.11195799869155,19/05/2011,56,,,,,,,,
1,280.0,3.0,32.82126328658278,35.111934189995225,19/05/2011,56,,,,,,,,
1,281.0,3.0,32.82116092867186,35.11191261785238,19/05/2011,56,,,,,,,,
1,282.0,3.0,32.821156497922345,35.11153042414563,19/05/2011,56,,,,,,,,
1,283.0,3.0,32.821264721085875,35.11155764957774,19/05/2011,56,,,,,,,,
1,284.0,3.0,32.821380418375945,35.11157151862759,19/05/2011,56,,,,,,,,
1,285.0,3.0,32.821500359784395,35.11159371288336,19/05/2011,56,,,,,,,,
1,286.0,3.0,32.821614348682786,35.111614097962494,19/05/2011,56,,,,,,,,
1,287.0,3.0,32.821726806601156,35.11163704764026,19/05/2011,56,,,,,,,,
1,288.0,3.0,32.8218379100786,35.1116574358243,19/05/2011,56,,,,,,,,
1,289.0,3.0,32.821962094155225,35.11168603330542,19/05/2011,56,,,,,,,,
1,290.0,3.0,32.82207202510663,35.11170599566043,19/05/2011,56,,,,,,,,
1,291.0,3.0,32.822190345886426,35.111731502450866,19/05/2011,56,,,,,,,,
1,292.0,3.0,32.8223103764723,35.1117524155416,19/05/2011,56,,,,,,,,
1,293.0,3.0,32.82242346695916,35.11177728714549,19/05/2011,56,,,,,,,,
1,294.0,3.0,32.82254467312779,35.111802791135794,19/05/2011,56,,,,,,,,
1,295.0,3.0,32.82266696123864,35.111828187281695,19/05/2011,56,,,,,,,,
1,296.0,3.0,32.82277563065746,35.11184932597738,19/05/2011,56,,,,,,,,
1,297.0,3.0,32.822880969578655,35.11187826393468,19/05/2011,56,,,,,,,,
1,298.0,3.0,32.82299378455191,35.11189640828707,19/05/2011,56,,,,,,,,
1,299.0,3.0,32.823106334457606,35.111921921570705,19/05/2011,56,,,,,,,,
1,300.0,3.0,32.82322330106172,35.11194529451046,19/05/2011,56,,,,,,,,
1,301.0,3.0,32.823362000132974,35.11197099441981,19/05/2011,56,,,,,,,,
1,302.0,3.0,32.82347166334659,35.1119948022203,19/05/2011,56,,,,,,,,
1,303.0,3.0,32.82358646500672,35.11201700287887,19/05/2011,56,,,,,,,,
1,304.0,3.0,32.82371245297942,35.11204645388511,19/05/2011,56,,,,,,,,
1,305.0,3.0,32.82376698256606,35.11164987781062,19/05/2011,56,,,,,,,,
1,306.0,3.0,32.823663181388056,35.11162755935161,19/05/2011,56,,,,,,,,
1,307.0,3.0,32.823562178136235,35.11160886896304,19/05/2011,56,,,,,,,,
1,308.0,3.0,32.82345016831859,35.11158218067307,19/05/2011,56,,,,,,,,
1,309.0,3.0,32.82333906612433,35.11156350088607,19/05/2011,56,,,,,,,,
1,310.0,3.0,32.82323580475008,35.11153958019732,19/05/2011,56,,,,,,,,
1,311.0,3.0,32.82312335016866,35.11152111549805,19/05/2011,56,,,,,,,,
1,312.0,3.0,32.8230223430883,35.111497299360046,19/05/2011,56,,,,,,,,
1,313.0,3.0,32.82292233055683,35.11147711314227,19/05/2011,56,,,,,,,,
1,314.0,3.0,32.822802570840736,35.11145673395395,19/05/2011,56,,,,,,,,
1,315.0,3.0,32.822686324777465,35.111432399894106,19/05/2011,56,,,,,,,,
1,316.0,3.0,32.822585320212205,35.11141200127612,19/05/2011,56,,,,,,,,
1,317.0,3.0,32.82248620609749,35.11138743589564,19/05/2011,56,,,,,,,,
1,318.0,3.0,32.822375101318,35.111365339253666,19/05/2011,56,,,,,,,,
1,319.0,3.0,32.82226895487806,35.11134195601051,19/05/2011,56,,,,,,,,
1,320.0,3.0,32.82216109490236,35.11131814744859,19/05/2011,56,,,,,,,,
1,321.0,3.0,32.82204710342444,35.11129434534083,19/05/2011,56,,,,,,,,
1,322.0,3.0,32.8219416790335,35.1112719226242,19/05/2011,56,,,,,,,,
1,323.0,3.0,32.82183201820093,35.111251533390984,19/05/2011,56,,,,,,,,
1,324.0,3.0,32.82173939589796,35.111226534456954,19/05/2011,56,,,,,,,,
1,325.0,3.0,32.82162820392963,35.111208496297266,19/05/2011,56,,,,,,,,
1,326.0,3.0,32.82150844287388,35.11118640912907,19/05/2011,56,,,,,,,,
1,327.0,3.0,32.821408070149815,35.11116697150012,19/05/2011,56,,,,,,,,
1,328.0,3.0,32.821301293428505,35.111144870873595,19/05/2011,56,,,,,,,,
1,329.0,3.0,32.821231223549326,35.111133517645506,19/05/2011,56,,,,,,,,
2,1.0,3.0,32.82063089767752,35.11511853086819,27/05/2011,48,,,,,,,,
2,2.0,3.0,32.82073604823657,35.11513722047559,27/05/2011,48,,,,,,,,
2,3.0,3.0,32.82084498916638,35.11516049825321,27/05/2011,48,,,,,,,,
2,4.0,3.0,32.820952126784526,35.11518388467892,27/05/2011,48,,,,,,,,
2,5.0,3.0,32.821058634734776,35.115209407570156,27/05/2011,48,,,,,,,,
2,6.0,2.0,32.82117055434428,35.11523706089818,27/05/2011,48,,,,,,,,
2,7.0,3.0,32.821277056652654,35.11525468151366,27/05/2011,48,,,,,,,,
2,8.0,2.0,32.8213887923369,35.11527731604673,27/05/2011,48,,,,,,,,
2,9.0,3.0,32.82149367235288,35.11529600626785,27/05/2011,48,,,,,,,,
2,10.0,3.0,32.8216089281916,35.115323656507954,27/05/2011,48,,,,,,,,
2,11.0,2.0,32.82172282578816,35.11534329893846,27/05/2011,48,,,,,,,,
2,12.0,2.0,32.82182825075319,35.11536754183923,27/05/2011,48,,,,,,,,
2,13.0,2.0,32.821936382682274,35.11539445184882,27/05/2011,48,,,,,,,,
2,14.0,3.0,32.8220480271741,35.11541569854041,27/05/2011,48,,,,,,,,
2,15.0,3.0,32.822159132163954,35.11543908162931,27/05/2011,48,,,,,,,,
2,16.0,3.0,32.82226879565653,35.11546417486016,27/05/2011,48,,,,,,,,
2,17.0,3.0,32.82237196203903,35.11548233323712,27/05/2011,48,,,,,,,,
2,18.0,2.0,32.82247864690675,35.115503157918646,27/05/2011,48,,,,,,,,
2,19.0,2.0,32.8225777588572,35.1155258056359,27/05/2011,48,,,,,,,,
2,20.0,2.0,32.82269382311579,35.115549184061415,27/05/2011,48,,,,,,,,
2,21.0,2.0,32.82279753382819,35.115572040888445,27/05/2011,48,,,,,,,,
2,22.0,2.0,32.822904218522574,35.115592652193,27/05/2011,48,,,,,,,,
2,23.0,2.0,32.82301234561367,35.115612834946,27/05/2011,48,,,,,,,,
2,24.0,2.0,32.823119751650246,35.115633445630785,27/05/2011,48,,,,,,,,
2,25.0,2.0,32.8232244603104,35.11541089455215,27/05/2011,48,,,,,,,,
2,26.0,1.0,32.82312129066607,35.115388144056105,27/05/2011,48,,,,,,,,
2,27.0,1.0,32.82300468210479,35.1153601742446,27/05/2011,48,,,,,,,,
2,28.0,1.0,32.82289709727935,35.11534180670897,27/05/2011,48,,,,,,,,
2,29.0,1.0,32.822784999588684,35.11531724983913,27/05/2011,48,,,,,,,,
2,30.0,1.0,32.822673803886,35.11529311929377,27/05/2011,48,,,,,,,,
2,31.0,1.0,32.82255593361317,35.115266112122775,27/05/2011,48,,,,,,,,
2,32.0,1.0,32.82244726711811,35.11524827982558,27/05/2011,48,,,,,,,,
2,33.0,1.0,32.82233354476064,35.115221482217684,27/05/2011,48,,,,,,,,
2,34.0,1.0,32.82222180915898,35.11519895430816,27/05/2011,48,,,,,,,,
2,35.0,1.0,32.82210096700853,35.11517718309127,27/05/2011,48,,,,,,,,
2,36.0,1.0,32.82198156260801,35.11514846913721,27/05/2011,48,,,,,,,,
2,37.0,1.0,32.82187037241892,35.115132134680614,27/05/2011,48,,,,,,,,
2,38.0,1.0,32.82176774105093,35.11510564666432,27/05/2011,48,,,,,,,,
2,39.0,1.0,32.82165663431636,35.115079914719516,27/05/2011,48,,,,,,,,
2,40.0,1.0,32.82155427717608,35.115058659242486,27/05/2011,48,,,,,,,,
2,41.0,1.0,32.821431268567714,35.115033580072165,27/05/2011,48,,,,,,,,
2,42.0,1.0,32.82132341133115,35.11501265057826,27/05/2011,48,,,,,,,,
2,43.0,1.0,32.82120869605239,35.114984466339806,27/05/2011,48,,,,,,,,
2,44.0,1.0,32.82109470867984,35.11496546530316,27/05/2011,48,,,,,,,,
2,45.0,2.0,32.820986940221744,35.114942613679744,27/05/2011,48,,,,,,,,
2,46.0,2.0,32.82087728271064,35.11492606454442,27/05/2011,48,,,,,,,,
2,47.0,2.0,32.82077546501964,35.11490267311273,27/05/2011,48,,,,,,,,
2,48.0,2.0,32.82067428102647,35.11488280512088,27/05/2011,48,,,,,,,,
2,49.0,2.0,32.82070024023775,35.11461772980622,27/05/2011,48,,,,,,,,
2,50.0,1.0,32.82081631985761,35.11466225071742,27/05/2011,48,,,,,,,,
2,51.0,1.0,32.820927152127965,35.11468232236881,27/05/2011,48,,,,,,,,
2,52.0,1.0,32.82103609114864,35.11470282312852,27/05/2011,48,,,,,,,,
2,53.0,1.0,32.82114503008761,35.11472321714891,27/05/2011,48,,,,,,,,
2,54.0,1.0,32.82124495188425,35.11474329990979,27/05/2011,48,,,,,,,,
2,55.0,1.0,32.82135371016914,35.11476326705065,27/05/2011,48,,,,,,,,
2,56.0,1.0,32.82146184055295,35.114787826818876,27/05/2011,48,,,,,,,,
2,57.0,1.0,32.82158052216384,35.11481440505756,27/05/2011,48,,,,,,,,
2,58.0,1.0,32.8216946926392,35.11483725025142,27/05/2011,48,,,,,,,,
2,59.0,1.0,32.821804266089956,35.114862342703795,27/05/2011,48,,,,,,,,
2,60.0,1.0,32.82192123049552,35.114883369782234,27/05/2011,48,,,,,,,,
2,61.0,1.0,32.82203098228633,35.11490568563072,27/05/2011,48,,,,,,,,
2,62.0,1.0,32.822145062873446,35.114928958306635,27/05/2011,48,,,,,,,,
2,63.0,1.0,32.82222704105445,35.11494916629635,27/05/2011,48,,,,,,,,
2,64.0,1.0,32.82234013152516,35.114974896253216,27/05/2011,48,,,,,,,,
2,65.0,1.0,32.82244762868478,35.11499668062308,27/05/2011,48,,,,,,,,
2,66.0,1.0,32.82255620962142,35.115020920148226,27/05/2011,48,,,,,,,,
2,67.0,1.0,32.82267065268384,35.11504675572654,27/05/2011,48,,,,,,,,
2,68.0,1.0,32.822783649528326,35.11506768042864,27/05/2011,48,,,,,,,,
2,69.0,1.0,32.82288916416446,35.11509117566065,27/05/2011,48,,,,,,,,
2,70.0,1.0,32.82299792594687,35.11511616277781,27/05/2011,48,,,,,,,,
2,71.0,2.0,32.8231072269853,35.11513869321239,27/05/2011,48,,,,,,,,
2,72.0,2.0,32.823213366847575,35.115153858242905,27/05/2011,48,,,,,,,,
2,73.0,3.0,32.82329182515356,35.114916915809395,27/05/2011,48,,,,,,,,
2,74.0,3.0,32.823182253418935,35.114894172288835,27/05/2011,48,,,,,,,,
2,75.0,2.0,32.82307331408386,35.114873136852175,27/05/2011,48,,,,,,,,
2,76.0,2.0,32.822957161753926,35.11485285624357,27/05/2011,48,,,,,,,,
2,77.0,2.0,32.82284587541456,35.1148281923661,27/05/2011,48,,,,,,,,
2,78.0,2.0,32.82272340627089,35.114800976793106,27/05/2011,48,,,,,,,,
2,79.0,2.0,32.82261365623205,35.11478111709083,27/05/2011,48,,,,,,,,
2,80.0,2.0,32.82248667716769,35.114751877159115,27/05/2011,48,,,,,,,,
2,81.0,2.0,32.82236736315285,35.11472359072286,27/05/2011,48,,,,,,,,
2,82.0,2.0,32.82224065763868,35.11469862229512,27/05/2011,48,,,,,,,,
2,83.0,1.0,32.822126575403466,35.11467310729453,27/05/2011,48,,,,,,,,
2,84.0,1.0,32.82200726519287,35.11465016058032,27/05/2011,48,,,,,,,,
2,85.0,1.0,32.82189002687317,35.11462443530256,27/05/2011,48,,,,,,,,
2,86.0,1.0,32.821772969343904,35.11459935064933,27/05/2011,48,,,,,,,,
2,87.0,2.0,32.82166168301127,35.11457479420135,27/05/2011,48,,,,,,,,
2,88.0,2.0,32.821544450112114,35.114556651177125,27/05/2011,48,,,,,,,,
2,89.0,2.0,32.82143668204781,35.11453444067002,27/05/2011,48,,,,,,,,
2,90.0,2.0,32.82132458586212,35.11451223457556,27/05/2011,48,,,,,,,,
2,91.0,2.0,32.821211045124485,35.11448746705108,27/05/2011,48,,,,,,,,
2,92.0,2.0,32.82109344577397,35.11446131542158,27/05/2011,48,,,,,,,,
2,93.0,2.0,32.82096385569334,35.11443763209276,27/05/2011,48,,,,,,,,
2,94.0,2.0,32.82085933445303,35.11441648648623,27/05/2011,48,,,,,,,,
2,95.0,3.0,32.82075732272633,35.11412377484534,27/05/2011,48,,,,,,,,
2,96.0,3.0,32.820854723816446,35.11414930562548,27/05/2011,48,,,,,,,,
2,97.0,3.0,32.82097845026877,35.11416925682292,27/05/2011,48,,,,,,,,
2,98.0,2.0,32.82108955458375,35.11419135661504,27/05/2011,48,,,,,,,,
2,99.0,2.0,32.82119741380636,35.11421484800053,27/05/2011,48,,,,,,,,
2,100.0,2.0,32.82130879015517,35.114239083414425,27/05/2011,48,,,,,,,,
2,101.0,2.0,32.82142999092772,35.114257755913805,27/05/2011,48,,,,,,,,
2,102.0,2.0,32.82155246082786,35.114285824667334,27/05/2011,48,,,,,,,,
2,103.0,2.0,32.82166176173114,35.11430792656549,27/05/2011,48,,,,,,,,
2,104.0,2.0,32.82177863928938,35.11433343814668,27/05/2011,48,,,,,,,,
2,105.0,2.0,32.821898405937574,35.11436407280041,27/05/2011,48,,,,,,,,
2,106.0,2.0,32.822011763200564,35.11438446214507,27/05/2011,48,,,,,,,,
2,107.0,2.0,32.82213152983209,35.114415096946544,27/05/2011,48,,,,,,,,
2,108.0,2.0,32.822242178403435,35.114430469988854,27/05/2011,48,,,,,,,,
2,109.0,2.0,32.82235725461699,35.114458867055525,27/05/2011,48,,,,,,,,
2,110.0,2.0,32.822464030742715,35.11448097190647,27/05/2011,48,,,,,,,,
2,111.0,2.0,32.82256990747302,35.11450628144078,27/05/2011,48,,,,,,,,
2,112.0,2.0,32.82268633044919,35.11452666802992,27/05/2011,48,,,,,,,,
2,113.0,2.0,32.822803209171134,35.11455388884366,27/05/2011,48,,,,,,,,
2,114.0,3.0,32.82291720002324,35.114577695315276,27/05/2011,48,,,,,,,,
2,115.0,3.0,32.823024151553575,35.11459296562134,27/05/2011,48,,,,,,,,
2,116.0,3.0,32.8231309313215,35.114620196784124,27/05/2011,48,,,,,,,,
2,117.0,3.0,32.82323040424927,35.11464305690452,27/05/2011,48,,,,,,,,
2,118.0,3.0,32.82335521131822,35.114410018531736,27/05/2011,48,,,,,,,,
2,119.0,3.0,32.82324987544226,35.114384494762426,27/05/2011,48,,,,,,,,
2,120.0,3.0,32.82313236773637,35.11436037162387,27/05/2011,48,,,,,,,,
2,121.0,2.0,32.8230318169533,35.11434338645704,27/05/2011,48,,,,,,,,
2,122.0,2.0,32.82293802638618,35.11432297718426,27/05/2011,48,,,,,,,,
2,123.0,2.0,32.822824036716476,35.114300879689424,27/05/2011,48,,,,,,,,
2,124.0,2.0,32.82272014389913,35.11427588869695,27/05/2011,48,,,,,,,,
2,125.0,2.0,32.82260597434067,35.114254432242454,27/05/2011,48,,,,,,,,
2,126.0,2.0,32.82250785563821,35.114234027532476,27/05/2011,48,,,,,,,,
2,127.0,3.0,32.8224194707266,35.11420741917274,27/05/2011,48,,,,,,,,
2,128.0,3.0,32.822299712670485,35.114188745079666,27/05/2011,48,,,,,,,,
2,129.0,2.0,32.82218527088901,35.114164939723615,27/05/2011,48,,,,,,,,
2,130.0,2.0,32.82207993740854,35.11414283385998,27/05/2011,48,,,,,,,,
2,131.0,2.0,32.82197478349041,35.114119659965446,27/05/2011,48,,,,,,,,
2,132.0,2.0,32.82186259522346,35.11409489139352,27/05/2011,48,,,,,,,,
2,133.0,2.0,32.82175148967208,35.11407108289621,27/05/2011,48,,,,,,,,
2,134.0,2.0,32.82164778059883,35.11405089781996,27/05/2011,48,,,,,,,,
2,135.0,2.0,32.821550024992234,35.114033910449876,27/05/2011,48,,,,,,,,
2,136.0,2.0,32.821447576888815,35.114011801974016,27/05/2011,48,,,,,,,,
2,137.0,2.0,32.82134801665839,35.11399310788262,27/05/2011,48,,,,,,,,
2,138.0,2.0,32.82124114740546,35.1139670527812,27/05/2011,48,,,,,,,,
2,139.0,3.0,32.82113031525891,35.11394730231568,27/05/2011,48,,,,,,,,
2,140.0,3.0,32.821022095077645,35.113923491270036,27/05/2011,48,,,,,,,,
2,141.0,3.0,32.82091378726877,35.113903204402504,27/05/2011,48,,,,,,,,
2,142.0,3.0,32.82081278060214,35.113879386150934,27/05/2011,48,,,,,,,,
2,143.0,3.0,32.82081821212172,35.11365982301616,27/05/2011,48,,,,,,,,
2,144.0,3.0,32.82092787382299,35.11368192360123,27/05/2011,48,,,,,,,,
2,145.0,3.0,32.821055298594814,35.11370368582146,27/05/2011,48,,,,,,,,
2,146.0,3.0,32.82116595214422,35.1137257855107,27/05/2011,48,,,,,,,,
2,147.0,3.0,32.82128138341146,35.113746171772796,27/05/2011,48,,,,,,,,
2,148.0,3.0,32.821393930500115,35.11376826964701,27/05/2011,48,,,,,,,,
2,149.0,3.0,32.82150341067496,35.113788768847236,27/05/2011,48,,,,,,,,
2,150.0,3.0,32.82162028463111,35.113809153802315,27/05/2011,48,,,,,,,,
2,151.0,3.0,32.821735364162905,35.113841928251325,27/05/2011,48,,,,,,,,
2,152.0,3.0,32.821840246856205,35.113864034132746,27/05/2011,48,,,,,,,,
2,153.0,3.0,32.82196145014477,35.11388612351269,27/05/2011,48,,,,,,,,
2,154.0,3.0,32.82208409736741,35.11390992013195,27/05/2011,48,,,,,,,,
2,155.0,3.0,32.82220007423367,35.11393671370881,27/05/2011,48,,,,,,,,
2,156.0,3.0,32.82231550791743,35.11396051777082,27/05/2011,48,,,,,,,,
2,157.0,3.0,32.82243563100278,35.1139851714682,27/05/2011,48,,,,,,,,
2,158.0,3.0,32.822544123198114,35.11401111850186,27/05/2011,48,,,,,,,,
2,159.0,3.0,32.82265811168974,35.11403150690442,27/05/2011,48,,,,,,,,
2,160.0,3.0,32.82276741693478,35.11405958905653,27/05/2011,48,,,,,,,,
2,161.0,3.0,32.82287707606722,35.11407827329404,27/05/2011,48,,,,,,,,
2,162.0,3.0,32.82298727890574,35.1141006947233,27/05/2011,48,,,,,,,,
2,163.0,3.0,32.82308422557876,35.11412131416354,27/05/2011,48,,,,,,,,
2,164.0,3.0,32.8231823442906,35.114141718879786,27/05/2011,48,,,,,,,,
2,165.0,3.0,32.823282630442094,35.1141668202827,27/05/2011,48,,,,,,,,
2,166.0,3.0,32.82338363332153,35.11418551350933,27/05/2011,48,,,,,,,,
2,167.0,3.0,32.823431126995416,35.113900438034186,27/05/2011,48,,,,,,,,
2,168.0,3.0,32.823319656819564,35.11387118335751,27/05/2011,48,,,,,,,,
2,169.0,3.0,32.82320999642825,35.113850790619026,27/05/2011,48,,,,,,,,
2,170.0,3.0,32.823103308596785,35.11382623004635,27/05/2011,48,,,,,,,,
2,171.0,3.0,32.82299121363017,35.11380583988344,27/05/2011,48,,,,,,,,
2,172.0,3.0,32.82288732033116,35.11378031546552,27/05/2011,48,,,,,,,,
2,173.0,3.0,32.82276611827899,35.11375993465896,27/05/2011,48,,,,,,,,
2,174.0,3.0,32.822650412047395,35.113733354450666,27/05/2011,48,,,,,,,,
2,175.0,3.0,32.82252352515459,35.11370721283667,27/05/2011,48,,,,,,,,
2,176.0,3.0,32.82241530495164,35.11368340171475,27/05/2011,48,,,,,,,,
2,177.0,3.0,32.82230591734412,35.11366621284879,27/05/2011,48,,,,,,,,
2,178.0,3.0,32.82219697639675,35.11364325689,27/05/2011,48,,,,,,,,
2,179.0,3.0,32.82208009870705,35.11361774609471,27/05/2011,48,,,,,,,,
2,180.0,3.0,32.82197702214478,35.11359948305046,27/05/2011,48,,,,,,,,
2,181.0,3.0,32.82187357963309,35.1135739587011,27/05/2011,48,,,,,,,,
2,182.0,3.0,32.82175814586875,35.11355015525567,27/05/2011,48,,,,,,,,
2,183.0,3.0,32.82164415604339,35.1135280590366,27/05/2011,48,,,,,,,,
2,184.0,3.0,32.82152727700216,35.11350073312697,27/05/2011,48,,,,,,,,
2,185.0,3.0,32.82141743695807,35.11348140932523,27/05/2011,48,,,,,,,,
2,186.0,3.0,32.821306333766344,35.113461018964735,27/05/2011,48,,,,,,,,
2,187.0,3.0,32.821194595583435,35.11343539663209,27/05/2011,48,,,,,,,,
2,188.0,3.0,32.82108367380527,35.11341650124077,27/05/2011,48,,,,,,,,
2,189.0,3.0,32.82096534961756,35.11338586666473,27/05/2011,48,,,,,,,,
2,190.0,3.0,32.82088527000216,35.113372920096346,27/05/2011,48,,,,,,,,
2,191.0,3.0,32.8209409921021,35.11299835467883,27/05/2011,48,,,,,,,,
2,192.0,3.0,32.821050658905634,35.113027288972226,27/05/2011,48,,,,,,,,
2,193.0,3.0,32.821162573381436,35.113047250748124,27/05/2011,48,,,,,,,,
2,194.0,3.0,32.821281523455234,35.113070515841265,27/05/2011,48,,,,,,,,
2,195.0,3.0,32.821401291664905,35.113102857260145,27/05/2011,48,,,,,,,,
2,196.0,3.0,32.82151825745945,35.113125376991285,27/05/2011,48,,,,,,,,
2,197.0,3.0,32.82162475982125,35.113142674785074,27/05/2011,48,,,,,,,,
2,198.0,3.0,32.82173875220478,35.11316818777906,27/05/2011,48,,,,,,,,
2,199.0,3.0,32.82186059100161,35.113196042198226,27/05/2011,48,,,,,,,,
2,200.0,3.0,32.821968357970945,35.113216435762524,27/05/2011,48,,,,,,,,
2,201.0,3.0,32.82207513556422,35.11324024767383,27/05/2011,48,,,,,,,,
2,202.0,3.0,32.822192012086035,35.11326404932851,27/05/2011,48,,,,,,,,
2,203.0,3.0,32.82230157915513,35.113279956010636,27/05/2011,48,,,,,,,,
2,204.0,3.0,32.82241268733262,35.113307180965585,27/05/2011,48,,,,,,,,
2,205.0,3.0,32.82253235760022,35.11332895092103,27/05/2011,48,,,,,,,,
2,206.0,3.0,32.822644908468035,35.113356174534815,27/05/2011,48,,,,,,,,
2,207.0,3.0,32.822757184239336,35.113377097825655,27/05/2011,48,,,,,,,,
2,208.0,3.0,32.822861709193354,35.113403155049006,27/05/2011,48,,,,,,,,
2,209.0,3.0,32.822987240657156,35.11342523963993,27/05/2011,48,,,,,,,,
2,210.0,3.0,32.82309293476896,35.11344713092807,27/05/2011,48,,,,,,,,
2,211.0,3.0,32.82320440054753,35.11347019109402,27/05/2011,48,,,,,,,,
2,212.0,3.0,32.82331550618671,35.1134939992261,27/05/2011,48,,,,,,,,
2,213.0,3.0,32.82342543683054,35.11351396410728,27/05/2011,48,,,,,,,,
2,214.0,3.0,32.823547989829336,35.11316025099713,27/05/2011,48,,,,,,,,
2,215.0,3.0,32.823438236978525,35.11313686900328,27/05/2011,48,,,,,,,,
2,216.0,3.0,32.82332569106181,35.113116480092145,27/05/2011,48,,,,,,,,
2,217.0,3.0,32.82320764225747,35.113092572740044,27/05/2011,48,,,,,,,,
2,218.0,3.0,32.82309699237287,35.11307559932286,27/05/2011,48,,,,,,,,
2,219.0,3.0,32.82298011333823,35.113048380357164,27/05/2011,48,,,,,,,,
2,220.0,3.0,32.82285998696245,35.11301945612886,27/05/2011,48,,,,,,,,
2,221.0,3.0,32.82275321183601,35.11299906158555,27/05/2011,48,,,,,,,,
2,222.0,3.0,32.82263110702951,35.11297740130434,27/05/2011,48,,,,,,,,
2,223.0,3.0,32.822534427081884,35.112951870561155,27/05/2011,48,,,,,,,,
2,224.0,3.0,32.82242936538534,35.112931794787904,27/05/2011,48,,,,,,,,
2,225.0,3.0,32.822307077725306,35.11290671756741,27/05/2011,48,,,,,,,,
2,226.0,3.0,32.82219885362044,35.11287778153922,27/05/2011,48,,,,,,,,
2,227.0,3.0,32.82208360249039,35.1128572892188,27/05/2011,48,,,,,,,,
2,228.0,3.0,32.8219632997002,35.112833812011246,27/05/2011,48,,,,,,,,
2,229.0,3.0,32.82184209497835,35.11281001542237,27/05/2011,48,,,,,,,,
2,230.0,3.0,32.82172801681031,35.1127905899643,27/05/2011,48,,,,,,,,
2,231.0,3.0,32.8216159204025,35.112768492778756,27/05/2011,48,,,,,,,,
2,232.0,3.0,32.82151058792008,35.11274809733471,27/05/2011,48,,,,,,,,
2,233.0,3.0,32.82139948210947,35.11272429060735,27/05/2011,48,,,,,,,,
2,234.0,3.0,32.82127431038661,35.11270113912738,27/05/2011,48,,,,,,,,
2,235.0,3.0,32.821154725618364,35.11267317645907,27/05/2011,48,,,,,,,,
2,236.0,3.0,32.82104650394557,35.112647658329706,27/05/2011,48,,,,,,,,
2,237.0,3.0,32.82107283205492,35.11227760726808,27/05/2011,48,,,,,,,,
2,238.0,3.0,32.821187098665256,35.11230792423056,27/05/2011,48,,,,,,,,
2,239.0,3.0,32.82130397160811,35.11232659854714,27/05/2011,48,,,,,,,,
2,240.0,3.0,32.82141489605754,35.11234890988904,27/05/2011,48,,,,,,,,
2,241.0,3.0,32.82152843399088,35.11236929637864,27/05/2011,48,,,,,,,,
2,242.0,3.0,32.821651082762294,35.11239479943317,27/05/2011,48,,,,,,,,
2,243.0,3.0,32.82177373152624,35.11242030255737,27/05/2011,48,,,,,,,,
2,244.0,3.0,32.821893137098975,35.11244976032345,27/05/2011,48,,,,,,,,
2,245.0,3.0,32.822014343142264,35.1124752650776,27/05/2011,48,,,,,,,,
2,246.0,3.0,32.822133200235115,35.11249457848211,27/05/2011,48,,,,,,,,
2,247.0,3.0,32.822259543941456,35.112517408314076,27/05/2011,48,,,,,,,,
2,248.0,3.0,32.8223793110208,35.11254804069326,27/05/2011,48,,,,,,,,
2,249.0,3.0,32.82250529787514,35.112576103776725,27/05/2011,48,,,,,,,,
2,250.0,3.0,32.822619916919734,35.11259531498907,27/05/2011,48,,,,,,,,
2,251.0,3.0,32.82273535335355,35.112622534736275,27/05/2011,48,,,,,,,,
2,252.0,3.0,32.82284789763774,35.11264057348765,27/05/2011,48,,,,,,,,
2,253.0,3.0,32.82296505008698,35.11267163608486,27/05/2011,48,,,,,,,,
2,254.0,3.0,32.823084810857004,35.112693725602185,27/05/2011,48,,,,,,,,
2,255.0,3.0,32.823202500705264,35.11271987538611,27/05/2011,48,,,,,,,,
2,256.0,3.0,32.82331738959714,35.11273823232005,27/05/2011,48,,,,,,,,
2,257.0,3.0,32.823438601809585,35.11277228121084,27/05/2011,48,,,,,,,,
2,258.0,3.0,32.82355006082712,35.11278594293328,27/05/2011,48,,,,,,,,
2,259.0,3.0,32.823657995277394,35.11241985551163,27/05/2011,48,,,,,,,,
2,260.0,3.0,32.82354662325218,35.11240192246093,27/05/2011,48,,,,,,,,
2,261.0,3.0,32.82343551992398,35.112381532964825,27/05/2011,48,,,,,,,,
2,262.0,3.0,32.823315216050254,35.112356667756494,27/05/2011,48,,,,,,,,
2,263.0,3.0,32.82320970546922,35.11233936955511,27/05/2011,48,,,,,,,,
2,264.0,3.0,32.823082723574,35.1123070359563,27/05/2011,48,,,,,,,,
2,265.0,3.0,32.82297649092274,35.11228877748147,27/05/2011,48,,,,,,,,
2,266.0,3.0,32.822862953002165,35.11226839076821,27/05/2011,48,,,,,,,,
2,267.0,3.0,32.82274607253165,35.11223946427542,27/05/2011,48,,,,,,,,
2,268.0,3.0,32.82263352394202,35.112215659346106,27/05/2011,48,,,,,,,,
2,269.0,3.0,32.82251060779279,35.11219442816683,27/05/2011,48,,,,,,,,
2,270.0,3.0,32.82239526103848,35.11216667499554,27/05/2011,48,,,,,,,,
2,271.0,3.0,32.82227838809218,35.112148000663694,27/05/2011,48,,,,,,,,
2,272.0,3.0,32.82217187883591,35.11212151996968,27/05/2011,48,,,,,,,,
2,273.0,3.0,32.82206068369487,35.11209899542313,27/05/2011,48,,,,,,,,
2,274.0,3.0,32.82193803613199,35.112075201299376,27/05/2011,48,,,,,,,,
2,275.0,3.0,32.82182188231049,35.1120535363194,27/05/2011,48,,,,,,,,
2,276.0,3.0,32.82171528459155,35.11202940533936,27/05/2011,48,,,,,,,,
2,277.0,3.0,32.82160129450048,35.11200731107363,27/05/2011,48,,,,,,,,
2,278.0,3.0,32.8214827916138,35.111979348113415,27/05/2011,48,,,,,,,,
2,279.0,3.0,32.82137150713401,35.11195799869155,27/05/2011,48,,,,,,,,
2,280.0,3.0,32.82126328658278,35.111934189995225,27/05/2011,48,,,,,,,,
2,281.0,3.0,32.82116092867186,35.11191261785238,27/05/2011,48,,,,,,,,
2,282.0,3.0,32.821156497922345,35.11153042414563,27/05/2011,48,,,,,,,,
2,283.0,3.0,32.821264721085875,35.11155764957774,27/05/2011,48,,,,,,,,
2,284.0,3.0,32.821380418375945,35.11157151862759,27/05/2011,48,,,,,,,,
2,285.0,3.0,32.821500359784395,35.11159371288336,27/05/2011,48,,,,,,,,
2,286.0,3.0,32.821614348682786,35.111614097962494,27/05/2011,48,,,,,,,,
2,287.0,3.0,32.821726806601156,35.11163704764026,27/05/2011,48,,,,,,,,
2,288.0,3.0,32.8218379100786,35.1116574358243,27/05/2011,48,,,,,,,,
2,289.0,3.0,32.821962094155225,35.11168603330542,27/05/2011,48,,,,,,,,
2,290.0,3.0,32.82207202510663,35.11170599566043,27/05/2011,48,,,,,,,,
2,291.0,3.0,32.822190345886426,35.111731502450866,27/05/2011,48,,,,,,,,
2,292.0,3.0,32.8223103764723,35.1117524155416,27/05/2011,48,,,,,,,,
2,293.0,3.0,32.82242346695916,35.11177728714549,27/05/2011,48,,,,,,,,
2,294.0,3.0,32.82254467312779,35.111802791135794,27/05/2011,48,,,,,,,,
2,295.0,3.0,32.82266696123864,35.111828187281695,27/05/2011,48,,,,,,,,
2,296.0,3.0,32.82277563065746,35.11184932597738,27/05/2011,48,,,,,,,,
2,297.0,3.0,32.822880969578655,35.11187826393468,27/05/2011,48,,,,,,,,
2,298.0,3.0,32.82299378455191,35.11189640828707,27/05/2011,48,,,,,,,,
2,299.0,3.0,32.823106334457606,35.111921921570705,27/05/2011,48,,,,,,,,
2,300.0,3.0,32.82322330106172,35.11194529451046,27/05/2011,48,,,,,,,,
2,301.0,3.0,32.823362000132974,35.11197099441981,27/05/2011,48,,,,,,,,
2,302.0,3.0,32.82347166334659,35.1119948022203,27/05/2011,48,,,,,,,,
2,303.0,3.0,32.82358646500672,35.11201700287887,27/05/2011,48,,,,,,,,
2,304.0,3.0,32.82371245297942,35.11204645388511,27/05/2011,48,,,,,,,,
2,305.0,3.0,32.82376698256606,35.11164987781062,27/05/2011,48,,,,,,,,
2,306.0,3.0,32.823663181388056,35.11162755935161,27/05/2011,48,,,,,,,,
2,307.0,3.0,32.823562178136235,35.11160886896304,27/05/2011,48,,,,,,,,
2,308.0,3.0,32.82345016831859,35.11158218067307,27/05/2011,48,,,,,,,,
2,309.0,3.0,32.82333906612433,35.11156350088607,27/05/2011,48,,,,,,,,
2,310.0,3.0,32.82323580475008,35.11153958019732,27/05/2011,48,,,,,,,,
2,311.0,3.0,32.82312335016866,35.11152111549805,27/05/2011,48,,,,,,,,
2,312.0,3.0,32.8230223430883,35.111497299360046,27/05/2011,48,,,,,,,,
2,313.0,3.0,32.82292233055683,35.11147711314227,27/05/2011,48,,,,,,,,
2,314.0,3.0,32.822802570840736,35.11145673395395,27/05/2011,48,,,,,,,,
2,315.0,3.0,32.822686324777465,35.111432399894106,27/05/2011,48,,,,,,,,
2,316.0,3.0,32.822585320212205,35.11141200127612,27/05/2011,48,,,,,,,,
2,317.0,3.0,32.82248620609749,35.11138743589564,27/05/2011,48,,,,,,,,
2,318.0,3.0,32.822375101318,35.111365339253666,27/05/2011,48,,,,,,,,
2,319.0,3.0,32.82226895487806,35.11134195601051,27/05/2011,48,,,,,,,,
2,320.0,3.0,32.82216109490236,35.11131814744859,27/05/2011,48,,,,,,,,
2,321.0,3.0,32.82204710342444,35.11129434534083,27/05/2011,48,,,,,,,,
2,322.0,3.0,32.8219416790335,35.1112719226242,27/05/2011,48,,,,,,,,
2,323.0,3.0,32.82183201820093,35.111251533390984,27/05/2011,48,,,,,,,,
2,324.0,3.0,32.82173939589796,35.111226534456954,27/05/2011,48,,,,,,,,
2,325.0,3.0,32.82162820392963,35.111208496297266,27/05/2011,48,,,,,,,,
2,326.0,3.0,32.82150844287388,35.11118640912907,27/05/2011,48,,,,,,,,
2,327.0,3.0,32.821408070149815,35.11116697150012,27/05/2011,48,,,,,,,,
2,328.0,3.0,32.821301293428505,35.111144870873595,27/05/2011,48,,,,,,,,
2,329.0,3.0,32.821231223549326,35.111133517645506,27/05/2011,48,,,,,,,,
3,1.0,3.0,32.82063089767752,35.11511853086819,31/05/2011,44,,,,,,,,
3,2.0,3.0,32.82073604823657,35.11513722047559,31/05/2011,44,,,,,,,,
3,3.0,3.0,32.82084498916638,35.11516049825321,31/05/2011,44,,,,,,,,
3,4.0,3.0,32.820952126784526,35.11518388467892,31/05/2011,44,,,,,,,,
3,5.0,3.0,32.821058634734776,35.115209407570156,31/05/2011,44,,,,,,,,
3,6.0,2.0,32.82117055434428,35.11523706089818,31/05/2011,44,,,,,,,,
3,7.0,3.0,32.821277056652654,35.11525468151366,31/05/2011,44,,,,,,,,
3,8.0,2.0,32.8213887923369,35.11527731604673,31/05/2011,44,,,,,,,,
3,9.0,3.0,32.82149367235288,35.11529600626785,31/05/2011,44,,,,,,,,
3,10.0,3.0,32.8216089281916,35.115323656507954,31/05/2011,44,,,,,,,,
3,11.0,2.0,32.82172282578816,35.11534329893846,31/05/2011,44,,,,,,,,
3,12.0,2.0,32.82182825075319,35.11536754183923,31/05/2011,44,,,,,,,,
3,13.0,2.0,32.821936382682274,35.11539445184882,31/05/2011,44,,,,,,,,
3,14.0,3.0,32.8220480271741,35.11541569854041,31/05/2011,44,,,,,,,,
3,15.0,3.0,32.822159132163954,35.11543908162931,31/05/2011,44,,,,,,,,
3,16.0,3.0,32.82226879565653,35.11546417486016,31/05/2011,44,,,,,,,,
3,17.0,3.0,32.82237196203903,35.11548233323712,31/05/2011,44,,,,,,,,
3,18.0,2.0,32.82247864690675,35.115503157918646,31/05/2011,44,,,,,,,,
3,19.0,2.0,32.8225777588572,35.1155258056359,31/05/2011,44,,,,,,,,
3,20.0,2.0,32.82269382311579,35.115549184061415,31/05/2011,44,,,,,,,,
3,21.0,2.0,32.82279753382819,35.115572040888445,31/05/2011,44,,,,,,,,
3,22.0,2.0,32.822904218522574,35.115592652193,31/05/2011,44,,,,,,,,
3,23.0,2.0,32.82301234561367,35.115612834946,31/05/2011,44,,,,,,,,
3,24.0,2.0,32.823119751650246,35.115633445630785,31/05/2011,44,,,,,,,,
3,25.0,2.0,32.8232244603104,35.11541089455215,31/05/2011,44,,,,,,,,
3,26.0,1.0,32.82312129066607,35.115388144056105,31/05/2011,44,,,,,,,,
3,27.0,1.0,32.82300468210479,35.1153601742446,31/05/2011,44,,,,,,,,
3,28.0,1.0,32.82289709727935,35.11534180670897,31/05/2011,44,,,,,,,,
3,29.0,1.0,32.822784999588684,35.11531724983913,31/05/2011,44,,,,,,,,
3,30.0,1.0,32.822673803886,35.11529311929377,31/05/2011,44,,,,,,,,
3,31.0,1.0,32.82255593361317,35.115266112122775,31/05/2011,44,,,,,,,,
3,32.0,1.0,32.82244726711811,35.11524827982558,31/05/2011,44,,,,,,,,
3,33.0,1.0,32.82233354476064,35.115221482217684,31/05/2011,44,,,,,,,,
3,34.0,1.0,32.82222180915898,35.11519895430816,31/05/2011,44,,,,,,,,
3,35.0,1.0,32.82210096700853,35.11517718309127,31/05/2011,44,,,,,,,,
3,36.0,1.0,32.82198156260801,35.11514846913721,31/05/2011,44,,,,,,,,
3,37.0,1.0,32.82187037241892,35.115132134680614,31/05/2011,44,,,,,,,,
3,38.0,1.0,32.82176774105093,35.11510564666432,31/05/2011,44,,,,,,,,
3,39.0,1.0,32.82165663431636,35.115079914719516,31/05/2011,44,,,,,,,,
3,40.0,1.0,32.82155427717608,35.115058659242486,31/05/2011,44,,,,,,,,
3,41.0,1.0,32.821431268567714,35.115033580072165,31/05/2011,44,,,,,,,,
3,42.0,1.0,32.82132341133115,35.11501265057826,31/05/2011,44,,,,,,,,
3,43.0,1.0,32.82120869605239,35.114984466339806,31/05/2011,44,,,,,,,,
3,44.0,1.0,32.82109470867984,35.11496546530316,31/05/2011,44,,,,,,,,
3,45.0,2.0,32.820986940221744,35.114942613679744,31/05/2011,44,,,,,,,,
3,46.0,2.0,32.82087728271064,35.11492606454442,31/05/2011,44,,,,,,,,
3,47.0,2.0,32.82077546501964,35.11490267311273,31/05/2011,44,,,,,,,,
3,48.0,2.0,32.82067428102647,35.11488280512088,31/05/2011,44,,,,,,,,
3,49.0,2.0,32.82070024023775,35.11461772980622,31/05/2011,44,,,,,,,,
3,50.0,1.0,32.82081631985761,35.11466225071742,31/05/2011,44,,,,,,,,
3,51.0,1.0,32.820927152127965,35.11468232236881,31/05/2011,44,,,,,,,,
3,52.0,1.0,32.82103609114864,35.11470282312852,31/05/2011,44,,,,,,,,
3,53.0,1.0,32.82114503008761,35.11472321714891,31/05/2011,44,,,,,,,,
3,54.0,1.0,32.82124495188425,35.11474329990979,31/05/2011,44,,,,,,,,
3,55.0,1.0,32.82135371016914,35.11476326705065,31/05/2011,44,,,,,,,,
3,56.0,1.0,32.82146184055295,35.114787826818876,31/05/2011,44,,,,,,,,
3,57.0,1.0,32.82158052216384,35.11481440505756,31/05/2011,44,,,,,,,,
3,58.0,1.0,32.8216946926392,35.11483725025142,31/05/2011,44,,,,,,,,
3,59.0,1.0,32.821804266089956,35.114862342703795,31/05/2011,44,,,,,,,,
3,60.0,1.0,32.82192123049552,35.114883369782234,31/05/2011,44,,,,,,,,
3,61.0,1.0,32.82203098228633,35.11490568563072,31/05/2011,44,,,,,,,,
3,62.0,1.0,32.822145062873446,35.114928958306635,31/05/2011,44,,,,,,,,
3,63.0,1.0,32.82222704105445,35.11494916629635,31/05/2011,44,,,,,,,,
3,64.0,1.0,32.82234013152516,35.114974896253216,31/05/2011,44,,,,,,,,
3,65.0,1.0,32.82244762868478,35.11499668062308,31/05/2011,44,,,,,,,,
3,66.0,1.0,32.82255620962142,35.115020920148226,31/05/2011,44,,,,,,,,
3,67.0,1.0,32.82267065268384,35.11504675572654,31/05/2011,44,,,,,,,,
3,68.0,1.0,32.822783649528326,35.11506768042864,31/05/2011,44,,,,,,,,
3,69.0,1.0,32.82288916416446,35.11509117566065,31/05/2011,44,,,,,,,,
3,70.0,1.0,32.82299792594687,35.11511616277781,31/05/2011,44,,,,,,,,
3,71.0,2.0,32.8231072269853,35.11513869321239,31/05/2011,44,,,,,,,,
3,72.0,2.0,32.823213366847575,35.115153858242905,31/05/2011,44,,,,,,,,
3,73.0,3.0,32.82329182515356,35.114916915809395,31/05/2011,44,,,,,,,,
3,74.0,3.0,32.823182253418935,35.114894172288835,31/05/2011,44,,,,,,,,
3,75.0,2.0,32.82307331408386,35.114873136852175,31/05/2011,44,,,,,,,,
3,76.0,2.0,32.822957161753926,35.11485285624357,31/05/2011,44,,,,,,,,
3,77.0,2.0,32.82284587541456,35.1148281923661,31/05/2011,44,,,,,,,,
3,78.0,2.0,32.82272340627089,35.114800976793106,31/05/2011,44,,,,,,,,
3,79.0,2.0,32.82261365623205,35.11478111709083,31/05/2011,44,,,,,,,,
3,80.0,2.0,32.82248667716769,35.114751877159115,31/05/2011,44,,,,,,,,
3,81.0,2.0,32.82236736315285,35.11472359072286,31/05/2011,44,,,,,,,,
3,82.0,2.0,32.82224065763868,35.11469862229512,31/05/2011,44,,,,,,,,
3,83.0,1.0,32.822126575403466,35.11467310729453,31/05/2011,44,,,,,,,,
3,84.0,1.0,32.82200726519287,35.11465016058032,31/05/2011,44,,,,,,,,
3,85.0,1.0,32.82189002687317,35.11462443530256,31/05/2011,44,,,,,,,,
3,86.0,1.0,32.821772969343904,35.11459935064933,31/05/2011,44,,,,,,,,
3,87.0,2.0,32.82166168301127,35.11457479420135,31/05/2011,44,,,,,,,,
3,88.0,2.0,32.821544450112114,35.114556651177125,31/05/2011,44,,,,,,,,
3,89.0,2.0,32.82143668204781,35.11453444067002,31/05/2011,44,,,,,,,,
3,90.0,2.0,32.82132458586212,35.11451223457556,31/05/2011,44,,,,,,,,
3,91.0,2.0,32.821211045124485,35.11448746705108,31/05/2011,44,,,,,,,,
3,92.0,2.0,32.82109344577397,35.11446131542158,31/05/2011,44,,,,,,,,
3,93.0,2.0,32.82096385569334,35.11443763209276,31/05/2011,44,,,,,,,,
3,94.0,2.0,32.82085933445303,35.11441648648623,31/05/2011,44,,,,,,,,
3,95.0,3.0,32.82075732272633,35.11412377484534,31/05/2011,44,,,,,,,,
3,96.0,3.0,32.820854723816446,35.11414930562548,31/05/2011,44,,,,,,,,
3,97.0,3.0,32.82097845026877,35.11416925682292,31/05/2011,44,,,,,,,,
3,98.0,2.0,32.82108955458375,35.11419135661504,31/05/2011,44,,,,,,,,
3,99.0,2.0,32.82119741380636,35.11421484800053,31/05/2011,44,,,,,,,,
3,100.0,2.0,32.82130879015517,35.114239083414425,31/05/2011,44,,,,,,,,
3,101.0,2.0,32.82142999092772,35.114257755913805,31/05/2011,44,,,,,,,,
3,102.0,2.0,32.82155246082786,35.114285824667334,31/05/2011,44,,,,,,,,
3,103.0,2.0,32.82166176173114,35.11430792656549,31/05/2011,44,,,,,,,,
3,104.0,2.0,32.82177863928938,35.11433343814668,31/05/2011,44,,,,,,,,
3,105.0,2.0,32.821898405937574,35.11436407280041,31/05/2011,44,,,,,,,,
3,106.0,2.0,32.822011763200564,35.11438446214507,31/05/2011,44,,,,,,,,
3,107.0,2.0,32.82213152983209,35.114415096946544,31/05/2011,44,,,,,,,,
3,108.0,2.0,32.822242178403435,35.114430469988854,31/05/2011,44,,,,,,,,
3,109.0,2.0,32.82235725461699,35.114458867055525,31/05/2011,44,,,,,,,,
3,110.0,2.0,32.822464030742715,35.11448097190647,31/05/2011,44,,,,,,,,
3,111.0,2.0,32.82256990747302,35.11450628144078,31/05/2011,44,,,,,,,,
3,112.0,2.0,32.82268633044919,35.11452666802992,31/05/2011,44,,,,,,,,
3,113.0,2.0,32.822803209171134,35.11455388884366,31/05/2011,44,,,,,,,,
3,114.0,3.0,32.82291720002324,35.114577695315276,31/05/2011,44,,,,,,,,
3,115.0,3.0,32.823024151553575,35.11459296562134,31/05/2011,44,,,,,,,,
3,116.0,3.0,32.8231309313215,35.114620196784124,31/05/2011,44,,,,,,,,
3,117.0,3.0,32.82323040424927,35.11464305690452,31/05/2011,44,,,,,,,,
3,118.0,3.0,32.82335521131822,35.114410018531736,31/05/2011,44,,,,,,,,
3,119.0,3.0,32.82324987544226,35.114384494762426,31/05/2011,44,,,,,,,,
3,120.0,3.0,32.82313236773637,35.11436037162387,31/05/2011,44,,,,,,,,
3,121.0,2.0,32.8230318169533,35.11434338645704,31/05/2011,44,,,,,,,,
3,122.0,2.0,32.82293802638618,35.11432297718426,31/05/2011,44,,,,,,,,
3,123.0,2.0,32.822824036716476,35.114300879689424,31/05/2011,44,,,,,,,,
3,124.0,2.0,32.82272014389913,35.11427588869695,31/05/2011,44,,,,,,,,
3,125.0,2.0,32.82260597434067,35.114254432242454,31/05/2011,44,,,,,,,,
3,126.0,2.0,32.82250785563821,35.114234027532476,31/05/2011,44,,,,,,,,
3,127.0,3.0,32.8224194707266,35.11420741917274,31/05/2011,44,,,,,,,,
3,128.0,3.0,32.822299712670485,35.114188745079666,31/05/2011,44,,,,,,,,
3,129.0,2.0,32.82218527088901,35.114164939723615,31/05/2011,44,,,,,,,,
3,130.0,2.0,32.82207993740854,35.11414283385998,31/05/2011,44,,,,,,,,
3,131.0,2.0,32.82197478349041,35.114119659965446,31/05/2011,44,,,,,,,,
3,132.0,2.0,32.82186259522346,35.11409489139352,31/05/2011,44,,,,,,,,
3,133.0,2.0,32.82175148967208,35.11407108289621,31/05/2011,44,,,,,,,,
3,134.0,2.0,32.82164778059883,35.11405089781996,31/05/2011,44,,,,,,,,
3,135.0,2.0,32.821550024992234,35.114033910449876,31/05/2011,44,,,,,,,,
3,136.0,2.0,32.821447576888815,35.114011801974016,31/05/2011,44,,,,,,,,
3,137.0,2.0,32.82134801665839,35.11399310788262,31/05/2011,44,,,,,,,,
3,138.0,2.0,32.82124114740546,35.1139670527812,31/05/2011,44,,,,,,,,
3,139.0,3.0,32.82113031525891,35.11394730231568,31/05/2011,44,,,,,,,,
3,140.0,3.0,32.821022095077645,35.113923491270036,31/05/2011,44,,,,,,,,
3,141.0,3.0,32.82091378726877,35.113903204402504,31/05/2011,44,,,,,,,,
3,142.0,3.0,32.82081278060214,35.113879386150934,31/05/2011,44,,,,,,,,
3,143.0,3.0,32.82081821212172,35.11365982301616,31/05/2011,44,,,,,,,,
3,144.0,3.0,32.82092787382299,35.11368192360123,31/05/2011,44,,,,,,,,
3,145.0,3.0,32.821055298594814,35.11370368582146,31/05/2011,44,,,,,,,,
3,146.0,3.0,32.82116595214422,35.1137257855107,31/05/2011,44,,,,,,,,
3,147.0,3.0,32.82128138341146,35.113746171772796,31/05/2011,44,,,,,,,,
3,148.0,3.0,32.821393930500115,35.11376826964701,31/05/2011,44,,,,,,,,
3,149.0,3.0,32.82150341067496,35.113788768847236,31/05/2011,44,,,,,,,,
3,150.0,3.0,32.82162028463111,35.113809153802315,31/05/2011,44,,,,,,,,
3,151.0,3.0,32.821735364162905,35.113841928251325,31/05/2011,44,,,,,,,,
3,152.0,3.0,32.821840246856205,35.113864034132746,31/05/2011,44,,,,,,,,
3,153.0,3.0,32.82196145014477,35.11388612351269,31/05/2011,44,,,,,,,,
3,154.0,3.0,32.82208409736741,35.11390992013195,31/05/2011,44,,,,,,,,
3,155.0,3.0,32.82220007423367,35.11393671370881,31/05/2011,44,,,,,,,,
3,156.0,3.0,32.82231550791743,35.11396051777082,31/05/2011,44,,,,,,,,
3,157.0,3.0,32.82243563100278,35.1139851714682,31/05/2011,44,,,,,,,,
3,158.0,3.0,32.822544123198114,35.11401111850186,31/05/2011,44,,,,,,,,
3,159.0,3.0,32.82265811168974,35.11403150690442,31/05/2011,44,,,,,,,,
3,160.0,3.0,32.82276741693478,35.11405958905653,31/05/2011,44,,,,,,,,
3,161.0,3.0,32.82287707606722,35.11407827329404,31/05/2011,44,,,,,,,,
3,162.0,3.0,32.82298727890574,35.1141006947233,31/05/2011,44,,,,,,,,
3,163.0,3.0,32.82308422557876,35.11412131416354,31/05/2011,44,,,,,,,,
3,164.0,3.0,32.8231823442906,35.114141718879786,31/05/2011,44,,,,,,,,
3,165.0,3.0,32.823282630442094,35.1141668202827,31/05/2011,44,,,,,,,,
3,166.0,3.0,32.82338363332153,35.11418551350933,31/05/2011,44,,,,,,,,
3,167.0,3.0,32.823431126995416,35.113900438034186,31/05/2011,44,,,,,,,,
3,168.0,3.0,32.823319656819564,35.11387118335751,31/05/2011,44,,,,,,,,
3,169.0,3.0,32.82320999642825,35.113850790619026,31/05/2011,44,,,,,,,,
3,170.0,3.0,32.823103308596785,35.11382623004635,31/05/2011,44,,,,,,,,
3,171.0,3.0,32.82299121363017,35.11380583988344,31/05/2011,44,,,,,,,,
3,172.0,3.0,32.82288732033116,35.11378031546552,31/05/2011,44,,,,,,,,
3,173.0,3.0,32.82276611827899,35.11375993465896,31/05/2011,44,,,,,,,,
3,174.0,3.0,32.822650412047395,35.113733354450666,31/05/2011,44,,,,,,,,
3,175.0,3.0,32.82252352515459,35.11370721283667,31/05/2011,44,,,,,,,,
3,176.0,3.0,32.82241530495164,35.11368340171475,31/05/2011,44,,,,,,,,
3,177.0,3.0,32.82230591734412,35.11366621284879,31/05/2011,44,,,,,,,,
3,178.0,3.0,32.82219697639675,35.11364325689,31/05/2011,44,,,,,,,,
3,179.0,3.0,32.82208009870705,35.11361774609471,31/05/2011,44,,,,,,,,
3,180.0,3.0,32.82197702214478,35.11359948305046,31/05/2011,44,,,,,,,,
3,181.0,3.0,32.82187357963309,35.1135739587011,31/05/2011,44,,,,,,,,
3,182.0,3.0,32.82175814586875,35.11355015525567,31/05/2011,44,,,,,,,,
3,183.0,3.0,32.82164415604339,35.1135280590366,31/05/2011,44,,,,,,,,
3,184.0,3.0,32.82152727700216,35.11350073312697,31/05/2011,44,,,,,,,,
3,185.0,3.0,32.82141743695807,35.11348140932523,31/05/2011,44,,,,,,,,
3,186.0,3.0,32.821306333766344,35.113461018964735,31/05/2011,44,,,,,,,,
3,187.0,3.0,32.821194595583435,35.11343539663209,31/05/2011,44,,,,,,,,
3,188.0,3.0,32.82108367380527,35.11341650124077,31/05/2011,44,,,,,,,,
3,189.0,3.0,32.82096534961756,35.11338586666473,31/05/2011,44,,,,,,,,
3,190.0,3.0,32.82088527000216,35.113372920096346,31/05/2011,44,,,,,,,,
3,191.0,3.0,32.8209409921021,35.11299835467883,31/05/2011,44,,,,,,,,
3,192.0,3.0,32.821050658905634,35.113027288972226,31/05/2011,44,,,,,,,,
3,193.0,3.0,32.821162573381436,35.113047250748124,31/05/2011,44,,,,,,,,
3,194.0,3.0,32.821281523455234,35.113070515841265,31/05/2011,44,,,,,,,,
3,195.0,3.0,32.821401291664905,35.113102857260145,31/05/2011,44,,,,,,,,
3,196.0,3.0,32.82151825745945,35.113125376991285,31/05/2011,44,,,,,,,,
3,197.0,3.0,32.82162475982125,35.113142674785074,31/05/2011,44,,,,,,,,
3,198.0,3.0,32.82173875220478,35.11316818777906,31/05/2011,44,,,,,,,,
3,199.0,3.0,32.82186059100161,35.113196042198226,31/05/2011,44,,,,,,,,
3,200.0,3.0,32.821968357970945,35.113216435762524,31/05/2011,44,,,,,,,,
3,201.0,3.0,32.82207513556422,35.11324024767383,31/05/2011,44,,,,,,,,
3,202.0,3.0,32.822192012086035,35.11326404932851,31/05/2011,44,,,,,,,,
3,203.0,3.0,32.82230157915513,35.113279956010636,31/05/2011,44,,,,,,,,
3,204.0,3.0,32.82241268733262,35.113307180965585,31/05/2011,44,,,,,,,,
3,205.0,3.0,32.82253235760022,35.11332895092103,31/05/2011,44,,,,,,,,
3,206.0,3.0,32.822644908468035,35.113356174534815,31/05/2011,44,,,,,,,,
3,207.0,3.0,32.822757184239336,35.113377097825655,31/05/2011,44,,,,,,,,
3,208.0,3.0,32.822861709193354,35.113403155049006,31/05/2011,44,,,,,,,,
3,209.0,3.0,32.822987240657156,35.11342523963993,31/05/2011,44,,,,,,,,
3,210.0,3.0,32.82309293476896,35.11344713092807,31/05/2011,44,,,,,,,,
3,211.0,3.0,32.82320440054753,35.11347019109402,31/05/2011,44,,,,,,,,
3,212.0,3.0,32.82331550618671,35.1134939992261,31/05/2011,44,,,,,,,,
3,213.0,3.0,32.82342543683054,35.11351396410728,31/05/2011,44,,,,,,,,
3,214.0,3.0,32.823547989829336,35.11316025099713,31/05/2011,44,,,,,,,,
3,215.0,3.0,32.823438236978525,35.11313686900328,31/05/2011,44,,,,,,,,
3,216.0,3.0,32.82332569106181,35.113116480092145,31/05/2011,44,,,,,,,,
3,217.0,3.0,32.82320764225747,35.113092572740044,31/05/2011,44,,,,,,,,
3,218.0,3.0,32.82309699237287,35.11307559932286,31/05/2011,44,,,,,,,,
3,219.0,3.0,32.82298011333823,35.113048380357164,31/05/2011,44,,,,,,,,
3,220.0,3.0,32.82285998696245,35.11301945612886,31/05/2011,44,,,,,,,,
3,221.0,3.0,32.82275321183601,35.11299906158555,31/05/2011,44,,,,,,,,
3,222.0,3.0,32.82263110702951,35.11297740130434,31/05/2011,44,,,,,,,,
3,223.0,3.0,32.822534427081884,35.112951870561155,31/05/2011,44,,,,,,,,
3,224.0,3.0,32.82242936538534,35.112931794787904,31/05/2011,44,,,,,,,,
3,225.0,3.0,32.822307077725306,35.11290671756741,31/05/2011,44,,,,,,,,
3,226.0,3.0,32.82219885362044,35.11287778153922,31/05/2011,44,,,,,,,,
3,227.0,3.0,32.82208360249039,35.1128572892188,31/05/2011,44,,,,,,,,
3,228.0,3.0,32.8219632997002,35.112833812011246,31/05/2011,44,,,,,,,,
3,229.0,3.0,32.82184209497835,35.11281001542237,31/05/2011,44,,,,,,,,
3,230.0,3.0,32.82172801681031,35.1127905899643,31/05/2011,44,,,,,,,,
3,231.0,3.0,32.8216159204025,35.112768492778756,31/05/2011,44,,,,,,,,
3,232.0,3.0,32.82151058792008,35.11274809733471,31/05/2011,44,,,,,,,,
3,233.0,3.0,32.82139948210947,35.11272429060735,31/05/2011,44,,,,,,,,
3,234.0,3.0,32.82127431038661,35.11270113912738,31/05/2011,44,,,,,,,,
3,235.0,3.0,32.821154725618364,35.11267317645907,31/05/2011,44,,,,,,,,
3,236.0,3.0,32.82104650394557,35.112647658329706,31/05/2011,44,,,,,,,,
3,237.0,3.0,32.82107283205492,35.11227760726808,31/05/2011,44,,,,,,,,
3,238.0,3.0,32.821187098665256,35.11230792423056,31/05/2011,44,,,,,,,,
3,239.0,3.0,32.82130397160811,35.11232659854714,31/05/2011,44,,,,,,,,
3,240.0,3.0,32.82141489605754,35.11234890988904,31/05/2011,44,,,,,,,,
3,241.0,3.0,32.82152843399088,35.11236929637864,31/05/2011,44,,,,,,,,
3,242.0,3.0,32.821651082762294,35.11239479943317,31/05/2011,44,,,,,,,,
3,243.0,3.0,32.82177373152624,35.11242030255737,31/05/2011,44,,,,,,,,
3,244.0,3.0,32.821893137098975,35.11244976032345,31/05/2011,44,,,,,,,,
3,245.0,3.0,32.822014343142264,35.1124752650776,31/05/2011,44,,,,,,,,
3,246.0,3.0,32.822133200235115,35.11249457848211,31/05/2011,44,,,,,,,,
3,247.0,3.0,32.822259543941456,35.112517408314076,31/05/2011,44,,,,,,,,
3,248.0,3.0,32.8223793110208,35.11254804069326,31/05/2011,44,,,,,,,,
3,249.0,3.0,32.82250529787514,35.112576103776725,31/05/2011,44,,,,,,,,
3,250.0,3.0,32.822619916919734,35.11259531498907,31/05/2011,44,,,,,,,,
3,251.0,3.0,32.82273535335355,35.112622534736275,31/05/2011,44,,,,,,,,
3,252.0,3.0,32.82284789763774,35.11264057348765,31/05/2011,44,,,,,,,,
3,253.0,3.0,32.82296505008698,35.11267163608486,31/05/2011,44,,,,,,,,
3,254.0,3.0,32.823084810857004,35.112693725602185,31/05/2011,44,,,,,,,,
3,255.0,3.0,32.823202500705264,35.11271987538611,31/05/2011,44,,,,,,,,
3,256.0,3.0,32.82331738959714,35.11273823232005,31/05/2011,44,,,,,,,,
3,257.0,3.0,32.823438601809585,35.11277228121084,31/05/2011,44,,,,,,,,
3,258.0,3.0,32.82355006082712,35.11278594293328,31/05/2011,44,,,,,,,,
3,259.0,3.0,32.823657995277394,35.11241985551163,31/05/2011,44,,,,,,,,
3,260.0,3.0,32.82354662325218,35.11240192246093,31/05/2011,44,,,,,,,,
3,261.0,3.0,32.82343551992398,35.112381532964825,31/05/2011,44,,,,,,,,
3,262.0,3.0,32.823315216050254,35.112356667756494,31/05/2011,44,,,,,,,,
3,263.0,3.0,32.82320970546922,35.11233936955511,31/05/2011,44,,,,,,,,
3,264.0,3.0,32.823082723574,35.1123070359563,31/05/2011,44,,,,,,,,
3,265.0,3.0,32.82297649092274,35.11228877748147,31/05/2011,44,,,,,,,,
3,266.0,3.0,32.822862953002165,35.11226839076821,31/05/2011,44,,,,,,,,
3,267.0,3.0,32.82274607253165,35.11223946427542,31/05/2011,44,,,,,,,,
3,268.0,3.0,32.82263352394202,35.112215659346106,31/05/2011,44,,,,,,,,
3,269.0,3.0,32.82251060779279,35.11219442816683,31/05/2011,44,,,,,,,,
3,270.0,3.0,32.82239526103848,35.11216667499554,31/05/2011,44,,,,,,,,
3,271.0,3.0,32.82227838809218,35.112148000663694,31/05/2011,44,,,,,,,,
3,272.0,3.0,32.82217187883591,35.11212151996968,31/05/2011,44,,,,,,,,
3,273.0,3.0,32.82206068369487,35.11209899542313,31/05/2011,44,,,,,,,,
3,274.0,3.0,32.82193803613199,35.112075201299376,31/05/2011,44,,,,,,,,
3,275.0,3.0,32.82182188231049,35.1120535363194,31/05/2011,44,,,,,,,,
3,276.0,3.0,32.82171528459155,35.11202940533936,31/05/2011,44,,,,,,,,
3,277.0,3.0,32.82160129450048,35.11200731107363,31/05/2011,44,,,,,,,,
3,278.0,3.0,32.8214827916138,35.111979348113415,31/05/2011,44,,,,,,,,
3,279.0,3.0,32.82137150713401,35.11195799869155,31/05/2011,44,,,,,,,,
3,280.0,3.0,32.82126328658278,35.111934189995225,31/05/2011,44,,,,,,,,
3,281.0,3.0,32.82116092867186,35.11191261785238,31/05/2011,44,,,,,,,,
3,282.0,3.0,32.821156497922345,35.11153042414563,31/05/2011,44,,,,,,,,
3,283.0,3.0,32.821264721085875,35.11155764957774,31/05/2011,44,,,,,,,,
3,284.0,3.0,32.821380418375945,35.11157151862759,31/05/2011,44,,,,,,,,
3,285.0,3.0,32.821500359784395,35.11159371288336,31/05/2011,44,,,,,,,,
3,286.0,3.0,32.821614348682786,35.111614097962494,31/05/2011,44,,,,,,,,
3,287.0,3.0,32.821726806601156,35.11163704764026,31/05/2011,44,,,,,,,,
3,288.0,3.0,32.8218379100786,35.1116574358243,31/05/2011,44,,,,,,,,
3,289.0,3.0,32.821962094155225,35.11168603330542,31/05/2011,44,,,,,,,,
3,290.0,3.0,32.82207202510663,35.11170599566043,31/05/2011,44,,,,,,,,
3,291.0,3.0,32.822190345886426,35.111731502450866,31/05/2011,44,,,,,,,,
3,292.0,3.0,32.8223103764723,35.1117524155416,31/05/2011,44,,,,,,,,
3,293.0,3.0,32.82242346695916,35.11177728714549,31/05/2011,44,,,,,,,,
3,294.0,3.0,32.82254467312779,35.111802791135794,31/05/2011,44,,,,,,,,
3,295.0,3.0,32.82266696123864,35.111828187281695,31/05/2011,44,,,,,,,,
3,296.0,3.0,32.82277563065746,35.11184932597738,31/05/2011,44,,,,,,,,
3,297.0,3.0,32.822880969578655,35.11187826393468,31/05/2011,44,,,,,,,,
3,298.0,3.0,32.82299378455191,35.11189640828707,31/05/2011,44,,,,,,,,
3,299.0,3.0,32.823106334457606,35.111921921570705,31/05/2011,44,,,,,,,,
3,300.0,3.0,32.82322330106172,35.11194529451046,31/05/2011,44,,,,,,,,
3,301.0,3.0,32.823362000132974,35.11197099441981,31/05/2011,44,,,,,,,,
3,302.0,3.0,32.82347166334659,35.1119948022203,31/05/2011,44,,,,,,,,
3,303.0,3.0,32.82358646500672,35.11201700287887,31/05/2011,44,,,,,,,,
3,304.0,3.0,32.82371245297942,35.11204645388511,31/05/2011,44,,,,,,,,
3,305.0,3.0,32.82376698256606,35.11164987781062,31/05/2011,44,,,,,,,,
3,306.0,3.0,32.823663181388056,35.11162755935161,31/05/2011,44,,,,,,,,
3,307.0,3.0,32.823562178136235,35.11160886896304,31/05/2011,44,,,,,,,,
3,308.0,3.0,32.82345016831859,35.11158218067307,31/05/2011,44,,,,,,,,
3,309.0,3.0,32.82333906612433,35.11156350088607,31/05/2011,44,,,,,,,,
3,310.0,3.0,32.82323580475008,35.11153958019732,31/05/2011,44,,,,,,,,
3,311.0,3.0,32.82312335016866,35.11152111549805,31/05/2011,44,,,,,,,,
3,312.0,3.0,32.8230223430883,35.111497299360046,31/05/2011,44,,,,,,,,
3,313.0,3.0,32.82292233055683,35.11147711314227,31/05/2011,44,,,,,,,,
3,314.0,3.0,32.822802570840736,35.11145673395395,31/05/2011,44,,,,,,,,
3,315.0,3.0,32.822686324777465,35.111432399894106,31/05/2011,44,,,,,,,,
3,316.0,3.0,32.822585320212205,35.11141200127612,31/05/2011,44,,,,,,,,
3,317.0,3.0,32.82248620609749,35.11138743589564,31/05/2011,44,,,,,,,,
3,318.0,3.0,32.822375101318,35.111365339253666,31/05/2011,44,,,,,,,,
3,319.0,3.0,32.82226895487806,35.11134195601051,31/05/2011,44,,,,,,,,
3,320.0,3.0,32.82216109490236,35.11131814744859,31/05/2011,44,,,,,,,,
3,321.0,3.0,32.82204710342444,35.11129434534083,31/05/2011,44,,,,,,,,
3,322.0,3.0,32.8219416790335,35.1112719226242,31/05/2011,44,,,,,,,,
3,323.0,3.0,32.82183201820093,35.111251533390984,31/05/2011,44,,,,,,,,
3,324.0,3.0,32.82173939589796,35.111226534456954,31/05/2011,44,,,,,,,,
3,325.0,3.0,32.82162820392963,35.111208496297266,31/05/2011,44,,,,,,,,
3,326.0,3.0,32.82150844287388,35.11118640912907,31/05/2011,44,,,,,,,,
3,327.0,3.0,32.821408070149815,35.11116697150012,31/05/2011,44,,,,,,,,
3,328.0,3.0,32.821301293428505,35.111144870873595,31/05/2011,44,,,,,,,,
3,329.0,3.0,32.821231223549326,35.111133517645506,31/05/2011,44,,,,,,,,
4,1.0,3.0,32.82063089767752,35.11511853086819,06/06/2011,38,,,,,,,,
4,2.0,3.0,32.82073604823657,35.11513722047559,06/06/2011,38,,,,,,,,
4,3.0,3.0,32.82084498916638,35.11516049825321,06/06/2011,38,,,,,,,,
4,4.0,3.0,32.820952126784526,35.11518388467892,06/06/2011,38,,,,,,,,
4,5.0,3.0,32.821058634734776,35.115209407570156,06/06/2011,38,,,,,,,,
4,6.0,2.0,32.82117055434428,35.11523706089818,06/06/2011,38,,,,,,,,
4,7.0,3.0,32.821277056652654,35.11525468151366,06/06/2011,38,,,,,,,,
4,8.0,2.0,32.8213887923369,35.11527731604673,06/06/2011,38,,,,,,,,
4,9.0,3.0,32.82149367235288,35.11529600626785,06/06/2011,38,,,,,,,,
4,10.0,3.0,32.8216089281916,35.115323656507954,06/06/2011,38,,,,,,,,
4,11.0,2.0,32.82172282578816,35.11534329893846,06/06/2011,38,,,,,,,,
4,12.0,2.0,32.82182825075319,35.11536754183923,06/06/2011,38,,,,,,,,
4,13.0,2.0,32.821936382682274,35.11539445184882,06/06/2011,38,,,,,,,,
4,14.0,3.0,32.8220480271741,35.11541569854041,06/06/2011,38,,,,,,,,
4,15.0,3.0,32.822159132163954,35.11543908162931,06/06/2011,38,,,,,,,,
4,16.0,3.0,32.82226879565653,35.11546417486016,06/06/2011,38,,,,,,,,
4,17.0,3.0,32.82237196203903,35.11548233323712,06/06/2011,38,,,,,,,,
4,18.0,2.0,32.82247864690675,35.115503157918646,06/06/2011,38,,,,,,,,
4,19.0,2.0,32.8225777588572,35.1155258056359,06/06/2011,38,,,,,,,,
4,20.0,2.0,32.82269382311579,35.115549184061415,06/06/2011,38,,,,,,,,
4,21.0,2.0,32.82279753382819,35.115572040888445,06/06/2011,38,,,,,,,,
4,22.0,2.0,32.822904218522574,35.115592652193,06/06/2011,38,,,,,,,,
4,23.0,2.0,32.82301234561367,35.115612834946,06/06/2011,38,,,,,,,,
4,24.0,2.0,32.823119751650246,35.115633445630785,06/06/2011,38,,,,,,,,
4,25.0,2.0,32.8232244603104,35.11541089455215,06/06/2011,38,,,,,,,,
4,26.0,1.0,32.82312129066607,35.115388144056105,06/06/2011,38,,,,,,,,
4,27.0,1.0,32.82300468210479,35.1153601742446,06/06/2011,38,,,,,,,,
4,28.0,1.0,32.82289709727935,35.11534180670897,06/06/2011,38,,,,,,,,
4,29.0,1.0,32.822784999588684,35.11531724983913,06/06/2011,38,,,,,,,,
4,30.0,1.0,32.822673803886,35.11529311929377,06/06/2011,38,,,,,,,,
4,31.0,1.0,32.82255593361317,35.115266112122775,06/06/2011,38,,,,,,,,
4,32.0,1.0,32.82244726711811,35.11524827982558,06/06/2011,38,,,,,,,,
4,33.0,1.0,32.82233354476064,35.115221482217684,06/06/2011,38,,,,,,,,
4,34.0,1.0,32.82222180915898,35.11519895430816,06/06/2011,38,,,,,,,,
4,35.0,1.0,32.82210096700853,35.11517718309127,06/06/2011,38,,,,,,,,
4,36.0,1.0,32.82198156260801,35.11514846913721,06/06/2011,38,,,,,,,,
4,37.0,1.0,32.82187037241892,35.115132134680614,06/06/2011,38,,,,,,,,
4,38.0,1.0,32.82176774105093,35.11510564666432,06/06/2011,38,,,,,,,,
4,39.0,1.0,32.82165663431636,35.115079914719516,06/06/2011,38,,,,,,,,
4,40.0,1.0,32.82155427717608,35.115058659242486,06/06/2011,38,,,,,,,,
4,41.0,1.0,32.821431268567714,35.115033580072165,06/06/2011,38,,,,,,,,
4,42.0,1.0,32.82132341133115,35.11501265057826,06/06/2011,38,,,,,,,,
4,43.0,1.0,32.82120869605239,35.114984466339806,06/06/2011,38,,,,,,,,
4,44.0,1.0,32.82109470867984,35.11496546530316,06/06/2011,38,,,,,,,,
4,45.0,2.0,32.820986940221744,35.114942613679744,06/06/2011,38,,,,,,,,
4,46.0,2.0,32.82087728271064,35.11492606454442,06/06/2011,38,,,,,,,,
4,47.0,2.0,32.82077546501964,35.11490267311273,06/06/2011,38,,,,,,,,
4,48.0,2.0,32.82067428102647,35.11488280512088,06/06/2011,38,,,,,,,,
4,49.0,2.0,32.82070024023775,35.11461772980622,06/06/2011,38,,,,,,,,
4,50.0,1.0,32.82081631985761,35.11466225071742,06/06/2011,38,,,,,,,,
4,51.0,1.0,32.820927152127965,35.11468232236881,06/06/2011,38,,,,,,,,
4,52.0,1.0,32.82103609114864,35.11470282312852,06/06/2011,38,,,,,,,,
4,53.0,1.0,32.82114503008761,35.11472321714891,06/06/2011,38,,,,,,,,
4,54.0,1.0,32.82124495188425,35.11474329990979,06/06/2011,38,,,,,,,,
4,55.0,1.0,32.82135371016914,35.11476326705065,06/06/2011,38,,,,,,,,
4,56.0,1.0,32.82146184055295,35.114787826818876,06/06/2011,38,,,,,,,,
4,57.0,1.0,32.82158052216384,35.11481440505756,06/06/2011,38,,,,,,,,
4,58.0,1.0,32.8216946926392,35.11483725025142,06/06/2011,38,,,,,,,,
4,59.0,1.0,32.821804266089956,35.114862342703795,06/06/2011,38,,,,,,,,
4,60.0,1.0,32.82192123049552,35.114883369782234,06/06/2011,38,,,,,,,,
4,61.0,1.0,32.82203098228633,35.11490568563072,06/06/2011,38,,,,,,,,
4,62.0,1.0,32.822145062873446,35.114928958306635,06/06/2011,38,,,,,,,,
4,63.0,1.0,32.82222704105445,35.11494916629635,06/06/2011,38,,,,,,,,
4,64.0,1.0,32.82234013152516,35.114974896253216,06/06/2011,38,,,,,,,,
4,65.0,1.0,32.82244762868478,35.11499668062308,06/06/2011,38,,,,,,,,
4,66.0,1.0,32.82255620962142,35.115020920148226,06/06/2011,38,,,,,,,,
4,67.0,1.0,32.82267065268384,35.11504675572654,06/06/2011,38,,,,,,,,
4,68.0,1.0,32.822783649528326,35.11506768042864,06/06/2011,38,,,,,,,,
4,69.0,1.0,32.82288916416446,35.11509117566065,06/06/2011,38,,,,,,,,
4,70.0,1.0,32.82299792594687,35.11511616277781,06/06/2011,38,,,,,,,,
4,71.0,2.0,32.8231072269853,35.11513869321239,06/06/2011,38,,,,,,,,
4,72.0,2.0,32.823213366847575,35.115153858242905,06/06/2011,38,,,,,,,,
4,73.0,3.0,32.82329182515356,35.114916915809395,06/06/2011,38,,,,,,,,
4,74.0,3.0,32.823182253418935,35.114894172288835,06/06/2011,38,,,,,,,,
4,75.0,2.0,32.82307331408386,35.114873136852175,06/06/2011,38,,,,,,,,
4,76.0,2.0,32.822957161753926,35.11485285624357,06/06/2011,38,,,,,,,,
4,77.0,2.0,32.82284587541456,35.1148281923661,06/06/2011,38,,,,,,,,
4,78.0,2.0,32.82272340627089,35.114800976793106,06/06/2011,38,,,,,,,,
4,79.0,2.0,32.82261365623205,35.11478111709083,06/06/2011,38,,,,,,,,
4,80.0,2.0,32.82248667716769,35.114751877159115,06/06/2011,38,,,,,,,,
4,81.0,2.0,32.82236736315285,35.11472359072286,06/06/2011,38,,,,,,,,
4,82.0,2.0,32.82224065763868,35.11469862229512,06/06/2011,38,,,,,,,,
4,83.0,1.0,32.822126575403466,35.11467310729453,06/06/2011,38,,,,,,,,
4,84.0,1.0,32.82200726519287,35.11465016058032,06/06/2011,38,,,,,,,,
4,85.0,1.0,32.82189002687317,35.11462443530256,06/06/2011,38,,,,,,,,
4,86.0,1.0,32.821772969343904,35.11459935064933,06/06/2011,38,,,,,,,,
4,87.0,2.0,32.82166168301127,35.11457479420135,06/06/2011,38,,,,,,,,
4,88.0,2.0,32.821544450112114,35.114556651177125,06/06/2011,38,,,,,,,,
4,89.0,2.0,32.82143668204781,35.11453444067002,06/06/2011,38,,,,,,,,
4,90.0,2.0,32.82132458586212,35.11451223457556,06/06/2011,38,,,,,,,,
4,91.0,2.0,32.821211045124485,35.11448746705108,06/06/2011,38,,,,,,,,
4,92.0,2.0,32.82109344577397,35.11446131542158,06/06/2011,38,,,,,,,,
4,93.0,2.0,32.82096385569334,35.11443763209276,06/06/2011,38,,,,,,,,
4,94.0,2.0,32.82085933445303,35.11441648648623,06/06/2011,38,,,,,,,,
4,95.0,3.0,32.82075732272633,35.11412377484534,06/06/2011,38,,,,,,,,
4,96.0,3.0,32.820854723816446,35.11414930562548,06/06/2011,38,,,,,,,,
4,97.0,3.0,32.82097845026877,35.11416925682292,06/06/2011,38,,,,,,,,
4,98.0,2.0,32.82108955458375,35.11419135661504,06/06/2011,38,,,,,,,,
4,99.0,2.0,32.82119741380636,35.11421484800053,06/06/2011,38,,,,,,,,
4,100.0,2.0,32.82130879015517,35.114239083414425,06/06/2011,38,,,,,,,,
4,101.0,2.0,32.82142999092772,35.114257755913805,06/06/2011,38,,,,,,,,
4,102.0,2.0,32.82155246082786,35.114285824667334,06/06/2011,38,,,,,,,,
4,103.0,2.0,32.82166176173114,35.11430792656549,06/06/2011,38,,,,,,,,
4,104.0,2.0,32.82177863928938,35.11433343814668,06/06/2011,38,,,,,,,,
4,105.0,2.0,32.821898405937574,35.11436407280041,06/06/2011,38,,,,,,,,
4,106.0,2.0,32.822011763200564,35.11438446214507,06/06/2011,38,,,,,,,,
4,107.0,2.0,32.82213152983209,35.114415096946544,06/06/2011,38,,,,,,,,
4,108.0,2.0,32.822242178403435,35.114430469988854,06/06/2011,38,,,,,,,,
4,109.0,2.0,32.82235725461699,35.114458867055525,06/06/2011,38,,,,,,,,
4,110.0,2.0,32.822464030742715,35.11448097190647,06/06/2011,38,,,,,,,,
4,111.0,2.0,32.82256990747302,35.11450628144078,06/06/2011,38,,,,,,,,
4,112.0,2.0,32.82268633044919,35.11452666802992,06/06/2011,38,,,,,,,,
4,113.0,2.0,32.822803209171134,35.11455388884366,06/06/2011,38,,,,,,,,
4,114.0,3.0,32.82291720002324,35.114577695315276,06/06/2011,38,,,,,,,,
4,115.0,3.0,32.823024151553575,35.11459296562134,06/06/2011,38,,,,,,,,
4,116.0,3.0,32.8231309313215,35.114620196784124,06/06/2011,38,,,,,,,,
4,117.0,3.0,32.82323040424927,35.11464305690452,06/06/2011,38,,,,,,,,
4,118.0,3.0,32.82335521131822,35.114410018531736,06/06/2011,38,,,,,,,,
4,119.0,3.0,32.82324987544226,35.114384494762426,06/06/2011,38,,,,,,,,
4,120.0,3.0,32.82313236773637,35.11436037162387,06/06/2011,38,,,,,,,,
4,121.0,2.0,32.8230318169533,35.11434338645704,06/06/2011,38,,,,,,,,
4,122.0,2.0,32.82293802638618,35.11432297718426,06/06/2011,38,,,,,,,,
4,123.0,2.0,32.822824036716476,35.114300879689424,06/06/2011,38,,,,,,,,
4,124.0,2.0,32.82272014389913,35.11427588869695,06/06/2011,38,,,,,,,,
4,125.0,2.0,32.82260597434067,35.114254432242454,06/06/2011,38,,,,,,,,
4,126.0,2.0,32.82250785563821,35.114234027532476,06/06/2011,38,,,,,,,,
4,127.0,3.0,32.8224194707266,35.11420741917274,06/06/2011,38,,,,,,,,
4,128.0,3.0,32.822299712670485,35.114188745079666,06/06/2011,38,,,,,,,,
4,129.0,2.0,32.82218527088901,35.114164939723615,06/06/2011,38,,,,,,,,
4,130.0,2.0,32.82207993740854,35.11414283385998,06/06/2011,38,,,,,,,,
4,131.0,2.0,32.82197478349041,35.114119659965446,06/06/2011,38,,,,,,,,
4,132.0,2.0,32.82186259522346,35.11409489139352,06/06/2011,38,,,,,,,,
4,133.0,2.0,32.82175148967208,35.11407108289621,06/06/2011,38,,,,,,,,
4,134.0,2.0,32.82164778059883,35.11405089781996,06/06/2011,38,,,,,,,,
4,135.0,2.0,32.821550024992234,35.114033910449876,06/06/2011,38,,,,,,,,
4,136.0,2.0,32.821447576888815,35.114011801974016,06/06/2011,38,,,,,,,,
4,137.0,2.0,32.82134801665839,35.11399310788262,06/06/2011,38,,,,,,,,
4,138.0,2.0,32.82124114740546,35.1139670527812,06/06/2011,38,,,,,,,,
4,139.0,3.0,32.82113031525891,35.11394730231568,06/06/2011,38,,,,,,,,
4,140.0,3.0,32.821022095077645,35.113923491270036,06/06/2011,38,,,,,,,,
4,141.0,3.0,32.82091378726877,35.113903204402504,06/06/2011,38,,,,,,,,
4,142.0,3.0,32.82081278060214,35.113879386150934,06/06/2011,38,,,,,,,,
4,143.0,3.0,32.82081821212172,35.11365982301616,06/06/2011,38,,,,,,,,
4,144.0,3.0,32.82092787382299,35.11368192360123,06/06/2011,38,,,,,,,,
4,145.0,3.0,32.821055298594814,35.11370368582146,06/06/2011,38,,,,,,,,
4,146.0,3.0,32.82116595214422,35.1137257855107,06/06/2011,38,,,,,,,,
4,147.0,3.0,32.82128138341146,35.113746171772796,06/06/2011,38,,,,,,,,
4,148.0,3.0,32.821393930500115,35.11376826964701,06/06/2011,38,,,,,,,,
4,149.0,3.0,32.82150341067496,35.113788768847236,06/06/2011,38,,,,,,,,
4,150.0,3.0,32.82162028463111,35.113809153802315,06/06/2011,38,,,,,,,,
4,151.0,3.0,32.821735364162905,35.113841928251325,06/06/2011,38,,,,,,,,
4,152.0,3.0,32.821840246856205,35.113864034132746,06/06/2011,38,,,,,,,,
4,153.0,3.0,32.82196145014477,35.11388612351269,06/06/2011,38,,,,,,,,
4,154.0,3.0,32.82208409736741,35.11390992013195,06/06/2011,38,,,,,,,,
4,155.0,3.0,32.82220007423367,35.11393671370881,06/06/2011,38,,,,,,,,
4,156.0,3.0,32.82231550791743,35.11396051777082,06/06/2011,38,,,,,,,,
4,157.0,3.0,32.82243563100278,35.1139851714682,06/06/2011,38,,,,,,,,
4,158.0,3.0,32.822544123198114,35.11401111850186,06/06/2011,38,,,,,,,,
4,159.0,3.0,32.82265811168974,35.11403150690442,06/06/2011,38,,,,,,,,
4,160.0,3.0,32.82276741693478,35.11405958905653,06/06/2011,38,,,,,,,,
4,161.0,3.0,32.82287707606722,35.11407827329404,06/06/2011,38,,,,,,,,
4,162.0,3.0,32.82298727890574,35.1141006947233,06/06/2011,38,,,,,,,,
4,163.0,3.0,32.82308422557876,35.11412131416354,06/06/2011,38,,,,,,,,
4,164.0,3.0,32.8231823442906,35.114141718879786,06/06/2011,38,,,,,,,,
4,165.0,3.0,32.823282630442094,35.1141668202827,06/06/2011,38,,,,,,,,
4,166.0,3.0,32.82338363332153,35.11418551350933,06/06/2011,38,,,,,,,,
4,167.0,3.0,32.823431126995416,35.113900438034186,06/06/2011,38,,,,,,,,
4,168.0,3.0,32.823319656819564,35.11387118335751,06/06/2011,38,,,,,,,,
4,169.0,3.0,32.82320999642825,35.113850790619026,06/06/2011,38,,,,,,,,
4,170.0,3.0,32.823103308596785,35.11382623004635,06/06/2011,38,,,,,,,,
4,171.0,3.0,32.82299121363017,35.11380583988344,06/06/2011,38,,,,,,,,
4,172.0,3.0,32.82288732033116,35.11378031546552,06/06/2011,38,,,,,,,,
4,173.0,3.0,32.82276611827899,35.11375993465896,06/06/2011,38,,,,,,,,
4,174.0,3.0,32.822650412047395,35.113733354450666,06/06/2011,38,,,,,,,,
4,175.0,3.0,32.82252352515459,35.11370721283667,06/06/2011,38,,,,,,,,
4,176.0,3.0,32.82241530495164,35.11368340171475,06/06/2011,38,,,,,,,,
4,177.0,3.0,32.82230591734412,35.11366621284879,06/06/2011,38,,,,,,,,
4,178.0,3.0,32.82219697639675,35.11364325689,06/06/2011,38,,,,,,,,
4,179.0,3.0,32.82208009870705,35.11361774609471,06/06/2011,38,,,,,,,,
4,180.0,3.0,32.82197702214478,35.11359948305046,06/06/2011,38,,,,,,,,
4,181.0,3.0,32.82187357963309,35.1135739587011,06/06/2011,38,,,,,,,,
4,182.0,3.0,32.82175814586875,35.11355015525567,06/06/2011,38,,,,,,,,
4,183.0,3.0,32.82164415604339,35.1135280590366,06/06/2011,38,,,,,,,,
4,184.0,3.0,32.82152727700216,35.11350073312697,06/06/2011,38,,,,,,,,
4,185.0,3.0,32.82141743695807,35.11348140932523,06/06/2011,38,,,,,,,,
4,186.0,3.0,32.821306333766344,35.113461018964735,06/06/2011,38,,,,,,,,
4,187.0,3.0,32.821194595583435,35.11343539663209,06/06/2011,38,,,,,,,,
4,188.0,3.0,32.82108367380527,35.11341650124077,06/06/2011,38,,,,,,,,
4,189.0,3.0,32.82096534961756,35.11338586666473,06/06/2011,38,,,,,,,,
4,190.0,3.0,32.82088527000216,35.113372920096346,06/06/2011,38,,,,,,,,
4,191.0,3.0,32.8209409921021,35.11299835467883,06/06/2011,38,,,,,,,,
4,192.0,3.0,32.821050658905634,35.113027288972226,06/06/2011,38,,,,,,,,
4,193.0,3.0,32.821162573381436,35.113047250748124,06/06/2011,38,,,,,,,,
4,194.0,3.0,32.821281523455234,35.113070515841265,06/06/2011,38,,,,,,,,
4,195.0,3.0,32.821401291664905,35.113102857260145,06/06/2011,38,,,,,,,,
4,196.0,3.0,32.82151825745945,35.113125376991285,06/06/2011,38,,,,,,,,
4,197.0,3.0,32.82162475982125,35.113142674785074,06/06/2011,38,,,,,,,,
4,198.0,3.0,32.82173875220478,35.11316818777906,06/06/2011,38,,,,,,,,
4,199.0,3.0,32.82186059100161,35.113196042198226,06/06/2011,38,,,,,,,,
4,200.0,3.0,32.821968357970945,35.113216435762524,06/06/2011,38,,,,,,,,
4,201.0,3.0,32.82207513556422,35.11324024767383,06/06/2011,38,,,,,,,,
4,202.0,3.0,32.822192012086035,35.11326404932851,06/06/2011,38,,,,,,,,
4,203.0,3.0,32.82230157915513,35.113279956010636,06/06/2011,38,,,,,,,,
4,204.0,3.0,32.82241268733262,35.113307180965585,06/06/2011,38,,,,,,,,
4,205.0,3.0,32.82253235760022,35.11332895092103,06/06/2011,38,,,,,,,,
4,206.0,3.0,32.822644908468035,35.113356174534815,06/06/2011,38,,,,,,,,
4,207.0,3.0,32.822757184239336,35.113377097825655,06/06/2011,38,,,,,,,,
4,208.0,3.0,32.822861709193354,35.113403155049006,06/06/2011,38,,,,,,,,
4,209.0,3.0,32.822987240657156,35.11342523963993,06/06/2011,38,,,,,,,,
4,210.0,3.0,32.82309293476896,35.11344713092807,06/06/2011,38,,,,,,,,
4,211.0,3.0,32.82320440054753,35.11347019109402,06/06/2011,38,,,,,,,,
4,212.0,3.0,32.82331550618671,35.1134939992261,06/06/2011,38,,,,,,,,
4,213.0,3.0,32.82342543683054,35.11351396410728,06/06/2011,38,,,,,,,,
4,214.0,3.0,32.823547989829336,35.11316025099713,06/06/2011,38,,,,,,,,
4,215.0,3.0,32.823438236978525,35.11313686900328,06/06/2011,38,,,,,,,,
4,216.0,3.0,32.82332569106181,35.113116480092145,06/06/2011,38,,,,,,,,
4,217.0,3.0,32.82320764225747,35.113092572740044,06/06/2011,38,,,,,,,,
4,218.0,3.0,32.82309699237287,35.11307559932286,06/06/2011,38,,,,,,,,
4,219.0,3.0,32.82298011333823,35.113048380357164,06/06/2011,38,,,,,,,,
4,220.0,3.0,32.82285998696245,35.11301945612886,06/06/2011,38,,,,,,,,
4,221.0,3.0,32.82275321183601,35.11299906158555,06/06/2011,38,,,,,,,,
4,222.0,3.0,32.82263110702951,35.11297740130434,06/06/2011,38,,,,,,,,
4,223.0,3.0,32.822534427081884,35.112951870561155,06/06/2011,38,,,,,,,,
4,224.0,3.0,32.82242936538534,35.112931794787904,06/06/2011,38,,,,,,,,
4,225.0,3.0,32.822307077725306,35.11290671756741,06/06/2011,38,,,,,,,,
4,226.0,3.0,32.82219885362044,35.11287778153922,06/06/2011,38,,,,,,,,
4,227.0,3.0,32.82208360249039,35.1128572892188,06/06/2011,38,,,,,,,,
4,228.0,3.0,32.8219632997002,35.112833812011246,06/06/2011,38,,,,,,,,
4,229.0,3.0,32.82184209497835,35.11281001542237,06/06/2011,38,,,,,,,,
4,230.0,3.0,32.82172801681031,35.1127905899643,06/06/2011,38,,,,,,,,
4,231.0,3.0,32.8216159204025,35.112768492778756,06/06/2011,38,,,,,,,,
4,232.0,3.0,32.82151058792008,35.11274809733471,06/06/2011,38,,,,,,,,
4,233.0,3.0,32.82139948210947,35.11272429060735,06/06/2011,38,,,,,,,,
4,234.0,3.0,32.82127431038661,35.11270113912738,06/06/2011,38,,,,,,,,
4,235.0,3.0,32.821154725618364,35.11267317645907,06/06/2011,38,,,,,,,,
4,236.0,3.0,32.82104650394557,35.112647658329706,06/06/2011,38,,,,,,,,
4,237.0,3.0,32.82107283205492,35.11227760726808,06/06/2011,38,,,,,,,,
4,238.0,3.0,32.821187098665256,35.11230792423056,06/06/2011,38,,,,,,,,
4,239.0,3.0,32.82130397160811,35.11232659854714,06/06/2011,38,,,,,,,,
4,240.0,3.0,32.82141489605754,35.11234890988904,06/06/2011,38,,,,,,,,
4,241.0,3.0,32.82152843399088,35.11236929637864,06/06/2011,38,,,,,,,,
4,242.0,3.0,32.821651082762294,35.11239479943317,06/06/2011,38,,,,,,,,
4,243.0,3.0,32.82177373152624,35.11242030255737,06/06/2011,38,,,,,,,,
4,244.0,3.0,32.821893137098975,35.11244976032345,06/06/2011,38,,,,,,,,
4,245.0,3.0,32.822014343142264,35.1124752650776,06/06/2011,38,,,,,,,,
4,246.0,3.0,32.822133200235115,35.11249457848211,06/06/2011,38,,,,,,,,
4,247.0,3.0,32.822259543941456,35.112517408314076,06/06/2011,38,,,,,,,,
4,248.0,3.0,32.8223793110208,35.11254804069326,06/06/2011,38,,,,,,,,
4,249.0,3.0,32.82250529787514,35.112576103776725,06/06/2011,38,,,,,,,,
4,250.0,3.0,32.822619916919734,35.11259531498907,06/06/2011,38,,,,,,,,
4,251.0,3.0,32.82273535335355,35.112622534736275,06/06/2011,38,,,,,,,,
4,252.0,3.0,32.82284789763774,35.11264057348765,06/06/2011,38,,,,,,,,
4,253.0,3.0,32.82296505008698,35.11267163608486,06/06/2011,38,,,,,,,,
4,254.0,3.0,32.823084810857004,35.112693725602185,06/06/2011,38,,,,,,,,
4,255.0,3.0,32.823202500705264,35.11271987538611,06/06/2011,38,,,,,,,,
4,256.0,3.0,32.82331738959714,35.11273823232005,06/06/2011,38,,,,,,,,
4,257.0,3.0,32.823438601809585,35.11277228121084,06/06/2011,38,,,,,,,,
4,258.0,3.0,32.82355006082712,35.11278594293328,06/06/2011,38,,,,,,,,
4,259.0,3.0,32.823657995277394,35.11241985551163,06/06/2011,38,,,,,,,,
4,260.0,3.0,32.82354662325218,35.11240192246093,06/06/2011,38,,,,,,,,
4,261.0,3.0,32.82343551992398,35.112381532964825,06/06/2011,38,,,,,,,,
4,262.0,3.0,32.823315216050254,35.112356667756494,06/06/2011,38,,,,,,,,
4,263.0,3.0,32.82320970546922,35.11233936955511,06/06/2011,38,,,,,,,,
4,264.0,3.0,32.823082723574,35.1123070359563,06/06/2011,38,,,,,,,,
4,265.0,3.0,32.82297649092274,35.11228877748147,06/06/2011,38,,,,,,,,
4,266.0,3.0,32.822862953002165,35.11226839076821,06/06/2011,38,,,,,,,,
4,267.0,3.0,32.82274607253165,35.11223946427542,06/06/2011,38,,,,,,,,
4,268.0,3.0,32.82263352394202,35.112215659346106,06/06/2011,38,,,,,,,,
4,269.0,3.0,32.82251060779279,35.11219442816683,06/06/2011,38,,,,,,,,
4,270.0,3.0,32.82239526103848,35.11216667499554,06/06/2011,38,,,,,,,,
4,271.0,3.0,32.82227838809218,35.112148000663694,06/06/2011,38,,,,,,,,
4,272.0,3.0,32.82217187883591,35.11212151996968,06/06/2011,38,,,,,,,,
4,273.0,3.0,32.82206068369487,35.11209899542313,06/06/2011,38,,,,,,,,
4,274.0,3.0,32.82193803613199,35.112075201299376,06/06/2011,38,,,,,,,,
4,275.0,3.0,32.82182188231049,35.1120535363194,06/06/2011,38,,,,,,,,
4,276.0,3.0,32.82171528459155,35.11202940533936,06/06/2011,38,,,,,,,,
4,277.0,3.0,32.82160129450048,35.11200731107363,06/06/2011,38,,,,,,,,
4,278.0,3.0,32.8214827916138,35.111979348113415,06/06/2011,38,,,,,,,,
4,279.0,3.0,32.82137150713401,35.11195799869155,06/06/2011,38,,,,,,,,
4,280.0,3.0,32.82126328658278,35.111934189995225,06/06/2011,38,,,,,,,,
4,281.0,3.0,32.82116092867186,35.11191261785238,06/06/2011,38,,,,,,,,
4,282.0,3.0,32.821156497922345,35.11153042414563,06/06/2011,38,,,,,,,,
4,283.0,3.0,32.821264721085875,35.11155764957774,06/06/2011,38,,,,,,,,
4,284.0,3.0,32.821380418375945,35.11157151862759,06/06/2011,38,,,,,,,,
4,285.0,3.0,32.821500359784395,35.11159371288336,06/06/2011,38,,,,,,,,
4,286.0,3.0,32.821614348682786,35.111614097962494,06/06/2011,38,,,,,,,,
4,287.0,3.0,32.821726806601156,35.11163704764026,06/06/2011,38,,,,,,,,
4,288.0,3.0,32.8218379100786,35.1116574358243,06/06/2011,38,,,,,,,,
4,289.0,3.0,32.821962094155225,35.11168603330542,06/06/2011,38,,,,,,,,
4,290.0,3.0,32.82207202510663,35.11170599566043,06/06/2011,38,,,,,,,,
4,291.0,3.0,32.822190345886426,35.111731502450866,06/06/2011,38,,,,,,,,
4,292.0,3.0,32.8223103764723,35.1117524155416,06/06/2011,38,,,,,,,,
4,293.0,3.0,32.82242346695916,35.11177728714549,06/06/2011,38,,,,,,,,
4,294.0,3.0,32.82254467312779,35.111802791135794,06/06/2011,38,,,,,,,,
4,295.0,3.0,32.82266696123864,35.111828187281695,06/06/2011,38,,,,,,,,
4,296.0,3.0,32.82277563065746,35.11184932597738,06/06/2011,38,,,,,,,,
4,297.0,3.0,32.822880969578655,35.11187826393468,06/06/2011,38,,,,,,,,
4,298.0,3.0,32.82299378455191,35.11189640828707,06/06/2011,38,,,,,,,,
4,299.0,3.0,32.823106334457606,35.111921921570705,06/06/2011,38,,,,,,,,
4,300.0,3.0,32.82322330106172,35.11194529451046,06/06/2011,38,,,,,,,,
4,301.0,3.0,32.823362000132974,35.11197099441981,06/06/2011,38,,,,,,,,
4,302.0,3.0,32.82347166334659,35.1119948022203,06/06/2011,38,,,,,,,,
4,303.0,3.0,32.82358646500672,35.11201700287887,06/06/2011,38,,,,,,,,
4,304.0,3.0,32.82371245297942,35.11204645388511,06/06/2011,38,,,,,,,,
4,305.0,3.0,32.82376698256606,35.11164987781062,06/06/2011,38,,,,,,,,
4,306.0,3.0,32.823663181388056,35.11162755935161,06/06/2011,38,,,,,,,,
4,307.0,3.0,32.823562178136235,35.11160886896304,06/06/2011,38,,,,,,,,
4,308.0,3.0,32.82345016831859,35.11158218067307,06/06/2011,38,,,,,,,,
4,309.0,3.0,32.82333906612433,35.11156350088607,06/06/2011,38,,,,,,,,
4,310.0,3.0,32.82323580475008,35.11153958019732,06/06/2011,38,,,,,,,,
4,311.0,3.0,32.82312335016866,35.11152111549805,06/06/2011,38,,,,,,,,
4,312.0,3.0,32.8230223430883,35.111497299360046,06/06/2011,38,,,,,,,,
4,313.0,3.0,32.82292233055683,35.11147711314227,06/06/2011,38,,,,,,,,
4,314.0,3.0,32.822802570840736,35.11145673395395,06/06/2011,38,,,,,,,,
4,315.0,3.0,32.822686324777465,35.111432399894106,06/06/2011,38,,,,,,,,
4,316.0,3.0,32.822585320212205,35.11141200127612,06/06/2011,38,,,,,,,,
4,317.0,3.0,32.82248620609749,35.11138743589564,06/06/2011,38,,,,,,,,
4,318.0,3.0,32.822375101318,35.111365339253666,06/06/2011,38,,,,,,,,
4,319.0,3.0,32.82226895487806,35.11134195601051,06/06/2011,38,,,,,,,,
4,320.0,3.0,32.82216109490236,35.11131814744859,06/06/2011,38,,,,,,,,
4,321.0,3.0,32.82204710342444,35.11129434534083,06/06/2011,38,,,,,,,,
4,322.0,3.0,32.8219416790335,35.1112719226242,06/06/2011,38,,,,,,,,
4,323.0,3.0,32.82183201820093,35.111251533390984,06/06/2011,38,,,,,,,,
4,324.0,3.0,32.82173939589796,35.111226534456954,06/06/2011,38,,,,,,,,
4,325.0,3.0,32.82162820392963,35.111208496297266,06/06/2011,38,,,,,,,,
4,326.0,3.0,32.82150844287388,35.11118640912907,06/06/2011,38,,,,,,,,
4,327.0,3.0,32.821408070149815,35.11116697150012,06/06/2011,38,,,,,,,,
4,328.0,3.0,32.821301293428505,35.111144870873595,06/06/2011,38,,,,,,,,
4,329.0,3.0,32.821231223549326,35.111133517645506,06/06/2011,38,,,,,,,,
5,1.0,3.0,32.82063089767752,35.11511853086819,24/06/2011,20,,,,,,,,
5,2.0,3.0,32.82073604823657,35.11513722047559,24/06/2011,20,,,,,,,,
5,3.0,3.0,32.82084498916638,35.11516049825321,24/06/2011,20,,,,,,,,
5,4.0,3.0,32.820952126784526,35.11518388467892,24/06/2011,20,,,,,,,,
5,5.0,3.0,32.821058634734776,35.115209407570156,24/06/2011,20,,,,,,,,
5,6.0,2.0,32.82117055434428,35.11523706089818,24/06/2011,20,,,,,,,,
5,7.0,3.0,32.821277056652654,35.11525468151366,24/06/2011,20,,,,,,,,
5,8.0,2.0,32.8213887923369,35.11527731604673,24/06/2011,20,,,,,,,,
5,9.0,3.0,32.82149367235288,35.11529600626785,24/06/2011,20,,,,,,,,
5,10.0,3.0,32.8216089281916,35.115323656507954,24/06/2011,20,,,,,,,,
5,11.0,2.0,32.82172282578816,35.11534329893846,24/06/2011,20,,,,,,,,
5,12.0,2.0,32.82182825075319,35.11536754183923,24/06/2011,20,,,,,,,,
5,13.0,2.0,32.821936382682274,35.11539445184882,24/06/2011,20,,,,,,,,
5,14.0,3.0,32.8220480271741,35.11541569854041,24/06/2011,20,,,,,,,,
5,15.0,3.0,32.822159132163954,35.11543908162931,24/06/2011,20,,,,,,,,
5,16.0,3.0,32.82226879565653,35.11546417486016,24/06/2011,20,,,,,,,,
5,17.0,3.0,32.82237196203903,35.11548233323712,24/06/2011,20,,,,,,,,
5,18.0,2.0,32.82247864690675,35.115503157918646,24/06/2011,20,,,,,,,,
5,19.0,2.0,32.8225777588572,35.1155258056359,24/06/2011,20,,,,,,,,
5,20.0,2.0,32.82269382311579,35.115549184061415,24/06/2011,20,,,,,,,,
5,21.0,2.0,32.82279753382819,35.115572040888445,24/06/2011,20,,,,,,,,
5,22.0,2.0,32.822904218522574,35.115592652193,24/06/2011,20,,,,,,,,
5,23.0,2.0,32.82301234561367,35.115612834946,24/06/2011,20,,,,,,,,
5,24.0,2.0,32.823119751650246,35.115633445630785,24/06/2011,20,,,,,,,,
5,25.0,2.0,32.8232244603104,35.11541089455215,24/06/2011,20,,,,,,,,
5,26.0,1.0,32.82312129066607,35.115388144056105,24/06/2011,20,,,,,,,,
5,27.0,1.0,32.82300468210479,35.1153601742446,24/06/2011,20,,,,,,,,
5,28.0,1.0,32.82289709727935,35.11534180670897,24/06/2011,20,,,,,,,,
5,29.0,1.0,32.822784999588684,35.11531724983913,24/06/2011,20,,,,,,,,
5,30.0,1.0,32.822673803886,35.11529311929377,24/06/2011,20,,,,,,,,
5,31.0,1.0,32.82255593361317,35.115266112122775,24/06/2011,20,,,,,,,,
5,32.0,1.0,32.82244726711811,35.11524827982558,24/06/2011,20,,,,,,,,
5,33.0,1.0,32.82233354476064,35.115221482217684,24/06/2011,20,,,,,,,,
5,34.0,1.0,32.82222180915898,35.11519895430816,24/06/2011,20,,,,,,,,
5,35.0,1.0,32.82210096700853,35.11517718309127,24/06/2011,20,,,,,,,,
5,36.0,1.0,32.82198156260801,35.11514846913721,24/06/2011,20,,,,,,,,
5,37.0,1.0,32.82187037241892,35.115132134680614,24/06/2011,20,,,,,,,,
5,38.0,1.0,32.82176774105093,35.11510564666432,24/06/2011,20,,,,,,,,
5,39.0,1.0,32.82165663431636,35.115079914719516,24/06/2011,20,,,,,,,,
5,40.0,1.0,32.82155427717608,35.115058659242486,24/06/2011,20,,,,,,,,
5,41.0,1.0,32.821431268567714,35.115033580072165,24/06/2011,20,,,,,,,,
5,42.0,1.0,32.82132341133115,35.11501265057826,24/06/2011,20,,,,,,,,
5,43.0,1.0,32.82120869605239,35.114984466339806,24/06/2011,20,,,,,,,,
5,44.0,1.0,32.82109470867984,35.11496546530316,24/06/2011,20,,,,,,,,
5,45.0,2.0,32.820986940221744,35.114942613679744,24/06/2011,20,,,,,,,,
5,46.0,2.0,32.82087728271064,35.11492606454442,24/06/2011,20,,,,,,,,
5,47.0,2.0,32.82077546501964,35.11490267311273,24/06/2011,20,,,,,,,,
5,48.0,2.0,32.82067428102647,35.11488280512088,24/06/2011,20,,,,,,,,
5,49.0,2.0,32.82070024023775,35.11461772980622,24/06/2011,20,,,,,,,,
5,50.0,1.0,32.82081631985761,35.11466225071742,24/06/2011,20,,,,,,,,
5,51.0,1.0,32.820927152127965,35.11468232236881,24/06/2011,20,,,,,,,,
5,52.0,1.0,32.82103609114864,35.11470282312852,24/06/2011,20,,,,,,,,
5,53.0,1.0,32.82114503008761,35.11472321714891,24/06/2011,20,,,,,,,,
5,54.0,1.0,32.82124495188425,35.11474329990979,24/06/2011,20,,,,,,,,
5,55.0,1.0,32.82135371016914,35.11476326705065,24/06/2011,20,,,,,,,,
5,56.0,1.0,32.82146184055295,35.114787826818876,24/06/2011,20,,,,,,,,
5,57.0,1.0,32.82158052216384,35.11481440505756,24/06/2011,20,,,,,,,,
5,58.0,1.0,32.8216946926392,35.11483725025142,24/06/2011,20,,,,,,,,
5,59.0,1.0,32.821804266089956,35.114862342703795,24/06/2011,20,,,,,,,,
5,60.0,1.0,32.82192123049552,35.114883369782234,24/06/2011,20,,,,,,,,
5,61.0,1.0,32.82203098228633,35.11490568563072,24/06/2011,20,,,,,,,,
5,62.0,1.0,32.822145062873446,35.114928958306635,24/06/2011,20,,,,,,,,
5,63.0,1.0,32.82222704105445,35.11494916629635,24/06/2011,20,,,,,,,,
5,64.0,1.0,32.82234013152516,35.114974896253216,24/06/2011,20,,,,,,,,
5,65.0,1.0,32.82244762868478,35.11499668062308,24/06/2011,20,,,,,,,,
5,66.0,1.0,32.82255620962142,35.115020920148226,24/06/2011,20,,,,,,,,
5,67.0,1.0,32.82267065268384,35.11504675572654,24/06/2011,20,,,,,,,,
5,68.0,1.0,32.822783649528326,35.11506768042864,24/06/2011,20,,,,,,,,
5,69.0,1.0,32.82288916416446,35.11509117566065,24/06/2011,20,,,,,,,,
5,70.0,1.0,32.82299792594687,35.11511616277781,24/06/2011,20,,,,,,,,
5,71.0,2.0,32.8231072269853,35.11513869321239,24/06/2011,20,,,,,,,,
5,72.0,2.0,32.823213366847575,35.115153858242905,24/06/2011,20,,,,,,,,
5,73.0,3.0,32.82329182515356,35.114916915809395,24/06/2011,20,,,,,,,,
5,74.0,3.0,32.823182253418935,35.114894172288835,24/06/2011,20,,,,,,,,
5,75.0,2.0,32.82307331408386,35.114873136852175,24/06/2011,20,,,,,,,,
5,76.0,2.0,32.822957161753926,35.11485285624357,24/06/2011,20,,,,,,,,
5,77.0,2.0,32.82284587541456,35.1148281923661,24/06/2011,20,,,,,,,,
5,78.0,2.0,32.82272340627089,35.114800976793106,24/06/2011,20,,,,,,,,
5,79.0,2.0,32.82261365623205,35.11478111709083,24/06/2011,20,,,,,,,,
5,80.0,2.0,32.82248667716769,35.114751877159115,24/06/2011,20,,,,,,,,
5,81.0,2.0,32.82236736315285,35.11472359072286,24/06/2011,20,,,,,,,,
5,82.0,2.0,32.82224065763868,35.11469862229512,24/06/2011,20,,,,,,,,
5,83.0,1.0,32.822126575403466,35.11467310729453,24/06/2011,20,,,,,,,,
5,84.0,1.0,32.82200726519287,35.11465016058032,24/06/2011,20,,,,,,,,
5,85.0,1.0,32.82189002687317,35.11462443530256,24/06/2011,20,,,,,,,,
5,86.0,1.0,32.821772969343904,35.11459935064933,24/06/2011,20,,,,,,,,
5,87.0,2.0,32.82166168301127,35.11457479420135,24/06/2011,20,,,,,,,,
5,88.0,2.0,32.821544450112114,35.114556651177125,24/06/2011,20,,,,,,,,
5,89.0,2.0,32.82143668204781,35.11453444067002,24/06/2011,20,,,,,,,,
5,90.0,2.0,32.82132458586212,35.11451223457556,24/06/2011,20,,,,,,,,
5,91.0,2.0,32.821211045124485,35.11448746705108,24/06/2011,20,,,,,,,,
5,92.0,2.0,32.82109344577397,35.11446131542158,24/06/2011,20,,,,,,,,
5,93.0,2.0,32.82096385569334,35.11443763209276,24/06/2011,20,,,,,,,,
5,94.0,2.0,32.82085933445303,35.11441648648623,24/06/2011,20,,,,,,,,
5,95.0,3.0,32.82075732272633,35.11412377484534,24/06/2011,20,,,,,,,,
5,96.0,3.0,32.820854723816446,35.11414930562548,24/06/2011,20,,,,,,,,
5,97.0,3.0,32.82097845026877,35.11416925682292,24/06/2011,20,,,,,,,,
5,98.0,2.0,32.82108955458375,35.11419135661504,24/06/2011,20,,,,,,,,
5,99.0,2.0,32.82119741380636,35.11421484800053,24/06/2011,20,,,,,,,,
5,100.0,2.0,32.82130879015517,35.114239083414425,24/06/2011,20,,,,,,,,
5,101.0,2.0,32.82142999092772,35.114257755913805,24/06/2011,20,,,,,,,,
5,102.0,2.0,32.82155246082786,35.114285824667334,24/06/2011,20,,,,,,,,
5,103.0,2.0,32.82166176173114,35.11430792656549,24/06/2011,20,,,,,,,,
5,104.0,2.0,32.82177863928938,35.11433343814668,24/06/2011,20,,,,,,,,
5,105.0,2.0,32.821898405937574,35.11436407280041,24/06/2011,20,,,,,,,,
5,106.0,2.0,32.822011763200564,35.11438446214507,24/06/2011,20,,,,,,,,
5,107.0,2.0,32.82213152983209,35.114415096946544,24/06/2011,20,,,,,,,,
5,108.0,2.0,32.822242178403435,35.114430469988854,24/06/2011,20,,,,,,,,
5,109.0,2.0,32.82235725461699,35.114458867055525,24/06/2011,20,,,,,,,,
5,110.0,2.0,32.822464030742715,35.11448097190647,24/06/2011,20,,,,,,,,
5,111.0,2.0,32.82256990747302,35.11450628144078,24/06/2011,20,,,,,,,,
5,112.0,2.0,32.82268633044919,35.11452666802992,24/06/2011,20,,,,,,,,
5,113.0,2.0,32.822803209171134,35.11455388884366,24/06/2011,20,,,,,,,,
5,114.0,3.0,32.82291720002324,35.114577695315276,24/06/2011,20,,,,,,,,
5,115.0,3.0,32.823024151553575,35.11459296562134,24/06/2011,20,,,,,,,,
5,116.0,3.0,32.8231309313215,35.114620196784124,24/06/2011,20,,,,,,,,
5,117.0,3.0,32.82323040424927,35.11464305690452,24/06/2011,20,,,,,,,,
5,118.0,3.0,32.82335521131822,35.114410018531736,24/06/2011,20,,,,,,,,
5,119.0,3.0,32.82324987544226,35.114384494762426,24/06/2011,20,,,,,,,,
5,120.0,3.0,32.82313236773637,35.11436037162387,24/06/2011,20,,,,,,,,
5,121.0,2.0,32.8230318169533,35.11434338645704,24/06/2011,20,,,,,,,,
5,122.0,2.0,32.82293802638618,35.11432297718426,24/06/2011,20,,,,,,,,
5,123.0,2.0,32.822824036716476,35.114300879689424,24/06/2011,20,,,,,,,,
5,124.0,2.0,32.82272014389913,35.11427588869695,24/06/2011,20,,,,,,,,
5,125.0,2.0,32.82260597434067,35.114254432242454,24/06/2011,20,,,,,,,,
5,126.0,2.0,32.82250785563821,35.114234027532476,24/06/2011,20,,,,,,,,
5,127.0,3.0,32.8224194707266,35.11420741917274,24/06/2011,20,,,,,,,,
5,128.0,3.0,32.822299712670485,35.114188745079666,24/06/2011,20,,,,,,,,
5,129.0,2.0,32.82218527088901,35.114164939723615,24/06/2011,20,,,,,,,,
5,130.0,2.0,32.82207993740854,35.11414283385998,24/06/2011,20,,,,,,,,
5,131.0,2.0,32.82197478349041,35.114119659965446,24/06/2011,20,,,,,,,,
5,132.0,2.0,32.82186259522346,35.11409489139352,24/06/2011,20,,,,,,,,
5,133.0,2.0,32.82175148967208,35.11407108289621,24/06/2011,20,,,,,,,,
5,134.0,2.0,32.82164778059883,35.11405089781996,24/06/2011,20,,,,,,,,
5,135.0,2.0,32.821550024992234,35.114033910449876,24/06/2011,20,,,,,,,,
5,136.0,2.0,32.821447576888815,35.114011801974016,24/06/2011,20,,,,,,,,
5,137.0,2.0,32.82134801665839,35.11399310788262,24/06/2011,20,,,,,,,,
5,138.0,2.0,32.82124114740546,35.1139670527812,24/06/2011,20,,,,,,,,
5,139.0,3.0,32.82113031525891,35.11394730231568,24/06/2011,20,,,,,,,,
5,140.0,3.0,32.821022095077645,35.113923491270036,24/06/2011,20,,,,,,,,
5,141.0,3.0,32.82091378726877,35.113903204402504,24/06/2011,20,,,,,,,,
5,142.0,3.0,32.82081278060214,35.113879386150934,24/06/2011,20,,,,,,,,
5,143.0,3.0,32.82081821212172,35.11365982301616,24/06/2011,20,,,,,,,,
5,144.0,3.0,32.82092787382299,35.11368192360123,24/06/2011,20,,,,,,,,
5,145.0,3.0,32.821055298594814,35.11370368582146,24/06/2011,20,,,,,,,,
5,146.0,3.0,32.82116595214422,35.1137257855107,24/06/2011,20,,,,,,,,
5,147.0,3.0,32.82128138341146,35.113746171772796,24/06/2011,20,,,,,,,,
5,148.0,3.0,32.821393930500115,35.11376826964701,24/06/2011,20,,,,,,,,
5,149.0,3.0,32.82150341067496,35.113788768847236,24/06/2011,20,,,,,,,,
5,150.0,3.0,32.82162028463111,35.113809153802315,24/06/2011,20,,,,,,,,
5,151.0,3.0,32.821735364162905,35.113841928251325,24/06/2011,20,,,,,,,,
5,152.0,3.0,32.821840246856205,35.113864034132746,24/06/2011,20,,,,,,,,
5,153.0,3.0,32.82196145014477,35.11388612351269,24/06/2011,20,,,,,,,,
5,154.0,3.0,32.82208409736741,35.11390992013195,24/06/2011,20,,,,,,,,
5,155.0,3.0,32.82220007423367,35.11393671370881,24/06/2011,20,,,,,,,,
5,156.0,3.0,32.82231550791743,35.11396051777082,24/06/2011,20,,,,,,,,
5,157.0,3.0,32.82243563100278,35.1139851714682,24/06/2011,20,,,,,,,,
5,158.0,3.0,32.822544123198114,35.11401111850186,24/06/2011,20,,,,,,,,
5,159.0,3.0,32.82265811168974,35.11403150690442,24/06/2011,20,,,,,,,,
5,160.0,3.0,32.82276741693478,35.11405958905653,24/06/2011,20,,,,,,,,
5,161.0,3.0,32.82287707606722,35.11407827329404,24/06/2011,20,,,,,,,,
5,162.0,3.0,32.82298727890574,35.1141006947233,24/06/2011,20,,,,,,,,
5,163.0,3.0,32.82308422557876,35.11412131416354,24/06/2011,20,,,,,,,,
5,164.0,3.0,32.8231823442906,35.114141718879786,24/06/2011,20,,,,,,,,
5,165.0,3.0,32.823282630442094,35.1141668202827,24/06/2011,20,,,,,,,,
5,166.0,3.0,32.82338363332153,35.11418551350933,24/06/2011,20,,,,,,,,
5,167.0,3.0,32.823431126995416,35.113900438034186,24/06/2011,20,,,,,,,,
5,168.0,3.0,32.823319656819564,35.11387118335751,24/06/2011,20,,,,,,,,
5,169.0,3.0,32.82320999642825,35.113850790619026,24/06/2011,20,,,,,,,,
5,170.0,3.0,32.823103308596785,35.11382623004635,24/06/2011,20,,,,,,,,
5,171.0,3.0,32.82299121363017,35.11380583988344,24/06/2011,20,,,,,,,,
5,172.0,3.0,32.82288732033116,35.11378031546552,24/06/2011,20,,,,,,,,
5,173.0,3.0,32.82276611827899,35.11375993465896,24/06/2011,20,,,,,,,,
5,174.0,3.0,32.822650412047395,35.113733354450666,24/06/2011,20,,,,,,,,
5,175.0,3.0,32.82252352515459,35.11370721283667,24/06/2011,20,,,,,,,,
5,176.0,3.0,32.82241530495164,35.11368340171475,24/06/2011,20,,,,,,,,
5,177.0,3.0,32.82230591734412,35.11366621284879,24/06/2011,20,,,,,,,,
5,178.0,3.0,32.82219697639675,35.11364325689,24/06/2011,20,,,,,,,,
5,179.0,3.0,32.82208009870705,35.11361774609471,24/06/2011,20,,,,,,,,
5,180.0,3.0,32.82197702214478,35.11359948305046,24/06/2011,20,,,,,,,,
5,181.0,3.0,32.82187357963309,35.1135739587011,24/06/2011,20,,,,,,,,
5,182.0,3.0,32.82175814586875,35.11355015525567,24/06/2011,20,,,,,,,,
5,183.0,3.0,32.82164415604339,35.1135280590366,24/06/2011,20,,,,,,,,
5,184.0,3.0,32.82152727700216,35.11350073312697,24/06/2011,20,,,,,,,,
5,185.0,3.0,32.82141743695807,35.11348140932523,24/06/2011,20,,,,,,,,
5,186.0,3.0,32.821306333766344,35.113461018964735,24/06/2011,20,,,,,,,,
5,187.0,3.0,32.821194595583435,35.11343539663209,24/06/2011,20,,,,,,,,
5,188.0,3.0,32.82108367380527,35.11341650124077,24/06/2011,20,,,,,,,,
5,189.0,3.0,32.82096534961756,35.11338586666473,24/06/2011,20,,,,,,,,
5,190.0,3.0,32.82088527000216,35.113372920096346,24/06/2011,20,,,,,,,,
5,191.0,3.0,32.8209409921021,35.11299835467883,24/06/2011,20,,,,,,,,
5,192.0,3.0,32.821050658905634,35.113027288972226,24/06/2011,20,,,,,,,,
5,193.0,3.0,32.821162573381436,35.113047250748124,24/06/2011,20,,,,,,,,
5,194.0,3.0,32.821281523455234,35.113070515841265,24/06/2011,20,,,,,,,,
5,195.0,3.0,32.821401291664905,35.113102857260145,24/06/2011,20,,,,,,,,
5,196.0,3.0,32.82151825745945,35.113125376991285,24/06/2011,20,,,,,,,,
5,197.0,3.0,32.82162475982125,35.113142674785074,24/06/2011,20,,,,,,,,
5,198.0,3.0,32.82173875220478,35.11316818777906,24/06/2011,20,,,,,,,,
5,199.0,3.0,32.82186059100161,35.113196042198226,24/06/2011,20,,,,,,,,
5,200.0,3.0,32.821968357970945,35.113216435762524,24/06/2011,20,,,,,,,,
5,201.0,3.0,32.82207513556422,35.11324024767383,24/06/2011,20,,,,,,,,
5,202.0,3.0,32.822192012086035,35.11326404932851,24/06/2011,20,,,,,,,,
5,203.0,3.0,32.82230157915513,35.113279956010636,24/06/2011,20,,,,,,,,
5,204.0,3.0,32.82241268733262,35.113307180965585,24/06/2011,20,,,,,,,,
5,205.0,3.0,32.82253235760022,35.11332895092103,24/06/2011,20,,,,,,,,
5,206.0,3.0,32.822644908468035,35.113356174534815,24/06/2011,20,,,,,,,,
5,207.0,3.0,32.822757184239336,35.113377097825655,24/06/2011,20,,,,,,,,
5,208.0,3.0,32.822861709193354,35.113403155049006,24/06/2011,20,,,,,,,,
5,209.0,3.0,32.822987240657156,35.11342523963993,24/06/2011,20,,,,,,,,
5,210.0,3.0,32.82309293476896,35.11344713092807,24/06/2011,20,,,,,,,,
5,211.0,3.0,32.82320440054753,35.11347019109402,24/06/2011,20,,,,,,,,
5,212.0,3.0,32.82331550618671,35.1134939992261,24/06/2011,20,,,,,,,,
5,213.0,3.0,32.82342543683054,35.11351396410728,24/06/2011,20,,,,,,,,
5,214.0,3.0,32.823547989829336,35.11316025099713,24/06/2011,20,,,,,,,,
5,215.0,3.0,32.823438236978525,35.11313686900328,24/06/2011,20,,,,,,,,
5,216.0,3.0,32.82332569106181,35.113116480092145,24/06/2011,20,,,,,,,,
5,217.0,3.0,32.82320764225747,35.113092572740044,24/06/2011,20,,,,,,,,
5,218.0,3.0,32.82309699237287,35.11307559932286,24/06/2011,20,,,,,,,,
5,219.0,3.0,32.82298011333823,35.113048380357164,24/06/2011,20,,,,,,,,
5,220.0,3.0,32.82285998696245,35.11301945612886,24/06/2011,20,,,,,,,,
5,221.0,3.0,32.82275321183601,35.11299906158555,24/06/2011,20,,,,,,,,
5,222.0,3.0,32.82263110702951,35.11297740130434,24/06/2011,20,,,,,,,,
5,223.0,3.0,32.822534427081884,35.112951870561155,24/06/2011,20,,,,,,,,
5,224.0,3.0,32.82242936538534,35.112931794787904,24/06/2011,20,,,,,,,,
5,225.0,3.0,32.822307077725306,35.11290671756741,24/06/2011,20,,,,,,,,
5,226.0,3.0,32.82219885362044,35.11287778153922,24/06/2011,20,,,,,,,,
5,227.0,3.0,32.82208360249039,35.1128572892188,24/06/2011,20,,,,,,,,
5,228.0,3.0,32.8219632997002,35.112833812011246,24/06/2011,20,,,,,,,,
5,229.0,3.0,32.82184209497835,35.11281001542237,24/06/2011,20,,,,,,,,
5,230.0,3.0,32.82172801681031,35.1127905899643,24/06/2011,20,,,,,,,,
5,231.0,3.0,32.8216159204025,35.112768492778756,24/06/2011,20,,,,,,,,
5,232.0,3.0,32.82151058792008,35.11274809733471,24/06/2011,20,,,,,,,,
5,233.0,3.0,32.82139948210947,35.11272429060735,24/06/2011,20,,,,,,,,
5,234.0,3.0,32.82127431038661,35.11270113912738,24/06/2011,20,,,,,,,,
5,235.0,3.0,32.821154725618364,35.11267317645907,24/06/2011,20,,,,,,,,
5,236.0,3.0,32.82104650394557,35.112647658329706,24/06/2011,20,,,,,,,,
5,237.0,3.0,32.82107283205492,35.11227760726808,24/06/2011,20,,,,,,,,
5,238.0,3.0,32.821187098665256,35.11230792423056,24/06/2011,20,,,,,,,,
5,239.0,3.0,32.82130397160811,35.11232659854714,24/06/2011,20,,,,,,,,
5,240.0,3.0,32.82141489605754,35.11234890988904,24/06/2011,20,,,,,,,,
5,241.0,3.0,32.82152843399088,35.11236929637864,24/06/2011,20,,,,,,,,
5,242.0,3.0,32.821651082762294,35.11239479943317,24/06/2011,20,,,,,,,,
5,243.0,3.0,32.82177373152624,35.11242030255737,24/06/2011,20,,,,,,,,
5,244.0,3.0,32.821893137098975,35.11244976032345,24/06/2011,20,,,,,,,,
5,245.0,3.0,32.822014343142264,35.1124752650776,24/06/2011,20,,,,,,,,
5,246.0,3.0,32.822133200235115,35.11249457848211,24/06/2011,20,,,,,,,,
5,247.0,3.0,32.822259543941456,35.112517408314076,24/06/2011,20,,,,,,,,
5,248.0,3.0,32.8223793110208,35.11254804069326,24/06/2011,20,,,,,,,,
5,249.0,3.0,32.82250529787514,35.112576103776725,24/06/2011,20,,,,,,,,
5,250.0,3.0,32.822619916919734,35.11259531498907,24/06/2011,20,,,,,,,,
5,251.0,3.0,32.82273535335355,35.112622534736275,24/06/2011,20,,,,,,,,
5,252.0,3.0,32.82284789763774,35.11264057348765,24/06/2011,20,,,,,,,,
5,253.0,3.0,32.82296505008698,35.11267163608486,24/06/2011,20,,,,,,,,
5,254.0,3.0,32.823084810857004,35.112693725602185,24/06/2011,20,,,,,,,,
5,255.0,3.0,32.823202500705264,35.11271987538611,24/06/2011,20,,,,,,,,
5,256.0,3.0,32.82331738959714,35.11273823232005,24/06/2011,20,,,,,,,,
5,257.0,3.0,32.823438601809585,35.11277228121084,24/06/2011,20,,,,,,,,
5,258.0,3.0,32.82355006082712,35.11278594293328,24/06/2011,20,,,,,,,,
5,259.0,3.0,32.823657995277394,35.11241985551163,24/06/2011,20,,,,,,,,
5,260.0,3.0,32.82354662325218,35.11240192246093,24/06/2011,20,,,,,,,,
5,261.0,3.0,32.82343551992398,35.112381532964825,24/06/2011,20,,,,,,,,
5,262.0,3.0,32.823315216050254,35.112356667756494,24/06/2011,20,,,,,,,,
5,263.0,3.0,32.82320970546922,35.11233936955511,24/06/2011,20,,,,,,,,
5,264.0,3.0,32.823082723574,35.1123070359563,24/06/2011,20,,,,,,,,
5,265.0,3.0,32.82297649092274,35.11228877748147,24/06/2011,20,,,,,,,,
5,266.0,3.0,32.822862953002165,35.11226839076821,24/06/2011,20,,,,,,,,
5,267.0,3.0,32.82274607253165,35.11223946427542,24/06/2011,20,,,,,,,,
5,268.0,3.0,32.82263352394202,35.112215659346106,24/06/2011,20,,,,,,,,
5,269.0,3.0,32.82251060779279,35.11219442816683,24/06/2011,20,,,,,,,,
5,270.0,3.0,32.82239526103848,35.11216667499554,24/06/2011,20,,,,,,,,
5,271.0,3.0,32.82227838809218,35.112148000663694,24/06/2011,20,,,,,,,,
5,272.0,3.0,32.82217187883591,35.11212151996968,24/06/2011,20,,,,,,,,
5,273.0,3.0,32.82206068369487,35.11209899542313,24/06/2011,20,,,,,,,,
5,274.0,3.0,32.82193803613199,35.112075201299376,24/06/2011,20,,,,,,,,
5,275.0,3.0,32.82182188231049,35.1120535363194,24/06/2011,20,,,,,,,,
5,276.0,3.0,32.82171528459155,35.11202940533936,24/06/2011,20,,,,,,,,
5,277.0,3.0,32.82160129450048,35.11200731107363,24/06/2011,20,,,,,,,,
5,278.0,3.0,32.8214827916138,35.111979348113415,24/06/2011,20,,,,,,,,
5,279.0,3.0,32.82137150713401,35.11195799869155,24/06/2011,20,,,,,,,,
5,280.0,3.0,32.82126328658278,35.111934189995225,24/06/2011,20,,,,,,,,
5,281.0,3.0,32.82116092867186,35.11191261785238,24/06/2011,20,,,,,,,,
5,282.0,3.0,32.821156497922345,35.11153042414563,24/06/2011,20,,,,,,,,
5,283.0,3.0,32.821264721085875,35.11155764957774,24/06/2011,20,,,,,,,,
5,284.0,3.0,32.821380418375945,35.11157151862759,24/06/2011,20,,,,,,,,
5,285.0,3.0,32.821500359784395,35.11159371288336,24/06/2011,20,,,,,,,,
5,286.0,3.0,32.821614348682786,35.111614097962494,24/06/2011,20,,,,,,,,
5,287.0,3.0,32.821726806601156,35.11163704764026,24/06/2011,20,,,,,,,,
5,288.0,3.0,32.8218379100786,35.1116574358243,24/06/2011,20,,,,,,,,
5,289.0,3.0,32.821962094155225,35.11168603330542,24/06/2011,20,,,,,,,,
5,290.0,3.0,32.82207202510663,35.11170599566043,24/06/2011,20,,,,,,,,
5,291.0,3.0,32.822190345886426,35.111731502450866,24/06/2011,20,,,,,,,,
5,292.0,3.0,32.8223103764723,35.1117524155416,24/06/2011,20,,,,,,,,
5,293.0,3.0,32.82242346695916,35.11177728714549,24/06/2011,20,,,,,,,,
5,294.0,3.0,32.82254467312779,35.111802791135794,24/06/2011,20,,,,,,,,
5,295.0,3.0,32.82266696123864,35.111828187281695,24/06/2011,20,,,,,,,,
5,296.0,3.0,32.82277563065746,35.11184932597738,24/06/2011,20,,,,,,,,
5,297.0,3.0,32.822880969578655,35.11187826393468,24/06/2011,20,,,,,,,,
5,298.0,3.0,32.82299378455191,35.11189640828707,24/06/2011,20,,,,,,,,
5,299.0,3.0,32.823106334457606,35.111921921570705,24/06/2011,20,,,,,,,,
5,300.0,3.0,32.82322330106172,35.11194529451046,24/06/2011,20,,,,,,,,
5,301.0,3.0,32.823362000132974,35.11197099441981,24/06/2011,20,,,,,,,,
5,302.0,3.0,32.82347166334659,35.1119948022203,24/06/2011,20,,,,,,,,
5,303.0,3.0,32.82358646500672,35.11201700287887,24/06/2011,20,,,,,,,,
5,304.0,3.0,32.82371245297942,35.11204645388511,24/06/2011,20,,,,,,,,
5,305.0,3.0,32.82376698256606,35.11164987781062,24/06/2011,20,,,,,,,,
5,306.0,3.0,32.823663181388056,35.11162755935161,24/06/2011,20,,,,,,,,
5,307.0,3.0,32.823562178136235,35.11160886896304,24/06/2011,20,,,,,,,,
5,308.0,3.0,32.82345016831859,35.11158218067307,24/06/2011,20,,,,,,,,
5,309.0,3.0,32.82333906612433,35.11156350088607,24/06/2011,20,,,,,,,,
5,310.0,3.0,32.82323580475008,35.11153958019732,24/06/2011,20,,,,,,,,
5,311.0,3.0,32.82312335016866,35.11152111549805,24/06/2011,20,,,,,,,,
5,312.0,3.0,32.8230223430883,35.111497299360046,24/06/2011,20,,,,,,,,
5,313.0,3.0,32.82292233055683,35.11147711314227,24/06/2011,20,,,,,,,,
5,314.0,3.0,32.822802570840736,35.11145673395395,24/06/2011,20,,,,,,,,
5,315.0,3.0,32.822686324777465,35.111432399894106,24/06/2011,20,,,,,,,,
5,316.0,3.0,32.822585320212205,35.11141200127612,24/06/2011,20,,,,,,,,
5,317.0,3.0,32.82248620609749,35.11138743589564,24/06/2011,20,,,,,,,,
5,318.0,3.0,32.822375101318,35.111365339253666,24/06/2011,20,,,,,,,,
5,319.0,3.0,32.82226895487806,35.11134195601051,24/06/2011,20,,,,,,,,
5,320.0,3.0,32.82216109490236,35.11131814744859,24/06/2011,20,,,,,,,,
5,321.0,3.0,32.82204710342444,35.11129434534083,24/06/2011,20,,,,,,,,
5,322.0,3.0,32.8219416790335,35.1112719226242,24/06/2011,20,,,,,,,,
5,323.0,3.0,32.82183201820093,35.111251533390984,24/06/2011,20,,,,,,,,
5,324.0,3.0,32.82173939589796,35.111226534456954,24/06/2011,20,,,,,,,,
5,325.0,3.0,32.82162820392963,35.111208496297266,24/06/2011,20,,,,,,,,
5,326.0,3.0,32.82150844287388,35.11118640912907,24/06/2011,20,,,,,,,,
5,327.0,3.0,32.821408070149815,35.11116697150012,24/06/2011,20,,,,,,,,
5,328.0,3.0,32.821301293428505,35.111144870873595,24/06/2011,20,,,,,,,,
5,329.0,3.0,32.821231223549326,35.111133517645506,24/06/2011,20,,,,,,,,
