image,Point_ID,Aleket_cnt,lat,long,date,Days_Before_Sample,ndvi,gndvi,green_red_ratio,ndre,entropy,green,homogeneity,asm
1,1.0,0.0,32.58211055593961,35.39832442668495,07/04/2010,55,,,,,,,,
1,2.0,1.0,32.58222619420443,35.398300684586566,07/04/2010,55,,,,,,,,
1,3.0,1.0,32.58233637626568,35.39827622303032,07/04/2010,55,,,,,,,,
1,4.0,1.0,32.582443981724325,35.39825194133841,07/04/2010,55,,,,,,,,
1,5.0,0.0,32.58255628531175,35.398226580460175,07/04/2010,55,,,,,,,,
1,6.0,0.0,32.58266661852392,35.39819690283594,07/04/2010,55,,,,,,,,
1,7.0,1.0,32.58277558759323,35.39817244127967,07/04/2010,55,,,,,,,,
1,8.0,1.0,32.58286546045338,35.398150497824474,07/04/2010,55,,,,,,,,
1,9.0,2.0,32.58297776351285,35.398124957081826,07/04/2010,55,,,,,,,,
1,10.0,2.0,32.58308930865263,35.39809923647474,07/04/2010,55,,,,,,,,
1,11.0,1.0,32.58321252343501,35.39807333600369,07/04/2010,55,,,,,,,,
1,12.0,1.0,32.58332906961096,35.39804473756613,07/04/2010,55,,,,,,,,
1,13.0,1.0,32.58344152364492,35.39801793777262,07/04/2010,55,,,,,,,,
1,14.0,0.0,32.58355094643731,35.39799545472489,07/04/2010,55,,,,,,,,
1,15.0,0.0,32.58365885354787,35.39796973411769,07/04/2010,55,,,,,,,,
1,16.0,0.0,32.583766305864536,35.397944193374855,07/04/2010,55,,,,,,,,
1,17.0,0.0,32.583873606497875,35.39792189019147,07/04/2010,55,,,,,,,,
1,18.0,1.0,32.5839756026025,35.397893651482256,07/04/2010,55,,,,,,,,
1,19.0,2.0,32.58408078122763,35.3978700892479,07/04/2010,55,,,,,,,,
1,20.0,2.0,32.58418156466479,35.39784634714898,07/04/2010,55,,,,,,,,
1,21.0,2.0,32.58428643994072,35.39782170572812,07/04/2010,55,,,,,,,,
1,22.0,2.0,32.58438570761057,35.397798323357975,07/04/2010,55,,,,,,,,
1,23.0,1.0,32.58448709691861,35.397776559767614,07/04/2010,55,,,,,,,,
1,24.0,2.0,32.584593032709975,35.39775047943149,07/04/2010,55,,,,,,,,
1,25.0,2.0,32.58469805905767,35.39772583801066,07/04/2010,55,,,,,,,,
1,26.0,2.0,32.5848030852822,35.397703175098364,07/04/2010,55,,,,,,,,
1,27.0,2.0,32.58490462567092,35.397681411507996,07/04/2010,55,,,,,,,,
1,28.0,2.0,32.58501192494183,35.397656050629585,07/04/2010,55,,,,,,,,
1,29.0,1.0,32.585118011665365,35.39762997029349,07/04/2010,55,,,,,,,,
1,30.0,1.0,32.58522637154623,35.39760263090656,07/04/2010,55,,,,,,,,
1,31.0,2.0,32.585329123871574,35.397581946502726,07/04/2010,55,,,,,,,,
1,32.0,2.0,32.58543490711598,35.39755766481073,07/04/2010,55,,,,,,,,
1,33.0,1.0,32.58554948023134,35.3975297858308,07/04/2010,55,,,,,,,,
1,34.0,1.0,32.58565344459813,35.39750658332523,07/04/2010,55,,,,,,,,
1,35.0,1.0,32.5857671081265,35.39747924393848,07/04/2010,55,,,,,,,,
1,36.0,1.0,32.58587137534307,35.397456221297354,07/04/2010,55,,,,,,,,
1,37.0,1.0,32.58598321998423,35.397429241639365,07/04/2010,55,,,,,,,,
1,38.0,1.0,32.58609718619589,35.39740136265941,07/04/2010,55,,,,,,,,
1,39.0,2.0,32.586196603411125,35.397378340018086,07/04/2010,55,,,,,,,,
1,40.0,2.0,32.58629541431458,35.39735459791909,07/04/2010,55,,,,,,,,
1,41.0,2.0,32.5864027119207,35.397329776633924,07/04/2010,55,,,,,,,,
1,42.0,2.0,32.5865097062984,35.39730297684017,07/04/2010,55,,,,,,,,
1,43.0,2.0,32.58660942615582,35.39728103338536,07/04/2010,55,,,,,,,,
1,44.0,2.0,32.586714753240365,35.397255312778036,07/04/2010,55,,,,,,,,
1,45.0,1.0,32.58682508133431,35.397230311628554,07/04/2010,55,,,,,,,,
1,46.0,2.0,32.58692843802442,35.39720638966531,07/04/2010,55,,,,,,,,
1,47.0,1.0,32.58702846051426,35.39718318715959,07/04/2010,55,,,,,,,,
1,48.0,1.0,32.587131210774025,35.39715746655218,07/04/2010,55,,,,,,,,
1,49.0,2.0,32.58723426401362,35.39713030702948,07/04/2010,55,,,,,,,,
1,50.0,2.0,32.587345955405546,35.39710746425302,07/04/2010,55,,,,,,,,
1,51.0,2.0,32.58744218871851,35.39708498120482,07/04/2010,55,,,,,,,,
1,52.0,3.0,32.58755130353105,35.39705944046206,07/04/2010,55,,,,,,,,
1,53.0,2.0,32.58765193151817,35.39703749700725,07/04/2010,55,,,,,,,,
1,54.0,2.0,32.5877521047486,35.39701429450155,07/04/2010,55,,,,,,,,
1,55.0,3.0,32.587858188229234,35.39698659538571,07/04/2010,55,,,,,,,,
1,56.0,3.0,32.58795684575337,35.39696465193085,07/04/2010,55,,,,,,,,
1,57.0,3.0,32.58806111042282,35.39694108969645,07/04/2010,55,,,,,,,,
1,58.0,2.0,32.58816310176273,35.396915189224615,07/04/2010,55,,,,,,,,
1,59.0,3.0,32.58826403215717,35.396891447125675,07/04/2010,55,,,,,,,,
1,60.0,3.0,32.588365417078585,35.39686824462002,07/04/2010,55,,,,,,,,
1,61.0,3.0,32.5884692266327,35.39684270387708,07/04/2010,55,,,,,,,,
1,62.0,3.0,32.58857364225262,35.3968193215071,07/04/2010,55,,,,,,,,
1,63.0,2.0,32.58868396805857,35.39679324117113,07/04/2010,55,,,,,,,,
1,64.0,2.0,32.58878898961305,35.3967677004282,07/04/2010,55,,,,,,,,
1,65.0,3.0,32.58889537495837,35.39674215968535,07/04/2010,55,,,,,,,,
1,66.0,2.0,32.58899827462376,35.39671931690859,07/04/2010,55,,,,,,,,
1,67.0,3.0,32.58910738754199,35.396692696979336,07/04/2010,55,,,,,,,,
1,68.0,2.0,32.589217106509174,35.396666616643344,07/04/2010,55,,,,,,,,
1,69.0,2.0,32.58932485525372,35.396639816849635,07/04/2010,55,,,,,,,,
1,70.0,3.0,32.58942548124971,35.3966160747507,07/04/2010,55,,,,,,,,
1,71.0,2.0,32.58952595558794,35.396589274956725,07/04/2010,55,,,,,,,,
1,72.0,2.0,32.58961082070261,35.396578662959406,07/04/2010,55,,,,,,,,
1,73.0,3.0,32.5895468687909,35.39633710504946,07/04/2010,55,,,,,,,,
1,74.0,3.0,32.58945275936822,35.3963603075554,07/04/2010,55,,,,,,,,
1,75.0,3.0,32.58935001176977,35.39638584829839,07/04/2010,55,,,,,,,,
1,76.0,3.0,32.58924529396351,35.39640923066837,07/04/2010,55,,,,,,,,
1,77.0,3.0,32.589143303855074,35.39643351236047,07/04/2010,55,,,,,,,,
1,78.0,3.0,32.58904964864581,35.39645725445968,07/04/2010,55,,,,,,,,
1,79.0,3.0,32.58893401918294,35.39648459384633,07/04/2010,55,,,,,,,,
1,80.0,3.0,32.58883036171326,35.3965092352672,07/04/2010,55,,,,,,,,
1,81.0,3.0,32.58872791649388,35.396534236416976,07/04/2010,55,,,,,,,,
1,82.0,3.0,32.58862577425031,35.396557618787035,07/04/2010,55,,,,,,,,
1,83.0,3.0,32.58852772364882,35.39658046156401,07/04/2010,55,,,,,,,,
1,84.0,2.0,32.58842588427069,35.396602944612006,07/04/2010,55,,,,,,,,
1,85.0,2.0,32.58832556024627,35.39662812562625,07/04/2010,55,,,,,,,,
1,86.0,2.0,32.588216446376265,35.396652946911345,07/04/2010,55,,,,,,,,
1,87.0,3.0,32.588111727245575,35.396677408467795,07/04/2010,55,,,,,,,,
1,88.0,3.0,32.58800973584723,35.39670222975315,07/04/2010,55,,,,,,,,
1,89.0,3.0,32.587903955641366,35.39672723090281,07/04/2010,55,,,,,,,,
1,90.0,3.0,32.58780241865013,35.39675223205261,07/04/2010,55,,,,,,,,
1,91.0,2.0,32.587702093927966,35.39677489496508,07/04/2010,55,,,,,,,,
1,92.0,2.0,32.5876029814788,35.3967989967929,07/04/2010,55,,,,,,,,
1,93.0,2.0,32.587498261631374,35.3968230986205,07/04/2010,55,,,,,,,,
1,94.0,2.0,32.58739187462781,35.39684738031246,07/04/2010,55,,,,,,,,
1,95.0,2.0,32.58728685143632,35.396873100919805,07/04/2010,55,,,,,,,,
1,96.0,1.0,32.587181525023986,35.39689900139151,07/04/2010,55,,,,,,,,
1,97.0,1.0,32.5870713489178,35.39692436226983,07/04/2010,55,,,,,,,,
1,98.0,1.0,32.58696541605525,35.3969509821992,07/04/2010,55,,,,,,,,
1,99.0,2.0,32.58686554504452,35.39697346524726,07/04/2010,55,,,,,,,,
1,100.0,2.0,32.58676446152572,35.396997567075,07/04/2010,55,,,,,,,,
1,101.0,2.0,32.58666474184078,35.39702184876721,07/04/2010,55,,,,,,,,
1,102.0,2.0,32.58656290034593,35.39704451167963,07/04/2010,55,,,,,,,,
1,103.0,2.0,32.586452875029444,35.39707239065972,07/04/2010,55,,,,,,,,
1,104.0,3.0,32.58634951779101,35.397095952894155,07/04/2010,55,,,,,,,,
1,105.0,3.0,32.58624797903889,35.397120234586296,07/04/2010,55,,,,,,,,
1,106.0,2.0,32.5861447731148,35.397145235736026,07/04/2010,55,,,,,,,,
1,107.0,2.0,32.586041263970294,35.39716879797043,07/04/2010,55,,,,,,,,
1,108.0,3.0,32.5859341174825,35.39719271993354,07/04/2010,55,,,,,,,,
1,109.0,3.0,32.585823030536,35.39721987945597,07/04/2010,55,,,,,,,,
1,110.0,3.0,32.58571315586276,35.397245959791945,07/04/2010,55,,,,,,,,
1,111.0,2.0,32.58560994932287,35.39727221999258,07/04/2010,55,,,,,,,,
1,112.0,1.0,32.58550977369848,35.397294163447384,07/04/2010,55,,,,,,,,
1,113.0,1.0,32.58540611226881,35.39731862500386,07/04/2010,55,,,,,,,,
1,114.0,1.0,32.585306542624814,35.39734128791635,07/04/2010,55,,,,,,,,
1,115.0,2.0,32.58520454803461,35.39736646893056,07/04/2010,55,,,,,,,,
1,116.0,2.0,32.58510694834787,35.39738805265662,07/04/2010,55,,,,,,,,
1,117.0,2.0,32.585007226819044,35.39741089543352,07/04/2010,55,,,,,,,,
1,118.0,2.0,32.584904019466414,35.397435177125594,07/04/2010,55,,,,,,,,
1,119.0,2.0,32.584803388394434,35.39745730044482,07/04/2010,55,,,,,,,,
1,120.0,2.0,32.584698513723225,35.39748356064538,07/04/2010,55,,,,,,,,
1,121.0,0.0,32.584699271488624,35.39748248145893,07/04/2010,55,,,,,,,,
1,122.0,3.0,32.58459454824887,35.39750856179509,07/04/2010,55,,,,,,,,
1,123.0,2.0,32.584492249741814,35.39753032538542,07/04/2010,55,,,,,,,,
1,124.0,3.0,32.58439404306508,35.39755388762002,07/04/2010,55,,,,,,,,
1,125.0,3.0,32.584285682178155,35.397579967956055,07/04/2010,55,,,,,,,,
1,126.0,3.0,32.584183686426435,35.39760353019051,07/04/2010,55,,,,,,,,
1,127.0,3.0,32.58408851049401,35.39762745215407,07/04/2010,55,,,,,,,,
1,128.0,3.0,32.583988939386536,35.397650115066575,07/04/2010,55,,,,,,,,
1,129.0,1.0,32.58387572826693,35.397676734995656,07/04/2010,55,,,,,,,,
1,130.0,1.0,32.58377646003237,35.39769921804374,07/04/2010,55,,,,,,,,
1,131.0,3.0,32.583669765501924,35.39772655743072,07/04/2010,55,,,,,,,,
1,132.0,3.0,32.5835639801745,35.397751558580396,07/04/2010,55,,,,,,,,
1,133.0,3.0,32.58346319604309,35.3977742214928,07/04/2010,55,,,,,,,,
1,134.0,3.0,32.58336044157889,35.397798323320494,07/04/2010,55,,,,,,,,
1,135.0,3.0,32.58325647455273,35.397822784876965,07/04/2010,55,,,,,,,,
1,136.0,3.0,32.58315129496046,35.397847246433415,07/04/2010,55,,,,,,,,
1,137.0,3.0,32.58305839126983,35.39786865029523,07/04/2010,55,,,,,,,,
1,138.0,3.0,32.582951089660696,35.39789491049571,07/04/2010,55,,,,,,,,
1,139.0,3.0,32.58286682446514,35.39791541503579,07/04/2010,55,,,,,,,,
1,140.0,3.0,32.582742851425586,35.39794401347306,07/04/2010,55,,,,,,,,
1,141.0,3.0,32.58263342764676,35.39796937435139,07/04/2010,55,,,,,,,,
1,142.0,3.0,32.58253537049048,35.39799275672158,07/04/2010,55,,,,,,,,
1,143.0,3.0,32.5824312509506,35.39801829746451,07/04/2010,55,,,,,,,,
1,144.0,3.0,32.58233167800238,35.39804221942793,07/04/2010,55,,,,,,,,
1,145.0,3.0,32.58223043781379,35.39806488234035,07/04/2010,55,,,,,,,,
1,146.0,3.0,32.58213238021678,35.398087185524055,07/04/2010,55,,,,,,,,
1,147.0,2.0,32.581987945879405,35.39811776246913,07/04/2010,55,,,,,,,,
1,148.0,1.0,32.581930657070906,35.39786954957609,07/04/2010,55,,,,,,,,
1,149.0,2.0,32.58203129136757,35.39784958462987,07/04/2010,55,,,,,,,,
1,150.0,2.0,32.582133592682986,35.397825482802155,07/04/2010,55,,,,,,,,
1,151.0,2.0,32.58223362052297,35.397801560838765,07/04/2010,55,,,,,,,,
1,152.0,3.0,32.58233319358005,35.39777871806188,07/04/2010,55,,,,,,,,
1,153.0,3.0,32.58243367586802,35.397755515556184,07/04/2010,55,,,,,,,,
1,154.0,3.0,32.58251976015191,35.397735550609404,07/04/2010,55,,,,,,,,
1,155.0,3.0,32.58262494048512,35.39771000986649,07/04/2010,55,,,,,,,,
1,156.0,3.0,32.582722694430565,35.3976868073607,07/04/2010,55,,,,,,,,
1,157.0,3.0,32.582821206050674,35.397664504177,07/04/2010,55,,,,,,,,
1,158.0,3.0,32.58291471621154,35.3976420211287,07/04/2010,55,,,,,,,,
1,159.0,3.0,32.583020199193214,35.3976164803858,07/04/2010,55,,,,,,,,
1,160.0,3.0,32.58312310560317,35.39759237855815,07/04/2010,55,,,,,,,,
1,161.0,2.0,32.58322343545021,35.39756971564565,07/04/2010,55,,,,,,,,
1,162.0,2.0,32.583316490525235,35.39754759232619,07/04/2010,55,,,,,,,,
1,163.0,2.0,32.583413485940326,35.39752582873565,07/04/2010,55,,,,,,,,
1,164.0,3.0,32.583519271445326,35.39749938867071,07/04/2010,55,,,,,,,,
1,165.0,3.0,32.58362535993525,35.39747510697875,07/04/2010,55,,,,,,,,
1,166.0,3.0,32.58371189773908,35.397454062845476,07/04/2010,55,,,,,,,,
1,167.0,2.0,32.583821320201515,35.39742942142481,07/04/2010,55,,,,,,,,
1,168.0,3.0,32.583925741235774,35.397403880681885,07/04/2010,55,,,,,,,,
1,169.0,3.0,32.58402440308815,35.39738121776935,07/04/2010,55,,,,,,,,
1,170.0,3.0,32.58413064253434,35.39735693607738,07/04/2010,55,,,,,,,,
1,171.0,3.0,32.58423188057708,35.39733121546994,07/04/2010,55,,,,,,,,
1,172.0,3.0,32.5843241768367,35.39731053106571,07/04/2010,55,,,,,,,,
1,173.0,3.0,32.58443177990939,35.39728642923821,07/04/2010,55,,,,,,,,
1,174.0,3.0,32.584532259845275,35.39726142808837,07/04/2010,55,,,,,,,,
1,175.0,3.0,32.58463107258329,35.397238405447034,07/04/2010,55,,,,,,,,
1,176.0,3.0,32.5847326131669,35.39721574253462,07/04/2010,55,,,,,,,,
1,177.0,3.0,32.58483112257837,35.39719361921532,07/04/2010,55,,,,,,,,
1,178.0,3.0,32.5849370579632,35.397167538879195,07/04/2010,55,,,,,,,,
1,179.0,3.0,32.58503829509522,35.39714325718704,07/04/2010,55,,,,,,,,
1,180.0,3.0,32.585134227780955,35.39712005468119,07/04/2010,55,,,,,,,,
1,181.0,3.0,32.58524531558107,35.3970930750232,07/04/2010,55,,,,,,,,
1,182.0,2.0,32.585339580973326,35.39707005238167,07/04/2010,55,,,,,,,,
1,183.0,1.0,32.58544581886085,35.39704720960503,07/04/2010,55,,,,,,,,
1,184.0,1.0,32.58554296352368,35.397024906421244,07/04/2010,55,,,,,,,,
1,185.0,2.0,32.58564965582469,35.396998286491936,07/04/2010,55,,,,,,,,
1,186.0,2.0,32.58575437783177,35.39697436452873,07/04/2010,55,,,,,,,,
1,187.0,3.0,32.585859402818826,35.39694900365025,07/04/2010,55,,,,,,,,
1,188.0,3.0,32.585958517195856,35.396925441415654,07/04/2010,55,,,,,,,,
1,189.0,2.0,32.58605945007265,35.39690295836763,07/04/2010,55,,,,,,,,
1,190.0,2.0,32.586163110746845,35.396876878031435,07/04/2010,55,,,,,,,,
1,191.0,3.0,32.5862640433933,35.39685331579693,07/04/2010,55,,,,,,,,
1,192.0,2.0,32.58636679452929,35.39682939383365,07/04/2010,55,,,,,,,,
1,193.0,2.0,32.5864657567952,35.39680619132789,07/04/2010,55,,,,,,,,
1,194.0,3.0,32.586561536403366,35.396784068008515,07/04/2010,55,,,,,,,,
1,195.0,3.0,32.58666034690452,35.39676122523157,07/04/2010,55,,,,,,,,
1,196.0,2.0,32.58676491618131,35.39673604421748,07/04/2010,55,,,,,,,,
1,197.0,2.0,32.58686402955713,35.39671284171173,07/04/2010,55,,,,,,,,
1,198.0,2.0,32.586962536626345,35.39668856001948,07/04/2010,55,,,,,,,,
1,199.0,3.0,32.58706180133273,35.396665717242556,07/04/2010,55,,,,,,,,
1,200.0,3.0,32.58716242986946,35.39664143555037,07/04/2010,55,,,,,,,,
1,201.0,2.0,32.587260481964485,35.39661787331577,07/04/2010,55,,,,,,,,
1,202.0,2.0,32.58736277731255,35.39659197284392,07/04/2010,55,,,,,,,,
1,203.0,2.0,32.587463557059756,35.396569130067064,07/04/2010,55,,,,,,,,
1,204.0,1.0,32.58756009334296,35.39654664701888,07/04/2010,55,,,,,,,,
1,205.0,2.0,32.58766344918555,35.3965223653268,07/04/2010,55,,,,,,,,
1,206.0,2.0,32.58775862132228,35.39649988227856,07/04/2010,55,,,,,,,,
1,207.0,2.0,32.58786197693598,35.39647398180676,07/04/2010,55,,,,,,,,
1,208.0,2.0,32.58796790873889,35.39645005984361,07/04/2010,55,,,,,,,,
1,209.0,2.0,32.58806747542667,35.39642631774464,07/04/2010,55,,,,,,,,
1,210.0,2.0,32.58817946887481,35.396399517951096,07/04/2010,55,,,,,,,,
1,211.0,2.0,32.588271912616975,35.396377754360394,07/04/2010,55,,,,,,,,
1,212.0,2.0,32.588373752170114,35.39635347266827,07/04/2010,55,,,,,,,,
1,213.0,3.0,32.588460740030094,35.39633260839944,07/04/2010,55,,,,,,,,
1,214.0,3.0,32.58857121752153,35.39630688779233,07/04/2010,55,,,,,,,,
1,215.0,3.0,32.588662600034965,35.39628602352368,07/04/2010,55,,,,,,,,
1,216.0,3.0,32.588762469043466,35.39626282101794,07/04/2010,55,,,,,,,,
1,217.0,3.0,32.588852942085566,35.39624267620691,07/04/2010,55,,,,,,,,
1,218.0,3.0,32.58895311397377,35.396217315328244,07/04/2010,55,,,,,,,,
1,219.0,3.0,32.58904873937831,35.39619555173769,07/04/2010,55,,,,,,,,
1,220.0,3.0,32.589147547137664,35.39617127004546,07/04/2010,55,,,,,,,,
1,221.0,3.0,32.589251961967456,35.39614662862457,07/04/2010,55,,,,,,,,
1,222.0,3.0,32.589355315859066,35.396122526796916,07/04/2010,55,,,,,,,,
1,223.0,3.0,32.58944548521266,35.39610112293495,07/04/2010,55,,,,,,,,
1,224.0,3.0,32.58951231655722,35.396091230394646,07/04/2010,55,,,,,,,,
1,225.0,2.0,32.58947776431024,35.395845715468674,07/04/2010,55,,,,,,,,
1,226.0,3.0,32.58937774455356,35.395870177025294,07/04/2010,55,,,,,,,,
1,227.0,3.0,32.589274087597076,35.39589427885295,07/04/2010,55,,,,,,,,
1,228.0,3.0,32.589177856250906,35.39591784108762,07/04/2010,55,,,,,,,,
1,229.0,3.0,32.58907389597186,35.39594266237291,07/04/2010,55,,,,,,,,
1,230.0,3.0,32.5889706933015,35.39596874270914,07/04/2010,55,,,,,,,,
1,231.0,2.0,32.58886885442665,35.39599122575713,07/04/2010,55,,,,,,,,
1,232.0,3.0,32.58876186286507,35.39601622690673,07/04/2010,55,,,,,,,,
1,233.0,3.0,32.5886676010718,35.396038709955,07/04/2010,55,,,,,,,,
1,234.0,2.0,32.58866062993847,35.39603924954799,07/04/2010,55,,,,,,,,
1,235.0,2.0,32.588555456687025,35.39606371110443,07/04/2010,55,,,,,,,,
1,236.0,2.0,32.58845543590113,35.39608799279662,07/04/2010,55,,,,,,,,
1,237.0,3.0,32.58835632428499,35.39611191476001,07/04/2010,55,,,,,,,,
1,238.0,3.0,32.5882499382999,35.39613745550288,07/04/2010,55,,,,,,,,
1,239.0,3.0,32.58814491611378,35.39616317611021,07/04/2010,55,,,,,,,,
1,240.0,3.0,32.58803852987775,35.396186918208926,07/04/2010,55,,,,,,,,
1,241.0,3.0,32.587936689943696,35.39621263881636,07/04/2010,55,,,,,,,,
1,242.0,3.0,32.58782863643477,35.396240517796556,07/04/2010,55,,,,,,,,
1,243.0,3.0,32.58773119115314,35.39626084247173,07/04/2010,55,,,,,,,,
1,244.0,2.0,32.58762313739648,35.39628872145191,07/04/2010,55,,,,,,,,
1,245.0,2.0,32.587515841251246,35.396313542737076,07/04/2010,55,,,,,,,,
1,246.0,3.0,32.587411272850474,35.396339083480015,07/04/2010,55,,,,,,,,
1,247.0,3.0,32.58730791671709,35.39636426449416,07/04/2010,55,,,,,,,,
1,248.0,3.0,32.58720304497611,35.39638746699972,07/04/2010,55,,,,,,,,
1,249.0,3.0,32.58712090546324,35.39640689235337,07/04/2010,55,,,,,,,,
1,250.0,3.0,32.58700269717604,35.39643477133319,07/04/2010,55,,,,,,,,
1,251.0,3.0,32.58690479634843,35.39645653492366,07/04/2010,55,,,,,,,,
1,252.0,2.0,32.58679340750578,35.39648225553076,07/04/2010,55,,,,,,,,
1,253.0,2.0,32.58669156615707,35.39650815600262,07/04/2010,55,,,,,,,,
1,254.0,3.0,32.586593210339906,35.39653207796604,07/04/2010,55,,,,,,,,
1,255.0,3.0,32.586505008267316,35.396552582506,07/04/2010,55,,,,,,,,
1,256.0,3.0,32.58639877163506,35.396578662842096,07/04/2010,55,,,,,,,,
1,257.0,3.0,32.58629268642735,35.396602045212006,07/04/2010,55,,,,,,,,
1,258.0,3.0,32.58619205691418,35.39662686649743,07/04/2010,55,,,,,,,,
1,259.0,3.0,32.58608960867933,35.39665204751162,07/04/2010,55,,,,,,,,
1,260.0,3.0,32.58598443241117,35.39667542988153,07/04/2010,55,,,,,,,,
1,261.0,3.0,32.585878043610876,35.39670061089559,07/04/2010,55,,,,,,,,
1,262.0,2.0,32.58577347329956,35.39672309394348,07/04/2010,55,,,,,,,,
1,263.0,2.0,32.585670721483375,35.396750613195024,07/04/2010,55,,,,,,,,
1,264.0,2.0,32.58556054352018,35.39677831231071,07/04/2010,55,,,,,,,,
1,265.0,1.0,32.58545657904564,35.396800615494215,07/04/2010,55,,,,,,,,
1,266.0,2.0,32.585348219443155,35.396825796508175,07/04/2010,55,,,,,,,,
1,267.0,2.0,32.58523728332274,35.39685205670852,07/04/2010,55,,,,,,,,
1,268.0,2.0,32.58513286381622,35.39687741758704,07/04/2010,55,,,,,,,,
1,269.0,2.0,32.585034051631304,35.3968993610419,07/04/2010,55,,,,,,,,
1,270.0,3.0,32.58493311759979,35.39692634070028,07/04/2010,55,,,,,,,,
1,271.0,2.0,32.5848179374852,35.39695224117163,07/04/2010,55,,,,,,,,
1,272.0,3.0,32.584716851657376,35.39697688259262,07/04/2010,55,,,,,,,,
1,273.0,2.0,32.58461152222527,35.39700062469139,07/04/2010,55,,,,,,,,
1,274.0,3.0,32.58450391936827,35.39702634529863,07/04/2010,55,,,,,,,,
1,275.0,3.0,32.58440434872215,35.397050267262,07/04/2010,55,,,,,,,,
1,276.0,3.0,32.584302353105514,35.397072750309995,07/04/2010,55,,,,,,,,
1,277.0,2.0,32.58419474987745,35.397096852137494,07/04/2010,55,,,,,,,,
1,278.0,3.0,32.584090783818844,35.39712275260926,07/04/2010,55,,,,,,,,
1,279.0,3.0,32.58397545106764,35.39714919267388,07/04/2010,55,,,,,,,,
1,280.0,3.0,32.5838681505562,35.39717275490816,07/04/2010,55,,,,,,,,
1,281.0,2.0,32.583756303276104,35.39719919497289,07/04/2010,55,,,,,,,,
1,282.0,3.0,32.583650821160504,35.39722653435991,07/04/2010,55,,,,,,,,
1,283.0,3.0,32.58353851894419,35.39725045632283,07/04/2010,55,,,,,,,,
1,284.0,3.0,32.58342394325866,35.397279054760425,07/04/2010,55,,,,,,,,
1,285.0,3.0,32.583325280745335,35.39730423577475,07/04/2010,55,,,,,,,,
1,286.0,3.0,32.583214039010336,35.39733013624625,07/04/2010,55,,,,,,,,
1,287.0,3.0,32.58310340336047,35.39735531726013,07/04/2010,55,,,,,,,,
1,288.0,3.0,32.58298700844713,35.39738301637559,07/04/2010,55,,,,,,,,
1,289.0,3.0,32.582892740581066,35.39740388064415,07/04/2010,55,,,,,,,,
1,290.0,3.0,32.5827717987042,35.397432479081495,07/04/2010,55,,,,,,,,
1,291.0,3.0,32.58267086212563,35.397456940638065,07/04/2010,55,,,,,,,,
1,292.0,3.0,32.58256158981563,35.39748284110967,07/04/2010,55,,,,,,,,
1,293.0,3.0,32.58246474503563,35.39750730266639,07/04/2010,55,,,,,,,,
1,294.0,3.0,32.58235592714558,35.39753050517179,07/04/2010,55,,,,,,,,
1,295.0,3.0,32.582266811560594,35.39755244862699,07/04/2010,55,,,,,,,,
1,296.0,3.0,32.582146626626326,35.39757924842025,07/04/2010,55,,,,,,,,
1,297.0,2.0,32.582044931555984,35.39760622807857,07/04/2010,55,,,,,,,,
1,298.0,1.0,32.58188215858063,35.39764022244684,07/04/2010,55,,,,,,,,
1,299.0,2.0,32.58183184136934,35.397396686028834,07/04/2010,55,,,,,,,,
1,300.0,2.0,32.58194384260812,35.39737042582851,07/04/2010,55,,,,,,,,
1,301.0,2.0,32.58204023327799,35.397349561560056,07/04/2010,55,,,,,,,,
1,302.0,3.0,32.58214132212398,35.39732456041024,07/04/2010,55,,,,,,,,
1,303.0,3.0,32.5822369547954,35.39730171763318,07/04/2010,55,,,,,,,,
1,304.0,3.0,32.582334709163895,35.397278874856205,07/04/2010,55,,,,,,,,
1,305.0,2.0,32.58243413055185,35.397254593164,07/04/2010,55,,,,,,,,
1,306.0,3.0,32.58253052069465,35.39723139065815,07/04/2010,55,,,,,,,,
1,307.0,3.0,32.58262842629966,35.39720890761002,07/04/2010,55,,,,,,,,
1,308.0,2.0,32.58272602868483,35.3971869641551,07/04/2010,55,,,,,,,,
1,309.0,3.0,32.58282560119511,35.397161423412,07/04/2010,55,,,,,,,,
1,310.0,3.0,32.58292380958997,35.39713894036387,07/04/2010,55,,,,,,,,
1,311.0,2.0,32.583029292560944,35.397115018400704,07/04/2010,55,,,,,,,,
1,312.0,2.0,32.58312613673105,35.39709271521694,07/04/2010,55,,,,,,,,
1,313.0,3.0,32.58322328390775,35.39706843352466,07/04/2010,55,,,,,,,,
1,314.0,3.0,32.583323613642676,35.397045231018936,07/04/2010,55,,,,,,,,
1,315.0,3.0,32.58342227615777,35.397020589597865,07/04/2010,55,,,,,,,,
1,316.0,2.0,32.583527455432076,35.396997566956756,07/04/2010,55,,,,,,,,
1,317.0,1.0,32.583633847022135,35.396970227569746,07/04/2010,55,,,,,,,,
1,318.0,1.0,32.58373614650888,35.39694558614881,07/04/2010,55,,,,,,,,
1,319.0,2.0,32.583831929033515,35.39692472188032,07/04/2010,55,,,,,,,,
1,320.0,2.0,32.58393498606611,35.396899001272914,07/04/2010,55,,,,,,,,
1,321.0,2.0,32.584031223040974,35.396877597411205,07/04/2010,55,,,,,,,,
1,322.0,3.0,32.58412791457466,35.39685439490536,07/04/2010,55,,,,,,,,
1,323.0,3.0,32.584233244575,35.39682939375571,07/04/2010,55,,,,,,,,
1,324.0,3.0,32.584333573179684,35.396805291927954,07/04/2010,55,,,,,,,,
1,325.0,3.0,32.58443511410023,35.39678172969345,07/04/2010,55,,,,,,,,
1,326.0,2.0,32.58453377539198,35.39675942650976,07/04/2010,55,,,,,,,,
1,327.0,3.0,32.58464062044729,35.396732986444846,07/04/2010,55,,,,,,,,
1,328.0,2.0,32.58473685666459,35.39671302149844,07/04/2010,55,,,,,,,,
1,329.0,2.0,32.5848427921608,35.39668640156908,07/04/2010,55,,,,,,,,
1,330.0,3.0,32.58493902816115,35.39666301919881,07/04/2010,55,,,,,,,,
1,331.0,3.0,32.585037234240815,35.39663909723537,07/04/2010,55,,,,,,,,
1,332.0,2.0,32.58513437934644,35.396617513509284,07/04/2010,55,,,,,,,,
1,333.0,2.0,32.585234252286064,35.3965935915459,07/04/2010,55,,,,,,,,
1,334.0,2.0,32.58533124562616,35.39657074876888,07/04/2010,55,,,,,,,,
1,335.0,1.0,32.585430966794576,35.39654700666993,07/04/2010,55,,,,,,,,
1,336.0,1.0,32.58552659595675,35.396523624299626,07/04/2010,55,,,,,,,,
1,337.0,3.0,32.58561980019257,35.39650096138692,07/04/2010,55,,,,,,,,
1,338.0,3.0,32.58571861173178,35.396479017932045,07/04/2010,55,,,,,,,,
1,339.0,3.0,32.58571906638589,35.396479017932066,07/04/2010,55,,,,,,,,
1,340.0,3.0,32.58592941942161,35.396428655903925,07/04/2010,55,,,,,,,,
1,341.0,3.0,32.586125374651296,35.3963818911635,07/04/2010,55,,,,,,,,
1,342.0,3.0,32.586370734849154,35.39632487415331,07/04/2010,55,,,,,,,,
1,343.0,3.0,32.58660154558965,35.39627055510881,07/04/2010,55,,,,,,,,
1,344.0,3.0,32.58683538672525,35.3962147971491,07/04/2010,55,,,,,,,,
1,345.0,3.0,32.5870645292294,35.39616029824012,07/04/2010,55,,,,,,,,
1,346.0,3.0,32.58729836915722,35.396104360416,07/04/2010,55,,,,,,,,
1,347.0,1.0,32.587550697364414,35.39604806286373,07/04/2010,55,,,,,,,,
1,348.0,3.0,32.58779165877324,35.39599032639571,07/04/2010,55,,,,,,,,
1,349.0,3.0,32.588055806290306,35.395927014131736,07/04/2010,55,,,,,,,,
1,350.0,3.0,32.58828297556334,35.39587233535828,07/04/2010,55,,,,,,,,
1,351.0,3.0,32.58852742057566,35.39581244051743,07/04/2010,55,,,,,,,,
1,352.0,3.0,32.58875640720799,35.395759560388164,07/04/2010,55,,,,,,,,
1,353.0,3.0,32.5889797860594,35.39570434202131,07/04/2010,55,,,,,,,,
1,354.0,3.0,32.589208771536,35.39565272094294,07/04/2010,55,,,,,,,,
1,355.0,2.0,32.58942517818598,35.395603797830304,07/04/2010,55,,,,,,,,
1,356.0,2.0,32.589382897102375,35.39536511775177,07/04/2010,55,,,,,,,,
1,357.0,2.0,32.58912996787077,35.395419436795464,07/04/2010,55,,,,,,,,
1,358.0,1.0,32.58885172973687,35.39548580675397,07/04/2010,55,,,,,,,,
1,359.0,2.0,32.58861713612925,35.39554264390013,07/04/2010,55,,,,,,,,
1,360.0,2.0,32.588349807781455,35.39560523670634,07/04/2010,55,,,,,,,,
1,361.0,1.0,32.588098088013076,35.3956647718181,07/04/2010,55,,,,,,,,
1,362.0,1.0,32.5878215137017,35.39573222096313,07/04/2010,55,,,,,,,,
1,363.0,2.0,32.58759161539175,35.39578671987209,07/04/2010,55,,,,,,,,
1,364.0,2.0,32.587355957646004,35.39584085905202,07/04/2010,55,,,,,,,,
1,365.0,2.0,32.58712484575007,35.395896796876215,07/04/2010,55,,,,,,,,
1,366.0,2.0,32.58690009833163,35.3959503964633,07/04/2010,55,,,,,,,,
1,367.0,2.0,32.58665110238807,35.396010471168395,07/04/2010,55,,,,,,,,
1,368.0,1.0,32.58641453286855,35.39606425061944,07/04/2010,55,,,,,,,,
1,369.0,1.0,32.58618569180386,35.39611928912168,07/04/2010,55,,,,,,,,
1,370.0,2.0,32.58593987644653,35.39617702558951,07/04/2010,55,,,,,,,,
1,371.0,2.0,32.58570345660137,35.39623152449823,07/04/2010,55,,,,,,,,
1,372.0,2.0,32.58543339163056,35.39629663540614,07/04/2010,55,,,,,,,,
1,373.0,2.0,32.5854292997308,35.39629771459245,07/04/2010,55,,,,,,,,
1,374.0,1.0,32.58519848597196,35.39635059472167,07/04/2010,55,,,,,,,,
1,375.0,2.0,32.584968580934486,35.396405453359456,07/04/2010,55,,,,,,,,
1,376.0,2.0,32.584730642997286,35.39646265023433,07/04/2010,55,,,,,,,,
1,377.0,2.0,32.58449619015738,35.396516609549856,07/04/2010,55,,,,,,,,
1,378.0,2.0,32.58424870307474,35.39657632452618,07/04/2010,55,,,,,,,,
1,379.0,3.0,32.584010611672575,35.39663262207897,07/04/2010,55,,,,,,,,
1,380.0,2.0,32.583770549427626,35.396688559902884,07/04/2010,55,,,,,,,,
1,381.0,2.0,32.5835295772095,35.39674575677763,07/04/2010,55,,,,,,,,
1,382.0,3.0,32.58329163545286,35.3968016946016,07/04/2010,55,,,,,,,,
1,383.0,2.0,32.58305293528531,35.39685925120528,07/04/2010,55,,,,,,,,
1,384.0,2.0,32.5828133251447,35.396915548758024,07/04/2010,55,,,,,,,,
1,385.0,0.0,32.58257341125028,35.396972026175156,07/04/2010,55,,,,,,,,
1,386.0,2.0,32.58257386592029,35.396972385904,07/04/2010,55,,,,,,,,
1,387.0,2.0,32.582356381829975,35.39702256806745,07/04/2010,55,,,,,,,,
1,388.0,1.0,32.58211161687429,35.39708084412857,07/04/2010,55,,,,,,,,
1,389.0,1.0,32.58189413166259,35.397133364529424,07/04/2010,55,,,,,,,,
1,390.0,1.0,32.58178713177592,35.397159444865515,07/04/2010,55,,,,,,,,
1,391.0,1.0,32.581738026976126,35.39691069237955,07/04/2010,55,,,,,,,,
1,392.0,1.0,32.581981277374986,35.396854394826946,07/04/2010,55,,,,,,,,
1,393.0,1.0,32.582215130563036,35.396798457002824,07/04/2010,55,,,,,,,,
1,394.0,2.0,32.582457924996866,35.39673946148401,07/04/2010,55,,,,,,,,
1,395.0,2.0,32.582693747175604,35.396686581354984,07/04/2010,55,,,,,,,,
1,396.0,3.0,32.582920323813305,35.39663244217473,07/04/2010,55,,,,,,,,
1,397.0,3.0,32.58327026613713,35.396550783743706,07/04/2010,55,,,,,,,,
1,398.0,3.0,32.58350684395457,35.39649700429264,07/04/2010,55,,,,,,,,
1,399.0,3.0,32.58374796778856,35.39643818863816,07/04/2010,55,,,,,,,,
1,400.0,3.0,32.58397848217362,35.39638422932246,07/04/2010,55,,,,,,,,
1,401.0,2.0,32.584223242032365,35.39632577339694,07/04/2010,55,,,,,,,,
1,402.0,2.0,32.58446648568806,35.39626821679342,07/04/2010,55,,,,,,,,
1,403.0,3.0,32.58471563925301,35.39620886154601,07/04/2010,55,,,,,,,,
1,404.0,2.0,32.58496994491478,35.39614878684114,07/04/2010,55,,,,,,,,
1,405.0,2.0,32.58521212567884,35.396091949695226,07/04/2010,55,,,,,,,,
1,406.0,2.0,32.58547006717485,35.39603133539725,07/04/2010,55,,,,,,,,
1,407.0,2.0,32.585713458998804,35.39597126069195,07/04/2010,55,,,,,,,,
1,408.0,3.0,32.58593335976078,35.39592071879973,07/04/2010,55,,,,,,,,
1,409.0,3.0,32.58617568947267,35.39586172328087,07/04/2010,55,,,,,,,,
1,410.0,3.0,32.58640665226561,35.39580650491432,07/04/2010,55,,,,,,,,
1,411.0,3.0,32.58665170859394,35.39575092681944,07/04/2010,55,,,,,,,,
1,412.0,3.0,32.58689358171572,35.395692470893806,07/04/2010,55,,,,,,,,
1,413.0,3.0,32.58712787673641,35.39563689279852,07/04/2010,55,,,,,,,,
1,414.0,2.0,32.58737020321895,35.39557933619498,07/04/2010,55,,,,,,,,
1,415.0,3.0,32.58761131666108,35.395523578235554,07/04/2010,55,,,,,,,,
1,416.0,3.0,32.58785379338435,35.3954674605473,07/04/2010,55,,,,,,,,
1,417.0,3.0,32.58811203037338,35.395406486520486,07/04/2010,55,,,,,,,,
1,418.0,3.0,32.588358749055296,35.39534785073065,07/04/2010,55,,,,,,,,
1,419.0,3.0,32.588598192826865,35.395292092771136,07/04/2010,55,,,,,,,,
1,420.0,3.0,32.5887845948139,35.395246047488016,07/04/2010,55,,,,,,,,
1,421.0,3.0,32.589026916817446,35.39518777142684,07/04/2010,55,,,,,,,,
1,422.0,2.0,32.5893378881848,35.39511654513038,07/04/2010,55,,,,,,,,
1,423.0,2.0,32.58930106269162,35.394851065254386,07/04/2010,55,,,,,,,,
1,424.0,3.0,32.589061317706225,35.394910060773334,07/04/2010,55,,,,,,,,
1,425.0,3.0,32.588821875171824,35.39496743751254,07/04/2010,55,,,,,,,,
1,426.0,3.0,32.5885844021025,35.395022116285645,07/04/2010,55,,,,,,,,
1,427.0,3.0,32.58835571812447,35.395076795059076,07/04/2010,55,,,,,,,,
1,428.0,3.0,32.58812976141406,35.39513093423935,07/04/2010,55,,,,,,,,
1,429.0,3.0,32.587886376151104,35.395189570029316,07/04/2010,55,,,,,,,,
1,430.0,3.0,32.587654810978584,35.3952451481247,07/04/2010,55,,,,,,,,
1,431.0,3.0,32.58747795419063,35.39528723639105,07/04/2010,55,,,,,,,,
1,432.0,2.0,32.587257754120444,35.395336519232366,07/04/2010,55,,,,,,,,
1,433.0,2.0,32.586997544530696,35.395397852987934,07/04/2010,55,,,,,,,,
1,434.0,2.0,32.58674824575855,35.395458107557424,07/04/2010,55,,,,,,,,
1,435.0,1.0,32.58651910244585,35.39551278633082,07/04/2010,55,,,,,,,,
1,436.0,1.0,32.58634375891999,35.39555793229226,07/04/2010,55,,,,,,,,
1,437.0,2.0,32.586127799482206,35.39560667554049,07/04/2010,55,,,,,,,,
1,438.0,2.0,32.585922902748564,35.39565631811119,07/04/2010,55,,,,,,,,
1,439.0,2.0,32.585713610557065,35.395707219732635,07/04/2010,55,,,,,,,,
1,440.0,2.0,32.58550507563553,35.39575722203201,07/04/2010,55,,,,,,,,
1,441.0,3.0,32.5852816881249,35.395803087449366,07/04/2010,55,,,,,,,,
1,442.0,3.0,32.58504875225104,35.39585992459558,07/04/2010,55,,,,,,,,
1,443.0,3.0,32.58480278222308,35.39591658187692,07/04/2010,55,,,,,,,,
1,444.0,3.0,32.58458378800724,35.39596964187096,07/04/2010,55,,,,,,,,
1,445.0,3.0,32.584358276449414,35.39602396091567,07/04/2010,55,,,,,,,,
1,446.0,3.0,32.58412715682474,35.39607792023134,07/04/2010,55,,,,,,,,
1,447.0,3.0,32.583885882456194,35.39613601642813,07/04/2010,55,,,,,,,,
1,448.0,3.0,32.58366340023954,35.39618511940496,07/04/2010,55,,,,,,,,
1,449.0,3.0,32.58343227882326,35.3962426760089,07/04/2010,55,,,,,,,,
1,450.0,3.0,32.583207219035565,35.396295556138305,07/04/2010,55,,,,,,,,
1,451.0,3.0,32.582969731091296,35.39635347247087,07/04/2010,55,,,,,,,,
1,452.0,3.0,32.582730423841056,35.39641102907449,07/04/2010,55,,,,,,,,
1,453.0,3.0,32.58250111870124,35.3964628300173,07/04/2010,55,,,,,,,,
1,454.0,3.0,32.58226393200085,35.396520386621,07/04/2010,55,,,,,,,,
1,455.0,3.0,32.58203189763124,35.39657470566545,07/04/2010,55,,,,,,,,
1,456.0,2.0,32.581833356968914,35.39661931203281,07/04/2010,55,,,,,,,,
1,457.0,2.0,32.581700592128,35.39664970911387,07/04/2010,55,,,,,,,,
1,458.0,1.0,32.581662551031215,35.396394841238255,07/04/2010,55,,,,,,,,
1,459.0,3.0,32.581888220928036,35.39634124165122,07/04/2010,55,,,,,,,,
1,460.0,3.0,32.58211646673336,35.39629034003048,07/04/2010,55,,,,,,,,
1,461.0,3.0,32.582356533407655,35.39623296329127,07/04/2010,55,,,,,,,,
1,462.0,3.0,32.58258962783361,35.39617738519595,07/04/2010,55,,,,,,,,
1,463.0,3.0,32.58282726834096,35.39612288628727,07/04/2010,55,,,,,,,,
1,464.0,3.0,32.58306627222102,35.39606514981921,07/04/2010,55,,,,,,,,
1,465.0,2.0,32.58329360569447,35.396010650910156,07/04/2010,55,,,,,,,,
1,466.0,2.0,32.58352457591309,35.39595579227241,07/04/2010,55,,,,,,,,
1,467.0,2.0,32.58375357532587,35.395901473227845,07/04/2010,55,,,,,,,,
1,468.0,2.0,32.58398408969652,35.39584733404772,07/04/2010,55,,,,,,,,
1,469.0,2.0,32.58421581590568,35.39579229554562,07/04/2010,55,,,,,,,,
1,470.0,3.0,32.584452845888364,35.39573617785717,07/04/2010,55,,,,,,,,
1,471.0,3.0,32.58469684668644,35.39568006016902,07/04/2010,55,,,,,,,,
1,472.0,2.0,32.58495251637542,35.395619266006506,07/04/2010,55,,,,,,,,
1,473.0,0.0,32.585060270246395,35.39559336553488,07/04/2010,55,,,,,,,,
1,474.0,1.0,32.58516408362834,35.39556836438518,07/04/2010,55,,,,,,,,
1,475.0,2.0,32.585375347277996,35.39551944127237,07/04/2010,55,,,,,,,,
1,476.0,1.0,32.58557251613172,35.3954728563964,07/04/2010,55,,,,,,,,
1,477.0,3.0,32.58580772391265,35.395417458165575,07/04/2010,55,,,,,,,,
1,478.0,2.0,32.58602974615508,35.39536439817164,07/04/2010,55,,,,,,,,
1,479.0,3.0,32.58625388955399,35.39531061872013,07/04/2010,55,,,,,,,,
1,480.0,3.0,32.58648182114407,35.395258278184066,07/04/2010,55,,,,,,,,
1,481.0,2.0,32.5867132377972,35.39520413900398,07/04/2010,55,,,,,,,,
1,482.0,3.0,32.58693465159965,35.39514981995914,07/04/2010,55,,,,,,,,
1,483.0,1.0,32.58716409694788,35.39509622037224,07/04/2010,55,,,,,,,,
1,484.0,1.0,32.58738278176282,35.395044419429055,07/04/2010,55,,,,,,,,
1,485.0,2.0,32.58760373926684,35.39499243862158,07/04/2010,55,,,,,,,,
1,486.0,2.0,32.58782348384374,35.394940637678445,07/04/2010,55,,,,,,,,
1,487.0,2.0,32.588037923721885,35.39489063537926,07/04/2010,55,,,,,,,,
1,488.0,2.0,32.588261152816784,35.39483775524979,07/04/2010,55,,,,,,,,
1,489.0,2.0,32.588479986501845,35.394786673764294,07/04/2010,55,,,,,,,,
1,490.0,3.0,32.58869715264323,35.394732354719295,07/04/2010,55,,,,,,,,
1,491.0,3.0,32.58891734917732,35.394681453098244,07/04/2010,55,,,,,,,,
1,492.0,3.0,32.58912587616039,35.394631270934426,07/04/2010,55,,,,,,,,
1,493.0,2.0,32.589250446553876,35.3946041114125,07/04/2010,55,,,,,,,,
1,494.0,2.0,32.58919331393298,35.394322803467375,07/04/2010,55,,,,,,,,
1,495.0,2.0,32.58896250986624,35.39438197885104,07/04/2010,55,,,,,,,,
1,496.0,2.0,32.588736100046816,35.39443449925158,07/04/2010,55,,,,,,,,
1,497.0,2.0,32.588509386562194,35.39448773910978,07/04/2010,55,,,,,,,,
1,498.0,2.0,32.58828161167491,35.39454313734089,07/04/2010,55,,,,,,,,
1,499.0,2.0,32.58804868359675,35.394596916792075,07/04/2010,55,,,,,,,,
1,500.0,2.0,32.5878248477815,35.39465105597242,07/04/2010,55,,,,,,,,
1,501.0,2.0,32.58758979684171,35.394705554881185,07/04/2010,55,,,,,,,,
1,502.0,1.0,32.587359140194536,35.39475951419687,07/04/2010,55,,,,,,,,
1,503.0,2.0,32.58712560352328,35.394813833241294,07/04/2010,55,,,,,,,,
1,504.0,2.0,32.58689979526117,35.39486905160806,07/04/2010,55,,,,,,,,
1,505.0,2.0,32.586664438795985,35.39492660821185,07/04/2010,55,,,,,,,,
1,506.0,3.0,32.586436962320654,35.39497984806999,07/04/2010,55,,,,,,,,
1,507.0,3.0,32.586210546121734,35.39503308792818,07/04/2010,55,,,,,,,,
1,508.0,3.0,32.58598140143449,35.39508650765067,07/04/2010,55,,,,,,,,
1,509.0,3.0,32.58575210461016,35.39514172601732,07/04/2010,55,,,,,,,,
1,510.0,3.0,32.58552432271627,35.395193526960135,07/04/2010,55,,,,,,,,
1,511.0,3.0,32.585303814742595,35.39524568763208,07/04/2010,55,,,,,,,,
1,512.0,2.0,32.58506890874438,35.395301085862904,07/04/2010,55,,,,,,,,
1,513.0,3.0,32.584841125114345,35.39535666395844,07/04/2010,55,,,,,,,,
1,514.0,3.0,32.58461485643778,35.395409723952206,07/04/2010,55,,,,,,,,
1,515.0,3.0,32.58438979961894,35.39546314367487,07/04/2010,55,,,,,,,,
1,516.0,3.0,32.584146707309216,35.3955198009563,07/04/2010,55,,,,,,,,
1,517.0,3.0,32.583922255532656,35.39557232135691,07/04/2010,55,,,,,,,,
1,518.0,2.0,32.583696742310664,35.39562717999486,07/04/2010,55,,,,,,,,
1,519.0,1.0,32.58347713917231,35.39567952053121,07/04/2010,55,,,,,,,,
1,520.0,1.0,32.5832534434969,35.39573419930481,07/04/2010,55,,,,,,,,
1,521.0,1.0,32.5830350517198,35.39578618011238,07/04/2010,55,,,,,,,,
1,522.0,1.0,32.582813779841636,35.3958385206487,07/04/2010,55,,,,,,,,
1,523.0,1.0,32.582601600815394,35.39588888267679,07/04/2010,55,,,,,,,,
1,524.0,2.0,32.582373962473184,35.39594122321287,07/04/2010,55,,,,,,,,
1,525.0,2.0,32.58217011806094,35.39599176510569,07/04/2010,55,,,,,,,,
1,526.0,3.0,32.58193717410209,35.39604410564156,07/04/2010,55,,,,,,,,
1,527.0,3.0,32.58172984286048,35.39609338848334,07/04/2010,55,,,,,,,,
1,528.0,2.0,32.58162208498644,35.39611623125994,07/04/2010,55,,,,,,,,
2,1.0,0.0,32.58211055593961,35.39832442668495,12/04/2010,50,,,,,,,,
2,2.0,1.0,32.58222619420443,35.398300684586566,12/04/2010,50,,,,,,,,
2,3.0,1.0,32.58233637626568,35.39827622303032,12/04/2010,50,,,,,,,,
2,4.0,1.0,32.582443981724325,35.39825194133841,12/04/2010,50,,,,,,,,
2,5.0,0.0,32.58255628531175,35.398226580460175,12/04/2010,50,,,,,,,,
2,6.0,0.0,32.58266661852392,35.39819690283594,12/04/2010,50,,,,,,,,
2,7.0,1.0,32.58277558759323,35.39817244127967,12/04/2010,50,,,,,,,,
2,8.0,1.0,32.58286546045338,35.398150497824474,12/04/2010,50,,,,,,,,
2,9.0,2.0,32.58297776351285,35.398124957081826,12/04/2010,50,,,,,,,,
2,10.0,2.0,32.58308930865263,35.39809923647474,12/04/2010,50,,,,,,,,
2,11.0,1.0,32.58321252343501,35.39807333600369,12/04/2010,50,,,,,,,,
2,12.0,1.0,32.58332906961096,35.39804473756613,12/04/2010,50,,,,,,,,
2,13.0,1.0,32.58344152364492,35.39801793777262,12/04/2010,50,,,,,,,,
2,14.0,0.0,32.58355094643731,35.39799545472489,12/04/2010,50,,,,,,,,
2,15.0,0.0,32.58365885354787,35.39796973411769,12/04/2010,50,,,,,,,,
2,16.0,0.0,32.583766305864536,35.397944193374855,12/04/2010,50,,,,,,,,
2,17.0,0.0,32.583873606497875,35.39792189019147,12/04/2010,50,,,,,,,,
2,18.0,1.0,32.5839756026025,35.397893651482256,12/04/2010,50,,,,,,,,
2,19.0,2.0,32.58408078122763,35.3978700892479,12/04/2010,50,,,,,,,,
2,20.0,2.0,32.58418156466479,35.39784634714898,12/04/2010,50,,,,,,,,
2,21.0,2.0,32.58428643994072,35.39782170572812,12/04/2010,50,,,,,,,,
2,22.0,2.0,32.58438570761057,35.397798323357975,12/04/2010,50,,,,,,,,
2,23.0,1.0,32.58448709691861,35.397776559767614,12/04/2010,50,,,,,,,,
2,24.0,2.0,32.584593032709975,35.39775047943149,12/04/2010,50,,,,,,,,
2,25.0,2.0,32.58469805905767,35.39772583801066,12/04/2010,50,,,,,,,,
2,26.0,2.0,32.5848030852822,35.397703175098364,12/04/2010,50,,,,,,,,
2,27.0,2.0,32.58490462567092,35.397681411507996,12/04/2010,50,,,,,,,,
2,28.0,2.0,32.58501192494183,35.397656050629585,12/04/2010,50,,,,,,,,
2,29.0,1.0,32.585118011665365,35.39762997029349,12/04/2010,50,,,,,,,,
2,30.0,1.0,32.58522637154623,35.39760263090656,12/04/2010,50,,,,,,,,
2,31.0,2.0,32.585329123871574,35.397581946502726,12/04/2010,50,,,,,,,,
2,32.0,2.0,32.58543490711598,35.39755766481073,12/04/2010,50,,,,,,,,
2,33.0,1.0,32.58554948023134,35.3975297858308,12/04/2010,50,,,,,,,,
2,34.0,1.0,32.58565344459813,35.39750658332523,12/04/2010,50,,,,,,,,
2,35.0,1.0,32.5857671081265,35.39747924393848,12/04/2010,50,,,,,,,,
2,36.0,1.0,32.58587137534307,35.397456221297354,12/04/2010,50,,,,,,,,
2,37.0,1.0,32.58598321998423,35.397429241639365,12/04/2010,50,,,,,,,,
2,38.0,1.0,32.58609718619589,35.39740136265941,12/04/2010,50,,,,,,,,
2,39.0,2.0,32.586196603411125,35.397378340018086,12/04/2010,50,,,,,,,,
2,40.0,2.0,32.58629541431458,35.39735459791909,12/04/2010,50,,,,,,,,
2,41.0,2.0,32.5864027119207,35.397329776633924,12/04/2010,50,,,,,,,,
2,42.0,2.0,32.5865097062984,35.39730297684017,12/04/2010,50,,,,,,,,
2,43.0,2.0,32.58660942615582,35.39728103338536,12/04/2010,50,,,,,,,,
2,44.0,2.0,32.586714753240365,35.397255312778036,12/04/2010,50,,,,,,,,
2,45.0,1.0,32.58682508133431,35.397230311628554,12/04/2010,50,,,,,,,,
2,46.0,2.0,32.58692843802442,35.39720638966531,12/04/2010,50,,,,,,,,
2,47.0,1.0,32.58702846051426,35.39718318715959,12/04/2010,50,,,,,,,,
2,48.0,1.0,32.587131210774025,35.39715746655218,12/04/2010,50,,,,,,,,
2,49.0,2.0,32.58723426401362,35.39713030702948,12/04/2010,50,,,,,,,,
2,50.0,2.0,32.587345955405546,35.39710746425302,12/04/2010,50,,,,,,,,
2,51.0,2.0,32.58744218871851,35.39708498120482,12/04/2010,50,,,,,,,,
2,52.0,3.0,32.58755130353105,35.39705944046206,12/04/2010,50,,,,,,,,
2,53.0,2.0,32.58765193151817,35.39703749700725,12/04/2010,50,,,,,,,,
2,54.0,2.0,32.5877521047486,35.39701429450155,12/04/2010,50,,,,,,,,
2,55.0,3.0,32.587858188229234,35.39698659538571,12/04/2010,50,,,,,,,,
2,56.0,3.0,32.58795684575337,35.39696465193085,12/04/2010,50,,,,,,,,
2,57.0,3.0,32.58806111042282,35.39694108969645,12/04/2010,50,,,,,,,,
2,58.0,2.0,32.58816310176273,35.396915189224615,12/04/2010,50,,,,,,,,
2,59.0,3.0,32.58826403215717,35.396891447125675,12/04/2010,50,,,,,,,,
2,60.0,3.0,32.588365417078585,35.39686824462002,12/04/2010,50,,,,,,,,
2,61.0,3.0,32.5884692266327,35.39684270387708,12/04/2010,50,,,,,,,,
2,62.0,3.0,32.58857364225262,35.3968193215071,12/04/2010,50,,,,,,,,
2,63.0,2.0,32.58868396805857,35.39679324117113,12/04/2010,50,,,,,,,,
2,64.0,2.0,32.58878898961305,35.3967677004282,12/04/2010,50,,,,,,,,
2,65.0,3.0,32.58889537495837,35.39674215968535,12/04/2010,50,,,,,,,,
2,66.0,2.0,32.58899827462376,35.39671931690859,12/04/2010,50,,,,,,,,
2,67.0,3.0,32.58910738754199,35.396692696979336,12/04/2010,50,,,,,,,,
2,68.0,2.0,32.589217106509174,35.396666616643344,12/04/2010,50,,,,,,,,
2,69.0,2.0,32.58932485525372,35.396639816849635,12/04/2010,50,,,,,,,,
2,70.0,3.0,32.58942548124971,35.3966160747507,12/04/2010,50,,,,,,,,
2,71.0,2.0,32.58952595558794,35.396589274956725,12/04/2010,50,,,,,,,,
2,72.0,2.0,32.58961082070261,35.396578662959406,12/04/2010,50,,,,,,,,
2,73.0,3.0,32.5895468687909,35.39633710504946,12/04/2010,50,,,,,,,,
2,74.0,3.0,32.58945275936822,35.3963603075554,12/04/2010,50,,,,,,,,
2,75.0,3.0,32.58935001176977,35.39638584829839,12/04/2010,50,,,,,,,,
2,76.0,3.0,32.58924529396351,35.39640923066837,12/04/2010,50,,,,,,,,
2,77.0,3.0,32.589143303855074,35.39643351236047,12/04/2010,50,,,,,,,,
2,78.0,3.0,32.58904964864581,35.39645725445968,12/04/2010,50,,,,,,,,
2,79.0,3.0,32.58893401918294,35.39648459384633,12/04/2010,50,,,,,,,,
2,80.0,3.0,32.58883036171326,35.3965092352672,12/04/2010,50,,,,,,,,
2,81.0,3.0,32.58872791649388,35.396534236416976,12/04/2010,50,,,,,,,,
2,82.0,3.0,32.58862577425031,35.396557618787035,12/04/2010,50,,,,,,,,
2,83.0,3.0,32.58852772364882,35.39658046156401,12/04/2010,50,,,,,,,,
2,84.0,2.0,32.58842588427069,35.396602944612006,12/04/2010,50,,,,,,,,
2,85.0,2.0,32.58832556024627,35.39662812562625,12/04/2010,50,,,,,,,,
2,86.0,2.0,32.588216446376265,35.396652946911345,12/04/2010,50,,,,,,,,
2,87.0,3.0,32.588111727245575,35.396677408467795,12/04/2010,50,,,,,,,,
2,88.0,3.0,32.58800973584723,35.39670222975315,12/04/2010,50,,,,,,,,
2,89.0,3.0,32.587903955641366,35.39672723090281,12/04/2010,50,,,,,,,,
2,90.0,3.0,32.58780241865013,35.39675223205261,12/04/2010,50,,,,,,,,
2,91.0,2.0,32.587702093927966,35.39677489496508,12/04/2010,50,,,,,,,,
2,92.0,2.0,32.5876029814788,35.3967989967929,12/04/2010,50,,,,,,,,
2,93.0,2.0,32.587498261631374,35.3968230986205,12/04/2010,50,,,,,,,,
2,94.0,2.0,32.58739187462781,35.39684738031246,12/04/2010,50,,,,,,,,
2,95.0,2.0,32.58728685143632,35.396873100919805,12/04/2010,50,,,,,,,,
2,96.0,1.0,32.587181525023986,35.39689900139151,12/04/2010,50,,,,,,,,
2,97.0,1.0,32.5870713489178,35.39692436226983,12/04/2010,50,,,,,,,,
2,98.0,1.0,32.58696541605525,35.3969509821992,12/04/2010,50,,,,,,,,
2,99.0,2.0,32.58686554504452,35.39697346524726,12/04/2010,50,,,,,,,,
2,100.0,2.0,32.58676446152572,35.396997567075,12/04/2010,50,,,,,,,,
2,101.0,2.0,32.58666474184078,35.39702184876721,12/04/2010,50,,,,,,,,
2,102.0,2.0,32.58656290034593,35.39704451167963,12/04/2010,50,,,,,,,,
2,103.0,2.0,32.586452875029444,35.39707239065972,12/04/2010,50,,,,,,,,
2,104.0,3.0,32.58634951779101,35.397095952894155,12/04/2010,50,,,,,,,,
2,105.0,3.0,32.58624797903889,35.397120234586296,12/04/2010,50,,,,,,,,
2,106.0,2.0,32.5861447731148,35.397145235736026,12/04/2010,50,,,,,,,,
2,107.0,2.0,32.586041263970294,35.39716879797043,12/04/2010,50,,,,,,,,
2,108.0,3.0,32.5859341174825,35.39719271993354,12/04/2010,50,,,,,,,,
2,109.0,3.0,32.585823030536,35.39721987945597,12/04/2010,50,,,,,,,,
2,110.0,3.0,32.58571315586276,35.397245959791945,12/04/2010,50,,,,,,,,
2,111.0,2.0,32.58560994932287,35.39727221999258,12/04/2010,50,,,,,,,,
2,112.0,1.0,32.58550977369848,35.397294163447384,12/04/2010,50,,,,,,,,
2,113.0,1.0,32.58540611226881,35.39731862500386,12/04/2010,50,,,,,,,,
2,114.0,1.0,32.585306542624814,35.39734128791635,12/04/2010,50,,,,,,,,
2,115.0,2.0,32.58520454803461,35.39736646893056,12/04/2010,50,,,,,,,,
2,116.0,2.0,32.58510694834787,35.39738805265662,12/04/2010,50,,,,,,,,
2,117.0,2.0,32.585007226819044,35.39741089543352,12/04/2010,50,,,,,,,,
2,118.0,2.0,32.584904019466414,35.397435177125594,12/04/2010,50,,,,,,,,
2,119.0,2.0,32.584803388394434,35.39745730044482,12/04/2010,50,,,,,,,,
2,120.0,2.0,32.584698513723225,35.39748356064538,12/04/2010,50,,,,,,,,
2,121.0,0.0,32.584699271488624,35.39748248145893,12/04/2010,50,,,,,,,,
2,122.0,3.0,32.58459454824887,35.39750856179509,12/04/2010,50,,,,,,,,
2,123.0,2.0,32.584492249741814,35.39753032538542,12/04/2010,50,,,,,,,,
2,124.0,3.0,32.58439404306508,35.39755388762002,12/04/2010,50,,,,,,,,
2,125.0,3.0,32.584285682178155,35.397579967956055,12/04/2010,50,,,,,,,,
2,126.0,3.0,32.584183686426435,35.39760353019051,12/04/2010,50,,,,,,,,
2,127.0,3.0,32.58408851049401,35.39762745215407,12/04/2010,50,,,,,,,,
2,128.0,3.0,32.583988939386536,35.397650115066575,12/04/2010,50,,,,,,,,
2,129.0,1.0,32.58387572826693,35.397676734995656,12/04/2010,50,,,,,,,,
2,130.0,1.0,32.58377646003237,35.39769921804374,12/04/2010,50,,,,,,,,
2,131.0,3.0,32.583669765501924,35.39772655743072,12/04/2010,50,,,,,,,,
2,132.0,3.0,32.5835639801745,35.397751558580396,12/04/2010,50,,,,,,,,
2,133.0,3.0,32.58346319604309,35.3977742214928,12/04/2010,50,,,,,,,,
2,134.0,3.0,32.58336044157889,35.397798323320494,12/04/2010,50,,,,,,,,
2,135.0,3.0,32.58325647455273,35.397822784876965,12/04/2010,50,,,,,,,,
2,136.0,3.0,32.58315129496046,35.397847246433415,12/04/2010,50,,,,,,,,
2,137.0,3.0,32.58305839126983,35.39786865029523,12/04/2010,50,,,,,,,,
2,138.0,3.0,32.582951089660696,35.39789491049571,12/04/2010,50,,,,,,,,
2,139.0,3.0,32.58286682446514,35.39791541503579,12/04/2010,50,,,,,,,,
2,140.0,3.0,32.582742851425586,35.39794401347306,12/04/2010,50,,,,,,,,
2,141.0,3.0,32.58263342764676,35.39796937435139,12/04/2010,50,,,,,,,,
2,142.0,3.0,32.58253537049048,35.39799275672158,12/04/2010,50,,,,,,,,
2,143.0,3.0,32.5824312509506,35.39801829746451,12/04/2010,50,,,,,,,,
2,144.0,3.0,32.58233167800238,35.39804221942793,12/04/2010,50,,,,,,,,
2,145.0,3.0,32.58223043781379,35.39806488234035,12/04/2010,50,,,,,,,,
2,146.0,3.0,32.58213238021678,35.398087185524055,12/04/2010,50,,,,,,,,
2,147.0,2.0,32.581987945879405,35.39811776246913,12/04/2010,50,,,,,,,,
2,148.0,1.0,32.581930657070906,35.39786954957609,12/04/2010,50,,,,,,,,
2,149.0,2.0,32.58203129136757,35.39784958462987,12/04/2010,50,,,,,,,,
2,150.0,2.0,32.582133592682986,35.397825482802155,12/04/2010,50,,,,,,,,
2,151.0,2.0,32.58223362052297,35.397801560838765,12/04/2010,50,,,,,,,,
2,152.0,3.0,32.58233319358005,35.39777871806188,12/04/2010,50,,,,,,,,
2,153.0,3.0,32.58243367586802,35.397755515556184,12/04/2010,50,,,,,,,,
2,154.0,3.0,32.58251976015191,35.397735550609404,12/04/2010,50,,,,,,,,
2,155.0,3.0,32.58262494048512,35.39771000986649,12/04/2010,50,,,,,,,,
2,156.0,3.0,32.582722694430565,35.3976868073607,12/04/2010,50,,,,,,,,
2,157.0,3.0,32.582821206050674,35.397664504177,12/04/2010,50,,,,,,,,
2,158.0,3.0,32.58291471621154,35.3976420211287,12/04/2010,50,,,,,,,,
2,159.0,3.0,32.583020199193214,35.3976164803858,12/04/2010,50,,,,,,,,
2,160.0,3.0,32.58312310560317,35.39759237855815,12/04/2010,50,,,,,,,,
2,161.0,2.0,32.58322343545021,35.39756971564565,12/04/2010,50,,,,,,,,
2,162.0,2.0,32.583316490525235,35.39754759232619,12/04/2010,50,,,,,,,,
2,163.0,2.0,32.583413485940326,35.39752582873565,12/04/2010,50,,,,,,,,
2,164.0,3.0,32.583519271445326,35.39749938867071,12/04/2010,50,,,,,,,,
2,165.0,3.0,32.58362535993525,35.39747510697875,12/04/2010,50,,,,,,,,
2,166.0,3.0,32.58371189773908,35.397454062845476,12/04/2010,50,,,,,,,,
2,167.0,2.0,32.583821320201515,35.39742942142481,12/04/2010,50,,,,,,,,
2,168.0,3.0,32.583925741235774,35.397403880681885,12/04/2010,50,,,,,,,,
2,169.0,3.0,32.58402440308815,35.39738121776935,12/04/2010,50,,,,,,,,
2,170.0,3.0,32.58413064253434,35.39735693607738,12/04/2010,50,,,,,,,,
2,171.0,3.0,32.58423188057708,35.39733121546994,12/04/2010,50,,,,,,,,
2,172.0,3.0,32.5843241768367,35.39731053106571,12/04/2010,50,,,,,,,,
2,173.0,3.0,32.58443177990939,35.39728642923821,12/04/2010,50,,,,,,,,
2,174.0,3.0,32.584532259845275,35.39726142808837,12/04/2010,50,,,,,,,,
2,175.0,3.0,32.58463107258329,35.397238405447034,12/04/2010,50,,,,,,,,
2,176.0,3.0,32.5847326131669,35.39721574253462,12/04/2010,50,,,,,,,,
2,177.0,3.0,32.58483112257837,35.39719361921532,12/04/2010,50,,,,,,,,
2,178.0,3.0,32.5849370579632,35.397167538879195,12/04/2010,50,,,,,,,,
2,179.0,3.0,32.58503829509522,35.39714325718704,12/04/2010,50,,,,,,,,
2,180.0,3.0,32.585134227780955,35.39712005468119,12/04/2010,50,,,,,,,,
2,181.0,3.0,32.58524531558107,35.3970930750232,12/04/2010,50,,,,,,,,
2,182.0,2.0,32.585339580973326,35.39707005238167,12/04/2010,50,,,,,,,,
2,183.0,1.0,32.58544581886085,35.39704720960503,12/04/2010,50,,,,,,,,
2,184.0,1.0,32.58554296352368,35.397024906421244,12/04/2010,50,,,,,,,,
2,185.0,2.0,32.58564965582469,35.396998286491936,12/04/2010,50,,,,,,,,
2,186.0,2.0,32.58575437783177,35.39697436452873,12/04/2010,50,,,,,,,,
2,187.0,3.0,32.585859402818826,35.39694900365025,12/04/2010,50,,,,,,,,
2,188.0,3.0,32.585958517195856,35.396925441415654,12/04/2010,50,,,,,,,,
2,189.0,2.0,32.58605945007265,35.39690295836763,12/04/2010,50,,,,,,,,
2,190.0,2.0,32.586163110746845,35.396876878031435,12/04/2010,50,,,,,,,,
2,191.0,3.0,32.5862640433933,35.39685331579693,12/04/2010,50,,,,,,,,
2,192.0,2.0,32.58636679452929,35.39682939383365,12/04/2010,50,,,,,,,,
2,193.0,2.0,32.5864657567952,35.39680619132789,12/04/2010,50,,,,,,,,
2,194.0,3.0,32.586561536403366,35.396784068008515,12/04/2010,50,,,,,,,,
2,195.0,3.0,32.58666034690452,35.39676122523157,12/04/2010,50,,,,,,,,
2,196.0,2.0,32.58676491618131,35.39673604421748,12/04/2010,50,,,,,,,,
2,197.0,2.0,32.58686402955713,35.39671284171173,12/04/2010,50,,,,,,,,
2,198.0,2.0,32.586962536626345,35.39668856001948,12/04/2010,50,,,,,,,,
2,199.0,3.0,32.58706180133273,35.396665717242556,12/04/2010,50,,,,,,,,
2,200.0,3.0,32.58716242986946,35.39664143555037,12/04/2010,50,,,,,,,,
2,201.0,2.0,32.587260481964485,35.39661787331577,12/04/2010,50,,,,,,,,
2,202.0,2.0,32.58736277731255,35.39659197284392,12/04/2010,50,,,,,,,,
2,203.0,2.0,32.587463557059756,35.396569130067064,12/04/2010,50,,,,,,,,
2,204.0,1.0,32.58756009334296,35.39654664701888,12/04/2010,50,,,,,,,,
2,205.0,2.0,32.58766344918555,35.3965223653268,12/04/2010,50,,,,,,,,
2,206.0,2.0,32.58775862132228,35.39649988227856,12/04/2010,50,,,,,,,,
2,207.0,2.0,32.58786197693598,35.39647398180676,12/04/2010,50,,,,,,,,
2,208.0,2.0,32.58796790873889,35.39645005984361,12/04/2010,50,,,,,,,,
2,209.0,2.0,32.58806747542667,35.39642631774464,12/04/2010,50,,,,,,,,
2,210.0,2.0,32.58817946887481,35.396399517951096,12/04/2010,50,,,,,,,,
2,211.0,2.0,32.588271912616975,35.396377754360394,12/04/2010,50,,,,,,,,
2,212.0,2.0,32.588373752170114,35.39635347266827,12/04/2010,50,,,,,,,,
2,213.0,3.0,32.588460740030094,35.39633260839944,12/04/2010,50,,,,,,,,
2,214.0,3.0,32.58857121752153,35.39630688779233,12/04/2010,50,,,,,,,,
2,215.0,3.0,32.588662600034965,35.39628602352368,12/04/2010,50,,,,,,,,
2,216.0,3.0,32.588762469043466,35.39626282101794,12/04/2010,50,,,,,,,,
2,217.0,3.0,32.588852942085566,35.39624267620691,12/04/2010,50,,,,,,,,
2,218.0,3.0,32.58895311397377,35.396217315328244,12/04/2010,50,,,,,,,,
2,219.0,3.0,32.58904873937831,35.39619555173769,12/04/2010,50,,,,,,,,
2,220.0,3.0,32.589147547137664,35.39617127004546,12/04/2010,50,,,,,,,,
2,221.0,3.0,32.589251961967456,35.39614662862457,12/04/2010,50,,,,,,,,
2,222.0,3.0,32.589355315859066,35.396122526796916,12/04/2010,50,,,,,,,,
2,223.0,3.0,32.58944548521266,35.39610112293495,12/04/2010,50,,,,,,,,
2,224.0,3.0,32.58951231655722,35.396091230394646,12/04/2010,50,,,,,,,,
2,225.0,2.0,32.58947776431024,35.395845715468674,12/04/2010,50,,,,,,,,
2,226.0,3.0,32.58937774455356,35.395870177025294,12/04/2010,50,,,,,,,,
2,227.0,3.0,32.589274087597076,35.39589427885295,12/04/2010,50,,,,,,,,
2,228.0,3.0,32.589177856250906,35.39591784108762,12/04/2010,50,,,,,,,,
2,229.0,3.0,32.58907389597186,35.39594266237291,12/04/2010,50,,,,,,,,
2,230.0,3.0,32.5889706933015,35.39596874270914,12/04/2010,50,,,,,,,,
2,231.0,2.0,32.58886885442665,35.39599122575713,12/04/2010,50,,,,,,,,
2,232.0,3.0,32.58876186286507,35.39601622690673,12/04/2010,50,,,,,,,,
2,233.0,3.0,32.5886676010718,35.396038709955,12/04/2010,50,,,,,,,,
2,234.0,2.0,32.58866062993847,35.39603924954799,12/04/2010,50,,,,,,,,
2,235.0,2.0,32.588555456687025,35.39606371110443,12/04/2010,50,,,,,,,,
2,236.0,2.0,32.58845543590113,35.39608799279662,12/04/2010,50,,,,,,,,
2,237.0,3.0,32.58835632428499,35.39611191476001,12/04/2010,50,,,,,,,,
2,238.0,3.0,32.5882499382999,35.39613745550288,12/04/2010,50,,,,,,,,
2,239.0,3.0,32.58814491611378,35.39616317611021,12/04/2010,50,,,,,,,,
2,240.0,3.0,32.58803852987775,35.396186918208926,12/04/2010,50,,,,,,,,
2,241.0,3.0,32.587936689943696,35.39621263881636,12/04/2010,50,,,,,,,,
2,242.0,3.0,32.58782863643477,35.396240517796556,12/04/2010,50,,,,,,,,
2,243.0,3.0,32.58773119115314,35.39626084247173,12/04/2010,50,,,,,,,,
2,244.0,2.0,32.58762313739648,35.39628872145191,12/04/2010,50,,,,,,,,
2,245.0,2.0,32.587515841251246,35.396313542737076,12/04/2010,50,,,,,,,,
2,246.0,3.0,32.587411272850474,35.396339083480015,12/04/2010,50,,,,,,,,
2,247.0,3.0,32.58730791671709,35.39636426449416,12/04/2010,50,,,,,,,,
2,248.0,3.0,32.58720304497611,35.39638746699972,12/04/2010,50,,,,,,,,
2,249.0,3.0,32.58712090546324,35.39640689235337,12/04/2010,50,,,,,,,,
2,250.0,3.0,32.58700269717604,35.39643477133319,12/04/2010,50,,,,,,,,
2,251.0,3.0,32.58690479634843,35.39645653492366,12/04/2010,50,,,,,,,,
2,252.0,2.0,32.58679340750578,35.39648225553076,12/04/2010,50,,,,,,,,
2,253.0,2.0,32.58669156615707,35.39650815600262,12/04/2010,50,,,,,,,,
2,254.0,3.0,32.586593210339906,35.39653207796604,12/04/2010,50,,,,,,,,
2,255.0,3.0,32.586505008267316,35.396552582506,12/04/2010,50,,,,,,,,
2,256.0,3.0,32.58639877163506,35.396578662842096,12/04/2010,50,,,,,,,,
2,257.0,3.0,32.58629268642735,35.396602045212006,12/04/2010,50,,,,,,,,
2,258.0,3.0,32.58619205691418,35.39662686649743,12/04/2010,50,,,,,,,,
2,259.0,3.0,32.58608960867933,35.39665204751162,12/04/2010,50,,,,,,,,
2,260.0,3.0,32.58598443241117,35.39667542988153,12/04/2010,50,,,,,,,,
2,261.0,3.0,32.585878043610876,35.39670061089559,12/04/2010,50,,,,,,,,
2,262.0,2.0,32.58577347329956,35.39672309394348,12/04/2010,50,,,,,,,,
2,263.0,2.0,32.585670721483375,35.396750613195024,12/04/2010,50,,,,,,,,
2,264.0,2.0,32.58556054352018,35.39677831231071,12/04/2010,50,,,,,,,,
2,265.0,1.0,32.58545657904564,35.396800615494215,12/04/2010,50,,,,,,,,
2,266.0,2.0,32.585348219443155,35.396825796508175,12/04/2010,50,,,,,,,,
2,267.0,2.0,32.58523728332274,35.39685205670852,12/04/2010,50,,,,,,,,
2,268.0,2.0,32.58513286381622,35.39687741758704,12/04/2010,50,,,,,,,,
2,269.0,2.0,32.585034051631304,35.3968993610419,12/04/2010,50,,,,,,,,
2,270.0,3.0,32.58493311759979,35.39692634070028,12/04/2010,50,,,,,,,,
2,271.0,2.0,32.5848179374852,35.39695224117163,12/04/2010,50,,,,,,,,
2,272.0,3.0,32.584716851657376,35.39697688259262,12/04/2010,50,,,,,,,,
2,273.0,2.0,32.58461152222527,35.39700062469139,12/04/2010,50,,,,,,,,
2,274.0,3.0,32.58450391936827,35.39702634529863,12/04/2010,50,,,,,,,,
2,275.0,3.0,32.58440434872215,35.397050267262,12/04/2010,50,,,,,,,,
2,276.0,3.0,32.584302353105514,35.397072750309995,12/04/2010,50,,,,,,,,
2,277.0,2.0,32.58419474987745,35.397096852137494,12/04/2010,50,,,,,,,,
2,278.0,3.0,32.584090783818844,35.39712275260926,12/04/2010,50,,,,,,,,
2,279.0,3.0,32.58397545106764,35.39714919267388,12/04/2010,50,,,,,,,,
2,280.0,3.0,32.5838681505562,35.39717275490816,12/04/2010,50,,,,,,,,
2,281.0,2.0,32.583756303276104,35.39719919497289,12/04/2010,50,,,,,,,,
2,282.0,3.0,32.583650821160504,35.39722653435991,12/04/2010,50,,,,,,,,
2,283.0,3.0,32.58353851894419,35.39725045632283,12/04/2010,50,,,,,,,,
2,284.0,3.0,32.58342394325866,35.397279054760425,12/04/2010,50,,,,,,,,
2,285.0,3.0,32.583325280745335,35.39730423577475,12/04/2010,50,,,,,,,,
2,286.0,3.0,32.583214039010336,35.39733013624625,12/04/2010,50,,,,,,,,
2,287.0,3.0,32.58310340336047,35.39735531726013,12/04/2010,50,,,,,,,,
2,288.0,3.0,32.58298700844713,35.39738301637559,12/04/2010,50,,,,,,,,
2,289.0,3.0,32.582892740581066,35.39740388064415,12/04/2010,50,,,,,,,,
2,290.0,3.0,32.5827717987042,35.397432479081495,12/04/2010,50,,,,,,,,
2,291.0,3.0,32.58267086212563,35.397456940638065,12/04/2010,50,,,,,,,,
2,292.0,3.0,32.58256158981563,35.39748284110967,12/04/2010,50,,,,,,,,
2,293.0,3.0,32.58246474503563,35.39750730266639,12/04/2010,50,,,,,,,,
2,294.0,3.0,32.58235592714558,35.39753050517179,12/04/2010,50,,,,,,,,
2,295.0,3.0,32.582266811560594,35.39755244862699,12/04/2010,50,,,,,,,,
2,296.0,3.0,32.582146626626326,35.39757924842025,12/04/2010,50,,,,,,,,
2,297.0,2.0,32.582044931555984,35.39760622807857,12/04/2010,50,,,,,,,,
2,298.0,1.0,32.58188215858063,35.39764022244684,12/04/2010,50,,,,,,,,
2,299.0,2.0,32.58183184136934,35.397396686028834,12/04/2010,50,,,,,,,,
2,300.0,2.0,32.58194384260812,35.39737042582851,12/04/2010,50,,,,,,,,
2,301.0,2.0,32.58204023327799,35.397349561560056,12/04/2010,50,,,,,,,,
2,302.0,3.0,32.58214132212398,35.39732456041024,12/04/2010,50,,,,,,,,
2,303.0,3.0,32.5822369547954,35.39730171763318,12/04/2010,50,,,,,,,,
2,304.0,3.0,32.582334709163895,35.397278874856205,12/04/2010,50,,,,,,,,
2,305.0,2.0,32.58243413055185,35.397254593164,12/04/2010,50,,,,,,,,
2,306.0,3.0,32.58253052069465,35.39723139065815,12/04/2010,50,,,,,,,,
2,307.0,3.0,32.58262842629966,35.39720890761002,12/04/2010,50,,,,,,,,
2,308.0,2.0,32.58272602868483,35.3971869641551,12/04/2010,50,,,,,,,,
2,309.0,3.0,32.58282560119511,35.397161423412,12/04/2010,50,,,,,,,,
2,310.0,3.0,32.58292380958997,35.39713894036387,12/04/2010,50,,,,,,,,
2,311.0,2.0,32.583029292560944,35.397115018400704,12/04/2010,50,,,,,,,,
2,312.0,2.0,32.58312613673105,35.39709271521694,12/04/2010,50,,,,,,,,
2,313.0,3.0,32.58322328390775,35.39706843352466,12/04/2010,50,,,,,,,,
2,314.0,3.0,32.583323613642676,35.397045231018936,12/04/2010,50,,,,,,,,
2,315.0,3.0,32.58342227615777,35.397020589597865,12/04/2010,50,,,,,,,,
2,316.0,2.0,32.583527455432076,35.396997566956756,12/04/2010,50,,,,,,,,
2,317.0,1.0,32.583633847022135,35.396970227569746,12/04/2010,50,,,,,,,,
2,318.0,1.0,32.58373614650888,35.39694558614881,12/04/2010,50,,,,,,,,
2,319.0,2.0,32.583831929033515,35.39692472188032,12/04/2010,50,,,,,,,,
2,320.0,2.0,32.58393498606611,35.396899001272914,12/04/2010,50,,,,,,,,
2,321.0,2.0,32.584031223040974,35.396877597411205,12/04/2010,50,,,,,,,,
2,322.0,3.0,32.58412791457466,35.39685439490536,12/04/2010,50,,,,,,,,
2,323.0,3.0,32.584233244575,35.39682939375571,12/04/2010,50,,,,,,,,
2,324.0,3.0,32.584333573179684,35.396805291927954,12/04/2010,50,,,,,,,,
2,325.0,3.0,32.58443511410023,35.39678172969345,12/04/2010,50,,,,,,,,
2,326.0,2.0,32.58453377539198,35.39675942650976,12/04/2010,50,,,,,,,,
2,327.0,3.0,32.58464062044729,35.396732986444846,12/04/2010,50,,,,,,,,
2,328.0,2.0,32.58473685666459,35.39671302149844,12/04/2010,50,,,,,,,,
2,329.0,2.0,32.5848427921608,35.39668640156908,12/04/2010,50,,,,,,,,
2,330.0,3.0,32.58493902816115,35.39666301919881,12/04/2010,50,,,,,,,,
2,331.0,3.0,32.585037234240815,35.39663909723537,12/04/2010,50,,,,,,,,
2,332.0,2.0,32.58513437934644,35.396617513509284,12/04/2010,50,,,,,,,,
2,333.0,2.0,32.585234252286064,35.3965935915459,12/04/2010,50,,,,,,,,
2,334.0,2.0,32.58533124562616,35.39657074876888,12/04/2010,50,,,,,,,,
2,335.0,1.0,32.585430966794576,35.39654700666993,12/04/2010,50,,,,,,,,
2,336.0,1.0,32.58552659595675,35.396523624299626,12/04/2010,50,,,,,,,,
2,337.0,3.0,32.58561980019257,35.39650096138692,12/04/2010,50,,,,,,,,
2,338.0,3.0,32.58571861173178,35.396479017932045,12/04/2010,50,,,,,,,,
2,339.0,3.0,32.58571906638589,35.396479017932066,12/04/2010,50,,,,,,,,
2,340.0,3.0,32.58592941942161,35.396428655903925,12/04/2010,50,,,,,,,,
2,341.0,3.0,32.586125374651296,35.3963818911635,12/04/2010,50,,,,,,,,
2,342.0,3.0,32.586370734849154,35.39632487415331,12/04/2010,50,,,,,,,,
2,343.0,3.0,32.58660154558965,35.39627055510881,12/04/2010,50,,,,,,,,
2,344.0,3.0,32.58683538672525,35.3962147971491,12/04/2010,50,,,,,,,,
2,345.0,3.0,32.5870645292294,35.39616029824012,12/04/2010,50,,,,,,,,
2,346.0,3.0,32.58729836915722,35.396104360416,12/04/2010,50,,,,,,,,
2,347.0,1.0,32.587550697364414,35.39604806286373,12/04/2010,50,,,,,,,,
2,348.0,3.0,32.58779165877324,35.39599032639571,12/04/2010,50,,,,,,,,
2,349.0,3.0,32.588055806290306,35.395927014131736,12/04/2010,50,,,,,,,,
2,350.0,3.0,32.58828297556334,35.39587233535828,12/04/2010,50,,,,,,,,
2,351.0,3.0,32.58852742057566,35.39581244051743,12/04/2010,50,,,,,,,,
2,352.0,3.0,32.58875640720799,35.395759560388164,12/04/2010,50,,,,,,,,
2,353.0,3.0,32.5889797860594,35.39570434202131,12/04/2010,50,,,,,,,,
2,354.0,3.0,32.589208771536,35.39565272094294,12/04/2010,50,,,,,,,,
2,355.0,2.0,32.58942517818598,35.395603797830304,12/04/2010,50,,,,,,,,
2,356.0,2.0,32.589382897102375,35.39536511775177,12/04/2010,50,,,,,,,,
2,357.0,2.0,32.58912996787077,35.395419436795464,12/04/2010,50,,,,,,,,
2,358.0,1.0,32.58885172973687,35.39548580675397,12/04/2010,50,,,,,,,,
2,359.0,2.0,32.58861713612925,35.39554264390013,12/04/2010,50,,,,,,,,
2,360.0,2.0,32.588349807781455,35.39560523670634,12/04/2010,50,,,,,,,,
2,361.0,1.0,32.588098088013076,35.3956647718181,12/04/2010,50,,,,,,,,
2,362.0,1.0,32.5878215137017,35.39573222096313,12/04/2010,50,,,,,,,,
2,363.0,2.0,32.58759161539175,35.39578671987209,12/04/2010,50,,,,,,,,
2,364.0,2.0,32.587355957646004,35.39584085905202,12/04/2010,50,,,,,,,,
2,365.0,2.0,32.58712484575007,35.395896796876215,12/04/2010,50,,,,,,,,
2,366.0,2.0,32.58690009833163,35.3959503964633,12/04/2010,50,,,,,,,,
2,367.0,2.0,32.58665110238807,35.396010471168395,12/04/2010,50,,,,,,,,
2,368.0,1.0,32.58641453286855,35.39606425061944,12/04/2010,50,,,,,,,,
2,369.0,1.0,32.58618569180386,35.39611928912168,12/04/2010,50,,,,,,,,
2,370.0,2.0,32.58593987644653,35.39617702558951,12/04/2010,50,,,,,,,,
2,371.0,2.0,32.58570345660137,35.39623152449823,12/04/2010,50,,,,,,,,
2,372.0,2.0,32.58543339163056,35.39629663540614,12/04/2010,50,,,,,,,,
2,373.0,2.0,32.5854292997308,35.39629771459245,12/04/2010,50,,,,,,,,
2,374.0,1.0,32.58519848597196,35.39635059472167,12/04/2010,50,,,,,,,,
2,375.0,2.0,32.584968580934486,35.396405453359456,12/04/2010,50,,,,,,,,
2,376.0,2.0,32.584730642997286,35.39646265023433,12/04/2010,50,,,,,,,,
2,377.0,2.0,32.58449619015738,35.396516609549856,12/04/2010,50,,,,,,,,
2,378.0,2.0,32.58424870307474,35.39657632452618,12/04/2010,50,,,,,,,,
2,379.0,3.0,32.584010611672575,35.39663262207897,12/04/2010,50,,,,,,,,
2,380.0,2.0,32.583770549427626,35.396688559902884,12/04/2010,50,,,,,,,,
2,381.0,2.0,32.5835295772095,35.39674575677763,12/04/2010,50,,,,,,,,
2,382.0,3.0,32.58329163545286,35.3968016946016,12/04/2010,50,,,,,,,,
2,383.0,2.0,32.58305293528531,35.39685925120528,12/04/2010,50,,,,,,,,
2,384.0,2.0,32.5828133251447,35.396915548758024,12/04/2010,50,,,,,,,,
2,385.0,0.0,32.58257341125028,35.396972026175156,12/04/2010,50,,,,,,,,
2,386.0,2.0,32.58257386592029,35.396972385904,12/04/2010,50,,,,,,,,
2,387.0,2.0,32.582356381829975,35.39702256806745,12/04/2010,50,,,,,,,,
2,388.0,1.0,32.58211161687429,35.39708084412857,12/04/2010,50,,,,,,,,
2,389.0,1.0,32.58189413166259,35.397133364529424,12/04/2010,50,,,,,,,,
2,390.0,1.0,32.58178713177592,35.397159444865515,12/04/2010,50,,,,,,,,
2,391.0,1.0,32.581738026976126,35.39691069237955,12/04/2010,50,,,,,,,,
2,392.0,1.0,32.581981277374986,35.396854394826946,12/04/2010,50,,,,,,,,
2,393.0,1.0,32.582215130563036,35.396798457002824,12/04/2010,50,,,,,,,,
2,394.0,2.0,32.582457924996866,35.39673946148401,12/04/2010,50,,,,,,,,
2,395.0,2.0,32.582693747175604,35.396686581354984,12/04/2010,50,,,,,,,,
2,396.0,3.0,32.582920323813305,35.39663244217473,12/04/2010,50,,,,,,,,
2,397.0,3.0,32.58327026613713,35.396550783743706,12/04/2010,50,,,,,,,,
2,398.0,3.0,32.58350684395457,35.39649700429264,12/04/2010,50,,,,,,,,
2,399.0,3.0,32.58374796778856,35.39643818863816,12/04/2010,50,,,,,,,,
2,400.0,3.0,32.58397848217362,35.39638422932246,12/04/2010,50,,,,,,,,
2,401.0,2.0,32.584223242032365,35.39632577339694,12/04/2010,50,,,,,,,,
2,402.0,2.0,32.58446648568806,35.39626821679342,12/04/2010,50,,,,,,,,
2,403.0,3.0,32.58471563925301,35.39620886154601,12/04/2010,50,,,,,,,,
2,404.0,2.0,32.58496994491478,35.39614878684114,12/04/2010,50,,,,,,,,
2,405.0,2.0,32.58521212567884,35.396091949695226,12/04/2010,50,,,,,,,,
2,406.0,2.0,32.58547006717485,35.39603133539725,12/04/2010,50,,,,,,,,
2,407.0,2.0,32.585713458998804,35.39597126069195,12/04/2010,50,,,,,,,,
2,408.0,3.0,32.58593335976078,35.39592071879973,12/04/2010,50,,,,,,,,
2,409.0,3.0,32.58617568947267,35.39586172328087,12/04/2010,50,,,,,,,,
2,410.0,3.0,32.58640665226561,35.39580650491432,12/04/2010,50,,,,,,,,
2,411.0,3.0,32.58665170859394,35.39575092681944,12/04/2010,50,,,,,,,,
2,412.0,3.0,32.58689358171572,35.395692470893806,12/04/2010,50,,,,,,,,
2,413.0,3.0,32.58712787673641,35.39563689279852,12/04/2010,50,,,,,,,,
2,414.0,2.0,32.58737020321895,35.39557933619498,12/04/2010,50,,,,,,,,
2,415.0,3.0,32.58761131666108,35.395523578235554,12/04/2010,50,,,,,,,,
2,416.0,3.0,32.58785379338435,35.3954674605473,12/04/2010,50,,,,,,,,
2,417.0,3.0,32.58811203037338,35.395406486520486,12/04/2010,50,,,,,,,,
2,418.0,3.0,32.588358749055296,35.39534785073065,12/04/2010,50,,,,,,,,
2,419.0,3.0,32.588598192826865,35.395292092771136,12/04/2010,50,,,,,,,,
2,420.0,3.0,32.5887845948139,35.395246047488016,12/04/2010,50,,,,,,,,
2,421.0,3.0,32.589026916817446,35.39518777142684,12/04/2010,50,,,,,,,,
2,422.0,2.0,32.5893378881848,35.39511654513038,12/04/2010,50,,,,,,,,
2,423.0,2.0,32.58930106269162,35.394851065254386,12/04/2010,50,,,,,,,,
2,424.0,3.0,32.589061317706225,35.394910060773334,12/04/2010,50,,,,,,,,
2,425.0,3.0,32.588821875171824,35.39496743751254,12/04/2010,50,,,,,,,,
2,426.0,3.0,32.5885844021025,35.395022116285645,12/04/2010,50,,,,,,,,
2,427.0,3.0,32.58835571812447,35.395076795059076,12/04/2010,50,,,,,,,,
2,428.0,3.0,32.58812976141406,35.39513093423935,12/04/2010,50,,,,,,,,
2,429.0,3.0,32.587886376151104,35.395189570029316,12/04/2010,50,,,,,,,,
2,430.0,3.0,32.587654810978584,35.3952451481247,12/04/2010,50,,,,,,,,
2,431.0,3.0,32.58747795419063,35.39528723639105,12/04/2010,50,,,,,,,,
2,432.0,2.0,32.587257754120444,35.395336519232366,12/04/2010,50,,,,,,,,
2,433.0,2.0,32.586997544530696,35.395397852987934,12/04/2010,50,,,,,,,,
2,434.0,2.0,32.58674824575855,35.395458107557424,12/04/2010,50,,,,,,,,
2,435.0,1.0,32.58651910244585,35.39551278633082,12/04/2010,50,,,,,,,,
2,436.0,1.0,32.58634375891999,35.39555793229226,12/04/2010,50,,,,,,,,
2,437.0,2.0,32.586127799482206,35.39560667554049,12/04/2010,50,,,,,,,,
2,438.0,2.0,32.585922902748564,35.39565631811119,12/04/2010,50,,,,,,,,
2,439.0,2.0,32.585713610557065,35.395707219732635,12/04/2010,50,,,,,,,,
2,440.0,2.0,32.58550507563553,35.39575722203201,12/04/2010,50,,,,,,,,
2,441.0,3.0,32.5852816881249,35.395803087449366,12/04/2010,50,,,,,,,,
2,442.0,3.0,32.58504875225104,35.39585992459558,12/04/2010,50,,,,,,,,
2,443.0,3.0,32.58480278222308,35.39591658187692,12/04/2010,50,,,,,,,,
2,444.0,3.0,32.58458378800724,35.39596964187096,12/04/2010,50,,,,,,,,
2,445.0,3.0,32.584358276449414,35.39602396091567,12/04/2010,50,,,,,,,,
2,446.0,3.0,32.58412715682474,35.39607792023134,12/04/2010,50,,,,,,,,
2,447.0,3.0,32.583885882456194,35.39613601642813,12/04/2010,50,,,,,,,,
2,448.0,3.0,32.58366340023954,35.39618511940496,12/04/2010,50,,,,,,,,
2,449.0,3.0,32.58343227882326,35.3962426760089,12/04/2010,50,,,,,,,,
2,450.0,3.0,32.583207219035565,35.396295556138305,12/04/2010,50,,,,,,,,
2,451.0,3.0,32.582969731091296,35.39635347247087,12/04/2010,50,,,,,,,,
2,452.0,3.0,32.582730423841056,35.39641102907449,12/04/2010,50,,,,,,,,
2,453.0,3.0,32.58250111870124,35.3964628300173,12/04/2010,50,,,,,,,,
2,454.0,3.0,32.58226393200085,35.396520386621,12/04/2010,50,,,,,,,,
2,455.0,3.0,32.58203189763124,35.39657470566545,12/04/2010,50,,,,,,,,
2,456.0,2.0,32.581833356968914,35.39661931203281,12/04/2010,50,,,,,,,,
2,457.0,2.0,32.581700592128,35.39664970911387,12/04/2010,50,,,,,,,,
2,458.0,1.0,32.581662551031215,35.396394841238255,12/04/2010,50,,,,,,,,
2,459.0,3.0,32.581888220928036,35.39634124165122,12/04/2010,50,,,,,,,,
2,460.0,3.0,32.58211646673336,35.39629034003048,12/04/2010,50,,,,,,,,
2,461.0,3.0,32.582356533407655,35.39623296329127,12/04/2010,50,,,,,,,,
2,462.0,3.0,32.58258962783361,35.39617738519595,12/04/2010,50,,,,,,,,
2,463.0,3.0,32.58282726834096,35.39612288628727,12/04/2010,50,,,,,,,,
2,464.0,3.0,32.58306627222102,35.39606514981921,12/04/2010,50,,,,,,,,
2,465.0,2.0,32.58329360569447,35.396010650910156,12/04/2010,50,,,,,,,,
2,466.0,2.0,32.58352457591309,35.39595579227241,12/04/2010,50,,,,,,,,
2,467.0,2.0,32.58375357532587,35.395901473227845,12/04/2010,50,,,,,,,,
2,468.0,2.0,32.58398408969652,35.39584733404772,12/04/2010,50,,,,,,,,
2,469.0,2.0,32.58421581590568,35.39579229554562,12/04/2010,50,,,,,,,,
2,470.0,3.0,32.584452845888364,35.39573617785717,12/04/2010,50,,,,,,,,
2,471.0,3.0,32.58469684668644,35.39568006016902,12/04/2010,50,,,,,,,,
2,472.0,2.0,32.58495251637542,35.395619266006506,12/04/2010,50,,,,,,,,
2,473.0,0.0,32.585060270246395,35.39559336553488,12/04/2010,50,,,,,,,,
2,474.0,1.0,32.58516408362834,35.39556836438518,12/04/2010,50,,,,,,,,
2,475.0,2.0,32.585375347277996,35.39551944127237,12/04/2010,50,,,,,,,,
2,476.0,1.0,32.58557251613172,35.3954728563964,12/04/2010,50,,,,,,,,
2,477.0,3.0,32.58580772391265,35.395417458165575,12/04/2010,50,,,,,,,,
2,478.0,2.0,32.58602974615508,35.39536439817164,12/04/2010,50,,,,,,,,
2,479.0,3.0,32.58625388955399,35.39531061872013,12/04/2010,50,,,,,,,,
2,480.0,3.0,32.58648182114407,35.395258278184066,12/04/2010,50,,,,,,,,
2,481.0,2.0,32.5867132377972,35.39520413900398,12/04/2010,50,,,,,,,,
2,482.0,3.0,32.58693465159965,35.39514981995914,12/04/2010,50,,,,,,,,
2,483.0,1.0,32.58716409694788,35.39509622037224,12/04/2010,50,,,,,,,,
2,484.0,1.0,32.58738278176282,35.395044419429055,12/04/2010,50,,,,,,,,
2,485.0,2.0,32.58760373926684,35.39499243862158,12/04/2010,50,,,,,,,,
2,486.0,2.0,32.58782348384374,35.394940637678445,12/04/2010,50,,,,,,,,
2,487.0,2.0,32.588037923721885,35.39489063537926,12/04/2010,50,,,,,,,,
2,488.0,2.0,32.588261152816784,35.39483775524979,12/04/2010,50,,,,,,,,
2,489.0,2.0,32.588479986501845,35.394786673764294,12/04/2010,50,,,,,,,,
2,490.0,3.0,32.58869715264323,35.394732354719295,12/04/2010,50,,,,,,,,
2,491.0,3.0,32.58891734917732,35.394681453098244,12/04/2010,50,,,,,,,,
2,492.0,3.0,32.58912587616039,35.394631270934426,12/04/2010,50,,,,,,,,
2,493.0,2.0,32.589250446553876,35.3946041114125,12/04/2010,50,,,,,,,,
2,494.0,2.0,32.58919331393298,35.394322803467375,12/04/2010,50,,,,,,,,
2,495.0,2.0,32.58896250986624,35.39438197885104,12/04/2010,50,,,,,,,,
2,496.0,2.0,32.588736100046816,35.39443449925158,12/04/2010,50,,,,,,,,
2,497.0,2.0,32.588509386562194,35.39448773910978,12/04/2010,50,,,,,,,,
2,498.0,2.0,32.58828161167491,35.39454313734089,12/04/2010,50,,,,,,,,
2,499.0,2.0,32.58804868359675,35.394596916792075,12/04/2010,50,,,,,,,,
2,500.0,2.0,32.5878248477815,35.39465105597242,12/04/2010,50,,,,,,,,
2,501.0,2.0,32.58758979684171,35.394705554881185,12/04/2010,50,,,,,,,,
2,502.0,1.0,32.587359140194536,35.39475951419687,12/04/2010,50,,,,,,,,
2,503.0,2.0,32.58712560352328,35.394813833241294,12/04/2010,50,,,,,,,,
2,504.0,2.0,32.58689979526117,35.39486905160806,12/04/2010,50,,,,,,,,
2,505.0,2.0,32.586664438795985,35.39492660821185,12/04/2010,50,,,,,,,,
2,506.0,3.0,32.586436962320654,35.39497984806999,12/04/2010,50,,,,,,,,
2,507.0,3.0,32.586210546121734,35.39503308792818,12/04/2010,50,,,,,,,,
2,508.0,3.0,32.58598140143449,35.39508650765067,12/04/2010,50,,,,,,,,
2,509.0,3.0,32.58575210461016,35.39514172601732,12/04/2010,50,,,,,,,,
2,510.0,3.0,32.58552432271627,35.395193526960135,12/04/2010,50,,,,,,,,
2,511.0,3.0,32.585303814742595,35.39524568763208,12/04/2010,50,,,,,,,,
2,512.0,2.0,32.58506890874438,35.395301085862904,12/04/2010,50,,,,,,,,
2,513.0,3.0,32.584841125114345,35.39535666395844,12/04/2010,50,,,,,,,,
2,514.0,3.0,32.58461485643778,35.395409723952206,12/04/2010,50,,,,,,,,
2,515.0,3.0,32.58438979961894,35.39546314367487,12/04/2010,50,,,,,,,,
2,516.0,3.0,32.584146707309216,35.3955198009563,12/04/2010,50,,,,,,,,
2,517.0,3.0,32.583922255532656,35.39557232135691,12/04/2010,50,,,,,,,,
2,518.0,2.0,32.583696742310664,35.39562717999486,12/04/2010,50,,,,,,,,
2,519.0,1.0,32.58347713917231,35.39567952053121,12/04/2010,50,,,,,,,,
2,520.0,1.0,32.5832534434969,35.39573419930481,12/04/2010,50,,,,,,,,
2,521.0,1.0,32.5830350517198,35.39578618011238,12/04/2010,50,,,,,,,,
2,522.0,1.0,32.582813779841636,35.3958385206487,12/04/2010,50,,,,,,,,
2,523.0,1.0,32.582601600815394,35.39588888267679,12/04/2010,50,,,,,,,,
2,524.0,2.0,32.582373962473184,35.39594122321287,12/04/2010,50,,,,,,,,
2,525.0,2.0,32.58217011806094,35.39599176510569,12/04/2010,50,,,,,,,,
2,526.0,3.0,32.58193717410209,35.39604410564156,12/04/2010,50,,,,,,,,
2,527.0,3.0,32.58172984286048,35.39609338848334,12/04/2010,50,,,,,,,,
2,528.0,2.0,32.58162208498644,35.39611623125994,12/04/2010,50,,,,,,,,
3,1.0,0.0,32.58211055593961,35.39832442668495,16/04/2010,46,,,,,,,,
3,2.0,1.0,32.58222619420443,35.398300684586566,16/04/2010,46,,,,,,,,
3,3.0,1.0,32.58233637626568,35.39827622303032,16/04/2010,46,,,,,,,,
3,4.0,1.0,32.582443981724325,35.39825194133841,16/04/2010,46,,,,,,,,
3,5.0,0.0,32.58255628531175,35.398226580460175,16/04/2010,46,,,,,,,,
3,6.0,0.0,32.58266661852392,35.39819690283594,16/04/2010,46,,,,,,,,
3,7.0,1.0,32.58277558759323,35.39817244127967,16/04/2010,46,,,,,,,,
3,8.0,1.0,32.58286546045338,35.398150497824474,16/04/2010,46,,,,,,,,
3,9.0,2.0,32.58297776351285,35.398124957081826,16/04/2010,46,,,,,,,,
3,10.0,2.0,32.58308930865263,35.39809923647474,16/04/2010,46,,,,,,,,
3,11.0,1.0,32.58321252343501,35.39807333600369,16/04/2010,46,,,,,,,,
3,12.0,1.0,32.58332906961096,35.39804473756613,16/04/2010,46,,,,,,,,
3,13.0,1.0,32.58344152364492,35.39801793777262,16/04/2010,46,,,,,,,,
3,14.0,0.0,32.58355094643731,35.39799545472489,16/04/2010,46,,,,,,,,
3,15.0,0.0,32.58365885354787,35.39796973411769,16/04/2010,46,,,,,,,,
3,16.0,0.0,32.583766305864536,35.397944193374855,16/04/2010,46,,,,,,,,
3,17.0,0.0,32.583873606497875,35.39792189019147,16/04/2010,46,,,,,,,,
3,18.0,1.0,32.5839756026025,35.397893651482256,16/04/2010,46,,,,,,,,
3,19.0,2.0,32.58408078122763,35.3978700892479,16/04/2010,46,,,,,,,,
3,20.0,2.0,32.58418156466479,35.39784634714898,16/04/2010,46,,,,,,,,
3,21.0,2.0,32.58428643994072,35.39782170572812,16/04/2010,46,,,,,,,,
3,22.0,2.0,32.58438570761057,35.397798323357975,16/04/2010,46,,,,,,,,
3,23.0,1.0,32.58448709691861,35.397776559767614,16/04/2010,46,,,,,,,,
3,24.0,2.0,32.584593032709975,35.39775047943149,16/04/2010,46,,,,,,,,
3,25.0,2.0,32.58469805905767,35.39772583801066,16/04/2010,46,,,,,,,,
3,26.0,2.0,32.5848030852822,35.397703175098364,16/04/2010,46,,,,,,,,
3,27.0,2.0,32.58490462567092,35.397681411507996,16/04/2010,46,,,,,,,,
3,28.0,2.0,32.58501192494183,35.397656050629585,16/04/2010,46,,,,,,,,
3,29.0,1.0,32.585118011665365,35.39762997029349,16/04/2010,46,,,,,,,,
3,30.0,1.0,32.58522637154623,35.39760263090656,16/04/2010,46,,,,,,,,
3,31.0,2.0,32.585329123871574,35.397581946502726,16/04/2010,46,,,,,,,,
3,32.0,2.0,32.58543490711598,35.39755766481073,16/04/2010,46,,,,,,,,
3,33.0,1.0,32.58554948023134,35.3975297858308,16/04/2010,46,,,,,,,,
3,34.0,1.0,32.58565344459813,35.39750658332523,16/04/2010,46,,,,,,,,
3,35.0,1.0,32.5857671081265,35.39747924393848,16/04/2010,46,,,,,,,,
3,36.0,1.0,32.58587137534307,35.397456221297354,16/04/2010,46,,,,,,,,
3,37.0,1.0,32.58598321998423,35.397429241639365,16/04/2010,46,,,,,,,,
3,38.0,1.0,32.58609718619589,35.39740136265941,16/04/2010,46,,,,,,,,
3,39.0,2.0,32.586196603411125,35.397378340018086,16/04/2010,46,,,,,,,,
3,40.0,2.0,32.58629541431458,35.39735459791909,16/04/2010,46,,,,,,,,
3,41.0,2.0,32.5864027119207,35.397329776633924,16/04/2010,46,,,,,,,,
3,42.0,2.0,32.5865097062984,35.39730297684017,16/04/2010,46,,,,,,,,
3,43.0,2.0,32.58660942615582,35.39728103338536,16/04/2010,46,,,,,,,,
3,44.0,2.0,32.586714753240365,35.397255312778036,16/04/2010,46,,,,,,,,
3,45.0,1.0,32.58682508133431,35.397230311628554,16/04/2010,46,,,,,,,,
3,46.0,2.0,32.58692843802442,35.39720638966531,16/04/2010,46,,,,,,,,
3,47.0,1.0,32.58702846051426,35.39718318715959,16/04/2010,46,,,,,,,,
3,48.0,1.0,32.587131210774025,35.39715746655218,16/04/2010,46,,,,,,,,
3,49.0,2.0,32.58723426401362,35.39713030702948,16/04/2010,46,,,,,,,,
3,50.0,2.0,32.587345955405546,35.39710746425302,16/04/2010,46,,,,,,,,
3,51.0,2.0,32.58744218871851,35.39708498120482,16/04/2010,46,,,,,,,,
3,52.0,3.0,32.58755130353105,35.39705944046206,16/04/2010,46,,,,,,,,
3,53.0,2.0,32.58765193151817,35.39703749700725,16/04/2010,46,,,,,,,,
3,54.0,2.0,32.5877521047486,35.39701429450155,16/04/2010,46,,,,,,,,
3,55.0,3.0,32.587858188229234,35.39698659538571,16/04/2010,46,,,,,,,,
3,56.0,3.0,32.58795684575337,35.39696465193085,16/04/2010,46,,,,,,,,
3,57.0,3.0,32.58806111042282,35.39694108969645,16/04/2010,46,,,,,,,,
3,58.0,2.0,32.58816310176273,35.396915189224615,16/04/2010,46,,,,,,,,
3,59.0,3.0,32.58826403215717,35.396891447125675,16/04/2010,46,,,,,,,,
3,60.0,3.0,32.588365417078585,35.39686824462002,16/04/2010,46,,,,,,,,
3,61.0,3.0,32.5884692266327,35.39684270387708,16/04/2010,46,,,,,,,,
3,62.0,3.0,32.58857364225262,35.3968193215071,16/04/2010,46,,,,,,,,
3,63.0,2.0,32.58868396805857,35.39679324117113,16/04/2010,46,,,,,,,,
3,64.0,2.0,32.58878898961305,35.3967677004282,16/04/2010,46,,,,,,,,
3,65.0,3.0,32.58889537495837,35.39674215968535,16/04/2010,46,,,,,,,,
3,66.0,2.0,32.58899827462376,35.39671931690859,16/04/2010,46,,,,,,,,
3,67.0,3.0,32.58910738754199,35.396692696979336,16/04/2010,46,,,,,,,,
3,68.0,2.0,32.589217106509174,35.396666616643344,16/04/2010,46,,,,,,,,
3,69.0,2.0,32.58932485525372,35.396639816849635,16/04/2010,46,,,,,,,,
3,70.0,3.0,32.58942548124971,35.3966160747507,16/04/2010,46,,,,,,,,
3,71.0,2.0,32.58952595558794,35.396589274956725,16/04/2010,46,,,,,,,,
3,72.0,2.0,32.58961082070261,35.396578662959406,16/04/2010,46,,,,,,,,
3,73.0,3.0,32.5895468687909,35.39633710504946,16/04/2010,46,,,,,,,,
3,74.0,3.0,32.58945275936822,35.3963603075554,16/04/2010,46,,,,,,,,
3,75.0,3.0,32.58935001176977,35.39638584829839,16/04/2010,46,,,,,,,,
3,76.0,3.0,32.58924529396351,35.39640923066837,16/04/2010,46,,,,,,,,
3,77.0,3.0,32.589143303855074,35.39643351236047,16/04/2010,46,,,,,,,,
3,78.0,3.0,32.58904964864581,35.39645725445968,16/04/2010,46,,,,,,,,
3,79.0,3.0,32.58893401918294,35.39648459384633,16/04/2010,46,,,,,,,,
3,80.0,3.0,32.58883036171326,35.3965092352672,16/04/2010,46,,,,,,,,
3,81.0,3.0,32.58872791649388,35.396534236416976,16/04/2010,46,,,,,,,,
3,82.0,3.0,32.58862577425031,35.396557618787035,16/04/2010,46,,,,,,,,
3,83.0,3.0,32.58852772364882,35.39658046156401,16/04/2010,46,,,,,,,,
3,84.0,2.0,32.58842588427069,35.396602944612006,16/04/2010,46,,,,,,,,
3,85.0,2.0,32.58832556024627,35.39662812562625,16/04/2010,46,,,,,,,,
3,86.0,2.0,32.588216446376265,35.396652946911345,16/04/2010,46,,,,,,,,
3,87.0,3.0,32.588111727245575,35.396677408467795,16/04/2010,46,,,,,,,,
3,88.0,3.0,32.58800973584723,35.39670222975315,16/04/2010,46,,,,,,,,
3,89.0,3.0,32.587903955641366,35.39672723090281,16/04/2010,46,,,,,,,,
3,90.0,3.0,32.58780241865013,35.39675223205261,16/04/2010,46,,,,,,,,
3,91.0,2.0,32.587702093927966,35.39677489496508,16/04/2010,46,,,,,,,,
3,92.0,2.0,32.5876029814788,35.3967989967929,16/04/2010,46,,,,,,,,
3,93.0,2.0,32.587498261631374,35.3968230986205,16/04/2010,46,,,,,,,,
3,94.0,2.0,32.58739187462781,35.39684738031246,16/04/2010,46,,,,,,,,
3,95.0,2.0,32.58728685143632,35.396873100919805,16/04/2010,46,,,,,,,,
3,96.0,1.0,32.587181525023986,35.39689900139151,16/04/2010,46,,,,,,,,
3,97.0,1.0,32.5870713489178,35.39692436226983,16/04/2010,46,,,,,,,,
3,98.0,1.0,32.58696541605525,35.3969509821992,16/04/2010,46,,,,,,,,
3,99.0,2.0,32.58686554504452,35.39697346524726,16/04/2010,46,,,,,,,,
3,100.0,2.0,32.58676446152572,35.396997567075,16/04/2010,46,,,,,,,,
3,101.0,2.0,32.58666474184078,35.39702184876721,16/04/2010,46,,,,,,,,
3,102.0,2.0,32.58656290034593,35.39704451167963,16/04/2010,46,,,,,,,,
3,103.0,2.0,32.586452875029444,35.39707239065972,16/04/2010,46,,,,,,,,
3,104.0,3.0,32.58634951779101,35.397095952894155,16/04/2010,46,,,,,,,,
3,105.0,3.0,32.58624797903889,35.397120234586296,16/04/2010,46,,,,,,,,
3,106.0,2.0,32.5861447731148,35.397145235736026,16/04/2010,46,,,,,,,,
3,107.0,2.0,32.586041263970294,35.39716879797043,16/04/2010,46,,,,,,,,
3,108.0,3.0,32.5859341174825,35.39719271993354,16/04/2010,46,,,,,,,,
3,109.0,3.0,32.585823030536,35.39721987945597,16/04/2010,46,,,,,,,,
3,110.0,3.0,32.58571315586276,35.397245959791945,16/04/2010,46,,,,,,,,
3,111.0,2.0,32.58560994932287,35.39727221999258,16/04/2010,46,,,,,,,,
3,112.0,1.0,32.58550977369848,35.397294163447384,16/04/2010,46,,,,,,,,
3,113.0,1.0,32.58540611226881,35.39731862500386,16/04/2010,46,,,,,,,,
3,114.0,1.0,32.585306542624814,35.39734128791635,16/04/2010,46,,,,,,,,
3,115.0,2.0,32.58520454803461,35.39736646893056,16/04/2010,46,,,,,,,,
3,116.0,2.0,32.58510694834787,35.39738805265662,16/04/2010,46,,,,,,,,
3,117.0,2.0,32.585007226819044,35.39741089543352,16/04/2010,46,,,,,,,,
3,118.0,2.0,32.584904019466414,35.397435177125594,16/04/2010,46,,,,,,,,
3,119.0,2.0,32.584803388394434,35.39745730044482,16/04/2010,46,,,,,,,,
3,120.0,2.0,32.584698513723225,35.39748356064538,16/04/2010,46,,,,,,,,
3,121.0,0.0,32.584699271488624,35.39748248145893,16/04/2010,46,,,,,,,,
3,122.0,3.0,32.58459454824887,35.39750856179509,16/04/2010,46,,,,,,,,
3,123.0,2.0,32.584492249741814,35.39753032538542,16/04/2010,46,,,,,,,,
3,124.0,3.0,32.58439404306508,35.39755388762002,16/04/2010,46,,,,,,,,
3,125.0,3.0,32.584285682178155,35.397579967956055,16/04/2010,46,,,,,,,,
3,126.0,3.0,32.584183686426435,35.39760353019051,16/04/2010,46,,,,,,,,
3,127.0,3.0,32.58408851049401,35.39762745215407,16/04/2010,46,,,,,,,,
3,128.0,3.0,32.583988939386536,35.397650115066575,16/04/2010,46,,,,,,,,
3,129.0,1.0,32.58387572826693,35.397676734995656,16/04/2010,46,,,,,,,,
3,130.0,1.0,32.58377646003237,35.39769921804374,16/04/2010,46,,,,,,,,
3,131.0,3.0,32.583669765501924,35.39772655743072,16/04/2010,46,,,,,,,,
3,132.0,3.0,32.5835639801745,35.397751558580396,16/04/2010,46,,,,,,,,
3,133.0,3.0,32.58346319604309,35.3977742214928,16/04/2010,46,,,,,,,,
3,134.0,3.0,32.58336044157889,35.397798323320494,16/04/2010,46,,,,,,,,
3,135.0,3.0,32.58325647455273,35.397822784876965,16/04/2010,46,,,,,,,,
3,136.0,3.0,32.58315129496046,35.397847246433415,16/04/2010,46,,,,,,,,
3,137.0,3.0,32.58305839126983,35.39786865029523,16/04/2010,46,,,,,,,,
3,138.0,3.0,32.582951089660696,35.39789491049571,16/04/2010,46,,,,,,,,
3,139.0,3.0,32.58286682446514,35.39791541503579,16/04/2010,46,,,,,,,,
3,140.0,3.0,32.582742851425586,35.39794401347306,16/04/2010,46,,,,,,,,
3,141.0,3.0,32.58263342764676,35.39796937435139,16/04/2010,46,,,,,,,,
3,142.0,3.0,32.58253537049048,35.39799275672158,16/04/2010,46,,,,,,,,
3,143.0,3.0,32.5824312509506,35.39801829746451,16/04/2010,46,,,,,,,,
3,144.0,3.0,32.58233167800238,35.39804221942793,16/04/2010,46,,,,,,,,
3,145.0,3.0,32.58223043781379,35.39806488234035,16/04/2010,46,,,,,,,,
3,146.0,3.0,32.58213238021678,35.398087185524055,16/04/2010,46,,,,,,,,
3,147.0,2.0,32.581987945879405,35.39811776246913,16/04/2010,46,,,,,,,,
3,148.0,1.0,32.581930657070906,35.39786954957609,16/04/2010,46,,,,,,,,
3,149.0,2.0,32.58203129136757,35.39784958462987,16/04/2010,46,,,,,,,,
3,150.0,2.0,32.582133592682986,35.397825482802155,16/04/2010,46,,,,,,,,
3,151.0,2.0,32.58223362052297,35.397801560838765,16/04/2010,46,,,,,,,,
3,152.0,3.0,32.58233319358005,35.39777871806188,16/04/2010,46,,,,,,,,
3,153.0,3.0,32.58243367586802,35.397755515556184,16/04/2010,46,,,,,,,,
3,154.0,3.0,32.58251976015191,35.397735550609404,16/04/2010,46,,,,,,,,
3,155.0,3.0,32.58262494048512,35.39771000986649,16/04/2010,46,,,,,,,,
3,156.0,3.0,32.582722694430565,35.3976868073607,16/04/2010,46,,,,,,,,
3,157.0,3.0,32.582821206050674,35.397664504177,16/04/2010,46,,,,,,,,
3,158.0,3.0,32.58291471621154,35.3976420211287,16/04/2010,46,,,,,,,,
3,159.0,3.0,32.583020199193214,35.3976164803858,16/04/2010,46,,,,,,,,
3,160.0,3.0,32.58312310560317,35.39759237855815,16/04/2010,46,,,,,,,,
3,161.0,2.0,32.58322343545021,35.39756971564565,16/04/2010,46,,,,,,,,
3,162.0,2.0,32.583316490525235,35.39754759232619,16/04/2010,46,,,,,,,,
3,163.0,2.0,32.583413485940326,35.39752582873565,16/04/2010,46,,,,,,,,
3,164.0,3.0,32.583519271445326,35.39749938867071,16/04/2010,46,,,,,,,,
3,165.0,3.0,32.58362535993525,35.39747510697875,16/04/2010,46,,,,,,,,
3,166.0,3.0,32.58371189773908,35.397454062845476,16/04/2010,46,,,,,,,,
3,167.0,2.0,32.583821320201515,35.39742942142481,16/04/2010,46,,,,,,,,
3,168.0,3.0,32.583925741235774,35.397403880681885,16/04/2010,46,,,,,,,,
3,169.0,3.0,32.58402440308815,35.39738121776935,16/04/2010,46,,,,,,,,
3,170.0,3.0,32.58413064253434,35.39735693607738,16/04/2010,46,,,,,,,,
3,171.0,3.0,32.58423188057708,35.39733121546994,16/04/2010,46,,,,,,,,
3,172.0,3.0,32.5843241768367,35.39731053106571,16/04/2010,46,,,,,,,,
3,173.0,3.0,32.58443177990939,35.39728642923821,16/04/2010,46,,,,,,,,
3,174.0,3.0,32.584532259845275,35.39726142808837,16/04/2010,46,,,,,,,,
3,175.0,3.0,32.58463107258329,35.397238405447034,16/04/2010,46,,,,,,,,
3,176.0,3.0,32.5847326131669,35.39721574253462,16/04/2010,46,,,,,,,,
3,177.0,3.0,32.58483112257837,35.39719361921532,16/04/2010,46,,,,,,,,
3,178.0,3.0,32.5849370579632,35.397167538879195,16/04/2010,46,,,,,,,,
3,179.0,3.0,32.58503829509522,35.39714325718704,16/04/2010,46,,,,,,,,
3,180.0,3.0,32.585134227780955,35.39712005468119,16/04/2010,46,,,,,,,,
3,181.0,3.0,32.58524531558107,35.3970930750232,16/04/2010,46,,,,,,,,
3,182.0,2.0,32.585339580973326,35.39707005238167,16/04/2010,46,,,,,,,,
3,183.0,1.0,32.58544581886085,35.39704720960503,16/04/2010,46,,,,,,,,
3,184.0,1.0,32.58554296352368,35.397024906421244,16/04/2010,46,,,,,,,,
3,185.0,2.0,32.58564965582469,35.396998286491936,16/04/2010,46,,,,,,,,
3,186.0,2.0,32.58575437783177,35.39697436452873,16/04/2010,46,,,,,,,,
3,187.0,3.0,32.585859402818826,35.39694900365025,16/04/2010,46,,,,,,,,
3,188.0,3.0,32.585958517195856,35.396925441415654,16/04/2010,46,,,,,,,,
3,189.0,2.0,32.58605945007265,35.39690295836763,16/04/2010,46,,,,,,,,
3,190.0,2.0,32.586163110746845,35.396876878031435,16/04/2010,46,,,,,,,,
3,191.0,3.0,32.5862640433933,35.39685331579693,16/04/2010,46,,,,,,,,
3,192.0,2.0,32.58636679452929,35.39682939383365,16/04/2010,46,,,,,,,,
3,193.0,2.0,32.5864657567952,35.39680619132789,16/04/2010,46,,,,,,,,
3,194.0,3.0,32.586561536403366,35.396784068008515,16/04/2010,46,,,,,,,,
3,195.0,3.0,32.58666034690452,35.39676122523157,16/04/2010,46,,,,,,,,
3,196.0,2.0,32.58676491618131,35.39673604421748,16/04/2010,46,,,,,,,,
3,197.0,2.0,32.58686402955713,35.39671284171173,16/04/2010,46,,,,,,,,
3,198.0,2.0,32.586962536626345,35.39668856001948,16/04/2010,46,,,,,,,,
3,199.0,3.0,32.58706180133273,35.396665717242556,16/04/2010,46,,,,,,,,
3,200.0,3.0,32.58716242986946,35.39664143555037,16/04/2010,46,,,,,,,,
3,201.0,2.0,32.587260481964485,35.39661787331577,16/04/2010,46,,,,,,,,
3,202.0,2.0,32.58736277731255,35.39659197284392,16/04/2010,46,,,,,,,,
3,203.0,2.0,32.587463557059756,35.396569130067064,16/04/2010,46,,,,,,,,
3,204.0,1.0,32.58756009334296,35.39654664701888,16/04/2010,46,,,,,,,,
3,205.0,2.0,32.58766344918555,35.3965223653268,16/04/2010,46,,,,,,,,
3,206.0,2.0,32.58775862132228,35.39649988227856,16/04/2010,46,,,,,,,,
3,207.0,2.0,32.58786197693598,35.39647398180676,16/04/2010,46,,,,,,,,
3,208.0,2.0,32.58796790873889,35.39645005984361,16/04/2010,46,,,,,,,,
3,209.0,2.0,32.58806747542667,35.39642631774464,16/04/2010,46,,,,,,,,
3,210.0,2.0,32.58817946887481,35.396399517951096,16/04/2010,46,,,,,,,,
3,211.0,2.0,32.588271912616975,35.396377754360394,16/04/2010,46,,,,,,,,
3,212.0,2.0,32.588373752170114,35.39635347266827,16/04/2010,46,,,,,,,,
3,213.0,3.0,32.588460740030094,35.39633260839944,16/04/2010,46,,,,,,,,
3,214.0,3.0,32.58857121752153,35.39630688779233,16/04/2010,46,,,,,,,,
3,215.0,3.0,32.588662600034965,35.39628602352368,16/04/2010,46,,,,,,,,
3,216.0,3.0,32.588762469043466,35.39626282101794,16/04/2010,46,,,,,,,,
3,217.0,3.0,32.588852942085566,35.39624267620691,16/04/2010,46,,,,,,,,
3,218.0,3.0,32.58895311397377,35.396217315328244,16/04/2010,46,,,,,,,,
3,219.0,3.0,32.58904873937831,35.39619555173769,16/04/2010,46,,,,,,,,
3,220.0,3.0,32.589147547137664,35.39617127004546,16/04/2010,46,,,,,,,,
3,221.0,3.0,32.589251961967456,35.39614662862457,16/04/2010,46,,,,,,,,
3,222.0,3.0,32.589355315859066,35.396122526796916,16/04/2010,46,,,,,,,,
3,223.0,3.0,32.58944548521266,35.39610112293495,16/04/2010,46,,,,,,,,
3,224.0,3.0,32.58951231655722,35.396091230394646,16/04/2010,46,,,,,,,,
3,225.0,2.0,32.58947776431024,35.395845715468674,16/04/2010,46,,,,,,,,
3,226.0,3.0,32.58937774455356,35.395870177025294,16/04/2010,46,,,,,,,,
3,227.0,3.0,32.589274087597076,35.39589427885295,16/04/2010,46,,,,,,,,
3,228.0,3.0,32.589177856250906,35.39591784108762,16/04/2010,46,,,,,,,,
3,229.0,3.0,32.58907389597186,35.39594266237291,16/04/2010,46,,,,,,,,
3,230.0,3.0,32.5889706933015,35.39596874270914,16/04/2010,46,,,,,,,,
3,231.0,2.0,32.58886885442665,35.39599122575713,16/04/2010,46,,,,,,,,
3,232.0,3.0,32.58876186286507,35.39601622690673,16/04/2010,46,,,,,,,,
3,233.0,3.0,32.5886676010718,35.396038709955,16/04/2010,46,,,,,,,,
3,234.0,2.0,32.58866062993847,35.39603924954799,16/04/2010,46,,,,,,,,
3,235.0,2.0,32.588555456687025,35.39606371110443,16/04/2010,46,,,,,,,,
3,236.0,2.0,32.58845543590113,35.39608799279662,16/04/2010,46,,,,,,,,
3,237.0,3.0,32.58835632428499,35.39611191476001,16/04/2010,46,,,,,,,,
3,238.0,3.0,32.5882499382999,35.39613745550288,16/04/2010,46,,,,,,,,
3,239.0,3.0,32.58814491611378,35.39616317611021,16/04/2010,46,,,,,,,,
3,240.0,3.0,32.58803852987775,35.396186918208926,16/04/2010,46,,,,,,,,
3,241.0,3.0,32.587936689943696,35.39621263881636,16/04/2010,46,,,,,,,,
3,242.0,3.0,32.58782863643477,35.396240517796556,16/04/2010,46,,,,,,,,
3,243.0,3.0,32.58773119115314,35.39626084247173,16/04/2010,46,,,,,,,,
3,244.0,2.0,32.58762313739648,35.39628872145191,16/04/2010,46,,,,,,,,
3,245.0,2.0,32.587515841251246,35.396313542737076,16/04/2010,46,,,,,,,,
3,246.0,3.0,32.587411272850474,35.396339083480015,16/04/2010,46,,,,,,,,
3,247.0,3.0,32.58730791671709,35.39636426449416,16/04/2010,46,,,,,,,,
3,248.0,3.0,32.58720304497611,35.39638746699972,16/04/2010,46,,,,,,,,
3,249.0,3.0,32.58712090546324,35.39640689235337,16/04/2010,46,,,,,,,,
3,250.0,3.0,32.58700269717604,35.39643477133319,16/04/2010,46,,,,,,,,
3,251.0,3.0,32.58690479634843,35.39645653492366,16/04/2010,46,,,,,,,,
3,252.0,2.0,32.58679340750578,35.39648225553076,16/04/2010,46,,,,,,,,
3,253.0,2.0,32.58669156615707,35.39650815600262,16/04/2010,46,,,,,,,,
3,254.0,3.0,32.586593210339906,35.39653207796604,16/04/2010,46,,,,,,,,
3,255.0,3.0,32.586505008267316,35.396552582506,16/04/2010,46,,,,,,,,
3,256.0,3.0,32.58639877163506,35.396578662842096,16/04/2010,46,,,,,,,,
3,257.0,3.0,32.58629268642735,35.396602045212006,16/04/2010,46,,,,,,,,
3,258.0,3.0,32.58619205691418,35.39662686649743,16/04/2010,46,,,,,,,,
3,259.0,3.0,32.58608960867933,35.39665204751162,16/04/2010,46,,,,,,,,
3,260.0,3.0,32.58598443241117,35.39667542988153,16/04/2010,46,,,,,,,,
3,261.0,3.0,32.585878043610876,35.39670061089559,16/04/2010,46,,,,,,,,
3,262.0,2.0,32.58577347329956,35.39672309394348,16/04/2010,46,,,,,,,,
3,263.0,2.0,32.585670721483375,35.396750613195024,16/04/2010,46,,,,,,,,
3,264.0,2.0,32.58556054352018,35.39677831231071,16/04/2010,46,,,,,,,,
3,265.0,1.0,32.58545657904564,35.396800615494215,16/04/2010,46,,,,,,,,
3,266.0,2.0,32.585348219443155,35.396825796508175,16/04/2010,46,,,,,,,,
3,267.0,2.0,32.58523728332274,35.39685205670852,16/04/2010,46,,,,,,,,
3,268.0,2.0,32.58513286381622,35.39687741758704,16/04/2010,46,,,,,,,,
3,269.0,2.0,32.585034051631304,35.3968993610419,16/04/2010,46,,,,,,,,
3,270.0,3.0,32.58493311759979,35.39692634070028,16/04/2010,46,,,,,,,,
3,271.0,2.0,32.5848179374852,35.39695224117163,16/04/2010,46,,,,,,,,
3,272.0,3.0,32.584716851657376,35.39697688259262,16/04/2010,46,,,,,,,,
3,273.0,2.0,32.58461152222527,35.39700062469139,16/04/2010,46,,,,,,,,
3,274.0,3.0,32.58450391936827,35.39702634529863,16/04/2010,46,,,,,,,,
3,275.0,3.0,32.58440434872215,35.397050267262,16/04/2010,46,,,,,,,,
3,276.0,3.0,32.584302353105514,35.397072750309995,16/04/2010,46,,,,,,,,
3,277.0,2.0,32.58419474987745,35.397096852137494,16/04/2010,46,,,,,,,,
3,278.0,3.0,32.584090783818844,35.39712275260926,16/04/2010,46,,,,,,,,
3,279.0,3.0,32.58397545106764,35.39714919267388,16/04/2010,46,,,,,,,,
3,280.0,3.0,32.5838681505562,35.39717275490816,16/04/2010,46,,,,,,,,
3,281.0,2.0,32.583756303276104,35.39719919497289,16/04/2010,46,,,,,,,,
3,282.0,3.0,32.583650821160504,35.39722653435991,16/04/2010,46,,,,,,,,
3,283.0,3.0,32.58353851894419,35.39725045632283,16/04/2010,46,,,,,,,,
3,284.0,3.0,32.58342394325866,35.397279054760425,16/04/2010,46,,,,,,,,
3,285.0,3.0,32.583325280745335,35.39730423577475,16/04/2010,46,,,,,,,,
3,286.0,3.0,32.583214039010336,35.39733013624625,16/04/2010,46,,,,,,,,
3,287.0,3.0,32.58310340336047,35.39735531726013,16/04/2010,46,,,,,,,,
3,288.0,3.0,32.58298700844713,35.39738301637559,16/04/2010,46,,,,,,,,
3,289.0,3.0,32.582892740581066,35.39740388064415,16/04/2010,46,,,,,,,,
3,290.0,3.0,32.5827717987042,35.397432479081495,16/04/2010,46,,,,,,,,
3,291.0,3.0,32.58267086212563,35.397456940638065,16/04/2010,46,,,,,,,,
3,292.0,3.0,32.58256158981563,35.39748284110967,16/04/2010,46,,,,,,,,
3,293.0,3.0,32.58246474503563,35.39750730266639,16/04/2010,46,,,,,,,,
3,294.0,3.0,32.58235592714558,35.39753050517179,16/04/2010,46,,,,,,,,
3,295.0,3.0,32.582266811560594,35.39755244862699,16/04/2010,46,,,,,,,,
3,296.0,3.0,32.582146626626326,35.39757924842025,16/04/2010,46,,,,,,,,
3,297.0,2.0,32.582044931555984,35.39760622807857,16/04/2010,46,,,,,,,,
3,298.0,1.0,32.58188215858063,35.39764022244684,16/04/2010,46,,,,,,,,
3,299.0,2.0,32.58183184136934,35.397396686028834,16/04/2010,46,,,,,,,,
3,300.0,2.0,32.58194384260812,35.39737042582851,16/04/2010,46,,,,,,,,
3,301.0,2.0,32.58204023327799,35.397349561560056,16/04/2010,46,,,,,,,,
3,302.0,3.0,32.58214132212398,35.39732456041024,16/04/2010,46,,,,,,,,
3,303.0,3.0,32.5822369547954,35.39730171763318,16/04/2010,46,,,,,,,,
3,304.0,3.0,32.582334709163895,35.397278874856205,16/04/2010,46,,,,,,,,
3,305.0,2.0,32.58243413055185,35.397254593164,16/04/2010,46,,,,,,,,
3,306.0,3.0,32.58253052069465,35.39723139065815,16/04/2010,46,,,,,,,,
3,307.0,3.0,32.58262842629966,35.39720890761002,16/04/2010,46,,,,,,,,
3,308.0,2.0,32.58272602868483,35.3971869641551,16/04/2010,46,,,,,,,,
3,309.0,3.0,32.58282560119511,35.397161423412,16/04/2010,46,,,,,,,,
3,310.0,3.0,32.58292380958997,35.39713894036387,16/04/2010,46,,,,,,,,
3,311.0,2.0,32.583029292560944,35.397115018400704,16/04/2010,46,,,,,,,,
3,312.0,2.0,32.58312613673105,35.39709271521694,16/04/2010,46,,,,,,,,
3,313.0,3.0,32.58322328390775,35.39706843352466,16/04/2010,46,,,,,,,,
3,314.0,3.0,32.583323613642676,35.397045231018936,16/04/2010,46,,,,,,,,
3,315.0,3.0,32.58342227615777,35.397020589597865,16/04/2010,46,,,,,,,,
3,316.0,2.0,32.583527455432076,35.396997566956756,16/04/2010,46,,,,,,,,
3,317.0,1.0,32.583633847022135,35.396970227569746,16/04/2010,46,,,,,,,,
3,318.0,1.0,32.58373614650888,35.39694558614881,16/04/2010,46,,,,,,,,
3,319.0,2.0,32.583831929033515,35.39692472188032,16/04/2010,46,,,,,,,,
3,320.0,2.0,32.58393498606611,35.396899001272914,16/04/2010,46,,,,,,,,
3,321.0,2.0,32.584031223040974,35.396877597411205,16/04/2010,46,,,,,,,,
3,322.0,3.0,32.58412791457466,35.39685439490536,16/04/2010,46,,,,,,,,
3,323.0,3.0,32.584233244575,35.39682939375571,16/04/2010,46,,,,,,,,
3,324.0,3.0,32.584333573179684,35.396805291927954,16/04/2010,46,,,,,,,,
3,325.0,3.0,32.58443511410023,35.39678172969345,16/04/2010,46,,,,,,,,
3,326.0,2.0,32.58453377539198,35.39675942650976,16/04/2010,46,,,,,,,,
3,327.0,3.0,32.58464062044729,35.396732986444846,16/04/2010,46,,,,,,,,
3,328.0,2.0,32.58473685666459,35.39671302149844,16/04/2010,46,,,,,,,,
3,329.0,2.0,32.5848427921608,35.39668640156908,16/04/2010,46,,,,,,,,
3,330.0,3.0,32.58493902816115,35.39666301919881,16/04/2010,46,,,,,,,,
3,331.0,3.0,32.585037234240815,35.39663909723537,16/04/2010,46,,,,,,,,
3,332.0,2.0,32.58513437934644,35.396617513509284,16/04/2010,46,,,,,,,,
3,333.0,2.0,32.585234252286064,35.3965935915459,16/04/2010,46,,,,,,,,
3,334.0,2.0,32.58533124562616,35.39657074876888,16/04/2010,46,,,,,,,,
3,335.0,1.0,32.585430966794576,35.39654700666993,16/04/2010,46,,,,,,,,
3,336.0,1.0,32.58552659595675,35.396523624299626,16/04/2010,46,,,,,,,,
3,337.0,3.0,32.58561980019257,35.39650096138692,16/04/2010,46,,,,,,,,
3,338.0,3.0,32.58571861173178,35.396479017932045,16/04/2010,46,,,,,,,,
3,339.0,3.0,32.58571906638589,35.396479017932066,16/04/2010,46,,,,,,,,
3,340.0,3.0,32.58592941942161,35.396428655903925,16/04/2010,46,,,,,,,,
3,341.0,3.0,32.586125374651296,35.3963818911635,16/04/2010,46,,,,,,,,
3,342.0,3.0,32.586370734849154,35.39632487415331,16/04/2010,46,,,,,,,,
3,343.0,3.0,32.58660154558965,35.39627055510881,16/04/2010,46,,,,,,,,
3,344.0,3.0,32.58683538672525,35.3962147971491,16/04/2010,46,,,,,,,,
3,345.0,3.0,32.5870645292294,35.39616029824012,16/04/2010,46,,,,,,,,
3,346.0,3.0,32.58729836915722,35.396104360416,16/04/2010,46,,,,,,,,
3,347.0,1.0,32.587550697364414,35.39604806286373,16/04/2010,46,,,,,,,,
3,348.0,3.0,32.58779165877324,35.39599032639571,16/04/2010,46,,,,,,,,
3,349.0,3.0,32.588055806290306,35.395927014131736,16/04/2010,46,,,,,,,,
3,350.0,3.0,32.58828297556334,35.39587233535828,16/04/2010,46,,,,,,,,
3,351.0,3.0,32.58852742057566,35.39581244051743,16/04/2010,46,,,,,,,,
3,352.0,3.0,32.58875640720799,35.395759560388164,16/04/2010,46,,,,,,,,
3,353.0,3.0,32.5889797860594,35.39570434202131,16/04/2010,46,,,,,,,,
3,354.0,3.0,32.589208771536,35.39565272094294,16/04/2010,46,,,,,,,,
3,355.0,2.0,32.58942517818598,35.395603797830304,16/04/2010,46,,,,,,,,
3,356.0,2.0,32.589382897102375,35.39536511775177,16/04/2010,46,,,,,,,,
3,357.0,2.0,32.58912996787077,35.395419436795464,16/04/2010,46,,,,,,,,
3,358.0,1.0,32.58885172973687,35.39548580675397,16/04/2010,46,,,,,,,,
3,359.0,2.0,32.58861713612925,35.39554264390013,16/04/2010,46,,,,,,,,
3,360.0,2.0,32.588349807781455,35.39560523670634,16/04/2010,46,,,,,,,,
3,361.0,1.0,32.588098088013076,35.3956647718181,16/04/2010,46,,,,,,,,
3,362.0,1.0,32.5878215137017,35.39573222096313,16/04/2010,46,,,,,,,,
3,363.0,2.0,32.58759161539175,35.39578671987209,16/04/2010,46,,,,,,,,
3,364.0,2.0,32.587355957646004,35.39584085905202,16/04/2010,46,,,,,,,,
3,365.0,2.0,32.58712484575007,35.395896796876215,16/04/2010,46,,,,,,,,
3,366.0,2.0,32.58690009833163,35.3959503964633,16/04/2010,46,,,,,,,,
3,367.0,2.0,32.58665110238807,35.396010471168395,16/04/2010,46,,,,,,,,
3,368.0,1.0,32.58641453286855,35.39606425061944,16/04/2010,46,,,,,,,,
3,369.0,1.0,32.58618569180386,35.39611928912168,16/04/2010,46,,,,,,,,
3,370.0,2.0,32.58593987644653,35.39617702558951,16/04/2010,46,,,,,,,,
3,371.0,2.0,32.58570345660137,35.39623152449823,16/04/2010,46,,,,,,,,
3,372.0,2.0,32.58543339163056,35.39629663540614,16/04/2010,46,,,,,,,,
3,373.0,2.0,32.5854292997308,35.39629771459245,16/04/2010,46,,,,,,,,
3,374.0,1.0,32.58519848597196,35.39635059472167,16/04/2010,46,,,,,,,,
3,375.0,2.0,32.584968580934486,35.396405453359456,16/04/2010,46,,,,,,,,
3,376.0,2.0,32.584730642997286,35.39646265023433,16/04/2010,46,,,,,,,,
3,377.0,2.0,32.58449619015738,35.396516609549856,16/04/2010,46,,,,,,,,
3,378.0,2.0,32.58424870307474,35.39657632452618,16/04/2010,46,,,,,,,,
3,379.0,3.0,32.584010611672575,35.39663262207897,16/04/2010,46,,,,,,,,
3,380.0,2.0,32.583770549427626,35.396688559902884,16/04/2010,46,,,,,,,,
3,381.0,2.0,32.5835295772095,35.39674575677763,16/04/2010,46,,,,,,,,
3,382.0,3.0,32.58329163545286,35.3968016946016,16/04/2010,46,,,,,,,,
3,383.0,2.0,32.58305293528531,35.39685925120528,16/04/2010,46,,,,,,,,
3,384.0,2.0,32.5828133251447,35.396915548758024,16/04/2010,46,,,,,,,,
3,385.0,0.0,32.58257341125028,35.396972026175156,16/04/2010,46,,,,,,,,
3,386.0,2.0,32.58257386592029,35.396972385904,16/04/2010,46,,,,,,,,
3,387.0,2.0,32.582356381829975,35.39702256806745,16/04/2010,46,,,,,,,,
3,388.0,1.0,32.58211161687429,35.39708084412857,16/04/2010,46,,,,,,,,
3,389.0,1.0,32.58189413166259,35.397133364529424,16/04/2010,46,,,,,,,,
3,390.0,1.0,32.58178713177592,35.397159444865515,16/04/2010,46,,,,,,,,
3,391.0,1.0,32.581738026976126,35.39691069237955,16/04/2010,46,,,,,,,,
3,392.0,1.0,32.581981277374986,35.396854394826946,16/04/2010,46,,,,,,,,
3,393.0,1.0,32.582215130563036,35.396798457002824,16/04/2010,46,,,,,,,,
3,394.0,2.0,32.582457924996866,35.39673946148401,16/04/2010,46,,,,,,,,
3,395.0,2.0,32.582693747175604,35.396686581354984,16/04/2010,46,,,,,,,,
3,396.0,3.0,32.582920323813305,35.39663244217473,16/04/2010,46,,,,,,,,
3,397.0,3.0,32.58327026613713,35.396550783743706,16/04/2010,46,,,,,,,,
3,398.0,3.0,32.58350684395457,35.39649700429264,16/04/2010,46,,,,,,,,
3,399.0,3.0,32.58374796778856,35.39643818863816,16/04/2010,46,,,,,,,,
3,400.0,3.0,32.58397848217362,35.39638422932246,16/04/2010,46,,,,,,,,
3,401.0,2.0,32.584223242032365,35.39632577339694,16/04/2010,46,,,,,,,,
3,402.0,2.0,32.58446648568806,35.39626821679342,16/04/2010,46,,,,,,,,
3,403.0,3.0,32.58471563925301,35.39620886154601,16/04/2010,46,,,,,,,,
3,404.0,2.0,32.58496994491478,35.39614878684114,16/04/2010,46,,,,,,,,
3,405.0,2.0,32.58521212567884,35.396091949695226,16/04/2010,46,,,,,,,,
3,406.0,2.0,32.58547006717485,35.39603133539725,16/04/2010,46,,,,,,,,
3,407.0,2.0,32.585713458998804,35.39597126069195,16/04/2010,46,,,,,,,,
3,408.0,3.0,32.58593335976078,35.39592071879973,16/04/2010,46,,,,,,,,
3,409.0,3.0,32.58617568947267,35.39586172328087,16/04/2010,46,,,,,,,,
3,410.0,3.0,32.58640665226561,35.39580650491432,16/04/2010,46,,,,,,,,
3,411.0,3.0,32.58665170859394,35.39575092681944,16/04/2010,46,,,,,,,,
3,412.0,3.0,32.58689358171572,35.395692470893806,16/04/2010,46,,,,,,,,
3,413.0,3.0,32.58712787673641,35.39563689279852,16/04/2010,46,,,,,,,,
3,414.0,2.0,32.58737020321895,35.39557933619498,16/04/2010,46,,,,,,,,
3,415.0,3.0,32.58761131666108,35.395523578235554,16/04/2010,46,,,,,,,,
3,416.0,3.0,32.58785379338435,35.3954674605473,16/04/2010,46,,,,,,,,
3,417.0,3.0,32.58811203037338,35.395406486520486,16/04/2010,46,,,,,,,,
3,418.0,3.0,32.588358749055296,35.39534785073065,16/04/2010,46,,,,,,,,
3,419.0,3.0,32.588598192826865,35.395292092771136,16/04/2010,46,,,,,,,,
3,420.0,3.0,32.5887845948139,35.395246047488016,16/04/2010,46,,,,,,,,
3,421.0,3.0,32.589026916817446,35.39518777142684,16/04/2010,46,,,,,,,,
3,422.0,2.0,32.5893378881848,35.39511654513038,16/04/2010,46,,,,,,,,
3,423.0,2.0,32.58930106269162,35.394851065254386,16/04/2010,46,,,,,,,,
3,424.0,3.0,32.589061317706225,35.394910060773334,16/04/2010,46,,,,,,,,
3,425.0,3.0,32.588821875171824,35.39496743751254,16/04/2010,46,,,,,,,,
3,426.0,3.0,32.5885844021025,35.395022116285645,16/04/2010,46,,,,,,,,
3,427.0,3.0,32.58835571812447,35.395076795059076,16/04/2010,46,,,,,,,,
3,428.0,3.0,32.58812976141406,35.39513093423935,16/04/2010,46,,,,,,,,
3,429.0,3.0,32.587886376151104,35.395189570029316,16/04/2010,46,,,,,,,,
3,430.0,3.0,32.587654810978584,35.3952451481247,16/04/2010,46,,,,,,,,
3,431.0,3.0,32.58747795419063,35.39528723639105,16/04/2010,46,,,,,,,,
3,432.0,2.0,32.587257754120444,35.395336519232366,16/04/2010,46,,,,,,,,
3,433.0,2.0,32.586997544530696,35.395397852987934,16/04/2010,46,,,,,,,,
3,434.0,2.0,32.58674824575855,35.395458107557424,16/04/2010,46,,,,,,,,
3,435.0,1.0,32.58651910244585,35.39551278633082,16/04/2010,46,,,,,,,,
3,436.0,1.0,32.58634375891999,35.39555793229226,16/04/2010,46,,,,,,,,
3,437.0,2.0,32.586127799482206,35.39560667554049,16/04/2010,46,,,,,,,,
3,438.0,2.0,32.585922902748564,35.39565631811119,16/04/2010,46,,,,,,,,
3,439.0,2.0,32.585713610557065,35.395707219732635,16/04/2010,46,,,,,,,,
3,440.0,2.0,32.58550507563553,35.39575722203201,16/04/2010,46,,,,,,,,
3,441.0,3.0,32.5852816881249,35.395803087449366,16/04/2010,46,,,,,,,,
3,442.0,3.0,32.58504875225104,35.39585992459558,16/04/2010,46,,,,,,,,
3,443.0,3.0,32.58480278222308,35.39591658187692,16/04/2010,46,,,,,,,,
3,444.0,3.0,32.58458378800724,35.39596964187096,16/04/2010,46,,,,,,,,
3,445.0,3.0,32.584358276449414,35.39602396091567,16/04/2010,46,,,,,,,,
3,446.0,3.0,32.58412715682474,35.39607792023134,16/04/2010,46,,,,,,,,
3,447.0,3.0,32.583885882456194,35.39613601642813,16/04/2010,46,,,,,,,,
3,448.0,3.0,32.58366340023954,35.39618511940496,16/04/2010,46,,,,,,,,
3,449.0,3.0,32.58343227882326,35.3962426760089,16/04/2010,46,,,,,,,,
3,450.0,3.0,32.583207219035565,35.396295556138305,16/04/2010,46,,,,,,,,
3,451.0,3.0,32.582969731091296,35.39635347247087,16/04/2010,46,,,,,,,,
3,452.0,3.0,32.582730423841056,35.39641102907449,16/04/2010,46,,,,,,,,
3,453.0,3.0,32.58250111870124,35.3964628300173,16/04/2010,46,,,,,,,,
3,454.0,3.0,32.58226393200085,35.396520386621,16/04/2010,46,,,,,,,,
3,455.0,3.0,32.58203189763124,35.39657470566545,16/04/2010,46,,,,,,,,
3,456.0,2.0,32.581833356968914,35.39661931203281,16/04/2010,46,,,,,,,,
3,457.0,2.0,32.581700592128,35.39664970911387,16/04/2010,46,,,,,,,,
3,458.0,1.0,32.581662551031215,35.396394841238255,16/04/2010,46,,,,,,,,
3,459.0,3.0,32.581888220928036,35.39634124165122,16/04/2010,46,,,,,,,,
3,460.0,3.0,32.58211646673336,35.39629034003048,16/04/2010,46,,,,,,,,
3,461.0,3.0,32.582356533407655,35.39623296329127,16/04/2010,46,,,,,,,,
3,462.0,3.0,32.58258962783361,35.39617738519595,16/04/2010,46,,,,,,,,
3,463.0,3.0,32.58282726834096,35.39612288628727,16/04/2010,46,,,,,,,,
3,464.0,3.0,32.58306627222102,35.39606514981921,16/04/2010,46,,,,,,,,
3,465.0,2.0,32.58329360569447,35.396010650910156,16/04/2010,46,,,,,,,,
3,466.0,2.0,32.58352457591309,35.39595579227241,16/04/2010,46,,,,,,,,
3,467.0,2.0,32.58375357532587,35.395901473227845,16/04/2010,46,,,,,,,,
3,468.0,2.0,32.58398408969652,35.39584733404772,16/04/2010,46,,,,,,,,
3,469.0,2.0,32.58421581590568,35.39579229554562,16/04/2010,46,,,,,,,,
3,470.0,3.0,32.584452845888364,35.39573617785717,16/04/2010,46,,,,,,,,
3,471.0,3.0,32.58469684668644,35.39568006016902,16/04/2010,46,,,,,,,,
3,472.0,2.0,32.58495251637542,35.395619266006506,16/04/2010,46,,,,,,,,
3,473.0,0.0,32.585060270246395,35.39559336553488,16/04/2010,46,,,,,,,,
3,474.0,1.0,32.58516408362834,35.39556836438518,16/04/2010,46,,,,,,,,
3,475.0,2.0,32.585375347277996,35.39551944127237,16/04/2010,46,,,,,,,,
3,476.0,1.0,32.58557251613172,35.3954728563964,16/04/2010,46,,,,,,,,
3,477.0,3.0,32.58580772391265,35.395417458165575,16/04/2010,46,,,,,,,,
3,478.0,2.0,32.58602974615508,35.39536439817164,16/04/2010,46,,,,,,,,
3,479.0,3.0,32.58625388955399,35.39531061872013,16/04/2010,46,,,,,,,,
3,480.0,3.0,32.58648182114407,35.395258278184066,16/04/2010,46,,,,,,,,
3,481.0,2.0,32.5867132377972,35.39520413900398,16/04/2010,46,,,,,,,,
3,482.0,3.0,32.58693465159965,35.39514981995914,16/04/2010,46,,,,,,,,
3,483.0,1.0,32.58716409694788,35.39509622037224,16/04/2010,46,,,,,,,,
3,484.0,1.0,32.58738278176282,35.395044419429055,16/04/2010,46,,,,,,,,
3,485.0,2.0,32.58760373926684,35.39499243862158,16/04/2010,46,,,,,,,,
3,486.0,2.0,32.58782348384374,35.394940637678445,16/04/2010,46,,,,,,,,
3,487.0,2.0,32.588037923721885,35.39489063537926,16/04/2010,46,,,,,,,,
3,488.0,2.0,32.588261152816784,35.39483775524979,16/04/2010,46,,,,,,,,
3,489.0,2.0,32.588479986501845,35.394786673764294,16/04/2010,46,,,,,,,,
3,490.0,3.0,32.58869715264323,35.394732354719295,16/04/2010,46,,,,,,,,
3,491.0,3.0,32.58891734917732,35.394681453098244,16/04/2010,46,,,,,,,,
3,492.0,3.0,32.58912587616039,35.394631270934426,16/04/2010,46,,,,,,,,
3,493.0,2.0,32.589250446553876,35.3946041114125,16/04/2010,46,,,,,,,,
3,494.0,2.0,32.58919331393298,35.394322803467375,16/04/2010,46,,,,,,,,
3,495.0,2.0,32.58896250986624,35.39438197885104,16/04/2010,46,,,,,,,,
3,496.0,2.0,32.588736100046816,35.39443449925158,16/04/2010,46,,,,,,,,
3,497.0,2.0,32.588509386562194,35.39448773910978,16/04/2010,46,,,,,,,,
3,498.0,2.0,32.58828161167491,35.39454313734089,16/04/2010,46,,,,,,,,
3,499.0,2.0,32.58804868359675,35.394596916792075,16/04/2010,46,,,,,,,,
3,500.0,2.0,32.5878248477815,35.39465105597242,16/04/2010,46,,,,,,,,
3,501.0,2.0,32.58758979684171,35.394705554881185,16/04/2010,46,,,,,,,,
3,502.0,1.0,32.587359140194536,35.39475951419687,16/04/2010,46,,,,,,,,
3,503.0,2.0,32.58712560352328,35.394813833241294,16/04/2010,46,,,,,,,,
3,504.0,2.0,32.58689979526117,35.39486905160806,16/04/2010,46,,,,,,,,
3,505.0,2.0,32.586664438795985,35.39492660821185,16/04/2010,46,,,,,,,,
3,506.0,3.0,32.586436962320654,35.39497984806999,16/04/2010,46,,,,,,,,
3,507.0,3.0,32.586210546121734,35.39503308792818,16/04/2010,46,,,,,,,,
3,508.0,3.0,32.58598140143449,35.39508650765067,16/04/2010,46,,,,,,,,
3,509.0,3.0,32.58575210461016,35.39514172601732,16/04/2010,46,,,,,,,,
3,510.0,3.0,32.58552432271627,35.395193526960135,16/04/2010,46,,,,,,,,
3,511.0,3.0,32.585303814742595,35.39524568763208,16/04/2010,46,,,,,,,,
3,512.0,2.0,32.58506890874438,35.395301085862904,16/04/2010,46,,,,,,,,
3,513.0,3.0,32.584841125114345,35.39535666395844,16/04/2010,46,,,,,,,,
3,514.0,3.0,32.58461485643778,35.395409723952206,16/04/2010,46,,,,,,,,
3,515.0,3.0,32.58438979961894,35.39546314367487,16/04/2010,46,,,,,,,,
3,516.0,3.0,32.584146707309216,35.3955198009563,16/04/2010,46,,,,,,,,
3,517.0,3.0,32.583922255532656,35.39557232135691,16/04/2010,46,,,,,,,,
3,518.0,2.0,32.583696742310664,35.39562717999486,16/04/2010,46,,,,,,,,
3,519.0,1.0,32.58347713917231,35.39567952053121,16/04/2010,46,,,,,,,,
3,520.0,1.0,32.5832534434969,35.39573419930481,16/04/2010,46,,,,,,,,
3,521.0,1.0,32.5830350517198,35.39578618011238,16/04/2010,46,,,,,,,,
3,522.0,1.0,32.582813779841636,35.3958385206487,16/04/2010,46,,,,,,,,
3,523.0,1.0,32.582601600815394,35.39588888267679,16/04/2010,46,,,,,,,,
3,524.0,2.0,32.582373962473184,35.39594122321287,16/04/2010,46,,,,,,,,
3,525.0,2.0,32.58217011806094,35.39599176510569,16/04/2010,46,,,,,,,,
3,526.0,3.0,32.58193717410209,35.39604410564156,16/04/2010,46,,,,,,,,
3,527.0,3.0,32.58172984286048,35.39609338848334,16/04/2010,46,,,,,,,,
3,528.0,2.0,32.58162208498644,35.39611623125994,16/04/2010,46,,,,,,,,
