image,Point_ID,Aleket_cnt,lat,long,date,Days_Before_Sample,ndvi,ndvi_std,gndvi,green_red_ratio,ndre,entropy,green,homogeneity,asm
1,2,0,33.12394143,35.63256134,01/05/2025,60,0.2754513994855691,0.026113124797781294,0.35383032196852454,0.8407681547109164,0.21600295817360218,4.063461982762677,689.3333333333334,0.33616509620983365,0.13975694444444442
1,3,0,33.12373095,35.632552255,01/05/2025,60,0.4160964602439016,0.024791409508743933,0.46637096169913345,0.8830395026343465,0.31431552749423597,4.218636587256565,986.1111111111111,0.3567967571644043,0.1267361111111111
1,4,1,33.12352722,35.6325246,01/05/2025,60,0.3962222911413232,0.018408120651682274,0.4495263284350238,0.8792014597716606,0.30521654589795255,4.0519664814404495,991.5555555555555,0.19206870898047368,0.12847222222222224
1,5,0,33.123319267,35.63250203,01/05/2025,60,0.39935832738582366,0.02846863593743475,0.4547198931850373,0.8739057049091599,0.30393679521832917,4.017881053123411,998.1111111111111,0.4857843137254902,0.1640625
1,6,0,33.123100337,35.632472735,01/05/2025,60,0.4145135591520013,0.024747740549675813,0.464250384024239,0.8844927036703132,0.3149833009255507,4.393970462159743,991.1111111111111,0.34534313725490196,0.13368055555555555
1,7,0,33.122890518,35.632451943,01/05/2025,60,0.3986636575944513,0.023950975754649124,0.4483681729652809,0.8864591205857296,0.29542229954126675,4.61318744001086,1021.0,0.3349264705882353,0.11458333333333334
1,8,0,33.12267752,35.632427623,01/05/2025,60,0.4072664771067857,0.02967258246401631,0.46036982487474887,0.8777677868009204,0.31586963540975443,5.048533209849189,1013.4444444444445,0.2192231258407729,0.10763888888888891
1,9,0,33.122469337,35.632401753,01/05/2025,60,0.37981272748246586,0.01680053554871164,0.432645581523091,0.881518572875505,0.28796650005624974,4.180386658535499,1052.111111111111,0.3469362745098039,0.1293402777777778
1,10,0,33.12225662,35.632386898,01/05/2025,60,0.388753650442543,0.023916160828213816,0.44500661580426293,0.8742733963659856,0.2961383866274081,3.8127913589880817,1032.888888888889,0.43333333333333335,0.1484375
1,11,0,33.122047905,35.63236496,01/05/2025,60,0.3670180657893651,0.01810906485625264,0.441388393245454,0.8371487634806104,0.2760620981083945,4.1595533252021655,1031.3333333333333,0.44186463046757163,0.1371527777777778
1,12,0,33.121840683,35.63233741,01/05/2025,60,0.378904409675681,0.021292485328505667,0.4435606437077265,0.8558259291427763,0.27975524324736883,4.187791358988082,1038.888888888889,0.3825603318250378,0.12239583333333334
1,13,0,33.121621448,35.632316883,01/05/2025,60,0.36869487597617995,0.022643430515501665,0.44238269534864905,0.8384593633389622,0.2842747842319205,4.516207814343077,1031.0,0.3535539215686274,0.13020833333333334
1,14,0,33.121407742,35.632276483,01/05/2025,60,0.3862503325402272,0.026625275882755036,0.4433045285936546,0.8720229805072468,0.28914603386337406,4.603846168850306,1051.6666666666667,0.2598039215686274,0.11458333333333334
1,15,0,33.121188762,35.632252318,01/05/2025,60,0.3894159942419304,0.026099794021026475,0.454533777304109,0.8538888604360334,0.29341563423308864,3.390129898721527,1049.111111111111,0.47156531531531526,0.1814236111111111
1,16,0,33.120976523,35.632233422,01/05/2025,60,0.3481129845489487,0.027050844631532768,0.4285291001326038,0.8278259051302289,0.2747476850840895,4.001426440498355,1062.888888888889,0.3939202437731849,0.1449652777777778
1,17,0,33.120759383,35.632200658,01/05/2025,60,0.36307750895517316,0.020798173026031166,0.4376720565741294,0.8371055639547013,0.2838202989262932,4.186772210336684,1042.111111111111,0.379788838612368,0.12586805555555555
1,18,0,33.120553338,35.632176323,01/05/2025,60,0.3651838340316875,0.02099613268257951,0.43510794241049466,0.8465420461958586,0.2891518131442177,4.456733794087382,1049.111111111111,0.3870098039215686,0.1267361111111111
1,19,0,33.120424495,35.631815497,01/05/2025,60,0.3812846755521151,0.01184205129846103,0.45086651510771264,0.8451977630071945,0.2833330373529061,4.4193721485946105,706.0,0.264167347175962,0.12847222222222224
1,20,0,33.12063312,35.63184115,01/05/2025,60,0.4247988280888657,0.01097878126436565,0.4711757519798202,0.8907634384768001,0.3200176662017268,3.0047949849424143,1052.7777777777778,0.625,0.20572916666666669
1,21,0,33.120844758,35.631866457,01/05/2025,60,0.4149304537470449,0.003782304222472123,0.4628441653092445,0.8880880704863674,0.31482319769985545,2.7927748504250065,1066.6666666666667,0.65625,0.20659722222222224
1,22,0,33.12105556,35.631890545,01/05/2025,60,0.410335260659495,0.008608917394974706,0.4608936070229556,0.8826962828533428,0.31772338543682976,3.5656162129243487,1085.111111111111,0.47777149321266965,0.16493055555555555
1,23,0,33.121266037,35.63191517,01/05/2025,60,0.41903494541193326,0.007779880789849503,0.47122115060814207,0.8780439983221897,0.3234618531518828,2.368437581050531,1058.3333333333333,0.6041666666666667,0.2404513888888889
1,24,0,33.121463333,35.63195,01/05/2025,60,0.4061200188375571,0.019718128539522414,0.4613884686664453,0.8730072406051155,0.3137354701009355,4.574546753088498,1068.4444444444443,0.30229072398190043,0.1154513888888889
1,25,0,33.121671667,35.631956667,01/05/2025,60,0.41082979178108503,0.008342959389527732,0.4622611202040776,0.8806822094987965,0.3097318762831748,4.177286979256811,1078.0,0.44375,0.1640625
1,26,0,33.121893333,35.631988333,01/05/2025,60,0.4087217126820188,0.007396194966346427,0.470528257985183,0.8582485496415999,0.31345072471384966,3.0929050291925586,1059.3333333333333,0.5812499999999999,0.1597222222222222
1,27,0,33.122096667,35.632008333,01/05/2025,60,0.39447541416158455,0.010845935842778728,0.45981088719267266,0.8522651534695617,0.30525383186799204,3.6186881477331987,1060.0,0.6041666666666667,0.17100694444444448
1,28,0,33.122298333,35.63204,01/05/2025,60,0.4295640786981791,0.017198858926656735,0.47168317454770115,0.8999713016029508,0.32669546329092103,4.262046753088499,1043.4444444444443,0.3413838612368024,0.1371527777777778
1,29,0,33.122501667,35.632048333,01/05/2025,60,0.436956033562393,0.010139300568879682,0.4752439199329819,0.9080700549782654,0.3269016092702931,2.254715752170299,1023.4444444444445,0.7562500000000001,0.3706597222222222
1,30,0,33.122681667,35.632066667,01/05/2025,60,0.45795326384686036,0.008946733957428166,0.4860894951504248,0.9305091509940715,0.34584462865534726,1.4353074058019708,990.3333333333334,0.75,0.4887152777777778
1,31,0,33.122905,35.632093333,01/05/2025,60,0.4489778780472191,0.008201665784402004,0.4867108769476149,0.9081177114838689,0.3551543761630293,3.058307278889541,989.2222222222222,0.675,0.2230902777777778
1,32,0,33.123113333,35.632125,01/05/2025,60,0.45696423926620117,0.00875003273581414,0.4922177981068413,0.9132801974067944,0.3551546900678552,2.3684375810505314,981.5555555555555,0.6979166666666667,0.2404513888888889
1,33,0,33.123311667,35.632153333,01/05/2025,60,0.46129188996438875,0.007384975605901699,0.495612592481883,0.9149022754139815,0.35127834849075806,3.676098171007265,960.6666666666666,0.32818627450980387,0.16493055555555555
1,34,1,33.123515,35.632185,01/05/2025,60,0.4819324638447293,0.0076725282109040465,0.5092353260772384,0.9301639935546664,0.36398168480394316,3.7361806089179543,949.7777777777778,0.4556372549019607,0.1484375
1,35,1,33.123715,35.632198333,01/05/2025,60,0.4810038010850845,0.011556791588758435,0.5066899843350386,0.9347156136153255,0.358668332465357,3.4541722720787553,956.5555555555555,0.4041666666666667,0.19791666666666669
1,36,0,33.123926667,35.632235,01/05/2025,60,0.2974642942450484,0.031230073850088705,0.3710093379842967,0.8483116367691961,0.21604060992150312,4.575418502671132,1019.2222222222222,0.36381033182503775,0.11892361111111112
1,37,0,33.123941667,35.632231667,01/05/2025,60,0.2974642942450484,0.031230073850088705,0.3710093379842967,0.8483116367691961,0.21604060992150312,4.575418502671132,1019.2222222222222,0.36381033182503775,0.11892361111111112
1,38,0,33.123938333,35.631851667,01/05/2025,60,0.2783092109410899,0.025893288157766408,0.3787971058027088,0.798217498447021,0.23395648668116564,4.675687440010862,1035.888888888889,0.2442891137744079,0.1154513888888889
1,39,0,33.123708333,35.631828333,01/05/2025,60,0.44618947815204113,0.006315109369790571,0.48580958138609787,0.9038689403949416,0.32926909387419834,2.2071373175336495,1031.5555555555557,0.6458333333333334,0.2734375
1,40,2,33.123495,35.631791667,01/05/2025,60,0.4437061303997133,0.007138366646521288,0.4898721102413472,0.8886022819156879,0.34560146184217466,3.9614495462576818,1034.888888888889,0.3936274509803922,0.12239583333333334
1,41,0,33.123288333,35.631761667,01/05/2025,60,0.4340744083763686,0.007512125336901082,0.47324136109795745,0.9061232235456355,0.33187988558586873,3.8620523585005873,1043.4444444444443,0.46041666666666664,0.15711805555555555
1,42,0,33.123103333,35.631753333,01/05/2025,60,0.44987528972773355,0.0026752751020876347,0.492048464171954,0.8972722761091789,0.3347224852671219,2.4097279562666003,1021.8888888888889,0.73125,0.2881944444444445
1,43,0,33.122895,35.631733333,01/05/2025,60,0.4226815178764809,0.012129920206258159,0.47766140427250126,0.8715232232465041,0.3210905437265368,4.217090774749888,1017.5555555555555,0.3330505279034691,0.1284722222222222
1,44,0,33.122693333,35.631701667,01/05/2025,60,0.4301788330505641,0.008493032930570722,0.47837550620096436,0.88577674112815,0.3149234871317793,4.560637128826411,1018.5555555555555,0.367288838612368,0.11458333333333334
1,45,0,33.122473333,35.63168,01/05/2025,60,0.4314457810647044,0.015156539763379525,0.4714186535205766,0.9046406069612125,0.3230041041798428,4.85498125036058,1043.5555555555557,0.20400055032407977,0.11892361111111112
1,46,0,33.122265,35.63166,01/05/2025,60,0.3991292096025256,0.00803585971890642,0.45895064145170633,0.8635509371221145,0.30206987401623814,3.692009586131382,1073.7777777777778,0.47867647058823526,0.1623263888888889
1,47,0,33.122058333,35.631625,01/05/2025,60,0.3924474909594793,0.009794313800294245,0.45191349002195086,0.8654125045693988,0.29750313812546497,2.696361812096055,1099.888888888889,0.6791666666666667,0.2777777777777778
1,48,0,33.121858333,35.631596667,01/05/2025,60,0.40722425105395915,0.004596336979729194,0.46657555950755125,0.8635120943109591,0.30460110968797227,-0.0,1090.4444444444443,1.0,1.0
1,49,0,33.12163,35.631571667,01/05/2025,60,0.4164907512390168,0.008774859277636419,0.46004268069044496,0.8979717128162774,0.29877882627291924,2.9005960789952026,1103.7777777777778,0.6979166666666667,0.2621527777777778
1,50,0,33.121425,35.631556667,01/05/2025,60,0.4245988977500467,0.005381724890627986,0.479958436122354,0.8700201204702352,0.31964170934394537,3.7848869175147386,1071.7777777777778,0.4729166666666667,0.1527777777777778
1,51,0,33.12121,35.631541667,01/05/2025,60,0.3968245204874451,0.007028911186378208,0.4529400845406152,0.8719583913677792,0.304137470055881,3.4097126206940414,1102.111111111111,0.5036764705882353,0.20225694444444445
1,52,0,33.121005,35.631506667,01/05/2025,60,0.4010740814108094,0.0074799424903722435,0.45542490030320654,0.8754244029692475,0.3080749665654914,3.2963824188369655,1113.0,0.64375,0.1814236111111111
1,53,0,33.120813333,35.631475,01/05/2025,60,0.39733130609943984,0.005810201113165558,0.44828325242512623,0.8833167445639836,0.31130791016853376,2.930790181981766,1123.111111111111,0.6479166666666667,0.19444444444444448
1,54,0,33.120596667,35.631453333,01/05/2025,60,0.3954610500217324,0.007176143344339462,0.45397394079503933,0.867039935035647,0.31324850585413205,2.5738496345702995,1100.6666666666667,0.6791666666666667,0.21788194444444448
1,55,0,33.12044,35.63143,01/05/2025,60,0.336961738218908,0.019873569636823598,0.41822637246760425,0.8273373624484561,0.26277127418653023,3.9090372348154983,756.4444444444445,0.22837218641282056,0.16145833333333334
1,56,0,33.120466667,35.63116,01/05/2025,60,0.33342726633419795,0.023217366444239586,0.4225701106397639,0.8123717573060432,0.2746436304496544,3.724688546745176,1132.2222222222222,0.5041666666666667,0.14756944444444445
1,57,0,33.120678333,35.63118,01/05/2025,60,0.41800016535562734,0.014537930180107371,0.4711809222519689,0.8759452996667971,0.3240359490573138,4.549815690428227,1084.2222222222222,0.32425150829562593,0.11545138888888891
1,58,0,33.12088,35.631201667,01/05/2025,60,0.41985001864942384,0.015038971319005667,0.47254585646404607,0.8769603041615954,0.33029318514117806,3.4541722720787553,1093.6666666666667,0.4916666666666667,0.19791666666666666
1,59,0,33.121095,35.631228333,01/05/2025,60,0.3858762125802533,0.01037309422478887,0.4433352094734715,0.8704084524656777,0.29634457466307507,4.550687440010861,1103.5555555555557,0.3707202111613876,0.1310763888888889
1,60,0,33.1213,35.63126,01/05/2025,60,0.4221994205383405,0.013577451667152731,0.4785097343039664,0.86817158236747,0.32572833376445026,4.804585169337801,1077.2222222222222,0.2962952488687783,0.11111111111111113
1,61,0,33.121505,35.631283333,01/05/2025,60,0.4146869652995985,0.012336728275940595,0.4699453904420485,0.8716376630314214,0.3177292951479893,4.679585169337801,1071.7777777777778,0.22814270718682483,0.1267361111111111
1,62,0,33.121713333,35.631296667,01/05/2025,60,0.4283102749928964,0.008315591935793499,0.47640530152367533,0.8861413521321291,0.3369300859677546,3.6186881477331987,1072.111111111111,0.5583333333333333,0.17100694444444445
1,63,0,33.121926667,35.631331667,01/05/2025,60,0.44015809816691315,0.018607257448938958,0.49546244498451575,0.8680898012440552,0.3312765935577974,3.921526378756282,1039.0,0.4245098039215687,0.1449652777777778
1,64,0,33.12214,35.631348333,01/05/2025,60,0.38313796040849607,0.014493765196569702,0.4445176175181759,0.8625032414167354,0.3015361676735277,3.1521706916329766,1089.0,0.4104166666666666,0.22395833333333331
1,65,1,33.122338333,35.631373333,01/05/2025,60,0.4332464390394579,0.012834926491445263,0.4665297336571158,0.9201272258374521,0.31860209716217347,3.840199876515855,1057.5555555555557,0.4253205128205128,0.1545138888888889
1,66,0,33.122535,35.631401667,01/05/2025,60,0.4269102814463858,0.018036084763005063,0.4681536854670183,0.9029256247454747,0.3196781063510875,4.57957956392571,1050.7777777777778,0.32705683624801274,0.12239583333333334
1,67,0,33.122753333,35.631431667,01/05/2025,60,0.4241427759905383,0.00529346764457705,0.4718955796320099,0.8873941909447096,0.32165212839829127,3.441808460323343,1033.2222222222222,0.38125,0.20399305555555558
1,68,0,33.122943333,35.631456667,01/05/2025,60,0.4014155087492839,0.010093603000505977,0.45489947135536074,0.8772353070986367,0.3021791437545902,2.472854814399865,1042.888888888889,0.575,0.24131944444444445
1,69,0,33.12316,35.631473333,01/05/2025,60,0.4288817636713942,0.010241748115862126,0.47187945406709697,0.89777692327583,0.32920471004952023,4.434153522439333,1021.5555555555555,0.34358031674208145,0.1328125
1,70,1,33.12336,35.6315,01/05/2025,60,0.4402222374608462,0.011932932892105867,0.4815188824322252,0.90067280517779,0.32163028017730727,3.876163108570715,1007.3333333333334,0.40575980392156863,0.140625
1,71,2,33.12357,35.631521667,01/05/2025,60,0.44863868446548544,0.010870151580671861,0.4859834337353796,0.9091508720420597,0.34123436200117,2.438202089984486,1018.1111111111111,0.65,0.2534722222222222
1,72,1,33.123766667,35.631543333,01/05/2025,60,0.42632310808242735,0.012916016350472754,0.4650551611458397,0.9081598503125144,0.31660816787496526,3.449603918977221,1009.0,0.5458333333333334,0.16927083333333334
1,73,0,33.12396,35.63157,01/05/2025,60,0.2647548083481789,0.013299353890015748,0.355797891484887,0.8174134491586315,0.2176442760109232,4.025285753575994,1085.5555555555557,0.41250000000000003,0.1449652777777778
1,74,0,33.12397,35.631101667,01/05/2025,60,0.28196019714265047,0.022848951580687872,0.3639626220768751,0.8331523485168009,0.21393907694723655,3.9668731152961887,1041.6666666666667,0.4479166666666667,0.1605902777777778
1,75,0,33.123761667,35.631083333,01/05/2025,60,0.44472946119808365,0.010547532270767598,0.47891981831662644,0.9171338581135926,0.3177585807543014,3.5770917414514662,1004.1111111111111,0.49791666666666673,0.18923611111111113
1,76,0,33.12354,35.631048333,01/05/2025,60,0.4541967871564572,0.014577910042936681,0.4872333381110922,0.9186740586594843,0.3411855938657733,3.8779688138555826,1027.888888888889,0.39313725490196083,0.1484375
1,77,0,33.12332,35.631038333,01/05/2025,60,0.4666539350155507,0.008056313309778476,0.4955962843701848,0.9274015155129867,0.3461969239601308,4.180867649916837,1017.8888888888889,0.40902149321266973,0.12586805555555558
1,78,0,33.123115,35.631001667,01/05/2025,60,0.43894325970782355,0.011885750103314812,0.4864333744468639,0.8867516185589985,0.33694211157533416,3.757885691833921,1034.111111111111,0.41041666666666665,0.1597222222222222
1,79,0,33.122913333,35.630978333,01/05/2025,60,0.447571263854729,0.0052550287713218945,0.48853205096539143,0.9004314052975568,0.3390398516136775,4.0625902331800425,1034.5555555555557,0.4557598039215687,0.13802083333333334
1,80,0,33.122696667,35.630958333,01/05/2025,60,0.4582799285701994,0.014786518120039725,0.5004191486216902,0.8967068865593065,0.3506288610698012,4.038060296327809,1046.5555555555557,0.38337104072398187,0.1293402777777778
1,81,1,33.122505,35.630931667,01/05/2025,60,0.4697580820244466,0.013414360522422784,0.5017819383293167,0.9202000674977469,0.34446302051464933,3.0043787207082775,1022.5555555555555,0.6291666666666667,0.2543402777777778
1,82,0,33.122313333,35.630918333,01/05/2025,60,0.46883308228471754,0.003243566816826423,0.5026854982054454,0.9152381431625805,0.3491467891894771,3.5591790284721756,996.5555555555555,0.5624999999999999,0.1657986111111111
1,83,0,33.122081667,35.630858333,01/05/2025,60,0.49045740764484397,0.021039642042990688,0.5087037125568048,0.9542632715897599,0.36002162436033985,4.4193721485946105,1001.8888888888889,0.37275641025641026,0.12847222222222224
1,84,1,33.121876667,35.63085,01/05/2025,60,0.49281608819019307,0.010513350798131349,0.5130234593184506,0.9477911945667974,0.38045118256533794,2.9521045066964375,1009.0,0.5604166666666667,0.2074652777777778
1,85,3,33.12168,35.630828333,01/05/2025,60,0.5067091972233562,0.010970611604431885,0.5281870701720932,0.943383093414111,0.3787288867427481,3.4252801481639046,955.3333333333334,0.5729166666666666,0.16319444444444445
1,86,2,33.121455,35.630788333,01/05/2025,60,0.4962109224206039,0.00568750850441979,0.5204100725578232,0.9368938056755104,0.37852715900471284,3.1401298987215265,988.7777777777778,0.48541666666666666,0.1762152777777778
1,87,3,33.121315,35.63078,01/05/2025,60,0.4897512783430567,0.0054600822327917345,0.5105549548599284,0.9464192654698506,0.3740336346654469,3.310566868441476,1000.2222222222222,0.5854166666666667,0.17100694444444445
1,88,3,33.12107,35.630768333,01/05/2025,60,0.4842127272286176,0.010186000659478448,0.5178939295141519,0.9143300104131628,0.3684253512680881,2.4479811128379074,989.2222222222222,0.7583333333333333,0.3003472222222222
1,89,2,33.120945,35.630735,01/05/2025,60,0.48315005081007595,0.005301902337876394,0.5104277192985371,0.9301317214287315,0.3533180163772486,3.7658289525648923,995.5555555555555,0.4849264705882353,0.1449652777777778
1,90,0,33.120746667,35.63069,01/05/2025,60,0.4525854137950261,0.006893788292277728,0.49550792310732317,0.8952436080692274,0.3570982897825865,4.211302147188916,1061.6666666666667,0.3587009803921569,0.12586805555555558
1,91,0,33.120521667,35.630671667,01/05/2025,60,0.37498608999243777,0.030686214427691105,0.4369489238916657,0.8637082928675017,0.2899782252797691,3.6920095861313826,1135.5555555555557,0.38745286576168925,0.1623263888888889
1,92,0,33.120516667,35.630675,01/05/2025,60,0.3325080164845921,0.04203527799906373,0.41028743374943916,0.8358780779323012,0.2690966859291538,3.1297949849424147,1161.6666666666667,0.3246323529411764,0.18836805555555558
1,93,0,33.12057,35.630325,01/05/2025,60,0.35517985251267237,0.023568354870834776,0.43079826440244545,0.8360765860684325,0.2807736580689382,3.9686331481071164,1152.5555555555557,0.36041666666666666,0.14236111111111113
1,94,1,33.12077,35.630348333,01/05/2025,60,0.434545195026418,0.005854870747760158,0.47438880934379907,0.9045504109501642,0.324340683656319,3.0047949849424143,1062.0,0.5019607843137255,0.20572916666666669
1,95,1,33.120993333,35.630381667,01/05/2025,60,0.46289830888137523,0.009000550451244744,0.4882346276920587,0.9367032180224153,0.3584169448252205,4.420507230104883,1009.7777777777778,0.314828431372549,0.12239583333333334
1,96,0,33.121196667,35.630408333,01/05/2025,60,0.4674845977573814,0.00988789446534247,0.49571197437560155,0.9292145845505156,0.354449485751253,4.66748125036058,995.4444444444445,0.29860482654600307,0.125
1,97,2,33.121416667,35.630418333,01/05/2025,60,0.48000986898735015,0.01174248417001013,0.5128757553298341,0.9166320235401376,0.3725980205285689,4.2943721485946105,987.0,0.36605392156862754,0.1371527777777778
1,98,2,33.121633333,35.630451667,01/05/2025,60,0.47393420917378215,0.009138867511068278,0.5030723817485148,0.9263511177816345,0.357149175173597,4.141745971613138,989.6666666666666,0.3394136500754148,0.13020833333333331
1,99,2,33.121831667,35.63048,01/05/2025,60,0.4840109153053157,0.008117845035137294,0.4984119059613101,0.9627512726092409,0.35298231704712174,3.990748962019487,993.3333333333334,0.3602564102564103,0.14583333333333334
1,100,1,33.12207,35.6305,01/05/2025,60,0.4731607883099871,0.003890822700811084,0.5104546525084815,0.9064595284556576,0.3582513419783287,1.3642943420934954,1003.1111111111111,0.8020833333333334,0.4609375
1,101,1,33.122296667,35.630585,01/05/2025,60,0.45816752935701605,0.019665936708184308,0.49096463488923564,0.9195591943826814,0.34575726792695455,3.8947719513574426,1030.111111111111,0.4302696078431373,0.14322916666666669
1,102,1,33.122506667,35.630565,01/05/2025,60,0.47190759704091384,0.006499207223985108,0.5122086797677271,0.8992843978773942,0.3681469910314108,3.3858533076164026,1017.0,0.53125,0.19010416666666666
1,103,1,33.122725,35.63059,01/05/2025,60,0.4730660826939563,0.00631523056591891,0.4965177383977399,0.9406063276258444,0.3689553802630544,3.152170691632976,1061.4444444444443,0.5729166666666666,0.22395833333333331
1,104,0,33.122943333,35.630615,01/05/2025,60,0.4431459487019396,0.01486335009312606,0.4875181701170353,0.8929745181240274,0.3338752581041313,4.516207814343077,1052.0,0.3180995475113122,0.13020833333333334
1,105,0,33.123168333,35.630635,01/05/2025,60,0.4250604800863647,0.007565824899469483,0.4821054878036246,0.8663719043463742,0.32926629643734323,3.6183676499168373,1042.0,0.47708333333333336,0.171875
1,106,0,33.123375,35.630655,01/05/2025,60,0.43127482697474817,0.00799078053026816,0.47596007315474625,0.8936173868643541,0.3206186054670461,4.161707555363838,1047.6666666666667,0.31894796380090495,0.12239583333333333
1,107,1,33.12358,35.630683333,01/05/2025,60,0.43773087418779244,0.004706980282452343,0.48160348967053057,0.894764999326007,0.32463865637439765,2.68514304294886,1034.4444444444443,0.65625,0.23524305555555558
1,108,2,33.12379,35.630711667,01/05/2025,60,0.4482936618208716,0.010430904508369372,0.4773815633305388,0.9285902189454615,0.33110208858849643,3.4687640135302216,1036.3333333333333,0.31176470588235294,0.15017361111111113
1,109,0,33.12398,35.630726667,01/05/2025,60,0.3027675059990622,0.024677336078729677,0.37832212602885473,0.8432753687281648,0.22192304860429612,3.5968226336265317,1003.6666666666666,0.39779411764705874,0.17708333333333331
1,110,0,33.123981667,35.63073,01/05/2025,60,0.2797274254046459,0.022059967173268094,0.3651245247305122,0.8263695332637173,0.20647388966113903,3.499557609147716,996.7777777777778,0.4102941176470588,0.16927083333333334
1,111,0,33.123981667,35.630383333,01/05/2025,60,0.3365094070938349,0.016534141091256185,0.4020563418949197,0.8591837073138748,0.25089861102336036,3.8873321518995314,986.8888888888889,0.4557598039215686,0.15885416666666669
1,112,1,33.123775,35.630358333,01/05/2025,60,0.4412461625140558,0.0018043544283622948,0.4701812095448415,0.9295714910149179,0.3240157335655666,2.9307901819817657,1041.3333333333333,0.6479166666666667,0.19444444444444448
1,113,1,33.123573333,35.630345,01/05/2025,60,0.44369911740031565,0.008435550342564532,0.47454206920438696,0.9248172027748036,0.3257137526978676,3.152439983737665,1064.2222222222222,0.35404411764705884,0.16319444444444445
1,114,0,33.123361667,35.6303,01/05/2025,60,0.43511160169450347,0.011651676311739105,0.48715386536324623,0.8762721044928328,0.33084668226759517,4.371653522439334,1049.2222222222222,0.26316166279401565,0.1371527777777778
1,115,0,33.123165,35.630278333,01/05/2025,60,0.4420782872038249,0.012053040225034402,0.470936902203191,0.9297680649016181,0.32923507668549357,4.240341670172532,1087.3333333333333,0.4395833333333333,0.1293402777777778
1,116,0,33.123165,35.630278333,01/05/2025,60,0.4420782872038249,0.012053040225034402,0.470936902203191,0.9297680649016181,0.32923507668549357,4.240341670172532,1087.3333333333333,0.4395833333333333,0.1293402777777778
1,117,0,33.122941667,35.630253333,01/05/2025,60,0.458622799672647,0.018364893662308635,0.49411309906255624,0.912998198793919,0.34443722613967154,3.9670907747498876,1067.5555555555557,0.4051060392972158,0.1388888888888889
1,118,0,33.122736667,35.630225,01/05/2025,60,0.4919274008275613,0.005622914278434242,0.510087851197033,0.9528860752585858,0.371670878392911,4.117014908952865,1065.0,0.3981617647058824,0.13020833333333334
1,119,1,33.122551667,35.630196667,01/05/2025,60,0.49721254124446645,0.009936845702865819,0.518445451743645,0.9445171149758429,0.3856607019870213,3.552694271103767,1037.7777777777778,0.3523773490685256,0.16666666666666669
1,120,2,33.122345,35.63018,01/05/2025,60,0.4818992415455133,0.011069276927980048,0.5101581735649836,0.9284782646726926,0.36979646504211566,4.126426440498355,996.0,0.29211915535444943,0.1293402777777778
1,121,2,33.122125,35.630151667,01/05/2025,60,0.4782913212779122,0.013538012175661727,0.5021103529428887,0.9395947549292517,0.34691314748066415,3.712284998761885,993.1111111111111,0.4916666666666667,0.16927083333333334
1,122,2,33.121891667,35.630136667,01/05/2025,60,0.4850552840917157,0.005234505142891971,0.5159865428066959,0.9208025416232262,0.36304486792150464,3.532880086421833,965.1111111111111,0.4833333333333334,0.1762152777777778
1,123,2,33.121891667,35.630136667,01/05/2025,60,0.4850552840917157,0.005234505142891971,0.5159865428066959,0.9208025416232262,0.36304486792150464,3.532880086421833,965.1111111111111,0.4833333333333334,0.1762152777777778
1,124,3,33.12169,35.630106667,01/05/2025,60,0.4870704212006917,0.009296622222113011,0.5132392971539479,0.9327586129463938,0.37044196386556855,3.741213419755166,957.8888888888889,0.4160539215686274,0.1449652777777778
1,125,2,33.121491667,35.630096667,01/05/2025,60,0.49143321743554286,0.005840261214423232,0.5180180715050501,0.9312101396187119,0.3717382916697435,4.009428065191149,950.3333333333334,0.2932598039215686,0.12152777777777778
1,126,1,33.121263333,35.630063333,01/05/2025,60,0.48713287516857817,0.005697819873329613,0.5155358126683256,0.9270096674872099,0.36807345087679005,4.186772210336683,964.8888888888889,0.411104826546003,0.12586805555555555
1,127,1,33.121073333,35.630033333,01/05/2025,60,0.4913738107422132,0.013223889424875668,0.5116592273545846,0.94740965997376,0.3755201586035576,4.44323146167225,1006.8888888888889,0.30932315233785823,0.1267361111111111
1,128,0,33.120841667,35.630011667,01/05/2025,60,0.46099533602716847,0.007897057169972617,0.4992984803563292,0.9057804274432049,0.3497660946382466,3.5213880242490543,1032.2222222222222,0.5625,0.16666666666666666
1,129,0,33.120626667,35.629968333,01/05/2025,60,0.3891978276061614,0.023070464093244942,0.4508084280210691,0.8619744052762679,0.2934200181198289,4.343722183214059,1132.6666666666667,0.3772812971342383,0.14756944444444448
1,130,0,33.120568333,35.629966667,01/05/2025,60,0.3248409957469396,0.034131471575532236,0.4137307185293762,0.8138069599706147,0.253335168907016,5.0485332098491895,1174.7777777777778,0.2365252639517346,0.1076388888888889
1,131,0,33.120631667,35.629596667,01/05/2025,60,0.36327517335736903,0.04293461378716866,0.43668255493076724,0.8404697234475815,0.2727443100480348,4.8193665431825226,1078.888888888889,0.2717118136235783,0.11545138888888891
1,132,0,33.120846667,35.629625,01/05/2025,60,0.48547887428483905,0.006743570715451127,0.4972900030703584,0.9695180702517374,0.3671719079689322,2.2845300583088024,999.4444444444445,0.7395833333333333,0.3046875
1,133,1,33.121073333,35.629663333,01/05/2025,60,0.4860571238647038,0.014802902847908883,0.5018113689941734,0.9600729766818434,0.3654475723468672,3.834759773831688,968.7777777777778,0.4670343137254902,0.15711805555555555
1,134,1,33.121263333,35.629696667,01/05/2025,60,0.49025170721131317,0.006713075528574041,0.5102911137881108,0.9481962447160623,0.3643032501261834,3.521388024249054,963.2222222222222,0.47279411764705875,0.2048611111111111
1,135,1,33.121465,35.629713333,01/05/2025,60,0.4902056610954535,0.009455650870840398,0.5061963809206818,0.9586376402459535,0.3645271313526216,3.6221916797093936,977.8888888888889,0.3681372549019608,0.1684027777777778
1,136,2,33.12168,35.629751667,01/05/2025,60,0.48932048734657446,0.011547772833560278,0.5019301132775278,0.9671641116000187,0.3669424686563034,4.412912897259044,964.6666666666666,0.32938914027149324,0.15538194444444445
1,137,1,33.121893333,35.629761667,01/05/2025,60,0.48071771716395717,0.012053501055593396,0.5086593377212507,0.9291978661188158,0.35052230530642886,3.9879241080832215,935.8888888888889,0.3117269984917044,0.13454861111111113
1,138,1,33.122156667,35.629793333,01/05/2025,60,0.47479262530760635,0.018679894010006286,0.49926647697069754,0.9394018910692741,0.3574951973205898,3.900285753575993,964.0,0.4415064102564103,0.1293402777777778
1,139,1,33.12238,35.629821667,01/05/2025,60,0.4884746482890039,0.013399787867716064,0.504298693610436,0.9595901540587158,0.3578348487830222,4.558746230592377,977.1111111111111,0.38095776772247364,0.13020833333333334
1,140,0,33.12257,35.629838333,01/05/2025,60,0.49344581470806503,0.004069043149653571,0.5214537766401282,0.9274205109438262,0.3763822887875502,3.1403360647604432,1012.5555555555555,0.5958333333333332,0.20138888888888887
1,141,0,33.12278,35.629871667,01/05/2025,60,0.48392648073753786,0.0049734638031523545,0.5164913090816158,0.9168834089225903,0.3741071357944984,2.9133456951388417,1043.4444444444443,0.6270833333333333,0.2152777777777778
1,142,1,33.122971667,35.62989,01/05/2025,60,0.45586523112825517,0.009901178069171113,0.5015735108871849,0.8884207627686815,0.34225016005628706,3.965738033785916,1028.6666666666667,0.41617647058823537,0.1545138888888889
1,143,0,33.123196667,35.629915,01/05/2025,60,0.47437280502010676,0.012662319861952431,0.49946750932713485,0.9365346322787585,0.36293997994796395,4.141745971613138,1034.3333333333333,0.332513197586727,0.13020833333333331
1,144,1,33.123388333,35.629938333,01/05/2025,60,0.47068998379189064,0.012385226637357099,0.49192327852808976,0.9464328506749295,0.3403947131968471,4.043093107165022,1026.0,0.3981146304675717,0.12586805555555555
1,145,0,33.123576667,35.629958333,01/05/2025,60,0.4677499019389967,0.00425400462373761,0.4957013790216565,0.9298396568622161,0.34492453753366586,3.724688546745176,1002.6666666666666,0.5041666666666667,0.14756944444444445
1,146,0,33.123581667,35.629956667,01/05/2025,60,0.4677499019389967,0.00425400462373761,0.4957013790216565,0.9298396568622161,0.34492453753366586,3.724688546745176,1002.6666666666666,0.5041666666666667,0.14756944444444445
1,147,2,33.123781667,35.629968333,01/05/2025,60,0.48242983805664874,0.004654057673414535,0.499480136391574,0.9561476785169207,0.33998066435939284,3.623066868441476,968.4444444444445,0.5208333333333333,0.15104166666666666
1,148,0,33.123996667,35.630008333,01/05/2025,60,0.3462811542436166,0.028618581517542607,0.4053049101006836,0.8713725082633388,0.24699377666703107,4.403107168362811,956.0,0.2252073906485671,0.11805555555555557
1,149,0,33.124011667,35.630023333,01/05/2025,60,0.3462811542436166,0.028618581517542607,0.4053049101006836,0.8713725082633388,0.24699377666703107,4.403107168362811,956.0,0.2252073906485671,0.11805555555555557
1,150,0,33.124035,35.629631667,01/05/2025,60,0.3346002791825525,0.032587564663326074,0.3949392746579567,0.8703232280481745,0.25085005183004755,4.776828126933222,1012.7777777777778,0.3097139843463373,0.1154513888888889
1,151,0,33.123895,35.629618333,01/05/2025,60,0.45496764816390267,0.008852350417220217,0.4764740908113827,0.9466460778535895,0.3388661680337547,3.550687440010861,988.2222222222222,0.44166666666666665,0.15885416666666669
1,152,0,33.123688333,35.629601667,01/05/2025,60,0.46734691698151376,0.0072654329705994876,0.4972757222587917,0.9251785181986512,0.3516622372133444,1.1625311359020314,977.1111111111111,0.8541666666666666,0.546875
1,153,0,33.1235,35.62959,01/05/2025,60,0.4604098232733704,0.0042009530286159094,0.4915278232853921,0.9228972451732924,0.34508070853894995,2.792774850425007,975.7777777777778,0.65625,0.2065972222222222
1,154,0,33.123311667,35.629551667,01/05/2025,60,0.4729233603284496,0.012193051160950288,0.4926385173488394,0.9501805545298178,0.3553530446937201,4.54437214859461,992.7777777777778,0.3033936651583711,0.12673611111111113
1,155,0,33.123088333,35.629536667,01/05/2025,60,0.466725752197945,0.009643513002138006,0.5008185699681748,0.9151030258070176,0.3571239091469732,3.2548597120896154,972.6666666666666,0.4920343137254902,0.1918402777777778
1,156,0,33.122883333,35.629498333,01/05/2025,60,0.46474523388395933,0.01353197952721487,0.4951844247271516,0.9242235911084615,0.3425444163230052,4.846251836004467,981.8888888888889,0.27600867269984913,0.1076388888888889
1,157,1,33.122671667,35.62948,01/05/2025,60,0.4669180907101082,0.010319471183233031,0.4897147955387907,0.9427204821989845,0.3435859674559431,3.894771951357443,1021.6666666666666,0.4870098039215686,0.14322916666666669
1,158,0,33.122476667,35.62947,01/05/2025,60,0.4823318731251924,0.011192556217962616,0.5062710577592743,0.9387220953911505,0.365996917383403,4.217090774749888,991.7777777777778,0.34375,0.1284722222222222
1,159,0,33.122266667,35.629441667,01/05/2025,60,0.4157928999067687,0.019258216871669898,0.4602218289145138,0.8964359373886717,0.31779021572903127,3.298680608917954,1012.1111111111111,0.4873774509803921,0.1909722222222222
1,160,0,33.122053333,35.629406667,01/05/2025,60,0.48345218222468933,0.007002447007091827,0.5009628826463624,0.9548391580054538,0.35962016400485713,3.760588652734264,996.5555555555555,0.323604826546003,0.1484375
1,161,0,33.121828333,35.629396667,01/05/2025,60,0.4967533140359069,0.009205232969570787,0.5120030650584516,0.9601013462642993,0.3767759149662704,4.804585169337801,986.1111111111111,0.2829491765521177,0.11111111111111112
1,162,0,33.121643333,35.629361667,01/05/2025,60,0.49192243669896146,0.008889192159517197,0.5057258315457288,0.9640051503603296,0.36453549688703984,3.9090372348154987,988.8888888888889,0.43124999999999997,0.16145833333333334
1,163,1,33.121435,35.629331667,01/05/2025,60,0.4896076363838293,0.010744470737891287,0.5001076144829746,0.972618427014792,0.3577436349848595,4.200825794518089,999.1111111111111,0.35833333333333334,0.125
1,164,1,33.121225,35.629323333,01/05/2025,60,0.48017655899551026,0.010364771528736966,0.5052588930637127,0.9364248906609463,0.3619145109433186,3.944366543182522,996.8888888888889,0.48541666666666666,0.1328125
1,165,0,33.12101,35.629296667,01/05/2025,60,0.472840554870512,0.007479187181049677,0.49591465172004107,0.9416203490370574,0.3531506897644202,3.5041188279300868,1008.3333333333334,0.5520833333333333,0.1527777777777778
1,166,0,33.12082,35.629283333,01/05/2025,60,0.4653418507345989,0.006576151440336045,0.49460165948383505,0.9269771110817077,0.3647073419670035,2.339986977229236,1033.0,0.6875,0.3029513888888889
1,167,0,33.120633333,35.62924,01/05/2025,60,0.3235664686326669,0.046625130575849924,0.40030414211427756,0.8394033049192913,0.25934153363434603,5.048533209849189,1116.4444444444443,0.21058813338225102,0.10763888888888891
1,168,0,33.120745,35.628881667,01/05/2025,60,0.4081447797708209,0.024231566636791067,0.4591347686608695,0.8823653446952754,0.32333292021137083,2.68514304294886,1011.3333333333334,0.41874999999999996,0.23524305555555558
1,169,0,33.120918333,35.628896667,01/05/2025,60,0.4865317047924115,0.004533596738820166,0.5123051674970511,0.9336339202126344,0.36892243882378056,3.567680209905977,952.0,0.5875,0.16753472222222224
1,170,0,33.121138333,35.628925,01/05/2025,60,0.469993698888491,0.008622368878686993,0.503449747843324,0.9160253316070592,0.37121101859843364,4.568494793599888,957.3333333333334,0.3422417043740573,0.12239583333333334
1,171,0,33.12136,35.62895,01/05/2025,60,0.47086948683502705,0.011217818513083273,0.5079181361586041,0.9074580918994157,0.3555429163645691,4.152525579695158,953.6666666666666,0.46249999999999997,0.140625
1,172,0,33.121566667,35.628965,01/05/2025,60,0.48230957743453273,0.0068358283877626835,0.5144010994288862,0.918226146437996,0.36592912124337923,4.186919609405448,962.0,0.3897907239819005,0.11892361111111113
1,173,0,33.121733333,35.628995,01/05/2025,60,0.48314689462354377,0.00591678931629905,0.5086375168735038,0.9347286746086118,0.36860369109135677,2.900596078995203,958.7777777777778,0.6729166666666667,0.2621527777777778
1,174,0,33.121926667,35.629025,01/05/2025,60,0.48178207491186714,0.014458898570154952,0.5140752143424079,0.9177895047045447,0.3753269763677148,4.663320189106001,949.0,0.28177790346907994,0.12500000000000003
1,175,0,33.122145,35.629051667,01/05/2025,60,0.4764262382032816,0.009104047710792458,0.5010363486842594,0.9375636823482024,0.3565725473333011,4.4193721485946105,959.2222222222222,0.31797699849170435,0.12847222222222224
1,176,0,33.122323333,35.629071667,01/05/2025,60,0.4341530974611945,0.006138733844760067,0.48447150105998776,0.8802523628458907,0.32971007296717036,4.187791358988082,954.8888888888889,0.4100225225225226,0.12239583333333334
1,177,0,33.122548333,35.629096667,01/05/2025,60,0.46966638814950507,0.0032389351023573813,0.5002412556496311,0.923152959732908,0.36148332404201283,2.5649455891497537,966.2222222222222,0.6541666666666667,0.2638888888888889
1,178,0,33.122751667,35.629116667,01/05/2025,60,0.46273384048362787,0.00794697751517248,0.4962818148998541,0.916742802321048,0.34551770185746683,2.5738496345702995,967.1111111111111,0.6791666666666667,0.21788194444444445
1,179,0,33.122961667,35.629135,01/05/2025,60,0.46655757153731514,0.01112719711632922,0.49978048170809164,0.9173023339807939,0.3486421174557664,3.0489909343371635,957.0,0.6291666666666667,0.23871527777777776
1,180,0,33.123146667,35.629158333,01/05/2025,60,0.46739691966089975,0.006495559589492849,0.5026212445827033,0.912157073192637,0.36565783305348165,2.403722894455388,973.5555555555555,0.5916666666666667,0.3871527777777778
1,181,0,33.12335,35.62919,01/05/2025,60,0.46159736243582283,0.004976144930338063,0.49313400829482695,0.9216278244629059,0.3458662640097704,3.0115785269521322,976.4444444444445,0.5875,0.21093750000000003
1,182,0,33.123555,35.629203333,01/05/2025,60,0.46667111300240005,0.008256426949804684,0.5021465976784768,0.9120918688851513,0.34648348265114876,1.6652417584851502,959.6666666666666,0.7708333333333334,0.36458333333333337
1,183,1,33.123768333,35.629231667,01/05/2025,60,0.45603975762232096,0.011554665897354753,0.4923464155389728,0.9109194763218136,0.3544713356192431,3.4432314616722492,969.6666666666666,0.34534313725490196,0.2048611111111111
1,184,0,33.123971667,35.629255,01/05/2025,60,0.43631349426247484,0.025510057807547313,0.4734704656705685,0.911842661077426,0.3308451234819884,3.355878505976053,1001.5555555555555,0.4290441176470588,0.18489583333333334
1,185,0,33.124065,35.629268333,01/05/2025,60,0.3358840331221047,0.02243342064672067,0.3976920570879429,0.8668896782635824,0.24631293214769062,4.434153522439333,1032.6666666666667,0.30514705882352944,0.1328125
1,186,0,33.124065,35.629268333,01/05/2025,60,0.3358840331221047,0.02243342064672067,0.3976920570879429,0.8668896782635824,0.24631293214769062,4.434153522439333,1032.6666666666667,0.30514705882352944,0.1328125
1,187,0,33.12406,35.628896667,01/05/2025,60,0.33586521626983135,0.03093881835819505,0.39778076702105625,0.8674783367748399,0.2657591829552544,4.558746230592377,940.7777777777778,0.3256055446269075,0.13020833333333334
1,188,1,33.123853333,35.628881667,01/05/2025,60,0.47678395174221283,0.011298278461462745,0.5147880745868525,0.904289911679365,0.3686826653507247,4.324546753088498,963.6666666666666,0.40318627450980393,0.12586805555555558
1,189,1,33.123678333,35.628858333,01/05/2025,60,0.47054812305412813,0.011187998618903135,0.5090195680924982,0.9040576815832032,0.35828538507905133,3.8428922639475886,969.2222222222222,0.4708333333333333,0.1293402777777778
1,190,0,33.12344,35.628828333,01/05/2025,60,0.4726198545809702,0.012797769430256857,0.5143041369350836,0.8958539138868633,0.36206461267149415,4.643970462159744,961.1111111111111,0.2350113122171945,0.1076388888888889
1,191,0,33.123243333,35.628805,01/05/2025,60,0.4788182507275283,0.006251854778996141,0.5058461611402855,0.9311942316564151,0.35911689250153117,1.8389827611420677,976.6666666666666,0.7395833333333333,0.3567708333333333
1,192,0,33.123063333,35.628776667,01/05/2025,60,0.4920441735316601,0.007457136889150364,0.5105851503760134,0.9519214210658848,0.37167988271685287,3.174202232542355,976.3333333333334,0.5958333333333332,0.20920138888888887
1,193,0,33.122846667,35.62875,01/05/2025,60,0.4915286391451684,0.0031493075068338423,0.5137970392776148,0.942299310334021,0.37524208935324455,1.7586169206466866,961.1111111111111,0.7083333333333333,0.3767361111111111
1,194,0,33.122633333,35.62873,01/05/2025,60,0.46772729778280336,0.010492059155403908,0.5019687620839037,0.9143484203832659,0.35917582954715327,4.309284387862439,952.7777777777778,0.3727469834087482,0.14756944444444445
1,195,0,33.122368333,35.62869,01/05/2025,60,0.4472939012145363,0.008872178220445172,0.48723452145071416,0.9028703011668079,0.3280436063043174,3.250840089726753,952.1111111111111,0.5458333333333334,0.1701388888888889
1,196,0,33.12218,35.62867,01/05/2025,60,0.48392539849541016,0.008921675954539165,0.5090280854190973,0.9359733075643967,0.3530115207132047,4.305867649916837,940.6666666666666,0.3620098039215687,0.11892361111111113
1,197,0,33.121998333,35.628651667,01/05/2025,60,0.48039723509015875,0.006311740712769872,0.5060889114528517,0.9345516968350491,0.35953746919626783,2.4652770151996863,953.0,0.6041666666666666,0.2925347222222222
1,198,0,33.12176,35.628611667,01/05/2025,60,0.4916625775872219,0.006292432784964207,0.5102568334827028,0.9516529910843592,0.366117393103159,3.148685016256941,961.7777777777778,0.46874999999999994,0.1953125
1,199,0,33.121566667,35.628611667,01/05/2025,60,0.4864383629995886,0.006225232303596578,0.5206141303691736,0.9126512173525531,0.35466569880867577,3.0137771577575543,935.3333333333334,0.53125,0.2092013888888889
1,200,0,33.121375,35.628576667,01/05/2025,60,0.4897372650970191,0.012362437086589233,0.5088710314702648,0.9507504869218815,0.36027409632833335,3.3558785059760536,962.3333333333334,0.4791666666666667,0.16927083333333334
1,201,0,33.121175,35.628551667,01/05/2025,60,0.485813787446783,0.009577094878864989,0.5166923594642675,0.9208435907799601,0.3683020075024789,3.850560296327809,936.2222222222222,0.4272170926582691,0.16145833333333334
1,202,0,33.12097,35.628531667,01/05/2025,60,0.48389322801429585,0.0078073862278415325,0.5218791245370602,0.9034549759017799,0.3805954697395193,3.1996776185116036,946.7777777777778,0.5604166666666667,0.2326388888888889
1,203,0,33.120773333,35.6285,01/05/2025,60,0.43394923144892716,0.023598095190536617,0.47986552085731116,0.8911348010550149,0.3359923884684428,4.187791358988082,999.8888888888889,0.34977941176470595,0.12239583333333334
1,204,0,33.120738333,35.628503333,01/05/2025,60,0.3953132017081791,0.04499848560966164,0.45655826589519777,0.8628963300984104,0.3122471722834663,4.223406066166138,1012.0,0.2713659247482777,0.12586805555555555
1,205,0,33.120793333,35.628145,01/05/2025,60,0.3170496470887776,0.016163389999212355,0.4064120645037754,0.8139094885088863,0.25749037722829243,3.355878505976053,705.3333333333334,0.39592697842434327,0.18489583333333334
1,206,0,33.120991667,35.62817,01/05/2025,60,0.36255127649728874,0.02581051019702618,0.431140848742574,0.8497075883153246,0.2688787090412554,3.600845695138842,695.5555555555555,0.31415482781860604,0.1623263888888889
1,207,0,33.12121,35.628198333,01/05/2025,60,0.3695388084083677,0.035023706003647084,0.4298433771142707,0.8664516949407672,0.28077521080335427,4.009892522926827,1061.5555555555557,0.39418541845012434,0.15885416666666669
1,208,0,33.12141,35.628218333,01/05/2025,60,0.3798204901487059,0.022369649126088145,0.4337741052720545,0.8787654791144534,0.290343642201715,4.141134114808694,1042.2222222222222,0.39375000000000004,0.1293402777777778
1,209,0,33.121623333,35.62824,01/05/2025,60,0.3543337399312453,0.029552028630954096,0.41326052579296724,0.8708980183849283,0.26570583738211595,4.434153522439333,1078.0,0.3376808935632465,0.1328125
1,210,0,33.121816667,35.62826,01/05/2025,60,0.37263844010417396,0.02999751821154501,0.43578411936124056,0.8605151669217823,0.29661178343477856,3.449213160775926,1043.888888888889,0.4712009803921569,0.1953125
1,211,0,33.122011667,35.628278333,01/05/2025,60,0.3437111442456965,0.03782319786409947,0.4191760080793208,0.8384929682969442,0.2655613281439184,4.2756930454229485,1051.7777777777778,0.42083333333333334,0.13020833333333334
1,212,0,33.122216667,35.628316667,01/05/2025,60,0.3857256353658293,0.03726279973211805,0.44069695958735877,0.8762994276788733,0.2879025871543124,4.854981250360577,1038.6666666666667,0.22882398801516446,0.12760416666666669
1,213,0,33.122491667,35.6284,01/05/2025,60,0.4084753765579327,0.03959772599887144,0.4544526962671875,0.8936395539578551,0.3050302002507485,5.0901998765158565,1016.6666666666666,0.18957191920427216,0.10416666666666669
1,214,0,33.122631667,35.628375,01/05/2025,60,0.3614654674628641,0.02580545201464873,0.42321087993344547,0.8641564848889477,0.27572621052290525,3.9789770342734103,1060.4444444444443,0.437697963800905,0.13975694444444445
1,215,0,33.122865,35.6284,01/05/2025,60,0.40448616905374646,0.04488369670395583,0.4508130765258712,0.8942914463010592,0.3124508588113718,4.001426440498355,1030.2222222222222,0.30694172679466797,0.1449652777777778
1,216,0,33.123048333,35.628416667,01/05/2025,60,0.37128121478984505,0.043060196076113895,0.43416517123242093,0.8607015376976759,0.2784494396707161,4.491213419755165,1051.888888888889,0.27141958134605193,0.1154513888888889
1,217,0,33.123256667,35.628438333,01/05/2025,60,0.38774011170617606,0.034271698342659536,0.45118063295759736,0.8581493763059773,0.2940216922182106,3.45842909975111,1025.5555555555557,0.39150641025641025,0.1623263888888889
1,218,1,33.123466667,35.628466667,01/05/2025,60,0.37103752598311246,0.04962507801397709,0.43779473977075517,0.8536501228979871,0.2908807178993051,4.881866543182522,1060.7777777777778,0.15133275243569363,0.11111111111111113
1,219,2,33.123663333,35.62849,01/05/2025,60,0.3889737761980965,0.03283023530895898,0.4440177698875706,0.875520264735967,0.31017544502054906,4.294372148594611,1049.5555555555557,0.29938725490196083,0.1371527777777778
1,220,0,33.123866667,35.628518333,01/05/2025,60,0.3757762238420072,0.04259648269012096,0.43469096259934764,0.869158451093399,0.302487120641682,5.0485332098491895,1077.5555555555557,0.22726422689657982,0.10763888888888891
1,221,0,33.124073333,35.628548333,01/05/2025,60,0.2890213564632225,0.01632779445669515,0.3686025881362875,0.8365891311254591,0.23480173285886452,3.8873321518995314,786.4444444444445,0.3209209189491306,0.15885416666666669
2,2,0,33.12394143,35.63256134,06/05/2025,55,0.3718403984901772,0.054881650217842436,0.43988744557300175,0.8533618981892658,0.2508472900014292,4.663320189106001,404.6666666666667,0.20882274808668358,0.125
2,3,0,33.12373095,35.632552255,06/05/2025,55,0.5499020206613804,0.05545288390640253,0.5649022759552389,0.9650917132311991,0.3825946481695284,4.846251836004467,665.8888888888889,0.130042395336513,0.1076388888888889
2,4,1,33.12352722,35.6325246,06/05/2025,55,0.4853790969887769,0.051607939792712304,0.5424979646884797,0.8583855655516321,0.3560622572770989,5.0485332098491895,687.1111111111111,0.18694730670669477,0.1076388888888889
2,5,0,33.123319267,35.63250203,06/05/2025,55,0.502006149479665,0.05959703875920745,0.5522511699655266,0.8735292771449243,0.36459670787899,4.544372148594611,707.8888888888889,0.15299663918216494,0.1267361111111111
2,6,0,33.123100337,35.632472735,06/05/2025,55,0.5355834789269898,0.058811811017245745,0.5767129428870819,0.8937537651968791,0.3996162011903034,4.246653522439333,708.0,0.17067383753359366,0.1388888888888889
2,7,0,33.122890518,35.632451943,06/05/2025,55,0.499775810285031,0.04459021719857345,0.5444828128134683,0.8874097414977519,0.3615058561751956,3.6071575474056434,734.3333333333334,0.2641242203742204,0.16493055555555558
2,8,0,33.12267752,35.632427623,06/05/2025,55,0.5109238678965854,0.05352884972761729,0.5462800050852702,0.9105136327505244,0.3720965587823152,4.840199876515855,755.8888888888889,0.14960228521204133,0.11458333333333334
2,9,0,33.122469337,35.632401753,06/05/2025,55,0.4555139204796709,0.060256719164778136,0.5155266770346163,0.8577493484458498,0.3281652122541727,5.292481250360577,776.5555555555555,0.12142485552247884,0.10416666666666669
2,10,0,33.12225662,35.632386898,06/05/2025,55,0.4549818954653385,0.05428784233627911,0.509711237003144,0.8688762395636034,0.32646585046047044,5.292481250360577,772.8888888888889,0.11222626099778182,0.10416666666666669
2,11,0,33.122047905,35.63236496,06/05/2025,55,0.46338984574104036,0.044672431813517065,0.5204081311575224,0.8619112976321222,0.34337066867520794,4.596251836004467,780.4444444444445,0.21752175818352285,0.11805555555555557
2,12,0,33.121840683,35.63233741,06/05/2025,55,0.4766482750917146,0.0526915853792997,0.5312111797937978,0.865539542046129,0.3449144526890229,5.048533209849189,764.6666666666666,0.13544631784189898,0.10763888888888891
2,13,0,33.121621448,35.632316883,06/05/2025,55,0.4486755969159975,0.04996848002944126,0.5082257223609722,0.8593837995687353,0.32609939592787807,5.292481250360577,774.2222222222222,0.14017890628184748,0.10416666666666669
2,14,0,33.121407742,35.632276483,06/05/2025,55,0.49355064028806095,0.05768375271081468,0.5361453135313793,0.8931019442239226,0.3689928224182855,4.40310716836281,803.0,0.2094991519679301,0.11805555555555557
2,15,0,33.121188762,35.632252318,06/05/2025,55,0.47838827523676986,0.06215539298831686,0.5299423266709132,0.8775952161212693,0.33312869821409324,5.0485332098491895,794.0,0.13663124856453407,0.1076388888888889
2,16,0,33.120976523,35.632233422,06/05/2025,55,0.4165672996821616,0.04971395111593674,0.4921679622426331,0.829699063225758,0.312773902294345,5.0901998765158565,821.1111111111111,0.16827651373921101,0.10416666666666669
2,17,0,33.120759383,35.632200658,06/05/2025,55,0.43683430670274276,0.06518013383251284,0.49299609509310155,0.8681025117545003,0.31774134067119,4.159037234815498,789.4444444444445,0.19303967428967428,0.15104166666666669
2,18,0,33.120553338,35.632176323,06/05/2025,55,0.4438444147586666,0.043808487442018124,0.5049415275796486,0.8550024780909402,0.3087233567259055,4.309284387862439,784.2222222222222,0.29503439882349847,0.14756944444444442
2,19,0,33.120424495,35.631815497,06/05/2025,55,0.43190499656118325,0.04566286326600735,0.48849708881901943,0.8686371463555925,0.3170910607120799,4.159037234815499,582.2222222222222,0.15420865316431107,0.15104166666666666
2,20,0,33.12063312,35.63184115,06/05/2025,55,0.5915473946996792,0.007346046696000571,0.603273093368666,0.9646802777780592,0.42812785303576645,3.162473945556208,772.4444444444445,0.58125,0.1875
2,21,0,33.120844758,35.631866457,06/05/2025,55,0.5716518300998381,0.00856555006017186,0.5875769861773402,0.9531838806051832,0.4060706948741666,3.476717444721476,794.6666666666666,0.5145833333333334,0.1814236111111111
2,22,0,33.12105556,35.631890545,06/05/2025,55,0.5578624726372459,0.007878380878251767,0.5774983923764929,0.9440756752659689,0.40090967056757937,4.105593107165021,814.5555555555555,0.4099264705882353,0.1371527777777778
2,23,0,33.121266037,35.63191517,06/05/2025,55,0.5666950864036349,0.0134548398470792,0.5840851534491996,0.9503828590522656,0.40120958964041575,3.2960581526199157,821.5555555555555,0.5291666666666667,0.203125
2,24,0,33.121463333,35.63195,06/05/2025,55,0.5698380225651224,0.008586654457399562,0.585566251301823,0.9540985981312079,0.4002826342454833,4.031860937770434,805.8888888888889,0.39437217194570134,0.1640625
2,25,0,33.121671667,35.631956667,06/05/2025,55,0.567228158357254,0.007286567398697623,0.5877179266971821,0.9406539494490479,0.3999287195212638,1.7401190981845582,802.7777777777778,0.7270833333333333,0.42447916666666663
2,26,0,33.121893333,35.631988333,06/05/2025,55,0.5617555831762838,0.009343868605031811,0.5875702875210407,0.9263026762193621,0.4028709954006764,3.75445242024266,797.2222222222222,0.5125,0.1371527777777778
2,27,0,33.122096667,35.632008333,06/05/2025,55,0.5630184236839401,0.007059257548737609,0.581846117332507,0.9458943007333613,0.39825767568084314,4.5745467530885,800.8888888888889,0.3524038461538461,0.1154513888888889
2,28,0,33.122298333,35.63204,06/05/2025,55,0.5772469600403439,0.011530660201095657,0.5920396660363857,0.9566369192510386,0.42024294741626117,2.729182000302357,781.5555555555555,0.5979166666666667,0.2578125
2,29,0,33.122501667,35.632048333,06/05/2025,55,0.5964247741048376,0.008149189268408933,0.6040430403918218,0.9767191160598053,0.42881842229137934,3.4416188279300868,752.0,0.49374999999999997,0.20572916666666669
2,30,0,33.122681667,35.632066667,06/05/2025,55,0.6259823204170635,0.0073266124817017745,0.6200516873150198,1.0197683587278816,0.43964677258058293,3.7484004607540493,708.2222222222222,0.5374999999999999,0.1684027777777778
2,31,0,33.122905,35.632093333,06/05/2025,55,0.6273589144359767,0.008620748054250624,0.6167735904904914,1.0360182686591481,0.4387963722139995,3.238651897746538,704.2222222222222,0.5770833333333334,0.22135416666666669
2,32,0,33.123113333,35.632125,06/05/2025,55,0.6335002338585952,0.01475581779763869,0.618042473811069,1.0553016979943404,0.44554184675226566,2.078838679766182,706.8888888888889,0.7708333333333333,0.359375
2,33,0,33.123311667,35.632153333,06/05/2025,55,0.6543207175767026,0.005360363384715744,0.6276015614487535,1.0951616860204352,0.45674313147254647,3.3884893002931977,700.3333333333334,0.41250000000000003,0.1996527777777778
2,34,1,33.123515,35.632185,06/05/2025,55,0.6617994965975347,0.006135179275853891,0.6411466320910247,1.0750320960926085,0.46779296665813735,3.4449783999869656,668.7777777777778,0.59375,0.16666666666666663
2,35,1,33.123715,35.632198333,06/05/2025,55,0.686206191416919,0.013000836312901824,0.646384132802998,1.156028571546164,0.47961171976773925,2.902978141007726,644.6666666666666,0.6354166666666666,0.1875
2,36,0,33.123926667,35.632235,06/05/2025,55,0.43405748444454517,0.06416233024390326,0.4844403353126978,0.8842769907343898,0.3014082106314376,5.0485332098491895,571.7777777777778,0.16817159547252808,0.1076388888888889
2,37,0,33.123941667,35.632231667,06/05/2025,55,0.43405748444454517,0.06416233024390326,0.4844403353126978,0.8842769907343898,0.3014082106314376,5.0485332098491895,571.7777777777778,0.16817159547252808,0.1076388888888889
2,38,0,33.123938333,35.631851667,06/05/2025,55,0.40335050755425755,0.05809874044043092,0.4574858260388716,0.8796820568632798,0.2863691018556853,4.596251836004467,624.6666666666666,0.2216330867066161,0.11805555555555555
2,39,0,33.123708333,35.631828333,06/05/2025,55,0.638554442935559,0.00869375826184039,0.6257502139196878,1.043510513769193,0.4603196526756894,4.532880086421832,697.1111111111111,0.32098981900452495,0.11892361111111113
2,40,2,33.123495,35.631791667,06/05/2025,55,0.6109351939420712,0.005703389823929364,0.6091769215694972,1.005927449688534,0.427215593925883,3.0357455726011606,767.1111111111111,0.51875,0.18836805555555555
2,41,0,33.123288333,35.631761667,06/05/2025,55,0.600385566876584,0.009408742194631762,0.6034858336591238,0.9908812814458222,0.43094453568208935,3.7760965688692156,764.1111111111111,0.3599264705882353,0.15538194444444445
2,42,0,33.123103333,35.631753333,06/05/2025,55,0.6116068481358486,0.010552409811640882,0.6114742178612738,1.000600282440501,0.4276766539329746,4.011175003505865,754.7777777777778,0.26170992825404593,0.13020833333333331
2,43,0,33.122895,35.631733333,06/05/2025,55,0.5917332736019012,0.0064071210405155865,0.5928380393676613,0.9966272660365073,0.43111001480345235,4.18173939949947,781.8888888888889,0.278921568627451,0.12239583333333334
2,44,0,33.122693333,35.631701667,06/05/2025,55,0.5928362468673019,0.005925296962442382,0.5881543893533853,1.01473839630972,0.42865350808856395,2.7965768113973013,775.8888888888889,0.5916666666666668,0.24739583333333334
2,45,0,33.122473333,35.63168,06/05/2025,55,0.5873464409229577,0.0101841156291623,0.5832253942919235,1.0133343931459686,0.4168914594086152,3.6103088593353205,792.8888888888889,0.5333333333333333,0.15711805555555555
2,46,0,33.122265,35.63166,06/05/2025,55,0.5246335248795698,0.013091923079910101,0.5588728869865909,0.9079345792112513,0.37624213315395694,4.180867649916838,815.7777777777778,0.3769607843137255,0.12586805555555555
2,47,0,33.122058333,35.631625,06/05/2025,55,0.5486385916945651,0.00887144757376817,0.572739844606184,0.9323195740209361,0.4040187156459213,1.944381475746753,832.5555555555555,0.7395833333333333,0.2977430555555555
2,48,0,33.121858333,35.631596667,06/05/2025,55,0.5440951710376083,0.010761805126619596,0.5722415912825859,0.9217456229686685,0.39770794761888717,3.597212620694041,862.8888888888889,0.5354166666666668,0.14756944444444445
2,49,0,33.12163,35.631571667,06/05/2025,55,0.5569044548687478,0.010077971959580894,0.5728694269032516,0.9546759855700281,0.3999889841561235,3.6756137404764777,852.0,0.4854166666666667,0.1440972222222222
2,50,0,33.121425,35.631556667,06/05/2025,55,0.5635834153464845,0.005805527412498197,0.5842650214499846,0.9403315533988013,0.4031751889241909,3.494893489628405,829.7777777777778,0.5875,0.1814236111111111
2,51,0,33.12121,35.631541667,06/05/2025,55,0.5408563101767473,0.007703434399854842,0.5695210689944658,0.9205963801598865,0.390479645162105,3.585778922483087,849.4444444444445,0.4019607843137255,0.1484375
2,52,0,33.121005,35.631506667,06/05/2025,55,0.5347816804509661,0.005158725074934562,0.5586543081224724,0.9344590769349157,0.389965314759892,3.514005390679865,878.6666666666666,0.5645833333333333,0.17708333333333334
2,53,0,33.120813333,35.631475,06/05/2025,55,0.5464199420375384,0.008447206398468205,0.5636558704381116,0.9515697446723758,0.39568036787556016,3.7417097467090623,877.6666666666666,0.5229166666666667,0.1545138888888889
2,54,0,33.120596667,35.631453333,06/05/2025,55,0.5385939957241205,0.00783247477836968,0.5608346077550643,0.9384050520878292,0.3882542122874717,4.574546753088498,855.4444444444445,0.35196078431372546,0.1154513888888889
2,55,0,33.12044,35.63143,06/05/2025,55,0.35671631229657014,0.034274002243186684,0.43592049953016,0.8287276650332233,0.2756764112458841,3.9549868557726664,620.4444444444445,0.17458535384898155,0.15277777777777782
2,56,0,33.120466667,35.63116,06/05/2025,55,0.347439194227959,0.05271924128930097,0.4322037567771513,0.8192651120768325,0.2610338014696919,4.619239399499472,958.2222222222222,0.190481227834169,0.1076388888888889
2,57,0,33.120678333,35.63118,06/05/2025,55,0.5414421789766044,0.013942916784791677,0.5590825134587155,0.9507627311964301,0.4003293197195458,3.9369196094054484,877.8888888888889,0.49374999999999997,0.13802083333333331
2,58,0,33.12088,35.631201667,06/05/2025,55,0.554342697340688,0.011778414608864075,0.5768106229617589,0.936262442734468,0.40313830357867797,4.692623044017255,860.4444444444445,0.3665441176470588,0.11892361111111112
2,59,0,33.121095,35.631228333,06/05/2025,55,0.5406466873126358,0.023979903788336476,0.5706026570418938,0.9187379975112315,0.39445625315553245,4.558746230592377,862.1111111111111,0.30749576817188007,0.13020833333333334
2,60,0,33.1213,35.63126,06/05/2025,55,0.5481171302693515,0.01776991936125897,0.5797696493917518,0.9124072261064199,0.39402045714684203,4.417481250360577,845.0,0.41875,0.15104166666666669
2,61,0,33.121505,35.631283333,06/05/2025,55,0.556586310844595,0.012633988217464288,0.579192261730811,0.936071399807303,0.3919655120930029,2.9133456951388417,841.3333333333334,0.5321595634095633,0.2152777777777778
2,62,0,33.121713333,35.631296667,06/05/2025,55,0.5707412552270296,0.017868286580453984,0.5896964660672204,0.9450613122642658,0.39869827394544405,3.454172272078755,821.0,0.32622549019607844,0.19791666666666669
2,63,0,33.121926667,35.631331667,06/05/2025,55,0.5759726917460305,0.020994275153365136,0.5789845789279171,0.9924180690334841,0.4111667103486636,2.7862163915853473,833.6666666666666,0.5102941176470588,0.2543402777777777
2,64,0,33.12214,35.631348333,06/05/2025,55,0.5356310864221484,0.028777140807511318,0.5624641295208588,0.9270207221987233,0.372432148995686,4.819366543182522,807.1111111111111,0.27944371407606705,0.11545138888888891
2,65,1,33.122338333,35.631373333,06/05/2025,55,0.5634438655024925,0.02832988240139982,0.579272957834116,0.9554609925701344,0.4059023967522903,4.776828126933223,804.3333333333334,0.2969820838938486,0.1154513888888889
2,66,0,33.122535,35.631401667,06/05/2025,55,0.564640569357959,0.010351929168442296,0.5868248849137143,0.9362486956946116,0.42480936346359804,3.9555987125771095,793.0,0.3736348905466552,0.1293402777777778
2,67,0,33.122753333,35.631431667,06/05/2025,55,0.5731820834466862,0.0077884323349915715,0.5830513833440745,0.9709103862032139,0.41354320293943947,4.434153522439333,786.7777777777778,0.4295343137254902,0.1328125
2,68,0,33.122943333,35.631456667,06/05/2025,55,0.569622836496919,0.007326552797357602,0.5675226974924782,1.006654962340496,0.40932166075633375,3.93643861802411,809.7777777777778,0.3269136500754148,0.15538194444444445
2,69,0,33.12316,35.631473333,06/05/2025,55,0.5784538538729034,0.010678946461052793,0.5924602577523856,0.9581385174189049,0.43426656110801226,4.3019664814404495,767.4444444444445,0.2897986221515633,0.13368055555555558
2,70,1,33.12336,35.6315,06/05/2025,55,0.5924202173176972,0.01582667789493671,0.5983789272634866,0.9824787439409004,0.42353792187522515,4.231000399011976,744.7777777777778,0.30326836451836453,0.12239583333333334
2,71,2,33.12357,35.631521667,06/05/2025,55,0.6114379050692709,0.013586404286267015,0.6050068515030957,1.0213088224735152,0.4347409141225998,4.102303795493077,737.3333333333334,0.3745098039215686,0.13194444444444445
2,72,1,33.123766667,35.631543333,06/05/2025,55,0.5940302055749819,0.014909578063947885,0.5961703215046467,0.9942081038299063,0.4242086550336077,3.88105195948861,702.4444444444445,0.23719069748481514,0.1701388888888889
2,73,0,33.12396,35.63157,06/05/2025,55,0.34715594131071653,0.04593392499186343,0.423696942642313,0.8366970081470012,0.24531750635724522,5.063314583693911,646.5555555555555,0.24920437405731524,0.11197916666666669
2,74,0,33.12397,35.631101667,06/05/2025,55,0.3646818957926432,0.034336671718097664,0.4353819682997946,0.845146378998425,0.25528352007402827,3.1625056054120884,632.3333333333334,0.3122549019607843,0.21180555555555558
2,75,0,33.123761667,35.631083333,06/05/2025,55,0.6231073328911251,0.012789739946756635,0.6071540677637725,1.0537880078307924,0.4399294899260711,4.8193665431825226,723.5555555555555,0.3482843137254902,0.1154513888888889
2,76,0,33.12354,35.631048333,06/05/2025,55,0.6194688142649665,0.005468890012113652,0.6130860703095053,1.0209853878109845,0.4403912843153767,3.30700273142711,749.6666666666666,0.5375,0.17187500000000003
2,77,0,33.12332,35.631038333,06/05/2025,55,0.619810706486567,0.007019324223435945,0.6225222384622228,0.9915524128511041,0.45705935854818275,3.7676177211957715,742.2222222222222,0.48716063348416294,0.14409722222222224
2,78,0,33.123115,35.631001667,06/05/2025,55,0.6012636592154286,0.004057077904148804,0.6036971743935198,0.9924731754501133,0.4357286127314048,3.392364962736743,773.8888888888889,0.5229166666666667,0.16927083333333331
2,79,0,33.122913333,35.630978333,06/05/2025,55,0.5982154882042072,0.0032630267999480276,0.6031631860083857,0.9848237583150902,0.43081575941034134,3.1297949849424147,784.1111111111111,0.4958333333333333,0.18836805555555558
2,80,0,33.122696667,35.630958333,06/05/2025,55,0.6319918760247283,0.010969494250664243,0.6199258992756614,1.040885145336235,0.44778068483706057,3.626092848185781,789.2222222222222,0.5145833333333333,0.1467013888888889
2,81,1,33.122505,35.630931667,06/05/2025,55,0.6619410564773932,0.00858341486418448,0.6387095660921576,1.0847130976948995,0.47916898584866935,3.2316122558164206,755.5555555555555,0.42708333333333337,0.16145833333333334
2,82,0,33.122313333,35.630918333,06/05/2025,55,0.6489961357769032,0.012075086770517484,0.6376077342947266,1.0400559738501185,0.4598841364608194,3.932024798310503,705.3333333333334,0.3810632465044229,0.15104166666666669
2,83,0,33.122081667,35.630858333,06/05/2025,55,0.6666876338844745,0.006899229116305291,0.6448757216475625,1.079605845004326,0.4769256231589298,3.919984005399054,729.7777777777778,0.4791666666666667,0.14149305555555558
2,84,1,33.121876667,35.63085,06/05/2025,55,0.6694384704263999,0.006551619022196443,0.6421353678567981,1.1008248082533807,0.46326110024591727,3.579172272078755,737.1111111111111,0.3688786637316049,0.18055555555555555
2,85,3,33.12168,35.630828333,06/05/2025,55,0.6904411870421767,0.004951098037100747,0.6543577029631032,1.1411038035391297,0.47893201861530293,2.890476256279071,715.4444444444445,0.6354166666666667,0.234375
2,86,2,33.121455,35.630788333,06/05/2025,55,0.6666730784517318,0.00471907911854488,0.6449609450121163,1.079334798604508,0.46102510599706625,2.5649455891497537,722.1111111111111,0.6541666666666666,0.2638888888888889
2,87,3,33.121315,35.63078,06/05/2025,55,0.6794915226895059,0.005997973478770731,0.6471207374821756,1.122572381622729,0.4665375605436108,3.842354106677527,726.5555555555555,0.3797322775263952,0.1293402777777778
2,88,3,33.12107,35.630768333,06/05/2025,55,0.6626744373136911,0.010959684762310904,0.6372306309221359,1.0928361664945476,0.4616883946033697,4.519641085934339,745.6666666666666,0.4036764705882353,0.11805555555555557
2,89,2,33.120945,35.630735,06/05/2025,55,0.6584703508769382,0.01374434893641586,0.6336628357894367,1.0909397345388419,0.4594085764196662,3.516159620841537,767.0,0.4186274509803922,0.1623263888888889
2,90,0,33.120746667,35.63069,06/05/2025,55,0.6303559807862796,0.0033454006820616443,0.6187426795825313,1.038911136629093,0.44156817052184166,3.4294108725171015,817.1111111111111,0.5208333333333333,0.1987847222222222
2,91,0,33.120521667,35.630671667,06/05/2025,55,0.423222939068966,0.06123009199259305,0.4811522883737045,0.8658308947118919,0.3159248825606089,5.048533209849189,918.8888888888889,0.14829500701451923,0.1076388888888889
2,92,0,33.120516667,35.630675,06/05/2025,55,0.35194982000478364,0.0621692589037932,0.42731812056491114,0.8381373585326405,0.25772119093306595,5.048533209849189,954.6666666666666,0.15995989022352008,0.1076388888888889
2,93,0,33.12057,35.630325,06/05/2025,55,0.41640945657144424,0.04397126890434462,0.47482275592614265,0.8653590674332369,0.3126396039762992,4.294372148594611,962.8888888888889,0.24495841995841994,0.1371527777777778
2,94,1,33.12077,35.630348333,06/05/2025,55,0.5903570909371663,0.013626186008000609,0.5903445818500341,1.0005640664504605,0.41983260188096544,4.431739399499471,838.4444444444445,0.34105392156862746,0.11892361111111112
2,95,1,33.120993333,35.630381667,06/05/2025,55,0.6366466611080628,0.014372662301984725,0.6233297697803466,1.0453983352783491,0.4542863451413146,5.06331458369391,727.7777777777778,0.20727176837470954,0.11197916666666669
2,96,0,33.121196667,35.630408333,06/05/2025,55,0.644532721588391,0.007792279780482702,0.6308488894260219,1.048000195013054,0.44576153903434157,2.339986977229236,720.8888888888889,0.7062499999999999,0.3029513888888889
2,97,2,33.121416667,35.630418333,06/05/2025,55,0.644776833594572,0.006426876770727459,0.62604360142385,1.0651558895679198,0.46412573696630666,3.4420095861313817,734.1111111111111,0.5125,0.17274305555555555
2,98,2,33.121633333,35.630451667,06/05/2025,55,0.6551645892337729,0.004863442906542625,0.6366450173707779,1.0658959411032192,0.46776766486630605,2.68514304294886,719.5555555555555,0.65625,0.23524305555555555
2,99,2,33.121831667,35.63048,06/05/2025,55,0.6602561240360888,0.003259716129723383,0.6421687082506531,1.0648822710920172,0.4632642151081966,4.0575408886971704,717.6666666666666,0.4979166666666667,0.13368055555555558
2,100,1,33.12207,35.6305,06/05/2025,55,0.6489291531024791,0.009532211944383391,0.6299143981217085,1.0665113951383283,0.4613136835683522,4.6985276044371,724.3333333333334,0.26465874811463047,0.11892361111111112
2,101,1,33.122296667,35.630585,06/05/2025,55,0.6137906705048428,0.01699914730643585,0.6156885994645721,0.9946129955290733,0.4483452479297017,4.017617721195771,750.5555555555555,0.38217994578288694,0.13368055555555555
2,102,1,33.122506667,35.630565,06/05/2025,55,0.6453753825332629,0.00811567662717802,0.6352759145958738,1.035248959805566,0.46012294996417347,2.898685016256941,753.4444444444445,0.625,0.2057291666666667
2,103,1,33.122725,35.63059,06/05/2025,55,0.6268369497584507,0.00415151110584551,0.6214745234057938,1.0180095100321818,0.451445064912584,3.4252801481639046,776.0,0.5958333333333332,0.16319444444444445
2,104,0,33.122943333,35.630615,06/05/2025,55,0.6036994253669742,0.003914392342750118,0.5977476147972607,1.0188731603164092,0.4243706946206034,2.9133456951388417,796.3333333333334,0.6770833333333333,0.2152777777777778
2,105,0,33.123168333,35.630635,06/05/2025,55,0.584913806605156,0.004747209514064909,0.5944740457348323,0.9711778620919467,0.4248471424742807,3.1521706916329766,798.8888888888889,0.37083333333333335,0.22395833333333334
2,106,0,33.123375,35.630655,06/05/2025,55,0.5966644642031605,0.00909931049874675,0.6069446961380278,0.9688411212240288,0.4330700567354611,2.7196861957538747,778.4444444444445,0.63125,0.2543402777777778
2,107,1,33.12358,35.630683333,06/05/2025,55,0.6020097410075316,0.009595956576744953,0.6023477648067554,0.9990835349788646,0.4175004550674928,3.7861914649771697,781.1111111111111,0.3931617647058823,0.15885416666666666
2,108,2,33.12379,35.630711667,06/05/2025,55,0.5873587039187431,0.011170759290684805,0.5921770634665228,0.9858359082541079,0.41564624628969793,5.167481250360579,754.7777777777778,0.26071068240185885,0.11979166666666669
2,109,0,33.12398,35.630726667,06/05/2025,55,0.3649587715183019,0.05032251683857306,0.44581525203437977,0.8269271365579792,0.2719535268078342,5.0485332098491895,646.4444444444445,0.18440590477355182,0.1076388888888889
2,110,0,33.123981667,35.63073,06/05/2025,55,0.31264423570766997,0.05186607557867781,0.4181312303605596,0.7848942203325001,0.23407442008149537,4.821520773344195,629.1111111111111,0.20503184745831807,0.10763888888888891
2,111,0,33.123981667,35.630383333,06/05/2025,55,0.39415032213063583,0.05361443627046288,0.4384998107313576,0.9007969840867752,0.27819712310431344,5.292481250360577,724.2222222222222,0.12489523265689154,0.10416666666666669
2,112,1,33.123775,35.630358333,06/05/2025,55,0.5882635325882666,0.005882504599507043,0.5848865992589588,1.010561984660207,0.4061448032710945,3.4720533252021655,813.2222222222222,0.5333333333333334,0.1970486111111111
2,113,1,33.123573333,35.630345,06/05/2025,55,0.6013166327354218,0.006579159227045575,0.60055470123369,1.0025461318964384,0.41763327278991924,4.519641085934338,787.1111111111111,0.2415295952060658,0.11805555555555555
2,114,0,33.123361667,35.6303,06/05/2025,55,0.5903768251535162,0.005253035446825959,0.6026299635953813,0.9628964290851089,0.4228366684545609,3.0464294123285365,804.6666666666666,0.5833333333333334,0.2578125
2,115,0,33.123165,35.630278333,06/05/2025,55,0.5797367114314436,0.004235297351026208,0.5943106725098548,0.9566194457667421,0.4157490645146494,3.277170691632976,801.3333333333334,0.4125,0.2065972222222222
2,116,0,33.123165,35.630278333,06/05/2025,55,0.5797367114314436,0.004235297351026208,0.5943106725098548,0.9566194457667421,0.4157490645146494,3.277170691632976,801.3333333333334,0.4125,0.2065972222222222
2,117,0,33.122941667,35.630253333,06/05/2025,55,0.614097007704165,0.010548453009909508,0.611415852160557,1.0089427487484837,0.4413518575377127,3.9002857535759934,792.4444444444445,0.40032051282051284,0.1293402777777778
2,118,0,33.122736667,35.630225,06/05/2025,55,0.6509880467272868,0.006703351240458379,0.6361975420256322,1.0520998518425306,0.4627812736213179,2.4308241319059887,778.3333333333334,0.64375,0.24479166666666669
2,119,1,33.122551667,35.630196667,06/05/2025,55,0.6445888432673599,0.005532036279068683,0.6370176732064622,1.0262248143369406,0.4661030640950305,3.6594479658119026,753.5555555555555,0.44742647058823526,0.1484375
2,120,2,33.122345,35.63018,06/05/2025,55,0.6343940569763998,0.013396311723465608,0.6345123955432923,1.0010422479981602,0.4628120742389531,4.331269336351705,718.1111111111111,0.38699273368391013,0.1345486111111111
2,121,2,33.122125,35.630151667,06/05/2025,55,0.6585375882344048,0.0062069733201230185,0.6421994166321894,1.0584411564780405,0.4649534048698452,3.5289823570948937,706.8888888888889,0.4394607843137255,0.16319444444444445
2,122,2,33.121891667,35.630136667,06/05/2025,55,0.6623350253422337,0.008345230336045934,0.6475665518992098,1.0536792044514192,0.4719299947952114,4.272259773831688,699.5555555555555,0.45416666666666666,0.13368055555555558
2,123,2,33.121891667,35.630136667,06/05/2025,55,0.6623350253422337,0.008345230336045934,0.6475665518992098,1.0536792044514192,0.4719299947952114,4.272259773831688,699.5555555555555,0.45416666666666666,0.13368055555555558
2,124,3,33.12169,35.630106667,06/05/2025,55,0.6640142327205079,0.00378454515451126,0.641609632948583,1.0814198885674013,0.4680664572159917,1.4353074058019706,705.3333333333334,0.84375,0.4887152777777778
2,125,2,33.121491667,35.630096667,06/05/2025,55,0.6721187460612915,0.005445375364616266,0.6389493160942226,1.1235772891230822,0.4626454496037339,4.152525579695158,692.2222222222222,0.4625,0.140625
2,126,1,33.121263333,35.630063333,06/05/2025,55,0.6562405114078644,0.012356038323858154,0.6365269567303258,1.0712324045948656,0.4624878618524428,3.932024798310503,704.2222222222222,0.4624999999999999,0.15104166666666669
2,127,1,33.121073333,35.630033333,06/05/2025,55,0.6461687216132947,0.010574581296258713,0.6248709101354722,1.0751693845008772,0.45560275867242467,4.377968813855583,745.1111111111111,0.3090214932126697,0.12239583333333334
2,128,0,33.120841667,35.630011667,06/05/2025,55,0.618189095410034,0.007526068959825638,0.612681817017647,1.018406273642945,0.4320759360536874,3.688926440498354,792.2222222222222,0.5140931372549019,0.16319444444444445
2,129,0,33.120626667,35.629968333,06/05/2025,55,0.49508028971062384,0.04551975000893831,0.5307700053990801,0.9092321037510563,0.3686645397095195,5.0485332098491895,902.0,0.1565829460682402,0.1076388888888889
2,130,0,33.120568333,35.629966667,06/05/2025,55,0.3581598077906267,0.06373051510579,0.42908534277151067,0.846400374914005,0.27087804252228237,4.804585169337801,1005.2222222222222,0.09408488169230815,0.11111111111111112
2,131,0,33.120631667,35.629596667,06/05/2025,55,0.43096500970951834,0.06471667590578893,0.4786454303231065,0.8904965280931848,0.30501878382355146,4.454986855772667,893.1111111111111,0.19190259263788675,0.13194444444444445
2,132,0,33.120846667,35.629625,06/05/2025,55,0.660352849419222,0.01618909504879937,0.6424541753198278,1.066015139411978,0.4737359458381737,3.129794984942415,716.0,0.4958333333333333,0.18836805555555558
2,133,1,33.121073333,35.629663333,06/05/2025,55,0.6777493367849811,0.004215442897097069,0.6459182745748563,1.1202357413619697,0.4797278352146127,2.978516015687181,688.7777777777778,0.58125,0.21006944444444445
2,134,1,33.121263333,35.629696667,06/05/2025,55,0.6713063064763591,0.004383662218372359,0.6407638457146425,1.1135934722314906,0.4687153586048558,4.03806029632781,693.5555555555555,0.42242647058823535,0.1293402777777778
2,135,1,33.121465,35.629713333,06/05/2025,55,0.6752233296803506,0.008707200019522746,0.6500438715424288,1.0948107527811068,0.4872580573181351,2.761635692840854,690.8888888888889,0.6791666666666667,0.20225694444444448
2,136,2,33.12168,35.629751667,06/05/2025,55,0.6739380702927185,0.0035921106422305894,0.6443209486040519,1.1107227917468656,0.47988318309914035,2.7965768113973013,688.5555555555555,0.6458333333333333,0.24739583333333331
2,137,1,33.121893333,35.629761667,06/05/2025,55,0.6686215703369371,0.0036160277583963184,0.6480005639309526,1.075925146202015,0.47833668900490167,3.913932045910443,672.6666666666666,0.5087009803921569,0.1484375
2,138,1,33.122156667,35.629793333,06/05/2025,55,0.662795977334265,0.006618258390538521,0.6386752613899853,1.087906942859645,0.4810308112098224,2.5267283007806913,694.5555555555555,0.6375,0.2595486111111111
2,139,1,33.12238,35.629821667,06/05/2025,55,0.6581639439899756,0.010380131185188376,0.630280918359505,1.1009016683222217,0.47150399839615403,4.619239399499472,707.5555555555555,0.34166666666666656,0.1076388888888889
2,140,0,33.12257,35.629838333,06/05/2025,55,0.6672734864300804,0.007596972259752067,0.6549095946550243,1.0452162673871748,0.4797504720600996,3.101361785525509,728.0,0.5729166666666667,0.1987847222222222
2,141,0,33.12278,35.629871667,06/05/2025,55,0.6568023179354996,0.004314501831951776,0.6425402748956874,1.050738033610825,0.46244141388729726,1.7895989012843492,765.8888888888889,0.8229166666666667,0.40885416666666674
2,142,1,33.122971667,35.62989,06/05/2025,55,0.6246455223167442,0.010150986248661198,0.6213091424728683,1.011584533359895,0.44773590032190647,3.4584290997511093,767.6666666666666,0.49791666666666673,0.1623263888888889
2,143,0,33.123196667,35.629915,06/05/2025,55,0.6336990344016773,0.00735804221717531,0.6289556858609874,1.0161543924879406,0.45779121403997003,3.986440501696144,742.2222222222222,0.3316176470588235,0.1701388888888889
2,144,1,33.123388333,35.629938333,06/05/2025,55,0.6292834489472694,0.008326365253417985,0.6191028329819348,1.0345205946440807,0.44784360214808255,1.7908520829727552,763.6666666666666,0.625,0.5138888888888888
2,145,0,33.123576667,35.629958333,06/05/2025,55,0.624161253197427,0.0076492129407472655,0.6150491813084062,1.0303684555338974,0.4487203618223768,3.9794580256547487,744.8888888888889,0.40575980392156863,0.13802083333333334
2,146,0,33.123581667,35.629956667,06/05/2025,55,0.624161253197427,0.0076492129407472655,0.6150491813084062,1.0303684555338974,0.4487203618223768,3.9794580256547487,744.8888888888889,0.40575980392156863,0.13802083333333334
2,147,2,33.123781667,35.629968333,06/05/2025,55,0.6228637614043584,0.0030955225209699966,0.6173435476292793,1.018166551550356,0.44022120225471695,2.9175067563934203,712.6666666666666,0.5854166666666667,0.19444444444444442
2,148,0,33.123996667,35.630008333,06/05/2025,55,0.4232987542791444,0.06868251061944308,0.47579976768438903,0.8799260300295653,0.32091271575981356,3.152170691632976,705.6666666666666,0.2295528455284553,0.22395833333333331
2,149,0,33.124011667,35.630023333,06/05/2025,55,0.4232987542791444,0.06868251061944308,0.47579976768438903,0.8799260300295653,0.32091271575981356,3.152170691632976,705.6666666666666,0.2295528455284553,0.22395833333333331
2,150,0,33.124035,35.629631667,06/05/2025,55,0.37432117305946555,0.05430860909693139,0.43673640742001557,0.8623570787858523,0.2715113375896158,4.8045851693378,718.4444444444445,0.1903836925051075,0.11111111111111112
2,151,0,33.123895,35.629618333,06/05/2025,55,0.6087903101250547,0.014152141804201128,0.6026268146608122,1.0205012991991538,0.43404381445416856,3.8346860742973052,703.7777777777778,0.47867647058823537,0.15972222222222224
2,152,0,33.123688333,35.629601667,06/05/2025,55,0.6357314314362404,0.008851748405026375,0.6198691195750778,1.0545933239911274,0.44866832028828935,3.277170691632976,699.6666666666666,0.4541666666666666,0.2222222222222222
2,153,0,33.1235,35.62959,06/05/2025,55,0.6339233304223877,0.010067601430613329,0.6296088263966171,1.0150963643457886,0.45898966486546416,4.042628649429343,689.3333333333334,0.36943815987933637,0.1371527777777778
2,154,0,33.123311667,35.629551667,06/05/2025,55,0.6349180998489522,0.01912117835023253,0.6303937796146771,1.016755572127704,0.4518636506832974,4.37683373234531,676.7777777777778,0.2584898190045249,0.11458333333333334
2,155,0,33.123088333,35.629536667,06/05/2025,55,0.6438934468497428,0.010414051649206422,0.6308126188265613,1.0452339504550052,0.459585270081384,3.4793877652698146,696.1111111111111,0.4229166666666667,0.1840277777777778
2,156,0,33.122883333,35.629498333,06/05/2025,55,0.638280932445191,0.005381429566367841,0.6257056085274619,1.0430167443612552,0.442427270000062,3.803127068983564,708.1111111111111,0.5036764705882353,0.1623263888888889
2,157,1,33.122671667,35.62948,06/05/2025,55,0.6448290334473366,0.008335106324656548,0.6306823952756008,1.0492791708385338,0.466292693262567,3.9719224597790608,751.8888888888889,0.37897869022869024,0.1371527777777778
2,158,0,33.122476667,35.62947,06/05/2025,55,0.6389433011501395,0.021032782851267015,0.6290811642441758,1.036404540586413,0.4558121169405308,3.5041188279300868,706.4444444444445,0.43529411764705883,0.1527777777777778
2,159,0,33.122266667,35.629441667,06/05/2025,55,0.5626663779684242,0.025763910559545005,0.5763741785156151,0.9616982894297474,0.40602132765508525,4.28806029632781,704.6666666666666,0.3187993762993763,0.11892361111111112
2,160,0,33.122053333,35.629406667,06/05/2025,55,0.6661069813513012,0.0053883134680529415,0.6389579244354534,1.09955371008388,0.4796471061139138,3.39473012104128,717.2222222222222,0.5416666666666666,0.1840277777777778
2,161,0,33.121828333,35.629396667,06/05/2025,55,0.6597678694024961,0.005529524522555996,0.6402800407433681,1.070095348319128,0.4719801354732549,3.8610332098491886,719.7777777777778,0.3647907239819005,0.1293402777777778
2,162,0,33.121643333,35.629361667,06/05/2025,55,0.6589405512045495,0.004997120909982742,0.6296496065783561,1.1060524569708536,0.467139853306338,3.778107168362811,724.2222222222222,0.3352469834087481,0.19270833333333334
2,163,1,33.121435,35.629331667,06/05/2025,55,0.6461225612239172,0.013615530714370685,0.630067106660949,1.05704270461156,0.44992539311715124,4.142617721195771,718.5555555555555,0.4515931372549019,0.13368055555555555
2,164,1,33.121225,35.629323333,06/05/2025,55,0.6652932375097553,0.005367494393902314,0.6285610631516332,1.1349144182808848,0.4750702372525903,3.7861914649771697,747.3333333333334,0.49742647058823525,0.15885416666666669
2,165,0,33.12101,35.629296667,06/05/2025,55,0.6352003250587863,0.010301244913102863,0.624056776815968,1.0381381263292881,0.44716344560740506,4.271647917027245,739.7777777777778,0.4002450980392157,0.14149305555555558
2,166,0,33.12082,35.629283333,06/05/2025,55,0.6142051628009936,0.0087355877388736,0.6002369616279687,1.0457455460804033,0.4209328655840762,3.0911220587395083,796.7777777777778,0.5562499999999999,0.21875
2,167,0,33.120633333,35.62924,06/05/2025,55,0.3482140166480346,0.07614570114792796,0.41636305506695553,0.8552129556331749,0.25437605509023165,4.544372148594611,922.4444444444445,0.17244500150744319,0.1267361111111111
2,168,0,33.120745,35.628881667,06/05/2025,55,0.5016062299103106,0.048318643265974154,0.524759112211767,0.938781483178847,0.3578319673116861,3.9090372348154983,756.3333333333334,0.21349827768945417,0.16145833333333334
2,169,0,33.120918333,35.628896667,06/05/2025,55,0.6431655838376444,0.011000264122440389,0.6303559913722804,1.0444936381270977,0.4748809053096648,3.7837671715770247,701.8888888888889,0.3606146304675716,0.14409722222222224
2,170,0,33.121138333,35.628925,06/05/2025,55,0.6536177241213085,0.004252890980922364,0.6423209289949035,1.039770396951708,0.4641771277535466,2.514521481066532,680.8888888888889,0.6666666666666666,0.2309027777777778
2,171,0,33.12136,35.62895,06/05/2025,55,0.644108746242042,0.0019196266469963287,0.6301087762020017,1.0482916861128955,0.4661264420392491,1.7639415206106652,699.6666666666666,0.7916666666666666,0.46267361111111105
2,172,0,33.121566667,35.628965,06/05/2025,55,0.647142540328852,0.012219325974532996,0.6355441424194657,1.0418990771240968,0.4484904213840965,4.071447073809812,684.1111111111111,0.4125000000000001,0.12586805555555555
2,173,0,33.121733333,35.628995,06/05/2025,55,0.6550899686180349,0.004765704825884748,0.6340304013832427,1.0748451637479348,0.47003733675055354,3.0957005842381937,697.3333333333334,0.6479166666666667,0.18836805555555558
2,174,0,33.121926667,35.629025,06/05/2025,55,0.6584254199759726,0.005599585406792163,0.6438730719191234,1.0521105979380763,0.46592207607840475,3.8352979311017488,677.7777777777778,0.45000000000000007,0.1484375
2,175,0,33.122145,35.629051667,06/05/2025,55,0.6525179146757558,0.00558622514377002,0.6332008283247699,1.0687808371675915,0.4646218747613056,2.4482537708610694,688.0,0.73125,0.27951388888888884
2,176,0,33.122323333,35.629071667,06/05/2025,55,0.5748443612970815,0.008776476999871838,0.5918594398259236,0.9497735361783965,0.40742537873740603,3.1633456951388426,652.8888888888889,0.4757319819819821,0.20486111111111113
2,177,0,33.122548333,35.629096667,06/05/2025,55,0.6347827180676974,0.005750405282796525,0.6200944616215631,1.04974683256682,0.44564701841310267,3.913932045910444,690.7777777777778,0.4368872549019608,0.1484375
2,178,0,33.122751667,35.629116667,06/05/2025,55,0.6363907969489984,0.008742021622185948,0.6238239648799034,1.0431357545319075,0.4580474929064968,3.6699840053990544,699.8888888888889,0.5416666666666666,0.1519097222222222
2,179,0,33.122961667,35.629135,06/05/2025,55,0.6378266155528481,0.007047294814803368,0.6313997252772323,1.0221812636741638,0.4591448649037518,2.984948560979935,685.4444444444445,0.6145833333333334,0.1840277777777778
2,180,0,33.123146667,35.629158333,06/05/2025,55,0.6453152897687856,0.01478289244597661,0.644797224390355,1.0032886331130044,0.4747289116181237,3.1483948553419605,676.0,0.5083333333333333,0.2126736111111111
2,181,0,33.12335,35.62919,06/05/2025,55,0.6440986564528964,0.0064518500586593095,0.6357874100484118,1.0287457814658376,0.46548263378414106,3.7900671274207154,682.2222222222222,0.4045343137254902,0.18055555555555555
2,182,0,33.123555,35.629203333,06/05/2025,55,0.634366160496036,0.0065790489283863735,0.6257882399699447,1.0291320119957792,0.46272492207540034,2.6166778774908437,698.5555555555555,0.6333333333333333,0.23784722222222227
2,183,1,33.123768333,35.629231667,06/05/2025,55,0.6233408177858693,0.01132102718391392,0.6179443715523146,1.0183107974755705,0.45663750121553637,2.998547859822814,704.2222222222222,0.5833333333333334,0.17881944444444445
2,184,0,33.123971667,35.629255,06/05/2025,55,0.5925659660640119,0.022290128914392266,0.5936135101398424,0.997491941994594,0.4186283642532227,5.048533209849189,718.5555555555555,0.19343004769475358,0.1076388888888889
2,185,0,33.124065,35.629268333,06/05/2025,55,0.41451127538724175,0.07354074551070158,0.4640708149871586,0.8881618717846397,0.2867154466975119,4.353846168850305,747.1111111111111,0.150993568900759,0.12500000000000003
2,186,0,33.124065,35.629268333,06/05/2025,55,0.41451127538724175,0.07354074551070158,0.4640708149871586,0.8881618717846397,0.2867154466975119,4.353846168850305,747.1111111111111,0.150993568900759,0.12500000000000003
2,187,0,33.12406,35.628896667,06/05/2025,55,0.4321831885681295,0.07963722939329825,0.49842149221657644,0.8498036229108697,0.3180258099022317,4.5443721485946105,661.1111111111111,0.15798974166772708,0.1267361111111111
2,188,1,33.123853333,35.628881667,06/05/2025,55,0.6485967427736975,0.005400789506039228,0.6273800088012733,1.0743306065503817,0.45739265884365055,3.9015647950055827,709.5555555555555,0.4395833333333333,0.15104166666666669
2,189,1,33.123678333,35.628858333,06/05/2025,55,0.6379167418780902,0.005608238039695413,0.6290376158312965,1.030223458712319,0.4624093301954068,2.339986977229236,703.0,0.7062499999999999,0.30295138888888884
2,190,0,33.12344,35.628828333,06/05/2025,55,0.6516953322662501,0.007263047573360308,0.6383546004171108,1.0469803751768054,0.47898322888549927,4.20929531609601,710.7777777777778,0.3474264705882353,0.11805555555555555
2,191,0,33.123243333,35.628805,06/05/2025,55,0.6500498576147822,0.0063769023203054465,0.632743294621013,1.0608864738873862,0.46684001809178555,2.360640850566464,707.5555555555555,0.6666666666666666,0.2690972222222222
2,192,0,33.123063333,35.628776667,06/05/2025,55,0.6481041080214861,0.0074949615394625324,0.6288035670371096,1.067571382561772,0.45603135841700165,4.923533209849189,701.8888888888889,0.24300706249235654,0.1232638888888889
2,193,0,33.122846667,35.62875,06/05/2025,55,0.6632236288168838,0.006937217084728118,0.63663737247412,1.0967849351298717,0.4764951914653903,3.793093107165021,698.1111111111111,0.43909313725490196,0.1362847222222222
2,194,0,33.122633333,35.62873,06/05/2025,55,0.6424183402462635,0.012362458879669289,0.6311661439168568,1.0386745357178462,0.47076380815182506,4.819366543182522,683.1111111111111,0.2888103318250377,0.1154513888888889
2,195,0,33.122368333,35.62869,06/05/2025,55,0.6064764419124534,0.014839324976738417,0.6089368891710215,0.9921708609305436,0.4400445895163005,5.0485332098491895,659.2222222222222,0.21833521870286576,0.10763888888888891
2,196,0,33.12218,35.62867,06/05/2025,55,0.6471228339878778,0.005386774706688544,0.6345741300557141,1.0439234529883572,0.4594565822123032,2.6425695521513313,675.6666666666666,0.6458333333333333,0.2300347222222222
2,197,0,33.121998333,35.628651667,06/05/2025,55,0.654974437475738,0.012665019729180261,0.6399683327868133,1.0537394685395014,0.4600327241222021,4.532880086421832,670.1111111111111,0.34362745098039216,0.11892361111111113
2,198,0,33.12176,35.628611667,06/05/2025,55,0.6559020634722574,0.007957269913441372,0.6425640979038407,1.0474467617850338,0.4686683148569943,3.8317558609707754,680.5555555555555,0.23169917655211775,0.1371527777777778
2,199,0,33.121566667,35.628611667,06/05/2025,55,0.6549580411524704,0.004759977327034591,0.6361125092205504,1.0672067069767501,0.45639432385092754,3.0841734230600863,683.4444444444445,0.60625,0.1996527777777778
2,200,0,33.121375,35.628576667,06/05/2025,55,0.6511618034518901,0.007340816592662164,0.637820815327413,1.047185116179005,0.45816539646264004,2.8445083368391986,674.6666666666666,0.6375,0.19618055555555558
2,201,0,33.121175,35.628551667,06/05/2025,55,0.650584161429241,0.00433963896667778,0.6369234398105588,1.0478783018141147,0.47141055067726545,3.5676802099059772,677.8888888888889,0.55625,0.1675347222222222
2,202,0,33.12097,35.628531667,06/05/2025,55,0.6596899471172092,0.013245609552351836,0.6434863990950199,1.05868919806616,0.4642332329414757,4.56063712882641,691.6666666666666,0.30865384615384617,0.11458333333333333
2,203,0,33.120773333,35.6285,06/05/2025,55,0.4867286415365488,0.05764036480037722,0.5279682824125732,0.8964480147687155,0.36542839399836535,5.048533209849189,746.1111111111111,0.13953849040159536,0.1076388888888889
2,204,0,33.120738333,35.628503333,06/05/2025,55,0.4146536781861532,0.06638498437890393,0.4747353159680412,0.862823885664376,0.3195682013284962,4.5443721485946105,769.3333333333334,0.1717958382471785,0.1267361111111111
2,205,0,33.120793333,35.628145,06/05/2025,55,0.35094291079630713,0.058893968172878806,0.4314352454549601,0.8277081399995732,0.29116474840340234,4.1902054819279435,584.6666666666666,0.21697167877315382,0.1362847222222222
2,206,0,33.120991667,35.62817,06/05/2025,55,0.4512093406624349,0.04429674637367032,0.5174846049378656,0.842377398473062,0.3460635519274707,3.857157547405643,523.2222222222222,0.2174040054159549,0.1701388888888889
2,207,0,33.12121,35.628198333,06/05/2025,55,0.47913040524037015,0.06428443462277021,0.5317139772692627,0.8724089156092876,0.3613331566791536,4.846251836004467,791.6666666666666,0.14083379193673315,0.1076388888888889
2,208,0,33.12141,35.628218333,06/05/2025,55,0.48280873178734535,0.06609832381339853,0.5327478981664345,0.878517280711773,0.37134528178580845,4.603846168850305,770.5555555555555,0.15340721943663113,0.11458333333333334
2,209,0,33.121623333,35.62824,06/05/2025,55,0.44021721354734933,0.06265449834585012,0.5090517682207335,0.8406295879550362,0.3188864680154504,4.821520773344195,780.3333333333334,0.20675140638375933,0.10763888888888891
2,210,0,33.121816667,35.62826,06/05/2025,55,0.46630790253958154,0.06840744370798946,0.5256773480043734,0.8594245835197294,0.33983004474491446,4.045654629173648,753.8888888888889,0.2994268377195206,0.12586805555555555
2,211,0,33.122011667,35.628278333,06/05/2025,55,0.4508438899492854,0.0690691261413347,0.5212967010443129,0.8347291127926116,0.3365193036530382,4.603846168850305,775.2222222222222,0.1510769026945497,0.11458333333333334
2,212,0,33.122216667,35.628316667,06/05/2025,55,0.47883025205723306,0.05359402262364507,0.5243399698828034,0.8884921017547266,0.3644281016365754,4.596251836004467,774.4444444444445,0.22450705230116993,0.11805555555555557
2,213,0,33.122491667,35.6284,06/05/2025,55,0.538169098720189,0.04626802755347446,0.566392797899329,0.9243256089480698,0.3989679371243743,4.8401998765158565,730.1111111111111,0.16931448734354046,0.11458333333333334
2,214,0,33.122631667,35.628375,06/05/2025,55,0.4801993437462305,0.06344676728073984,0.5373040473773337,0.859961882785632,0.3755894812246684,5.048533209849189,758.5555555555555,0.15792578777872895,0.10763888888888891
2,215,0,33.122865,35.6284,06/05/2025,55,0.5194232097057327,0.05070277404499318,0.5639016186543729,0.8841851922541697,0.39476126473116874,4.8401998765158565,738.5555555555555,0.14589799641270232,0.11458333333333334
2,216,0,33.123048333,35.628416667,06/05/2025,55,0.4732197097879328,0.05721570526560514,0.52770139115028,0.8669080616652393,0.3612360570080488,4.346251836004467,767.8888888888889,0.2089563205739676,0.1284722222222222
2,217,0,33.123256667,35.628438333,06/05/2025,55,0.5020711094916116,0.06341637825196016,0.5420981915705438,0.9003119999068436,0.38193011948517186,5.048533209849189,752.8888888888889,0.15417151252547293,0.1076388888888889
2,218,1,33.123466667,35.628466667,06/05/2025,55,0.4858283188327727,0.06468992077980366,0.5271029446462939,0.8974704820526289,0.36921488374948486,5.048533209849189,773.7777777777778,0.14286417832687562,0.1076388888888889
2,219,2,33.123663333,35.62849,06/05/2025,55,0.5068981335791214,0.0660296348894092,0.5492349144749245,0.894773956465645,0.38195794710028463,5.048533209849189,760.1111111111111,0.15523077569347302,0.1076388888888889
2,220,0,33.123866667,35.628518333,06/05/2025,55,0.49720622471510645,0.06319063057009743,0.5351983775876661,0.904808711910802,0.37415015547850383,4.596251836004465,763.3333333333334,0.17719171660348132,0.11805555555555557
2,221,0,33.124073333,35.628548333,06/05/2025,55,0.32824756313740616,0.04756802453374123,0.4231702261066254,0.801337320364743,0.23947251199247835,4.434153522439333,577.6666666666666,0.2174110268952375,0.1328125
3,2,0,33.12394143,35.63256134,13/05/2025,48,0.38596939482980014,0.032531786977042475,0.4409983776589687,0.8761218188176431,0.3125231887462499,4.217090774749888,565.0,0.18651948592877068,0.12847222222222224
3,3,0,33.12373095,35.632552255,13/05/2025,48,0.525997585325101,0.05192410888155376,0.5528470330644969,0.9298372206548393,0.42084092724991073,4.8045851693378,804.5555555555555,0.12828284457464934,0.11111111111111113
3,4,1,33.12352722,35.6325246,13/05/2025,48,0.49119761856720484,0.04377850213801724,0.5423441560638536,0.8704332343892447,0.4040740717426409,4.638589126445728,794.6666666666666,0.17795517135407862,0.11458333333333334
3,5,0,33.123319267,35.63250203,13/05/2025,48,0.5093063269260762,0.05109572535577592,0.5518562479833701,0.8912965541239104,0.427556570219219,5.084147917027246,795.2222222222222,0.09196704699604324,0.11111111111111113
3,6,0,33.123100337,35.632472735,13/05/2025,48,0.5294517984975047,0.06574081626294861,0.559357686814828,0.9258442448716546,0.41967132267106355,4.8045851693378,800.6666666666666,0.13703938014190328,0.11111111111111113
3,7,0,33.122890518,35.632451943,13/05/2025,48,0.5195084312372102,0.05449440826910297,0.5495885865206623,0.9231217912745718,0.4146980525715425,5.048533209849189,813.3333333333334,0.12711152459131042,0.1076388888888889
3,8,0,33.12267752,35.632427623,13/05/2025,48,0.5208432391858886,0.06214377492377831,0.5551004382979648,0.9120186589156744,0.41925500695900875,5.292481250360577,820.4444444444445,0.09247692354018464,0.10416666666666669
3,9,0,33.122469337,35.632401753,13/05/2025,48,0.4679881031838661,0.06350359435563371,0.5225499809192394,0.869490779130358,0.3954191719812314,5.0485332098491895,844.3333333333334,0.10892014996494495,0.1076388888888889
3,10,0,33.12225662,35.632386898,13/05/2025,48,0.492906112421174,0.061592806564794954,0.5304204170698547,0.907505690128699,0.40446786569584336,3.5968226336265317,843.0,0.19441537682727245,0.17708333333333331
3,11,0,33.122047905,35.63236496,13/05/2025,48,0.4683902895612683,0.04819313283533178,0.5204067531574905,0.8736659982163694,0.37665079369767185,4.596251836004467,827.1111111111111,0.21252537232630492,0.11805555555555555
3,12,0,33.121840683,35.63233741,13/05/2025,48,0.47467085725978264,0.05347735815426645,0.537285250472084,0.8475932613946369,0.39165663492408564,4.959147917027244,804.5555555555555,0.07486332701947358,0.11111111111111112
3,13,0,33.121621448,35.632316883,13/05/2025,48,0.44980514230438484,0.0487505972854981,0.5041912003434569,0.8711059152695557,0.35932488400573703,5.0485332098491895,844.4444444444445,0.17782382247052259,0.1076388888888889
3,14,0,33.121407742,35.632276483,13/05/2025,48,0.489569994111918,0.04586478043817462,0.5293840969663092,0.8988316916032082,0.3888866476544901,4.596251836004467,840.2222222222222,0.1843723418290039,0.11805555555555557
3,15,0,33.121188762,35.632252318,13/05/2025,48,0.4861089870485936,0.05404016807612402,0.5347054916446411,0.879934345578976,0.3920100083145115,5.084147917027244,846.5555555555555,0.06394433754275906,0.11111111111111113
3,16,0,33.120976523,35.632233422,13/05/2025,48,0.4346152605257203,0.05730346300399609,0.49990760086421354,0.8464247308511177,0.36341122560695016,5.084147917027246,861.0,0.08375015415708503,0.11111111111111113
3,17,0,33.120759383,35.632200658,13/05/2025,48,0.45420879616874454,0.08005022720646922,0.5184398958663713,0.8483451778969208,0.3722137181601802,3.454172272078755,818.7777777777778,0.20409832926263446,0.19791666666666669
3,18,0,33.120553338,35.632176323,13/05/2025,48,0.4604735358762523,0.05402861175021793,0.5075102934484677,0.8856589956755561,0.35497439212824483,5.292481250360577,838.3333333333334,0.14663325587214637,0.10416666666666669
3,19,0,33.120424495,35.631815497,13/05/2025,48,0.5711931455274147,0.033483254456849465,0.5955325849515793,0.9350666259651402,0.47839682172498293,4.663320189106002,558.1111111111111,0.17677284991049466,0.125
3,20,0,33.12063312,35.63184115,13/05/2025,48,0.6675675667369049,0.006900911315772335,0.6518936843603427,1.057568259181867,0.5342320687990846,3.5570027314271098,778.0,0.4807598039215686,0.16840277777777776
3,21,0,33.120844758,35.631866457,13/05/2025,48,0.6623590334216246,0.008679421627875732,0.6500424096647623,1.0452201507091883,0.5234979575981485,3.1403360647604432,764.3333333333334,0.5958333333333333,0.2013888888888889
3,22,0,33.12105556,35.631890545,13/05/2025,48,0.6628373351041135,0.009069699924213238,0.6548541115135335,1.0289695806153707,0.5241607101124699,3.214475526001987,769.4444444444445,0.4868872549019607,0.18055555555555558
3,23,0,33.121266037,35.63191517,13/05/2025,48,0.664454180639333,0.006505469332029637,0.6533858475085307,1.0402238907240353,0.5216333999244069,3.310566868441476,762.7777777777778,0.5854166666666667,0.17100694444444445
3,24,0,33.121463333,35.63195,13/05/2025,48,0.6639596914782193,0.009519816205576423,0.6539197135217021,1.0370119720579924,0.518661656569121,3.0137771577575547,761.6666666666666,0.41874999999999996,0.2092013888888889
3,25,0,33.121671667,35.631956667,13/05/2025,48,0.6584730157494771,0.01125999788120266,0.6477263357664825,1.0393618439036219,0.5149636973312691,3.6699840053990544,784.1111111111111,0.41237745098039214,0.15190972222222224
3,26,0,33.121893333,35.631988333,13/05/2025,48,0.6565491975596309,0.009027906826326653,0.6444907517291427,1.0435654561754375,0.5113263248820483,2.604182000302357,776.3333333333334,0.6,0.2751736111111111
3,27,0,33.122096667,35.632008333,13/05/2025,48,0.6379951012445897,0.020862174563011836,0.6303086071769335,1.0282571873953392,0.4921000508845041,3.8848925229268274,773.5555555555555,0.3085109147609148,0.1449652777777778
3,28,0,33.122298333,35.63204,13/05/2025,48,0.6525563949507339,0.010806455124064855,0.6397344572610127,1.0461284806634101,0.5119999540569654,3.943231461672249,811.0,0.3649509803921569,0.14756944444444445
3,29,0,33.122501667,35.632048333,13/05/2025,48,0.6590016780318005,0.008178137130550227,0.648824439273496,1.0367088629062782,0.5226772228272702,3.2986806089179543,790.8888888888889,0.5583333333333333,0.19097222222222224
3,30,0,33.122681667,35.632066667,13/05/2025,48,0.6670356017978385,0.006312262270010426,0.6512724301754407,1.0575988821765963,0.527550836492414,4.532880086421833,760.4444444444445,0.4286858974358974,0.11892361111111113
3,31,0,33.122905,35.632093333,13/05/2025,48,0.6702939304454106,0.011384362755359236,0.6582696193849559,1.0453534377093219,0.5312320965582099,4.619239399499472,756.7777777777778,0.293947963800905,0.1076388888888889
3,32,0,33.123113333,35.632125,13/05/2025,48,0.6882916914726344,0.008200343650332344,0.6581633525478192,1.1180413131081401,0.5381848836109546,1.4541978025686977,772.4444444444445,0.8104166666666668,0.532986111111111
3,33,0,33.123311667,35.632153333,13/05/2025,48,0.6876428305190343,0.009886159468407823,0.6641063956216846,1.0921958940921939,0.5400044353622573,3.8408117333202982,761.8888888888889,0.2820556133056133,0.14149305555555555
3,34,1,33.123515,35.632185,13/05/2025,48,0.6805099627946629,0.007233046626437347,0.6669519672119634,1.0514189331715622,0.5417049636094924,3.5986693980937767,746.5555555555555,0.401943714076067,0.1579861111111111
3,35,1,33.123715,35.632198333,13/05/2025,48,0.6850335030939692,0.008906327261559205,0.6603264178453894,1.095414498570058,0.5185854840821575,4.3360388152612765,759.7777777777778,0.24107832946068242,0.14930555555555555
3,36,0,33.123926667,35.632235,13/05/2025,48,0.4222039804993829,0.04890460359997399,0.4769413589692951,0.874388535522542,0.3250356128847894,3.7604306801968876,851.5555555555555,0.3215145023071852,0.1362847222222222
3,37,0,33.123941667,35.632231667,13/05/2025,48,0.4222039804993829,0.04890460359997399,0.4769413589692951,0.874388535522542,0.3250356128847894,3.7604306801968876,851.5555555555555,0.3215145023071852,0.1362847222222222
3,38,0,33.123938333,35.631851667,13/05/2025,48,0.3825999271589717,0.03798833577010122,0.45709329428893586,0.8347293649003841,0.3216617312973538,3.596822633626531,896.0,0.27386393746687865,0.17708333333333331
3,39,0,33.123708333,35.631828333,13/05/2025,48,0.6688071800362099,0.008460090153070659,0.6519531218260123,1.062155326687788,0.5290435288556896,4.0553866585354985,801.8888888888889,0.36110482654600307,0.12239583333333333
3,40,2,33.123495,35.631791667,13/05/2025,48,0.6832503642939459,0.005092189569442078,0.6622357792179033,1.0803217624306904,0.5300800439589435,3.9215263787562824,799.0,0.4028186274509804,0.1449652777777778
3,41,0,33.123288333,35.631761667,13/05/2025,48,0.6810578847754254,0.0064116284219311835,0.658418096793189,1.0860748772277686,0.5286974724491661,3.7122849987618847,794.0,0.3235865333659451,0.16927083333333334
3,42,0,33.123103333,35.631753333,13/05/2025,48,0.664854792887719,0.007752605548570455,0.6574988846996641,1.0269508355031067,0.5292642317289209,3.2268427769068473,788.1111111111111,0.540695701357466,0.20225694444444445
3,43,0,33.122895,35.631733333,13/05/2025,48,0.6598826576778836,0.004614313664238796,0.6491111619571008,1.0385508173468379,0.5339747192271529,3.10136178552551,787.4444444444445,0.5477941176470588,0.1987847222222222
3,44,0,33.122693333,35.631701667,13/05/2025,48,0.658374682873064,0.011034632414155584,0.6442877213050813,1.0509413295894534,0.5190002333058263,4.292628649429344,788.6666666666666,0.311104826546003,0.1267361111111111
3,45,0,33.122473333,35.63168,13/05/2025,48,0.6558650631068891,0.0073606789714179,0.6479100714950845,1.0287327998586424,0.5262272151526168,3.4416188279300868,796.6666666666666,0.4286764705882353,0.1449652777777778
3,46,0,33.122265,35.63166,13/05/2025,48,0.6259607657332805,0.012647243270584701,0.6261424021754477,1.0009193508486138,0.489563296768618,4.28806029632781,814.2222222222222,0.3358923403041049,0.1189236111111111
3,47,0,33.122058333,35.631625,13/05/2025,48,0.6572587220218593,0.011674835797824813,0.6503953615453992,1.0252531958913182,0.5201103944081116,4.561307752601005,760.8888888888889,0.23416722718193306,0.11458333333333334
3,48,0,33.121858333,35.631596667,13/05/2025,48,0.663374573695446,0.0051734082694351565,0.6536398713456688,1.0351484380380347,0.5165147276554067,4.2041151061900335,759.7777777777778,0.42708333333333337,0.1440972222222222
3,49,0,33.12163,35.631571667,13/05/2025,48,0.6685686951618401,0.0054150599478436975,0.6581243054519774,1.0381684002697407,0.5228293013399713,3.926559189593494,756.7777777777778,0.38333333333333336,0.15711805555555555
3,50,0,33.121425,35.631556667,13/05/2025,48,0.6693386160291688,0.008240242984512923,0.6547446827708101,1.0539234390126317,0.5208310665335377,4.057024798310504,765.8888888888889,0.31124622926093515,0.13368055555555555
3,51,0,33.12121,35.631541667,13/05/2025,48,0.6634446743881961,0.007081966128911532,0.644952919580846,1.0672506995637074,0.5218241024711777,4.201219991868832,791.7777777777778,0.3860576923076923,0.13368055555555555
3,52,0,33.121005,35.631506667,13/05/2025,48,0.6543530688135761,0.012136112907866795,0.638973487173342,1.0557472245315964,0.509870257402308,4.746653522439334,781.3333333333334,0.29358031674208146,0.11111111111111112
3,53,0,33.120813333,35.631475,13/05/2025,48,0.6460988181400501,0.01399622115994892,0.6405642806354925,1.020296431952118,0.5161998629884553,4.343633148107117,781.4444444444445,0.32867647058823535,0.11458333333333334
3,54,0,33.120596667,35.631453333,13/05/2025,48,0.637317358124299,0.00570200534839811,0.6352428818800953,1.0070015343817147,0.50415486626761,3.5769863820612033,785.5555555555555,0.4462009803921569,0.15538194444444445
3,55,0,33.12044,35.63143,13/05/2025,48,0.4849961462459056,0.0406616027391097,0.5433578895209993,0.8544066832392492,0.41204688338791273,4.663320189106001,586.4444444444445,0.16270488364343305,0.125
3,56,0,33.120466667,35.63116,13/05/2025,48,0.44982509885348926,0.0670140196696519,0.5216282324521022,0.8294170674533565,0.38267508323399246,4.959147917027245,898.5555555555555,0.10618532484650718,0.11111111111111112
3,57,0,33.120678333,35.63118,13/05/2025,48,0.6273967835712987,0.01555130691969259,0.6321252765216453,0.9846736697738696,0.5061218687368677,4.846251836004468,808.0,0.18554528246942337,0.1076388888888889
3,58,0,33.12088,35.631201667,13/05/2025,48,0.6456160236392294,0.005061827039899265,0.6351349588723203,1.0363194701279859,0.5175447914489684,3.9789770342734103,805.1111111111111,0.44742647058823526,0.13975694444444448
3,59,0,33.121095,35.631228333,13/05/2025,48,0.6278746573469751,0.012100829354917565,0.6376316637969863,0.9688215191280705,0.5101773922669902,3.2219796256677826,800.4444444444445,0.5583333333333333,0.2048611111111111
3,60,0,33.1213,35.63126,13/05/2025,48,0.6308698806679716,0.011618173111687556,0.6431180416667314,0.9599643959466451,0.5090144022714802,5.090199876515856,784.7777777777778,0.18708369002486647,0.10416666666666669
3,61,0,33.121505,35.631283333,13/05/2025,48,0.63784068615641,0.010907376396742736,0.6415182870619199,0.9880314701655687,0.5037107982115938,5.0485332098491895,790.2222222222222,0.2058128962755935,0.1076388888888889
3,62,0,33.121713333,35.631296667,13/05/2025,48,0.6539618634622756,0.008779283783228455,0.6484799294525228,1.0192950705991182,0.5251607891949198,4.638589126445728,793.8888888888889,0.2220774734010028,0.11458333333333334
3,63,0,33.121926667,35.631331667,13/05/2025,48,0.6519966261004837,0.010808894185864726,0.6463245217112695,1.0202655175138913,0.51670867228482,4.375814583693912,792.6666666666666,0.20081447963800908,0.1388888888888889
3,64,0,33.12214,35.631348333,13/05/2025,48,0.6085478067230422,0.01927486267487945,0.6116555214885575,0.9912990348794778,0.47942365799659054,5.0901998765158565,804.0,0.22353685133096898,0.10416666666666669
3,65,1,33.122338333,35.631373333,13/05/2025,48,0.649667196643899,0.017559219034366316,0.6372511833463805,1.0442348814023301,0.5130498453768505,3.72454114767641,815.7777777777778,0.3236954224669433,0.140625
3,66,0,33.122535,35.631401667,13/05/2025,48,0.6407829851600235,0.010897166181568921,0.6367104304095234,1.0143592232208205,0.5029121906084315,4.881866543182522,797.7777777777778,0.11967539786038742,0.11111111111111112
3,67,0,33.122753333,35.631431667,13/05/2025,48,0.6420451207653111,0.016691990237158536,0.6360732454303861,1.0220658030833176,0.5071036708196186,3.516159620841537,799.1111111111111,0.45770351799763564,0.1623263888888889
3,68,0,33.122943333,35.631456667,13/05/2025,48,0.6277764367951092,0.014289479277742633,0.6285845138873015,0.9981162495468445,0.4996971509809451,4.1416151061900335,796.0,0.24862368024132728,0.12239583333333334
3,69,0,33.12316,35.631473333,13/05/2025,48,0.6405140552080422,0.009235222828980873,0.6342114685954751,1.0219125005311038,0.5005425313583296,4.4486750035058655,793.1111111111111,0.3977941176470588,0.12239583333333334
3,70,1,33.12336,35.6315,13/05/2025,48,0.6448090523100948,0.005168919417896328,0.6420810191612569,1.0094800321415442,0.517811612486386,3.6667624330844424,785.5555555555555,0.4560897435897436,0.15538194444444448
3,71,2,33.12357,35.631521667,13/05/2025,48,0.6561997783278268,0.006693630952691808,0.6427180498512431,1.0481029232726369,0.511103348772455,3.6331490237615602,789.3333333333334,0.3968891402714932,0.1519097222222222
3,72,1,33.123766667,35.631543333,13/05/2025,48,0.6360818808093873,0.009888259406094238,0.624722632655322,1.038762361534947,0.4967827208609873,4.544372148594611,802.2222222222222,0.27538925540163167,0.1267361111111111
3,73,0,33.12396,35.63157,13/05/2025,48,0.35880368300438087,0.03253980703791065,0.43055079790462375,0.8439768600044283,0.2955660991971565,4.776828126933223,923.6666666666666,0.23991383351677467,0.11545138888888891
3,74,0,33.12397,35.631101667,13/05/2025,48,0.3721467541712798,0.04490578950908828,0.43920010145334304,0.8523181448219144,0.2940275774500508,3.967090774749888,899.7777777777778,0.3570196893726305,0.1388888888888889
3,75,0,33.123761667,35.631083333,13/05/2025,48,0.6577561589532233,0.009316099607739525,0.6422329331151793,1.0556258445412103,0.5140341654816838,2.692215752170299,800.4444444444445,0.6048271065182829,0.3333333333333332
3,76,0,33.12354,35.631048333,13/05/2025,48,0.6827192836497535,0.01415659422179143,0.662690889564212,1.077077419243602,0.5364042259631329,4.347534316583505,785.6666666666666,0.20978547179228665,0.12239583333333334
3,77,0,33.12332,35.631038333,13/05/2025,48,0.6704872893086292,0.010810148428151976,0.6569134455614857,1.0506330206660413,0.5359694450650618,4.577572732832805,781.8888888888889,0.267275641025641,0.11111111111111112
3,78,0,33.123115,35.631001667,13/05/2025,48,0.6700508168009618,0.0070223089284590125,0.6507667124290886,1.0712740750404255,0.5333151413302242,3.4449783999869656,794.8888888888889,0.5122549019607843,0.16666666666666669
3,79,0,33.122913333,35.630978333,13/05/2025,48,0.6716664703752602,0.01294491036609301,0.6573644319883285,1.0538630501276551,0.5393834979909811,4.349467448142028,803.0,0.3316176470588235,0.12239583333333333
3,80,0,33.122696667,35.630958333,13/05/2025,48,0.6891103444919708,0.00722125742959131,0.6673405491979846,1.0846661143726422,0.5493264730919036,3.599973945556208,800.5555555555555,0.4045343137254902,0.1449652777777778
3,81,1,33.122505,35.630931667,13/05/2025,48,0.6988045256457432,0.007423586005641641,0.6758128983976851,1.091638103655168,0.5497112790049576,4.087321295840315,778.5555555555555,0.46200980392156865,0.13802083333333331
3,82,0,33.122313333,35.630918333,13/05/2025,48,0.6950994173090189,0.013486347243348197,0.6760250440400001,1.075713172902869,0.5520702683835731,4.292628649429344,779.8888888888889,0.22883285434756023,0.12673611111111113
3,83,0,33.122081667,35.630858333,13/05/2025,48,0.7066201127039062,0.009103769059383529,0.6785987588390262,1.1148621343802423,0.5477254355861951,4.20929531609601,782.3333333333334,0.2543475602299131,0.11805555555555555
3,84,1,33.121876667,35.63085,13/05/2025,48,0.7135331805478525,0.01091415807102099,0.6858981165210953,1.1162479804019627,0.5550817388418934,3.9781052846907765,774.2222222222222,0.26536244955362603,0.1449652777777778
3,85,3,33.12168,35.630828333,13/05/2025,48,0.7135407964548354,0.007686427991589703,0.6811876002534974,1.1356170809032782,0.5599722262565963,4.381866543182522,778.1111111111111,0.4349264705882353,0.14409722222222224
3,86,2,33.121455,35.630788333,13/05/2025,48,0.7097349031423078,0.005814495517561617,0.678575781760194,1.1281142526510415,0.5537057645074884,4.430255793112394,775.0,0.2481711915535445,0.1371527777777778
3,87,3,33.121315,35.63078,13/05/2025,48,0.7012480850258582,0.004297584700224604,0.6758125880553932,1.1018752737060358,0.5533945505009503,3.688926440498354,773.4444444444445,0.5140931372549019,0.16319444444444445
3,88,3,33.12107,35.630768333,13/05/2025,48,0.6947007311201023,0.005199415318269709,0.6743953642759145,1.0796520329787795,0.5401554270247391,4.043093107165021,776.5555555555555,0.403195701357466,0.12586805555555555
3,89,2,33.120945,35.630735,13/05/2025,48,0.6896849721672405,0.008111563933168218,0.6671813816622219,1.0875923523282747,0.5440729813788178,4.194773835029478,785.3333333333334,0.30392156862745096,0.13194444444444442
3,90,0,33.120746667,35.63069,13/05/2025,48,0.6901804576704843,0.00587535300860271,0.6668034191355466,1.0908168217792176,0.5314275880262288,4.240341670172532,784.3333333333334,0.349483306836248,0.1293402777777778
3,91,0,33.120521667,35.630671667,13/05/2025,48,0.5149081470287709,0.0703546595316537,0.5546589957117962,0.8970460103153152,0.43106895492204034,5.0485332098491895,897.6666666666666,0.11209539721813776,0.1076388888888889
3,92,0,33.120516667,35.630675,13/05/2025,48,0.42679005181441965,0.07535260638589433,0.4887643135371634,0.857344851293573,0.364386773706878,4.846251836004468,966.8888888888889,0.14037683478076154,0.1076388888888889
3,93,0,33.12057,35.630325,13/05/2025,48,0.4909084145390282,0.07185543245378015,0.5363357958178043,0.8886689124125138,0.41699722011793156,4.4193721485946105,943.5555555555555,0.18978230123044473,0.12847222222222224
3,94,1,33.12077,35.630348333,13/05/2025,48,0.6751633082589744,0.005718810365837683,0.6595576385075501,1.0581727462389197,0.5268017593511564,4.159037234815499,797.5555555555555,0.3727662957074722,0.15104166666666669
3,95,1,33.120993333,35.630381667,13/05/2025,48,0.6791937818044556,0.00596929047876262,0.6648332450426292,1.0540277749970828,0.5360882670713444,3.6768445884045264,775.6666666666666,0.31877318494965556,0.18576388888888887
3,96,0,33.121196667,35.630408333,13/05/2025,48,0.6939943376939991,0.0032834536329135883,0.66515153839492,1.1133358032741782,0.5397481837988655,4.188461982762677,786.3333333333334,0.3281358281358281,0.13802083333333334
3,97,2,33.121416667,35.630418333,13/05/2025,48,0.6924648389502142,0.007113609825923606,0.6764554825804336,1.0625135936911314,0.5440906121049963,2.3684375810505314,761.3333333333334,0.5166666666666667,0.2404513888888889
3,98,2,33.121633333,35.630451667,13/05/2025,48,0.7050745596680993,0.0077631680889255015,0.6719655284836814,1.1342327060243864,0.5411027896543787,4.887918502671132,771.7777777777778,0.24635614120908242,0.10416666666666669
3,99,2,33.121831667,35.63048,13/05/2025,48,0.7055564120369251,0.010184849536358004,0.6788665963729656,1.1081609243209176,0.5463630269477397,4.8045851693378,760.0,0.24044214766040628,0.11111111111111113
3,100,1,33.12207,35.6305,13/05/2025,48,0.6913317214935637,0.0057787361590083556,0.6653676116672296,1.1013652956391686,0.5428538095776884,2.630048144472902,790.2222222222222,0.6333333333333333,0.21354166666666669
3,101,1,33.122296667,35.630585,13/05/2025,48,0.660231178535424,0.013723046278587938,0.6523202505860971,1.0286727603240797,0.5304633745167744,4.5443721485946105,799.3333333333334,0.23113478863478856,0.1267361111111111
3,102,1,33.122506667,35.630565,13/05/2025,48,0.7061030754964577,0.007012335580395492,0.6735836589357294,1.132496660236824,0.5487442273970785,3.5134148296250296,797.2222222222222,0.5120098039215686,0.1953125
3,103,1,33.122725,35.63059,13/05/2025,48,0.6826485505879663,0.0028153963016977423,0.6711099167664163,1.04362215012188,0.5468368738000504,3.808021880078509,780.3333333333334,0.5520833333333334,0.14930555555555555
3,104,0,33.122943333,35.630615,13/05/2025,48,0.6745487819935166,0.0065517264255784335,0.6564746163681121,1.0674626977219757,0.53107066800363,3.9785862760721145,795.2222222222222,0.3768005279034691,0.12586805555555555
3,105,0,33.123168333,35.630635,13/05/2025,48,0.6614291629265654,0.00979432042656046,0.6508553500717849,1.0385332452253393,0.5229908089823705,3.6179922272881004,807.6666666666666,0.42896483021483023,0.1623263888888889
3,106,0,33.123375,35.630655,13/05/2025,48,0.6646607692383611,0.008253163596754775,0.6488428845686519,1.0581522083010628,0.5216449880075769,3.5384092242129412,807.0,0.6104166666666667,0.2170138888888889
3,107,1,33.12358,35.630683333,13/05/2025,48,0.6712154299584837,0.0042621263807047175,0.6546135588402799,1.061113032917138,0.5235839087297013,3.499557609147716,786.6666666666666,0.5145833333333334,0.16927083333333334
3,108,2,33.12379,35.630711667,13/05/2025,48,0.6642680727609531,0.007530962792463478,0.6531115274101522,1.0406944712372976,0.5276831986995655,3.1877210986031477,798.5555555555555,0.33125000000000004,0.22569444444444442
3,109,0,33.12398,35.630726667,13/05/2025,48,0.40631911086850797,0.04917441935726609,0.4730546461152582,0.8490307598749055,0.3319663167448341,4.8193665431825226,861.7777777777778,0.2708433206962618,0.1154513888888889
3,110,0,33.123981667,35.63073,13/05/2025,48,0.36423741881787414,0.018804136398555025,0.4423511378014359,0.8296197806692087,0.3092753507322596,4.854981250360579,881.7777777777778,0.32071078431372546,0.11892361111111112
3,111,0,33.123981667,35.630383333,13/05/2025,48,0.44815620918495674,0.07106097561174451,0.5021546239321304,0.8723202415324329,0.3514707597662098,4.846251836004467,872.7777777777778,0.08081124291724408,0.1076388888888889
3,112,1,33.123775,35.630358333,13/05/2025,48,0.6669271450472498,0.009174415736361526,0.6461168002214994,1.0763693501948624,0.5219756303608796,4.02890865756051,820.8888888888889,0.3663075267630504,0.12586805555555555
3,113,1,33.123573333,35.630345,13/05/2025,48,0.676038875222896,0.00963164880737359,0.649092155780099,1.1018609475512937,0.5281834809066883,4.18805469091572,810.7777777777778,0.3927696078431372,0.13020833333333331
3,114,0,33.123361667,35.6303,13/05/2025,48,0.6568938060010967,0.00646762794286144,0.6480832607152442,1.0313565304376544,0.5293294667935347,3.7502913589880817,815.4444444444445,0.40192307692307694,0.1579861111111111
3,115,0,33.123165,35.630278333,13/05/2025,48,0.6604980382599055,0.011328279701531618,0.6508898689418162,1.0356128113123024,0.5244439865258688,4.204115106190033,794.5555555555555,0.37279411764705883,0.15277777777777776
3,116,0,33.123165,35.630278333,13/05/2025,48,0.6604980382599055,0.011328279701531618,0.6508898689418162,1.0356128113123024,0.5244439865258688,4.204115106190033,794.5555555555555,0.37279411764705883,0.15277777777777776
3,117,0,33.122941667,35.630253333,13/05/2025,48,0.680855260596071,0.00671649001422706,0.6605858181616701,1.0767710425299275,0.5343322602854045,3.468336958250496,811.0,0.3802319004524887,0.17274305555555555
3,118,0,33.122736667,35.630225,13/05/2025,48,0.6922898333131808,0.0075776192756543004,0.6705529282992605,1.0857613171727438,0.5372596375381743,3.711914003993359,807.6666666666666,0.5102941176470588,0.1527777777777778
3,119,1,33.122551667,35.630196667,13/05/2025,48,0.6972749024136751,0.00871279180603171,0.6748877764024346,1.088966899726634,0.544584468258221,2.7846841906252706,789.3333333333334,0.6875,0.19878472222222224
3,120,2,33.122345,35.63018,13/05/2025,48,0.6886266337845207,0.00791584329989261,0.6654351414833007,1.089906638156922,0.5288940431380531,3.792612115783683,792.0,0.42232710651828304,0.1935763888888889
3,121,2,33.122125,35.630151667,13/05/2025,48,0.690271518468468,0.01103284355614274,0.6597202211035116,1.1201348043649135,0.5417180323242413,4.352303795493077,807.5555555555555,0.35367647058823526,0.12152777777777779
3,122,2,33.121891667,35.630136667,13/05/2025,48,0.7018348398135341,0.00925282804383573,0.6756761286108177,1.1056029729098298,0.5492522058229158,4.284037234815498,775.5555555555555,0.3061274509803922,0.13368055555555555
3,123,2,33.121891667,35.630136667,13/05/2025,48,0.7018348398135341,0.00925282804383573,0.6756761286108177,1.1056029729098298,0.5492522058229158,4.284037234815498,775.5555555555555,0.3061274509803922,0.13368055555555555
3,124,3,33.12169,35.630106667,13/05/2025,48,0.6989708826296634,0.00627130399222445,0.6747326530997263,1.0964915324460347,0.5521373630278567,3.50445242024266,773.5555555555555,0.5333333333333333,0.14756944444444445
3,125,2,33.121491667,35.630096667,13/05/2025,48,0.7056788719499063,0.008381799246433496,0.6787784349301943,1.109517516583876,0.5479416571505465,4.366213419755166,769.3333333333334,0.38995098039215687,0.1310763888888889
3,126,1,33.121263333,35.630063333,13/05/2025,48,0.6998743425806061,0.008042650213152567,0.6775850243571155,1.0893470142537525,0.5510326711896713,2.2465073264361655,777.2222222222222,0.5604166666666666,0.2786458333333333
3,127,1,33.121073333,35.630033333,13/05/2025,48,0.6994918593835955,0.011542895187348468,0.6760598702626075,1.094538478339701,0.5484251562707514,3.8428922639475873,782.7777777777778,0.4770833333333333,0.1293402777777778
3,128,0,33.120841667,35.630011667,13/05/2025,48,0.6884632429578595,0.007452558009114013,0.6603861379102838,1.109341629378935,0.5369518893826313,2.4786468811102855,816.0,0.5666666666666668,0.24739583333333334
3,129,0,33.120626667,35.629968333,13/05/2025,48,0.5686060233889643,0.04549742550099366,0.6009530174525207,0.9094623536576592,0.4766084309421276,5.0485332098491895,866.2222222222222,0.14783119769498748,0.1076388888888889
3,130,0,33.120568333,35.629966667,13/05/2025,48,0.42256245141118154,0.07313042119050145,0.5002979861068156,0.8219598266870096,0.36940325775356564,5.084147917027246,976.5555555555555,0.0641792463303773,0.11111111111111112
3,131,0,33.120631667,35.629596667,13/05/2025,48,0.49895132592922714,0.07206491897174981,0.5482888064305769,0.878269972646939,0.40896667342807824,4.353846168850305,898.6666666666666,0.16647868478978115,0.12500000000000003
3,132,0,33.120846667,35.629625,13/05/2025,48,0.6961965758243815,0.01089560379341,0.6792723767500587,1.0682137075738878,0.549725138663073,4.163932045910443,771.2222222222222,0.4197064428682076,0.13802083333333334
3,133,1,33.121073333,35.629663333,13/05/2025,48,0.7046192577237851,0.010123588052652717,0.6761928095857848,1.1157345989787895,0.5526955035431584,4.802694271103767,763.3333333333334,0.275052790346908,0.1267361111111111
3,134,1,33.121263333,35.629696667,13/05/2025,48,0.7066066554425376,0.008232039329171815,0.6800222978874374,1.10888215858385,0.5520058940461856,4.163932045910443,754.2222222222222,0.35858454608454615,0.13802083333333334
3,135,1,33.121465,35.629713333,13/05/2025,48,0.7049358380699052,0.0035030891974409026,0.6744983688544827,1.1232942884440282,0.5504777773058315,2.7909707462215687,769.5555555555555,0.5458333333333334,0.2222222222222222
3,136,2,33.12168,35.629751667,13/05/2025,48,0.7044229433163748,0.011675942126042262,0.6799687644949218,1.0999808124624768,0.5598916649819146,2.4280195290872078,750.8888888888889,0.6729166666666666,0.2682291666666667
3,137,1,33.121893333,35.629761667,13/05/2025,48,0.7063912282642728,0.0034502930318651742,0.6756044243288709,1.1256251830108235,0.5589757845555905,2.9133456951388417,767.8888888888889,0.503921568627451,0.2152777777777778
3,138,1,33.122156667,35.629793333,13/05/2025,48,0.7017338483271677,0.01085864883098813,0.6698247929177282,1.1289851000790516,0.554365702433284,4.819366543182521,772.3333333333334,0.292552790346908,0.1154513888888889
3,139,1,33.12238,35.629821667,13/05/2025,48,0.7046170254740818,0.007879036052937919,0.6665380457327714,1.1554373036510572,0.538756677629118,4.22843887700335,778.1111111111111,0.40404411764705883,0.13802083333333331
3,140,0,33.12257,35.629838333,13/05/2025,48,0.7045257284772141,0.004458480938759106,0.6766884417965918,1.11250606903191,0.546971400977365,3.505339505397852,792.4444444444445,0.45229072398190046,0.15190972222222224
3,141,0,33.12278,35.629871667,13/05/2025,48,0.7074623246871055,0.006825132538846281,0.6827447391168326,1.1012204575979103,0.5502958728009683,3.422254168419599,785.4444444444445,0.5895833333333333,0.20572916666666666
3,142,1,33.122971667,35.62989,13/05/2025,48,0.6865768672465479,0.01172861610395823,0.6668702429448506,1.07662073803734,0.5493075107986665,4.4193721485946105,797.6666666666666,0.26049208144796376,0.1284722222222222
3,143,0,33.123196667,35.629915,13/05/2025,48,0.672183757378666,0.005357348545824955,0.6630443274327649,1.033610119405946,0.5319447651816321,4.577572732832805,782.8888888888889,0.3291666666666667,0.11111111111111113
3,144,1,33.123388333,35.629938333,13/05/2025,48,0.6821934671141796,0.0076378629901954175,0.6620498489303509,1.076324753717391,0.5401808987063073,4.637918502671134,790.3333333333334,0.19536377440789207,0.11458333333333334
3,145,0,33.123576667,35.629958333,13/05/2025,48,0.674487432361334,0.0036134004372565054,0.6599161603587542,1.054001643121258,0.5346661467160525,2.5089209471916636,785.8888888888889,0.6083333333333334,0.24739583333333334
3,146,0,33.123581667,35.629956667,13/05/2025,48,0.674487432361334,0.0036134004372565054,0.6599161603587542,1.054001643121258,0.5346661467160525,2.5089209471916636,785.8888888888889,0.6083333333333334,0.24739583333333334
3,147,2,33.123781667,35.629968333,13/05/2025,48,0.667463116098378,0.006710324450657097,0.6591008698404593,1.0307113914337986,0.5286876648053582,3.8408117333202982,770.4444444444445,0.3292515082956259,0.14149305555555555
3,148,0,33.123996667,35.630008333,13/05/2025,48,0.46993125198713265,0.07016555068688576,0.5128622138368657,0.8994226102860411,0.39324874525545084,5.292481250360577,855.7777777777778,0.05785126441724638,0.10416666666666669
3,149,0,33.124011667,35.630023333,13/05/2025,48,0.46993125198713265,0.07016555068688576,0.5128622138368657,0.8994226102860411,0.39324874525545084,5.292481250360577,855.7777777777778,0.05785126441724638,0.10416666666666669
3,150,0,33.124035,35.629631667,13/05/2025,48,0.42385724648239215,0.04490379008080859,0.4864409232921483,0.8545199078629078,0.3473365492597378,4.159037234815498,844.2222222222222,0.18399184997685286,0.15104166666666669
3,151,0,33.123895,35.629618333,13/05/2025,48,0.6540615475458201,0.008398988905250943,0.6476523955631425,1.0225814310685923,0.5181618420739836,3.4246832239236933,771.5555555555555,0.44779411764705895,0.18663194444444448
3,152,0,33.123688333,35.629601667,13/05/2025,48,0.6604330050463445,0.006050898113061751,0.6438814142455572,1.0597301033482807,0.5301823575349345,3.0087574414165545,794.8888888888889,0.5541666666666667,0.22916666666666669
3,153,0,33.1235,35.62959,13/05/2025,48,0.6589144625427463,0.013101891924980996,0.6434704566282791,1.055561250640157,0.5284528023523074,4.490341670172533,790.8888888888889,0.30992219083126715,0.11892361111111112
3,154,0,33.123311667,35.629551667,13/05/2025,48,0.6658330891073013,0.005134723925245622,0.6505322815546509,1.0556011940464356,0.5173636796256272,3.481131264435082,770.3333333333334,0.5583333333333333,0.14756944444444445
3,155,0,33.123088333,35.629536667,13/05/2025,48,0.6794612003454733,0.01158536805832343,0.6695995213928132,1.0386581216560096,0.5382339865928711,4.53442245977906,751.1111111111111,0.3394457013574661,0.12239583333333334
3,156,0,33.122883333,35.629498333,13/05/2025,48,0.6817882025669665,0.007886736492149412,0.658044525651267,1.090430402961891,0.5312600607088894,4.393970462159743,779.3333333333334,0.283578431372549,0.13368055555555555
3,157,1,33.122671667,35.62948,13/05/2025,48,0.6953809392842621,0.015297231047598439,0.6707994508999638,1.0988327659368138,0.551891924099797,4.586038815261278,791.0,0.1435714524277425,0.10763888888888891
3,158,0,33.122476667,35.62947,13/05/2025,48,0.6841518035508272,0.009493141143584518,0.6578024994419064,1.1014310751023455,0.5415385569629106,3.868172057346531,804.0,0.37487745098039216,0.1449652777777778
3,159,0,33.122266667,35.629441667,13/05/2025,48,0.6191026189566852,0.027264906385713217,0.6203760988901845,0.9977777139412287,0.48264466695372565,4.819366543182521,796.4444444444445,0.23868899901941754,0.11545138888888891
3,160,0,33.122053333,35.629406667,13/05/2025,48,0.6962813292927748,0.008441062729757714,0.6696181262083063,1.1067342753988036,0.5481639766172589,3.7306502730537434,780.4444444444445,0.45056561085972835,0.140625
3,161,0,33.121828333,35.629396667,13/05/2025,48,0.6979034847551675,0.007596328189678542,0.6766385419290692,1.0851873497509366,0.5494630494045619,3.877968813855583,774.0,0.4128676470588235,0.1484375
3,162,0,33.121643333,35.629361667,13/05/2025,48,0.7049676449127528,0.0071824892394794174,0.6716162968509101,1.1353768609055699,0.5463687227846964,3.2978088593353205,776.0,0.45196078431372544,0.1753472222222222
3,163,1,33.121435,35.629331667,13/05/2025,48,0.6986563653518822,0.011580893059473931,0.6723937546182772,1.1058424613080644,0.5444910737422061,4.240341670172532,773.5555555555555,0.41478129713423834,0.1293402777777778
3,164,1,33.121225,35.629323333,13/05/2025,48,0.707131999729041,0.01134098640292757,0.6840094435743751,1.0949067855817896,0.5550654546804048,4.369239399499471,773.3333333333334,0.2600735294117647,0.11805555555555557
3,165,0,33.12101,35.629296667,13/05/2025,48,0.6902209784163683,0.008989829802512906,0.6595120153103071,1.1208053154462772,0.5481668915175714,3.483619086909327,810.5555555555555,0.49583333333333335,0.1519097222222222
3,166,0,33.12082,35.629283333,13/05/2025,48,0.66858172757939,0.011633225457217376,0.6521494662684688,1.0610993772748598,0.5144064178338621,4.274673896771551,793.3333333333334,0.3828260670172435,0.13020833333333334
3,167,0,33.120633333,35.62924,13/05/2025,48,0.410743582862868,0.06222374129317318,0.49203874754271965,0.8174885256437044,0.34776569035466115,5.292481250360577,924.4444444444445,0.11723701269970996,0.10416666666666669
3,168,0,33.120745,35.628881667,13/05/2025,48,0.5567807785828413,0.056923683612052675,0.5759284470498964,0.9506583548256765,0.44288484325911714,4.5443721485946105,817.2222222222222,0.11990258280068708,0.1267361111111111
3,169,0,33.120918333,35.628896667,13/05/2025,48,0.6783951218672084,0.017291858013146713,0.6618080307102356,1.0639142805020054,0.5424608155740783,5.063314583693911,769.6666666666666,0.2498307753454812,0.11197916666666669
3,170,0,33.121138333,35.628925,13/05/2025,48,0.6737387576503111,0.006804624529689151,0.6533635118862854,1.0761924830993326,0.5276861217319204,4.1595533252021655,763.2222222222222,0.4719457013574661,0.1371527777777778
3,171,0,33.12136,35.62895,13/05/2025,48,0.6727758291965819,0.013849330665314451,0.656917022476538,1.0599771867558745,0.5357531803322786,3.9367184835974087,753.3333333333334,0.3931201846643023,0.13802083333333334
3,172,0,33.121566667,35.628965,13/05/2025,48,0.6831813066516792,0.005412580251578633,0.6643752599082486,1.0717056702802978,0.5440074820449393,2.5738496345702995,759.3333333333334,0.6729166666666666,0.21788194444444445
3,173,0,33.121733333,35.628995,13/05/2025,48,0.6817240481770185,0.006943367336750331,0.6631156805649049,1.0705493327026496,0.5456481800706066,3.7321575474056425,757.1111111111111,0.3439950980392157,0.1701388888888889
3,174,0,33.121926667,35.629025,13/05/2025,48,0.6879247639552547,0.009678633124189394,0.6710963102083269,1.0665193969894515,0.5486443667892996,4.4193721485946105,748.6666666666666,0.2814950980392157,0.12847222222222224
3,175,0,33.122145,35.629051667,13/05/2025,48,0.6754413503602902,0.011025884871969366,0.6578312431199875,1.0661244456664423,0.5385902273366376,4.4332817728566996,761.8888888888889,0.3833333333333333,0.1310763888888889
3,176,0,33.122323333,35.629071667,13/05/2025,48,0.6001580797793445,0.01416069820110112,0.6155915052527076,0.9521752908284901,0.4887691330298535,4.448675003505865,769.8888888888889,0.3487505605152663,0.12239583333333334
3,177,0,33.122548333,35.629096667,13/05/2025,48,0.6631114957514794,0.011120429417580036,0.6513984177832198,1.043707325775597,0.5209154516219598,4.56063712882641,758.6666666666666,0.3510858709388121,0.11458333333333334
3,178,0,33.122751667,35.629116667,13/05/2025,48,0.6637433016143103,0.005794820361931327,0.6500652792028208,1.0494151109530427,0.5317294917735546,3.7778472755846204,768.4444444444445,0.4395833333333333,0.15364583333333334
3,179,0,33.122961667,35.629135,13/05/2025,48,0.6733079643326473,0.005338995753830923,0.6612856465527202,1.0444962141185805,0.5353216265714305,4.042628649429343,754.5555555555555,0.39791666666666664,0.13715277777777776
3,180,0,33.123146667,35.629158333,13/05/2025,48,0.6705541523262012,0.011486943807097645,0.6601616908769357,1.0386466279987445,0.531392944979692,5.292481250360577,767.3333333333334,0.12100255428652554,0.10416666666666669
3,181,0,33.12335,35.62919,13/05/2025,48,0.670374796822942,0.006353049050547788,0.6584637258946855,1.0436678189515427,0.5325109406377165,4.519641085934339,763.2222222222222,0.246758947861889,0.11805555555555555
3,182,0,33.123555,35.629203333,13/05/2025,48,0.6687031558068556,0.013417161425325109,0.6495472014992144,1.0712413587666945,0.5169453461967194,4.393970462159743,779.3333333333334,0.1998760714417099,0.11805555555555557
3,183,1,33.123768333,35.629231667,13/05/2025,48,0.6550987623638213,0.009882672319410568,0.6483552798534281,1.023962458246575,0.5140870700096848,5.084147917027245,769.6666666666666,0.161691178488645,0.11111111111111112
3,184,0,33.123971667,35.629255,13/05/2025,48,0.6278180277306145,0.024619832103509615,0.6294590490977005,0.9962489128519734,0.5043369566445766,4.473406066166138,797.8888888888889,0.28562879248854856,0.1154513888888889
3,185,0,33.124065,35.629268333,13/05/2025,48,0.4519939854824483,0.06697280658045592,0.49854964277102315,0.8893863780333242,0.36491066974953745,5.0485332098491895,849.8888888888889,0.16088933255316978,0.1076388888888889
3,186,0,33.124065,35.629268333,13/05/2025,48,0.4519939854824483,0.06697280658045592,0.49854964277102315,0.8893863780333242,0.36491066974953745,5.0485332098491895,849.8888888888889,0.16088933255316978,0.1076388888888889
3,187,0,33.12406,35.628896667,13/05/2025,48,0.4689585758114071,0.07292469097923554,0.5111069922789382,0.8997676862232176,0.37850153073217474,5.292481250360577,767.6666666666666,0.06130063647282572,0.10416666666666669
3,188,1,33.123853333,35.628881667,13/05/2025,48,0.6677680243692135,0.0055248754903636935,0.6486561108851115,1.0700904164101674,0.521203028170042,3.896124692321415,773.4444444444445,0.39950980392156865,0.1501736111111111
3,189,1,33.123678333,35.628858333,13/05/2025,48,0.6753230312437152,0.006852885637883209,0.6602318466492189,1.0564273735522345,0.5307612442504475,4.068421094065506,766.4444444444445,0.3442496229260935,0.13020833333333331
3,190,0,33.12344,35.628828333,13/05/2025,48,0.665888290201766,0.008780618375630848,0.6482116783789607,1.0651123306636985,0.524277519800845,3.4861222449561304,787.8888888888889,0.3753676470588236,0.16927083333333334
3,191,0,33.123243333,35.628805,13/05/2025,48,0.6705962411225196,0.008059715890078189,0.6576721122054887,1.0474535562767846,0.5431157791556127,4.063461982762677,769.1111111111111,0.4724264705882353,0.13975694444444445
3,192,0,33.123063333,35.628776667,13/05/2025,48,0.6730425688902257,0.005604749253275875,0.6676313550219087,1.0201684094338261,0.5349559575825544,4.638589126445727,755.4444444444445,0.28225867269984917,0.11458333333333334
3,193,0,33.122846667,35.62875,13/05/2025,48,0.6878081335075127,0.00918618499864304,0.6659152384018341,1.0853902918429261,0.5412390938639885,3.3233414111932924,770.1111111111111,0.5645833333333333,0.1640625
3,194,0,33.122633333,35.62873,13/05/2025,48,0.6656259329209276,0.009122959335766323,0.6485209400832537,1.0628037971617526,0.5290722913024395,3.6650891943041093,769.5555555555555,0.4916666666666667,0.16493055555555555
3,195,0,33.122368333,35.62869,13/05/2025,48,0.5967181157545771,0.027107638251726095,0.6145583457921293,0.94696805182344,0.47514098153683815,3.9789770342734103,759.3333333333334,0.2884994575185913,0.13975694444444448
3,196,0,33.12218,35.62867,13/05/2025,48,0.6737559773948558,0.004546848510227435,0.6560921051297135,1.0656365503538183,0.5297233850823875,3.5060519594886106,758.2222222222222,0.38125,0.1840277777777778
3,197,0,33.121998333,35.628651667,13/05/2025,48,0.6762753074444077,0.006192636488616074,0.6613302731252944,1.0558622302429927,0.5315700865939285,3.882478399986965,751.8888888888889,0.5020833333333334,0.1623263888888889
3,198,0,33.12176,35.628611667,13/05/2025,48,0.6823920525099925,0.0067687885276825,0.6683893332916334,1.052853430995114,0.5324667316864066,4.544372148594611,742.5555555555555,0.24632872318847926,0.1267361111111111
3,199,0,33.121566667,35.628611667,13/05/2025,48,0.6831362997162276,0.005923736503473642,0.6697476293362432,1.0509778637688036,0.54328555729945,4.116709746709063,751.1111111111111,0.31735482654600305,0.140625
3,200,0,33.121375,35.628576667,13/05/2025,48,0.6690388000192146,0.008340437573949859,0.6631651981603945,1.0220803730076995,0.5290742384805095,3.9369196094054484,747.6666666666666,0.43284313725490187,0.13802083333333331
3,201,0,33.121175,35.628551667,13/05/2025,48,0.6749469497188616,0.01284868934272586,0.6689599851391508,1.022669872432501,0.5363388606635964,4.30196648144045,731.4444444444445,0.36874999999999997,0.13368055555555558
3,202,0,33.12097,35.628531667,13/05/2025,48,0.6885861059607605,0.007251550132798454,0.6643054032152619,1.094848935321324,0.542323137147034,3.404658514107221,773.7777777777778,0.5520833333333334,0.1970486111111111
3,203,0,33.120773333,35.6285,13/05/2025,48,0.542735724219783,0.05677316703144122,0.5744137620908994,0.9159673353630325,0.4460480107850889,4.246653522439333,810.1111111111111,0.16930144553647875,0.1388888888888889
3,204,0,33.120738333,35.628503333,13/05/2025,48,0.4669833113317592,0.07601820870436354,0.5213273956833867,0.869983805436569,0.39493359081359736,4.875814583693911,835.0,0.095368614198296,0.11805555555555558
3,205,0,33.120793333,35.628145,13/05/2025,48,0.4209104139400546,0.036820498078494565,0.48725751481966934,0.845940119330816,0.3570618051718897,4.4193721485946105,607.2222222222222,0.18278926323883637,0.1284722222222222
3,206,0,33.120991667,35.62817,13/05/2025,48,0.5027241695750554,0.03979484133864737,0.5467341071172276,0.8866474391838288,0.4009552930035524,4.454986855772666,573.5555555555555,0.13611549462561676,0.13194444444444448
3,207,0,33.12121,35.628198333,13/05/2025,48,0.4956665137214903,0.07938075266091779,0.5485280985837979,0.8701879485975268,0.4132630745584722,5.048533209849189,856.5555555555555,0.1084920373898592,0.10763888888888891
3,208,0,33.12141,35.628218333,13/05/2025,48,0.5233878506332783,0.057726458354738434,0.5589000934134358,0.9100648014887065,0.41821095941756625,4.596251836004467,845.3333333333334,0.1696856018914842,0.11805555555555555
3,209,0,33.121623333,35.62824,13/05/2025,48,0.4621382236587572,0.06995678685556603,0.5152397545858234,0.8730577533584221,0.37241465073557195,4.804585169337799,885.4444444444445,0.1695257265906992,0.11111111111111113
3,210,0,33.121816667,35.62826,13/05/2025,48,0.49161953217961574,0.06297275927985853,0.5439837676423576,0.8691383656729781,0.38131282325609583,3.8988242140723095,836.4444444444445,0.1899675032319179,0.15104166666666669
3,211,0,33.122011667,35.628278333,13/05/2025,48,0.4706824875715277,0.06168421246152,0.5249295340264339,0.8688587819036651,0.3877212559342374,4.3019664814404495,879.0,0.1772818117387133,0.13368055555555558
3,212,0,33.122216667,35.628316667,13/05/2025,48,0.4901011960609247,0.0721961186058962,0.535367472740576,0.8876319475129832,0.39611931381812643,5.292481250360577,849.8888888888889,0.07129291503704806,0.10416666666666669
3,213,0,33.122491667,35.6284,13/05/2025,48,0.5597466657722969,0.04799361017426416,0.5830075307939797,0.9387009781148526,0.44706570366387094,3.9091591278514217,821.2222222222222,0.17940238260001537,0.1388888888888889
3,214,0,33.122631667,35.628375,13/05/2025,48,0.4849184088182736,0.07714765671578813,0.5277232247089366,0.897154886673548,0.39234828790132703,4.5443721485946105,871.3333333333334,0.15643600474689293,0.1267361111111111
3,215,0,33.122865,35.6284,13/05/2025,48,0.521165018001136,0.0617480555349912,0.5506774232782573,0.9241967404867416,0.41627460955065654,4.846251836004467,858.3333333333334,0.1320398943068404,0.1076388888888889
3,216,0,33.123048333,35.628416667,13/05/2025,48,0.4934205353148368,0.06814608110949252,0.5391910938777312,0.888809729410607,0.4035750300264514,5.292481250360577,856.8888888888889,0.11760590717340139,0.10416666666666669
3,217,0,33.123256667,35.628438333,13/05/2025,48,0.5293425443679095,0.07515644929056889,0.5604120024638526,0.9237811085208532,0.4220821630788374,5.048533209849189,837.4444444444445,0.10981044806561463,0.1076388888888889
3,218,1,33.123466667,35.628466667,13/05/2025,48,0.47858255311673126,0.06539302233888247,0.5240873101319746,0.8891353958629483,0.3956637993120603,5.0485332098491895,885.7777777777778,0.1543542985854998,0.10763888888888891
3,219,2,33.123663333,35.62849,13/05/2025,48,0.5138886634990806,0.05783691651719821,0.5544459108783573,0.8961366037101742,0.42091349012110557,5.292481250360577,854.2222222222222,0.07971920448213587,0.10416666666666669
3,220,0,33.123866667,35.628518333,13/05/2025,48,0.509898208352022,0.06232052314898462,0.5482176699825534,0.9021563016622157,0.415099271016823,5.048533209849189,859.4444444444445,0.11507420484544316,0.1076388888888889
3,221,0,33.124073333,35.628548333,13/05/2025,48,0.35274159074965744,0.049168529281854306,0.4341087800466506,0.8253805121917881,0.28740179116351067,4.663320189106002,644.0,0.1608664787138293,0.125
4,2,0,33.12394143,35.63256134,18/05/2025,43,0.3453437851347119,0.019072949372864075,0.38612663616966153,0.9106038725660947,0.286795874013898,4.434153522439333,780.6666666666666,0.2787625719098483,0.1328125
4,3,0,33.12373095,35.632552255,18/05/2025,43,0.4147566017415639,0.023813675400981272,0.44698096785348806,0.9240930629314428,0.33341087586785156,4.403107168362811,1151.888888888889,0.2138197586726998,0.11805555555555557
4,4,1,33.12352722,35.6325246,18/05/2025,43,0.4002942011686209,0.02325698931274497,0.4456077850415757,0.8957529918683355,0.3239159460749558,3.857157547405643,1145.4444444444443,0.25890837104072395,0.1701388888888889
4,5,0,33.123319267,35.63250203,18/05/2025,43,0.40026590903142023,0.030921260381296105,0.44601260047693647,0.8951898269008817,0.3257762471678554,4.603846168850304,1147.5555555555557,0.16781521340344868,0.11458333333333334
4,6,0,33.123100337,35.632472735,18/05/2025,43,0.42021264282093923,0.025964628827685705,0.4577607965699081,0.911473858633815,0.3330211004754628,4.403107168362811,1146.0,0.19110895397660102,0.11805555555555557
4,7,0,33.122890518,35.632451943,18/05/2025,43,0.4025396148647821,0.025792059193699157,0.4432637638966107,0.9058277950709637,0.32564321826046005,4.008757441416554,1159.111111111111,0.26502639517345394,0.13541666666666669
4,8,0,33.12267752,35.632427623,18/05/2025,43,0.41740878840443024,0.03290226315955124,0.4550947030964777,0.9116961838579218,0.3259506030088001,4.846251836004468,1161.888888888889,0.16757144021849904,0.1076388888888889
4,9,0,33.122469337,35.632401753,18/05/2025,43,0.38500127880546997,0.030404865413720183,0.4244881762177999,0.9100873912911991,0.3147592234993454,3.89882421407231,1199.4444444444443,0.23606380701968932,0.15104166666666666
4,10,0,33.12225662,35.632386898,18/05/2025,43,0.41137702509334906,0.034767855976488356,0.4423882432289988,0.9277829606324267,0.32381481569728116,5.084147917027246,1190.4444444444443,0.12558853730123457,0.11111111111111113
4,11,0,33.122047905,35.63236496,18/05/2025,43,0.3936045994502892,0.030860794963036137,0.42761096068153887,0.9226610341079571,0.3020843166237965,4.596251836004467,1191.4444444444443,0.2553894052423464,0.11805555555555555
4,12,0,33.121840683,35.63233741,18/05/2025,43,0.41776214093403613,0.03070440408089311,0.44224589594448427,0.9424099693289535,0.32349010465649863,4.840199876515856,1193.888888888889,0.16553824752354168,0.11458333333333334
4,13,0,33.121621448,35.632316883,18/05/2025,43,0.3870907451295467,0.022418935336471785,0.4295951846381636,0.903210843535105,0.2917074939598548,4.0465263787562815,1186.4444444444443,0.29129570747217803,0.13628472222222224
4,14,0,33.121407742,35.632276483,18/05/2025,43,0.39868436697260945,0.02720127994772815,0.4361728418335662,0.9133984325300223,0.308006666475711,4.544372148594611,1186.2222222222222,0.19211640373405076,0.1267361111111111
4,15,0,33.121188762,35.632252318,18/05/2025,43,0.4019472149051222,0.03368144924311118,0.43231055945236196,0.9291655794577333,0.307181055115084,4.603846168850305,1212.5555555555557,0.16701036443683503,0.11458333333333334
4,16,0,33.120976523,35.632233422,18/05/2025,43,0.3820140807319584,0.03082289321620333,0.41673439296053333,0.921077437964209,0.2977499267221318,4.3894608760283615,1217.111111111111,0.184574365089071,0.12847222222222224
4,17,0,33.120759383,35.632200658,18/05/2025,43,0.4013780869956301,0.031618422695828555,0.4249993792674211,0.9453804864700666,0.31415356719371673,3.89882421407231,1228.7777777777778,0.22279080551139369,0.15104166666666666
4,18,0,33.120553338,35.632176323,18/05/2025,43,0.372386473055226,0.0198385975912471,0.3995197731203505,0.9381167926522084,0.289536535413485,3.5968226336265317,1249.5555555555557,0.2747549019607843,0.17708333333333331
4,19,0,33.120424495,35.631815497,18/05/2025,43,0.4143135586709201,0.02058621270475356,0.42751985488613015,0.9683784741151548,0.3118243956625491,4.663320189106001,838.8888888888889,0.15019864710599146,0.125
4,20,0,33.12063312,35.63184115,18/05/2025,43,0.4837851920841226,0.004257197688221098,0.4960500834060528,0.9683119527991104,0.38833958347936376,3.058307278889541,1218.6666666666667,0.675,0.2230902777777778
4,21,0,33.120844758,35.631866457,18/05/2025,43,0.4886471256761248,0.005558930661058442,0.49697065768485493,0.9783446910364467,0.3783119326835316,2.7957854945967533,1200.6666666666667,0.5770833333333334,0.21875000000000003
4,22,0,33.12105556,35.631890545,18/05/2025,43,0.499603454743577,0.002859489268665587,0.510407189930466,0.971425323885781,0.4045056066661365,2.9718226336265308,1196.5555555555557,0.5395833333333333,0.28125
4,23,0,33.121266037,35.63191517,18/05/2025,43,0.4970285759760582,0.004964853489609022,0.5060955298254223,0.9761738859087347,0.38400505215281955,1.6652417584851502,1194.6666666666667,0.7708333333333334,0.41145833333333337
4,24,0,33.121463333,35.63195,18/05/2025,43,0.49766501203345886,0.0022039747559483873,0.5081518046897728,0.9723721253682996,0.38607856213956165,2.534479625667783,1191.888888888889,0.6583333333333332,0.2821180555555556
4,25,0,33.121671667,35.631956667,18/05/2025,43,0.5053545946926532,0.004982040299623015,0.519562628164369,0.9624356860589811,0.3914766205294954,3.0957005842381937,1159.7777777777778,0.6479166666666667,0.18836805555555555
4,26,0,33.121893333,35.631988333,18/05/2025,43,0.511247283237561,0.00821918337053678,0.525428005083425,0.9619892540061772,0.3979960186341052,4.2889320459104425,1157.0,0.3602676205617382,0.12239583333333334
4,27,0,33.122096667,35.632008333,18/05/2025,43,0.4925968330804545,0.012500661886142789,0.5097402530943881,0.9557260716128179,0.3999682203952441,3.5196410859343388,1179.2222222222222,0.3020833333333333,0.2152777777777778
4,28,0,33.122298333,35.63204,18/05/2025,43,0.4975858051905056,0.0051774149583121935,0.5066770435418059,0.9761386494486965,0.3827127074252232,3.638879287360708,1184.0,0.4958333333333333,0.15104166666666666
4,29,0,33.122501667,35.632048333,18/05/2025,43,0.5149647217600557,0.005504986679207601,0.5238370198545996,0.9760158494168779,0.40728796230691494,1.7586169206466868,1161.2222222222222,0.7083333333333333,0.3767361111111111
4,30,0,33.122681667,35.632066667,18/05/2025,43,0.5035102908131172,0.004844262066380694,0.5161621396763499,0.966512026381938,0.4097726592824204,0.7451475706431423,1156.111111111111,0.9270833333333334,0.7526041666666667
4,31,0,33.122905,35.632093333,18/05/2025,43,0.507132095299986,0.004135923129347173,0.5219260949018767,0.9607072663765727,0.4092437963726484,1.9249935493429025,1145.888888888889,0.7916666666666666,0.3315972222222222
4,32,0,33.123113333,35.632125,18/05/2025,43,0.5131354348842098,0.00895566587087722,0.5256990209832278,0.9662387411190942,0.40610325929738017,3.8551121157836827,1133.6666666666667,0.39155354449472096,0.15625
4,33,0,33.123311667,35.632153333,18/05/2025,43,0.5097540631083157,0.008033286771323082,0.5243645008516568,0.9611089952270269,0.4112995928970121,3.3360994202994476,1133.3333333333333,0.6125,0.17361111111111113
4,34,1,33.123515,35.632185,18/05/2025,43,0.512535892265862,0.004541959802158217,0.522924959286828,0.9721558065641006,0.4248736340165374,2.555155966959864,1135.7777777777778,0.5916666666666667,0.3472222222222222
4,35,1,33.123715,35.632198333,18/05/2025,43,0.5105907485719866,0.004786419416216385,0.5276505708139045,0.9544429669218564,0.4012080648986629,3.4040395229836156,1115.888888888889,0.5562499999999999,0.1597222222222222
4,36,0,33.123926667,35.632235,18/05/2025,43,0.38959505928112964,0.022335490805321115,0.4262288277751519,0.9162859300901859,0.2999652215469398,3.390129898721527,1171.4444444444443,0.3485260996290408,0.1814236111111111
4,37,0,33.123941667,35.632231667,18/05/2025,43,0.38959505928112964,0.022335490805321115,0.4262288277751519,0.9162859300901859,0.2999652215469398,3.390129898721527,1171.4444444444443,0.3485260996290408,0.1814236111111111
4,38,0,33.123938333,35.631851667,18/05/2025,43,0.3788308321713533,0.014736492870045675,0.41184879443810984,0.9249778261480817,0.30329158677008006,3.600560296327809,1201.888888888889,0.5370098039215686,0.171875
4,39,0,33.123708333,35.631828333,18/05/2025,43,0.5175531392568206,0.008347897455721783,0.5259525384287348,0.9772273195281085,0.41864122254472436,3.330403120006803,1163.4444444444443,0.48750000000000004,0.17708333333333334
4,40,2,33.123495,35.631791667,18/05/2025,43,0.5210289788497388,0.007140448114028209,0.5348396198244489,0.9627054990372876,0.4196876317857488,1.4541978025686977,1147.888888888889,0.8541666666666666,0.532986111111111
4,41,0,33.123288333,35.631761667,18/05/2025,43,0.5258998285243346,0.004637066207606598,0.534362752834276,0.9768897929938858,0.4127943123694646,3.9907489620194876,1150.111111111111,0.44999999999999996,0.14583333333333334
4,42,0,33.123103333,35.631753333,18/05/2025,43,0.5216446562888285,0.011416302342515255,0.5294596793664748,0.9788691932783274,0.41547888700463065,5.0485332098491895,1154.0,0.2959653092006033,0.1076388888888889
4,43,0,33.122895,35.631733333,18/05/2025,43,0.5073954701652335,0.008486001339808247,0.5216442099421134,0.9621057485206905,0.3988835858585468,4.4903416701725325,1150.111111111111,0.3557598039215686,0.1189236111111111
4,44,0,33.122693333,35.631701667,18/05/2025,43,0.5039018869228136,0.008406684263264217,0.5202330475215159,0.9567580466492365,0.4108713607021675,3.6785391229344677,1159.2222222222222,0.4068156108597285,0.13975694444444448
4,45,0,33.122473333,35.63168,18/05/2025,43,0.5055236121276722,0.005241304436393256,0.5154296686353582,0.9736460946578909,0.39561007851470803,3.644381193156148,1174.4444444444443,0.4729166666666667,0.11892361111111112
4,46,0,33.122265,35.63166,18/05/2025,43,0.49667496913076703,0.005569669938665126,0.5060420930188196,0.9753882747984224,0.39432468432851026,2.998547859822814,1182.3333333333333,0.6270833333333332,0.17881944444444445
4,47,0,33.122058333,35.631625,18/05/2025,43,0.4973796090748801,0.002097731664797966,0.5086076587277778,0.9704293854913144,0.39288743719098407,2.761635692840854,1196.2222222222222,0.6791666666666667,0.20225694444444448
4,48,0,33.121858333,35.631596667,18/05/2025,43,0.509688411372044,0.003146434060802458,0.515991483610098,0.9831071766616459,0.4026874511508773,3.9334126382798043,1192.2222222222222,0.414093137254902,0.1371527777777778
4,49,0,33.12163,35.631571667,18/05/2025,43,0.5079190940494898,0.0070179971890897445,0.5156484246170532,0.9793740006587895,0.39262470709487485,3.688926440498354,1188.6666666666667,0.5333333333333333,0.16319444444444445
4,50,0,33.121425,35.631556667,18/05/2025,43,0.5124110741542075,0.006043409534945599,0.5220785261619891,0.9739786845134167,0.399264460527331,3.5381982960700764,1187.5555555555557,0.5458333333333334,0.1892361111111111
4,51,0,33.12121,35.631541667,18/05/2025,43,0.5013568184749708,0.005412095653550041,0.514477588192329,0.9652864920902497,0.38939501773090157,3.476717444721476,1194.3333333333333,0.4645833333333333,0.1814236111111111
4,52,0,33.121005,35.631506667,18/05/2025,43,0.4903988026220124,0.005032863858076288,0.5004788239240975,0.9737068085570004,0.38333182327111176,2.407472794574877,1223.6666666666667,0.71875,0.30208333333333326
4,53,0,33.120813333,35.631475,18/05/2025,43,0.48720699183313876,0.006128557566434564,0.4963440969569052,0.9762991407884252,0.37133790868811567,2.5229773910978532,1217.3333333333333,0.7104166666666667,0.3038194444444444
4,54,0,33.120596667,35.631453333,18/05/2025,43,0.4796138993079947,0.002304865051046549,0.48400021223155004,0.9886660551941046,0.37899000005287964,1.7586169206466868,1238.3333333333333,0.7083333333333333,0.3767361111111111
4,55,0,33.12044,35.63143,18/05/2025,43,0.3673033827956497,0.01682093094763681,0.40044941097407144,0.9252044537336532,0.29318047983494655,3.152170691632976,859.8888888888889,0.2624441057973136,0.22395833333333331
4,56,0,33.120466667,35.63116,18/05/2025,43,0.37378629924940476,0.028844598701275016,0.4073772532707445,0.9238915043092631,0.29147770353258234,3.9091591278514217,1300.2222222222222,0.22797557172557176,0.13888888888888892
4,57,0,33.120678333,35.63118,18/05/2025,43,0.4699157308481493,0.009287165273582181,0.4861404122294031,0.9588579440089932,0.37290092565643024,3.6519755260019866,1239.0,0.48958333333333337,0.13802083333333334
4,58,0,33.12088,35.631201667,18/05/2025,43,0.4846637401905526,0.010786999246686066,0.49546017241902285,0.9720947949433456,0.3639012231449876,4.43173939949947,1222.5555555555557,0.31122406342994574,0.11892361111111112
4,59,0,33.121095,35.631228333,18/05/2025,43,0.48731769715343426,0.003576027029559282,0.49757278237904334,0.9733497393808688,0.37851006975892076,2.9662377998892615,1220.2222222222222,0.4625,0.23350694444444448
4,60,0,33.1213,35.63126,18/05/2025,43,0.4983622650970282,0.005109399434160764,0.5131305402436669,0.9610877622633761,0.3974993085475964,3.4718226336265308,1190.5555555555557,0.55,0.19444444444444448
4,61,0,33.121505,35.631283333,18/05/2025,43,0.5032628549732103,0.010861713903609056,0.5124119044696558,0.9764657903892281,0.39442720697733596,3.004676884764281,1206.6666666666667,0.6041666666666667,0.20225694444444448
4,62,0,33.121713333,35.631296667,18/05/2025,43,0.5069327088506237,0.010555868216018362,0.5164088005655363,0.9752188779535734,0.3991318905194017,2.9521045066964375,1198.5555555555557,0.5604166666666668,0.2074652777777778
4,63,0,33.121926667,35.631331667,18/05/2025,43,0.5145615011460595,0.006283754091203704,0.5260440356234932,0.9691811321134468,0.4015479980902629,2.991200325258954,1179.7777777777778,0.6354166666666666,0.2048611111111111
4,64,0,33.12214,35.631348333,18/05/2025,43,0.4817230455621922,0.014170544054513247,0.49723613027050084,0.9602069553078958,0.3773519926392929,4.332141085934339,1193.0,0.30092994578288695,0.1310763888888889
4,65,1,33.122338333,35.631373333,18/05/2025,43,0.5051256285102603,0.008698396731180096,0.519036276277909,0.96344291408515,0.3909491928514573,3.0053241698252937,1157.2222222222222,0.4958333333333333,0.2152777777777778
4,66,0,33.122535,35.631401667,18/05/2025,43,0.5041246877721657,0.003533925215038976,0.5162000646216591,0.9679512078711124,0.4043345766360139,1.7586169206466868,1184.3333333333333,0.7083333333333333,0.37673611111111105
4,67,0,33.122753333,35.631431667,18/05/2025,43,0.4929158239251725,0.009090215208902836,0.5140439702571674,0.9451674844366528,0.3936101924315307,3.716219025167254,1168.5555555555557,0.36397058823529416,0.15625
4,68,0,33.122943333,35.631456667,18/05/2025,43,0.5022740699476979,0.005909739605797221,0.5193675197491369,0.9548928296450805,0.40499742921820187,3.4793877652698146,1160.5555555555557,0.5625,0.1840277777777778
4,69,0,33.12316,35.631473333,18/05/2025,43,0.5009590338404774,0.004969093328567608,0.5177279838853682,0.9557308450784876,0.39927712710824614,3.936919609405448,1157.4444444444443,0.4786764705882353,0.1293402777777778
4,70,1,33.12336,35.6315,18/05/2025,43,0.5001032801351648,0.004153497877470387,0.5161877943053708,0.9576067909103535,0.409303950622484,1.3642943420934954,1160.3333333333333,0.8020833333333334,0.4609375
4,71,2,33.12357,35.631521667,18/05/2025,43,0.5114015429138807,0.003747244463009596,0.5249854479951592,0.9635572582518326,0.412062730742463,3.3325352832850825,1148.2222222222222,0.6000000000000001,0.2439236111111111
4,72,1,33.123766667,35.631543333,18/05/2025,43,0.49015825223415277,0.009885471335825182,0.5095131618714709,0.9499660046129753,0.386199981035638,4.08429531609601,1138.5555555555557,0.3247549019607843,0.11805555555555555
4,73,0,33.12396,35.63157,18/05/2025,43,0.3461972734708698,0.02007147883665338,0.38410691981747785,0.9164725960604265,0.28743856347263175,4.192359712089615,1229.888888888889,0.3833333333333333,0.12847222222222224
4,74,0,33.12397,35.631101667,18/05/2025,43,0.35930402058804456,0.014746387812552197,0.4021303130602311,0.9050522053225856,0.29254313229552203,3.438054690915721,1199.7777777777778,0.46200980392156865,0.15798611111111113
4,75,0,33.123761667,35.631083333,18/05/2025,43,0.5054650284386676,0.011989860578582326,0.5204083759780918,0.9605647270825641,0.40833691115420717,3.4718226336265308,1145.7777777777778,0.39999999999999997,0.19444444444444445
4,76,0,33.12354,35.631048333,18/05/2025,43,0.5267066239391034,0.00566926914533617,0.5329173217614129,0.9832191780306379,0.4198235386184874,2.7551230440172545,1143.0,0.6708333333333334,0.21180555555555558
4,77,0,33.12332,35.631038333,18/05/2025,43,0.5245219047370132,0.005704170567591253,0.5327558676010726,0.9774935828957503,0.42045852402258227,3.788861785525509,1149.111111111111,0.5375,0.1371527777777778
4,78,0,33.123115,35.631001667,18/05/2025,43,0.52140573538346,0.0033542880084888537,0.5286558474821683,0.9802720782094281,0.4174042756090525,1.6225562489182659,1153.2222222222222,0.8125,0.4375
4,79,0,33.122913333,35.630978333,18/05/2025,43,0.5165657159774834,0.007482570308580263,0.5294912151261248,0.9651180047938832,0.4151875219996102,3.4424905775127206,1150.7777777777778,0.4541666666666667,0.15538194444444445
4,80,0,33.122696667,35.630958333,18/05/2025,43,0.5275575306308924,0.005935683432114688,0.5343877837610486,0.9813481160334481,0.4212693438681667,3.449603918977221,1160.6666666666667,0.5458333333333334,0.16927083333333334
4,81,1,33.122505,35.630931667,18/05/2025,43,0.5318166801751941,0.006255088066617999,0.5336564440309564,0.995410609136418,0.42070685125337515,3.2219796256677826,1173.5555555555557,0.5583333333333333,0.20486111111111113
4,82,0,33.122313333,35.630918333,18/05/2025,43,0.5315005886868752,0.0037652107215656724,0.534166715275108,0.9926347569010932,0.4240284912579222,3.396926181519115,1170.7777777777778,0.5083333333333333,0.16666666666666669
4,83,0,33.122081667,35.630858333,18/05/2025,43,0.534729363022064,0.005400675234440478,0.5319748258678505,1.007863419770098,0.40901069940932216,3.231464856747655,1181.7777777777778,0.5041666666666667,0.1684027777777778
4,84,1,33.121876667,35.63085,18/05/2025,43,0.5370754983660471,0.005398319598434593,0.5340083926500082,1.0087399501478223,0.41487397144203464,2.061303984200316,1177.5555555555557,0.71875,0.3628472222222222
4,85,3,33.12168,35.630828333,18/05/2025,43,0.536357659506872,0.0050820916123540645,0.5390804658606583,0.9924249260202546,0.4148840942835588,3.437907291846956,1170.7777777777778,0.53125,0.15104166666666669
4,86,2,33.121455,35.630788333,18/05/2025,43,0.5341196740324703,0.005334408889451735,0.5274322309047347,1.01890921879873,0.4166700702258387,3.5258239108460536,1202.6666666666667,0.5145833333333333,0.1779513888888889
4,87,3,33.121315,35.63078,18/05/2025,43,0.5321980937440514,0.004212490985800926,0.523762918649679,1.0237330417785104,0.41949924408123607,3.7634566599411934,1202.4444444444443,0.4604166666666667,0.1701388888888889
4,88,3,33.12107,35.630768333,18/05/2025,43,0.5251273929894729,0.003698882233336567,0.521113072145014,1.011118440096482,0.4109890436677923,2.7927748504250074,1204.888888888889,0.575,0.2065972222222222
4,89,2,33.120945,35.630735,18/05/2025,43,0.5157254979657041,0.0061658809607758585,0.5136522387438736,1.0058419761424569,0.3975345831852956,1.0612781244591327,1215.7777777777778,0.875,0.5989583333333334
4,90,0,33.120746667,35.63069,18/05/2025,43,0.5139517234225873,0.005180599454274754,0.5114160922114445,1.0069496980801391,0.3937137890072311,3.9668731152961887,1237.4444444444443,0.5270833333333333,0.1605902777777778
4,91,0,33.120521667,35.630671667,18/05/2025,43,0.4017053938675311,0.026501895723558544,0.43211995471609127,0.9290161363818142,0.3061505147358049,4.663320189106001,1276.0,0.24697398190045244,0.125
4,92,0,33.120516667,35.630675,18/05/2025,43,0.36947185886474315,0.027841858959366257,0.4072881965444806,0.915491782344653,0.2815085638617195,5.0485332098491895,1302.6666666666667,0.2959653092006034,0.1076388888888889
4,93,0,33.12057,35.630325,18/05/2025,43,0.393270691392787,0.03297151829877532,0.4283513205612321,0.9198321942763259,0.31000185317805046,5.0901998765158565,1294.5555555555557,0.14179456605927193,0.10416666666666669
4,94,1,33.12077,35.630348333,18/05/2025,43,0.4906247793150743,0.003480600809675057,0.5043712495474846,0.964199364984995,0.3826184476660308,3.011844026199031,1222.3333333333333,0.5708333333333334,0.20225694444444448
4,95,1,33.120993333,35.630381667,18/05/2025,43,0.5171176553462364,0.005478255452663026,0.5149729332604376,1.0059561637475247,0.3996105265579805,3.6859576266427716,1213.4444444444443,0.5099264705882354,0.1484375
4,96,0,33.121196667,35.630408333,18/05/2025,43,0.5223833245001832,0.006860430697013215,0.5237369894112214,0.9963871769122888,0.41237724194300635,3.9963936296611426,1200.3333333333333,0.41875,0.1328125
4,97,2,33.121416667,35.630418333,18/05/2025,43,0.5272768083171462,0.005218918723680313,0.526506476748707,1.0023275365918614,0.4134534990931546,2.7902199731139583,1193.7777777777778,0.5916666666666667,0.2760416666666667
4,98,2,33.121633333,35.630451667,18/05/2025,43,0.5281644334242145,0.0024240635650850163,0.5314478741722362,0.9911180944528581,0.41285788309083327,3.1176705313986384,1180.2222222222222,0.515686274509804,0.22395833333333337
4,99,2,33.121831667,35.63048,18/05/2025,43,0.5377980936208997,0.008330183696960971,0.5356766423229323,1.0062010868430518,0.41995583583028817,3.8042097467090623,1171.6666666666667,0.3661764705882353,0.1328125
4,100,1,33.12207,35.6305,18/05/2025,43,0.528651612818688,0.011793658160560454,0.5309376655984045,0.9938598380898758,0.41059936516561063,5.048533209849189,1184.2222222222222,0.26465874811463047,0.10763888888888891
4,101,1,33.122296667,35.630585,18/05/2025,43,0.5252423959935606,0.008752218747718131,0.525169180606637,1.000276780487532,0.40780756097458726,3.7170907747498885,1185.888888888889,0.3118872549019608,0.18055555555555558
4,102,1,33.122506667,35.630565,18/05/2025,43,0.5334873869383095,0.012932379072809103,0.5290709885579046,1.0127581495201603,0.405800442582229,2.9452887254061753,1190.888888888889,0.5661764705882353,0.2387152777777777
4,103,1,33.122725,35.63059,18/05/2025,43,0.5299965844091896,0.004111680053735811,0.5322491086503981,0.9937638095446244,0.41102963556027267,3.5341591278514217,1180.7777777777778,0.4916666666666667,0.16666666666666669
4,104,0,33.122943333,35.630615,18/05/2025,43,0.5179309237819173,0.008502949281669558,0.5324402626174588,0.9611648587416843,0.4083861328471819,3.582019192898415,1152.6666666666667,0.5145833333333334,0.15190972222222224
4,105,0,33.123168333,35.630635,18/05/2025,43,0.5140736043673881,0.0044822805759599385,0.5328702232303054,0.9496331437298183,0.40305724528633896,3.0460453873749436,1141.0,0.56875,0.2109375
4,106,0,33.123375,35.630655,18/05/2025,43,0.5182797682867256,0.006853136814132699,0.5296515332875975,0.9693216398206851,0.4098318831296802,3.993758408118133,1156.2222222222222,0.4286764705882353,0.1440972222222222
4,107,1,33.12358,35.630683333,18/05/2025,43,0.5106507721767497,0.006115863624344061,0.5327163314568844,0.9413722939649174,0.4147048400946956,3.234948560979935,1141.0,0.5520833333333333,0.1736111111111111
4,108,2,33.12379,35.630711667,18/05/2025,43,0.5008718226664008,0.006431710209208043,0.5172031813400852,0.9568603694180204,0.3971486395336025,3.5968226336265317,1145.6666666666667,0.3791666666666666,0.17708333333333334
4,109,0,33.12398,35.630726667,18/05/2025,43,0.37470294648952157,0.021734582260722664,0.4129788213816197,0.9133992111536734,0.2961198458669545,4.346251836004467,1190.2222222222222,0.3161764705882353,0.1284722222222222
4,110,0,33.123981667,35.63073,18/05/2025,43,0.3565698782494444,0.010665214238020613,0.3969943070831552,0.9101092485035284,0.286546760056706,3.0413966014913245,1207.888888888889,0.6187499999999999,0.24218749999999997
4,111,0,33.123981667,35.630383333,18/05/2025,43,0.3860097563973808,0.03384840401293265,0.4163345157853374,0.9314196952395412,0.2961999261343906,4.403107168362811,1199.6666666666667,0.22000988545106187,0.11805555555555557
4,112,1,33.123775,35.630358333,18/05/2025,43,0.5092253416426682,0.005738408090856068,0.5206176636376187,0.9694789733192556,0.40054929118593885,3.05667846521006,1164.7777777777778,0.50625,0.18663194444444448
4,113,1,33.123573333,35.630345,18/05/2025,43,0.5165494051649269,0.008535683875595538,0.5212911388372049,0.9871530562005639,0.403025413072923,4.433746230592377,1180.888888888889,0.31230381965676085,0.13020833333333334
4,114,0,33.123361667,35.6303,18/05/2025,43,0.518754535272071,0.005224574604448033,0.527370650565016,0.9766036923763287,0.4021035200220968,3.9549868557726664,1162.888888888889,0.3198101381924911,0.1527777777777778
4,115,0,33.123165,35.630278333,18/05/2025,43,0.51877650221023,0.003876936967633889,0.526469144805591,0.979136038204274,0.4115792630245944,2.3708644692353644,1168.6666666666667,0.70625,0.3385416666666667
4,116,0,33.123165,35.630278333,18/05/2025,43,0.51877650221023,0.003876936967633889,0.526469144805591,0.979136038204274,0.4115792630245944,2.3708644692353644,1168.6666666666667,0.70625,0.3385416666666667
4,117,0,33.122941667,35.630253333,18/05/2025,43,0.5313103625899376,0.004819952721457641,0.5299501684104748,1.0039016487482062,0.404875492446484,2.7019021090582096,1179.2222222222222,0.6041666666666667,0.22569444444444445
4,118,0,33.122736667,35.630225,18/05/2025,43,0.5427858976254816,0.003938636145296093,0.540142803508439,1.0075678276838989,0.4211517843803071,2.8686995545347256,1173.4444444444443,0.5416666666666667,0.2673611111111111
4,119,1,33.122551667,35.630196667,18/05/2025,43,0.5445604187399775,0.0074917758738959,0.5318854332115255,1.0366638218741464,0.42046007554996756,1.944381475746753,1199.6666666666667,0.7395833333333333,0.2977430555555555
4,120,2,33.122345,35.63018,18/05/2025,43,0.540817340150945,0.007109514988050802,0.5350259356698703,1.0165945609641507,0.4181189155206485,3.552694271103767,1191.5555555555557,0.4778186274509804,0.16666666666666669
4,121,2,33.122125,35.630151667,18/05/2025,43,0.5380109688680179,0.0052357494705453445,0.5255654453630461,1.035422051445541,0.41627662677552,1.7497003066827859,1193.3333333333333,0.71875,0.3394097222222222
4,122,2,33.121891667,35.630136667,18/05/2025,43,0.532657464026593,0.006293285758237009,0.5284920246497202,1.011855061671512,0.42165061561087586,3.5289658234492327,1197.4444444444443,0.5875,0.16579861111111113
4,123,2,33.121891667,35.630136667,18/05/2025,43,0.532657464026593,0.006293285758237009,0.5284920246497202,1.011855061671512,0.42165061561087586,3.5289658234492327,1197.4444444444443,0.5875,0.16579861111111113
4,124,3,33.12169,35.630106667,18/05/2025,43,0.5315333373874248,0.0044985867668222304,0.5311844490444539,1.0010747394603354,0.41443615027870223,3.748547859822814,1186.4444444444443,0.4854166666666667,0.16145833333333334
4,125,2,33.121491667,35.630096667,18/05/2025,43,0.525687545339513,0.006794026852170743,0.5247132597603643,1.0028158396535038,0.404979681554569,3.499218483597409,1192.7777777777778,0.525,0.1753472222222222
4,126,1,33.121263333,35.630063333,18/05/2025,43,0.5246437100430906,0.00619225763373746,0.5241837781261252,1.0013139646284488,0.41136074770623393,3.2349485609799356,1206.3333333333333,0.5395833333333333,0.17361111111111116
4,127,1,33.121073333,35.630033333,18/05/2025,43,0.5225453731003143,0.00501516254104267,0.5199640185697996,1.0071139979981687,0.4101731513911628,4.025693045422949,1230.4444444444443,0.36875,0.140625
4,128,0,33.120841667,35.630011667,18/05/2025,43,0.5044285379179827,0.006279477183280591,0.5158797195808026,0.9697699358813394,0.3965473714404491,2.9616506720657205,1224.3333333333333,0.5729166666666667,0.21788194444444448
4,129,0,33.120626667,35.629968333,18/05/2025,43,0.42978678503441947,0.016224180051018347,0.46170683287223113,0.923557700279293,0.3500097989623933,3.914586136039377,1286.111111111111,0.46985294117647053,0.15104166666666669
4,130,0,33.120568333,35.629966667,18/05/2025,43,0.37361570126877053,0.02935369668072671,0.42178572590114316,0.892274838508941,0.3048332308307008,4.200825794518089,1311.4444444444443,0.1876569442745913,0.125
4,131,0,33.120631667,35.629596667,18/05/2025,43,0.40950683706608604,0.03180989782724117,0.4480783549300186,0.910527253440944,0.3325666680665122,4.8045851693378,1290.888888888889,0.23120286576168927,0.11111111111111112
4,132,0,33.120846667,35.629625,18/05/2025,43,0.5125543630213171,0.0021065663353737572,0.517619647896273,0.9863180461633068,0.3968430625458683,3.514005390679865,1216.7777777777778,0.5958333333333333,0.17708333333333334
4,133,1,33.121073333,35.629663333,18/05/2025,43,0.525083582827944,0.0053046509126611335,0.525620534616748,0.9985682702293143,0.4129416664453236,2.4842148111395685,1208.5555555555557,0.6375,0.2803819444444444
4,134,1,33.121263333,35.629696667,18/05/2025,43,0.5183241609705649,0.009181142040909819,0.5252843345164633,0.9814879333945333,0.4066085338856163,3.013777157757555,1202.6666666666667,0.6041666666666665,0.2092013888888889
4,135,1,33.121465,35.629713333,18/05/2025,43,0.5291714727335112,0.0021218935473490334,0.5278961078613587,1.0035548271536823,0.422583913906064,3.0137771577575547,1203.4444444444443,0.6041666666666666,0.2092013888888889
4,136,2,33.12168,35.629751667,18/05/2025,43,0.5294444350576195,0.0033694210298758093,0.525656564642725,1.0106101193088126,0.4140196658162153,2.078838679766182,1202.6666666666667,0.7708333333333334,0.32812500000000006
4,137,1,33.121893333,35.629761667,18/05/2025,43,0.5480075515581175,0.00513638306377139,0.5339220956906864,1.0407668356851765,0.4193811243130032,2.433893629661143,1196.2222222222222,0.6708333333333334,0.29861111111111116
4,138,1,33.122156667,35.629793333,18/05/2025,43,0.5344449739749497,0.012014709415340195,0.5190179197751384,1.044029054634207,0.4082045502037762,3.9924924611847543,1204.111111111111,0.3520833333333333,0.13194444444444445
4,139,1,33.12238,35.629821667,18/05/2025,43,0.5325796073655683,0.007851073876042159,0.525963192660852,1.0188684567131114,0.41581736494778254,1.9933241319059891,1193.111111111111,0.7604166666666666,0.2873263888888889
4,140,0,33.12257,35.629838333,18/05/2025,43,0.5363307388491898,0.0049725621719348455,0.5335834891181792,1.0078546041492187,0.4117741773451923,3.1619085945586205,1179.0,0.4724264705882353,0.26388888888888884
4,141,0,33.12278,35.629871667,18/05/2025,43,0.5377050530444726,0.00695103802455443,0.5353512701866393,1.0067334453637626,0.41745325611694667,3.6859576266427716,1185.111111111111,0.4503205128205128,0.1484375
4,142,1,33.122971667,35.62989,18/05/2025,43,0.5207708755656375,0.0017972032918646128,0.5222011296109647,0.9960821002623431,0.4034983912185112,2.898685016256941,1180.5555555555557,0.625,0.20572916666666666
4,143,0,33.123196667,35.629915,18/05/2025,43,0.5237586366542476,0.0062148031240918025,0.5388937781309108,0.9587461134834869,0.42402715007417835,3.9139320459104434,1147.888888888889,0.47291666666666665,0.1484375
4,144,1,33.123388333,35.629938333,18/05/2025,43,0.5186530738762091,0.004939077502557774,0.526387115606825,0.9790680898460786,0.4126740188209354,2.5911220587395083,1166.2222222222222,0.7104166666666667,0.21006944444444448
4,145,0,33.123576667,35.629958333,18/05/2025,43,0.5202632926555434,0.006566692497226676,0.5276096005145722,0.9800805475404302,0.41024188302090936,2.989516914081469,1165.0,0.6270833333333332,0.2508680555555556
4,146,0,33.123581667,35.629956667,18/05/2025,43,0.5202632926555434,0.006566692497226676,0.5276096005145722,0.9800805475404302,0.41024188302090936,2.989516914081469,1165.0,0.6270833333333332,0.2508680555555556
4,147,2,33.123781667,35.629968333,18/05/2025,43,0.5104177406435423,0.007678379249748155,0.5154275352497029,0.9868375227095112,0.4041732531585284,2.5521477795045744,1166.6666666666667,0.6875,0.2647569444444444
4,148,0,33.123996667,35.630008333,18/05/2025,43,0.3858565633905807,0.025266703085107645,0.422803786814335,0.9155041548697272,0.31222296746375505,4.40310716836281,1192.4444444444443,0.21828044107455868,0.11805555555555557
4,149,0,33.124011667,35.630023333,18/05/2025,43,0.3858565633905807,0.025266703085107645,0.422803786814335,0.9155041548697272,0.31222296746375505,4.40310716836281,1192.4444444444443,0.21828044107455868,0.11805555555555557
4,150,0,33.124035,35.629631667,18/05/2025,43,0.3789304728694941,0.011168735909058482,0.40983229363609813,0.9294844614995195,0.3032243884912099,4.03806029632781,1216.3333333333333,0.426593137254902,0.1293402777777778
4,151,0,33.123895,35.629618333,18/05/2025,43,0.49656441070396046,0.005083008203845121,0.499786742656706,0.9915899756610964,0.38783046344453187,3.9510891264457277,1175.4444444444443,0.49583333333333335,0.1449652777777778
4,152,0,33.123688333,35.629601667,18/05/2025,43,0.5041708840107506,0.0077488478807609465,0.510147627662717,0.9842091479120041,0.40283324944061055,3.2508400897267524,1175.111111111111,0.50625,0.17013888888888887
4,153,0,33.1235,35.62959,18/05/2025,43,0.5014519551527035,0.005903595486438762,0.5087509094233995,0.9806978110013106,0.391459670827997,3.9510891264457277,1177.3333333333333,0.4203431372549019,0.1449652777777778
4,154,0,33.123311667,35.629551667,18/05/2025,43,0.5048094153655581,0.0033178891230332217,0.5174765311709417,0.9663065262794903,0.3951369029825254,2.4652770151996863,1170.111111111111,0.6041666666666667,0.2925347222222222
4,155,0,33.123088333,35.629536667,18/05/2025,43,0.5059641629412479,0.008563037161204481,0.5119624038648433,0.9841429096879407,0.39928642430232186,4.201219991868833,1187.2222222222222,0.4857843137254902,0.13368055555555555
4,156,0,33.122883333,35.629498333,18/05/2025,43,0.5198684286134472,0.007771373447907245,0.520529443061782,0.9982744668106283,0.4008103619180498,3.9686331481071164,1195.5555555555557,0.31875,0.14236111111111113
4,157,1,33.122671667,35.62948,18/05/2025,43,0.5364939070641593,0.009257400862564135,0.5283156047441331,1.023419278334739,0.4157493780153888,3.449485818799088,1201.3333333333333,0.51875,0.17447916666666669
4,158,0,33.122476667,35.62947,18/05/2025,43,0.5253341942069772,0.0092629999005119,0.5246886425661956,1.0017954698775131,0.40220664296153424,5.063314583693911,1186.4444444444443,0.26443428722840484,0.11197916666666669
4,159,0,33.122266667,35.629441667,18/05/2025,43,0.47846781023905405,0.0077533074488313515,0.48923385241751216,0.972313612448565,0.3783274266403613,3.7604306801968876,1216.3333333333333,0.35563725490196085,0.13628472222222224
4,160,0,33.122053333,35.629406667,18/05/2025,43,0.5192714573504519,0.0016939307001169015,0.5155606002659147,1.0102170467378606,0.40612683780898984,1.0612781244591327,1221.4444444444443,0.875,0.5989583333333334
4,161,0,33.121828333,35.629396667,18/05/2025,43,0.5249909204771321,0.0048146575980420325,0.5150672529466028,1.0276095607265583,0.4089826496610012,3.266207814343077,1224.2222222222222,0.47291666666666665,0.2013888888888889
4,162,0,33.121643333,35.629361667,18/05/2025,43,0.5180669001417052,0.0028565284750300063,0.5150922612723655,1.0081543186098632,0.4021533350840524,2.7178220035626532,1220.888888888889,0.6562500000000001,0.22743055555555558
4,163,1,33.121435,35.629331667,18/05/2025,43,0.5201081606353798,0.0057285063386736884,0.5217536378096711,0.9955556410902068,0.404363328041079,2.9718226336265308,1208.6666666666667,0.5166666666666667,0.28125
4,164,1,33.121225,35.629323333,18/05/2025,43,0.513789919522324,0.005355228993075687,0.5252679498311824,0.9693705287458442,0.40675251138046714,2.1625056054120884,1212.3333333333333,0.7374999999999999,0.35590277777777773
4,165,0,33.12101,35.629296667,18/05/2025,43,0.5000748721889244,0.0035168740099826754,0.5141625658106322,0.9628509350174491,0.3982158561642309,0.7451475706431423,1211.888888888889,0.9270833333333334,0.7526041666666667
4,166,0,33.12082,35.629283333,18/05/2025,43,0.48955326796627513,0.010345399012042365,0.5030114821674458,0.9653218730727057,0.38993518696161344,3.8598278679539817,1238.888888888889,0.4057598039215685,0.14149305555555552
4,167,0,33.120633333,35.62924,18/05/2025,43,0.3655061729836404,0.025509175529563312,0.41783962369082006,0.8840542013083866,0.31203358313147445,5.048533209849189,1300.888888888889,0.23314657983775633,0.1076388888888889
4,168,0,33.120745,35.628881667,18/05/2025,43,0.41958515975910105,0.020089894372441176,0.45281724546573204,0.9215219391309903,0.3409819207133778,4.959147917027244,1249.6666666666667,0.23475678733031677,0.11111111111111112
4,169,0,33.120918333,35.628896667,18/05/2025,43,0.4812840340433851,0.00448639597399397,0.5000123031432956,0.9519935309128549,0.3834717701462102,2.680155966959864,1219.2222222222222,0.5583333333333333,0.29513888888888895
4,170,0,33.121138333,35.628925,18/05/2025,43,0.486399432486853,0.00999852520856341,0.49584048256534075,0.9756767364355885,0.38720830376331655,3.7595589306142547,1223.2222222222222,0.4035539215686274,0.14322916666666666
4,171,0,33.12136,35.62895,18/05/2025,43,0.49897888237312965,0.0026476566255801415,0.5015137885289787,0.9932740344826549,0.39452784455498385,2.078838679766182,1232.4444444444443,0.7708333333333334,0.32812500000000006
4,172,0,33.121566667,35.628965,18/05/2025,43,0.506056096581728,0.009383335622932799,0.5088628254837769,0.9926741443003686,0.40740293955322304,4.81849479359989,1220.3333333333333,0.3503205128205128,0.11197916666666669
4,173,0,33.121733333,35.628995,18/05/2025,43,0.5082315358307884,0.005078354596870883,0.5062152278723457,1.0054296728364696,0.3982474218872528,3.573194012124527,1231.888888888889,0.5249999999999999,0.1519097222222222
4,174,0,33.121926667,35.629025,18/05/2025,43,0.5091087589590112,0.005122989243976543,0.502204932542634,1.0188301547292764,0.3941374335628276,1.9933241319059891,1235.5555555555557,0.7604166666666666,0.2873263888888889
4,175,0,33.122145,35.629051667,18/05/2025,43,0.4979645819104037,0.012511628671579983,0.5005454814628052,0.993478148465683,0.3855529456077613,3.9166315676613377,1207.3333333333333,0.34534313725490196,0.1579861111111111
4,176,0,33.122323333,35.629071667,18/05/2025,43,0.4745411475089367,0.01623970053455564,0.48184473041222353,0.9815484017968151,0.3627949391287679,4.420507230104883,1210.0,0.3152055052790347,0.12239583333333334
4,177,0,33.122548333,35.629096667,18/05/2025,43,0.5056038394232586,0.009420143436618258,0.4986904290760223,1.018898720277933,0.3906107768561864,3.7484004607540484,1220.3333333333333,0.5057598039215685,0.1684027777777778
4,178,0,33.122751667,35.629116667,18/05/2025,43,0.5013731240632087,0.0030592177228750727,0.5081976502383493,0.9819083081303189,0.3906619533336981,2.5743440261990314,1194.111111111111,0.6875,0.24479166666666669
4,179,0,33.122961667,35.629135,18/05/2025,43,0.5082637098638633,0.0042592600039117285,0.5129851082280854,0.9873592774007522,0.3888433642588752,4.003987962506982,1192.888888888889,0.4520833333333333,0.1293402777777778
4,180,0,33.123146667,35.629158333,18/05/2025,43,0.49908987607533795,0.002764885406071019,0.505707631758359,0.9824780504356434,0.37726550092752736,1.6652417584851502,1194.888888888889,0.7708333333333334,0.41145833333333337
4,181,0,33.12335,35.62919,18/05/2025,43,0.4985599567309778,0.005372338116750288,0.5080904164298261,0.974959528580577,0.3840731961658642,2.6009028854846648,1191.6666666666667,0.6541666666666667,0.23350694444444445
4,182,0,33.123555,35.629203333,18/05/2025,43,0.5014603621423751,0.008350666838116845,0.5052758518401439,0.9901292820821251,0.38850777910599227,4.144771951357443,1193.4444444444443,0.3922322775263952,0.12586805555555555
4,183,1,33.123768333,35.629231667,18/05/2025,43,0.4957010307306739,0.008147241454533764,0.5046372891540023,0.9766770105028821,0.3911806055311551,4.186919609405448,1180.5555555555557,0.4120098039215686,0.11892361111111113
4,184,0,33.123971667,35.629255,18/05/2025,43,0.45698827486497545,0.02372696994535624,0.4714445871212185,0.9642713444352032,0.346717161340906,4.663320189106001,1195.5555555555557,0.191504881578411,0.125
4,185,0,33.124065,35.629268333,18/05/2025,43,0.37625845752974585,0.012870132465741022,0.40950303382385755,0.9245031467962492,0.296139260579844,4.5144608760283615,1215.7777777777778,0.3165441176470588,0.11805555555555555
4,186,0,33.124065,35.629268333,18/05/2025,43,0.37625845752974585,0.012870132465741022,0.40950303382385755,0.9245031467962492,0.296139260579844,4.5144608760283615,1215.7777777777778,0.3165441176470588,0.11805555555555555
4,187,0,33.12406,35.628896667,18/05/2025,43,0.3767707036261042,0.022733917480934108,0.4135724320910771,0.9164517013351465,0.293039093229345,5.0485332098491895,1079.6666666666667,0.16703294456786272,0.1076388888888889
4,188,1,33.123853333,35.628881667,18/05/2025,43,0.4864059762566706,0.005266961216988808,0.5017558265165388,0.9603399233812411,0.3815343691694673,3.4758456951388417,1182.3333333333333,0.4979166666666667,0.1953125
4,189,1,33.123678333,35.628858333,18/05/2025,43,0.4903878187967858,0.0042288554448162005,0.4965431488125403,0.9839075536115636,0.37886893337446365,3.499218483597409,1210.888888888889,0.5625,0.1753472222222222
4,190,0,33.12344,35.628828333,18/05/2025,43,0.49804558330443566,0.004706480630609103,0.49882905370144076,0.9979940069374338,0.3864056997532669,3.241677877490844,1223.4444444444443,0.5833333333333333,0.2170138888888889
4,191,0,33.123243333,35.628805,18/05/2025,43,0.497828751635439,0.010297605570316535,0.5116840539165173,0.963535276812387,0.39023265561032655,4.516207814343077,1189.111111111111,0.43370098039215677,0.13020833333333334
4,192,0,33.123063333,35.628776667,18/05/2025,43,0.4987840987691372,0.005786123178172194,0.5036338575762647,0.9872307119874049,0.3894690052283225,3.4420095861313817,1217.0,0.5607843137254902,0.17274305555555558
4,193,0,33.122846667,35.62875,18/05/2025,43,0.494883140147324,0.007718666765813624,0.5023089383111267,0.9804780972801446,0.3874247162939588,3.8401998765158556,1223.111111111111,0.4432598039215686,0.1545138888888889
4,194,0,33.122633333,35.62873,18/05/2025,43,0.49533107540412197,0.0026886744280423635,0.5066248182720451,0.9703813874914435,0.38109775204737156,3.1297949849424147,1204.111111111111,0.6041666666666665,0.18836805555555558
4,195,0,33.122368333,35.62869,18/05/2025,43,0.4726489284211614,0.01178276493763471,0.4850421440077197,0.9685726264720225,0.37008769224807525,4.56063712882641,1231.111111111111,0.38818815987933636,0.11458333333333333
4,196,0,33.12218,35.62867,18/05/2025,43,0.4904657954759626,0.005872215883079687,0.49730666631603637,0.9821525038195573,0.39195216539023836,2.6166778774908437,1234.5555555555557,0.6333333333333333,0.2065972222222222
4,197,0,33.121998333,35.628651667,18/05/2025,43,0.49968846003551576,0.0066399480929663565,0.4986166946177494,1.00288779597646,0.39003333896457415,2.9005960789952034,1247.4444444444443,0.6557598039215685,0.26215277777777773
4,198,0,33.12176,35.628611667,18/05/2025,43,0.4906705069848786,0.0049028102049107946,0.4912335057008379,0.9985566409804759,0.38525028523990235,3.9062640135302216,1244.0,0.41409313725490193,0.15104166666666669
4,199,0,33.121566667,35.628611667,18/05/2025,43,0.49307769019379055,0.011600818847127634,0.49791187630057276,0.9875652486301126,0.3923086560208264,4.017617721195772,1235.4444444444443,0.4202205882352941,0.13368055555555555
4,200,0,33.121375,35.628576667,18/05/2025,43,0.4792157560001898,0.01198363682712531,0.4863755049582632,0.9817720505672125,0.3785409921711017,2.604182000302357,1251.2222222222222,0.6,0.2751736111111111
4,201,0,33.121175,35.628551667,18/05/2025,43,0.47756265519863983,0.006163481746234261,0.4918438470105013,0.9634286194185068,0.38291382099059007,1.9249935493429022,1231.7777777777778,0.7916666666666667,0.3315972222222222
4,202,0,33.12097,35.628531667,18/05/2025,43,0.4757103288487272,0.005908856102943012,0.4864727766805632,0.9723809840839972,0.3809947957624881,3.711433012612021,1243.3333333333333,0.50625,0.15104166666666669
4,203,0,33.120773333,35.6285,18/05/2025,43,0.4017502332272111,0.028796005531235413,0.44849088437933127,0.8924893024309818,0.33052213576847245,4.596251836004467,1244.5555555555557,0.1961611838082426,0.11805555555555555
4,204,0,33.120738333,35.628503333,18/05/2025,43,0.3672188920353166,0.031281547369011974,0.42039547761564744,0.8817795225320032,0.30565758929911885,4.8045851693378,1264.888888888889,0.19348574252986014,0.11111111111111112
4,205,0,33.120793333,35.628145,18/05/2025,43,0.31855128732131727,0.018753968720607608,0.3820822458031534,0.86506788508769,0.27996246729237106,4.663320189106002,883.7777777777778,0.2024467398886453,0.125
4,206,0,33.120991667,35.62817,18/05/2025,43,0.3540689730660285,0.021119650167109063,0.40061870254517934,0.8973634542907702,0.2951554717724045,3.152170691632976,877.3333333333334,0.24782132284079664,0.22395833333333331
4,207,0,33.12121,35.628198333,18/05/2025,43,0.3635269552565234,0.025297577828613367,0.4028228267772158,0.9123049355342795,0.2965254352603426,3.596822633626531,1320.111111111111,0.36801470588235285,0.17708333333333331
4,208,0,33.12141,35.628218333,18/05/2025,43,0.3749253079963722,0.0323231557410138,0.4128205140099852,0.9143873331673661,0.3006209500992572,4.544372148594611,1306.0,0.2141870453115073,0.1267361111111111
4,209,0,33.121623333,35.62824,18/05/2025,43,0.3598873838892575,0.02839829823826931,0.4007199941534336,0.9094474300643,0.28947780033387516,3.4718226336265308,1321.888888888889,0.35535444947209655,0.19444444444444448
4,210,0,33.121816667,35.62826,18/05/2025,43,0.3750721723249779,0.0334878834304636,0.4107155622431256,0.9194488650526483,0.30226323545500056,4.159037234815499,1317.6666666666667,0.20443342097753858,0.15104166666666666
4,211,0,33.122011667,35.628278333,18/05/2025,43,0.3748312723725232,0.03480046941915981,0.4126383843801249,0.9155359878091098,0.3000401826514172,4.223406066166137,1332.6666666666667,0.2612707390648567,0.12586805555555555
4,212,0,33.122216667,35.628316667,18/05/2025,43,0.3808359559060877,0.034299649406400616,0.4058983985442795,0.9434660436798874,0.30520551232695037,3.8571575474056425,1326.7777777777778,0.2835109147609147,0.1701388888888889
4,213,0,33.122491667,35.6284,18/05/2025,43,0.4218356878901873,0.02320336998381249,0.45257464939889414,0.9272280485863281,0.3378496822289195,3.4541722720787553,1273.0,0.2740196078431372,0.19791666666666666
4,214,0,33.122631667,35.628375,18/05/2025,43,0.3707400430608175,0.03256268159172302,0.4161552650383692,0.8988816983340173,0.29457544399540864,4.30196648144045,1296.111111111111,0.21079374057315237,0.13368055555555558
4,215,0,33.122865,35.6284,18/05/2025,43,0.38315820361184977,0.03166484248298812,0.42901211173545434,0.8966166447176014,0.29938910136294294,4.663320189106001,1263.111111111111,0.23495475113122166,0.125
4,216,0,33.123048333,35.628416667,18/05/2025,43,0.3833454665048551,0.030528263823597943,0.4294594394648691,0.8955921992340053,0.3111145321347824,4.603846168850304,1283.7777777777778,0.19180276996453466,0.11458333333333334
4,217,0,33.123256667,35.628438333,18/05/2025,43,0.39867079811564976,0.03533531677009861,0.4423246778684614,0.9001127366387706,0.32534331903884056,5.063314583693911,1254.7777777777778,0.1788622024794908,0.11197916666666669
4,218,1,33.123466667,35.628466667,18/05/2025,43,0.3913584707138045,0.03180374887789708,0.43070577106600005,0.9102525144044059,0.3052575501449741,4.603846168850305,1262.5555555555557,0.19755635726223958,0.11458333333333334
4,219,2,33.123663333,35.62849,18/05/2025,43,0.4045128540541964,0.04116937739681531,0.434014822157363,0.932242660951093,0.3173218184835508,4.846251836004467,1274.111111111111,0.17758626722609555,0.1076388888888889
4,220,0,33.123866667,35.628518333,18/05/2025,43,0.3958753129322232,0.03418000897284406,0.4298560181277247,0.9217616636635219,0.317014678074959,5.084147917027244,1277.3333333333333,0.16417904522997784,0.11111111111111113
4,221,0,33.124073333,35.628548333,18/05/2025,43,0.31657613961318193,0.009250778166336461,0.36916084488380374,0.8876521450417348,0.25231685417004956,3.125840089726753,884.2222222222222,0.4792375696780112,0.21875
5,2,0,33.12394143,35.63256134,23/05/2025,38,0.4881528084493838,0.06146349152614623,0.5404597618718726,0.8705901719698902,0.3666907893567061,4.159037234815499,516.7777777777778,0.1486435957361587,0.15104166666666669
5,3,0,33.12373095,35.632552255,23/05/2025,38,0.5902386276935936,0.06582149007233203,0.6262313988630995,0.9014923910970852,0.4493024609207108,3.857157547405643,751.6666666666666,0.20045852786139173,0.1701388888888889
5,4,1,33.12352722,35.6325246,23/05/2025,38,0.5373454614376497,0.06892855911628139,0.590430739971422,0.8589739672915789,0.41197875738082773,4.959147917027245,768.7777777777778,0.1318121012985794,0.11111111111111112
5,5,0,33.123319267,35.63250203,23/05/2025,38,0.578576545507298,0.07167136973470944,0.6217186415265181,0.8825021399639141,0.45539783154608304,4.596251836004466,756.0,0.1429223823782005,0.11805555555555557
5,6,0,33.123100337,35.632472735,23/05/2025,38,0.5927483502442644,0.07148072033848507,0.6278037481371315,0.905082290256013,0.45599089396005227,5.084147917027245,768.1111111111111,0.06166374261381416,0.11111111111111113
5,7,0,33.122890518,35.632451943,23/05/2025,38,0.5439567197828313,0.07268966169494741,0.5986734792372661,0.8592335820301872,0.4234642136231847,5.048533209849189,783.3333333333334,0.1319841236733096,0.1076388888888889
5,8,0,33.12267752,35.632427623,23/05/2025,38,0.5847604535479953,0.06252912643054713,0.6253982484729146,0.8834180148141526,0.44643207503450516,5.0485332098491895,774.4444444444445,0.1395251710627473,0.10763888888888891
5,9,0,33.122469337,35.632401753,23/05/2025,38,0.5145526873139933,0.06858089135839754,0.5699298624108606,0.8582769908179863,0.3995933928092666,5.048533209849189,821.8888888888889,0.1105665140706883,0.1076388888888889
5,10,0,33.12225662,35.632386898,23/05/2025,38,0.5457314439907441,0.07468859867942221,0.6055249876946086,0.841788814036454,0.41892571725225697,4.846251836004467,792.0,0.0923649252388713,0.1076388888888889
5,11,0,33.122047905,35.63236496,23/05/2025,38,0.5194135405051831,0.0653699948502398,0.5828782752036714,0.8364163807840506,0.4072105254152155,5.048533209849189,797.2222222222222,0.08115788377696595,0.1076388888888889
5,12,0,33.121840683,35.63233741,23/05/2025,38,0.5462997953019957,0.07565901385488955,0.5923303989825348,0.877790426264747,0.41529865259109533,4.840199876515856,792.4444444444445,0.09984036535402428,0.11458333333333334
5,13,0,33.121621448,35.632316883,23/05/2025,38,0.49827505344716605,0.05119075793244267,0.5703287061170704,0.8186441131178342,0.39297682033022197,4.454986855772667,789.5555555555555,0.1641623637781602,0.13194444444444445
5,14,0,33.121407742,35.632276483,23/05/2025,38,0.5306951955571706,0.06817261867878155,0.5905270698843013,0.8436697308270154,0.4061117654955539,4.596251836004467,807.6666666666666,0.17282491393592647,0.11805555555555555
5,15,0,33.121188762,35.632252318,23/05/2025,38,0.5423793504701397,0.06495384885399832,0.5968131772158802,0.852273415375578,0.41897265426666264,4.8401998765158565,802.2222222222222,0.13532973873784226,0.11458333333333334
5,16,0,33.120976523,35.632233422,23/05/2025,38,0.49069767905310246,0.060722544241809284,0.5563298202481038,0.8350894685981668,0.3776076928995848,5.0485332098491895,830.1111111111111,0.14278338324946815,0.10763888888888891
5,17,0,33.120759383,35.632200658,23/05/2025,38,0.5229067390256842,0.07768222511605712,0.5912889897609543,0.8257691850232786,0.41169261366785254,5.048533209849189,783.6666666666666,0.13878999750155063,0.1076388888888889
5,18,0,33.120553338,35.632176323,23/05/2025,38,0.49324795772277,0.055369307159490684,0.5668106621546963,0.8163701524943338,0.38624347868139164,5.0485332098491895,786.1111111111111,0.1254359009867005,0.10763888888888891
5,19,0,33.120424495,35.631815497,23/05/2025,38,0.6565393576549485,0.02864986549722997,0.6686739951594962,0.9597079186873559,0.5064737768423454,3.9166315676613377,516.4444444444445,0.14649176475835793,0.15798611111111113
5,20,0,33.12063312,35.63184115,23/05/2025,38,0.7865200123181596,0.0020980218567562266,0.744668152303957,1.2248119812662106,0.5848928055077013,4.045654629173648,727.4444444444445,0.3085312971342383,0.12586805555555555
5,21,0,33.120844758,35.631866457,23/05/2025,38,0.7733487800033428,0.004872169945935402,0.7357793720993324,1.1916237302161108,0.5707961400376903,1.4353074058019708,744.5555555555555,0.84375,0.4887152777777778
5,22,0,33.12105556,35.631890545,23/05/2025,38,0.7799795078603415,0.005877021291641941,0.7371522820376476,1.2250259801730636,0.5861920378209852,3.152170691632976,753.0,0.5729166666666666,0.22395833333333331
5,23,0,33.121266037,35.63191517,23/05/2025,38,0.7809955257122987,0.005909582903239138,0.74750976783712,1.175531207080242,0.5916295314957981,4.818494793599889,734.2222222222222,0.2567684766214178,0.11197916666666669
5,24,0,33.121463333,35.63195,23/05/2025,38,0.7838382670754713,0.006165344616152032,0.7436327468497846,1.2141407484289928,0.5808756192186518,4.147667065678643,736.4444444444445,0.35436463046757166,0.1362847222222222
5,25,0,33.121671667,35.631956667,23/05/2025,38,0.7826700867544311,0.003833454272045961,0.7476810943499854,1.1845673013616616,0.5886193867458706,2.8411220587395083,731.7777777777778,0.6270833333333334,0.1840277777777778
5,26,0,33.121893333,35.631988333,23/05/2025,38,0.7774943497082794,0.0031436586143410565,0.7469635766746293,1.1572011020053556,0.5907709470522433,4.473406066166138,729.8888888888889,0.35073198198198197,0.1154513888888889
5,27,0,33.122096667,35.632008333,23/05/2025,38,0.7498743815893222,0.01176633254935514,0.7267884028016991,1.1080670421935548,0.5623020748117165,4.434153522439333,748.0,0.26122584688761163,0.1328125
5,28,0,33.122298333,35.63204,23/05/2025,38,0.7662688007949296,0.003574350016625804,0.7363450707293652,1.1477363854943112,0.5670831246178228,4.312907291846956,737.6666666666666,0.3701263197586727,0.14930555555555555
5,29,0,33.122501667,35.632048333,23/05/2025,38,0.7703365871859611,0.0052996468128636365,0.7434161013071598,1.1348050773168985,0.5710038618993578,5.084147917027246,709.5555555555555,0.15555857521244895,0.11111111111111112
5,30,0,33.122681667,35.632066667,23/05/2025,38,0.7807002292362705,0.004839908305836716,0.7416237873288778,1.204897745369619,0.5932185448388941,3.6924905775127206,722.6666666666666,0.42708333333333337,0.1449652777777778
5,31,0,33.122905,35.632093333,23/05/2025,38,0.7793354080518132,0.0036919352121300847,0.7413452042983963,1.1978719238109141,0.5866888527104287,2.078838679766182,719.3333333333334,0.7708333333333333,0.359375
5,32,0,33.123113333,35.632125,23/05/2025,38,0.7822223549696187,0.0028333351958776554,0.7510371211824087,1.1637850447627698,0.5796827501699848,1.9918457753075751,687.7777777777778,0.7291666666666666,0.3142361111111111
5,33,0,33.123311667,35.632153333,23/05/2025,38,0.7860246408795617,0.008585110379862157,0.7484409502020093,1.2025814787800195,0.5972031714911776,4.431739399499471,695.7777777777778,0.37230392156862746,0.11892361111111112
5,34,1,33.123515,35.632185,23/05/2025,38,0.7928280771340718,0.004076653275734097,0.7504077334657463,1.234318545249352,0.5881208983725962,2.725560296327809,700.2222222222222,0.6395833333333334,0.25347222222222227
5,35,1,33.123715,35.632198333,23/05/2025,38,0.7796226471393519,0.004314848527614987,0.739783887622521,1.2081021468964372,0.5813896934924946,3.8993403044589767,702.4444444444445,0.4724264705882353,0.1527777777777778
5,36,0,33.123926667,35.632235,23/05/2025,38,0.5771870352379516,0.046624337244241545,0.6127236487057873,0.9000646820948499,0.4557913452337744,4.8401998765158565,761.8888888888889,0.15927061614305033,0.11458333333333334
5,37,0,33.123941667,35.632231667,23/05/2025,38,0.5771870352379516,0.046624337244241545,0.6127236487057873,0.9000646820948499,0.4557913452337744,4.8401998765158565,761.8888888888889,0.15927061614305033,0.11458333333333334
5,38,0,33.123938333,35.631851667,23/05/2025,38,0.5369817694886125,0.04497660816715167,0.5833661990949746,0.8762114660913339,0.4163754305609379,4.681127542695029,807.3333333333334,0.15175801403202968,0.11458333333333334
5,39,0,33.123708333,35.631828333,23/05/2025,38,0.7807365591561577,0.003824466421285413,0.7383580242865417,1.2223965467360547,0.5824577686670561,4.168964856747655,729.2222222222222,0.5104166666666666,0.15885416666666669
5,40,2,33.123495,35.631791667,23/05/2025,38,0.7892318821489436,0.00608604534289056,0.7545761800201113,1.187844545144593,0.6063508335870447,3.1633456951388412,711.3333333333334,0.59375,0.20486111111111113
5,41,0,33.123288333,35.631761667,23/05/2025,38,0.7974580630523377,0.0032670095891354127,0.759826183095774,1.2113894366620421,0.603682628973577,4.2403416701725325,709.3333333333334,0.3777055052790346,0.12934027777777776
5,42,0,33.123103333,35.631753333,23/05/2025,38,0.7817447972276236,0.0021927782011132192,0.7492148894808827,1.1705693171273241,0.582291145551173,3.5948990950404944,718.4444444444445,0.5208333333333334,0.16666666666666669
5,43,0,33.122895,35.631733333,23/05/2025,38,0.7744606320642075,0.003491336590211319,0.740061003740817,1.175579429292734,0.5835774673373968,3.92568744001086,728.6666666666666,0.4566176470588236,0.14149305555555555
5,44,0,33.122693333,35.631701667,23/05/2025,38,0.771241806281377,0.005422074603385131,0.7395130204523939,1.159594382369776,0.5813579319418053,3.906264013530221,724.6666666666666,0.34459332069626186,0.15104166666666669
5,45,0,33.122473333,35.63168,23/05/2025,38,0.7701524153095518,0.002939180611959036,0.7402150313140675,1.1497051793784292,0.5822972697155054,3.7484004607540493,723.8888888888889,0.45992647058823527,0.1684027777777778
5,46,0,33.122265,35.63166,23/05/2025,38,0.7496537008919065,0.008921357551320126,0.7259805565956268,1.1100738889284552,0.5600598565889345,4.840199876515855,748.4444444444445,0.21715864620276387,0.11458333333333334
5,47,0,33.122058333,35.631625,23/05/2025,38,0.7625572407145853,0.003977495927212623,0.7317767245112355,1.1499878442205995,0.5690479130213799,3.004378720708277,760.2222222222222,0.6182598039215685,0.2543402777777778
5,48,0,33.121858333,35.631596667,23/05/2025,38,0.7773787246816384,0.005441773182703137,0.7389044076468472,1.1993514272405434,0.5703447369568161,3.4754865967934268,758.6666666666666,0.43432315233785823,0.16753472222222224
5,49,0,33.12163,35.631571667,23/05/2025,38,0.777848697906604,0.0028955032982117095,0.7457050851806092,1.1658695620621213,0.5796767083103606,5.0485332098491895,737.5555555555555,0.2441765521177286,0.1076388888888889
5,50,0,33.121425,35.631556667,23/05/2025,38,0.7736539016438969,0.0026056599811990462,0.7443045709952115,1.1490050140266705,0.5781259196874076,4.276420835086265,738.5555555555555,0.43700980392156863,0.1371527777777778
5,51,0,33.12121,35.631541667,23/05/2025,38,0.7709710280951982,0.0032810488960577935,0.7428978876094312,1.1409886917468628,0.5873947635981143,3.850560296327809,747.1111111111111,0.40208333333333335,0.14930555555555555
5,52,0,33.121005,35.631506667,23/05/2025,38,0.7551472436373099,0.0031042235891009257,0.7283796154128939,1.1268048386750606,0.5681591517207564,2.8858414111932924,765.4444444444445,0.6375000000000001,0.20659722222222224
5,53,0,33.120813333,35.631475,23/05/2025,38,0.760630137259508,0.0028709525787416405,0.728939747572594,1.1531818709185797,0.5713229973259648,4.188461982762677,765.5555555555555,0.3535539215686274,0.13802083333333334
5,54,0,33.120596667,35.631453333,23/05/2025,38,0.7482760628664785,0.0065801453292021386,0.7208184696239204,1.1270868226761863,0.570366984236487,3.944366543182522,755.3333333333334,0.39431561085972855,0.1328125
5,55,0,33.12044,35.63143,23/05/2025,38,0.5921866877065316,0.03680353765785361,0.6358044490175918,0.8718341057544746,0.47632873685134314,4.4193721485946105,531.8888888888889,0.17821004640634253,0.12847222222222224
5,56,0,33.120466667,35.63116,23/05/2025,38,0.5454108649018732,0.06086286741377071,0.5917504536717523,0.8742787362984974,0.4197602726141994,5.292481250360577,846.1111111111111,0.07861390351249843,0.10416666666666669
5,57,0,33.120678333,35.63118,23/05/2025,38,0.7305238021353389,0.008138355103198382,0.7095626317205682,1.092045099379976,0.5430621682371435,5.048533209849189,791.2222222222222,0.2398351065998125,0.1076388888888889
5,58,0,33.12088,35.631201667,23/05/2025,38,0.7286637006397952,0.009228808099869404,0.714006282150742,1.0636942268454421,0.5586968437889891,5.0485332098491895,790.7777777777778,0.26719890139007785,0.10763888888888891
5,59,0,33.121095,35.631228333,23/05/2025,38,0.7296163105221126,0.010700858504237552,0.7107704434867911,1.0825975662221663,0.5505779046676046,4.41963548052225,795.2222222222222,0.3042986425339366,0.11892361111111112
5,60,0,33.1213,35.63126,23/05/2025,38,0.7392922077477881,0.0074028462540537835,0.7108033559844849,1.1277509019781584,0.5533022580903558,4.377968813855583,807.5555555555555,0.3542986425339366,0.12239583333333334
5,61,0,33.121505,35.631283333,23/05/2025,38,0.7401606202509389,0.010528337795929333,0.7214644575893898,1.0846865005659032,0.5656212443719207,3.9364386180241095,782.5555555555555,0.39203431372549025,0.15538194444444442
5,62,0,33.121713333,35.631296667,23/05/2025,38,0.7480732441774438,0.011933606393565966,0.718024391630657,1.1397341192235853,0.5501888238290431,4.22843887700335,796.6666666666666,0.22098283804166155,0.13802083333333334
5,63,0,33.121926667,35.631331667,23/05/2025,38,0.7530444268089574,0.008035404713421488,0.7269818585271507,1.1228943573077474,0.5674239443743413,4.596251836004467,770.1111111111111,0.29639894419306184,0.11805555555555555
5,64,0,33.12214,35.631348333,23/05/2025,38,0.6967887518422811,0.02599407103387934,0.6954155795144678,1.0083662015053827,0.5199890591380786,5.0485332098491895,783.0,0.11892309481979497,0.10763888888888891
5,65,1,33.122338333,35.631373333,23/05/2025,38,0.7437736900150929,0.008705654325759473,0.7200268486703465,1.1086016112182897,0.557492627663448,4.5320083368391995,758.2222222222222,0.31361038074273373,0.11545138888888891
5,66,0,33.122535,35.631401667,23/05/2025,38,0.7478347827495424,0.007775707956938433,0.7251781698669839,1.1048511471393787,0.5731592746686635,4.134428065191149,759.2222222222222,0.27608587093881215,0.13541666666666669
5,67,0,33.122753333,35.631431667,23/05/2025,38,0.74018791656106,0.012429697209583698,0.71881607855213,1.097902662425092,0.5571604577910588,5.0901998765158565,758.5555555555555,0.1828543475602299,0.10416666666666669
5,68,0,33.122943333,35.631456667,23/05/2025,38,0.7357656953734582,0.008498283630913891,0.7157930896647418,1.08918549995255,0.5619801259209108,4.017617721195772,764.1111111111111,0.4005901206636501,0.13368055555555555
5,69,0,33.12316,35.631473333,23/05/2025,38,0.7383097187911393,0.00906108363333109,0.7210885405001529,1.0774026858148076,0.5597967686745675,3.5999739455562074,744.2222222222222,0.39358974358974363,0.1449652777777778
5,70,1,33.12336,35.6315,23/05/2025,38,0.752243551515235,0.004443231011637574,0.7254857675595449,1.1254236097841477,0.5634572649187187,3.4995576091477156,736.7777777777778,0.44534313725490193,0.16927083333333334
5,71,2,33.12357,35.631521667,23/05/2025,38,0.7683315032934717,0.011880123084791493,0.7383230085193382,1.150470869868807,0.5792455729035962,4.804585169337801,715.0,0.2804769984917044,0.11111111111111112
5,72,1,33.123766667,35.631543333,23/05/2025,38,0.7468449914575614,0.014784332441839368,0.7249163786632066,1.1037659242984692,0.5655160101237751,3.7212518360044657,724.4444444444445,0.3951263197586727,0.2013888888888889
5,73,0,33.12396,35.63157,23/05/2025,38,0.4624703122175139,0.046690670609086375,0.5294579714349914,0.839101683195485,0.3753776048349499,4.846251836004466,854.6666666666666,0.17230518925282196,0.1076388888888889
5,74,0,33.12397,35.631101667,23/05/2025,38,0.48773432311036363,0.04223000653329519,0.5359351684302591,0.8790123775445094,0.37033603535204723,4.433746230592377,848.1111111111111,0.29411056418409354,0.13020833333333334
5,75,0,33.123761667,35.631083333,23/05/2025,38,0.7764653555233191,0.010907611384504712,0.7372023313289656,1.2034748015721568,0.579085776399973,4.5443721485946105,720.4444444444445,0.26429400554400556,0.1267361111111111
5,76,0,33.12354,35.631048333,23/05/2025,38,0.7881249018070636,0.005757904256520827,0.7474911604001789,1.220264728870325,0.5945939351706815,3.8308620445047485,721.2222222222222,0.41569570135746603,0.1371527777777778
5,77,0,33.12332,35.631038333,23/05/2025,38,0.7797085552288361,0.005946727798881948,0.7438203978101359,1.1876968587357115,0.5817484620302741,4.317359712089617,719.6666666666666,0.3328431372549019,0.1267361111111111
5,78,0,33.123115,35.631001667,23/05/2025,38,0.7740450049871487,0.00516673139276929,0.739950678180132,1.1741363952405581,0.5832666606825909,3.390129898721527,724.7777777777778,0.54375,0.1814236111111111
5,79,0,33.122913333,35.630978333,23/05/2025,38,0.7754257577049769,0.005735820539240784,0.748019808597876,1.1401919429134315,0.5814036829944756,4.391207814343077,713.0,0.43995098039215685,0.13020833333333334
5,80,0,33.122696667,35.630958333,23/05/2025,38,0.7851644456626875,0.005208394517683713,0.7517125752819853,1.1786818413271094,0.5877015397776952,3.659447965811903,725.4444444444445,0.4890931372549019,0.1484375
5,81,1,33.122505,35.630931667,23/05/2025,38,0.8012827012349266,0.006333799380049162,0.753577688290513,1.274756670788141,0.6003537712152862,4.0684210940655055,727.5555555555555,0.2599323814764991,0.13020833333333334
5,82,0,33.122313333,35.630918333,23/05/2025,38,0.7955937663989838,0.008462838761867927,0.7502043656331103,1.2560473655427722,0.6008321769943189,3.1380647036667964,733.8888888888889,0.65,0.21180555555555555
5,83,0,33.122081667,35.630858333,23/05/2025,38,0.8102935198981558,0.006638060089724751,0.7578869357622628,1.3156225910119663,0.5997199848362089,3.6654744192676714,730.2222222222222,0.3029411764705882,0.15017361111111113
5,84,1,33.121876667,35.63085,23/05/2025,38,0.8068875786413525,0.002062260607121122,0.7644115744627759,1.249715421312931,0.5970558252820637,3.946985231079872,709.2222222222222,0.40232843137254903,0.1328125
5,85,3,33.12168,35.630828333,23/05/2025,38,0.8089613862109248,0.004788379119031482,0.7631409999385184,1.2725053141344302,0.6014439773716554,3.8168787207082775,715.1111111111111,0.35864064856711914,0.1371527777777778
5,86,2,33.121455,35.630788333,23/05/2025,38,0.8046822996814644,0.010278984364710014,0.7562877523751096,1.285011507729252,0.5956179524865565,3.8998047621946546,718.7777777777778,0.4854166666666666,0.1328125
5,87,3,33.121315,35.63078,23/05/2025,38,0.7966724934159323,0.0050039005737674315,0.7510217922127743,1.2571342441274038,0.5883403140862044,3.43403162940341,721.8888888888889,0.40225357710651827,0.1657986111111111
5,88,3,33.12107,35.630768333,23/05/2025,38,0.788588904524273,0.0033930098755034725,0.7507968120747022,1.2043855202554292,0.5839372120774635,3.7604306801968876,721.4444444444445,0.47120098039215685,0.1362847222222222
5,89,2,33.120945,35.630735,23/05/2025,38,0.7816536790541142,0.006513684042819443,0.7453029930580706,1.191175910767682,0.58020078255427,4.456733794087382,729.5555555555555,0.2971342383107089,0.1267361111111111
5,90,0,33.120746667,35.63069,23/05/2025,38,0.7818396102828111,0.0052898265498573455,0.7420986041638012,1.209404437164991,0.5784095155340294,4.5443721485946105,743.8888888888889,0.2872421629774571,0.1267361111111111
5,91,0,33.120521667,35.630671667,23/05/2025,38,0.5962999860175632,0.06270821276213438,0.638395857651298,0.8796999943595701,0.45760282470228764,4.8401998765158565,810.6666666666666,0.15222349795422452,0.11458333333333334
5,92,0,33.120516667,35.630675,23/05/2025,38,0.5214447995623723,0.06508077925780242,0.5872482340171422,0.829030359731429,0.40719082373232585,4.681127542695029,841.6666666666666,0.1515113428481322,0.11458333333333334
5,93,0,33.12057,35.630325,23/05/2025,38,0.5732284344423445,0.06731726249035962,0.6229381183316121,0.8627104605642982,0.4482810824108355,5.0485332098491895,842.7777777777778,0.07419895022203143,0.10763888888888891
5,94,1,33.12077,35.630348333,23/05/2025,38,0.7793858993327487,0.005192105362301477,0.7411922624482162,1.1994209753348224,0.5851377501387769,2.6358147051504806,746.6666666666666,0.59375,0.2387152777777777
5,95,1,33.120993333,35.630381667,23/05/2025,38,0.7906152842600016,0.004098889433848797,0.7504696621174296,1.2194554254422842,0.5895136623485753,2.929905667154161,718.5555555555555,0.58125,0.1935763888888889
5,96,0,33.121196667,35.630408333,23/05/2025,38,0.8053052476863127,0.00352599980964286,0.760921671156116,1.2591057800156553,0.6045522253204534,3.944366543182522,711.0,0.4854166666666667,0.1328125
5,97,2,33.121416667,35.630418333,23/05/2025,38,0.7970901138897195,0.008415864060174435,0.7542285364692438,1.2439590888930487,0.6022845661935395,3.32064902376156,722.2222222222222,0.5770833333333334,0.16145833333333334
5,98,2,33.121633333,35.630451667,23/05/2025,38,0.8078905425962377,0.0035560741572320544,0.7583112007444665,1.2937039747414314,0.5961030700414094,4.015336064760443,715.7777777777778,0.4895833333333333,0.1440972222222222
5,99,2,33.121831667,35.63048,23/05/2025,38,0.8075600278434043,0.004934406545734726,0.7558310739874494,1.3064094895801321,0.6026064202195924,4.619239399499472,726.5555555555555,0.2743495475113122,0.1076388888888889
5,100,1,33.12207,35.6305,23/05/2025,38,0.798621507646244,0.003816923430521622,0.7552117967807688,1.2461356979650602,0.6004541913938204,4.532008336839199,725.8888888888889,0.3184149647384941,0.11545138888888891
5,101,1,33.122296667,35.630585,23/05/2025,38,0.7724004977628729,0.013304004484631898,0.7434367286361314,1.1476446475466955,0.577526821227862,4.854981250360577,738.7777777777778,0.2947321756145285,0.11892361111111113
5,102,1,33.122506667,35.630565,23/05/2025,38,0.808629704674374,0.006460938558771466,0.763266191318267,1.2694797974575454,0.6029410771434166,4.146996441904049,717.0,0.296282509885451,0.11892361111111112
5,103,1,33.122725,35.63059,23/05/2025,38,0.7994744024067527,0.0052877060079192335,0.7537229468857047,1.2609878331957671,0.6024967781650765,3.2385981710072644,724.6666666666666,0.5837009803921569,0.1831597222222222
5,104,0,33.122943333,35.630615,23/05/2025,38,0.7887976703514302,0.0035941880059206584,0.7481712023820752,1.220130324485009,0.5816021458945075,3.760430680196888,724.0,0.37230392156862746,0.1362847222222222
5,105,0,33.123168333,35.630635,23/05/2025,38,0.7795188905879336,0.006518082582515566,0.7449119610899214,1.1812089526161158,0.5937397213214848,1.9933241319059891,729.1111111111111,0.7604166666666666,0.2873263888888889
5,106,0,33.123375,35.630655,23/05/2025,38,0.7772317533334768,0.006626318917244473,0.7418442797187283,1.1834938246260995,0.5865993438162482,4.007885691833922,724.2222222222222,0.37083333333333335,0.1267361111111111
5,107,1,33.12358,35.630683333,23/05/2025,38,0.7749248286175496,0.004317757998570292,0.7454925193484667,1.1501929533111435,0.5852252333989238,3.7122849987618847,716.8888888888889,0.49166666666666664,0.16927083333333334
5,108,2,33.12379,35.630711667,23/05/2025,38,0.777070046339651,0.004260556741547502,0.7393241713186051,1.1949976382650882,0.581973900190241,4.3865657617071605,730.7777777777778,0.34843514328808445,0.13020833333333334
5,109,0,33.12398,35.630726667,23/05/2025,38,0.5236239541002242,0.044007614684378166,0.5607907228752409,0.9024555758645109,0.39217608575057533,5.063314583693911,836.0,0.2154851004851005,0.11197916666666669
5,110,0,33.123981667,35.63073,23/05/2025,38,0.48667474905164415,0.025234457178529034,0.5425786885901384,0.8603100994708961,0.37389177430816906,4.231000399011977,848.1111111111111,0.3293269230769231,0.12239583333333334
5,111,0,33.123981667,35.630383333,23/05/2025,38,0.5610616529144593,0.05554031744928168,0.5867079504741989,0.9301847245460437,0.41419397594864754,4.294372148594611,815.8888888888889,0.19608285909983775,0.1371527777777778
5,112,1,33.123775,35.630358333,23/05/2025,38,0.7735197801382407,0.0029714984593784276,0.7354869707744258,1.1934745185008302,0.5814203360793053,4.437179502183639,738.3333333333334,0.4011029411764706,0.13368055555555558
5,113,1,33.123573333,35.630345,23/05/2025,38,0.776505357352353,0.0058618271057739755,0.7447276059948692,1.1636671468505844,0.5756451665729138,3.632417465697554,719.8888888888889,0.407843137254902,0.1484375
5,114,0,33.123361667,35.6303,23/05/2025,38,0.7765856949892406,0.0014944002039118556,0.7410467378146911,1.1829187473336882,0.5805167645363664,3.6054140482403754,734.2222222222222,0.5020833333333332,0.1701388888888889
5,115,0,33.123165,35.630278333,23/05/2025,38,0.7729564634905404,0.004185975042656872,0.7405863208301933,1.1639287164141012,0.5783997768565897,4.045654629173649,736.0,0.3913838612368024,0.12586805555555555
5,116,0,33.123165,35.630278333,23/05/2025,38,0.7729564634905404,0.004185975042656872,0.7405863208301933,1.1639287164141012,0.5783997768565897,4.045654629173649,736.0,0.3913838612368024,0.12586805555555555
5,117,0,33.122941667,35.630253333,23/05/2025,38,0.7903633303732379,0.0038739861765365903,0.7494851693613812,1.2230167271917787,0.5954062270992684,4.568494793599888,729.5555555555555,0.35110294117647056,0.12239583333333334
5,118,0,33.122736667,35.630225,23/05/2025,38,0.8074440004714707,0.004818968832825786,0.7591099354101909,1.2859935864603704,0.6032209040949044,4.29437214859461,729.3333333333334,0.27323717948717946,0.1371527777777778
5,119,1,33.122551667,35.630196667,23/05/2025,38,0.8001180391560497,0.00514797801252432,0.7518090987828795,1.2762361747100421,0.5930221825721103,3.548680608917954,735.5555555555555,0.5040441176470588,0.18055555555555555
5,120,2,33.122345,35.63018,23/05/2025,38,0.7896009083965728,0.009223375492828013,0.7505485188996392,1.213628483380371,0.5946311708373901,4.347534316583504,728.2222222222222,0.34742647058823534,0.12239583333333334
5,121,2,33.122125,35.630151667,23/05/2025,38,0.7993837989900887,0.0027049972530446167,0.7518057172270937,1.270772868420422,0.5820338116134752,3.4541722720787553,723.1111111111111,0.2661914963744232,0.19791666666666669
5,122,2,33.121891667,35.630136667,23/05/2025,38,0.8056155821086585,0.0055860783881944475,0.7597002207941715,1.2692652481620472,0.5996781255574172,4.8045851693378,714.1111111111111,0.2958188108923403,0.11111111111111113
5,123,2,33.121891667,35.630136667,23/05/2025,38,0.8056155821086585,0.0055860783881944475,0.7597002207941715,1.2692652481620472,0.5996781255574172,4.8045851693378,714.1111111111111,0.2958188108923403,0.11111111111111113
5,124,3,33.12169,35.630106667,23/05/2025,38,0.8030612681229856,0.004862509936748666,0.75949514501771,1.2519674171450383,0.5938088758829045,3.3558785059760536,710.0,0.42708333333333337,0.18489583333333334
5,125,2,33.121491667,35.630096667,23/05/2025,38,0.8048353534821764,0.006508666404692088,0.7568463473246339,1.2807538499330287,0.5951518905950343,3.496393629661142,721.0,0.5239202437731849,0.18489583333333331
5,126,1,33.121263333,35.630063333,23/05/2025,38,0.8032743689794836,0.004504805729057214,0.7596938067178323,1.2517069735314632,0.5945880343016374,4.361440501696143,706.2222222222222,0.2042420814479638,0.12152777777777779
5,127,1,33.121073333,35.630033333,23/05/2025,38,0.8074354260056693,0.0029272336687592316,0.7583888966513793,1.2900775440668102,0.5957984172667553,3.271388024249054,726.5555555555555,0.5916666666666667,0.2152777777777778
5,128,0,33.120841667,35.630011667,23/05/2025,38,0.7967102934342282,0.006004193090913716,0.7550043583256032,1.2348187805209896,0.5937802021333098,4.050687440010861,739.2222222222222,0.26053544494720965,0.1328125
5,129,0,33.120626667,35.629968333,23/05/2025,38,0.6606738717687152,0.05563701241731691,0.6690076143826766,0.9842713090644565,0.5003389859625833,4.5443721485946105,806.7777777777778,0.14808641666147115,0.1267361111111111
5,130,0,33.120568333,35.629966667,23/05/2025,38,0.501260834409273,0.07096154573928351,0.5744322726227471,0.8161107771901048,0.3878944715092749,4.5443721485946105,861.0,0.13160585971360692,0.1267361111111111
5,131,0,33.120631667,35.629596667,23/05/2025,38,0.5881317590922834,0.0824832538977499,0.6240062160293506,0.9028333934316676,0.4512808976186832,4.846251836004468,808.0,0.09589412302478917,0.1076388888888889
5,132,0,33.120846667,35.629625,23/05/2025,38,0.8140211375356343,0.0049505661900265,0.7633179597451449,1.3107017542027646,0.6013426510435478,3.3858533076164026,713.6666666666666,0.61875,0.19010416666666669
5,133,1,33.121073333,35.629663333,23/05/2025,38,0.813583467037776,0.003942378576617683,0.7697521472354634,1.2662817634200816,0.6084632688264017,4.050222982275182,691.1111111111111,0.4229166666666667,0.13368055555555558
5,134,1,33.121263333,35.629696667,23/05/2025,38,0.8181021226363299,0.005369784867738389,0.7660820041505342,1.3244726142495948,0.6021528930263472,4.403501365713556,696.1111111111111,0.36265082956259426,0.13368055555555555
5,135,1,33.121465,35.629713333,23/05/2025,38,0.8179228393458103,0.004533221661532857,0.7718456775160168,1.2864653734028648,0.6083102721635139,3.608355754981688,683.5555555555555,0.47916666666666663,0.1388888888888889
5,136,2,33.12168,35.629751667,23/05/2025,38,0.8213602143113428,0.0061168197674351735,0.7680685556011924,1.3384457495595081,0.6166904158526747,4.159037234815498,694.3333333333334,0.24125234397293221,0.15104166666666666
5,137,1,33.121893333,35.629761667,23/05/2025,38,0.8181586559468971,0.003890501882844701,0.7699682206016297,1.2995821151839682,0.6054981761866624,5.090199876515856,698.8888888888889,0.12652184990420284,0.10416666666666669
5,138,1,33.122156667,35.629793333,23/05/2025,38,0.8036810101444543,0.0084956087697878,0.7597715259957449,1.255730338383139,0.6019480701012535,4.804585169337799,715.2222222222222,0.3061274509803922,0.11111111111111112
5,139,1,33.12238,35.629821667,23/05/2025,38,0.8025987998618719,0.0021740746168927515,0.7627459850701691,1.22941206153725,0.6005835265044064,3.921526378756282,698.7777777777778,0.4625000000000001,0.1449652777777778
5,140,0,33.12257,35.629838333,23/05/2025,38,0.8186226152593679,0.004615235092935768,0.7671369424192196,1.321747332227802,0.6085122458816875,4.159037234815498,710.6666666666666,0.3747171945701357,0.15104166666666669
5,141,0,33.12278,35.629871667,23/05/2025,38,0.8171443996200576,0.0060166503344710855,0.7664773316527366,1.315036897462468,0.6023206382827118,3.808021880078509,711.8888888888889,0.5604166666666667,0.14930555555555558
5,142,1,33.122971667,35.62989,23/05/2025,38,0.7990124944392435,0.0028745114732027354,0.7557534266783502,1.2453715663034266,0.5943972629424241,3.2174240378112207,717.2222222222222,0.5436274509803921,0.1840277777777778
5,143,0,33.123196667,35.629915,23/05/2025,38,0.7838766632160602,0.0022458942763446815,0.7441449469660879,1.2109506781504817,0.58721003113576,3.886434896284056,721.3333333333334,0.47291666666666676,0.15538194444444445
5,144,1,33.123388333,35.629938333,23/05/2025,38,0.7836409682011132,0.003170722789227981,0.7540536804495938,1.1562925917886329,0.591382513863693,3.8688639768707342,698.0,0.3595417532917533,0.1449652777777778
5,145,0,33.123576667,35.629958333,23/05/2025,38,0.7775337533948007,0.009314850947970037,0.741993090725257,1.1849430749130396,0.588244048339444,4.430386658535499,715.7777777777778,0.1984601116954058,0.11892361111111112
5,146,0,33.123581667,35.629956667,23/05/2025,38,0.7775337533948007,0.009314850947970037,0.741993090725257,1.1849430749130396,0.588244048339444,4.430386658535499,715.7777777777778,0.1984601116954058,0.11892361111111112
5,147,2,33.123781667,35.629968333,23/05/2025,38,0.7705273635966949,0.0064509924930704395,0.7420630660608264,1.1433922969414871,0.5844900582622715,3.671404485720359,703.3333333333334,0.4979166666666668,0.1623263888888889
5,148,0,33.123996667,35.630008333,23/05/2025,38,0.5665636421082306,0.05273279786356816,0.5839758201307813,0.9532173606124944,0.40480757321455463,4.846251836004468,795.2222222222222,0.22435997392593304,0.1076388888888889
5,149,0,33.124011667,35.630023333,23/05/2025,38,0.5665636421082306,0.05273279786356816,0.5839758201307813,0.9532173606124944,0.40480757321455463,4.846251836004468,795.2222222222222,0.22435997392593304,0.1076388888888889
5,150,0,33.124035,35.629631667,23/05/2025,38,0.5327585591279155,0.045258273346519745,0.5634777701732782,0.9216665736698856,0.39607862458208537,3.45842909975111,814.7777777777778,0.4028525641025641,0.1623263888888889
5,151,0,33.123895,35.629618333,23/05/2025,38,0.7552723147748412,0.007903080678860678,0.7257472716383154,1.1397931854908496,0.5643723787707703,4.802694271103769,712.2222222222222,0.2529863234274999,0.1267361111111111
5,152,0,33.123688333,35.629601667,23/05/2025,38,0.7710149268493752,0.007981287017852617,0.7494446397315393,1.1084218231699925,0.5924569112807211,5.0485332098491895,694.4444444444445,0.258713358955468,0.1076388888888889
5,153,0,33.1235,35.62959,23/05/2025,38,0.7650579948332132,0.00855667794226843,0.7373306342021001,1.1365314406028735,0.5752224880827983,4.86103320984919,698.7777777777778,0.24931749622926092,0.11197916666666669
5,154,0,33.123311667,35.629551667,23/05/2025,38,0.7669470720680733,0.004478009722400228,0.7394524593504457,1.1359533377334978,0.5864235898467907,3.1521706916329766,703.8888888888889,0.4645833333333333,0.22395833333333331
5,155,0,33.123088333,35.629536667,23/05/2025,38,0.7761406041650416,0.012684959954929242,0.7404221674955391,1.1861646171099707,0.5769743048770135,4.61923939949947,709.1111111111111,0.1979001569442746,0.1076388888888889
5,156,0,33.122883333,35.629498333,23/05/2025,38,0.788225322431081,0.004068059792527339,0.7495701338424059,1.2089721870610513,0.5933690677362082,2.8061881477331987,705.6666666666666,0.49583333333333335,0.2170138888888889
5,157,1,33.122671667,35.62948,23/05/2025,38,0.8042165748679277,0.004997711603864336,0.7490064760846016,1.324039621856272,0.590495344678809,4.491213419755166,734.3333333333334,0.25176460397048633,0.1154513888888889
5,158,0,33.122476667,35.62947,23/05/2025,38,0.7970777601424147,0.00981093577045992,0.7527081288767445,1.2510604217974446,0.5934936287525442,4.603846168850305,720.6666666666666,0.22417043740573156,0.11458333333333334
5,159,0,33.122266667,35.629441667,23/05/2025,38,0.7356673994678763,0.021684097089759945,0.7156420414873874,1.0935890019271968,0.5563298507776641,5.292481250360577,721.6666666666666,0.1418173976054351,0.10416666666666669
5,160,0,33.122053333,35.629406667,23/05/2025,38,0.8071875466406182,0.004579022669518068,0.7572537322588819,1.2950735479445739,0.6010356363831355,4.477567127420715,719.5555555555555,0.28156664016958133,0.11892361111111113
5,161,0,33.121828333,35.629396667,23/05/2025,38,0.8169086225383232,0.003235576590806868,0.7620935788848647,1.339954339725334,0.6007947015642582,3.7305931071650207,716.3333333333334,0.45693815987933634,0.1440972222222222
5,162,0,33.121643333,35.629361667,23/05/2025,38,0.8031071323314456,0.009335397662539524,0.7609854116572902,1.2442981765336687,0.5959030034731112,4.619239399499472,703.3333333333334,0.22798122783416896,0.1076388888888889
5,163,1,33.121435,35.629331667,23/05/2025,38,0.796936592298767,0.006068777624055279,0.7554619254626534,1.2334236539295762,0.5864526984028439,4.5320083368391995,714.3333333333334,0.35191365007541486,0.11545138888888891
5,164,1,33.121225,35.629323333,23/05/2025,38,0.8123563702917641,0.004777434288570522,0.760418478226982,1.3152658142194953,0.5947161418471879,3.75445242024266,716.4444444444445,0.48737745098039215,0.13715277777777776
5,165,0,33.12101,35.629296667,23/05/2025,38,0.8011503126675529,0.0034496888518422896,0.7577231545419925,1.2486116550233317,0.5893803305345882,3.005872900563965,717.2222222222222,0.48125000000000007,0.17708333333333334
5,166,0,33.12082,35.629283333,23/05/2025,38,0.7807402589601983,0.006024796799367567,0.7437692310662416,1.1940190615001582,0.5774190485934354,4.555255793112395,729.7777777777778,0.24884992458521876,0.12152777777777779
5,167,0,33.120633333,35.62924,23/05/2025,38,0.5281854180203788,0.058753623113454514,0.5736370198637468,0.8797874559806669,0.4057527309860713,4.596251836004467,822.5555555555555,0.13462354259714726,0.11805555555555557
5,168,0,33.120745,35.628881667,23/05/2025,38,0.642349824661207,0.05050495511094713,0.6603879458164283,0.9447758012889944,0.4905176458253421,4.846251836004468,746.2222222222222,0.10744511705989587,0.1076388888888889
5,169,0,33.120918333,35.628896667,23/05/2025,38,0.7661581702931486,0.0048082582617246135,0.731511644562861,1.1715811308566544,0.5702099736767492,3.611180608917954,728.2222222222222,0.5416666666666666,0.15017361111111113
5,170,0,33.121138333,35.628925,23/05/2025,38,0.7763254786638183,0.0027544519013475797,0.7403051519822292,1.1850884131229382,0.5855761037493817,4.412912897259044,707.1111111111111,0.45208333333333334,0.15538194444444445
5,171,0,33.12136,35.62895,23/05/2025,38,0.7824080638277027,0.005794485766071496,0.7478275472223972,1.1827942817102717,0.5859988576223847,4.034037234815498,699.8888888888889,0.47500000000000003,0.14409722222222224
5,172,0,33.121566667,35.628965,23/05/2025,38,0.7869663469034182,0.005274902687021172,0.7531894827132569,1.1814059900119112,0.594118040901366,3.514005390679865,694.1111111111111,0.5958333333333333,0.17708333333333334
5,173,0,33.121733333,35.628995,23/05/2025,38,0.7806366632445454,0.003031293497624471,0.7487139725288959,1.1666048557225395,0.5926083720384718,4.759892522926826,702.7777777777778,0.3495098039215686,0.11197916666666669
5,174,0,33.121926667,35.629025,23/05/2025,38,0.7940147452359052,0.006337221952514401,0.7490996752330221,1.2501684334244234,0.5896827487215516,4.759892522926829,709.4444444444445,0.30130090497737555,0.11197916666666669
5,175,0,33.122145,35.629051667,23/05/2025,38,0.7846341618718784,0.004336985673014952,0.7464950041603436,1.2034627329641694,0.5882618793971726,3.4463464765234963,702.0,0.5625,0.1484375
5,176,0,33.122323333,35.629071667,23/05/2025,38,0.7125064038064282,0.01230041514452885,0.7154942979316034,0.9877679290334592,0.5542254361798813,5.0485332098491895,678.7777777777778,0.22982919192545587,0.10763888888888891
5,177,0,33.122548333,35.629096667,23/05/2025,38,0.7705689044421166,0.004081575595615334,0.7382660795192186,1.1624043947869296,0.5743611398860518,3.688926440498354,700.3333333333334,0.5071455505279034,0.16319444444444442
5,178,0,33.122751667,35.629116667,23/05/2025,38,0.7651148301217648,0.003157208713696037,0.7370860879942198,1.137469946664693,0.5730859127337163,3.003923235359781,702.7777777777778,0.5916666666666667,0.20225694444444445
5,179,0,33.122961667,35.629135,23/05/2025,38,0.767253625526227,0.0026750622284037683,0.7364428790358198,1.1527360136297504,0.5747454866917979,2.729182000302357,709.2222222222222,0.6875,0.2578125
5,180,0,33.123146667,35.629158333,23/05/2025,38,0.7666066540762411,0.004488333559094286,0.7387943431334754,1.1371443287424035,0.5793290415605057,5.084147917027244,708.8888888888889,0.2588989441930619,0.11111111111111113
5,181,0,33.12335,35.62919,23/05/2025,38,0.7715082830292688,0.0031682196370361676,0.7419921187239437,1.1484240262381127,0.5864183788633455,3.9367722103366827,705.4444444444445,0.42867647058823527,0.13628472222222224
5,182,0,33.123555,35.629203333,23/05/2025,38,0.7683301786513186,0.0037560378219280407,0.7416783691098453,1.132326749909347,0.5722654853015208,3.8486914649771693,700.6666666666666,0.42867647058823527,0.13368055555555555
5,183,1,33.123768333,35.629231667,23/05/2025,38,0.7597991389213671,0.008629933653619299,0.7273161087979217,1.1579031009671243,0.5602152826793394,4.434153522439333,710.5555555555555,0.35016025641025644,0.1328125
5,184,0,33.123971667,35.629255,23/05/2025,38,0.6985585993991259,0.0301799513503272,0.6910884270002581,1.0326104392998319,0.5271405518910036,4.846251836004467,731.8888888888889,0.11951023171398087,0.1076388888888889
5,185,0,33.124065,35.629268333,23/05/2025,38,0.5416493373966573,0.04115608553398715,0.5711664364692355,0.9199399247593614,0.40933259349401935,4.361440501696144,822.6666666666666,0.229255784865541,0.12152777777777779
5,186,0,33.124065,35.629268333,23/05/2025,38,0.5416493373966573,0.04115608553398715,0.5711664364692355,0.9199399247593614,0.40933259349401935,4.361440501696144,822.6666666666666,0.229255784865541,0.12152777777777779
5,187,0,33.12406,35.628896667,23/05/2025,38,0.539789589619908,0.04848063245209765,0.5835503679978353,0.882025412506859,0.40223166117235076,4.846251836004468,714.1111111111111,0.1138464949862149,0.1076388888888889
5,188,1,33.123853333,35.628881667,23/05/2025,38,0.7580911477521933,0.005531916467838675,0.7321312787966935,1.1241847484015903,0.5626487553656124,4.063461982762677,712.8888888888889,0.38047699849170424,0.13975694444444442
5,189,1,33.123678333,35.628858333,23/05/2025,38,0.7601017869196538,0.009816523162954704,0.733049388438303,1.13207716617319,0.5667889958831877,3.9320247983105037,711.3333333333334,0.39534313725490194,0.15104166666666669
5,190,0,33.12344,35.628828333,23/05/2025,38,0.7716975140454869,0.004762055062149056,0.7360047953163442,1.1803689231859675,0.5718542687641897,2.4074727945748764,709.1111111111111,0.6020833333333334,0.3020833333333333
5,191,0,33.123243333,35.628805,23/05/2025,38,0.7721664814317019,0.005389242205376255,0.7449803192559094,1.1370340958856902,0.5810735186649496,4.560637128826411,703.7777777777778,0.2674463434022258,0.11458333333333334
5,192,0,33.123063333,35.628776667,23/05/2025,38,0.773506000702773,0.00791229255152794,0.7436967179199936,1.151771275762925,0.5813344567628314,4.694366543182523,698.7777777777778,0.2993218274835922,0.1310763888888889
5,193,0,33.122846667,35.62875,23/05/2025,38,0.7802460557127515,0.002371127338392349,0.7475154974903299,1.1707457480728345,0.5850130858399285,3.5570027314271098,694.1111111111111,0.47659313725490193,0.1684027777777778
5,194,0,33.122633333,35.62873,23/05/2025,38,0.7727672156019614,0.002759337305074935,0.7417864452681574,1.1567182621735508,0.583670522166766,1.5366514948526366,703.4444444444445,0.7291666666666666,0.3645833333333333
5,195,0,33.122368333,35.62869,23/05/2025,38,0.7209263487079148,0.020058097115755014,0.7149823092507775,1.0266877934211953,0.5438816785406635,5.0485332098491895,689.5555555555555,0.11101170335794922,0.10763888888888891
5,196,0,33.12218,35.62867,23/05/2025,38,0.7683452106341601,0.0043128859931301075,0.7389736438464004,1.1460549912503974,0.5798020217386662,4.403501365713555,696.1111111111111,0.38338479882597526,0.13368055555555555
5,197,0,33.121998333,35.628651667,23/05/2025,38,0.7761387350347637,0.003672414422132992,0.7453580141808206,1.1576286148170363,0.5817851287150335,2.6523790494482538,697.1111111111111,0.6458333333333334,0.3159722222222222
5,198,0,33.12176,35.628611667,23/05/2025,38,0.7817055219613903,0.0037180246670854384,0.7449518940467578,1.193000171532967,0.5809400139024001,4.420507230104883,694.2222222222222,0.31776960784313724,0.12239583333333334
5,199,0,33.121566667,35.628611667,23/05/2025,38,0.7816271581979021,0.006722557917161474,0.7442978092503896,1.197271146271925,0.5766064439992721,3.8020973468635546,704.4444444444445,0.41654411764705884,0.12586805555555555
5,200,0,33.121375,35.628576667,23/05/2025,38,0.7662311663298564,0.002664192700349872,0.738597479282486,1.136233505798952,0.5777977153609659,4.68717950218364,699.1111111111111,0.2710312971342383,0.1232638888888889
5,201,0,33.121175,35.628551667,23/05/2025,38,0.7707063624254917,0.0025465070337203914,0.7406294107771245,1.1507467646004088,0.5851223003326642,3.005872900563965,700.5555555555555,0.5645833333333333,0.17708333333333334
5,202,0,33.12097,35.628531667,23/05/2025,38,0.7818884735952464,0.005235649925340231,0.740185777300156,1.21995070505564,0.5670280106884517,3.678998818566198,717.8888888888889,0.5333333333333333,0.15885416666666666
5,203,0,33.120773333,35.6285,23/05/2025,38,0.6508229803622537,0.049633465159973654,0.6691446464039507,0.9434450435467583,0.5016520087394548,5.0485332098491895,742.2222222222222,0.1119804503749939,0.1076388888888889
5,204,0,33.120738333,35.628503333,23/05/2025,38,0.5843642170378147,0.0667210021794753,0.6257848621596929,0.8846860474561491,0.4625415322567915,5.292481250360577,759.7777777777778,0.07396841598851597,0.10416666666666669
5,205,0,33.120793333,35.628145,23/05/2025,38,0.5134081503583365,0.05845637249931076,0.5804345897578943,0.8282875302902385,0.3992308736963255,4.663320189106001,555.6666666666666,0.11198658237828725,0.125
5,206,0,33.120991667,35.62817,23/05/2025,38,0.580098134375433,0.04830283801844714,0.6288587671771229,0.8597784620227705,0.4461800208201769,4.4193721485946105,540.1111111111111,0.1895503628349918,0.12847222222222224
5,207,0,33.12121,35.628198333,23/05/2025,38,0.5860344206780654,0.07154914506629692,0.6216638733153633,0.9010006825241964,0.43446023218537994,5.292481250360577,825.6666666666666,0.1078216626350309,0.10416666666666669
5,208,0,33.12141,35.628218333,23/05/2025,38,0.5932969729205957,0.06710505889587,0.6309995512246672,0.8921972562523415,0.44493097233464585,5.048533209849189,801.6666666666666,0.14113428842117942,0.10763888888888891
5,209,0,33.121623333,35.62824,23/05/2025,38,0.5512755299140133,0.07315378870110312,0.5906433167516286,0.8968978020552445,0.4162543297776168,5.292481250360577,858.5555555555555,0.06648158679394521,0.10416666666666669
5,210,0,33.121816667,35.62826,23/05/2025,38,0.5793350683007786,0.07416596831559137,0.6152738410348534,0.9079711414503938,0.4394580753017859,4.159037234815498,815.8888888888889,0.19539970588963249,0.15104166666666669
5,211,0,33.122011667,35.628278333,23/05/2025,38,0.5523127246481367,0.06945522090291945,0.5946651097420649,0.8884125992327825,0.4030413044423071,5.048533209849189,839.4444444444445,0.12396565061602774,0.1076388888888889
5,212,0,33.122216667,35.628316667,23/05/2025,38,0.5860345594640478,0.06990258761666204,0.6157208751066584,0.921648808226878,0.4346895947502425,5.048533209849189,814.3333333333334,0.11174665387161255,0.1076388888888889
5,213,0,33.122491667,35.6284,23/05/2025,38,0.653260432720696,0.04658135064389189,0.6625314592178043,0.9743507262302403,0.4782596063064074,4.846251836004467,764.1111111111111,0.11296757790155829,0.1076388888888889
5,214,0,33.122631667,35.628375,23/05/2025,38,0.567775110131501,0.06534616838491394,0.6087916841519694,0.8864384910098175,0.4203122412063769,4.603846168850306,817.1111111111111,0.10838968440776012,0.11458333333333334
5,215,0,33.122865,35.6284,23/05/2025,38,0.6347733732717527,0.06621513232018365,0.6443360757026895,0.9791031809662061,0.4677434753936123,3.5968226336265317,793.6666666666666,0.20247056518839388,0.17708333333333331
5,216,0,33.123048333,35.628416667,23/05/2025,38,0.5967191431664792,0.0677894032308037,0.613628193620948,0.9573684797489315,0.4372399098332168,4.603846168850305,823.5555555555555,0.12531335024961082,0.11458333333333334
5,217,0,33.123256667,35.628438333,23/05/2025,38,0.6294530593737293,0.07629371068089766,0.6424961812676963,0.9748499925430717,0.46236284789869647,5.292481250360577,792.3333333333334,0.05199988840775176,0.10416666666666669
5,218,1,33.123466667,35.628466667,23/05/2025,38,0.5747952562997501,0.07742097751015647,0.6094387061344964,0.9080450487531156,0.429178363908814,5.048533209849189,838.0,0.11066542159922711,0.1076388888888889
5,219,2,33.123663333,35.62849,23/05/2025,38,0.5991450218043551,0.06835798612818855,0.6291564016492944,0.9178626443406716,0.44617628978047186,4.681127542695029,822.5555555555555,0.14138852836626203,0.11458333333333334
5,220,0,33.123866667,35.628518333,23/05/2025,38,0.6024231495110994,0.05878998453247125,0.6370619165794039,0.8997806159442396,0.46003406807650254,4.596251836004466,836.2222222222222,0.16845020612383274,0.11805555555555557
5,221,0,33.124073333,35.628548333,23/05/2025,38,0.4039760821862477,0.042606520862379337,0.4818045295584774,0.8248130157701258,0.3132622241713648,3.9686331481071164,650.0,0.18359428327861962,0.14236111111111113
6,2,0,33.12394143,35.63256134,28/05/2025,33,0.5259086793498559,0.054452908414083734,0.5741038276639961,0.874400681278123,0.40311700173834203,4.663320189106001,528.5555555555555,0.12454683352844466,0.125
6,3,0,33.12373095,35.632552255,28/05/2025,33,0.6080103175937811,0.07011772732486193,0.6190852327487626,0.9843030674279513,0.4570210359930134,3.9090372348154987,791.7777777777778,0.2164459476583956,0.16145833333333334
6,4,1,33.12352722,35.6325246,28/05/2025,33,0.5616139812067303,0.062216777639892,0.6018373364020043,0.8931731011248405,0.4199611770474675,4.200825794518089,795.6666666666666,0.1462352941007083,0.125
6,5,0,33.123319267,35.63250203,28/05/2025,33,0.5855616039374306,0.06131169202483055,0.6092118307295893,0.9358736280970251,0.4471009395224741,4.5443721485946105,828.1111111111111,0.15851843069368762,0.1267361111111111
6,6,0,33.123100337,35.632472735,28/05/2025,33,0.6154830647020092,0.06434554918645312,0.6446567074614653,0.9195808369757619,0.4741708653401232,3.1521706916329766,798.7777777777778,0.22196212895895054,0.22395833333333331
6,7,0,33.122890518,35.632451943,28/05/2025,33,0.5828281651522442,0.06303888543227354,0.6210631607736002,0.894159825777169,0.45322202892666197,5.0485332098491895,820.7777777777778,0.1005211370191098,0.10763888888888891
6,8,0,33.12267752,35.632427623,28/05/2025,33,0.5939723510816988,0.06388030121180839,0.6319809644552795,0.8920533228168881,0.4647754882031814,5.292481250360577,830.3333333333334,0.05445261372942567,0.10416666666666669
6,9,0,33.122469337,35.632401753,28/05/2025,33,0.5411767090286331,0.0688023579996569,0.6031554315860491,0.8351381457836928,0.4303484718834118,5.292481250360577,848.7777777777778,0.08318341281497618,0.10416666666666669
6,10,0,33.12225662,35.632386898,28/05/2025,33,0.5801669469549018,0.06765848732286069,0.6193793009244737,0.892107164774691,0.4554397425971966,5.048533209849189,855.4444444444445,0.1070645303595277,0.1076388888888889
6,11,0,33.122047905,35.63236496,28/05/2025,33,0.5452065102031782,0.06245972401286358,0.5992164007538899,0.8547294324470498,0.4349249560047299,4.8045851693378,865.4444444444445,0.14898079819297433,0.11111111111111113
6,12,0,33.121840683,35.63233741,28/05/2025,33,0.5764888221823737,0.06846054514555366,0.6196355860699474,0.8798759644956218,0.43928516474999346,5.292481250360577,846.1111111111111,0.06753901527653494,0.10416666666666669
6,13,0,33.121621448,35.632316883,28/05/2025,33,0.5406199376981021,0.04435909403594958,0.5931243977946319,0.8573298899480799,0.41590730446318225,5.063314583693911,870.3333333333334,0.15539779061226539,0.11197916666666669
6,14,0,33.121407742,35.632276483,28/05/2025,33,0.5916652428254657,0.06476281407143344,0.6288556893865785,0.8936876545127197,0.4724735861950263,5.292481250360577,839.8888888888889,0.07471782234410533,0.10416666666666669
6,15,0,33.121188762,35.632252318,28/05/2025,33,0.5969462231219302,0.06538143191250209,0.6357761708940842,0.8879344935525689,0.4670495741195797,5.0485332098491895,852.8888888888889,0.08974985704040149,0.10763888888888891
6,16,0,33.120976523,35.632233422,28/05/2025,33,0.5546234625542035,0.0626084060466202,0.6030484767360559,0.8664161779711402,0.42505136289175166,5.0485332098491895,854.3333333333334,0.0817498359445809,0.10763888888888891
6,17,0,33.120759383,35.632200658,28/05/2025,33,0.5937786969089985,0.07004278970337274,0.6280963353561282,0.9055982347776532,0.4599809928604482,4.846251836004467,844.5555555555555,0.09437691153092252,0.1076388888888889
6,18,0,33.120553338,35.632176323,28/05/2025,33,0.5308434237034132,0.048744051474274644,0.5891424870107909,0.8447895275219841,0.41770933110583797,4.596251836004467,826.5555555555555,0.10870134195300651,0.11805555555555555
6,19,0,33.120424495,35.631815497,28/05/2025,33,0.6342506128806377,0.03983774295033873,0.6183669735418946,1.0557981049915721,0.4466651339470961,4.663320189106001,583.1111111111111,0.14014309261618818,0.125
6,20,0,33.12063312,35.63184115,28/05/2025,33,0.7939655109759737,0.01034599558249893,0.7433041062098871,1.2846232314446235,0.5854912457868031,4.562907291846956,778.1111111111111,0.3077183787729863,0.13368055555555558
6,21,0,33.120844758,35.631866457,28/05/2025,33,0.7950608489013538,0.0072182450128043816,0.7433610431686596,1.2913953900296256,0.5889930678386288,3.1712088931500526,792.6666666666666,0.6000000000000001,0.20833333333333334
6,22,0,33.12105556,35.631890545,28/05/2025,33,0.7888273402685155,0.00436810456644874,0.7398437756457548,1.267248421166923,0.578380323771282,3.3602923256896595,797.8888888888889,0.575,0.15104166666666669
6,23,0,33.121266037,35.63191517,28/05/2025,33,0.7997833125266494,0.004595771784851816,0.7512056964609726,1.277724478217606,0.5898522025474636,4.031860937770434,770.4444444444445,0.42867647058823527,0.1484375
6,24,0,33.121463333,35.63195,28/05/2025,33,0.7981189422501732,0.0035806126884819858,0.74987982781394,1.2733398663250142,0.5962987793311036,3.9260947318578157,773.5555555555555,0.39902903469079937,0.1423611111111111
6,25,0,33.121671667,35.631956667,28/05/2025,33,0.8014207649969234,0.0033551077329376988,0.7526942942634517,1.2807699326730608,0.5900529991188845,3.162473945556208,772.0,0.48541666666666666,0.1875
6,26,0,33.121893333,35.631988333,28/05/2025,33,0.8063229463662576,0.003744950840732871,0.7468206062660872,1.3518200595798335,0.5916311769031312,4.759892522926828,800.0,0.29811463046757164,0.11197916666666669
6,27,0,33.122096667,35.632008333,28/05/2025,33,0.7808166876785548,0.01179716687777969,0.7399309307932767,1.216420159450785,0.5734607247688062,4.638589126445728,785.0,0.23358276262688027,0.11458333333333334
6,28,0,33.122298333,35.63204,28/05/2025,33,0.7860351784325245,0.0016957386942183597,0.7386227943714222,1.2551365314372915,0.5764229201570857,3.2548597120896154,785.4444444444445,0.5036764705882353,0.1918402777777778
6,29,0,33.122501667,35.632048333,28/05/2025,33,0.7920196096555363,0.001234550972322192,0.7410952068806184,1.2814470343694133,0.5851655240838629,2.9851597725718704,781.4444444444445,0.5708333333333333,0.2230902777777778
6,30,0,33.122681667,35.632066667,28/05/2025,33,0.7978386957612195,0.005377989720258432,0.7517494359686556,1.2610382389284769,0.5821586050991844,4.484289710683922,747.5555555555555,0.3660539215686274,0.1345486111111111
6,31,0,33.122905,35.632093333,28/05/2025,33,0.8018839091296158,0.00227918018707562,0.7542724891809276,1.2740249804883734,0.5996057922647426,3.4948934896284056,739.3333333333334,0.5874999999999999,0.1814236111111111
6,32,0,33.123113333,35.632125,28/05/2025,33,0.8046006980911167,0.0025394135387310137,0.7537754032033803,1.2969289307556695,0.5897458520672962,3.2379241080832215,749.3333333333334,0.5125,0.18836805555555558
6,33,0,33.123311667,35.632153333,28/05/2025,33,0.796980259156827,0.005372294708965427,0.7479682699091807,1.2770046460039677,0.5843539402250629,4.834147917027243,744.4444444444445,0.33234529778647426,0.11979166666666669
6,34,1,33.123515,35.632185,28/05/2025,33,0.7949406005408277,0.00356145743543591,0.7481907532922337,1.261257406879667,0.5838460257140631,2.1625056054120884,739.6666666666666,0.6875,0.3090277777777777
6,35,1,33.123715,35.632198333,28/05/2025,33,0.7960864435630789,0.006222551154172799,0.7449185135211253,1.2883711669719669,0.5857461107374373,4.30196648144045,751.0,0.2577205882352941,0.13368055555555558
6,36,0,33.123926667,35.632235,28/05/2025,33,0.6193598596330523,0.042649509608417145,0.6408915712465162,0.9339243035430914,0.477591817013593,5.048533209849189,773.5555555555555,0.0827139395819123,0.10763888888888891
6,37,0,33.123941667,35.632231667,28/05/2025,33,0.6193598596330523,0.042649509608417145,0.6408915712465162,0.9339243035430914,0.477591817013593,5.048533209849189,773.5555555555555,0.0827139395819123,0.10763888888888891
6,38,0,33.123938333,35.631851667,28/05/2025,33,0.5838011920757793,0.05358646112261266,0.6180013163923,0.9065700339616295,0.46233849002852206,4.8045851693378,817.5555555555555,0.19890328325517043,0.1111111111111111
6,39,0,33.123708333,35.631828333,28/05/2025,33,0.7977338255158544,0.003278437025751291,0.7491569911445016,1.2749209736032272,0.583055053193092,3.855112115783683,759.5555555555555,0.5125,0.140625
6,40,2,33.123495,35.631791667,28/05/2025,33,0.8138119498884628,0.0066583035070308045,0.7599863053882339,1.3306751326642325,0.5982847846918624,4.821520773344195,761.2222222222222,0.2364353267294444,0.10763888888888891
6,41,0,33.123288333,35.631761667,28/05/2025,33,0.8164966032795989,0.002068939333846249,0.7567928625532403,1.3710708110597678,0.6024515328727937,2.692215752170299,771.7777777777778,0.6687499999999998,0.3333333333333332
6,42,0,33.123103333,35.631753333,28/05/2025,33,0.8033917150065036,0.005151724694214259,0.7536695625479163,1.2892495159617667,0.5945605804194377,4.57957956392571,767.3333333333334,0.37097906730259667,0.12239583333333334
6,43,0,33.122895,35.631733333,28/05/2025,33,0.7991434098639671,0.0032083626426977034,0.7453915895492883,1.3065698298843424,0.5941180945702818,4.823527604437102,772.4444444444445,0.3167181321593086,0.11892361111111113
6,44,0,33.122693333,35.631701667,28/05/2025,33,0.7962623644397426,0.006110347451081168,0.7436322375530156,1.2969102163962987,0.5885886469544928,4.434153522439333,776.5555555555555,0.3807598039215687,0.1328125
6,45,0,33.122473333,35.63168,28/05/2025,33,0.7916305953783098,0.00526599516746852,0.7484740547241124,1.2379003715340304,0.5859973524767169,4.429585169337799,761.3333333333334,0.2812235029146794,0.125
6,46,0,33.122265,35.63166,28/05/2025,33,0.7660316848115224,0.01399017495716986,0.7305424035884087,1.176833402247415,0.5652263846012423,4.324546753088498,791.5555555555555,0.3198274632098161,0.12586805555555555
6,47,0,33.122058333,35.631625,28/05/2025,33,0.7937542493978074,0.0026223006267388676,0.7516743561375855,1.233187199835982,0.5954833488592728,4.240341670172532,775.5555555555555,0.43529411764705883,0.1293402777777778
6,48,0,33.121858333,35.631596667,28/05/2025,33,0.8031566158358845,0.005632660701739198,0.754465542390443,1.2832144871139504,0.5953080758475443,4.206733794087383,776.8888888888889,0.41458333333333336,0.13020833333333334
6,49,0,33.12163,35.631571667,28/05/2025,33,0.802066039943965,0.0035249403580917727,0.7512988949440228,1.2932049907826475,0.5958862132886401,4.240341670172532,788.7777777777778,0.304458898944193,0.12934027777777776
6,50,0,33.121425,35.631556667,28/05/2025,33,0.8065413013603342,0.004648731438218942,0.7542815108653217,1.3085516701658664,0.5920933582406153,3.819513942251288,774.2222222222222,0.53125,0.14322916666666669
6,51,0,33.12121,35.631541667,28/05/2025,33,0.7946786812898183,0.002888029347433426,0.7491984110713378,1.2534351030638147,0.5878207996676117,4.532880086421832,787.1111111111111,0.3777714932126697,0.11892361111111113
6,52,0,33.121005,35.631506667,28/05/2025,33,0.7829407374604681,0.008111349326563346,0.7328967792775263,1.2679390669773645,0.5637414001274246,4.802694271103767,820.1111111111111,0.2653435958583018,0.1267361111111111
6,53,0,33.120813333,35.631475,28/05/2025,33,0.7878950805341991,0.006111009668071011,0.7351794050436065,1.2873754896906562,0.5749238410803421,4.584686074297306,810.4444444444445,0.2646681749622926,0.1371527777777778
6,54,0,33.120596667,35.631453333,28/05/2025,33,0.7688910534989422,0.0064070318470812425,0.7261612965812261,1.2147232146483886,0.5629040533200058,4.1525255796951575,802.6666666666666,0.4625,0.140625
6,55,0,33.12044,35.63143,28/05/2025,33,0.5682588868346513,0.04459777185009333,0.5737261279104467,0.9887206200824248,0.40718933800078744,4.246653522439334,635.5555555555555,0.15870210025482745,0.1388888888888889
6,56,0,33.120466667,35.63116,28/05/2025,33,0.5435462725670399,0.041146905332486765,0.5639331508726771,0.9455688024686079,0.395280486678628,5.292481250360577,972.2222222222222,0.1280755631993666,0.10416666666666669
6,57,0,33.120678333,35.63118,28/05/2025,33,0.7496369831831724,0.010497084138167457,0.715961664689063,1.1573761562780653,0.5591366535592632,4.8193665431825226,841.7777777777778,0.19368013941543355,0.1154513888888889
6,58,0,33.12088,35.631201667,28/05/2025,33,0.7605884923669856,0.01131750129757832,0.7275255715180866,1.162184054925102,0.5701728222273511,4.619239399499472,829.7777777777778,0.1994956853995591,0.1076388888888889
6,59,0,33.121095,35.631228333,28/05/2025,33,0.7593896418864357,0.014506582945414124,0.7219106148910679,1.1844024196909602,0.5550614213240447,2.4652770151996863,844.0,0.6041666666666666,0.2925347222222222
6,60,0,33.1213,35.63126,28/05/2025,33,0.7692624302775747,0.005325617794769479,0.7228584737133578,1.233920511096047,0.5584073892449904,3.9062640135302216,842.2222222222222,0.3484822775263952,0.15104166666666669
6,61,0,33.121505,35.631283333,28/05/2025,33,0.7719927260805872,0.015774051856275673,0.7353872531274231,1.1885741376096028,0.5792701345958784,4.6756874400108615,822.7777777777778,0.18151393162026336,0.1154513888888889
6,62,0,33.121713333,35.631296667,28/05/2025,33,0.7688010360720917,0.014901136858668214,0.7373967005522271,1.1593901146532293,0.5737456764894872,4.840199876515855,798.6666666666666,0.15328629852123393,0.11458333333333334
6,63,0,33.121926667,35.631331667,28/05/2025,33,0.7790274684414236,0.004005454879760442,0.7340717874551811,1.2348382896301433,0.5747742302984116,3.705884111388142,823.2222222222222,0.3791666666666667,0.1840277777777778
6,64,0,33.12214,35.631348333,28/05/2025,33,0.7314033992113665,0.019137966998313098,0.7129220162628096,1.0823554785038678,0.551132126650503,4.846251836004468,837.6666666666666,0.1441144719194382,0.1076388888888889
6,65,1,33.122338333,35.631373333,28/05/2025,33,0.7647983056452601,0.01684285876224535,0.7296173595909473,1.1780846213443725,0.5573787338709812,5.048533209849189,803.2222222222222,0.18592546220218564,0.1076388888888889
6,66,0,33.122535,35.631401667,28/05/2025,33,0.7648119515657038,0.009170481657637234,0.7291929660699248,1.175571701031861,0.5667301868404356,4.804585169337799,805.5555555555555,0.1667647137250239,0.1111111111111111
6,67,0,33.122753333,35.631431667,28/05/2025,33,0.7576973875458832,0.012821716376272083,0.7242165257901031,1.1622365477746472,0.563145774549967,4.8045851693378,804.3333333333334,0.213088435389368,0.1111111111111111
6,68,0,33.122943333,35.631456667,28/05/2025,33,0.7633775809382323,0.016623962988859448,0.7279515099869157,1.1768412208939305,0.5656797238110194,4.8193665431825226,798.4444444444445,0.2792250112103053,0.1154513888888889
6,69,0,33.12316,35.631473333,28/05/2025,33,0.7746604930541197,0.006687002604855481,0.735601384079933,1.2005093541437692,0.5712888641652467,4.4486750035058655,774.8888888888889,0.36409313725490194,0.11545138888888891
6,70,1,33.12336,35.6315,28/05/2025,33,0.7677492515248023,0.016335849005213135,0.735554497851973,1.1652496150740206,0.5756791701583985,4.81849479359989,777.8888888888889,0.25789460274754394,0.11197916666666669
6,71,2,33.12357,35.631521667,28/05/2025,33,0.7799706978057324,0.014276476524218077,0.7328856015552055,1.2499196192099482,0.5842859430867288,4.160906066166138,792.4444444444445,0.2110386347886348,0.12500000000000003
6,72,1,33.123766667,35.631543333,28/05/2025,33,0.7697841346228371,0.013125177533815787,0.7352604975639403,1.1749807940864418,0.5692791891344645,4.709147917027245,755.2222222222222,0.19164730720161488,0.15104166666666669
6,73,0,33.12396,35.63157,28/05/2025,33,0.522975311166318,0.04758817316501112,0.5693474924051062,0.8796414169652459,0.4174007864232599,4.200825794518089,871.5555555555555,0.15019847840537998,0.125
6,74,0,33.12397,35.631101667,28/05/2025,33,0.5364028758040726,0.04352628820669347,0.5742395223924508,0.8992219172523799,0.42211531787658285,4.544372148594611,865.7777777777778,0.2356513513383118,0.1267361111111111
6,75,0,33.123761667,35.631083333,28/05/2025,33,0.7958097608674154,0.002739729998904418,0.748983629549224,1.2624527151227793,0.5917807492859969,4.171526378756282,755.8888888888889,0.3038367269984917,0.13454861111111113
6,76,0,33.12354,35.631048333,28/05/2025,33,0.8028726271490836,0.002614160571403914,0.7515225671032545,1.2975296235964124,0.5904725889110898,4.577572732832805,760.3333333333334,0.24255844645550526,0.11111111111111113
6,77,0,33.12332,35.631038333,28/05/2025,33,0.8035782127254246,0.005118616292837709,0.7546126559534413,1.2852453653893032,0.600899434533706,4.034037234815498,760.8888888888889,0.3472096530920061,0.14409722222222224
6,78,0,33.123115,35.631001667,28/05/2025,33,0.7988108751180678,0.004663698505874113,0.7484681922014579,1.2866599347546108,0.5845951811023518,4.763589126445728,771.2222222222222,0.2139545371163018,0.11458333333333334
6,79,0,33.122913333,35.630978333,28/05/2025,33,0.8014591776203573,0.004416475629815688,0.7507613976305932,1.2919303125117163,0.5874843826398127,4.81849479359989,766.4444444444445,0.2130950124332477,0.11197916666666669
6,80,0,33.122696667,35.630958333,28/05/2025,33,0.8090625532868758,0.0015411570494882313,0.7560274493622862,1.3163929203510025,0.6021620344018134,3.854573958513622,766.2222222222222,0.4878676470588236,0.17708333333333334
6,81,1,33.122505,35.630931667,28/05/2025,33,0.8138164668336968,0.002913486717083614,0.7642869984151099,1.3018447160150939,0.6016480991342082,4.840199876515855,751.1111111111111,0.29392146671558433,0.11458333333333333
6,82,0,33.122313333,35.630918333,28/05/2025,33,0.8152554810417421,0.007962376444464748,0.7512713829294987,1.3970335182465892,0.5909353241536658,4.619239399499472,778.4444444444445,0.16341678275233754,0.1076388888888889
6,83,0,33.122081667,35.630858333,28/05/2025,33,0.8206975392493756,0.003024114397021896,0.7624880172755718,1.368732594927857,0.6034336286489808,3.795654629173648,772.2222222222222,0.457843137254902,0.13628472222222224
6,84,1,33.121876667,35.63085,28/05/2025,33,0.8224528510768881,0.006413931513994782,0.7650898244212423,1.368138899699954,0.5991292821565024,3.8725287111714155,776.6666666666666,0.4565911499735029,0.14930555555555555
6,85,3,33.12168,35.630828333,28/05/2025,33,0.8148435371913124,0.0049296002573779385,0.7557687580993073,1.3644729053606217,0.5907108931284735,3.3051267657573082,774.7777777777778,0.4354166666666667,0.1909722222222222
6,86,2,33.121455,35.630788333,28/05/2025,33,0.8049002786271464,0.0055227868579833745,0.7533519675631202,1.3021804856743284,0.5932160580288529,4.065336347351049,772.2222222222222,0.4503676470588235,0.15104166666666666
6,87,3,33.121315,35.63078,28/05/2025,33,0.8001134515464473,0.0030897290968385327,0.7460482999210426,1.3104287389154132,0.5860679500844721,4.013589126445727,779.3333333333334,0.39620098039215684,0.16493055555555558
6,88,3,33.12107,35.630768333,28/05/2025,33,0.7966194601908572,0.0033261669260186105,0.7432502770951868,1.3015691957808804,0.5846475440396636,3.78619146497717,790.4444444444445,0.32230392156862747,0.15885416666666666
6,89,2,33.120945,35.630735,28/05/2025,33,0.7874067592126041,0.002554960727559573,0.7380366614384234,1.2673690145234728,0.5734803605954181,3.6889264404983546,797.7777777777778,0.4474264705882353,0.14930555555555558
6,90,0,33.120746667,35.63069,28/05/2025,33,0.8048455981591142,0.005233964080586315,0.7545440137580219,1.2938167070101174,0.594262109064511,4.596251836004467,789.2222222222222,0.18362694142105906,0.11805555555555557
6,91,0,33.120521667,35.630671667,28/05/2025,33,0.6056623370405032,0.06618737541925117,0.6056597835085129,1.0098087472029447,0.44516667504185886,4.8045851693378,934.0,0.11632700022236261,0.11111111111111112
6,92,0,33.120516667,35.630675,28/05/2025,33,0.5300253488938519,0.06475630612007288,0.5567016324632296,0.9343615193016702,0.4054329480627051,4.619239399499472,990.5555555555555,0.1041750205136319,0.1076388888888889
6,93,0,33.12057,35.630325,28/05/2025,33,0.5844403667388127,0.06756732969761514,0.5819206344442266,1.0163857725631311,0.40591556550725705,4.159037234815499,950.0,0.18256453452831278,0.15104166666666669
6,94,1,33.12077,35.630348333,28/05/2025,33,0.7900441238690764,0.005572097566874138,0.743195152060545,1.256589386985311,0.5760333184702824,4.186772210336684,792.3333333333334,0.3932427336839101,0.12586805555555555
6,95,1,33.120993333,35.630381667,28/05/2025,33,0.8084784308106919,0.005580562149698426,0.7488186908259049,1.357295163378968,0.5940202106730406,3.946985231079872,781.4444444444445,0.3639705882352941,0.1328125
6,96,0,33.121196667,35.630408333,28/05/2025,33,0.8127960122092036,0.0032126049769041123,0.7595178068160591,1.3239191160378514,0.5950597941086039,3.5769863820612033,774.8888888888889,0.45036764705882354,0.15538194444444445
6,97,2,33.121416667,35.630418333,28/05/2025,33,0.8075525571196702,0.0065488159003792784,0.7557489122289553,1.3078521870826771,0.5937958916160446,4.376833732345311,760.5555555555555,0.23508672699849165,0.11458333333333334
6,98,2,33.121633333,35.630451667,28/05/2025,33,0.8145257620708921,0.003532170477750384,0.7554032501369574,1.3636689291338004,0.596546337718318,3.6803129590011165,768.0,0.4807598039215686,0.18055555555555558
6,99,2,33.121831667,35.63048,28/05/2025,33,0.8104508917526808,0.006393645244105636,0.7585835931596936,1.311867052902492,0.5987998627808788,5.063314583693911,762.4444444444445,0.2129449472096531,0.11197916666666669
6,100,1,33.12207,35.6305,28/05/2025,33,0.8079919981935164,0.0027826514993022204,0.7597931379853482,1.2856832978278252,0.5972922828147325,4.137918502671132,755.3333333333334,0.41698717948717945,0.1701388888888889
6,101,1,33.122296667,35.630585,28/05/2025,33,0.7888766878595966,0.018175939475149977,0.7411784121125173,1.2631246526727935,0.5794398005182484,5.292481250360577,796.5555555555555,0.1315935454437983,0.10416666666666669
6,102,1,33.122506667,35.630565,28/05/2025,33,0.8193209580182652,0.004790544212525105,0.7639357967605487,1.3485366799628962,0.6067861284110763,4.035034316583504,773.8888888888889,0.41250000000000003,0.1579861111111111
6,103,1,33.122725,35.63059,28/05/2025,33,0.8096280413328772,0.006796326504048585,0.7556144409583699,1.3243686644107466,0.5854461360497383,4.596251836004466,772.3333333333334,0.23211726998491702,0.11805555555555555
6,104,0,33.122943333,35.630615,28/05/2025,33,0.8078166511291749,0.005457022248706399,0.756100825086434,1.307174526826266,0.5962089466745009,3.499557609147716,759.6666666666666,0.4315911499735029,0.16927083333333334
6,105,0,33.123168333,35.630635,28/05/2025,33,0.8041058277392668,0.004559153621521142,0.7522559601712007,1.302557427849152,0.5827650901984632,4.846251836004468,761.5555555555555,0.3099094003505768,0.1076388888888889
6,106,0,33.123375,35.630655,28/05/2025,33,0.8006697782779567,0.0029076348005675143,0.7523146300939728,1.2772447517904084,0.5926458079677369,3.752237255791577,760.7777777777778,0.46875,0.15538194444444445
6,107,1,33.12358,35.630683333,28/05/2025,33,0.7871121333108059,0.008371495053332208,0.7467897847234783,1.217927471049694,0.5870152716574739,4.200825794518089,763.8888888888889,0.23884803921568626,0.125
6,108,2,33.12379,35.630711667,28/05/2025,33,0.7916297055455984,0.009234184197073385,0.7500014806754751,1.2301484293036564,0.5884191385024091,4.532880086421832,753.0,0.37740384615384615,0.1189236111111111
6,109,0,33.12398,35.630726667,28/05/2025,33,0.5632778822820872,0.06412402608070522,0.591986563804025,0.9231098246017247,0.4319447401334541,5.292481250360577,835.4444444444445,0.09045680505530826,0.10416666666666669
6,110,0,33.123981667,35.63073,28/05/2025,33,0.5191576701850086,0.023308648299477593,0.5619706747521589,0.8869611903725269,0.4099374138431553,4.776828126933223,852.1111111111111,0.2888786637316049,0.1154513888888889
6,111,0,33.123981667,35.630383333,28/05/2025,33,0.6002453526493702,0.06958251110807927,0.6190860649579899,0.9501995469691759,0.4571547264831773,4.596251836004467,832.6666666666666,0.11313098431512458,0.11805555555555555
6,112,1,33.123775,35.630358333,28/05/2025,33,0.791890013234654,0.002521021262545911,0.7444812523025026,1.2612639387107905,0.5906054987302,3.9963936296611426,771.0,0.3962009803921569,0.12586805555555555
6,113,1,33.123573333,35.630345,28/05/2025,33,0.787429961370242,0.007306172653587683,0.7443788379266878,1.233171182176012,0.5874534544240594,4.188461982762677,772.2222222222222,0.4202205882352941,0.13802083333333334
6,114,0,33.123361667,35.6303,28/05/2025,33,0.7978570298204244,0.003942288052031561,0.7536966687047736,1.2493365634506017,0.5886139064461835,3.5475289937620205,766.3333333333334,0.4625,0.17361111111111113
6,115,0,33.123165,35.630278333,28/05/2025,33,0.7960239307445918,0.0030084085821303094,0.7451868592972111,1.2858044456758562,0.5847230006850676,4.389200983250171,788.7777777777778,0.26894796380090497,0.1189236111111111
6,116,0,33.123165,35.630278333,28/05/2025,33,0.7960239307445918,0.0030084085821303094,0.7451868592972111,1.2858044456758562,0.5847230006850676,4.389200983250171,788.7777777777778,0.26894796380090497,0.1189236111111111
6,117,0,33.122941667,35.630253333,28/05/2025,33,0.8056732767251061,0.00443756227906722,0.753314509644061,1.3080105067213061,0.5911060374144004,4.284037234815498,775.4444444444445,0.353927683339448,0.16493055555555555
6,118,0,33.122736667,35.630225,28/05/2025,33,0.8249621564313183,0.0041856253047249025,0.7609311115538342,1.4158358625849603,0.600422424930477,3.6054140482403754,784.3333333333334,0.4104166666666666,0.1701388888888889
6,119,1,33.122551667,35.630196667,28/05/2025,33,0.8258520850077953,0.006105003409986879,0.7644233127633501,1.400539219451449,0.6111167403563926,4.804585169337801,771.2222222222222,0.1984824843772135,0.11111111111111112
6,120,2,33.122345,35.63018,28/05/2025,33,0.8042536279977363,0.011072040743422171,0.750988643877734,1.3124751477500611,0.5893674841566173,4.846251836004468,771.1111111111111,0.1791030227059639,0.1076388888888889
6,121,2,33.122125,35.630151667,28/05/2025,33,0.8237651751186905,0.003643716812408224,0.7635269009829229,1.387948232253392,0.5978334630694122,3.954579563925711,766.0,0.26787895927601807,0.1449652777777778
6,122,2,33.121891667,35.630136667,28/05/2025,33,0.8197869563703652,0.002726000268134728,0.7569641691004486,1.3971362011368007,0.5896052101946782,3.1625056054120884,772.3333333333334,0.40833333333333327,0.21180555555555555
6,123,2,33.121891667,35.630136667,28/05/2025,33,0.8197869563703652,0.002726000268134728,0.7569641691004486,1.3971362011368007,0.5896052101946782,3.1625056054120884,772.3333333333334,0.40833333333333327,0.21180555555555555
6,124,3,33.12169,35.630106667,28/05/2025,33,0.8119018122542383,0.004615682094144578,0.7490017632778212,1.3830244942491938,0.5918092765017543,5.0485332098491895,782.2222222222222,0.15851045615751494,0.1076388888888889
6,125,2,33.121491667,35.630096667,28/05/2025,33,0.8099150422834921,0.004938860352271872,0.7598341912628552,1.3002421743524455,0.5955809965311266,3.330403120006804,768.0,0.5036764705882354,0.17708333333333334
6,126,1,33.121263333,35.630063333,28/05/2025,33,0.8143701046969505,0.004431310903858653,0.7586212006334203,1.3421171593062093,0.5970724374143598,4.149414003993359,773.6666666666666,0.2863970588235294,0.12586805555555555
6,127,1,33.121073333,35.630033333,28/05/2025,33,0.8258187937429908,0.0025712348156064747,0.7686398266753827,1.3716410861556025,0.6046989382973625,2.4074727945748764,766.5555555555555,0.71875,0.3333333333333333
6,128,0,33.120841667,35.630011667,28/05/2025,33,0.8133820859550621,0.0057739574293201295,0.7583266999533788,1.3367292540918696,0.5974546545345132,3.21165067206572,785.1111111111111,0.5416666666666666,0.2074652777777778
6,129,0,33.120626667,35.629968333,28/05/2025,33,0.6936815965216324,0.053834362094994044,0.6611238746821629,1.1361102911323742,0.4935807112522252,5.048533209849189,866.7777777777778,0.10256015198429314,0.1076388888888889
6,130,0,33.120568333,35.629966667,28/05/2025,33,0.5345033845751582,0.06909206128024584,0.5459385053799627,0.9769182483235377,0.3685640881296853,3.89882421407231,1021.1111111111111,0.21980545834150406,0.15104166666666669
6,131,0,33.120631667,35.629596667,28/05/2025,33,0.6064447918766038,0.07260639234244613,0.5901365265411669,1.0654911066975121,0.4131265229153709,5.292481250360577,946.4444444444445,0.09450132757975321,0.10416666666666669
6,132,0,33.120846667,35.629625,28/05/2025,33,0.8209945314539576,0.0032015029427072852,0.760977320999505,1.381315445774923,0.6004990734672426,4.2229250747848,780.1111111111111,0.38214555052790355,0.13628472222222224
6,133,1,33.121073333,35.629663333,28/05/2025,33,0.8255022245433739,0.0035277069263770938,0.7663966166889749,1.38403742887261,0.603644852217904,2.885360419811954,765.8888888888889,0.47500000000000003,0.21527777777777776
6,134,1,33.121263333,35.629696667,28/05/2025,33,0.8285511143455848,0.004494906050003763,0.7611655037878724,1.4468376321352685,0.5979889002282552,4.410906066166138,772.7777777777778,0.22088225102930986,0.13020833333333334
6,135,1,33.121465,35.629713333,28/05/2025,33,0.8325967062164397,0.0014473889546139118,0.7662283528180814,1.4491151117297065,0.6065986654790422,4.180867649916837,775.8888888888889,0.4541666666666667,0.12586805555555555
6,136,2,33.12168,35.629751667,28/05/2025,33,0.830488035448277,0.0021086947712910817,0.7695127060742092,1.406674591475415,0.6166107998870021,2.861036648998637,755.0,0.58125,0.18836805555555555
6,137,1,33.121893333,35.629761667,28/05/2025,33,0.8285836546414654,0.003776885883241937,0.7661437010080552,1.4126213630283397,0.6091195926270818,4.694366543182523,757.8888888888889,0.29341063348416296,0.1310763888888889
6,138,1,33.122156667,35.629793333,28/05/2025,33,0.8230047740915803,0.004055135107620606,0.7663330222580603,1.3627453060533676,0.6093254859937765,4.292628649429343,764.1111111111111,0.3514705882352941,0.1267361111111111
6,139,1,33.12238,35.629821667,28/05/2025,33,0.8230118851743472,0.0039413792456790804,0.7612893173771802,1.3970481102738286,0.6006651747897083,2.6424259214832553,763.7777777777778,0.4827205882352941,0.2300347222222222
6,140,0,33.12257,35.629838333,28/05/2025,33,0.8266605086232411,0.0015458089082599465,0.7671503272819551,1.3886458744301426,0.6079898285788248,4.246393629661142,766.4444444444445,0.45944570135746604,0.12239583333333333
6,141,0,33.12278,35.629871667,28/05/2025,33,0.8292747306325261,0.003927252522222789,0.7687764591335324,1.4007611730140181,0.6127055788289001,4.292829775237383,769.7777777777778,0.36221719457013574,0.1267361111111111
6,142,1,33.122971667,35.62989,28/05/2025,33,0.8138689286161899,0.0046567230842805155,0.7591491144342207,1.3347565710311458,0.6003586116834727,4.611033209849189,764.7777777777778,0.18050787157315135,0.1310763888888889
6,143,0,33.123196667,35.629915,28/05/2025,33,0.8073846106512071,0.002611139616589264,0.755773673473784,1.3053343640837467,0.5998263140367397,4.306739399499471,772.7777777777778,0.26209464555052786,0.12760416666666669
6,144,1,33.123388333,35.629938333,28/05/2025,33,0.7949445223633584,0.00634797466277513,0.7497602041584255,1.2529547510832204,0.5929114341607562,3.9788461688503047,767.1111111111111,0.1992269984917044,0.1388888888888889
6,145,0,33.123576667,35.629958333,28/05/2025,33,0.7947761750122078,0.00567602685538283,0.7426894228120235,1.291963174115941,0.5837535231022978,3.9785862760721145,773.8888888888889,0.29232323386735143,0.1189236111111111
6,146,0,33.123581667,35.629956667,28/05/2025,33,0.7947761750122078,0.00567602685538283,0.7426894228120235,1.291963174115941,0.5837535231022978,3.9785862760721145,773.8888888888889,0.29232323386735143,0.1189236111111111
6,147,2,33.123781667,35.629968333,28/05/2025,33,0.7828506775470648,0.004339489628211945,0.7385878574658387,1.235189155956173,0.5783236641910169,3.9231996175366155,763.2222222222222,0.42083333333333334,0.14756944444444445
6,148,0,33.123996667,35.630008333,28/05/2025,33,0.6019494990812199,0.06201710940771462,0.628907080702294,0.9237544992507757,0.4686240126605344,5.084147917027244,809.1111111111111,0.04972921502999837,0.11111111111111112
6,149,0,33.124011667,35.630023333,28/05/2025,33,0.6019494990812199,0.06201710940771462,0.628907080702294,0.9237544992507757,0.4686240126605344,5.084147917027244,809.1111111111111,0.04972921502999837,0.11111111111111112
6,150,0,33.124035,35.629631667,28/05/2025,33,0.5782847045043544,0.040039030163261095,0.6030937697342775,0.9296699700090542,0.44778986261349807,5.084147917027245,818.4444444444445,0.12481654527044461,0.11111111111111112
6,151,0,33.123895,35.629618333,28/05/2025,33,0.7567144363300289,0.01530247137134691,0.7199286904347431,1.1779959960540007,0.5588791314790611,4.473406066166138,765.1111111111111,0.26681041335453104,0.1154513888888889
6,152,0,33.123688333,35.629601667,28/05/2025,33,0.7846008057352428,0.010401184658511862,0.7403214812908446,1.2385235158333272,0.5798623091681049,4.8193665431825226,748.3333333333334,0.3144136500754148,0.1154513888888889
6,153,0,33.1235,35.62959,28/05/2025,33,0.7852828787725087,0.008062513972251065,0.7437413197915774,1.22266902932515,0.5774879547871262,4.846251836004467,741.6666666666666,0.22335972850678734,0.1076388888888889
6,154,0,33.123311667,35.629551667,28/05/2025,33,0.7764310231810168,0.01185305401992227,0.7367899928067716,1.205512486928777,0.5647303530556039,5.048533209849189,744.5555555555555,0.1587560128001304,0.1076388888888889
6,155,0,33.123088333,35.629536667,28/05/2025,33,0.7985356103872161,0.007886956459153728,0.7451134702704976,1.3050132407942956,0.58168395876397,4.246653522439333,748.2222222222222,0.2698576152688716,0.1388888888888889
6,156,0,33.122883333,35.629498333,28/05/2025,33,0.7965574088794456,0.007996486821768211,0.744654862818714,1.2933129475930762,0.5762131668392744,4.846251836004468,762.7777777777778,0.16227717172169706,0.1076388888888889
6,157,1,33.122671667,35.62948,28/05/2025,33,0.8165098336585414,0.00830872551838283,0.7588998327394028,1.3588829985077964,0.6023389086083739,4.574546753088499,773.3333333333334,0.21740476336064568,0.1154513888888889
6,158,0,33.122476667,35.62947,28/05/2025,33,0.8094833944080937,0.007982190835481462,0.7578943346084966,1.3094048477366291,0.5985321424885127,4.818494793599889,763.3333333333334,0.11924056949720212,0.11197916666666669
6,159,0,33.122266667,35.629441667,28/05/2025,33,0.7489082556376663,0.03025777871835289,0.7204010252083902,1.143126075142707,0.5570368853770543,5.0901998765158565,785.3333333333334,0.0626036716534702,0.10416666666666669
6,160,0,33.122053333,35.629406667,28/05/2025,33,0.825719040649257,0.004792377899780197,0.756897147416756,1.4499405272561345,0.5985225926448436,4.0575408886971704,792.0,0.3875999245852187,0.13368055555555555
6,161,0,33.121828333,35.629396667,28/05/2025,33,0.8291830613567392,0.0029359389641952288,0.7621129578900775,1.4459388193306884,0.5963412465245805,4.579579563925711,769.1111111111111,0.30478883861236805,0.12239583333333334
6,162,0,33.121643333,35.629361667,28/05/2025,33,0.8268948924094482,0.009366107862561113,0.7590086053207191,1.4473740416184577,0.5977906933546138,5.048533209849189,771.0,0.18017258774611716,0.1076388888888889
6,163,1,33.121435,35.629331667,28/05/2025,33,0.8190838923484519,0.008352220341124143,0.7552043258718417,1.404125061398753,0.599273617349294,4.846251836004468,787.8888888888889,0.22410444947209657,0.10763888888888891
6,164,1,33.121225,35.629323333,28/05/2025,33,0.8246368936212564,0.010385879697193536,0.7605537453190099,1.4185419346521424,0.5953169234072015,4.619239399499472,772.6666666666666,0.16996662386368264,0.1076388888888889
6,165,0,33.12101,35.629296667,28/05/2025,33,0.8144677030146543,0.009740929922777353,0.7521751386379484,1.3863570983171782,0.6022578110598387,4.544372148594611,789.8888888888889,0.26341618768089353,0.1267361111111111
6,166,0,33.12082,35.629283333,28/05/2025,33,0.7944584934382113,0.011272183841248364,0.7421209477024701,1.2947603179653118,0.5771068549349692,4.802694271103766,785.2222222222222,0.22768089356324653,0.1267361111111111
6,167,0,33.120633333,35.62924,28/05/2025,33,0.5385118406215526,0.058208687244966854,0.5511839890793593,0.9703587222292378,0.3727655473421731,3.793093107165021,956.8888888888889,0.37831342113205924,0.1362847222222222
6,168,0,33.120745,35.628881667,28/05/2025,33,0.6513560846255013,0.04785680389269312,0.6354589255323576,1.0609053090469354,0.4744360644882313,4.544372148594611,808.3333333333334,0.12099364921423413,0.1267361111111111
6,169,0,33.120918333,35.628896667,28/05/2025,33,0.7851143883639244,0.0036905369912971385,0.7415945244145177,1.2327276046336844,0.5777956424118621,3.5706490237615593,762.4444444444445,0.4306372549019608,0.18229166666666666
6,170,0,33.121138333,35.628925,28/05/2025,33,0.7873343985917951,0.0049596485427676135,0.7446592912342961,1.2301726147445908,0.577151600857836,4.519641085934339,747.8888888888889,0.25905155721332196,0.11111111111111112
6,171,0,33.12136,35.62895,28/05/2025,33,0.7907531652268536,0.0053353871871575625,0.744229591027004,1.2554634963007976,0.5772232761289379,4.4486750035058655,749.5555555555555,0.2977676205617382,0.11545138888888891
6,172,0,33.121566667,35.628965,28/05/2025,33,0.7974100705237626,0.008498872314824733,0.7491073242680567,1.2744663579799598,0.592397066910602,3.1524399837376644,754.8888888888889,0.3309671945701357,0.16319444444444445
6,173,0,33.121733333,35.628995,28/05/2025,33,0.798297388285988,0.008071055028585884,0.7515250392876585,1.2665301451438915,0.5806909530678998,4.266134114808695,740.5555555555555,0.30546757164404226,0.1293402777777778
6,174,0,33.121926667,35.629025,28/05/2025,33,0.8011128608596998,0.0037740621498262186,0.7525168944591081,1.2793547169455226,0.5954652797440428,3.5384092242129417,751.3333333333334,0.44019607843137254,0.2170138888888889
6,175,0,33.122145,35.629051667,28/05/2025,33,0.7945957331730966,0.010970330145551023,0.7508308301844813,1.2459531661019274,0.5872684713937164,4.396647917027245,734.0,0.3146361236802413,0.17274305555555555
6,176,0,33.122323333,35.629071667,28/05/2025,33,0.7205427192842112,0.014561741111502815,0.7065036570508008,1.060725900668119,0.5422640334017712,4.36056875211351,754.8888888888889,0.3202343463372875,0.11805555555555555
6,177,0,33.122548333,35.629096667,28/05/2025,33,0.7807114874880569,0.00585181463100466,0.742207380801086,1.2019368031200068,0.5828874302571662,3.9090372348154983,746.5555555555555,0.37022435897435896,0.16145833333333334
6,178,0,33.122751667,35.629116667,28/05/2025,33,0.7759785907272261,0.0036639144212625915,0.7393952602932471,1.18800813901954,0.5826703147275573,4.85498125036058,760.4444444444445,0.23201397857961703,0.11892361111111112
6,179,0,33.122961667,35.629135,28/05/2025,33,0.7796883996378139,0.00437173338117928,0.7423554618877088,1.1948815168207356,0.58638725779414,4.8045851693378,742.6666666666666,0.29554110105580694,0.11111111111111113
6,180,0,33.123146667,35.629158333,28/05/2025,33,0.7779686848379865,0.0035167236173994213,0.7375297989338966,1.2099676589971406,0.5744084020973423,2.9616506720657205,750.2222222222222,0.5104166666666666,0.21788194444444445
6,181,0,33.12335,35.62919,28/05/2025,33,0.7908692430953919,0.0044293683373326925,0.7418991851484316,1.2693852085645965,0.5811439343473821,4.750814583693912,745.8888888888889,0.2758861236802413,0.11805555555555555
6,182,0,33.123555,35.629203333,28/05/2025,33,0.7832738560438371,0.009447789628384922,0.7409183821577752,1.2260327104066677,0.5756938547289695,4.938314583693911,748.3333333333334,0.29887998858587095,0.12760416666666669
6,183,1,33.123768333,35.629231667,28/05/2025,33,0.7715616823761597,0.005166464276181878,0.7345107665499367,1.1875594391824653,0.5715398755320331,3.181796565388194,748.3333333333334,0.4333333333333334,0.17968750000000003
6,184,0,33.123971667,35.629255,28/05/2025,33,0.7338613562968684,0.024086239050416465,0.7017108656702256,1.1480847586891287,0.5363427313642345,5.0901998765158565,777.0,0.17319855116124844,0.10416666666666669
6,185,0,33.124065,35.629268333,28/05/2025,33,0.5921453298080844,0.04104640222422092,0.616398605501385,0.9306311979664785,0.4521213556550052,3.968633148107116,812.2222222222222,0.23712980688136318,0.1423611111111111
6,186,0,33.124065,35.629268333,28/05/2025,33,0.5921453298080844,0.04104640222422092,0.616398605501385,0.9306311979664785,0.4521213556550052,3.968633148107116,812.2222222222222,0.23712980688136318,0.1423611111111111
6,187,0,33.12406,35.628896667,28/05/2025,33,0.5754421323318462,0.04915684564298793,0.6093791335910981,0.9034538837984514,0.4421935775843812,4.596251836004467,733.1111111111111,0.12928077279757658,0.11805555555555555
6,188,1,33.123853333,35.628881667,28/05/2025,33,0.7644920108836258,0.006343618929359716,0.7279886615422344,1.1801991000936722,0.5611407545864043,3.8984685548763425,762.0,0.5,0.13368055555555555
6,189,1,33.123678333,35.628858333,28/05/2025,33,0.769965935424502,0.006797814905987061,0.7287879463788338,1.2078884759112625,0.5681895019239196,4.224774142702668,772.2222222222222,0.24845455749867515,0.13368055555555555
6,190,0,33.12344,35.628828333,28/05/2025,33,0.7815948414070573,0.008864056418646533,0.737865287441275,1.2316507607197813,0.5692920515923983,5.084147917027246,760.5555555555555,0.21582869634340224,0.11111111111111112
6,191,0,33.123243333,35.628805,28/05/2025,33,0.7820283310378616,0.006879682762383097,0.7344612707057436,1.2523649221034805,0.5765794726297258,4.619239399499472,767.6666666666666,0.2580411010558069,0.1076388888888889
6,192,0,33.123063333,35.628776667,28/05/2025,33,0.7869392068466996,0.008808505029050697,0.7464762169666435,1.2196649901659105,0.5813612751307929,3.860028993762021,742.6666666666666,0.4365025376054788,0.14149305555555555
6,193,0,33.122846667,35.62875,28/05/2025,33,0.7961020755101735,0.0017752430577968833,0.744793536615714,1.2886812538766987,0.5764020578840441,3.596822633626531,755.0,0.38958333333333334,0.17708333333333331
6,194,0,33.122633333,35.62873,28/05/2025,33,0.7820269997939976,0.0044415347402143035,0.7417804310384324,1.2123365275274645,0.5673144970234232,4.433281772856699,742.7777777777778,0.3732371794871795,0.1310763888888889
6,195,0,33.122368333,35.62869,28/05/2025,33,0.720390048705288,0.022205208337408334,0.7043559551897088,1.0707014105005896,0.5338019784669572,5.0901998765158565,755.2222222222222,0.1433876486297577,0.10416666666666669
6,196,0,33.12218,35.62867,28/05/2025,33,0.7786838498239723,0.009819388072233237,0.7406303557789706,1.1999313512923457,0.575597631347486,4.186772210336683,748.4444444444445,0.2934577677224736,0.12586805555555555
6,197,0,33.121998333,35.628651667,28/05/2025,33,0.787998271020592,0.006886973101906805,0.7469109713703914,1.221869957206176,0.5784209128888018,4.8045851693378,748.4444444444445,0.21752507031918797,0.11111111111111112
6,198,0,33.12176,35.628611667,28/05/2025,33,0.7910907868035953,0.006641025529985182,0.749057667868817,1.2302922573100166,0.5965672676177348,5.063314583693911,746.0,0.197119559273433,0.11197916666666669
6,199,0,33.121566667,35.628611667,28/05/2025,33,0.7944970002496985,0.0035793599270019564,0.748599432287451,1.2558582847350839,0.580423764917112,3.8620523585005877,747.6666666666666,0.4916666666666666,0.15711805555555555
6,200,0,33.121375,35.628576667,28/05/2025,33,0.7838561229964662,0.003869979566932925,0.7467684377579479,1.1968695748087315,0.5822682573170204,4.272186074297306,738.7777777777778,0.3568627450980392,0.1449652777777778
6,201,0,33.121175,35.628551667,28/05/2025,33,0.7793428582382298,0.0029732923537415692,0.7368880382272552,1.221672566384209,0.5705945024100437,3.454172272078755,757.7777777777778,0.38541666666666663,0.19791666666666669
6,202,0,33.12097,35.628531667,28/05/2025,33,0.7979662064077617,0.004426382376493064,0.7442759524541476,1.3056049317840512,0.5847166225400199,4.594360937770435,763.1111111111111,0.2985311952223717,0.1267361111111111
6,203,0,33.120773333,35.6285,28/05/2025,33,0.6522126636230985,0.059614607865494565,0.6343606795028519,1.0734556649480056,0.46186998868223506,4.294372148594611,813.2222222222222,0.19251870993279535,0.1371527777777778
6,204,0,33.120738333,35.628503333,28/05/2025,33,0.5844278013788018,0.0565680876749907,0.5871738177087134,0.9982536816704441,0.42331573026233776,4.294372148594611,846.4444444444445,0.20263991373270263,0.1371527777777778
6,205,0,33.120793333,35.628145,28/05/2025,33,0.4842456743014752,0.048385166965253135,0.5460710197315702,0.8470675238511608,0.3665124021900457,4.663320189106001,599.1111111111111,0.18852498351623595,0.125
6,206,0,33.120991667,35.62817,28/05/2025,33,0.5867411122788794,0.04266651969123087,0.6130960352191713,0.9249617958836609,0.4392946677222873,3.1625056054120884,600.6666666666666,0.2124738388472994,0.21180555555555558
6,207,0,33.12121,35.628198333,28/05/2025,33,0.5844316019356212,0.07502007564018129,0.6120893780172962,0.9280945154371323,0.42922590752661754,5.048533209849189,878.8888888888889,0.09854668602732108,0.1076388888888889
6,208,0,33.12141,35.628218333,28/05/2025,33,0.6040388722852105,0.07191550985761383,0.6307539382660727,0.9287957336070455,0.4464150349103565,4.846251836004467,850.4444444444445,0.10513283684807054,0.1076388888888889
6,209,0,33.121623333,35.62824,28/05/2025,33,0.5501109915271394,0.07898648210382532,0.5887447723972511,0.9002958749519855,0.40132396916176183,4.596251836004467,888.6666666666666,0.1434495379911886,0.11805555555555557
6,210,0,33.121816667,35.62826,28/05/2025,33,0.5733620158364294,0.07349948464004,0.6057699527365642,0.914235910237696,0.4253865087552281,4.603846168850306,861.6666666666666,0.10233886820161717,0.11458333333333334
6,211,0,33.122011667,35.628278333,28/05/2025,33,0.5515421102204904,0.07178027464503992,0.5985024590231767,0.8747992702263778,0.4125172473393765,5.048533209849189,875.1111111111111,0.14221745103814115,0.1076388888888889
6,212,0,33.122216667,35.628316667,28/05/2025,33,0.5896953603966797,0.06738987475717184,0.6197305465073861,0.9188293084447322,0.44234338497650333,5.292481250360577,856.0,0.048502418945411345,0.10416666666666669
6,213,0,33.122491667,35.6284,28/05/2025,33,0.6560660299261554,0.04707534382610966,0.6534632170548325,1.0148080782204956,0.47367471732365857,4.596251836004467,823.0,0.13071650172949553,0.11805555555555557
6,214,0,33.122631667,35.628375,28/05/2025,33,0.575335583802766,0.07582953467252534,0.6029242332686453,0.9265252353501219,0.42414055283286467,5.292481250360577,884.3333333333334,0.09052769848456357,0.10416666666666669
6,215,0,33.122865,35.6284,28/05/2025,33,0.6239903761796646,0.06804846832013299,0.6328721862190378,0.981064274505949,0.46665951577015985,4.159037234815499,872.3333333333334,0.16376055453716637,0.15104166666666666
6,216,0,33.123048333,35.628416667,28/05/2025,33,0.5863412846157043,0.07390030748048923,0.6098448272424235,0.9363896744027378,0.4336742684343382,5.0485332098491895,882.0,0.1055196653377062,0.1076388888888889
6,217,0,33.123256667,35.628438333,28/05/2025,33,0.6213877007754304,0.07148980688341636,0.6281951428828546,0.9909286603051197,0.45256140461087885,4.294372148594611,864.4444444444445,0.18060435632286934,0.1371527777777778
6,218,1,33.123466667,35.628466667,28/05/2025,33,0.574774898398083,0.07695505468620843,0.601619069619478,0.9345160370612212,0.4210077825989149,5.048533209849189,895.5555555555555,0.11030928770632784,0.1076388888888889
6,219,2,33.123663333,35.62849,28/05/2025,33,0.6077665837069408,0.06560402208701331,0.623533860805646,0.9613123155382941,0.4568724445803196,5.048533209849189,865.7777777777778,0.10023978509530788,0.1076388888888889
6,220,0,33.123866667,35.628518333,28/05/2025,33,0.5842712995674684,0.060523392132379235,0.6136180499914642,0.9176165665527102,0.44442930974863015,4.846251836004467,885.1111111111111,0.12018288146704198,0.1076388888888889
6,221,0,33.124073333,35.628548333,28/05/2025,33,0.39372603832549274,0.055889696972002995,0.48461997984605176,0.7987819772936962,0.32168990229646915,4.663320189106001,678.1111111111111,0.19591002306094535,0.125
7,2,0,33.12394143,35.63256134,01/06/2025,29,0.49400508775968616,0.024133549877529713,0.5095483298492938,0.9604758442071084,0.39948442211913743,4.663320189106002,591.2222222222222,0.16649234588659478,0.125
7,3,0,33.12373095,35.632552255,01/06/2025,29,0.5670984632728098,0.05321025545279956,0.5592775483729853,1.0325309364519653,0.4302319109827045,4.804585169337799,882.7777777777778,0.1662488318031395,0.11111111111111112
7,4,1,33.12352722,35.6325246,01/06/2025,29,0.5285152835345002,0.057076667940705025,0.5505694469288411,0.9471259822946938,0.4121850835466261,4.846251836004466,858.2222222222222,0.10500941151757179,0.1076388888888889
7,5,0,33.123319267,35.63250203,01/06/2025,29,0.5615618839424568,0.053957827551651176,0.5609809913189848,1.0063260257410647,0.4286225349792304,4.242492461184756,871.1111111111111,0.1878568395034828,0.14583333333333334
7,6,0,33.123100337,35.632472735,01/06/2025,29,0.5827725543710756,0.06502054511778702,0.579626732315649,1.0196669494446338,0.4541351376963118,4.159037234815498,877.2222222222222,0.18180824034333004,0.15104166666666669
7,7,0,33.122890518,35.632451943,01/06/2025,29,0.5686258504779491,0.051824109908682886,0.5642109655619123,1.0175608316333222,0.4414257942245808,5.292481250360577,905.4444444444445,0.13194108213095732,0.10416666666666669
7,8,0,33.12267752,35.632427623,01/06/2025,29,0.5867020631118863,0.06253347564721272,0.5862077903931943,1.008721709357193,0.4585820784476543,5.292481250360577,892.0,0.03957971652518537,0.10416666666666669
7,9,0,33.122469337,35.632401753,01/06/2025,29,0.5402365685411135,0.05964200582300837,0.5539927945631665,0.9676956453017725,0.4288526031448522,5.0485332098491895,922.4444444444445,0.13542576802205503,0.1076388888888889
7,10,0,33.12225662,35.632386898,01/06/2025,29,0.5815538508826807,0.068315479732482,0.5860883439786438,1.0000288329962634,0.44802127468158787,4.4193721485946105,905.1111111111111,0.1635460278492943,0.12847222222222224
7,11,0,33.122047905,35.63236496,01/06/2025,29,0.553963652298546,0.05840517144569496,0.5635739050426453,0.9780496072405769,0.43789322022447646,4.681127542695028,926.3333333333334,0.1252545250326137,0.11458333333333334
7,12,0,33.121840683,35.63233741,01/06/2025,29,0.5858289790256465,0.05413597342212329,0.5875803248921242,0.9982519161535603,0.46904274474997887,5.292481250360577,926.8888888888889,0.059100328380889404,0.10416666666666669
7,13,0,33.121621448,35.632316883,01/06/2025,29,0.5336314230662271,0.05766127660989787,0.5650760265283021,0.9165197750027438,0.4459470270980831,5.292481250360577,931.8888888888889,0.08249898083577797,0.10416666666666669
7,14,0,33.121407742,35.632276483,01/06/2025,29,0.5904580229577605,0.06314868179819187,0.5963094280644633,0.9917979434197419,0.47885235838540446,4.681127542695029,937.7777777777778,0.0925419474244495,0.11458333333333334
7,15,0,33.121188762,35.632252318,01/06/2025,29,0.6110495022548181,0.0597454801978051,0.6206673614492071,0.9803298099729256,0.5047446618135497,4.663320189106001,916.8888888888889,0.1464723557353032,0.125
7,16,0,33.120976523,35.632233422,01/06/2025,29,0.5673685242449374,0.058453527768801965,0.5850348895005335,0.9541478183429162,0.46493312665048353,4.846251836004468,946.3333333333334,0.10447792898520504,0.1076388888888889
7,17,0,33.120759383,35.632200658,01/06/2025,29,0.6109589340223609,0.05745145626703839,0.6190600191755851,0.9819988760154063,0.5057377900227974,5.292481250360577,930.8888888888889,0.09614651461922546,0.10416666666666669
7,18,0,33.120553338,35.632176323,01/06/2025,29,0.5758001439572306,0.0617804969375978,0.5903905855117338,0.9615384168831381,0.47282377603322145,5.292481250360577,929.4444444444445,0.07160853736262286,0.10416666666666669
7,19,0,33.120424495,35.631815497,01/06/2025,29,0.6385161138898479,0.02801241839156614,0.6276217629368327,1.0396126214839225,0.49933603490385287,4.663320189106001,547.7777777777778,0.12836521096410253,0.125
7,20,0,33.12063312,35.63184115,01/06/2025,29,0.7506646157239415,0.008535587107318244,0.7050582508105072,1.2150787994619823,0.5912725522636401,3.6918914859532483,834.1111111111111,0.39096005701098957,0.15885416666666669
7,21,0,33.120844758,35.631866457,01/06/2025,29,0.7481641361648842,0.003598849897704474,0.695045867513591,1.2492698713092552,0.5816310441294674,1.7908520829727552,859.2222222222222,0.625,0.5138888888888888
7,22,0,33.12105556,35.631890545,01/06/2025,29,0.7488862521057764,0.002551897587839046,0.7035288303633601,1.2121875392321435,0.5893413913382226,4.305867649916837,841.4444444444445,0.3977941176470588,0.11892361111111113
7,23,0,33.121266037,35.63191517,01/06/2025,29,0.7539698563373749,0.003977667636735348,0.7068778416666085,1.224389667931283,0.5982549380485791,4.393970462159743,837.8888888888889,0.2611863560392972,0.13368055555555555
7,24,0,33.121463333,35.63195,01/06/2025,29,0.7611746970584892,0.0015395170010376955,0.7102687387323627,1.249355969955532,0.6016297210509184,2.68514304294886,847.1111111111111,0.65625,0.23524305555555555
7,25,0,33.121671667,35.631956667,01/06/2025,29,0.7680836027203746,0.004036857269467132,0.7166090224332368,1.2590094816920148,0.6003006561208467,2.4308241319059887,820.3333333333334,0.6875,0.24479166666666666
7,26,0,33.121893333,35.631988333,01/06/2025,29,0.7696899550028697,0.0038222561886115023,0.7113085433929663,1.2966325926873032,0.6031083053689122,2.078838679766182,844.4444444444445,0.7708333333333334,0.35937500000000006
7,27,0,33.122096667,35.632008333,01/06/2025,29,0.725487622728128,0.01742723642885103,0.6874078696380772,1.1660746890679887,0.5795927572631778,4.454986855772666,856.0,0.1959350413762179,0.13194444444444448
7,28,0,33.122298333,35.63204,01/06/2025,29,0.752896836275978,0.006551323448175869,0.7027018187078604,1.239497136432521,0.5814826830470281,3.5044524202426603,843.3333333333334,0.5645833333333333,0.15625
7,29,0,33.122501667,35.632048333,01/06/2025,29,0.7533355549225046,0.007531517169269234,0.7036472085490545,1.2380067557583208,0.5806254695088161,2.927972535595637,835.2222222222222,0.4979166666666667,0.16927083333333331
7,30,0,33.122681667,35.632066667,01/06/2025,29,0.7606277888875681,0.0066351436822924765,0.7072903045901044,1.2614279350515958,0.599510718852104,3.68012332660786,824.5555555555555,0.42696078431372547,0.1684027777777778
7,31,0,33.122905,35.632093333,01/06/2025,29,0.7665085836986588,0.006662358236275994,0.7116283793796688,1.2750142804738844,0.5909366901595892,4.4486750035058655,822.5555555555555,0.3396982389629448,0.12239583333333334
7,32,0,33.123113333,35.632125,01/06/2025,29,0.7573904851580089,0.003946978785948983,0.7088959483445149,1.2340229384073795,0.5925943040277759,3.5027054819279444,816.2222222222222,0.4682598039215687,0.16493055555555558
7,33,0,33.123311667,35.632153333,01/06/2025,29,0.7496008308032591,0.006062585328667129,0.7067662337550323,1.2005142823990183,0.5861463494300538,4.015358131643836,813.5555555555555,0.42083333333333334,0.1371527777777778
7,34,1,33.123515,35.632185,01/06/2025,29,0.7452554495536685,0.008007791680668445,0.6949128345838725,1.2338140251800944,0.5906902033133503,3.500611856804443,842.6666666666666,0.4747794117647059,0.19010416666666669
7,35,1,33.123715,35.632198333,01/06/2025,29,0.7421400904399404,0.005889582803032131,0.6918903815377655,1.2307863764968618,0.5643355808508408,4.410906066166138,824.6666666666666,0.24431561085972853,0.13020833333333337
7,36,0,33.123926667,35.632235,01/06/2025,29,0.5765158308309067,0.01307336978712395,0.5703342867867193,1.01894316224499,0.4778515405721401,4.603846168850305,895.8888888888889,0.23898434633728755,0.11458333333333334
7,37,0,33.123941667,35.632231667,01/06/2025,29,0.5765158308309067,0.01307336978712395,0.5703342867867193,1.01894316224499,0.4778515405721401,4.603846168850305,895.8888888888889,0.23898434633728755,0.11458333333333334
7,38,0,33.123938333,35.631851667,01/06/2025,29,0.5305546074851254,0.020134893558479437,0.559205081299278,0.9224097390917402,0.44520901740621877,4.477974419267672,898.2222222222222,0.18823585463291342,0.12152777777777779
7,39,0,33.123708333,35.631828333,01/06/2025,29,0.753312443623756,0.0077574654270723175,0.7018432934704908,1.2464282359971754,0.5896276375838769,3.8860276044371003,826.6666666666666,0.475,0.1527777777777778
7,40,2,33.123495,35.631791667,01/06/2025,29,0.7722872583221323,0.009618545692190656,0.7190631390827038,1.2738840917570016,0.6052241055479674,3.64995216126342,825.1111111111111,0.34471586971586976,0.1449652777777778
7,41,0,33.123288333,35.631761667,01/06/2025,29,0.7822381332081747,0.00477895124646911,0.7220276952977854,1.3217508583272577,0.6006794188484186,3.4643852928219436,821.7777777777778,0.4545343137254902,0.17708333333333334
7,42,0,33.123103333,35.631753333,01/06/2025,29,0.7721291665917541,0.007154700778700928,0.7147655880360738,1.2946082674863055,0.5979790103874514,3.7255602963278096,827.8888888888889,0.3603129713423831,0.16493055555555558
7,43,0,33.122895,35.631733333,01/06/2025,29,0.7602830762590412,0.005351480158931303,0.7107795515374675,1.2415539680654877,0.5909715057881263,4.038060296327809,831.6666666666666,0.2821738310708899,0.1293402777777778
7,44,0,33.122693333,35.631701667,01/06/2025,29,0.7603112926442688,0.004548041621932156,0.7077793868238158,1.2573199089386504,0.5887775578871381,2.4308241319059887,825.1111111111111,0.6875,0.24479166666666663
7,45,0,33.122473333,35.63168,01/06/2025,29,0.7563633865419959,0.005559826618221622,0.7029142390111205,1.2579652146402338,0.5967273890442578,4.4486750035058655,843.4444444444445,0.32623547755900695,0.12239583333333334
7,46,0,33.122265,35.63166,01/06/2025,29,0.7450646144705155,0.009452647323550159,0.6960810559498052,1.2281176339948874,0.583589888299431,3.736180608917954,858.4444444444445,0.4054769984917043,0.1484375
7,47,0,33.122058333,35.631625,01/06/2025,29,0.7602434043301405,0.007784752675682284,0.7138224242280199,1.2269818974400206,0.5983156240955929,4.0111750035058655,830.8888888888889,0.4269607843137254,0.13020833333333331
7,48,0,33.121858333,35.631596667,01/06/2025,29,0.7727045814103287,0.0027891824963930272,0.7162513459651314,1.2896089675303648,0.5956892004776777,4.349467448142027,829.3333333333334,0.34227941176470583,0.12239583333333333
7,49,0,33.12163,35.631571667,01/06/2025,29,0.7712273218094043,0.004399799237754098,0.7196867392092953,1.2628326358239763,0.6071548878014622,4.001426440498355,831.7777777777778,0.43096719457013577,0.1449652777777778
7,50,0,33.121425,35.631556667,01/06/2025,29,0.7694772445255003,0.0071937750471534,0.719362290383262,1.2541010364173686,0.6018054246295552,3.9556140481496684,827.2222222222222,0.33848039215686276,0.13368055555555558
7,51,0,33.12121,35.631541667,01/06/2025,29,0.756089604599451,0.004421678844426128,0.7084260048809221,1.2292410726698497,0.5900997639030247,3.6071575474056434,839.5555555555555,0.44583333333333336,0.16493055555555558
7,52,0,33.121005,35.631506667,01/06/2025,29,0.7549650574014548,0.002999994718054354,0.6982499046546683,1.2728559582029386,0.5870281155404579,4.001426440498355,875.5555555555555,0.4207202111613877,0.1449652777777778
7,53,0,33.120813333,35.631475,01/06/2025,29,0.7592211509977463,0.003996739071084539,0.7006109923725313,1.286613030448013,0.5735733576834574,1.740119098184558,858.7777777777778,0.8020833333333333,0.42447916666666663
7,54,0,33.120596667,35.631453333,01/06/2025,29,0.7346259029974749,0.0035607201632732806,0.6927624421335226,1.1870095579695812,0.5739026723627837,4.667481250360579,849.1111111111111,0.1793776242305654,0.125
7,55,0,33.12044,35.63143,01/06/2025,29,0.5892629537590827,0.028791096618257617,0.5912891100667106,0.9940082423006271,0.46082310840377466,4.663320189106001,539.1111111111111,0.14385558960907754,0.125
7,56,0,33.120466667,35.63116,01/06/2025,29,0.5529657587398059,0.040175102477957816,0.5660730155679485,0.9653979286041433,0.43620307609789766,5.084147917027245,836.4444444444445,0.12070500865370537,0.11111111111111112
7,57,0,33.120678333,35.63118,01/06/2025,29,0.7202324526917596,0.017546027637092412,0.6839519302432459,1.1581363166793703,0.5694927719922814,4.477567127420716,873.3333333333334,0.18507495920498246,0.11892361111111113
7,58,0,33.12088,35.631201667,01/06/2025,29,0.7336300705086654,0.008588516153539182,0.6912540967797074,1.1884915846096178,0.5767469359375791,4.8193665431825226,886.8888888888889,0.31106334841628963,0.1154513888888889
7,59,0,33.121095,35.631228333,01/06/2025,29,0.7262133989143108,0.009585786763533492,0.6911341164713817,1.1521448588762164,0.5738533919817727,4.619239399499471,880.2222222222222,0.26911295662730383,0.1076388888888889
7,60,0,33.1213,35.63126,01/06/2025,29,0.7356686496922492,0.011742031360221354,0.6892117197767074,1.209867199475899,0.5771715026931881,4.637918502671134,888.4444444444445,0.24689347152582447,0.13020833333333331
7,61,0,33.121505,35.631283333,01/06/2025,29,0.7269195992862163,0.007320193273777491,0.695987439192596,1.1343298821698267,0.5839146437475617,4.346251836004465,873.1111111111111,0.3390666401695813,0.12847222222222224
7,62,0,33.121713333,35.631296667,01/06/2025,29,0.742225618675806,0.015352593367741573,0.6953883951347631,1.2173352574904082,0.5775445167153722,4.2055987125771095,879.1111111111111,0.2727706269618034,0.1189236111111111
7,63,0,33.121926667,35.631331667,01/06/2025,29,0.7394285711396912,0.007598790740293556,0.6965693678323552,1.1948498576030462,0.5801822261397509,3.370838938745422,869.8888888888889,0.35416666666666663,0.21875
7,64,0,33.12214,35.631348333,01/06/2025,29,0.6852652427386577,0.01689108163270154,0.6590892104861507,1.101765032725191,0.540754616068479,4.698527604437102,904.3333333333334,0.17872262920684726,0.11892361111111112
7,65,1,33.122338333,35.631373333,01/06/2025,29,0.7299059146889699,0.014874094124965476,0.6888858631984213,1.1830920547845942,0.5748795438068023,5.048533209849189,864.0,0.19719181851534792,0.1076388888888889
7,66,0,33.122535,35.631401667,01/06/2025,29,0.730351634480467,0.007086943626718609,0.689205583493192,1.1807132822960906,0.5753020384790193,5.0485332098491895,863.1111111111111,0.18103347778247597,0.1076388888888889
7,67,0,33.122753333,35.631431667,01/06/2025,29,0.73296131817178,0.008680926209649293,0.6873591633660268,1.2029758209494121,0.5763984010411279,3.711914003993359,874.1111111111111,0.46345211161387634,0.1527777777777778
7,68,0,33.122943333,35.631456667,01/06/2025,29,0.7371601544352505,0.0071300594341567455,0.6903580547341206,1.2111735812406157,0.5883228005822507,4.603846168850306,870.3333333333334,0.30821078431372545,0.11458333333333334
7,69,0,33.12316,35.631473333,01/06/2025,29,0.7262362666452613,0.008496912279064305,0.6912101647158638,1.1529719209381786,0.5774761281591082,3.6081546291736486,850.4444444444445,0.40625,0.16840277777777776
7,70,1,33.12336,35.6315,01/06/2025,29,0.7298757527737717,0.008259007781917533,0.6898919839916755,1.1760641484141798,0.5790360221779243,4.596251836004467,858.3333333333334,0.2706636500754148,0.11805555555555555
7,71,2,33.12357,35.631521667,01/06/2025,29,0.7344665154510633,0.0069876970507376625,0.6915868719623594,1.191242328341658,0.5791754888365804,4.709147917027245,845.7777777777778,0.2733821491174432,0.13541666666666669
7,72,1,33.123766667,35.631543333,01/06/2025,29,0.718650171656972,0.014040925388912997,0.671662534809173,1.2003979844969468,0.565773055989543,4.603846168850306,846.2222222222222,0.19609575638987403,0.11458333333333334
7,73,0,33.12396,35.63157,01/06/2025,29,0.45511579752159886,0.020789023424548705,0.495795124616932,0.9004330569887126,0.37092394448273913,3.632885691833921,969.1111111111111,0.34585065835065837,0.14583333333333334
7,74,0,33.12397,35.631101667,01/06/2025,29,0.4790155082080655,0.023790647100144106,0.5115697407471018,0.91841605433495,0.39282322855119495,5.048533209849189,951.0,0.2052688435041376,0.1076388888888889
7,75,0,33.123761667,35.631083333,01/06/2025,29,0.7424456006040367,0.007804830787816433,0.6997797741991815,1.1956120375456996,0.5729114843750809,4.549815690428226,814.4444444444445,0.2379919795360972,0.1154513888888889
7,76,0,33.12354,35.631048333,01/06/2025,29,0.767782894057395,0.006350446885058317,0.7155650384697585,1.2632504367283564,0.6076362188625186,4.8610332098491895,824.7777777777778,0.2617269984917044,0.11197916666666669
7,77,0,33.12332,35.631038333,01/06/2025,29,0.7623207284513733,0.005312118428963106,0.7093020576947529,1.2613911675931506,0.5952977347504163,4.603846168850305,841.8888888888889,0.32066365007541475,0.11458333333333334
7,78,0,33.123115,35.631001667,01/06/2025,29,0.762123641827286,0.003786987060634723,0.6974523036833774,1.3206501604847993,0.5947526916355363,3.329115106190033,860.4444444444445,0.3133578431372549,0.17361111111111113
7,79,0,33.122913333,35.630978333,01/06/2025,29,0.7603096477194796,0.0054780896679718595,0.7128925240466839,1.2317121017882398,0.5866076649157024,2.2465073264361655,824.8888888888889,0.6541666666666667,0.2786458333333333
7,80,0,33.122696667,35.630958333,01/06/2025,29,0.7647859415012923,0.0032070979523570694,0.7143569745853209,1.2504039906907876,0.6023061393900497,3.1404762562790713,844.7777777777778,0.5101338612368024,0.23958333333333331
7,81,1,33.122505,35.630931667,01/06/2025,29,0.7716932443025896,0.003901248006533906,0.7164614485490968,1.2822717952792502,0.6091065858290264,4.180867649916838,840.8888888888889,0.2352478526866995,0.12586805555555558
7,82,0,33.122313333,35.630918333,01/06/2025,29,0.766728818334084,0.010106854155988151,0.7087778571112053,1.2922015834827234,0.5973334688991395,4.68717950218364,858.0,0.3261029411764706,0.1232638888888889
7,83,0,33.122081667,35.630858333,01/06/2025,29,0.7745708382045451,0.003344761555057692,0.720019201976241,1.2816593537143237,0.6039225890392683,3.8969964419040486,845.6666666666666,0.4370098039215687,0.1293402777777778
7,84,1,33.121876667,35.63085,01/06/2025,29,0.770474772387909,0.0066189128198836005,0.713112396370361,1.2923145941124807,0.5984979082969555,4.818494793599889,848.8888888888889,0.3043646304675716,0.11197916666666669
7,85,3,33.12168,35.630828333,01/06/2025,29,0.7608139904801525,0.006711605013205972,0.7064261204128035,1.267346772765372,0.583311906797957,3.528965823449233,853.8888888888889,0.5375000000000001,0.16579861111111113
7,86,2,33.121455,35.630788333,01/06/2025,29,0.7568910327402637,0.004269370668036579,0.7032633060661593,1.2594048902091588,0.5776938620117048,3.444436474316216,843.4444444444445,0.5541666666666667,0.1701388888888889
7,87,3,33.121315,35.63078,01/06/2025,29,0.7444969479020426,0.007434852694955219,0.6930522358921477,1.2383748760498088,0.569300294208094,3.915089194304109,864.0,0.41323198198198197,0.1545138888888889
7,88,3,33.12107,35.630768333,01/06/2025,29,0.7335951593510867,0.008923537724517662,0.6867421252163897,1.2090558645823406,0.5728520742660761,4.516207814343076,870.6666666666666,0.33733031674208147,0.13020833333333334
7,89,2,33.120945,35.630735,01/06/2025,29,0.7394606073126861,0.009453328593628949,0.6900771252972898,1.2250448275849344,0.5699008226117713,4.194773835029478,864.2222222222222,0.24764507154213034,0.13194444444444442
7,90,0,33.120746667,35.63069,01/06/2025,29,0.7585112122955872,0.005874538241655075,0.7012174474504017,1.2794215372028572,0.5859853478037608,4.163932045910443,871.5555555555555,0.4165064102564103,0.13802083333333334
7,91,0,33.120521667,35.630671667,01/06/2025,29,0.6177166164432213,0.052204105258789255,0.593627295283041,1.0881575206181822,0.47407894697199027,3.89882421407231,831.4444444444445,0.1933672940125123,0.15104166666666669
7,92,0,33.120516667,35.630675,01/06/2025,29,0.5602397873441157,0.0467479516364011,0.5585877082828349,1.011814956708107,0.43199104459348087,4.159037234815498,832.6666666666666,0.2309568037695395,0.15104166666666669
7,93,0,33.12057,35.630325,01/06/2025,29,0.5921360815560495,0.05047240929700195,0.5829663231534354,1.0345458897816338,0.44954304959648755,4.544372148594611,824.7777777777778,0.12838502717300598,0.1267361111111111
7,94,1,33.12077,35.630348333,01/06/2025,29,0.7565754400860755,0.007414671200325892,0.7020644789392718,1.2635966112392678,0.5821520853178791,4.818494793599889,861.0,0.23403148057559822,0.11197916666666669
7,95,1,33.120993333,35.630381667,01/06/2025,29,0.7551826603100933,0.005369760564508631,0.6993776838292164,1.268809611635319,0.583643559070251,3.916756899846709,853.4444444444445,0.4524509803921568,0.14583333333333331
7,96,0,33.121196667,35.630408333,01/06/2025,29,0.7692663573031853,0.007037383317071781,0.7115589936687008,1.2937099175366784,0.5978452945105457,5.063314583693911,850.3333333333334,0.260203416085769,0.11197916666666669
7,97,2,33.121416667,35.630418333,01/06/2025,29,0.7590273402807352,0.005549196082681209,0.7067423956137782,1.2548386640405547,0.5850791032188135,3.9719224597790608,850.6666666666666,0.3564950980392157,0.1371527777777778
7,98,2,33.121633333,35.630451667,01/06/2025,29,0.7608822299596095,0.01020974397780936,0.7045201093618264,1.2786798294930724,0.5851875620112307,4.343722183214059,856.0,0.19856202356202354,0.14756944444444445
7,99,2,33.121831667,35.63048,01/06/2025,29,0.7635963002587576,0.0069677622477604196,0.7076954871924456,1.2774914789830099,0.5973045756466516,4.035034316583504,857.2222222222222,0.3365950226244343,0.1579861111111111
7,100,1,33.12207,35.6305,01/06/2025,29,0.765361290539104,0.0028864839334872086,0.7140636052535627,1.2552782739464634,0.5955232075132487,4.271647917027245,842.6666666666666,0.4265931372549019,0.14149305555555555
7,101,1,33.122296667,35.630585,01/06/2025,29,0.7566593784946989,0.010475324024164656,0.7060303327102255,1.2441437321115283,0.5940944986118963,4.68717950218364,856.0,0.13203845788332583,0.1232638888888889
7,102,1,33.122506667,35.630565,01/06/2025,29,0.7838153120830698,0.008035624317808425,0.7284680601325159,1.2974420119668164,0.6179991801388156,4.461038815261277,832.6666666666666,0.31514894419306183,0.125
7,103,1,33.122725,35.63059,01/06/2025,29,0.7704990639547401,0.01019219572386458,0.7143724936601514,1.2880595064028642,0.6098004082009553,4.819366543182522,851.5555555555555,0.22879315967551261,0.1154513888888889
7,104,0,33.122943333,35.630615,01/06/2025,29,0.7663685433457963,0.007825942169460505,0.7140720035402368,1.262664884859869,0.601497402770745,3.689422767452251,840.8888888888889,0.5687499999999999,0.1831597222222222
7,105,0,33.123168333,35.630635,01/06/2025,29,0.7633822851064039,0.003178436635485959,0.7155612008547337,1.235586596751825,0.6009117008950603,4.275693045422949,840.3333333333334,0.26675150829562594,0.12152777777777778
7,106,0,33.123375,35.630655,01/06/2025,29,0.7615118703530981,0.006810294130962924,0.7177102381239684,1.2144142599164083,0.6022146951297124,4.324546753088499,819.8888888888889,0.3974264705882353,0.12586805555555558
7,107,1,33.12358,35.630683333,01/06/2025,29,0.7442808066065308,0.01173144590412396,0.6970449510432016,1.2193863919531729,0.5802058612212173,4.818494793599889,843.5555555555555,0.2687782805429864,0.11197916666666669
7,108,2,33.12379,35.630711667,01/06/2025,29,0.7433083528575604,0.009033645565814423,0.6953888255433487,1.2214738003474723,0.5803608266585454,4.3523037954930786,837.0,0.3807598039215686,0.12152777777777778
7,109,0,33.12398,35.630726667,01/06/2025,29,0.49387913151572627,0.041195061662306263,0.5162227495507435,0.9437484369592308,0.4003333983934406,4.8193665431825226,966.2222222222222,0.25330411349788895,0.1154513888888889
7,110,0,33.123981667,35.63073,01/06/2025,29,0.47817077341135306,0.020841189138817186,0.5082098606378951,0.9237909175450612,0.39631854316405035,4.854981250360578,962.6666666666666,0.31061463046757165,0.11892361111111113
7,111,0,33.123981667,35.630383333,01/06/2025,29,0.5310395783181714,0.046445839496848204,0.5505532746797169,0.9489001398450265,0.4375535821279009,4.596251836004467,938.3333333333334,0.16054200440914299,0.11805555555555555
7,112,1,33.123775,35.630358333,01/06/2025,29,0.7430244349658933,0.006173926027200308,0.6945174356597248,1.2232402848887347,0.5881435083318366,3.3607123827815872,860.5555555555555,0.5587009803921568,0.19444444444444445
7,113,1,33.123573333,35.630345,01/06/2025,29,0.7539975153610002,0.004446961452436586,0.70404876591292,1.2388491201213392,0.5928517170361866,4.071447073809811,854.0,0.4349264705882353,0.12586805555555555
7,114,0,33.123361667,35.6303,01/06/2025,29,0.766282481684397,0.002975163732219574,0.7104056273477131,1.2801133051731088,0.5958463580451201,3.8913552134118423,850.2222222222222,0.454854826546003,0.12673611111111113
7,115,0,33.123165,35.630278333,01/06/2025,29,0.7542869341290529,0.005436262586305407,0.7087429672680585,1.2172168578725304,0.5936016312164978,4.6795851693378,840.4444444444445,0.3280920060331825,0.12673611111111113
7,116,0,33.123165,35.630278333,01/06/2025,29,0.7542869341290529,0.005436262586305407,0.7087429672680585,1.2172168578725304,0.5936016312164978,4.6795851693378,840.4444444444445,0.3280920060331825,0.12673611111111113
7,117,0,33.122941667,35.630253333,01/06/2025,29,0.7683606196642786,0.005718519025304399,0.7212839223659614,1.236969430037124,0.5964461134619838,3.7781071683628107,831.2222222222222,0.24767156862745102,0.17708333333333337
7,118,0,33.122736667,35.630225,01/06/2025,29,0.7874264790220076,0.0031768533860271576,0.7278671322861784,1.3246437394018686,0.6186543649817287,2.6009028854846648,851.6666666666666,0.6541666666666667,0.3272569444444444
7,119,1,33.122551667,35.630196667,01/06/2025,29,0.7847045037153674,0.0036969219140600045,0.723956003995252,1.3278385523455263,0.6189244036372692,4.596251836004467,853.2222222222222,0.33241383351677467,0.11805555555555555
7,120,2,33.122345,35.63018,01/06/2025,29,0.7667385280071275,0.007306599348072524,0.7112803993317438,1.2783479978294405,0.5956912192272499,4.819366543182523,853.5555555555555,0.2825866250866251,0.1154513888888889
7,121,2,33.122125,35.630151667,01/06/2025,29,0.7696691278956009,0.010342200949590596,0.7140721300157092,1.2838275774368126,0.6068014526288618,4.602303795493077,855.5555555555555,0.31931561085972854,0.11111111111111112
7,122,2,33.121891667,35.630136667,01/06/2025,29,0.7650659533108407,0.0043337555631439454,0.712340183838267,1.262742495224669,0.5971514189203326,3.6183676499168373,852.7777777777778,0.4566176470588235,0.171875
7,123,2,33.121891667,35.630136667,01/06/2025,29,0.7650659533108407,0.0043337555631439454,0.712340183838267,1.262742495224669,0.5971514189203326,3.6183676499168373,852.7777777777778,0.4566176470588235,0.171875
7,124,3,33.12169,35.630106667,01/06/2025,29,0.7657701276770941,0.003988480890756481,0.7115229655056573,1.2706389710669557,0.604604949180348,3.140129898721527,860.1111111111111,0.3639705882352941,0.1762152777777778
7,125,2,33.121491667,35.630096667,01/06/2025,29,0.7711896303884269,0.006915146682441151,0.7114370943363719,1.306506355098219,0.604777694322574,3.826986382061203,863.1111111111111,0.3890666401695814,0.1449652777777778
7,126,1,33.121263333,35.630063333,01/06/2025,29,0.7689971970309687,0.008693222070904113,0.7178641172378935,1.2590689339697962,0.5991613499599301,4.575418502671133,847.0,0.29038323584593306,0.11892361111111113
7,127,1,33.121073333,35.630033333,01/06/2025,29,0.7815684531245677,0.004024437143514183,0.7257123042537816,1.2967885019858625,0.6102043666023079,4.240341670172532,845.7777777777778,0.40938914027149326,0.1293402777777778
7,128,0,33.120841667,35.630011667,01/06/2025,29,0.773178284181648,0.0073377443078777105,0.7186127185772258,1.2812613288334664,0.6164706658575276,4.41937214859461,849.6666666666666,0.3222774244833069,0.12847222222222224
7,129,0,33.120626667,35.629968333,01/06/2025,29,0.6730475134939097,0.03936966613961243,0.6329881345826069,1.155579241588595,0.5039439556267143,4.8045851693378,846.6666666666666,0.14239575928228043,0.11111111111111112
7,130,0,33.120568333,35.629966667,01/06/2025,29,0.560390714481419,0.05002162361012047,0.5574663315485373,1.014801650114725,0.4243424210670325,5.0485332098491895,836.7777777777778,0.17406617654746562,0.1076388888888889
7,131,0,33.120631667,35.629596667,01/06/2025,29,0.6208106508965145,0.052509748530325175,0.6094633312887195,1.048370499919263,0.48628889779439155,4.8401998765158565,816.5555555555555,0.1162263932413143,0.11458333333333334
7,132,0,33.120846667,35.629625,01/06/2025,29,0.77631395634431,0.006144004327969111,0.717736009226493,1.3056152190804542,0.6027153114864262,3.5968226336265317,846.8888888888889,0.3208333333333333,0.17708333333333334
7,133,1,33.121073333,35.629663333,01/06/2025,29,0.7830610179404192,0.00651548147214815,0.7231766533256623,1.3217424687664174,0.6093799757314214,4.188461982762677,838.2222222222222,0.44791666666666663,0.13802083333333334
7,134,1,33.121263333,35.629696667,01/06/2025,29,0.783792527635819,0.004777934284015692,0.7241451780072885,1.3206707679094138,0.6106605326514102,4.223406066166137,837.0,0.3004430618401207,0.12586805555555555
7,135,1,33.121465,35.629713333,01/06/2025,29,0.7826229956493577,0.004629656010789702,0.7219095313858912,1.3250213854320843,0.6143391429290177,3.7316122558164198,843.8888888888889,0.5104166666666667,0.140625
7,136,2,33.12168,35.629751667,01/06/2025,29,0.7819730281274333,0.00362028855198475,0.7275164317934828,1.2894472390954022,0.6152024783088804,4.023627850368219,827.0,0.2801394154335331,0.1449652777777778
7,137,1,33.121893333,35.629761667,01/06/2025,29,0.7765268785099264,0.004138321675474187,0.7246594524934927,1.2697800039154887,0.6018027139462464,3.7114330126120216,828.2222222222222,0.45007541478129715,0.15104166666666669
7,138,1,33.122156667,35.629793333,01/06/2025,29,0.7755963814532983,0.0071533243738237315,0.7203720943958406,1.2864034674251499,0.6064298181320917,4.638589126445728,843.5555555555555,0.2677015307162366,0.11458333333333334
7,139,1,33.12238,35.629821667,01/06/2025,29,0.7796771592375547,0.008576171507559481,0.7215083284787809,1.3083586778596672,0.5995967217317841,3.4427341460075893,830.5555555555555,0.3364648302148302,0.1623263888888889
7,140,0,33.12257,35.629838333,01/06/2025,29,0.7845506172965341,0.006789139013805476,0.7197156756957315,1.3516796674848857,0.6195960637743023,2.368437581050531,856.8888888888889,0.6041666666666666,0.2404513888888889
7,141,0,33.12278,35.629871667,01/06/2025,29,0.7799505548915293,0.008484331054512123,0.7272824575032486,1.2785349101287913,0.6083112421711179,4.6795851693378,843.6666666666666,0.17766448575272104,0.11111111111111113
7,142,1,33.122971667,35.62989,01/06/2025,29,0.769756211737611,0.004194701102542905,0.7139555346933566,1.2832070959422877,0.6080288557981076,3.8969964419040486,854.0,0.46875000000000006,0.1293402777777778
7,143,0,33.123196667,35.629915,01/06/2025,29,0.7602021888031184,0.004873021003054508,0.7090760747508278,1.2498719203161262,0.5976912914360164,3.441891485953249,853.4444444444445,0.5604166666666666,0.16927083333333331
7,144,1,33.123388333,35.629938333,01/06/2025,29,0.7554187942393242,0.005854169219087572,0.7057946472947129,1.2382938211097736,0.5905250562230764,4.516615106190034,852.4444444444445,0.2858426582691289,0.1310763888888889
7,145,0,33.123576667,35.629958333,01/06/2025,29,0.7510703589175908,0.0060324534763344885,0.6997628558911528,1.243354852223954,0.5842922459982579,3.625702089984487,850.0,0.42500000000000004,0.1484375
7,146,0,33.123581667,35.629956667,01/06/2025,29,0.7510703589175908,0.0060324534763344885,0.6997628558911528,1.243354852223954,0.5842922459982579,3.625702089984487,850.0,0.42500000000000004,0.1484375
7,147,2,33.123781667,35.629968333,01/06/2025,29,0.7206438683364345,0.006906916249310339,0.6752339234483845,1.1947001281077636,0.5684419970653585,3.921875306641414,864.0,0.4090686274509804,0.1684027777777778
7,148,0,33.123996667,35.630008333,01/06/2025,29,0.5474047419615906,0.04113109040967351,0.5559809970268951,0.9782859096992459,0.44521745891082215,5.292481250360577,914.8888888888889,0.08964621173936518,0.10416666666666669
7,149,0,33.124011667,35.630023333,01/06/2025,29,0.5474047419615906,0.04113109040967351,0.5559809970268951,0.9782859096992459,0.44521745891082215,5.292481250360577,914.8888888888889,0.08964621173936518,0.10416666666666669
7,150,0,33.124035,35.629631667,01/06/2025,29,0.522638182209873,0.030082166152293584,0.5360282247144283,0.9641203237368361,0.4269437365923002,4.619239399499472,933.6666666666666,0.1654082602543297,0.1076388888888889
7,151,0,33.123895,35.629618333,01/06/2025,29,0.6940925500604715,0.011597534221797988,0.6587100771204322,1.1397657200303846,0.5421090928110248,4.437179502183638,857.4444444444445,0.25551271860095387,0.13368055555555555
7,152,0,33.123688333,35.629601667,01/06/2025,29,0.72694476055271,0.010247462476982262,0.6826822281014713,1.1933502993287652,0.5750565806662716,4.4673541066775275,851.0,0.2687034262769557,0.12239583333333334
7,153,0,33.1235,35.62959,01/06/2025,29,0.731659200239609,0.005484536678184258,0.687259797647658,1.1963774777066205,0.5759868870719201,4.861033209849189,847.6666666666666,0.20827763601257146,0.11197916666666669
7,154,0,33.123311667,35.629551667,01/06/2025,29,0.7312955377778585,0.009659560762720319,0.6846449117932942,1.2069125663903586,0.5695762212656423,4.846251836004468,845.2222222222222,0.24355381965676082,0.1076388888888889
7,155,0,33.123088333,35.629536667,01/06/2025,29,0.7390853181304674,0.008677500624240952,0.6920172384004333,1.2137120511467114,0.5764071478306355,4.602303795493077,845.8888888888889,0.22279977375565607,0.11111111111111113
7,156,0,33.122883333,35.629498333,01/06/2025,29,0.7496205085394309,0.011193832796848172,0.7011409316607333,1.2289810315416259,0.586747800025166,5.048533209849189,847.0,0.13847114580444775,0.1076388888888889
7,157,1,33.122671667,35.62948,01/06/2025,29,0.7619627760814072,0.009455241900673364,0.713638076375409,1.2381773159073084,0.5861149799940961,4.03806029632781,838.6666666666666,0.39395739064856716,0.1293402777777778
7,158,0,33.122476667,35.62947,01/06/2025,29,0.761595125089555,0.009207213206835107,0.7035186670755953,1.2873325359069048,0.5899780514288704,4.201219991868833,858.2222222222222,0.41397058823529415,0.13368055555555555
7,159,0,33.122266667,35.629441667,01/06/2025,29,0.6966347553385427,0.019316243659367436,0.6727363526685698,1.095324877679661,0.5490645270021441,4.846251836004468,856.4444444444445,0.16569024534411908,0.10763888888888891
7,160,0,33.122053333,35.629406667,01/06/2025,29,0.768016543172767,0.006017234205218544,0.7149635413777423,1.2670818678181717,0.5920901277874917,4.818494793599887,832.4444444444445,0.17295712319205864,0.11197916666666669
7,161,0,33.121828333,35.629396667,01/06/2025,29,0.7714387080505065,0.00957366883916216,0.7138796714836737,1.295246238046822,0.6007082178086507,4.544372148594611,857.5555555555555,0.18073330683624803,0.12673611111111113
7,162,0,33.121643333,35.629361667,01/06/2025,29,0.7665011982910485,0.009210787629894319,0.7130366742145062,1.2680737950695569,0.5961619255226922,4.346251836004465,839.7777777777778,0.3319682238799886,0.12847222222222224
7,163,1,33.121435,35.629331667,01/06/2025,29,0.7603971269440003,0.011804453016680124,0.708460349098034,1.2556140210587927,0.5879302131771514,4.759892522926829,855.8888888888889,0.2188177713913008,0.11197916666666669
7,164,1,33.121225,35.629323333,01/06/2025,29,0.7663843334412185,0.012946761437801916,0.7087431016496544,1.2909716602434065,0.5910301362163709,4.4193721485946105,859.5555555555555,0.20188593004769473,0.12847222222222224
7,165,0,33.12101,35.629296667,01/06/2025,29,0.7566939768332461,0.008845452778118294,0.7005037845564818,1.2725005538075886,0.577590179814564,4.818494793599889,872.0,0.3198529411764706,0.11197916666666669
7,166,0,33.12082,35.629283333,01/06/2025,29,0.7477772886028986,0.010595222670609404,0.6916782752989632,1.2640818107401965,0.5781145213526773,4.575418502671132,874.1111111111111,0.27167797888386125,0.11892361111111112
7,167,0,33.120633333,35.62924,01/06/2025,29,0.5615086682392959,0.03471526593165361,0.5652483488154123,0.9896940044038698,0.4364541837649101,4.619239399499472,841.5555555555555,0.22955530177606837,0.1076388888888889
7,168,0,33.120745,35.628881667,01/06/2025,29,0.6256921646066811,0.03907329120087223,0.5950610160828234,1.1054533979775618,0.4886194234349737,4.840199876515856,864.1111111111111,0.09020285271044576,0.11458333333333334
7,169,0,33.120918333,35.628896667,01/06/2025,29,0.7354859907168338,0.008534212085285065,0.693718531436004,1.1868220099945574,0.5743281840572786,3.8160806706600265,853.2222222222222,0.3849264705882353,0.1328125
7,170,0,33.121138333,35.628925,01/06/2025,29,0.7407480471692978,0.008317922540645664,0.6949484126527151,1.2088956277622827,0.5809125656390166,4.846251836004468,843.0,0.15326296345038937,0.1076388888888889
7,171,0,33.12136,35.62895,01/06/2025,29,0.741602497461738,0.0062241860474654,0.6923141406081533,1.2259594345541311,0.5731471270482551,3.571346476523496,848.4444444444445,0.5083333333333333,0.17100694444444448
7,172,0,33.121566667,35.628965,01/06/2025,29,0.7536731624102642,0.0035154224835141938,0.7016600124083457,1.2485996994859283,0.5882217177538062,3.4379072918469555,841.7777777777778,0.3708333333333333,0.21875
7,173,0,33.121733333,35.628995,01/06/2025,29,0.745904839430118,0.003908210913423729,0.6996242618260136,1.2146547910166703,0.5846421302165759,3.199677618511604,833.1111111111111,0.5895833333333333,0.2326388888888889
7,174,0,33.121926667,35.629025,01/06/2025,29,0.7505216562671366,0.006361927640272893,0.6996822558824898,1.2404348524147193,0.5861389813579518,4.047661460266555,842.0,0.4156862745098039,0.14583333333333331
7,175,0,33.122145,35.629051667,01/06/2025,29,0.7539673002472197,0.00939843516042374,0.6997667568907686,1.2606988909537051,0.5879358416163831,4.377968813855583,845.2222222222222,0.3566176470588236,0.12239583333333334
7,176,0,33.122323333,35.629071667,01/06/2025,29,0.6813717375500242,0.00939644850086371,0.6531426946194654,1.1082484449390573,0.5311027506934712,3.8317558609707754,847.7777777777778,0.3811274509803922,0.1371527777777778
7,177,0,33.122548333,35.629096667,01/06/2025,29,0.7380626951814162,0.001741220540340219,0.6911768696047411,1.2117472412501287,0.5733648000741767,3.298680608917954,841.1111111111111,0.5712009803921569,0.19097222222222224
7,178,0,33.122751667,35.629116667,01/06/2025,29,0.7255941629465421,0.009085187873575805,0.6880387182027303,1.1623571647281576,0.5696485013110615,5.048533209849189,840.1111111111111,0.22917232277526395,0.1076388888888889
7,179,0,33.122961667,35.629135,01/06/2025,29,0.7385750060373737,0.004579440482238119,0.6947888828394351,1.1981232469917567,0.582944033084497,3.7433676499168373,842.3333333333334,0.4099264705882353,0.15625
7,180,0,33.123146667,35.629158333,01/06/2025,29,0.7364574958874092,0.00767653291637672,0.6893866235357817,1.213142351917109,0.5728279840154847,3.6103088593353205,852.3333333333334,0.5041666666666667,0.15711805555555555
7,181,0,33.12335,35.62919,01/06/2025,29,0.7400544592206244,0.007472487076718334,0.6927097699836045,1.2160329498127278,0.5739153790176531,3.499557609147716,847.4444444444445,0.5645833333333333,0.16927083333333334
7,182,0,33.123555,35.629203333,01/06/2025,29,0.7345108317380152,0.008302261186725793,0.6898640858816284,1.199846602902367,0.5759381479306267,4.687179502183639,850.7777777777778,0.2802790346907994,0.1232638888888889
7,183,1,33.123768333,35.629231667,01/06/2025,29,0.7235205277594297,0.0054486032131209885,0.6792354872354713,1.191297053123941,0.5587021004420657,3.573194012124527,857.1111111111111,0.44583333333333336,0.1519097222222222
7,184,0,33.123971667,35.629255,01/06/2025,29,0.6608975828346598,0.029801814974590293,0.6468793754193574,1.0549923144421527,0.52671534318233,5.0485332098491895,859.0,0.1633147344176756,0.10763888888888891
7,185,0,33.124065,35.629268333,01/06/2025,29,0.5374116889881683,0.03643983982299588,0.5599819141938743,0.9396553399309872,0.4518748902071186,5.084147917027246,920.0,0.11531547199987718,0.11111111111111112
7,186,0,33.124065,35.629268333,01/06/2025,29,0.5374116889881683,0.03643983982299588,0.5599819141938743,0.9396553399309872,0.4518748902071186,5.084147917027246,920.0,0.11531547199987718,0.11111111111111112
7,187,0,33.12406,35.628896667,01/06/2025,29,0.5257121688154323,0.027860279940889264,0.5443704938483886,0.9496205102222616,0.43155308315099583,4.8045851693378,859.0,0.13830716460238376,0.11111111111111112
7,188,1,33.123853333,35.628881667,01/06/2025,29,0.6931267596225504,0.00669169473512045,0.6579421534865233,1.1385019656030866,0.5306757193486189,4.160034316583504,874.7777777777778,0.42071078431372544,0.12673611111111113
7,189,1,33.123678333,35.628858333,01/06/2025,29,0.7082371998319177,0.0049011292510365905,0.6695796877076207,1.1588380943837724,0.5522083663033854,4.574546753088498,870.5555555555555,0.3698529411764706,0.11545138888888891
7,190,0,33.12344,35.628828333,01/06/2025,29,0.7272288951352969,0.006236517480998694,0.6832704514613627,1.1915745360826975,0.5743184153383001,4.560637128826409,864.7777777777778,0.27048122783416906,0.11458333333333334
7,191,0,33.123243333,35.628805,01/06/2025,29,0.7342380082513288,0.0034122877338722225,0.6923748293575295,1.1864143918202128,0.5772485556979193,2.9099733822940927,858.2222222222222,0.6020833333333333,0.19097222222222227
7,192,0,33.123063333,35.628776667,01/06/2025,29,0.7394523936310098,0.002522383485079611,0.6914725837485238,1.2177845533055764,0.5822769565992032,3.976230920102404,860.5555555555555,0.4495098039215687,0.1423611111111111
7,193,0,33.122846667,35.62875,01/06/2025,29,0.7402427762901147,0.006590955550390552,0.6981564735127347,1.1912497756570601,0.5770125500491463,4.432874481009743,835.4444444444445,0.29360095389507157,0.12673611111111113
7,194,0,33.122633333,35.62873,01/06/2025,29,0.7352013409076948,0.01139540854121219,0.6913105760944245,1.1977400215541332,0.5755786876656775,4.396647917027245,856.4444444444445,0.31896095756389875,0.17274305555555555
7,195,0,33.122368333,35.62869,01/06/2025,29,0.671298750587244,0.020887853647762338,0.6482109234071963,1.0882498768888746,0.524430569406747,4.200825794518089,851.3333333333334,0.1848039215686275,0.125
7,196,0,33.12218,35.62867,01/06/2025,29,0.7286031200296472,0.007483112812572109,0.6865822727438847,1.184552971871739,0.5759017000889918,3.607157547405643,842.2222222222222,0.48124999999999996,0.16493055555555555
7,197,0,33.121998333,35.628651667,01/06/2025,29,0.7392156813093748,0.004508306981968839,0.6969705539099862,1.1911467386507995,0.5801978876507259,3.916756899846709,835.5555555555555,0.48958333333333337,0.14583333333333331
7,198,0,33.12176,35.628611667,01/06/2025,29,0.739566463675669,0.004070015088764833,0.6931379606943491,1.2113330524573356,0.5813923278957414,3.382404700452583,861.4444444444445,0.5645833333333334,0.16145833333333331
7,199,0,33.121566667,35.628611667,01/06/2025,29,0.7358025372599738,0.0035434820463187923,0.6950735535647401,1.1819468365932715,0.5750414735836896,3.219508336839199,838.0,0.5281829623741388,0.22395833333333334
7,200,0,33.121375,35.628576667,01/06/2025,29,0.7346511439712132,0.00823062638158333,0.6904307912537918,1.1981686129683438,0.5760258992873494,4.242492461184755,847.0,0.30817307692307694,0.11458333333333334
7,201,0,33.121175,35.628551667,01/06/2025,29,0.7304184526870574,0.007575754571260289,0.6881065106847984,1.1867749420427713,0.5707657980202501,2.6424259214832553,848.7777777777778,0.5910539215686275,0.2300347222222222
7,202,0,33.12097,35.628531667,01/06/2025,29,0.7411936235455726,0.005722751596947131,0.6900496104975157,1.2341521127125505,0.5744729475103799,3.6889264404983546,869.0,0.43402149321266964,0.16319444444444442
7,203,0,33.120773333,35.6285,01/06/2025,29,0.6208248926824584,0.048434553713314725,0.5964625731748531,1.0856060736528934,0.47032229704969175,5.292481250360577,855.6666666666666,0.06533825862783829,0.10416666666666669
7,204,0,33.120738333,35.628503333,01/06/2025,29,0.5677200799257563,0.043902896662054686,0.5624532814953933,1.020182279136563,0.43684485335613066,5.292481250360577,854.6666666666666,0.08366001436174453,0.10416666666666669
7,205,0,33.120793333,35.628145,01/06/2025,29,0.42854531501148035,0.044571941071343116,0.4744434366870391,0.8922717405853335,0.343997912888843,4.663320189106001,662.6666666666666,0.1530011061893438,0.125
7,206,0,33.120991667,35.62817,01/06/2025,29,0.4988211372060391,0.05320013038264532,0.5298228790089258,0.92388251437205,0.39532755801549707,4.4193721485946105,656.1111111111111,0.16757459870228053,0.12847222222222224
7,207,0,33.12121,35.628198333,01/06/2025,29,0.48105158393462955,0.07121562673061556,0.5303659659434579,0.8826404295314872,0.3839968677220458,5.063314583693911,984.0,0.13655495468793566,0.11197916666666669
7,208,0,33.12141,35.628218333,01/06/2025,29,0.5074724448540116,0.06379796715381168,0.5404690523096365,0.9180879199543521,0.4009445816110395,5.048533209849189,960.5555555555555,0.1374442676559477,0.1076388888888889
7,209,0,33.121623333,35.62824,01/06/2025,29,0.4528715459683188,0.05827479836375213,0.5069969530485371,0.872181432718235,0.3505581798514294,4.377968813855583,983.5555555555555,0.2341319109916671,0.12239583333333334
7,210,0,33.121816667,35.62826,01/06/2025,29,0.4895323816987698,0.06370953563840381,0.5179687347527573,0.931012237093621,0.3820988490891884,3.909159127851422,996.3333333333334,0.15350310856049737,0.1388888888888889
7,211,0,33.122011667,35.628278333,01/06/2025,29,0.4685520762543891,0.055635107651329875,0.5127981320927817,0.8927656609997408,0.37529437145829914,4.603846168850307,1003.1111111111111,0.19312879924411666,0.11458333333333334
7,212,0,33.122216667,35.628316667,01/06/2025,29,0.4933205992742832,0.06551781905684019,0.524848786263451,0.9237578085020114,0.3822142727175389,4.6811275426950285,977.0,0.13413772121089196,0.11458333333333334
7,213,0,33.122491667,35.6284,01/06/2025,29,0.5645131562951291,0.05473562375485348,0.5732947412683861,0.978915133022914,0.4404564078340678,4.681127542695028,921.4444444444445,0.14290687558436893,0.11458333333333334
7,214,0,33.122631667,35.628375,01/06/2025,29,0.5046348597949248,0.05830899478281641,0.5353553306389089,0.9231350401417158,0.4063066989329616,3.9686331481071164,994.7777777777778,0.21546945701357467,0.1423611111111111
7,215,0,33.122865,35.6284,01/06/2025,29,0.5414342374274635,0.06951966676673539,0.5628097344232865,0.9505231581916641,0.42769569080311576,4.596251836004467,958.0,0.1585542963234228,0.11805555555555557
7,216,0,33.123048333,35.628416667,01/06/2025,29,0.5064595143873779,0.06767507061386455,0.5316531880516651,0.935836040685316,0.4122425819556176,5.292481250360577,1004.4444444444445,0.05693013687484872,0.10416666666666669
7,217,0,33.123256667,35.628438333,01/06/2025,29,0.5470210158434671,0.06982705646620442,0.5719827460652156,0.9366788737314197,0.43613689817458395,3.898824214072309,940.1111111111111,0.1662722682635151,0.15104166666666666
7,218,1,33.123466667,35.628466667,01/06/2025,29,0.4879254793393268,0.07566609546075752,0.5172417715817649,0.9315768746981455,0.39108209685883843,4.294372148594611,1013.1111111111111,0.17122058174433966,0.1371527777777778
7,219,2,33.123663333,35.62849,01/06/2025,29,0.5075969730045234,0.05850679881655644,0.535601866240892,0.9306004200633627,0.40538019366923983,5.292481250360577,992.7777777777778,0.11094253243984412,0.10416666666666669
7,220,0,33.123866667,35.628518333,01/06/2025,29,0.5056941963083162,0.0589285584073756,0.5257349999344975,0.9508568661797592,0.40105460535723103,5.0485332098491895,1020.0,0.11275073881772261,0.1076388888888889
7,221,0,33.124073333,35.628548333,01/06/2025,29,0.3320418955429217,0.03002195374846212,0.40145278680857593,0.8521783345198136,0.2824643836350267,3.9166315676613377,776.5555555555555,0.21786150113704833,0.15798611111111113
8,2,0,33.12394143,35.63256134,05/06/2025,25,0.5291323405753744,0.02176993066653687,0.5847152156565183,0.8514888604852252,0.4057870918829946,4.159037234815499,459.77777777777777,0.23746624694581903,0.15104166666666666
8,3,0,33.12373095,35.632552255,05/06/2025,25,0.5927320975249288,0.06517700954230093,0.6211495439779355,0.9256319654940354,0.4422605480282258,4.6811275426950285,705.5555555555555,0.15503164180591175,0.11458333333333334
8,4,1,33.12352722,35.6325246,05/06/2025,25,0.5458954298968322,0.061226061180569065,0.6050056227916376,0.8430915879388905,0.4149453141660672,5.084147917027246,691.3333333333334,0.08958100238631217,0.11111111111111113
8,5,0,33.123319267,35.63250203,05/06/2025,25,0.6157527993813303,0.06845625634306926,0.6472688955457064,0.9108780238026087,0.4760171553942312,4.846251836004467,711.2222222222222,0.10620940574410574,0.1076388888888889
8,6,0,33.123100337,35.632472735,05/06/2025,25,0.6562506472519438,0.06940410569125328,0.6665521673185196,0.9792537106874774,0.5046616779805896,4.846251836004467,724.1111111111111,0.10625966906169802,0.1076388888888889
8,7,0,33.122890518,35.632451943,05/06/2025,25,0.6104777957496733,0.07685046980315394,0.6402809155774355,0.9180697319150286,0.458514220516019,5.0485332098491895,736.0,0.10796253629762476,0.1076388888888889
8,8,0,33.12267752,35.632427623,05/06/2025,25,0.6376766159483402,0.06999120734874423,0.6617032244429912,0.9333189498290125,0.47829550808895377,5.292481250360577,726.5555555555555,0.09159756277647929,0.10416666666666669
8,9,0,33.122469337,35.632401753,05/06/2025,25,0.5678378454969943,0.0739303074200718,0.6116127786864735,0.8860411517030493,0.43979200805115115,5.0485332098491895,780.7777777777778,0.1262415784289693,0.10763888888888891
8,10,0,33.12225662,35.632386898,05/06/2025,25,0.6046638071958572,0.0803976175429003,0.6382565543362484,0.9084978701428219,0.4624839707738807,4.346251836004465,760.3333333333334,0.15751350719376656,0.12847222222222224
8,11,0,33.122047905,35.63236496,05/06/2025,25,0.5638512093868866,0.0707581725033607,0.6114247876349711,0.8755407551940682,0.434942533172297,5.292481250360577,763.3333333333334,0.04483214917182467,0.10416666666666669
8,12,0,33.121840683,35.63233741,05/06/2025,25,0.6161484894956907,0.0711414305381129,0.6448094057396877,0.9217470682124959,0.47922862646778025,5.048533209849189,745.6666666666666,0.10677000436453522,0.1076388888888889
8,13,0,33.121621448,35.632316883,05/06/2025,25,0.5529273907304577,0.06350313234237291,0.6043276881935292,0.8628151561035664,0.43134631403197715,4.544372148594611,775.7777777777778,0.13027682200218996,0.1267361111111111
8,14,0,33.121407742,35.632276483,05/06/2025,25,0.5833898055030768,0.06752774294885291,0.6303223749147036,0.8713456823343773,0.45056478529255195,4.846251836004467,769.4444444444445,0.10999774907336679,0.1076388888888889
8,15,0,33.121188762,35.632252318,05/06/2025,25,0.5965460550313273,0.07705576785676228,0.6318944630995462,0.9031409673677485,0.4619104644359535,5.048533209849189,780.2222222222222,0.11447188559773422,0.1076388888888889
8,16,0,33.120976523,35.632233422,05/06/2025,25,0.5500973088000225,0.0644403622942998,0.6001301953853847,0.8678396259266746,0.4133819142369266,4.596251836004467,802.5555555555555,0.13520734678099752,0.11805555555555555
8,17,0,33.120759383,35.632200658,05/06/2025,25,0.5764782998244464,0.08521137113714199,0.6161819840133003,0.8950863809942082,0.4388236049261394,5.0485332098491895,787.6666666666666,0.094855222296284,0.10763888888888891
8,18,0,33.120553338,35.632176323,05/06/2025,25,0.5389217546806152,0.06205276558845242,0.597421974251358,0.8456771050109272,0.40492146035221255,3.89882421407231,764.2222222222222,0.17387288541554516,0.15104166666666666
8,19,0,33.120424495,35.631815497,05/06/2025,25,0.7164660580294434,0.024062152586452973,0.688105043123993,1.1197176448016897,0.5132748145344873,4.663320189106001,484.77777777777777,0.14233892338246912,0.125
8,20,0,33.12063312,35.63184115,05/06/2025,25,0.8128055707593348,0.0038647385447576417,0.7647007217797862,1.2911167241737855,0.6065949615190368,4.346251836004465,691.8888888888889,0.38909313725490197,0.12847222222222224
8,21,0,33.120844758,35.631866457,05/06/2025,25,0.8160161379718358,0.003103925202595567,0.7707312681523424,1.2781919912308897,0.6049612266936205,2.9005960789952026,670.7777777777778,0.6979166666666666,0.2621527777777778
8,22,0,33.12105556,35.631890545,05/06/2025,25,0.8204457549936081,0.003634849712958088,0.7747131421410236,1.287501815724808,0.6090632319062689,3.7350289937620222,670.3333333333334,0.5,0.14322916666666669
8,23,0,33.121266037,35.63191517,05/06/2025,25,0.8226691180739508,0.0037057451654129853,0.779709346808688,1.2725239339336447,0.619672670774778,4.038060296327809,657.7777777777778,0.3264705882352941,0.1293402777777778
8,24,0,33.121463333,35.63195,05/06/2025,25,0.8235945061075286,0.003505804231999124,0.772718809937184,1.3255673161581083,0.6193016536641096,3.7752120540416105,672.5555555555555,0.39825781664016957,0.13368055555555555
8,25,0,33.121671667,35.631956667,05/06/2025,25,0.8362325755199376,0.004128744591141162,0.7822775674880498,1.3708996476888498,0.6213341050648825,4.575418502671132,662.5555555555555,0.34554110105580693,0.11892361111111112
8,26,0,33.121893333,35.631988333,05/06/2025,25,0.8238230524103979,0.00635884146465367,0.7795524895052248,1.283526838346608,0.6239085519945257,4.404373115296189,669.8888888888889,0.3456636500754148,0.1267361111111111
8,27,0,33.122096667,35.632008333,05/06/2025,25,0.795391013906046,0.01544719511243373,0.7596841756915953,1.2022475073488539,0.598318794941389,5.0485332098491895,685.3333333333334,0.14874602543720192,0.1076388888888889
8,28,0,33.122298333,35.63204,05/06/2025,25,0.8110411994846838,0.002273427386007651,0.7645999167766949,1.2785449771636497,0.6025030453308546,4.347534316583503,672.2222222222222,0.2698509538950716,0.12239583333333333
8,29,0,33.122501667,35.632048333,05/06/2025,25,0.8155075874690252,0.003692752648171537,0.7671368484062364,1.2966946731471198,0.6008846011695924,4.681127542695028,669.8888888888889,0.18580495087848026,0.11458333333333334
8,30,0,33.122681667,35.632066667,05/06/2025,25,0.8189520396144236,0.0031200390640974034,0.7677933569510205,1.3200279427471646,0.598839285510648,4.544372148594611,671.3333333333334,0.3394230769230769,0.1267361111111111
8,31,0,33.122905,35.632093333,05/06/2025,25,0.8249920432242215,0.004436109347593642,0.77435432509055,1.327169281379256,0.6144820336488255,2.2465073264361655,657.0,0.5604166666666666,0.2786458333333333
8,32,0,33.123113333,35.632125,05/06/2025,25,0.8215690750827312,0.0014830122404137125,0.7780185925045621,1.2747713155379339,0.6186683572050492,3.398933012612021,650.0,0.5370098039215687,0.15885416666666669
8,33,0,33.123311667,35.632153333,05/06/2025,25,0.8188229951607982,0.008275193918215861,0.7680915642420365,1.3189000794467134,0.5988723530106026,4.473406066166138,668.0,0.33942307692307694,0.1154513888888889
8,34,1,33.123515,35.632185,05/06/2025,25,0.8016651745011301,0.00549822278985159,0.760620439284674,1.2358277252994685,0.5899278570068833,4.041631567661337,669.0,0.23709464555052784,0.15625
8,35,1,33.123715,35.632198333,05/06/2025,25,0.8049315074869366,0.0028917198092944553,0.7496354227313895,1.3243954637587672,0.5909059482205374,2.7178220035626532,687.2222222222222,0.5832107843137255,0.22743055555555558
8,36,0,33.123926667,35.632235,05/06/2025,25,0.6512407112348787,0.015712717407065268,0.6718617456265081,0.929735952932889,0.517151000388355,4.2229250747848,670.6666666666666,0.31688705107822757,0.13628472222222224
8,37,0,33.123941667,35.632231667,05/06/2025,25,0.6512407112348787,0.015712717407065268,0.6718617456265081,0.929735952932889,0.517151000388355,4.2229250747848,670.6666666666666,0.31688705107822757,0.13628472222222224
8,38,0,33.123938333,35.631851667,05/06/2025,25,0.6252208450964115,0.015606194899033326,0.6447590607962959,0.9371855760755385,0.48017985016331394,3.760430680196888,715.5555555555555,0.3724736048265459,0.13628472222222224
8,39,0,33.123708333,35.631828333,05/06/2025,25,0.8201690133359935,0.0028969833004594083,0.7657629311742008,1.3432576755601824,0.6105081237868709,3.390011798543393,670.6666666666666,0.4291666666666667,0.1779513888888889
8,40,2,33.123495,35.631791667,05/06/2025,25,0.8327867159853785,0.004236926521895745,0.7806620477766316,1.3506096467597002,0.6200799034157078,3.936919609405448,654.4444444444445,0.327526395173454,0.13802083333333334
8,41,0,33.123288333,35.631761667,05/06/2025,25,0.8427597809317369,0.0022640055366619973,0.7910176193475601,1.3677107234315427,0.6270268519570849,3.579172272078755,639.1111111111111,0.3056372549019608,0.18055555555555558
8,42,0,33.123103333,35.631753333,05/06/2025,25,0.8319445294350268,0.0044891514980366885,0.776299922466364,1.3734066904363296,0.6250731330463082,3.3887771577575543,667.7777777777778,0.46041666666666675,0.17447916666666669
8,43,0,33.122895,35.631733333,05/06/2025,25,0.8314648867462802,0.003852599377382696,0.7754455964886487,1.3750990848602935,0.6208720847117596,4.603846168850306,673.1111111111111,0.1987103053279524,0.11458333333333334
8,44,0,33.122693333,35.631701667,05/06/2025,25,0.8282044519583583,0.004364305049939334,0.7774361749069375,1.3333580085129773,0.6117067522735893,2.930790181981766,653.6666666666666,0.6479166666666667,0.19444444444444448
8,45,0,33.122473333,35.63168,05/06/2025,25,0.8246635602454044,0.005311348357496486,0.771607554145924,1.3415781816093328,0.6238493351206356,4.602303795493078,674.1111111111111,0.24925150829562592,0.1111111111111111
8,46,0,33.122265,35.63166,05/06/2025,25,0.8118619401655239,0.007685409845646763,0.7663433240885059,1.2754887048922325,0.6086194489730488,4.420507230104883,678.8888888888889,0.3190987933634993,0.12239583333333334
8,47,0,33.122058333,35.631625,05/06/2025,25,0.8209697377207097,0.005201006077660123,0.7762953689255752,1.2823057848870767,0.6095986415972184,4.474467448142028,669.1111111111111,0.31200980392156863,0.12239583333333334
8,48,0,33.121858333,35.631596667,05/06/2025,25,0.8356452448980775,0.004926208979567496,0.7881542305437659,1.3245078196748095,0.6325340376686105,3.5410862760721145,655.5555555555555,0.4477941176470588,0.16145833333333334
8,49,0,33.12163,35.631571667,05/06/2025,25,0.8333960297166766,0.003843530399775865,0.788705133558259,1.3004672300058295,0.6313713875005437,3.468336958250496,653.7777777777778,0.42487745098039215,0.17274305555555558
8,50,0,33.121425,35.631556667,05/06/2025,25,0.8316155089369683,0.0023482751519916835,0.7838797810390945,1.317835689424139,0.626204451911491,4.309284387862439,663.0,0.35232078798255273,0.14756944444444445
8,51,0,33.12121,35.631541667,05/06/2025,25,0.831873918778051,0.0020161161928728753,0.7832239665201546,1.324646015324308,0.6212876219899557,3.801094731857816,660.7777777777778,0.432843137254902,0.17361111111111113
8,52,0,33.121005,35.631506667,05/06/2025,25,0.8217935014794694,0.0036296368745178044,0.7705051333133413,1.3258091280489677,0.6034825013481412,3.442734146007589,683.1111111111111,0.43125,0.1623263888888889
8,53,0,33.120813333,35.631475,05/06/2025,25,0.8217182333806049,0.00469108034806661,0.7698840453282966,1.3294449891114726,0.6017382774113623,3.3058067156274262,691.7777777777778,0.43541666666666673,0.16753472222222224
8,54,0,33.120596667,35.631453333,05/06/2025,25,0.8051614421132919,0.00819900769007247,0.7540159558048358,1.2999301892313504,0.591500794740917,5.048533209849189,707.6666666666666,0.20044107455872162,0.10763888888888891
8,55,0,33.12044,35.63143,05/06/2025,25,0.679866143284302,0.027774870306755104,0.6544542960847152,1.099559462796263,0.4898133770593001,4.4193721485946105,534.5555555555555,0.18413980981656128,0.12847222222222224
8,56,0,33.120466667,35.63116,05/06/2025,25,0.6361460616416401,0.04552114169820543,0.6427094502629441,0.9823241382041038,0.4665373452187096,4.4193721485946105,812.1111111111111,0.1849064708972973,0.12847222222222224
8,57,0,33.120678333,35.63118,05/06/2025,25,0.7783696984948576,0.014571110569820559,0.7470853797736843,1.1648433166332386,0.5814837423558399,3.298680608917954,725.3333333333334,0.5071422383922384,0.1909722222222222
8,58,0,33.12088,35.631201667,05/06/2025,25,0.786662081983082,0.008820184625061093,0.7473642752613198,1.2125848450572603,0.5904871184224473,4.270512835516973,731.3333333333334,0.23858587093881212,0.1371527777777778
8,59,0,33.121095,35.631228333,05/06/2025,25,0.7974343662099037,0.009080734599838589,0.759177088072231,1.2168884495999215,0.6025263434982313,4.065336347351049,716.4444444444445,0.4566176470588235,0.15104166666666669
8,60,0,33.1213,35.63126,05/06/2025,25,0.7925373744786505,0.011158664869746548,0.7643063927074235,1.156852819900054,0.5998544124879694,4.352303795493078,692.6666666666666,0.3449640760670172,0.12152777777777778
8,61,0,33.121505,35.631283333,05/06/2025,25,0.7910942556303542,0.012006686937252103,0.760547861439621,1.168072246384124,0.602697617035052,5.0485332098491895,699.8888888888889,0.15358821491174432,0.1076388888888889
8,62,0,33.121713333,35.631296667,05/06/2025,25,0.8031024126788942,0.009605115734870577,0.7613019743144115,1.243673212569543,0.6032479470126665,4.821520773344195,712.4444444444445,0.2504271598604454,0.1076388888888889
8,63,0,33.121926667,35.631331667,05/06/2025,25,0.799516572027438,0.006819444140175046,0.7591149260966896,1.2299395943871623,0.6024083125035649,4.579579563925711,709.1111111111111,0.2691082202111614,0.12239583333333334
8,64,0,33.12214,35.631348333,05/06/2025,25,0.7646468529366932,0.020436936109211642,0.7443319184687248,1.1021785188634419,0.5830849488374406,5.06331458369391,710.0,0.1782428790947442,0.11197916666666669
8,65,1,33.122338333,35.631373333,05/06/2025,25,0.784442478932704,0.009341388200551495,0.7511666645191959,1.177771672488558,0.586084175019941,4.637918502671134,707.7777777777778,0.29265516081692555,0.13020833333333334
8,66,0,33.122535,35.631401667,05/06/2025,25,0.7939034986547491,0.006787533129514331,0.7554094881016878,1.213597428729671,0.5960792218016577,4.4295851693378,705.7777777777778,0.2263103318250377,0.125
8,67,0,33.122753333,35.631431667,05/06/2025,25,0.7786482100961342,0.00849439104365191,0.7502294114198335,1.1478083117684243,0.5880770195018837,4.102303795493077,702.4444444444445,0.3116250866250866,0.16319444444444445
8,68,0,33.122943333,35.631456667,05/06/2025,25,0.794155321864737,0.009331184847022044,0.7517104425882947,1.236688423969018,0.5961201460687346,4.147667065678643,706.2222222222222,0.2632282112429171,0.1362847222222222
8,69,0,33.12316,35.631473333,05/06/2025,25,0.8035739689021274,0.008204544691073044,0.7631266188506174,1.23558183833351,0.6066838502147188,4.610161460266554,685.3333333333334,0.26928355957767725,0.11892361111111113
8,70,1,33.12336,35.6315,05/06/2025,25,0.7958104176760459,0.014144789675841252,0.7620188256751486,1.1922925705918568,0.6063808814704357,4.352303795493077,679.7777777777778,0.2693079674697322,0.12152777777777778
8,71,2,33.12357,35.631521667,05/06/2025,25,0.7979735180226668,0.003987301095780081,0.7632296764954469,1.1953492044729228,0.6044936756238185,4.461038815261278,669.8888888888889,0.2738466124495536,0.125
8,72,1,33.123766667,35.631543333,05/06/2025,25,0.7773714117516086,0.013451782359769045,0.7415641629933831,1.1874005541617751,0.5826335475536892,5.063314583693912,682.4444444444445,0.20454027859677246,0.11197916666666669
8,73,0,33.12396,35.63157,05/06/2025,25,0.5252885701781096,0.024141161550746224,0.5863480434052125,0.8393006084673497,0.4205517859692155,3.500611856804443,769.4444444444445,0.5168646304675715,0.19010416666666666
8,74,0,33.12397,35.631101667,05/06/2025,25,0.5877787751663512,0.01763910653894628,0.6211647417420579,0.9012789221559115,0.4627578808374997,5.048533209849189,736.7777777777778,0.2709898190045249,0.1076388888888889
8,75,0,33.123761667,35.631083333,05/06/2025,25,0.8211032392466727,0.005573094994117269,0.7712684062669409,1.314999129982903,0.6133998234350915,4.431739399499471,644.5555555555555,0.22745154090742328,0.11892361111111112
8,76,0,33.12354,35.631048333,05/06/2025,25,0.8269854211310528,0.0037123987171725895,0.7757584073075091,1.3344844571677608,0.6166612056118389,2.307180590341786,661.6666666666666,0.71875,0.2647569444444445
8,77,0,33.12332,35.631038333,05/06/2025,25,0.8323520269979877,0.004181443403535184,0.7774960434693734,1.3687622789424596,0.6194603635621465,3.691891485953249,663.2222222222222,0.4285162141779789,0.15885416666666669
8,78,0,33.123115,35.631001667,05/06/2025,25,0.8207489572690138,0.005794751607505951,0.768941005566926,1.3279301042147418,0.6071165360824868,3.442009586131382,681.6666666666666,0.489093137254902,0.17274305555555558
8,79,0,33.122913333,35.630978333,05/06/2025,25,0.8248428526482384,0.0058790312986028385,0.7759040174950961,1.3169912979442069,0.6158400738283244,2.7902199731139583,670.8888888888889,0.5062500000000001,0.2760416666666667
8,80,0,33.122696667,35.630958333,05/06/2025,25,0.8306099808538083,0.005325509696180267,0.7763966507365214,1.3617834238226119,0.6157798870462599,4.461038815261277,680.0,0.31686463046757163,0.12500000000000003
8,81,1,33.122505,35.630931667,05/06/2025,25,0.8333786203112196,0.004480792537683302,0.7794681663081252,1.364855320730485,0.6184727580437986,3.5630546909157204,675.4444444444445,0.44767156862745094,0.1857638888888889
8,82,0,33.122313333,35.630918333,05/06/2025,25,0.8323040738791222,0.004202561280587429,0.7763820829004128,1.3764461472422194,0.6161185798024565,3.9937584081181328,682.1111111111111,0.3651456320573968,0.14409722222222224
8,83,0,33.122081667,35.630858333,05/06/2025,25,0.8352640890168518,0.0028160626521111926,0.7777167338762179,1.3937021513585703,0.6239057446633995,3.7713880242490543,690.2222222222222,0.4838989441930618,0.15625
8,84,1,33.121876667,35.63085,05/06/2025,25,0.8279399426422862,0.004335343159068098,0.7740549093733798,1.3538596584875748,0.6031559260504242,4.44323146167225,685.2222222222222,0.298604826546003,0.1267361111111111
8,85,3,33.12168,35.630828333,05/06/2025,25,0.8197637122889913,0.00647118797254654,0.7682868073262892,1.3233340391795354,0.5956202759028708,4.846251836004468,698.0,0.20271671558436263,0.10763888888888891
8,86,2,33.121455,35.630788333,05/06/2025,25,0.814415261805021,0.007332137178356014,0.7633623102988959,1.3145492947665234,0.5821780257605318,3.1740713671192493,686.3333333333334,0.43541666666666673,0.22048611111111113
8,87,3,33.121315,35.63078,05/06/2025,25,0.8045401086003434,0.007226370421883605,0.7526837493321131,1.30371081188698,0.5919022586384182,4.28806029632781,708.7777777777778,0.24796344048496127,0.1189236111111111
8,88,3,33.12107,35.630768333,05/06/2025,25,0.791828592301458,0.005144365667648552,0.7513773129981292,1.2219389105036824,0.5842306907881071,4.201219991868832,708.6666666666666,0.3869117647058824,0.13368055555555555
8,89,2,33.120945,35.630735,05/06/2025,25,0.7972229407672355,0.0041296554524134586,0.7482519961829354,1.2765058846221349,0.5779047444406062,4.067359712089615,718.5555555555555,0.37916666666666665,0.12152777777777779
8,90,0,33.120746667,35.63069,05/06/2025,25,0.8105737492741878,0.007415854523523006,0.7690399760540401,1.2499025305821474,0.599979624145388,3.936919609405448,695.6666666666666,0.48125,0.12934027777777776
8,91,0,33.120521667,35.630671667,05/06/2025,25,0.6896655585841982,0.05730958461526278,0.6807362938059167,1.0471393511282918,0.5046990533865805,5.0485332098491895,764.6666666666666,0.08110149245730591,0.10763888888888891
8,92,0,33.120516667,35.630675,05/06/2025,25,0.6277553957454978,0.05434827592643202,0.6381249363236097,0.972294232706003,0.46242444302795493,4.596251836004467,816.5555555555555,0.15653073686844396,0.11805555555555555
8,93,0,33.12057,35.630325,05/06/2025,25,0.6715331810446598,0.059124503800016985,0.661092677251919,1.0500932964605834,0.48114030177594913,4.30196648144045,791.3333333333334,0.1737712406217665,0.13368055555555558
8,94,1,33.12077,35.630348333,05/06/2025,25,0.8150664872156937,0.0028799223060741934,0.7630401808007394,1.3194789369483129,0.6022458741437907,3.803127068983564,703.8888888888889,0.4093099547511312,0.1623263888888889
8,95,1,33.120993333,35.630381667,05/06/2025,25,0.8100992116613901,0.004632293106241765,0.7564104580312575,1.322472608684285,0.5907866441421007,4.626352740963972,711.1111111111111,0.19495663650075418,0.13368055555555555
8,96,0,33.121196667,35.630408333,05/06/2025,25,0.8193601751185826,0.003379909854032806,0.772158295090922,1.2951040661274837,0.6051588229589597,4.099774142702668,687.8888888888889,0.4395833333333333,0.15104166666666669
8,97,2,33.121416667,35.630418333,05/06/2025,25,0.8168345327378846,0.005264749776337433,0.766069174261739,1.3145609010709378,0.5973101321864155,4.575418502671133,693.7777777777778,0.37644663894663893,0.11892361111111113
8,98,2,33.121633333,35.630451667,05/06/2025,25,0.8201348944796756,0.006487557789866467,0.7640162684691391,1.3555906351452576,0.5989427226735329,4.33429531609601,705.5555555555555,0.30180052790346906,0.10763888888888891
8,99,2,33.121831667,35.63048,05/06/2025,25,0.8223234693538454,0.0022701232863868008,0.766504100090834,1.3559000396136938,0.5980348477504172,3.0096897960373594,698.0,0.65625,0.19270833333333334
8,100,1,33.12207,35.6305,05/06/2025,25,0.8217134253957608,0.003547508578757624,0.7769844209609013,1.2826653178502485,0.6113284781920932,3.599973945556208,678.1111111111111,0.4125,0.1449652777777778
8,101,1,33.122296667,35.630585,05/06/2025,25,0.8142492025299154,0.012376606897108336,0.7642520688253489,1.3108535498247285,0.6153544931363072,4.596251836004467,701.5555555555555,0.3170720211161388,0.11805555555555555
8,102,1,33.122506667,35.630565,05/06/2025,25,0.8416860749744738,0.006780702185124531,0.7869740880601397,1.388766210350537,0.6279013304441468,4.40310716836281,669.8888888888889,0.31237745098039216,0.11805555555555557
8,103,1,33.122725,35.63059,05/06/2025,25,0.8264410830071088,0.007076626950899886,0.7816672209191651,1.2910293593800448,0.6373952856437048,3.8998047621946546,665.0,0.3144136500754148,0.1328125
8,104,0,33.122943333,35.630615,05/06/2025,25,0.8269524718204828,0.005272231329602195,0.7777279430721068,1.3213670408468472,0.6159755250754402,3.3051267657573082,666.5555555555555,0.4552525376054788,0.1909722222222222
8,105,0,33.123168333,35.630635,05/06/2025,25,0.8255456963748546,0.006215352965356088,0.7759959902359156,1.3211501828354744,0.6155767992478064,3.8168787207082775,664.4444444444445,0.40060897435897436,0.1371527777777778
8,106,0,33.123375,35.630655,05/06/2025,25,0.8213145237270872,0.004875975880958048,0.7688182565277504,1.332518323064658,0.6163919373460096,5.063314583693912,674.3333333333334,0.2459482389629449,0.11197916666666669
8,107,1,33.12358,35.630683333,05/06/2025,25,0.80766908277369,0.006869165507915062,0.7583594923566562,1.292042706320589,0.6027516965058334,4.3347597738316885,694.8888888888889,0.3327205882352941,0.12239583333333334
8,108,2,33.12379,35.630711667,05/06/2025,25,0.8152752760970887,0.0045026886477586925,0.7627426505677453,1.323571936081985,0.6074122288306866,4.352303795493077,670.6666666666666,0.36188725490196083,0.12152777777777779
8,109,0,33.12398,35.630726667,05/06/2025,25,0.5896362456039111,0.02664779741737005,0.6249959059570291,0.8983213149312852,0.46156516585847246,4.28806029632781,716.7777777777778,0.3101230076230076,0.1189236111111111
8,110,0,33.123981667,35.63073,05/06/2025,25,0.5928087518816124,0.03288368702421635,0.6359485957095774,0.8724663138015901,0.48852888925080634,5.048533209849189,724.7777777777778,0.13096529387051298,0.1076388888888889
8,111,0,33.123981667,35.630383333,05/06/2025,25,0.5983930580139,0.04534259737895017,0.6312157179095181,0.9057663867926019,0.453036730124546,4.396473620206548,718.0,0.35550308047259266,0.1371527777777778
8,112,1,33.123775,35.630358333,05/06/2025,25,0.8020805628951381,0.00665786922403705,0.7574422470445377,1.2573509806080612,0.599480116136043,5.167481250360579,674.8888888888889,0.2852469834087481,0.11979166666666669
8,113,1,33.123573333,35.630345,05/06/2025,25,0.8045405349360357,0.00704061795923238,0.7583707343880698,1.269855322243603,0.5977354947552244,4.692623044017256,689.5555555555555,0.334436274509804,0.11892361111111113
8,114,0,33.123361667,35.6303,05/06/2025,25,0.8197803649302553,0.005474353393155111,0.7703805362891933,1.3102852632183817,0.6081707727309493,4.240341670172532,678.3333333333334,0.3698529411764706,0.1293402777777778
8,115,0,33.123165,35.630278333,05/06/2025,25,0.8211393831991779,0.0028259213294686983,0.7742074573283896,1.2961447477334602,0.6079797351288757,4.610161460266555,672.4444444444445,0.2277600790836085,0.11892361111111112
8,116,0,33.123165,35.630278333,05/06/2025,25,0.8211393831991779,0.0028259213294686983,0.7742074573283896,1.2961447477334602,0.6079797351288757,4.610161460266555,672.4444444444445,0.2277600790836085,0.11892361111111112
8,117,0,33.122941667,35.630253333,05/06/2025,25,0.8257808196074347,0.007290802566023844,0.7750465122722583,1.3292746544622105,0.6103694773441346,4.043093107165022,676.1111111111111,0.3296209388121153,0.14149305555555555
8,118,0,33.122736667,35.630225,05/06/2025,25,0.8326214489470686,0.005313739814951683,0.7827691973410811,1.3351469131472864,0.6244954185807843,4.240341670172532,682.8888888888889,0.43700980392156863,0.13802083333333334
8,119,1,33.122551667,35.630196667,05/06/2025,25,0.8383270625936992,0.007156463079069407,0.7847594747779257,1.3728986184279148,0.6293574758880519,4.420507230104883,686.2222222222222,0.25292232277526394,0.12239583333333334
8,120,2,33.122345,35.63018,05/06/2025,25,0.8157388222457261,0.005499947663369621,0.7663891080201395,1.3039599851916654,0.6085977204294506,4.776828126933222,695.8888888888889,0.26654213036565977,0.11545138888888891
8,121,2,33.122125,35.630151667,05/06/2025,25,0.8257054691052876,0.005983937531224488,0.777718651937217,1.3108725234149006,0.614551519669443,5.292481250360577,680.7777777777778,0.15099216297745707,0.10416666666666669
8,122,2,33.121891667,35.630136667,05/06/2025,25,0.8189490633850843,0.006828245304150051,0.7655101386598756,1.3360868962864823,0.6042094340304576,3.593764013530221,699.7777777777778,0.4852941176470588,0.15711805555555555
8,123,2,33.121891667,35.630136667,05/06/2025,25,0.8189490633850843,0.006828245304150051,0.7655101386598756,1.3360868962864823,0.6042094340304576,3.593764013530221,699.7777777777778,0.4852941176470588,0.15711805555555555
8,124,3,33.12169,35.630106667,05/06/2025,25,0.8110060988042532,0.01013450856752611,0.7617178934119977,1.2985540235501083,0.5971930305665971,5.063314583693912,701.6666666666666,0.21311888622673017,0.11197916666666669
8,125,2,33.121491667,35.630096667,05/06/2025,25,0.8132252448547213,0.003433971673707852,0.7624744310535756,1.3086582574995984,0.6052731542980333,4.419372148594611,712.5555555555555,0.3519342872284049,0.12847222222222224
8,126,1,33.121263333,35.630063333,05/06/2025,25,0.8203208210223333,0.00985159527464456,0.76818705324453,1.3313903685175097,0.6086312217543328,4.045654629173648,696.4444444444445,0.3149938281179314,0.12586805555555555
8,127,1,33.121073333,35.630033333,05/06/2025,25,0.8331570053247002,0.0053985474857947725,0.7802370256895702,1.3574313615037947,0.6246561371246351,4.432874481009743,687.1111111111111,0.3155920060331825,0.12673611111111113
8,128,0,33.120841667,35.630011667,05/06/2025,25,0.8190351144060275,0.006561434242733892,0.7726386995160006,1.2905569050213428,0.6126997165521566,3.8761631085707156,693.5555555555555,0.30485482654600304,0.125
8,129,0,33.120626667,35.629968333,05/06/2025,25,0.7401087608594584,0.03404650847178144,0.7143806822268532,1.119974028761437,0.5359420506907938,5.292481250360577,742.0,0.0807727602778061,0.10416666666666669
8,130,0,33.120568333,35.629966667,05/06/2025,25,0.6143040884518914,0.06646131774250949,0.6277759651579705,0.9690737595238015,0.442341030488268,4.663320189106001,833.6666666666666,0.16138482225004697,0.125
8,131,0,33.120631667,35.629596667,05/06/2025,25,0.6864513622954022,0.059294082358381205,0.6802674174752715,1.0375156412872635,0.5009050217461772,5.084147917027246,776.7777777777778,0.06740422852959188,0.11111111111111112
8,132,0,33.120846667,35.629625,05/06/2025,25,0.832573890909541,0.006746304621432992,0.7799071124540518,1.353919440302773,0.6181451803718472,4.2229250747848,691.8888888888889,0.30516961643046503,0.13628472222222224
8,133,1,33.121073333,35.629663333,05/06/2025,25,0.8389814765730588,0.0025223638795190623,0.779939961092244,1.412209905116784,0.6154233663989243,4.473406066166137,683.8888888888889,0.29956126941421063,0.1154513888888889
8,134,1,33.121263333,35.629696667,05/06/2025,25,0.8381576348225859,0.004746445167707657,0.7812490989279579,1.3958353718479033,0.619980351539286,4.887918502671132,678.4444444444445,0.20921945701357467,0.10416666666666669
8,135,1,33.121465,35.629713333,05/06/2025,25,0.8447093157267269,0.0063014939725325085,0.7750460561615846,1.5086885241828667,0.6209683662585088,3.2033835481260273,711.1111111111111,0.5208333333333334,0.1909722222222222
8,136,2,33.12168,35.629751667,05/06/2025,25,0.8377431945247272,0.0033822322188998733,0.779026654955238,1.4075657972502928,0.6238922283655616,4.26809871257711,689.1111111111111,0.3849264705882353,0.11805555555555555
8,137,1,33.121893333,35.629761667,05/06/2025,25,0.837978197188271,0.0034979044977412367,0.7794366615856461,1.4062626597018484,0.6235567046872839,4.490341670172533,688.2222222222222,0.355118778280543,0.11892361111111112
8,138,1,33.122156667,35.629793333,05/06/2025,25,0.8348307381577027,0.005994238668127314,0.7813753203988826,1.3647116497766225,0.6304497547545991,4.610161460266555,677.7777777777778,0.18680460064965088,0.11892361111111112
8,139,1,33.12238,35.629821667,05/06/2025,25,0.839784316816898,0.005760364664059124,0.7779587765110111,1.4359679580786162,0.6206282970459616,3.764746274839393,684.2222222222222,0.5104166666666667,0.15885416666666669
8,140,0,33.12257,35.629838333,05/06/2025,25,0.8438150621342608,0.001449916420236336,0.7849775738290965,1.422233424316617,0.6208059089160995,1.9017529540140132,681.3333333333334,0.6979166666666667,0.3255208333333333
8,141,0,33.12278,35.629871667,05/06/2025,25,0.8426649624321556,0.004417724919037748,0.7874528927661308,1.3934652183962117,0.6277671762667434,4.2229250747848,674.1111111111111,0.4435803167420814,0.13628472222222224
8,142,1,33.122971667,35.62989,05/06/2025,25,0.8287505686086629,0.00600532121191521,0.7779219061606208,1.335453405805166,0.6119604773382957,2.7862163915853473,673.5555555555555,0.5581730769230768,0.23871527777777773
8,143,0,33.123196667,35.629915,05/06/2025,25,0.8211502309341758,0.0030836258523924943,0.772645540761116,1.3062557693932426,0.6075500667052075,3.4758456951388412,677.6666666666666,0.5395833333333333,0.1953125
8,144,1,33.123388333,35.629938333,05/06/2025,25,0.8083030090225055,0.005730725812630603,0.7666634161417087,1.246269939212533,0.5959662164902126,3.7912242758143813,675.2222222222222,0.449364528555705,0.1623263888888889
8,145,0,33.123576667,35.629958333,05/06/2025,25,0.8090435796421256,0.003006168753388368,0.7644738541157593,1.2648002242211736,0.5955096201557091,3.045618332095218,679.6666666666666,0.6145833333333334,0.2144097222222222
8,146,0,33.123581667,35.629956667,05/06/2025,25,0.8090435796421256,0.003006168753388368,0.7644738541157593,1.2648002242211736,0.5955096201557091,3.045618332095218,679.6666666666666,0.6145833333333334,0.2144097222222222
8,147,2,33.123781667,35.629968333,05/06/2025,25,0.7890752255490664,0.004773319146325948,0.7436394371600129,1.2471715870009374,0.5906846589546122,4.1595533252021655,703.2222222222222,0.49950980392156863,0.1371527777777778
8,148,0,33.123996667,35.630008333,05/06/2025,25,0.6082714848072541,0.0358487235251155,0.6314191920073707,0.9327937986664607,0.472308689252205,5.0901998765158565,728.2222222222222,0.14932116505645915,0.10416666666666669
8,149,0,33.124011667,35.630023333,05/06/2025,25,0.6082714848072541,0.0358487235251155,0.6314191920073707,0.9327937986664607,0.472308689252205,5.0901998765158565,728.2222222222222,0.14932116505645915,0.10416666666666669
8,150,0,33.124035,35.629631667,05/06/2025,25,0.611670436578116,0.018873101379050388,0.6416777950900605,0.9073516675303046,0.49662486917480897,4.343722183214058,721.6666666666666,0.15881079042843751,0.14756944444444445
8,151,0,33.123895,35.629618333,05/06/2025,25,0.7733774917212748,0.007299419634499297,0.7354347518902823,1.1937716478751292,0.572380918526379,3.9090372348154983,683.0,0.42500000000000004,0.16145833333333337
8,152,0,33.123688333,35.629601667,05/06/2025,25,0.7958634420331001,0.01160981167101935,0.750213842764394,1.257275861855391,0.586169978789145,4.294372148594611,670.0,0.21783406709877295,0.1371527777777778
8,153,0,33.1235,35.62959,05/06/2025,25,0.7997924813509116,0.012518881497867255,0.7575484265765056,1.2429649293815226,0.5937687246575948,5.048533209849189,668.8888888888889,0.21916534181240063,0.1076388888888889
8,154,0,33.123311667,35.629551667,05/06/2025,25,0.7970581300180828,0.007766993244123118,0.757089504834146,1.2249499124737495,0.5875657267358965,5.084147917027244,675.5555555555555,0.15229979716511458,0.11111111111111113
8,155,0,33.123088333,35.629536667,05/06/2025,25,0.8097979259996856,0.006348750352202958,0.7596584185156604,1.3003449341857234,0.6002368134199644,4.788320189106002,680.0,0.1793518914842444,0.1232638888888889
8,156,0,33.122883333,35.629498333,05/06/2025,25,0.820291229345197,0.0073378614620948175,0.7651911081357363,1.3487625811556438,0.6026326747161654,4.200825794518089,687.3333333333334,0.2709525702172761,0.125
8,157,1,33.122671667,35.62948,05/06/2025,25,0.8339007525102103,0.011291425398093342,0.7752673206667651,1.4032484253929605,0.6168110111093166,3.909159127851422,691.2222222222222,0.22281144266438385,0.1388888888888889
8,158,0,33.122476667,35.62947,05/06/2025,25,0.8219781376931745,0.011871841788066674,0.7707074766647884,1.328763521926148,0.6076226423236926,4.544372148594611,689.6666666666666,0.17222932208226324,0.12673611111111113
8,159,0,33.122266667,35.629441667,05/06/2025,25,0.7643256887934162,0.028551954552343037,0.734974764854679,1.1527371461204954,0.558424886383814,4.473406066166137,690.1111111111111,0.15222177125699218,0.1154513888888889
8,160,0,33.122053333,35.629406667,05/06/2025,25,0.8312714759074081,0.003357722213859118,0.7781607120745484,1.35480115253321,0.6091986306677266,3.259485231079872,680.2222222222222,0.5645833333333334,0.1701388888888889
8,161,0,33.121828333,35.629396667,05/06/2025,25,0.836325932490066,0.006815131021149689,0.779100777674928,1.3941645113086574,0.6146388787167032,4.4193721485946105,689.3333333333334,0.22724027760792465,0.12847222222222224
8,162,0,33.121643333,35.629361667,05/06/2025,25,0.8271483032260442,0.006385858996106338,0.7715445497658009,1.3638156226761682,0.6122453292927673,4.804585169337801,700.6666666666666,0.18918541845012432,0.11111111111111112
8,163,1,33.121435,35.629331667,05/06/2025,25,0.8317929174313001,0.006766794231032609,0.7698087800228445,1.4184396834779502,0.6030313118834137,4.420507230104883,699.4444444444445,0.3497171945701358,0.12239583333333334
8,164,1,33.121225,35.629323333,05/06/2025,25,0.8330600945413225,0.009104339182160859,0.7695512228804302,1.432183267262925,0.6112395044174099,5.048533209849189,708.0,0.207711161387632,0.10763888888888891
8,165,0,33.12101,35.629296667,05/06/2025,25,0.8248994612071966,0.004242498462974894,0.7687555052493799,1.3630332750699636,0.6032782069439778,4.246393629661143,705.5555555555555,0.432843137254902,0.12239583333333334
8,166,0,33.12082,35.629283333,05/06/2025,25,0.8109395598138763,0.007797107563913418,0.7573053796327331,1.3247846526218363,0.5863348392224181,4.186772210336683,716.7777777777778,0.26230381965676086,0.12586805555555555
8,167,0,33.120633333,35.62924,05/06/2025,25,0.6232628923306114,0.0455788821928433,0.6351010889926838,0.965101968508939,0.47724020066699896,4.186772210336683,826.5555555555555,0.20621530032607563,0.12586805555555555
8,168,0,33.120745,35.628881667,05/06/2025,25,0.7013365351856066,0.03840834295790939,0.6873868199959662,1.0620906722392738,0.5119453661398269,4.667481250360577,723.3333333333334,0.11824704256472146,0.12500000000000003
8,169,0,33.120918333,35.628896667,05/06/2025,25,0.8041213820385449,0.004472479268023556,0.7603354282609689,1.2542808076665655,0.5989631611820083,4.078855213411842,692.7777777777778,0.34934954751131225,0.12586805555555555
8,170,0,33.121138333,35.628925,05/06/2025,25,0.8028895343881237,0.0047232605891367,0.7630402252318832,1.2298851421227828,0.5964718573934059,2.8108522672525087,678.1111111111111,0.5854166666666667,0.1875
8,171,0,33.12136,35.62895,05/06/2025,25,0.801726820309177,0.004191188004868062,0.7569342538204725,1.2577056998051335,0.5861555832557167,4.343511255071193,681.4444444444445,0.3043646304675717,0.1371527777777778
8,172,0,33.121566667,35.628965,05/06/2025,25,0.8140292713838334,0.005372397532218836,0.7663807289813793,1.2909067242819159,0.5994056031869657,3.5808841113881416,669.8888888888889,0.4604166666666667,0.16145833333333334
8,173,0,33.121733333,35.628995,05/06/2025,25,0.8171826985588739,0.008324205915631674,0.7691906728537459,1.299182277127935,0.6150855630451706,4.186772210336683,674.1111111111111,0.4041666666666667,0.12586805555555555
8,174,0,33.121926667,35.629025,05/06/2025,25,0.8165487246942743,0.0022724741666282147,0.7696174145293981,1.2892050122915344,0.6072225415268073,4.246393629661142,670.5555555555555,0.45208333333333334,0.12239583333333334
8,175,0,33.122145,35.629051667,05/06/2025,25,0.8069592045959685,0.004785827741584377,0.7640955173991075,1.2524058835527798,0.6039787586215564,4.141745971613138,670.7777777777778,0.40240384615384617,0.13020833333333334
8,176,0,33.122323333,35.629071667,05/06/2025,25,0.750475765142945,0.010915617040421256,0.7288730432833942,1.1015240626646225,0.5660148328961705,4.596251836004465,664.3333333333334,0.2000644113267876,0.11805555555555555
8,177,0,33.122548333,35.629096667,05/06/2025,25,0.7987682036005341,0.0027497568052789333,0.7562763533069359,1.2407947922547082,0.6033568576793037,3.138064703666797,685.3333333333334,0.61875,0.21180555555555558
8,178,0,33.122751667,35.629116667,05/06/2025,25,0.8015199547124949,0.006781946076048263,0.7619168228695986,1.2281026270816038,0.5902378349409694,3.8825592338405097,663.0,0.2561368778280543,0.15625
8,179,0,33.122961667,35.629135,05/06/2025,25,0.8005992522317348,0.00429476818490668,0.7633448136834768,1.212381200932173,0.5994276698797647,4.284037234815498,666.2222222222222,0.2856240573152338,0.13368055555555555
8,180,0,33.123146667,35.629158333,05/06/2025,25,0.7970080935577958,0.005161380189175188,0.7556630734311577,1.2326122085844218,0.5926976885697205,4.5745467530885,682.8888888888889,0.3188786637316049,0.1154513888888889
8,181,0,33.12335,35.62919,05/06/2025,25,0.8024556359256674,0.002704536460281752,0.7515144027538495,1.2947880980058863,0.5884103126316705,4.228438877003349,693.2222222222222,0.3144136500754148,0.13802083333333334
8,182,0,33.123555,35.629203333,05/06/2025,25,0.7982000855198876,0.0070538529892931814,0.7558252657125104,1.2409282696140511,0.5907081030961102,3.894233794087383,684.8888888888889,0.4208333333333334,0.1675347222222222
8,183,1,33.123768333,35.629231667,05/06/2025,25,0.7816637084903967,0.0045180465146491215,0.7426085236132647,1.2055781087699353,0.5711573013623135,4.186772210336683,686.0,0.3002782703517997,0.12586805555555555
8,184,0,33.123971667,35.629255,05/06/2025,25,0.7428878366223471,0.02104456657903036,0.7099093149983466,1.1530157832750334,0.5563291426226278,4.29437214859461,712.6666666666666,0.2163561293222358,0.1371527777777778
8,185,0,33.124065,35.629268333,05/06/2025,25,0.6159661337180048,0.02137150333319602,0.6438793344446427,0.9134009694460994,0.47886526461826445,4.586038815261278,716.4444444444445,0.1870475113122172,0.10763888888888891
8,186,0,33.124065,35.629268333,05/06/2025,25,0.6159661337180048,0.02137150333319602,0.6438793344446427,0.9134009694460994,0.47886526461826445,4.586038815261278,716.4444444444445,0.1870475113122172,0.10763888888888891
8,187,0,33.12406,35.628896667,05/06/2025,25,0.5957127585953582,0.038958342998925116,0.6275320767274125,0.9056953138936416,0.4683916967237501,4.420507230104883,671.6666666666666,0.21996618258573616,0.12239583333333334
8,188,1,33.123853333,35.628881667,05/06/2025,25,0.7642246657429307,0.005818728657249641,0.7223249460607649,1.206381679425972,0.551530172982853,3.813054690915721,719.4444444444445,0.45584133341486277,0.1753472222222222
8,189,1,33.123678333,35.628858333,05/06/2025,25,0.7750878034543791,0.012167067630158014,0.7399532583076394,1.1821931819001337,0.5668771906629223,4.260303253923233,699.5555555555555,0.37396483021483024,0.12326388888888891
8,190,0,33.12344,35.628828333,05/06/2025,25,0.7939208643439326,0.007050332228057713,0.7519113519436313,1.2340985156274242,0.5907660630036786,4.804585169337801,687.2222222222222,0.26681240063593004,0.11111111111111112
8,191,0,33.123243333,35.628805,05/06/2025,25,0.7980988625931007,0.002069865895182652,0.7523558143049663,1.2586233899796477,0.590313524629856,4.181739399499471,696.5555555555555,0.3531391402714932,0.12239583333333334
8,192,0,33.123063333,35.628776667,05/06/2025,25,0.7970372089902253,0.005895383148105628,0.7520932497878691,1.2535740551905397,0.5857483938296788,3.552694271103767,693.6666666666666,0.495343137254902,0.16666666666666669
8,193,0,33.122846667,35.62875,05/06/2025,25,0.7994238337025128,0.004236888518149286,0.7578841607421092,1.235994137108745,0.5983063118183002,4.663320189106001,690.0,0.3286254636989931,0.125
8,194,0,33.122633333,35.62873,05/06/2025,25,0.7938592040805512,0.005300661632471344,0.7514180750077553,1.2361955634745894,0.5863598945745836,3.9510891264457277,685.5555555555555,0.48700980392156856,0.1449652777777778
8,195,0,33.122368333,35.62869,05/06/2025,25,0.7487726768224028,0.016617718982318622,0.7319663498338309,1.079227652698602,0.551718214243293,4.959147917027244,676.2222222222222,0.13850594749614437,0.11111111111111112
8,196,0,33.12218,35.62867,05/06/2025,25,0.7955148618393387,0.007132887059968527,0.7532499083839268,1.237165155556144,0.579616283762755,3.986180608917954,674.4444444444445,0.43125,0.13802083333333334
8,197,0,33.121998333,35.628651667,05/06/2025,25,0.8050109648238571,0.004248073329894706,0.7595177622980142,1.2656929166276945,0.5910313100678679,4.68717950218364,682.7777777777778,0.29068627450980394,0.1232638888888889
8,198,0,33.12176,35.628611667,05/06/2025,25,0.7970422999930705,0.002872343139674352,0.7538338624189941,1.2429185037254262,0.5903799524473936,4.0936331481071155,692.7777777777778,0.28112745098039216,0.125
8,199,0,33.121566667,35.628611667,05/06/2025,25,0.7954116104497229,0.005736826366659926,0.7490591116205414,1.2598671799662502,0.5843048258188129,3.9215263787562824,700.5555555555555,0.41237745098039214,0.1449652777777778
8,200,0,33.121375,35.628576667,05/06/2025,25,0.7957025572599472,0.003746084983953397,0.7556739113519638,1.2233431082326944,0.5872298424533633,4.017617721195772,678.2222222222222,0.42769276629570746,0.13368055555555558
8,201,0,33.121175,35.628551667,05/06/2025,25,0.7886269063242909,0.005072511328020749,0.7464942797627516,1.228640333630169,0.5857208648961509,3.6889264404983537,699.7777777777778,0.5036764705882353,0.16319444444444448
8,202,0,33.12097,35.628531667,05/06/2025,25,0.8055655370028894,0.004448213796147049,0.7579075230807697,1.2793620829928913,0.5951436657252736,3.428232428373827,697.0,0.39522058823529416,0.14409722222222224
8,203,0,33.120773333,35.6285,05/06/2025,25,0.6969265369098685,0.049411375389194594,0.6850010671591159,1.0599114831707575,0.513651897386898,5.292481250360577,725.7777777777778,0.08352985558028136,0.10416666666666669
8,204,0,33.120738333,35.628503333,05/06/2025,25,0.6388356100411107,0.05122153317330423,0.6512448223075209,0.9667694976484107,0.48028827244418715,5.048533209849189,744.0,0.1452206780972559,0.1076388888888889
8,205,0,33.120793333,35.628145,05/06/2025,25,0.5439796140167629,0.05098941674200645,0.5869719799613559,0.8848129078157827,0.39584159658273377,4.663320189106001,541.4444444444445,0.1399391264988555,0.125
8,206,0,33.120991667,35.62817,05/06/2025,25,0.6117265137753926,0.04965663178649379,0.638308696084144,0.9222739653394244,0.43633196362067084,4.4193721485946105,527.2222222222222,0.14787038560396798,0.12847222222222224
8,207,0,33.12121,35.628198333,05/06/2025,25,0.5974508677708146,0.07334231121709694,0.6249272705661063,0.9260790244496891,0.4343655567580453,4.846251836004467,811.2222222222222,0.10574862512696874,0.1076388888888889
8,208,0,33.12141,35.628218333,05/06/2025,25,0.6193899898588545,0.06639500965943883,0.6354427201983299,0.9594755243066524,0.45257102724729553,5.048533209849189,793.5555555555555,0.07520166078855636,0.1076388888888889
8,209,0,33.121623333,35.62824,05/06/2025,25,0.5652181745157524,0.06084388568485694,0.6021252027976723,0.9005246743329867,0.4109093135459398,4.544372148594611,821.7777777777778,0.21828895403742835,0.1267361111111111
8,210,0,33.121816667,35.62826,05/06/2025,25,0.6040751986077786,0.0727255918641262,0.6233437654328501,0.950646039299705,0.4396894312480547,5.292481250360577,797.2222222222222,0.07725356465944394,0.10416666666666669
8,211,0,33.122011667,35.628278333,05/06/2025,25,0.5705050210667474,0.06346143469648052,0.5998088545402545,0.9231269857741646,0.4312043507385232,4.667481250360579,830.8888888888889,0.15203771019107556,0.125
8,212,0,33.122216667,35.628316667,05/06/2025,25,0.5907003575169757,0.06718416893865911,0.614370644846693,0.936880056656196,0.4370338565649206,5.048533209849189,802.0,0.10143082817143026,0.1076388888888889
8,213,0,33.122491667,35.6284,05/06/2025,25,0.6675217717337536,0.04219384803109317,0.6693842208666958,0.9974563907266051,0.5030091724366293,3.596822633626531,759.7777777777778,0.220020325203252,0.17708333333333331
8,214,0,33.122631667,35.628375,05/06/2025,25,0.584351977284641,0.07525709629676218,0.6190475476954732,0.9068146131756983,0.44806920409008494,5.292481250360577,816.0,0.06533013134443127,0.10416666666666669
8,215,0,33.122865,35.6284,05/06/2025,25,0.6265991660206094,0.05966189339224989,0.656439936145471,0.9107774712351312,0.4750292689613911,5.084147917027246,769.8888888888889,0.08930534647135407,0.11111111111111113
8,216,0,33.123048333,35.628416667,05/06/2025,25,0.5881161241550354,0.07314634991289852,0.6209511705131217,0.9090677002714188,0.4459584175637896,5.292481250360577,816.0,0.11911084312587629,0.10416666666666669
8,217,0,33.123256667,35.628438333,05/06/2025,25,0.6200268680308271,0.06982215788500426,0.6454741205004668,0.9314716973135888,0.4655350980772066,4.596251836004467,779.7777777777778,0.1420246065698571,0.11805555555555557
8,218,1,33.123466667,35.628466667,05/06/2025,25,0.5666921473640077,0.06748339871817166,0.6091171353285769,0.8875323965942268,0.4297500831519414,3.89882421407231,828.3333333333334,0.1982935461255964,0.15104166666666666
8,219,2,33.123663333,35.62849,05/06/2025,25,0.5970743818422785,0.06950518852791195,0.621575303451409,0.9366665115992022,0.446921911220539,5.048533209849189,826.3333333333334,0.08766653292709443,0.1076388888888889
8,220,0,33.123866667,35.628518333,05/06/2025,25,0.5612373300731665,0.06526659181488714,0.5984499343698746,0.8992345645205473,0.4001183980972377,4.294372148594611,828.3333333333334,0.18600555576195518,0.1371527777777778
8,221,0,33.124073333,35.628548333,05/06/2025,25,0.3926569774721799,0.04257911368585523,0.49940993269403683,0.7664905226300179,0.3196909707185067,3.932024798310503,629.5555555555555,0.1882242154032338,0.15104166666666666
9,2,0,33.12394143,35.63256134,09/06/2025,21,0.5405358996633122,0.03741282848585325,0.5791635761097136,0.8960258594577045,0.41660646113903993,4.663320189106002,507.55555555555554,0.1364873441793029,0.125
9,3,0,33.12373095,35.632552255,09/06/2025,21,0.580952395758297,0.05030011005047835,0.5967244941526054,0.9583769838017557,0.4398688223614242,3.9090372348154987,795.5555555555555,0.2184646221740542,0.16145833333333334
9,4,1,33.12352722,35.6325246,09/06/2025,21,0.5245501233787486,0.03652389488533619,0.5766863899122354,0.8624270235089718,0.40643923854147856,4.802694271103768,779.8888888888889,0.245105199723999,0.1267361111111111
9,5,0,33.123319267,35.63250203,09/06/2025,21,0.5680115185667085,0.05528826575835216,0.5854436463138398,0.9558172113204686,0.4315692650139564,4.596251836004467,825.7777777777778,0.14169223848144485,0.11805555555555557
9,6,0,33.123100337,35.632472735,09/06/2025,21,0.6067999257494627,0.05393089931258615,0.628349010486361,0.9404805448941674,0.4661299179115512,4.5443721485946105,787.7777777777778,0.14519521668387309,0.1267361111111111
9,7,0,33.122890518,35.632451943,09/06/2025,21,0.5639715325869366,0.05902147295465045,0.5994828423476236,0.905916567762217,0.42864225147481694,4.242492461184755,806.6666666666666,0.19838364720494372,0.14583333333333334
9,8,0,33.12267752,35.632427623,09/06/2025,21,0.5859998345192783,0.062056972824670834,0.606496586036281,0.9456362510918291,0.45152559544706544,4.846251836004468,817.1111111111111,0.1018509355856795,0.1076388888888889
9,9,0,33.122469337,35.632401753,09/06/2025,21,0.5537307828785314,0.05227452911760671,0.5932548543154619,0.8924471371991667,0.4380355224700213,3.152170691632976,821.1111111111111,0.22779493294199177,0.22395833333333331
9,10,0,33.12225662,35.632386898,09/06/2025,21,0.5638574899320707,0.06780803152490412,0.5984531331340526,0.9055237436052295,0.4358567075865288,5.0485332098491895,825.0,0.10095072488058653,0.10763888888888891
9,11,0,33.122047905,35.63236496,09/06/2025,21,0.532423492722909,0.0349688196377169,0.578572191256577,0.8758104952580863,0.4202102326938755,2.707518749639422,827.1111111111111,0.26470830586684246,0.2708333333333333
9,12,0,33.121840683,35.63233741,09/06/2025,21,0.5599684401974732,0.0615396006397149,0.5970259663640173,0.8991494976910944,0.43092793594383433,3.9091591278514213,823.6666666666666,0.16213506391052793,0.1388888888888889
9,13,0,33.121621448,35.632316883,09/06/2025,21,0.5288675872497722,0.05613281504945197,0.5712304998856672,0.8878161731380134,0.4006041033514964,5.0485332098491895,839.8888888888889,0.09658958076900342,0.10763888888888891
9,14,0,33.121407742,35.632276483,09/06/2025,21,0.5580054112772201,0.05264193918491783,0.5952898767396042,0.9001346031755584,0.435110222714885,4.294372148594611,847.4444444444445,0.1827592297589173,0.1371527777777778
9,15,0,33.121188762,35.632252318,09/06/2025,21,0.565806458789292,0.05925177097802064,0.5989025014397225,0.9124126942285606,0.43458837287670404,4.603846168850305,860.1111111111111,0.1126720953654836,0.11458333333333334
9,16,0,33.120976523,35.632233422,09/06/2025,21,0.520671361435697,0.04791902395572537,0.5744736922304082,0.861106194762717,0.4002438283184621,4.159037234815498,853.5555555555555,0.19614430657865642,0.15104166666666666
9,17,0,33.120759383,35.632200658,09/06/2025,21,0.5560223093213426,0.06458759874022277,0.5898255749590927,0.9118160598550344,0.42868251310899513,4.66748125036058,853.5555555555555,0.09383079785967252,0.125
9,18,0,33.120553338,35.632176323,09/06/2025,21,0.5304335028771856,0.03629826189015475,0.57224842025945,0.8886024485876677,0.41300246642926686,4.603846168850306,839.0,0.13730994922795256,0.11458333333333334
9,19,0,33.120424495,35.631815497,09/06/2025,21,0.6733724849112926,0.03059103968412745,0.6578929166493691,1.0601848377023908,0.49151668680177035,4.663320189106001,510.77777777777777,0.12692479796383335,0.125
9,20,0,33.12063312,35.63184115,09/06/2025,21,0.7817165064243505,0.008273259302451973,0.7337476067925351,1.2548776349524555,0.5840879472788775,4.035034316583505,783.7777777777778,0.4144136500754147,0.1579861111111111
9,21,0,33.120844758,35.631866457,09/06/2025,21,0.7912316044061612,0.004433717394135325,0.7369618297597389,1.2998424073025352,0.5902559200287634,3.152170691632976,786.3333333333334,0.5729166666666666,0.22395833333333331
9,22,0,33.12105556,35.631890545,09/06/2025,21,0.7832935105675541,0.0020890860407172676,0.7324417593535162,1.2709044764314847,0.5864645424640305,3.608355754981688,786.7777777777778,0.48958333333333337,0.1388888888888889
9,23,0,33.121266037,35.63191517,09/06/2025,21,0.7927123337965718,0.006688700599312256,0.7420664536271769,1.2817705623362825,0.5887575823604991,4.141745971613138,775.0,0.36894796380090494,0.13020833333333331
9,24,0,33.121463333,35.63195,09/06/2025,21,0.7967985613712403,0.0036939835165654853,0.7449785201683338,1.2925446106282807,0.5955781494440094,4.231000399011977,767.4444444444445,0.39166666666666666,0.12239583333333334
9,25,0,33.121671667,35.631956667,09/06/2025,21,0.8012219754016034,0.0034396022581682133,0.7451234939700517,1.3235539951501483,0.5975861078991089,3.9090372348154987,768.5555555555555,0.3454863234274999,0.16145833333333334
9,26,0,33.121893333,35.631988333,09/06/2025,21,0.7960320698467124,0.002496777084605544,0.7459848306851514,1.2810604384334523,0.596884344199403,3.0053241698252937,766.2222222222222,0.5833333333333334,0.1996527777777778
9,27,0,33.122096667,35.632008333,09/06/2025,21,0.7716024156309229,0.011041086092541414,0.7259038492940093,1.2335635106381804,0.5854537595004826,3.152170691632976,793.0,0.4332107843137254,0.22395833333333331
9,28,0,33.122298333,35.63204,09/06/2025,21,0.7764693184600427,0.006560237878044798,0.7329438897106388,1.225695452509488,0.580801420559511,4.180867649916837,772.0,0.4177696078431373,0.12586805555555558
9,29,0,33.122501667,35.632048333,09/06/2025,21,0.78006692430456,0.0061751352294513355,0.729280165245576,1.2680541264384817,0.5860966524433833,3.3258257945180887,786.5555555555555,0.3791666666666667,0.18750000000000003
9,30,0,33.122681667,35.632066667,09/06/2025,21,0.781373134912402,0.004591622086862591,0.7340956059756261,1.2500876009047297,0.5838261934323206,3.978586276072115,775.7777777777778,0.3394607843137255,0.14149305555555555
9,31,0,33.122905,35.632093333,09/06/2025,21,0.7885763279123089,0.005147648295233671,0.7387634851033744,1.2718003624018412,0.583789324390117,2.7965768113973017,758.8888888888889,0.6333333333333333,0.24739583333333337
9,32,0,33.123113333,35.632125,09/06/2025,21,0.7847538429406283,0.00800838578818465,0.7349979809263771,1.2680205111852594,0.5938247041280467,4.560637128826411,770.8888888888889,0.23292797888386124,0.11458333333333334
9,33,0,33.123311667,35.632153333,09/06/2025,21,0.7781204385853396,0.008341036909271151,0.7276422437739811,1.2648116608265556,0.5802922823466076,4.577572732832804,774.0,0.35062217194570133,0.11111111111111112
9,34,1,33.123515,35.632185,09/06/2025,21,0.758543480746368,0.0025434705515118036,0.7100551696175563,1.2349190150949898,0.5562470914782804,3.730414048240376,805.1111111111111,0.38333333333333336,0.1840277777777778
9,35,1,33.123715,35.632198333,09/06/2025,21,0.756942564236346,0.00291175066459159,0.7013021665521341,1.2692944667635846,0.5489716735648051,3.5820191928984144,802.7777777777778,0.37242647058823525,0.1519097222222222
9,36,0,33.123926667,35.632235,09/06/2025,21,0.6224270123929222,0.032734388922902626,0.6358976534975839,0.9598301196387327,0.48580679939480803,4.840199876515856,762.4444444444445,0.20553769794407195,0.11458333333333334
9,37,0,33.123941667,35.632231667,09/06/2025,21,0.6224270123929222,0.032734388922902626,0.6358976534975839,0.9598301196387327,0.48580679939480803,4.840199876515856,762.4444444444445,0.20553769794407195,0.11458333333333334
9,38,0,33.123938333,35.631851667,09/06/2025,21,0.6066590096097334,0.04407631877731896,0.6267482643877872,0.9447266218897862,0.4754211184831113,5.048533209849189,781.8888888888889,0.20731814540126858,0.1076388888888889
9,39,0,33.123708333,35.631828333,09/06/2025,21,0.776647938025484,0.001998064206642447,0.7246887746729868,1.2698228124485014,0.5897882073820782,1.4353074058019708,793.3333333333334,0.84375,0.4887152777777778
9,40,2,33.123495,35.631791667,09/06/2025,21,0.7884906154986295,0.0057760937718717665,0.7421666284172902,1.2524441454429218,0.5956964648209996,2.792759514852448,777.1111111111111,0.6479166666666667,0.20225694444444445
9,41,0,33.123288333,35.631761667,09/06/2025,21,0.8000886133111217,0.003718689871013942,0.7427205018684515,1.3302647857104575,0.5911929583558521,3.8879185026711323,779.5555555555555,0.28863122171945704,0.15277777777777782
9,42,0,33.123103333,35.631753333,09/06/2025,21,0.7902983090004588,0.003009119743564786,0.7421982329277924,1.263321669562394,0.5922455874508397,4.333624692321415,771.8888888888889,0.34394796380090503,0.11458333333333334
9,43,0,33.122895,35.631733333,09/06/2025,21,0.7887110918289948,0.0027871684941341607,0.7357795147680914,1.2890555225884763,0.5832014732371786,2.9029781410077256,778.5555555555555,0.6041666666666667,0.21875000000000003
9,44,0,33.122693333,35.631701667,09/06/2025,21,0.7894072806169907,0.0026267874790007937,0.7400537510352768,1.2693869001516,0.5971126223244373,3.2984722755597775,778.6666666666666,0.5166666666666667,0.1857638888888889
9,45,0,33.122473333,35.63168,09/06/2025,21,0.7906161868441127,0.006894809342146408,0.7392855777870045,1.2822948287669684,0.5925912053771981,4.473406066166137,769.1111111111111,0.2825909563409564,0.1154513888888889
9,46,0,33.122265,35.63166,09/06/2025,21,0.7815035810546718,0.01070059294835502,0.7344999566758654,1.2520572694526075,0.5903676488033449,4.840199876515857,784.8888888888889,0.2184462516815458,0.11458333333333334
9,47,0,33.122058333,35.631625,09/06/2025,21,0.7930645043491368,0.004910648423014356,0.7455736926998583,1.2638827309904261,0.5993792059571238,3.7634566599411934,772.0,0.4604166666666667,0.1701388888888889
9,48,0,33.121858333,35.631596667,09/06/2025,21,0.8058303699511905,0.005599153353068677,0.7483484003609645,1.3393419117642293,0.605037691369742,4.317359712089616,778.8888888888889,0.3399509803921568,0.1267361111111111
9,49,0,33.12163,35.631571667,09/06/2025,21,0.8010499122590303,0.0037716898458595655,0.7478778283656629,1.3063319296304428,0.601002200708029,3.771388024249054,773.7777777777778,0.5203431372549019,0.15625
9,50,0,33.121425,35.631556667,09/06/2025,21,0.8009728894984942,0.006871101897701722,0.7424614886446181,1.3383919128034105,0.5975778710178481,3.1380647036667964,790.4444444444445,0.5875,0.21180555555555555
9,51,0,33.12121,35.631541667,09/06/2025,21,0.7930954401810384,0.0036372267007407804,0.7398506252177649,1.296226925356966,0.5908288356818013,2.9402089210773927,795.2222222222222,0.6791666666666667,0.21267361111111113
9,52,0,33.121005,35.631506667,09/06/2025,21,0.7958694167653407,0.004227877712131818,0.736109667987024,1.3375640225351728,0.5944385329992731,4.042628649429343,807.6666666666666,0.4125,0.1371527777777778
9,53,0,33.120813333,35.631475,09/06/2025,21,0.7901925683822864,0.004929865488870382,0.7302916837496096,1.3308857230650017,0.5818467305476447,4.147259773831688,815.5555555555555,0.4437500000000001,0.13368055555555555
9,54,0,33.120596667,35.631453333,09/06/2025,21,0.7767002999927786,0.0021097603512281083,0.7201088125390742,1.294790030980411,0.566662652097848,4.519641085934338,802.5555555555555,0.36029411764705876,0.1267361111111111
9,55,0,33.12044,35.63143,09/06/2025,21,0.6623893234508919,0.021359431768825148,0.6510635425692104,1.0419108035303084,0.5045881186885453,4.663320189106002,502.1111111111111,0.14662191666975344,0.125
9,56,0,33.120466667,35.63116,09/06/2025,21,0.6438865651000917,0.028893397965231556,0.6445411542042154,0.9993489197648261,0.4908882226513648,5.084147917027246,774.8888888888889,0.157322495243648,0.11111111111111112
9,57,0,33.120678333,35.63118,09/06/2025,21,0.7609472602845472,0.012220391041108452,0.7157082921060629,1.2227866310235147,0.5582618420262865,4.186772210336684,825.1111111111111,0.26839234030410497,0.12586805555555555
9,58,0,33.12088,35.631201667,09/06/2025,21,0.7649267507294731,0.010719134569047264,0.7235393533861014,1.2061120080001144,0.5651555953897787,3.6081546291736486,815.1111111111111,0.4812877073906484,0.1684027777777778
9,59,0,33.121095,35.631228333,09/06/2025,21,0.762625113294095,0.010440608756829145,0.7188666661613193,1.2153576434040767,0.5650425544869901,5.0485332098491895,833.1111111111111,0.22900467154053955,0.1076388888888889
9,60,0,33.1213,35.63126,09/06/2025,21,0.7585316370249742,0.012013055558620964,0.7250677029707184,1.1629515311476954,0.5674086717162989,3.9062640135302216,803.3333333333334,0.25505513431984017,0.15104166666666669
9,61,0,33.121505,35.631283333,09/06/2025,21,0.7714558358864844,0.013240456200391802,0.7245927346777029,1.2393911749978639,0.5779619252672961,4.490341670172533,812.3333333333334,0.30309435000611473,0.11892361111111112
9,62,0,33.121713333,35.631296667,09/06/2025,21,0.765086618215583,0.009790395544430003,0.7247586980101824,1.2005293142811653,0.5750819946798591,4.292628649429344,820.7777777777778,0.20252741429212018,0.12673611111111113
9,63,0,33.121926667,35.631331667,09/06/2025,21,0.7611616898522182,0.01641856043440976,0.7254928183547599,1.1770688128362605,0.5771835567354799,3.469508336839199,811.5555555555555,0.39330693815987927,0.17534722222222224
9,64,0,33.12214,35.631348333,09/06/2025,21,0.7315357602615831,0.013284863294178426,0.7056358773680946,1.1149280377594089,0.548133242625495,3.795654629173648,817.5555555555555,0.32352803222602355,0.1362847222222222
9,65,1,33.122338333,35.631373333,09/06/2025,21,0.7553487439162293,0.014808993730988712,0.7188206488163583,1.1757610981637086,0.5617141057601436,3.8988242140723095,803.0,0.2240136298421808,0.15104166666666666
9,66,0,33.122535,35.631401667,09/06/2025,21,0.756756989309932,0.014141570478763157,0.7164243854972608,1.1965531620768264,0.5648787506640818,4.81849479359989,802.3333333333334,0.2443765032000326,0.11197916666666669
9,67,0,33.122753333,35.631431667,09/06/2025,21,0.7565975533725288,0.004826953517945242,0.7209198682277959,1.1707867803566934,0.5603427341636292,4.352303795493078,797.0,0.3246573213484978,0.12152777777777779
9,68,0,33.122943333,35.631456667,09/06/2025,21,0.7506226923172066,0.01898013702021874,0.7221373140100282,1.137783012587513,0.5772485527188099,5.048533209849189,794.6666666666666,0.21014746274251292,0.1076388888888889
9,69,0,33.12316,35.631473333,09/06/2025,21,0.7578510929738203,0.012867565935780858,0.7216615441271971,1.1756149747634774,0.5757459636937047,4.353846168850305,792.1111111111111,0.2485135097850306,0.125
9,70,1,33.12336,35.6315,09/06/2025,21,0.7538787958283855,0.011649751989789701,0.7237384622174359,1.1432786152830117,0.5758592307059249,4.352303795493078,777.2222222222222,0.29925918075924285,0.12152777777777779
9,71,2,33.12357,35.631521667,09/06/2025,21,0.754692690999579,0.016317759404413268,0.7207601460891239,1.1648209590262766,0.5685097733066924,4.965199876515856,786.8888888888889,0.08476783595952324,0.11979166666666669
9,72,1,33.123766667,35.631543333,09/06/2025,21,0.7505534982411058,0.013015432699994276,0.7176809259187715,1.1559672888839903,0.5666622573509293,4.802694271103768,772.7777777777778,0.2554976356446944,0.1267361111111111
9,73,0,33.12396,35.63157,09/06/2025,21,0.5333888857308446,0.039085741425790306,0.5756062118097355,0.8863283215699274,0.42898006172967384,4.544372148594611,834.4444444444445,0.16722615908591512,0.1267361111111111
9,74,0,33.12397,35.631101667,09/06/2025,21,0.5745117691811887,0.03963172518564946,0.6087241147518905,0.9029637161977961,0.4652205026112306,4.6811275426950285,781.3333333333334,0.2095136740868448,0.11458333333333334
9,75,0,33.123761667,35.631083333,09/06/2025,21,0.7827932152341518,0.0042224135062757535,0.7335147039732495,1.2623519987642657,0.5917906613942864,4.042628649429343,766.0,0.35960595776772253,0.1371527777777778
9,76,0,33.12354,35.631048333,09/06/2025,21,0.7920417927334458,0.0045630427244735755,0.7411974100679914,1.2810646971327717,0.5995420134764647,4.2820083368391995,773.6666666666666,0.3647153092006033,0.12586805555555555
9,77,0,33.12332,35.631038333,09/06/2025,21,0.7905576768701296,0.0034961407281512984,0.7350279370699188,1.3056439403599343,0.5861869107108411,3.8969964419040486,784.1111111111111,0.37483974358974353,0.1293402777777778
9,78,0,33.123115,35.631001667,09/06/2025,21,0.7829179682212092,0.0027957622773424166,0.7323904453492199,1.2688243867732583,0.5819011057098041,2.861645066653632,788.6666666666666,0.5208333333333333,0.19965277777777776
9,79,0,33.122913333,35.630978333,09/06/2025,21,0.789133735236431,0.0037120744222704618,0.7375083746041823,1.2821684696063345,0.5870258215433707,4.818494793599889,777.7777777777778,0.30140638375932494,0.11197916666666669
9,80,0,33.122696667,35.630958333,09/06/2025,21,0.7906972957897442,0.0037472208799039703,0.7415500906974036,1.2701133871111263,0.5977901034875033,2.8368974703476995,782.5555555555555,0.5625,0.23524305555555558
9,81,1,33.122505,35.630931667,09/06/2025,21,0.7945974571979505,0.004856647632137578,0.7408424632133542,1.3012603671306335,0.5888372737496264,3.5132039014821648,783.2222222222222,0.5123774509803921,0.1657986111111111
9,82,0,33.122313333,35.630918333,09/06/2025,21,0.7929711199071776,0.007219980860800112,0.7415217116545763,1.2868654539837256,0.5955963738644335,3.9364386180241095,786.0,0.3849264705882353,0.15538194444444448
9,83,0,33.122081667,35.630858333,09/06/2025,21,0.7975314495804628,0.0023189744792822976,0.7438502121151269,1.304141616792577,0.5941511919812338,3.7336190869093264,786.2222222222222,0.36777903469079937,0.14149305555555555
9,84,1,33.121876667,35.63085,09/06/2025,21,0.7867948596616402,0.00883583478578083,0.7329244782255231,1.292537047641681,0.5795791201245568,4.804585169337801,810.8888888888889,0.15251676450205864,0.11111111111111112
9,85,3,33.12168,35.630828333,09/06/2025,21,0.7821770337811671,0.014924616491473962,0.7259603431807427,1.3031268899638686,0.5711245730059636,4.159037234815499,813.2222222222222,0.2276379886674004,0.15104166666666669
9,86,2,33.121455,35.630788333,09/06/2025,21,0.7712816169289457,0.0068343382283378605,0.7247434373445532,1.236932251854766,0.5637239061588759,4.387918502671132,809.5555555555555,0.37450980392156863,0.125
9,87,3,33.121315,35.63078,09/06/2025,21,0.7495428071651423,0.009092757026295206,0.709676321751273,1.1871839741387509,0.5453755075943023,4.692623044017256,814.5555555555555,0.3275539113774407,0.11892361111111112
9,88,3,33.12107,35.630768333,09/06/2025,21,0.7544778369118683,0.007922281913983961,0.7151127499142517,1.1881395723979487,0.5555818936558846,4.456733794087382,818.3333333333334,0.43749999999999994,0.1267361111111111
9,89,2,33.120945,35.630735,09/06/2025,21,0.7506389215380295,0.012906057311409565,0.7087762249118036,1.1986146330066263,0.5485688695438508,4.171526378756282,840.0,0.2961915535444948,0.13454861111111113
9,90,0,33.120746667,35.63069,09/06/2025,21,0.785102435803956,0.005722636468318397,0.727308592187384,1.3120087391617647,0.572742906747404,4.117014908952865,821.5555555555555,0.4395833333333334,0.13020833333333331
9,91,0,33.120521667,35.630671667,09/06/2025,21,0.6758392836137305,0.03253411593364008,0.6515773405697054,1.0936918287712638,0.5099829244544527,5.0485332098491895,781.4444444444445,0.08541343124303548,0.10763888888888891
9,92,0,33.120516667,35.630675,09/06/2025,21,0.6345794703454656,0.03775075705066636,0.6279851439937527,1.029030835220021,0.487926220741197,4.186772210336684,778.5555555555555,0.3140121892419503,0.12586805555555555
9,93,0,33.12057,35.630325,09/06/2025,21,0.6675829547731009,0.03885228683382223,0.649659465726678,1.0719005869074425,0.5008752789247053,4.242492461184756,763.3333333333334,0.1783899129548135,0.14583333333333334
9,94,1,33.12077,35.630348333,09/06/2025,21,0.7753744686921533,0.0027794176047918704,0.722373037990253,1.2740900320592743,0.5844365120069726,2.7684763762821936,826.5555555555555,0.3708333333333334,0.22135416666666669
9,95,1,33.120993333,35.630381667,09/06/2025,21,0.7691991773853801,0.004099218336588952,0.7129747945212704,1.2845370466128307,0.5695816129645732,4.8193665431825226,837.1111111111111,0.34378770739064857,0.1154513888888889
9,96,0,33.121196667,35.630408333,09/06/2025,21,0.7762878665215047,0.0014812577875862687,0.7262393214506163,1.2592547857748997,0.5636797322726568,2.8904762562790713,810.2222222222222,0.6354166666666667,0.18055555555555558
9,97,2,33.121416667,35.630418333,09/06/2025,21,0.7719699386830745,0.006670690302886104,0.7222211892960512,1.2545859022370693,0.5670577669064912,3.784886917514739,816.7777777777778,0.3941176470588236,0.1527777777777778
9,98,2,33.121633333,35.630451667,09/06/2025,21,0.7793901338538939,0.0038237919520801977,0.7280278482208815,1.2698054952457571,0.5733558675847238,3.449603918977221,816.4444444444445,0.5041666666666667,0.16927083333333331
9,99,2,33.121831667,35.63048,09/06/2025,21,0.7804478730363842,0.0029596607516554512,0.7257363433803665,1.2889357433509538,0.5754290066863629,2.7178220035626532,814.6666666666666,0.65625,0.22743055555555555
9,100,1,33.12207,35.6305,09/06/2025,21,0.7815462925867896,0.0033649059510049094,0.7313983695871473,1.265383771814329,0.5834965649987685,4.709147917027246,800.2222222222222,0.39117647058823535,0.15104166666666669
9,101,1,33.122296667,35.630585,09/06/2025,21,0.7715702992928924,0.011573026382097349,0.7264044539657439,1.2306560238581854,0.579576444986394,4.8193665431825226,810.0,0.23995154090742324,0.1154513888888889
9,102,1,33.122506667,35.630565,09/06/2025,21,0.8013627213016178,0.008873717012057894,0.746309842600683,1.3190888784687107,0.6082354619642312,4.846251836004466,788.8888888888889,0.25269607843137254,0.1076388888888889
9,103,1,33.122725,35.63059,09/06/2025,21,0.7939029065041261,0.0028149653401867217,0.7350876897353108,1.3291337942376957,0.5897764915533951,3.219508336839198,806.0,0.5045343137254902,0.1684027777777778
9,104,0,33.122943333,35.630615,09/06/2025,21,0.78549101865412,0.0072724331665818326,0.7389195349740879,1.2509206370076613,0.5876161549232051,2.4308241319059887,772.7777777777778,0.4854166666666666,0.24479166666666663
9,105,0,33.123168333,35.630635,09/06/2025,21,0.7886635166407026,0.007894417376360489,0.7368819000991988,1.283267808928244,0.5882851201548734,4.267226962994476,788.7777777777778,0.27345578044107455,0.11805555555555555
9,106,0,33.123375,35.630655,09/06/2025,21,0.7830364058503567,0.008753582200274238,0.7283253032068401,1.293334585610824,0.5754985083633638,4.875814583693911,803.3333333333334,0.22213423831070891,0.11805555555555558
9,107,1,33.12358,35.630683333,09/06/2025,21,0.7633468228513867,0.01133715396082673,0.718029710406952,1.2247372548594668,0.5615760760574253,4.30196648144045,801.0,0.28292797888386123,0.13368055555555558
9,108,2,33.12379,35.630711667,09/06/2025,21,0.7630719522402167,0.006440300010496145,0.7218750134574683,1.2027686577625663,0.5699857928120199,3.3893389829924376,790.1111111111111,0.34448529411764706,0.1736111111111111
9,109,0,33.12398,35.630726667,09/06/2025,21,0.5931135979122598,0.0469048798564357,0.6041710076982804,0.9718644582017739,0.455473240777276,4.490341670172532,798.1111111111111,0.2179108514698967,0.1189236111111111
9,110,0,33.123981667,35.63073,09/06/2025,21,0.5639526618415752,0.019112003475634576,0.5863987135446636,0.9365216261726117,0.4468362411153777,3.0311835807481353,808.1111111111111,0.5077205882352941,0.23177083333333331
9,111,0,33.123981667,35.630383333,09/06/2025,21,0.606892331066978,0.05797611228533938,0.6249247252785869,0.9530606838240576,0.46863856118670266,5.0485332098491895,793.6666666666666,0.07907250899277693,0.10763888888888891
9,112,1,33.123775,35.630358333,09/06/2025,21,0.7712156789173109,0.003012949504234348,0.7181665508146886,1.2701294484070957,0.5795394256875278,2.949677618511604,803.8888888888889,0.53125,0.18055555555555555
9,113,1,33.123573333,35.630345,09/06/2025,21,0.7569673486022004,0.005516353188685778,0.719197350720379,1.1814979149674827,0.5658184509742132,4.3865657617071605,795.8888888888889,0.39534313725490194,0.13020833333333337
9,114,0,33.123361667,35.6303,09/06/2025,21,0.7746714036214376,0.004248053846076868,0.7270215031201023,1.2456019069733868,0.5776445766119047,3.9937584081181323,797.3333333333334,0.4357578166401696,0.14409722222222224
9,115,0,33.123165,35.630278333,09/06/2025,21,0.7775092171342811,0.0032015050376840025,0.7280847416715589,1.2572855564911523,0.5822719818665146,4.532880086421832,802.5555555555555,0.2829374057315234,0.11892361111111112
9,116,0,33.123165,35.630278333,09/06/2025,21,0.7775092171342811,0.0032015050376840025,0.7280847416715589,1.2572855564911523,0.5822719818665146,4.532880086421832,802.5555555555555,0.2829374057315234,0.11892361111111112
9,117,0,33.122941667,35.630253333,09/06/2025,21,0.7913358078566285,0.004852065814407442,0.7360852851970742,1.3055443021428685,0.5939987689910958,4.616213419755165,806.7777777777778,0.247115945130651,0.11197916666666669
9,118,0,33.122736667,35.630225,09/06/2025,21,0.7932120620452159,0.0024412899675691473,0.7412684130735464,1.2887724430295528,0.5950905602686662,3.7480668684414766,798.0,0.4069381598793363,0.16493055555555555
9,119,1,33.122551667,35.630196667,09/06/2025,21,0.7973420179249364,0.002666267363179613,0.7396067077604392,1.3276755791438202,0.5989951753577603,4.389200983250171,812.6666666666666,0.38395550527903466,0.1189236111111111
9,120,2,33.122345,35.63018,09/06/2025,21,0.7810374884395063,0.013640748298368317,0.7303495565785455,1.269893277955337,0.5706671718770545,5.084147917027246,795.2222222222222,0.11750198355291612,0.11111111111111112
9,121,2,33.122125,35.630151667,09/06/2025,21,0.7860129424471947,0.008153437641471847,0.7332804648706402,1.2856631557067024,0.5806702068218604,4.86318744001086,797.6666666666666,0.21666722718193307,0.10416666666666669
9,122,2,33.121891667,35.630136667,09/06/2025,21,0.7748055954554188,0.005518882745177452,0.727555842523315,1.2436475841083023,0.5718104998037272,3.2342897106839215,815.2222222222222,0.4770833333333333,0.1657986111111111
9,123,2,33.121891667,35.630136667,09/06/2025,21,0.7748055954554188,0.005518882745177452,0.727555842523315,1.2436475841083023,0.5718104998037272,3.2342897106839215,815.2222222222222,0.4770833333333333,0.1657986111111111
9,124,3,33.12169,35.630106667,09/06/2025,21,0.7662813449851069,0.004417085067563481,0.7178752185704211,1.2413768802136198,0.573883402907251,3.1633456951388426,843.5555555555555,0.59375,0.2048611111111111
9,125,2,33.121491667,35.630096667,09/06/2025,21,0.7776305828876804,0.007058715452440944,0.7207405338872719,1.297897493393817,0.5566051209716449,4.084759773831688,816.1111111111111,0.26058991683991684,0.1328125
9,126,1,33.121263333,35.630063333,09/06/2025,21,0.7811067266817114,0.004167879508440179,0.7297568736713977,1.2715128090992276,0.5834396522954892,4.188054690915721,819.8888888888889,0.4099264705882353,0.13020833333333334
9,127,1,33.121073333,35.630033333,09/06/2025,21,0.7989732695500783,0.0047153493955727245,0.743996174126769,1.3138829741192104,0.6008677656668258,3.9578909424810482,796.1111111111111,0.4414969834087481,0.15885416666666669
9,128,0,33.120841667,35.630011667,09/06/2025,21,0.7892862966192875,0.008995321127043524,0.7379317512500011,1.2828602708512151,0.5954988933054928,3.9785862760721145,804.0,0.2954279788838613,0.11892361111111112
9,129,0,33.120626667,35.629968333,09/06/2025,21,0.7093801197517182,0.030218861103238626,0.6822378382795358,1.1174854205915734,0.5237311287270718,4.846251836004468,783.4444444444445,0.12649973416129714,0.1076388888888889
9,130,0,33.120568333,35.629966667,09/06/2025,21,0.6237200271712678,0.03829435949907642,0.6330434611187432,0.9744398503372678,0.467742462616964,5.084147917027246,758.5555555555555,0.13744554624689054,0.11111111111111112
9,131,0,33.120631667,35.629596667,09/06/2025,21,0.6780056656351213,0.032614024634607046,0.6528395920277505,1.1004185028473468,0.4988471536619954,4.596251836004467,781.8888888888889,0.15340634378457363,0.11805555555555555
9,132,0,33.120846667,35.629625,09/06/2025,21,0.7940925357677681,0.006934755648637227,0.7369328526756919,1.3210454216979306,0.5781072899848491,3.4317965653881934,801.2222222222222,0.4564950980392157,0.1623263888888889
9,133,1,33.121073333,35.629663333,09/06/2025,21,0.7970007388069384,0.005277036151398499,0.7359302931749949,1.3472567838254175,0.5919690547704136,4.042481250360578,813.8888888888889,0.19377828054298646,0.20833333333333337
9,134,1,33.121263333,35.629696667,09/06/2025,21,0.7952489298871127,0.0036767455988581887,0.7412778117579815,1.30281994472166,0.5863238845443769,2.7149869772292354,795.5555555555555,0.7083333333333333,0.2612847222222222
9,135,1,33.121465,35.629713333,09/06/2025,21,0.7995933256200725,0.007424423726177623,0.7445541078772542,1.3176669731178166,0.5908897054984101,3.587724819286582,786.6666666666666,0.48284313725490197,0.1875
9,136,2,33.12168,35.629751667,09/06/2025,21,0.7953147991535287,0.002433107648800777,0.7426975107831599,1.2951442587820605,0.5954215212396969,3.9367722103366827,801.4444444444445,0.475,0.1362847222222222
9,137,1,33.121893333,35.629761667,09/06/2025,21,0.7971116777679625,0.00594622636776094,0.7448787946541725,1.2960955940149104,0.5988911801167863,2.574344026199031,788.7777777777778,0.49583333333333335,0.21354166666666666
9,138,1,33.122156667,35.629793333,09/06/2025,21,0.7951864088104812,0.008958676937676277,0.7395215182227322,1.3140128116277856,0.5918978128848527,4.596251836004466,794.2222222222222,0.2388480392156862,0.11805555555555555
9,139,1,33.12238,35.629821667,09/06/2025,21,0.791035052676853,0.007806377881446687,0.7364802689533095,1.3013386648319178,0.5838791701539127,4.709147917027246,801.7777777777778,0.31320879703232646,0.15104166666666669
9,140,0,33.12257,35.629838333,09/06/2025,21,0.8013559235288599,0.004301873349024503,0.7465928859261157,1.3160016622961817,0.5917238512511044,5.048533209849189,792.3333333333334,0.27789016958134605,0.1076388888888889
9,141,0,33.12278,35.629871667,09/06/2025,21,0.8010526938132426,0.0035060031363257018,0.7425989091474441,1.3375291827467248,0.6015942457208977,3.9195030140177156,803.2222222222222,0.3916666666666667,0.13628472222222224
9,142,1,33.122971667,35.62989,09/06/2025,21,0.7804032971666807,0.006141884408503304,0.7393703883105505,1.2155699853797837,0.5867934409996006,4.8045851693378,776.5555555555555,0.2209802902449961,0.11111111111111112
9,143,0,33.123196667,35.629915,09/06/2025,21,0.7769759949314002,0.004685053208341218,0.7294681297575247,1.246821829706044,0.5845112163459842,3.6489495462576818,801.2222222222222,0.41188725490196076,0.1423611111111111
9,144,1,33.123388333,35.629938333,09/06/2025,21,0.7646994774687691,0.005638406246268801,0.7174102546057038,1.234500365290608,0.5719636697319505,4.3245467530885,818.0,0.3474264705882353,0.12586805555555558
9,145,0,33.123576667,35.629958333,09/06/2025,21,0.7617851483808517,0.00871131788158898,0.7199939747176431,1.2052487212387046,0.5698982295997345,2.555155966959864,800.6666666666666,0.5024509803921569,0.3472222222222222
9,146,0,33.123581667,35.629956667,09/06/2025,21,0.7617851483808517,0.00871131788158898,0.7199939747176431,1.2052487212387046,0.5698982295997345,2.555155966959864,800.6666666666666,0.5024509803921569,0.3472222222222222
9,147,2,33.123781667,35.629968333,09/06/2025,21,0.7442304601989966,0.003519404540200235,0.7046505072148572,1.1818412811240204,0.5481404019313787,2.3933481037069084,814.0,0.60625,0.2751736111111111
9,148,0,33.123996667,35.630008333,09/06/2025,21,0.6113232746549674,0.04236322411586906,0.6197299834388605,0.9769263555079917,0.47739160108656303,4.294372148594611,803.3333333333334,0.1678861606933581,0.1371527777777778
9,149,0,33.124011667,35.630023333,09/06/2025,21,0.6113232746549674,0.04236322411586906,0.6197299834388605,0.9769263555079917,0.47739160108656303,4.294372148594611,803.3333333333334,0.1678861606933581,0.1371527777777778
9,150,0,33.124035,35.629631667,09/06/2025,21,0.5806019115662786,0.031879079348398225,0.6044868262797866,0.9317755181075102,0.4558622595601,4.223406066166138,806.7777777777778,0.27845340411690106,0.12586805555555555
9,151,0,33.123895,35.629618333,09/06/2025,21,0.7297035599429307,0.008977914804015398,0.6971209690300026,1.1425332445548415,0.5412767496302409,3.78619146497717,797.2222222222222,0.33063725490196083,0.15885416666666669
9,152,0,33.123688333,35.629601667,09/06/2025,21,0.748608438348473,0.008892702509389633,0.7046456950589569,1.2062255066248173,0.5597498601904959,3.978586276072115,804.6666666666666,0.35612745098039217,0.11892361111111112
9,153,0,33.1235,35.62959,09/06/2025,21,0.7524459101987453,0.00929967437904722,0.713710723513984,1.1833330425349902,0.5615168539020923,4.8193665431825226,787.0,0.2281297134238311,0.1154513888888889
9,154,0,33.123311667,35.629551667,09/06/2025,21,0.7572977546303226,0.01018671534919768,0.7144088120246013,1.207990855593571,0.5547438684082714,4.188461982762677,792.3333333333334,0.3280165912518853,0.13802083333333334
9,155,0,33.123088333,35.629536667,09/06/2025,21,0.7717120512566997,0.00664836441331462,0.7287862020353075,1.217616322958417,0.5774546963347927,4.20559871257711,782.7777777777778,0.32300507521095756,0.11892361111111112
9,156,0,33.122883333,35.629498333,09/06/2025,21,0.7740839471115422,0.007948259329792387,0.7232407497288185,1.2621790586328012,0.583913890807107,3.0137771577575547,804.1111111111111,0.46875,0.2092013888888889
9,157,1,33.122671667,35.62948,09/06/2025,21,0.7859985458931011,0.010816658575791055,0.7374809711899633,1.2632391269175802,0.5900827503233086,3.596822633626531,796.5555555555555,0.2589460784313725,0.17708333333333337
9,158,0,33.122476667,35.62947,09/06/2025,21,0.7872951287982465,0.00927582169668153,0.7337543150984769,1.2911139133537117,0.5831687966771659,4.40310716836281,789.3333333333334,0.19159181240063594,0.11805555555555557
9,159,0,33.122266667,35.629441667,09/06/2025,21,0.7470742728928322,0.029294885294135157,0.7079720585958483,1.1888541994010602,0.5535244397759748,5.292481250360577,797.5555555555555,0.0568304525429036,0.10416666666666669
9,160,0,33.122053333,35.629406667,09/06/2025,21,0.7933546017594492,0.006570942603929637,0.7343072076952928,1.3307134913437417,0.5849674097966449,3.238651897746538,806.8888888888889,0.4735294117647058,0.22135416666666669
9,161,0,33.121828333,35.629396667,09/06/2025,21,0.7968025301419677,0.004512458955673344,0.7382725182318467,1.3318371004950886,0.5895210647734463,3.966219025167254,801.0,0.42708333333333337,0.1371527777777778
9,162,0,33.121643333,35.629361667,09/06/2025,21,0.7842643522043586,0.008774132452235245,0.7235773757214486,1.32730641934032,0.5746188408169443,5.048533209849189,822.3333333333334,0.15703675961028904,0.10763888888888891
9,163,1,33.121435,35.629331667,09/06/2025,21,0.7901786383824371,0.010095348976561117,0.7322662798317471,1.320289660626149,0.5795400283753147,4.200825794518089,810.1111111111111,0.2173642533936651,0.125
9,164,1,33.121225,35.629323333,09/06/2025,21,0.7969907715534791,0.012522582254647637,0.7317945697274367,1.373797402340787,0.5838565296259142,4.6811275426950285,820.6666666666666,0.20303833558194484,0.11458333333333334
9,165,0,33.12101,35.629296667,09/06/2025,21,0.7883037120143972,0.007926499810821566,0.7319000564405997,1.3092928444884824,0.580001639213986,4.575418502671132,818.4444444444445,0.32871417797888386,0.11892361111111112
9,166,0,33.12082,35.629283333,09/06/2025,21,0.7764095896056836,0.011787628028490975,0.7192120314319577,1.2998720004666824,0.5789760639705797,4.619239399499472,827.0,0.1526236153657244,0.1076388888888889
9,167,0,33.120633333,35.62924,09/06/2025,21,0.6402020683565687,0.028058969928014255,0.6310579153986152,1.0368046998501632,0.48467092158239605,4.4193721485946105,791.3333333333334,0.19758361626202725,0.12847222222222224
9,168,0,33.120745,35.628881667,09/06/2025,21,0.682264422890824,0.034786308678809885,0.6609411127900929,1.0877773379849,0.513578158301231,5.0485332098491895,799.1111111111111,0.12261171325084674,0.1076388888888889
9,169,0,33.120918333,35.628896667,09/06/2025,21,0.7659235793456918,0.003285959933918373,0.715836669458141,1.2497462786605655,0.5641109006234521,3.5475289937620214,814.2222222222222,0.46458333333333335,0.1736111111111111
9,170,0,33.121138333,35.628925,09/06/2025,21,0.7679940320490989,0.005104668251735695,0.7208196882960091,1.2368000227702445,0.566668302403437,1.9933241319059891,801.5555555555555,0.7604166666666666,0.2873263888888889
9,171,0,33.12136,35.62895,09/06/2025,21,0.7688264279669237,0.005507936884625743,0.7201613808324185,1.2449279039642687,0.5645695421919213,4.575418502671132,803.2222222222222,0.2891779788838612,0.11892361111111112
9,172,0,33.121566667,35.628965,09/06/2025,21,0.772482288361052,0.005356581612359696,0.7257603662877256,1.238270349548203,0.5835719954065518,4.638589126445728,795.6666666666666,0.2659162895927602,0.11458333333333334
9,173,0,33.121733333,35.628995,09/06/2025,21,0.7697664894718633,0.0028950760387760105,0.7218305450170536,1.2419403813200214,0.5792821784498299,3.386175003505865,798.6666666666666,0.575,0.16493055555555555
9,174,0,33.121926667,35.629025,09/06/2025,21,0.7780491923420113,0.005131494531391163,0.7284267602283793,1.259380968293225,0.5785036043841074,3.626092848185781,793.3333333333334,0.5145833333333333,0.1467013888888889
9,175,0,33.122145,35.629051667,09/06/2025,21,0.768000185786098,0.00354058666526905,0.7200396521584058,1.2406836701093111,0.5653923026192025,4.846251836004467,790.4444444444445,0.2655637254901961,0.1076388888888889
9,176,0,33.122323333,35.629071667,09/06/2025,21,0.717711663900088,0.013235914248677361,0.6938658128147998,1.101042964425794,0.5368417061527482,4.4903416701725325,763.4444444444445,0.2627574766025268,0.1189236111111111
9,177,0,33.122548333,35.629096667,09/06/2025,21,0.7568166248093706,0.005425253656886556,0.7107289677392236,1.2222322336428526,0.5608290226896819,4.516207814343076,797.5555555555555,0.3522535771065183,0.13020833333333334
9,178,0,33.122751667,35.629116667,09/06/2025,21,0.761406975937736,0.003211747783167179,0.7191733586410727,1.2061294212182778,0.5703749325492634,2.692215752170299,793.3333333333334,0.5790176205617381,0.33333333333333326
9,179,0,33.122961667,35.629135,09/06/2025,21,0.7611566954075968,0.006938127799857232,0.7212190801672715,1.1949956471123464,0.5719312908182386,4.163932045910443,793.2222222222222,0.37985482654600305,0.13802083333333334
9,180,0,33.123146667,35.629158333,09/06/2025,21,0.7651399417979099,0.001987749183978454,0.7151083360660635,1.2484587860824672,0.5703986558457268,4.359898128338916,794.8888888888889,0.36875,0.11805555555555557
9,181,0,33.12335,35.62919,09/06/2025,21,0.7617555866490545,0.002381012785704769,0.7147106956940718,1.2305678170863783,0.5703894816769718,3.9002857535759934,799.2222222222222,0.3998774509803922,0.1293402777777778
9,182,0,33.123555,35.629203333,09/06/2025,21,0.7468799437639078,0.004454510421146761,0.7097684597997087,1.171710166826624,0.5563717444291931,3.7433676499168373,804.8888888888889,0.48492647058823535,0.15625
9,183,1,33.123768333,35.629231667,09/06/2025,21,0.738031557110418,0.006006768177968985,0.6972247359282961,1.1839191013876007,0.5426597341262266,3.3051267657573082,810.1111111111111,0.4715214932126698,0.1909722222222222
9,184,0,33.123971667,35.629255,09/06/2025,21,0.7046359333847979,0.019455944953417518,0.675069901749311,1.1221520924773494,0.5186321022123676,4.8045851693378,810.6666666666666,0.21289556718179387,0.11111111111111113
9,185,0,33.124065,35.629268333,09/06/2025,21,0.5890826260127946,0.027589153388706284,0.6039887975617143,0.9560573702579374,0.47165131374236224,3.89882421407231,813.6666666666666,0.28686867662176047,0.15104166666666669
9,186,0,33.124065,35.629268333,09/06/2025,21,0.5890826260127946,0.027589153388706284,0.6039887975617143,0.9560573702579374,0.47165131374236224,3.89882421407231,813.6666666666666,0.28686867662176047,0.15104166666666669
9,187,0,33.12406,35.628896667,09/06/2025,21,0.5622139405724542,0.030474071709202313,0.5962835011209927,0.9032914782928438,0.45875805551098536,5.063314583693911,746.2222222222222,0.1586124133312577,0.11197916666666669
9,188,1,33.123853333,35.628881667,09/06/2025,21,0.6971917075260027,0.006478618046147365,0.6705848434358893,1.1054914915455816,0.5127170185487047,3.5041188279300868,849.7777777777778,0.3974264705882353,0.1527777777777778
9,189,1,33.123678333,35.628858333,09/06/2025,21,0.7279317633467186,0.006795481228042352,0.6918693333548585,1.1571788619446806,0.5369172876005881,3.23161225581642,826.6666666666666,0.43052413273001505,0.16145833333333331
9,190,0,33.12344,35.628828333,09/06/2025,21,0.7459173878559753,0.0027408632319978945,0.7052257680449273,1.18790822281401,0.548646649311295,4.520105543670017,812.4444444444445,0.31686463046757163,0.11892361111111112
9,191,0,33.123243333,35.628805,09/06/2025,21,0.7505748558141669,0.0022938735747028245,0.7103006268045733,1.1888481921009248,0.5604106455031794,3.650301089148552,810.7777777777778,0.4979166666666666,0.16319444444444445
9,192,0,33.123063333,35.628776667,09/06/2025,21,0.7485985019713824,0.005333380876295384,0.7166291218094524,1.148700961519503,0.5573272637700565,3.0961078760851497,794.8888888888889,0.5458333333333334,0.1996527777777778
9,193,0,33.122846667,35.62875,09/06/2025,21,0.7614527569713185,0.0036145345786586834,0.7165643762720365,1.2194058654044202,0.5575858526871483,3.3977979311017488,807.0,0.5645833333333333,0.1701388888888889
9,194,0,33.122633333,35.62873,09/06/2025,21,0.7522928421675918,0.005176923101759693,0.7105980277846724,1.1979990307603925,0.5583800206640154,3.4372685372905796,796.0,0.4212009803921569,0.16666666666666669
9,195,0,33.122368333,35.62869,09/06/2025,21,0.7049716121769765,0.022280967272570035,0.6803381992057084,1.1040468132752672,0.5258879611904266,5.0485332098491895,789.4444444444445,0.13974639231992173,0.1076388888888889
9,196,0,33.12218,35.62867,09/06/2025,21,0.749319526402662,0.005751155936631457,0.7127988329796404,1.1703376284302587,0.5667498082836837,3.596822633626531,805.3333333333334,0.3041666666666666,0.17708333333333334
9,197,0,33.121998333,35.628651667,09/06/2025,21,0.757800336179884,0.006331723969708256,0.7155234192846025,1.2040713270378858,0.5647083475423028,4.959147917027245,804.3333333333334,0.17682860462272226,0.11111111111111112
9,198,0,33.12176,35.628611667,09/06/2025,21,0.7512180391699107,0.0046622813055094085,0.7154426000190752,1.1678231967714425,0.5673346239469983,4.177286979256811,810.7777777777778,0.44117647058823534,0.1484375
9,199,0,33.121566667,35.628611667,09/06/2025,21,0.7578847909498958,0.004310665149676186,0.7136500804585307,1.2133669593783558,0.5650377443381336,3.5172269629944757,811.0,0.5437500000000001,0.1371527777777778
9,200,0,33.121375,35.628576667,09/06/2025,21,0.7511452205906577,0.002941659776466128,0.7134549036137678,1.176841697860018,0.5627579960512343,2.5743440261990314,804.7777777777778,0.59375,0.24479166666666669
9,201,0,33.121175,35.628551667,09/06/2025,21,0.7429315461570316,0.008463192743001658,0.7069733926276729,1.1644311562889023,0.5582571049860934,4.821520773344194,814.6666666666666,0.2317514063837593,0.1076388888888889
9,202,0,33.12097,35.628531667,09/06/2025,21,0.7637869216455239,0.008763718951087181,0.7158173925177473,1.2383378375376486,0.563761553306159,4.415474419267671,825.1111111111111,0.35430806938159876,0.1310763888888889
9,203,0,33.120773333,35.6285,09/06/2025,21,0.6709621220265366,0.04438667417350914,0.6567996369073761,1.060814742285414,0.500562284476176,5.0485332098491895,795.6666666666666,0.08359097502918829,0.1076388888888889
9,204,0,33.120738333,35.628503333,09/06/2025,21,0.6205711437299534,0.04612981474675928,0.6291254807477622,0.9790338262179633,0.46954422054036044,5.0485332098491895,794.2222222222222,0.09210634504195937,0.10763888888888891
9,205,0,33.120793333,35.628145,09/06/2025,21,0.5074554387610266,0.04655480631340059,0.545500296790001,0.9022544593471579,0.38319895606823867,4.663320189106001,604.1111111111111,0.12255705696144559,0.125
9,206,0,33.120991667,35.62817,09/06/2025,21,0.5673959690092503,0.04148138573002426,0.5866837300354333,0.9467241186306626,0.42044475224701233,3.8571575474056425,612.1111111111111,0.19483637177985225,0.1701388888888889
9,207,0,33.12121,35.628198333,09/06/2025,21,0.5572720169160668,0.06620013283398841,0.5773506937245959,0.9524002260385972,0.40574334751317714,4.6811275426950285,909.7777777777778,0.13939316386530026,0.11458333333333334
9,208,0,33.12141,35.628218333,09/06/2025,21,0.5713335346374856,0.06315492597042867,0.5885307773568051,0.9573759686089696,0.41392629170769996,5.048533209849189,888.5555555555555,0.10808165624992695,0.10763888888888891
9,209,0,33.121623333,35.62824,09/06/2025,21,0.5333458911146612,0.060802514014150016,0.5647574858228502,0.9204088944191038,0.3931935751416542,5.048533209849189,911.5555555555555,0.14114656978370924,0.1076388888888889
9,210,0,33.121816667,35.62826,09/06/2025,21,0.5509373601629605,0.056506034737162224,0.5720232554479007,0.9437364917369258,0.3915921797124441,4.846251836004468,897.0,0.14439314331079897,0.1076388888888889
9,211,0,33.122011667,35.628278333,09/06/2025,21,0.5471104333001207,0.05664259563851322,0.5693913111715517,0.9417534573441747,0.39727908898124464,5.0485332098491895,920.0,0.12167013298679066,0.1076388888888889
9,212,0,33.122216667,35.628316667,09/06/2025,21,0.5548765489450186,0.05994938189119405,0.5764048067953649,0.9449895852544274,0.40564671426217136,5.292481250360577,905.2222222222222,0.09711313628257093,0.10416666666666669
9,213,0,33.122491667,35.6284,09/06/2025,21,0.6165530380396855,0.04302721645965204,0.6200672125767913,0.992784348343609,0.4500691440787538,5.292481250360577,873.8888888888889,0.07115842603482841,0.10416666666666669
9,214,0,33.122631667,35.628375,09/06/2025,21,0.5496618358390769,0.06379147837492802,0.5707068672478006,0.9456810548156006,0.4073844690998611,4.603846168850304,928.6666666666666,0.1390844652238115,0.11458333333333334
9,215,0,33.122865,35.6284,09/06/2025,21,0.596150829285306,0.0585020943207395,0.5996131109070532,0.9974955809809664,0.4244871406057322,5.292481250360577,903.2222222222222,0.0671628958216155,0.10416666666666669
9,216,0,33.123048333,35.628416667,09/06/2025,21,0.5622364203409949,0.06058313313018419,0.5738587976089596,0.9732749533726976,0.4061313594457625,5.0485332098491895,913.8888888888889,0.10664324608676364,0.10763888888888891
9,217,0,33.123256667,35.628438333,09/06/2025,21,0.5897493326124444,0.0689051153107889,0.6093094539360947,0.9515669871145325,0.43383888713439056,4.159037234815498,875.8888888888889,0.16100355448973636,0.15104166666666669
9,218,1,33.123466667,35.628466667,09/06/2025,21,0.5369926628546183,0.06573419096239796,0.5633893301025141,0.9344599314930596,0.39976637908619983,4.246653522439333,932.5555555555555,0.16493644613814865,0.1388888888888889
9,219,2,33.123663333,35.62849,09/06/2025,21,0.5535184864953937,0.05574866180029685,0.5771674454810396,0.9373284854713262,0.4235375365200647,5.292481250360577,924.2222222222222,0.11092627673811094,0.10416666666666669
9,220,0,33.123866667,35.628518333,09/06/2025,21,0.5513240128009822,0.04504748814103934,0.5761925862118562,0.9319368986301136,0.4083192516570248,5.292481250360577,936.0,0.11333040006313885,0.10416666666666669
9,221,0,33.124073333,35.628548333,09/06/2025,21,0.3929180744405008,0.03788025851973417,0.4631226175013789,0.8432958388260356,0.29676523128701576,3.4541722720787553,677.1111111111111,0.21895031796502384,0.19791666666666666
10,2,0,33.12394143,35.63256134,14/06/2025,16,0.5996284416585735,0.050821447132778565,0.6143315038652346,0.9630028493653316,0.4516006355096461,4.663320189106002,495.22222222222223,0.09807395993392613,0.125
10,3,0,33.12373095,35.632552255,14/06/2025,16,0.6173676558215715,0.056868730881040934,0.6247184557758874,0.9895914898140405,0.4297484498323576,4.346251836004467,745.2222222222222,0.19473321090235665,0.1284722222222222
10,4,1,33.12352722,35.6325246,14/06/2025,16,0.5813922113715027,0.05898527487462256,0.6088943978072714,0.9258246960807794,0.4245487029102544,5.292481250360577,747.3333333333334,0.07290314541776746,0.10416666666666669
10,5,0,33.123319267,35.63250203,14/06/2025,16,0.6168604040691353,0.06390751344958241,0.6313435244248481,0.9685166547659877,0.4473799797682513,4.346251836004465,761.6666666666666,0.19630812759503935,0.12847222222222224
10,6,0,33.123100337,35.632472735,14/06/2025,16,0.6503775695174894,0.07002053919801987,0.6594088331306324,0.9873998098736424,0.4896722571556064,4.5443721485946105,741.5555555555555,0.1282612132687754,0.1267361111111111
10,7,0,33.122890518,35.632451943,14/06/2025,16,0.6169718520984492,0.06122115204421214,0.6363591557391841,0.9465866870561401,0.45522453138595964,5.292481250360577,774.2222222222222,0.0753357703901572,0.10416666666666669
10,8,0,33.12267752,35.632427623,14/06/2025,16,0.6524140944974645,0.06534787770175776,0.6579980761920542,0.9990236667967662,0.470041467174964,5.292481250360577,771.3333333333334,0.0914378616788873,0.10416666666666669
10,9,0,33.122469337,35.632401753,14/06/2025,16,0.6046067910596391,0.0651887112907966,0.6284728891184743,0.9352805240934364,0.44924131916538634,4.603846168850304,778.5555555555555,0.12044359088197554,0.11458333333333334
10,10,0,33.12225662,35.632386898,14/06/2025,16,0.6323081897271844,0.07812076269237767,0.6464100592010013,0.9705944641978943,0.4750506889320741,5.048533209849189,768.1111111111111,0.11948252467094521,0.1076388888888889
10,11,0,33.122047905,35.63236496,14/06/2025,16,0.592199011496778,0.05657487953532633,0.6270533346863227,0.9008948575517075,0.4547181968816117,5.084147917027246,775.3333333333334,0.09991823675050715,0.11111111111111113
10,12,0,33.121840683,35.63233741,14/06/2025,16,0.6318831272384674,0.06825935620492456,0.6503004728064322,0.9536587551577609,0.4707088712842289,4.603846168850304,756.3333333333334,0.14909287498864515,0.11458333333333334
10,13,0,33.121621448,35.632316883,14/06/2025,16,0.589353333528564,0.061463888094423345,0.6212851465178529,0.9118168619749656,0.44755574378661056,4.159037234815498,769.6666666666666,0.17168916649641258,0.15104166666666666
10,14,0,33.121407742,35.632276483,14/06/2025,16,0.6196502234155488,0.07076376058055338,0.6374200907773482,0.9597021455660405,0.47316642779328305,4.544372148594611,800.0,0.15176487493962382,0.1267361111111111
10,15,0,33.121188762,35.632252318,14/06/2025,16,0.6426482928918451,0.06876693763072889,0.6466428135963329,1.0063131541778707,0.47870466349560403,3.5968226336265317,801.6666666666666,0.20121863188463623,0.17708333333333334
10,16,0,33.120976523,35.632233422,14/06/2025,16,0.5825173637849657,0.06405339680318882,0.6117852452447996,0.9221684793254202,0.43821832099948144,5.084147917027246,816.7777777777778,0.10655656024131463,0.11111111111111113
10,17,0,33.120759383,35.632200658,14/06/2025,16,0.6334161151904839,0.08221632578735556,0.6481950271964702,0.9735617608561644,0.4708678182083756,5.084147917027246,783.6666666666666,0.08624312499356443,0.11111111111111113
10,18,0,33.120553338,35.632176323,14/06/2025,16,0.583687496125132,0.05674048066082036,0.6148477777878126,0.9143189477244158,0.4480056456875075,4.846251836004467,776.8888888888889,0.1045758588266995,0.1076388888888889
10,19,0,33.120424495,35.631815497,14/06/2025,16,0.6588997921771313,0.035547489642686794,0.6491050847016125,1.0409592805366306,0.4781008129744327,3.8571575474056425,558.2222222222222,0.19539545923201557,0.1701388888888889
10,20,0,33.12063312,35.63184115,14/06/2025,16,0.8063946217237922,0.0051173734658299715,0.7419397395863259,1.3825936953081497,0.5825874792443242,3.7653581316438367,764.4444444444445,0.41617647058823526,0.14756944444444445
10,21,0,33.120844758,35.631866457,14/06/2025,16,0.8185402042040383,0.0038159526829717417,0.7597757721884876,1.368407164409704,0.6028798172795535,4.110161460266554,737.0,0.36311075781664015,0.1762152777777778
10,22,0,33.12105556,35.631890545,14/06/2025,16,0.8129959376618072,0.004203397290178281,0.7495096835059707,1.3886566807122003,0.587770276642242,4.309284387862439,750.4444444444445,0.3451263197586727,0.14756944444444442
10,23,0,33.121266037,35.63191517,14/06/2025,16,0.8200867915744354,0.00409554701592115,0.7550559202463742,1.4120903632470554,0.5983049319585059,4.532880086421833,744.2222222222222,0.3304769984917044,0.11892361111111112
10,24,0,33.121463333,35.63195,14/06/2025,16,0.8190920866650174,0.0073477388598071165,0.759225713118754,1.3775599201897717,0.607723015960136,3.596822633626531,739.2222222222222,0.28259803921568627,0.17708333333333337
10,25,0,33.121671667,35.631956667,14/06/2025,16,0.8174838462002427,0.006037311060745876,0.7620519391379985,1.3462032775065926,0.6043040849210085,4.2066600945529995,720.6666666666666,0.31151960784313726,0.12586805555555558
10,26,0,33.121893333,35.631988333,14/06/2025,16,0.8255449240272486,0.0027146072339930944,0.7612391850665463,1.4187789656695828,0.5975352923950292,3.9657380337859163,731.2222222222222,0.3296945701357466,0.11805555555555555
10,27,0,33.122096667,35.632008333,14/06/2025,16,0.8008302357731371,0.005715269351779954,0.7479508329399912,1.3049712831818747,0.5904681949589039,3.476717444721476,744.3333333333334,0.4635996290408055,0.1814236111111111
10,28,0,33.122298333,35.63204,14/06/2025,16,0.8037459040109236,0.006122757076533188,0.7426722735128299,1.357580655780553,0.5812343661017966,4.759892522926826,756.4444444444445,0.32230392156862747,0.11197916666666669
10,29,0,33.122501667,35.632048333,14/06/2025,16,0.8069538257317453,0.0015216572457066434,0.7416347268883476,1.388569715373681,0.5904049154570367,3.5033850780897198,763.3333333333334,0.5144607843137254,0.1796875
10,30,0,33.122681667,35.632066667,14/06/2025,16,0.8131968550164207,0.0034171963415843766,0.7489256580685889,1.3941713775350022,0.5802694005667912,3.0053241698252937,738.1111111111111,0.46825980392156863,0.1996527777777778
10,31,0,33.122905,35.632093333,14/06/2025,16,0.8108433170007763,0.004178098562370285,0.7500229300849065,1.3679830849000867,0.5836430858874944,3.990627068983564,734.2222222222222,0.35575980392156864,0.1371527777777778
10,32,0,33.123113333,35.632125,14/06/2025,16,0.8063839377546153,0.002898148419279363,0.7459820931597405,1.35765626423657,0.5754874081696362,4.840199876515856,740.8888888888889,0.24382541478129716,0.11458333333333334
10,33,0,33.123311667,35.632153333,14/06/2025,16,0.7929488427219313,0.005879397321606418,0.7341840863035733,1.328468191990194,0.5742549082249138,4.763589126445728,761.1111111111111,0.27855392156862746,0.11458333333333334
10,34,1,33.123515,35.632185,14/06/2025,16,0.7695255007285041,0.006404707432361442,0.7228996920760077,1.2356322776662083,0.5448750605992576,3.3365804116807865,775.5555555555555,0.4995098039215686,0.15625
10,35,1,33.123715,35.632198333,14/06/2025,16,0.7682923045321466,0.006791415337968739,0.7117590215694539,1.2859333334739125,0.5378207810187254,3.4222541684195993,790.0,0.55,0.20572916666666669
10,36,0,33.123926667,35.632235,14/06/2025,16,0.6637991160727809,0.04557154597752332,0.6627830863352296,1.0129029718660731,0.5075620377729094,4.353846168850305,735.1111111111111,0.14828127187598703,0.125
10,37,0,33.123941667,35.632231667,14/06/2025,16,0.6637991160727809,0.04557154597752332,0.6627830863352296,1.0129029718660731,0.5075620377729094,4.353846168850305,735.1111111111111,0.14828127187598703,0.125
10,38,0,33.123938333,35.631851667,14/06/2025,16,0.6570650161992461,0.05633877095912308,0.6594368589536681,1.0035229140101936,0.5002121591974542,4.667481250360578,759.2222222222222,0.08855566793574712,0.12500000000000003
10,39,0,33.123708333,35.631828333,14/06/2025,16,0.7912283816845161,0.0019941790414319174,0.7318013697838368,1.3291368216309263,0.5597807244453884,3.9441922463618244,773.1111111111111,0.49166666666666664,0.14756944444444445
10,40,2,33.123495,35.631791667,14/06/2025,16,0.8123573175594119,0.005604881211595376,0.7486055356463129,1.3897916959938794,0.5792489560499415,4.5144608760283615,756.3333333333334,0.21424396681749625,0.11805555555555555
10,41,0,33.123288333,35.631761667,14/06/2025,16,0.8205015618194249,0.0038486967583536372,0.7583693057485944,1.3943138745209396,0.5970011812647315,3.7361806089179543,745.7777777777778,0.48125,0.1484375
10,42,0,33.123103333,35.631753333,14/06/2025,16,0.8160319338583294,0.001861290855263006,0.7492789650658376,1.4150522278097146,0.5855590182035226,3.7072719513574426,760.2222222222222,0.5458333333333334,0.14756944444444442
10,43,0,33.122895,35.631733333,14/06/2025,16,0.8138441784836108,0.005397565707205169,0.7510282470389295,1.3864285808759265,0.5924053430574373,3.6803129590011165,744.6666666666666,0.3211744833068362,0.18055555555555558
10,44,0,33.122693333,35.631701667,14/06/2025,16,0.8163734159278687,0.0037909610989114426,0.7544688139543898,1.3843637961652302,0.5924942928674893,4.434153522439333,739.2222222222222,0.3397025702172761,0.1328125
10,45,0,33.122473333,35.63168,14/06/2025,16,0.8151945131253545,0.0022854850507480653,0.7484491814355662,1.4132213975462151,0.5918521891746891,3.9821575474056425,767.6666666666666,0.3587009803921568,0.1840277777777778
10,46,0,33.122265,35.63166,14/06/2025,16,0.8026877363842854,0.013172436289590837,0.7454453355633264,1.3363738684126139,0.5918527872072886,5.063314583693911,746.7777777777778,0.188591303623673,0.11197916666666669
10,47,0,33.122058333,35.631625,14/06/2025,16,0.8236968726424897,0.004473657909598149,0.7607841447134568,1.4059355289424187,0.606207747725592,2.5738496345702995,742.0,0.6791666666666666,0.23350694444444445
10,48,0,33.121858333,35.631596667,14/06/2025,16,0.8325640562866783,0.005203724569482658,0.767829690134615,1.4384213204718979,0.6133058601514245,3.637918502671133,731.7777777777778,0.409709653092006,0.1440972222222222
10,49,0,33.12163,35.631571667,14/06/2025,16,0.8284066590603141,0.00561045212116121,0.7614359542653847,1.4450957518014758,0.6071339204444716,3.3258257945180887,745.6666666666666,0.30416666666666664,0.1875
10,50,0,33.121425,35.631556667,14/06/2025,16,0.8256491337853903,0.004756354371812813,0.7633485735780347,1.4057660172229145,0.5976311027815604,2.707518749639422,739.2222222222222,0.625,0.2708333333333333
10,51,0,33.12121,35.631541667,14/06/2025,16,0.8212956513759494,0.00632515612362323,0.7617134609005665,1.3791080769537987,0.6092320653551059,4.881866543182522,743.1111111111111,0.12061272549803606,0.11111111111111113
10,52,0,33.121005,35.631506667,14/06/2025,16,0.8177020879125776,0.006001296054109439,0.7560359562613841,1.3856150576853592,0.5966636490359667,4.292628649429344,760.6666666666666,0.32973227752639517,0.12673611111111113
10,53,0,33.120813333,35.631475,14/06/2025,16,0.8097984845485136,0.006021539742484115,0.7485972338755036,1.36873112299737,0.5909222873308487,4.544372148594611,766.3333333333334,0.23585972850678727,0.1267361111111111
10,54,0,33.120596667,35.631453333,14/06/2025,16,0.7890561241864079,0.00768796192002237,0.7335898404296171,1.3045938281202893,0.5737306827897153,4.819366543182522,777.3333333333334,0.22348619491912175,0.1154513888888889
10,55,0,33.12044,35.63143,14/06/2025,16,0.6250134216003398,0.017780686255856243,0.6362864837644321,0.9649561204617395,0.48196784833050027,3.9090372348154983,591.4444444444445,0.32123769092097454,0.16145833333333331
10,56,0,33.120466667,35.63116,14/06/2025,16,0.625137032870231,0.016327214927631162,0.6340913241748038,0.9713627668357948,0.47508884875133195,4.246393629661143,902.6666666666666,0.31303644702535927,0.12239583333333331
10,57,0,33.120678333,35.63118,14/06/2025,16,0.7708561922079986,0.017567561698800527,0.7229844727174455,1.2466951692412938,0.5685410431973894,5.292481250360577,804.3333333333334,0.17171303656597772,0.10416666666666669
10,58,0,33.12088,35.631201667,14/06/2025,16,0.7862802236907576,0.008683815209399476,0.7351816095233515,1.2764231068469276,0.5693485379993715,4.28806029632781,786.4444444444445,0.30659271575397207,0.11892361111111113
10,59,0,33.121095,35.631228333,14/06/2025,16,0.7922619571774024,0.010488246081987805,0.7404238406463127,1.289027747231685,0.5851168112256668,4.240341670172532,783.7777777777778,0.36144597651950594,0.1293402777777778
10,60,0,33.1213,35.63126,14/06/2025,16,0.7955528812964866,0.01456650940270073,0.743932707100776,1.2943502968064944,0.5916571876713497,4.846251836004468,776.4444444444445,0.15602655823244058,0.1076388888888889
10,61,0,33.121505,35.631283333,14/06/2025,16,0.7928150435397721,0.007913864646659205,0.7459848526254776,1.259828097420443,0.5858832180221472,4.959147917027245,768.8888888888889,0.10015512784727892,0.11111111111111113
10,62,0,33.121713333,35.631296667,14/06/2025,16,0.8005304846767207,0.01461003804713963,0.750149153512227,1.2918368842708179,0.5899259142962934,4.677694271103768,763.8888888888889,0.28187889440041525,0.1267361111111111
10,63,0,33.121926667,35.631331667,14/06/2025,16,0.7936125514013076,0.00722502029757527,0.7475076843104398,1.2569173296447367,0.5936682596058607,3.355878505976054,773.8888888888889,0.4625,0.18489583333333331
10,64,0,33.12214,35.631348333,14/06/2025,16,0.7724448856181652,0.013700246678055321,0.7327145478192953,1.2042415580867671,0.568342300593747,4.819366543182523,775.3333333333334,0.2271151807916514,0.1154513888888889
10,65,1,33.122338333,35.631373333,14/06/2025,16,0.7791447538654123,0.01713028646854311,0.7288747373629989,1.2678775138214704,0.5695359275720507,4.763589126445728,787.1111111111111,0.15053998436100996,0.11458333333333334
10,66,0,33.122535,35.631401667,14/06/2025,16,0.7837547980734215,0.006596929875154126,0.7370572539902143,1.2493895024487278,0.5736799294158569,4.31433373234531,769.5555555555555,0.3514705882352941,0.1310763888888889
10,67,0,33.122753333,35.631431667,14/06/2025,16,0.7875729642514979,0.0043993064230122255,0.7366304306646886,1.2765913439128016,0.5761379048977769,4.200825794518089,768.2222222222222,0.2893382352941177,0.125
10,68,0,33.122943333,35.631456667,14/06/2025,16,0.78261877500994,0.011786964522509925,0.7384408679209753,1.2366326098963818,0.5779528179379795,4.923533209849188,758.6666666666666,0.18720878684113978,0.1232638888888889
10,69,0,33.12316,35.631473333,14/06/2025,16,0.7850093494114592,0.01112204998972659,0.7331360431909001,1.28136408130053,0.5729678185581588,3.0929050291925586,771.4444444444445,0.4544117647058824,0.15972222222222224
10,70,1,33.12336,35.6315,14/06/2025,16,0.7816386815024163,0.008469604676913706,0.7398047266770403,1.2217887401699852,0.5779567178570084,4.037041147676411,747.1111111111111,0.2458615119644531,0.1484375
10,71,2,33.12357,35.631521667,14/06/2025,16,0.7773663440475866,0.012982222108221433,0.7318623749552741,1.2394049300925527,0.5684929658916639,3.884558930614254,764.2222222222222,0.36476091476091477,0.14149305555555555
10,72,1,33.123766667,35.631543333,14/06/2025,16,0.7633197015018045,0.007829908441557655,0.7204964305215716,1.2109659761667464,0.5599318809945364,4.577572732832805,772.2222222222222,0.2563937466878643,0.11111111111111113
10,73,0,33.12396,35.63157,14/06/2025,16,0.6094738356462512,0.06737980830307234,0.6345752703893931,0.9343743207428905,0.46951281575882015,3.968633148107116,772.2222222222222,0.1778587825642676,0.14236111111111113
10,74,0,33.12397,35.631101667,14/06/2025,16,0.65535796334458,0.05396960898147694,0.6590588802901561,0.9983636405435702,0.4960921711340967,3.89882421407231,729.7777777777778,0.1569936254824637,0.15104166666666669
10,75,0,33.123761667,35.631083333,14/06/2025,16,0.8054876796596268,0.00597009357502847,0.7432402565977676,1.3674380495929164,0.5785855662895463,3.5706490237615602,735.2222222222222,0.44399509803921566,0.18229166666666666
10,76,0,33.12354,35.631048333,14/06/2025,16,0.8099974912679507,0.011028813121743135,0.7551291617013189,1.331709435326898,0.5951814101292505,4.240341670172532,732.3333333333334,0.31582946068240175,0.12934027777777776
10,77,0,33.12332,35.631038333,14/06/2025,16,0.8185848047949086,0.006342570340442081,0.7549412079774765,1.4015331136570508,0.5972590982300905,4.284037234815498,733.3333333333334,0.40036764705882355,0.16493055555555555
10,78,0,33.123115,35.631001667,14/06/2025,16,0.8119391534086878,0.0027187832261836085,0.74430389080205,1.412737299377434,0.587925966677108,4.102493427886333,761.6666666666666,0.35245098039215683,0.1579861111111111
10,79,0,33.122913333,35.630978333,14/06/2025,16,0.817706293282784,0.004920035276529396,0.7523984839453836,1.4095090605983553,0.5962740208701776,2.7295739585136225,754.2222222222222,0.5874999999999999,0.2309027777777778
10,80,0,33.122696667,35.630958333,14/06/2025,16,0.8204255044172076,0.003503978735404221,0.7555700992612023,1.4120009748677365,0.5964255155022833,1.66524175848515,753.8888888888889,0.7708333333333333,0.4114583333333333
10,81,1,33.122505,35.630931667,14/06/2025,16,0.8150385378035818,0.004098784654771124,0.7493416331764381,1.406412020989258,0.5948845936332441,3.235504024966309,773.6666666666666,0.4395833333333333,0.21006944444444445
10,82,0,33.122313333,35.630918333,14/06/2025,16,0.812540861302949,0.009543741503230018,0.7454431581250359,1.4125553933917674,0.5974088144840269,3.250840089726753,770.8888888888889,0.41553060413354537,0.1701388888888889
10,83,0,33.122081667,35.630858333,14/06/2025,16,0.8265993959636169,0.0036237877155636247,0.7577813805391481,1.4518584895107804,0.5978386105346766,3.9789770342734103,759.7777777777778,0.4564479638009049,0.13975694444444445
10,84,1,33.121876667,35.63085,14/06/2025,16,0.7938657609962384,0.00821850631354129,0.73354022581904,1.33896252954804,0.562260329191265,2.9029781410077256,803.3333333333334,0.6124999999999999,0.21875000000000003
10,85,3,33.12168,35.630828333,14/06/2025,16,0.7827484522751971,0.011166057373948712,0.7225191653281011,1.3236145943238014,0.5393308234346738,3.607157547405643,822.2222222222222,0.35821078431372544,0.16493055555555555
10,86,2,33.121455,35.630788333,14/06/2025,16,0.7700696619558586,0.007238219794783295,0.7196526108423218,1.2556946055746865,0.5378370760395508,4.840199876515856,810.2222222222222,0.32546624678977615,0.11458333333333334
10,87,3,33.121315,35.63078,14/06/2025,16,0.7635557002118101,0.004904864018142681,0.7072301236114166,1.2794816488613205,0.5253485778357083,3.6083557549816887,836.5555555555555,0.4375,0.1545138888888889
10,88,3,33.12107,35.630768333,14/06/2025,16,0.7589975000450663,0.007787576766466412,0.7100076832449371,1.2382144464916502,0.531425639458673,3.9517865792076634,831.1111111111111,0.3783732827850475,0.14409722222222224
10,89,2,33.120945,35.630735,14/06/2025,16,0.7579497292949033,0.00857188164484791,0.7064249326656582,1.2502259901914157,0.522041369630779,4.242492461184755,836.7777777777778,0.3062877073906486,0.14583333333333334
10,90,0,33.120746667,35.63069,14/06/2025,16,0.7963356157664149,0.00791515056156533,0.7360880566984698,1.341275966177589,0.5799259128853467,4.8193665431825226,800.1111111111111,0.288906383759325,0.1154513888888889
10,91,0,33.120521667,35.630671667,14/06/2025,16,0.619665224323586,0.04045077161096868,0.6308204148681784,0.9688413997898415,0.4624718270114617,5.0485332098491895,895.3333333333334,0.21790716331480336,0.1076388888888889
10,92,0,33.120516667,35.630675,14/06/2025,16,0.6018028094289026,0.01665177668233336,0.620461879190284,0.942777888913547,0.46210691902222223,4.603846168850305,932.0,0.2454649695831537,0.11458333333333334
10,93,0,33.12057,35.630325,14/06/2025,16,0.6072190267217207,0.03331908563840447,0.630719079688848,0.9295049680795837,0.45311859734143717,4.159037234815499,886.1111111111111,0.2658732827850474,0.15104166666666669
10,94,1,33.12077,35.630348333,14/06/2025,16,0.8056428230939878,0.00624852334751398,0.7451539719987321,1.3574945935470941,0.5853082477049784,4.8235276044371,773.3333333333334,0.316817496229261,0.11892361111111113
10,95,1,33.120993333,35.630381667,14/06/2025,16,0.789583373580507,0.007002325986033306,0.7266379233421937,1.3469423017758524,0.5594109690032747,4.490341670172533,808.4444444444445,0.37312762423056545,0.1189236111111111
10,96,0,33.121196667,35.630408333,14/06/2025,16,0.7991072247091208,0.0038154671682280503,0.7347971356940086,1.3692684668617026,0.5661421074052152,4.611033209849189,800.4444444444445,0.29649810443928093,0.12239583333333334
10,97,2,33.121416667,35.630418333,14/06/2025,16,0.7927495489082074,0.004886661550161486,0.7326407795585915,1.3353858069281754,0.5696218729645923,4.717354106677528,795.1111111111111,0.3218231523378582,0.11197916666666669
10,98,2,33.121633333,35.630451667,14/06/2025,16,0.790040347378042,0.006479357191452527,0.730691946529232,1.3272478784143873,0.5582599586056853,4.2756930454229485,798.5555555555555,0.395343137254902,0.13020833333333334
10,99,2,33.121831667,35.63048,14/06/2025,16,0.7961915805792669,0.003925796113228045,0.7321418524101597,1.3633599061841641,0.5560815245683165,4.038060296327808,795.0,0.38860294117647054,0.13802083333333331
10,100,1,33.12207,35.6305,14/06/2025,16,0.7996012429666978,0.004804594418652821,0.7401356001846261,1.3410933292731608,0.5819976431052899,4.393970462159743,777.1111111111111,0.22673122783416902,0.13368055555555555
10,101,1,33.122296667,35.630585,14/06/2025,16,0.7883942757941848,0.013527391819326948,0.7383965535436445,1.2753284673652154,0.5774744989138999,4.821520773344195,767.8888888888889,0.161178556053018,0.10763888888888891
10,102,1,33.122506667,35.630565,14/06/2025,16,0.8224455810191355,0.010905610800540044,0.7568029957583957,1.4239375236813063,0.6047526238043123,4.159037234815498,761.4444444444445,0.19245938563549753,0.15104166666666666
10,103,1,33.122725,35.63059,14/06/2025,16,0.8134057356848279,0.005997503111947351,0.750447960845,1.385596980532016,0.5932483269715298,4.788320189106002,772.4444444444445,0.2592288838612368,0.1232638888888889
10,104,0,33.122943333,35.630615,14/06/2025,16,0.8132906141413384,0.0065665597641577575,0.7483420385045684,1.398510799378645,0.5908064542309545,4.819366543182523,765.4444444444445,0.271487556561086,0.1154513888888889
10,105,0,33.123168333,35.630635,14/06/2025,16,0.8096956558214942,0.004513550074382328,0.7499619296295161,1.359130338534739,0.5836162229102709,4.590199876515856,753.8888888888889,0.4177790346907994,0.1371527777777778
10,106,0,33.123375,35.630655,14/06/2025,16,0.7994164648085655,0.01268383836023282,0.7442728049402029,1.318780834669865,0.5783401485880612,3.4380546909157212,757.8888888888889,0.4178656597774245,0.1579861111111111
10,107,1,33.12358,35.630683333,14/06/2025,16,0.7800870024212969,0.008820726082982205,0.7266518937957733,1.2824002852777359,0.553477486735779,4.590199876515855,786.6666666666666,0.35382398801516446,0.13715277777777776
10,108,2,33.12379,35.630711667,14/06/2025,16,0.7828371992834908,0.006487272576150596,0.7240805951895913,1.3140452983366666,0.5544358921807845,3.0311835807481358,785.4444444444445,0.5257696893726305,0.23177083333333331
10,109,0,33.12398,35.630726667,14/06/2025,16,0.668010981615804,0.06121291861697952,0.6720318242692339,1.0011572304335108,0.5066788671213697,4.959147917027245,733.0,0.03318111340145429,0.11111111111111112
10,110,0,33.123981667,35.63073,14/06/2025,16,0.6018120635738752,0.05493976675872052,0.6311869524003414,0.9151805724884016,0.475271765941035,5.084147917027245,749.7777777777778,0.0724939946092515,0.11111111111111112
10,111,0,33.123981667,35.630383333,14/06/2025,16,0.7093838076434886,0.033051649030259034,0.6935690979879802,1.0706184638418468,0.5334423730516225,4.596251836004467,749.2222222222222,0.168556443083553,0.11805555555555555
10,112,1,33.123775,35.630358333,14/06/2025,16,0.7842628900993969,0.007194884867519973,0.732098165797787,1.2803663781779526,0.555987443840309,4.675687440010861,763.8888888888889,0.2753411499735029,0.1154513888888889
10,113,1,33.123573333,35.630345,14/06/2025,16,0.7906222940305511,0.0036185165331221536,0.739957236992013,1.2787454073803362,0.5674616970842163,2.8411220587395083,755.8888888888889,0.5020833333333333,0.1840277777777778
10,114,0,33.123361667,35.6303,14/06/2025,16,0.803479256824302,0.005821390437909252,0.7409055665188246,1.3667658577367,0.5744666556799076,3.481131264435082,770.8888888888889,0.5770833333333333,0.14756944444444445
10,115,0,33.123165,35.630278333,14/06/2025,16,0.8085907141505626,0.010668598521517211,0.7478475614986413,1.3658206427612736,0.5897990581407245,4.579579563925711,770.4444444444445,0.23443591408978784,0.12239583333333334
10,116,0,33.123165,35.630278333,14/06/2025,16,0.8085907141505626,0.010668598521517211,0.7478475614986413,1.3658206427612736,0.5897990581407245,4.579579563925711,770.4444444444445,0.23443591408978784,0.12239583333333334
10,117,0,33.122941667,35.630253333,14/06/2025,16,0.8208892296871045,0.008922160930528573,0.7581705099942743,1.4014981011334064,0.594351954265623,4.675687440010862,754.0,0.33191721699074644,0.1154513888888889
10,118,0,33.122736667,35.630225,14/06/2025,16,0.8311703121695929,0.006736549528627507,0.7659027270376302,1.4397896653899303,0.6039140381002307,3.57064902376156,748.4444444444445,0.45915346907993965,0.18229166666666669
10,119,1,33.122551667,35.630196667,14/06/2025,16,0.8277738122607208,0.007263283180469825,0.7581787545680475,1.4605092809373814,0.5999151114114404,5.0485332098491895,762.1111111111111,0.23865440666911256,0.1076388888888889
10,120,2,33.122345,35.63018,14/06/2025,16,0.7921946158885862,0.010394057175225482,0.7389733249749565,1.2960199586403087,0.5724994005624854,4.802694271103767,762.3333333333334,0.20447321756145287,0.1267361111111111
10,121,2,33.122125,35.630151667,14/06/2025,16,0.8129590569465421,0.008287000107361353,0.7491805945297634,1.3920526132309172,0.581358837659161,3.9789770342734103,767.4444444444445,0.40518099547511316,0.13975694444444445
10,122,2,33.121891667,35.630136667,14/06/2025,16,0.8039851372697974,0.006669603414177121,0.7406279399782175,1.3725716453315835,0.5663702918558243,3.575825794518089,785.8888888888889,0.26495098039215687,0.19270833333333334
10,123,2,33.121891667,35.630136667,14/06/2025,16,0.8039851372697974,0.006669603414177121,0.7406279399782175,1.3725716453315835,0.5663702918558243,3.575825794518089,785.8888888888889,0.26495098039215687,0.19270833333333334
10,124,3,33.12169,35.630106667,14/06/2025,16,0.7873186812765658,0.012641626202305647,0.727526046463018,1.3284789446024186,0.5547516813108309,4.544372148594611,805.6666666666666,0.2220738045738046,0.12673611111111113
10,125,2,33.121491667,35.630096667,14/06/2025,16,0.7952856483198878,0.005857472168597158,0.7312368705641945,1.3616747844460086,0.5594752171148666,4.046789710683921,805.0,0.3843231523378582,0.15798611111111113
10,126,1,33.121263333,35.630063333,14/06/2025,16,0.8106921512694494,0.006594031434619421,0.7459249301882961,1.391931096442327,0.579008759280554,4.823527604437101,778.0,0.21957191920427213,0.11892361111111113
10,127,1,33.121073333,35.630033333,14/06/2025,16,0.8283947406547791,0.0060406048635125885,0.7597761174614609,1.4557320836814394,0.6006407778446569,4.8193665431825226,758.8888888888889,0.3144136500754148,0.1154513888888889
10,128,0,33.120841667,35.630011667,14/06/2025,16,0.8155442604733076,0.0023660472154319215,0.7569370241035478,1.3618806046675451,0.5985172797734077,3.395516274666421,761.1111111111111,0.44325980392156866,0.18923611111111113
10,129,0,33.120626667,35.629968333,14/06/2025,16,0.661949810478881,0.05174292753655291,0.6595281577425216,1.0200858114254219,0.49903579401105325,5.292481250360577,847.6666666666666,0.06028299204217351,0.10416666666666669
10,130,0,33.120568333,35.629966667,14/06/2025,16,0.5815667334973571,0.01565799258586971,0.6162707037096941,0.8981034433154272,0.4652578647872319,5.0901998765158565,933.1111111111111,0.2520957118966445,0.10416666666666669
10,131,0,33.120631667,35.629596667,14/06/2025,16,0.6280009643179228,0.03781818112218817,0.6354081938516707,0.979979120471122,0.4705634312506706,4.444773835029478,893.5555555555555,0.14618406356372812,0.11458333333333334
10,132,0,33.120846667,35.629625,14/06/2025,16,0.8140316891633357,0.00790805530153727,0.7461697353106325,1.41904620052627,0.5891144661985693,4.361440501696144,787.6666666666666,0.18862357832946067,0.12152777777777779
10,133,1,33.121073333,35.629663333,14/06/2025,16,0.8234378640489248,0.00544234749027254,0.7553987494448147,1.4402104236100681,0.5968427756588165,5.063314583693911,775.5555555555555,0.28186274509803927,0.11197916666666669
10,134,1,33.121263333,35.629696667,14/06/2025,16,0.8257749069858493,0.004102523875540761,0.7569700870949198,1.4498676576311829,0.5923624169561192,4.6811275426950285,762.2222222222222,0.21330306550894784,0.11458333333333334
10,135,1,33.121465,35.629713333,14/06/2025,16,0.8278444027462419,0.0022584196341542155,0.7516996028560053,1.5053639874617348,0.593859652017198,2.6602089476479382,782.1111111111111,0.5604166666666667,0.26041666666666663
10,136,2,33.12168,35.629751667,14/06/2025,16,0.8191083157913804,0.005677889890790161,0.7540356993424567,1.4113731567711851,0.5872203693177832,4.602303795493078,777.5555555555555,0.3093137254901961,0.11111111111111112
10,137,1,33.121893333,35.629761667,14/06/2025,16,0.8217212711851158,0.004211054544371252,0.7557851662877805,1.4215862876257819,0.5997592558141931,3.4584290997511093,765.2222222222222,0.37916666666666665,0.1623263888888889
10,138,1,33.122156667,35.629793333,14/06/2025,16,0.8227150006655748,0.005421483444995848,0.7588681183654308,1.4108558369611854,0.5994614061886997,4.0519664814404495,749.0,0.2387826117973177,0.1440972222222222
10,139,1,33.12238,35.629821667,14/06/2025,16,0.8103182719123686,0.006505371607227391,0.7445299793279281,1.3985990549774843,0.5850716603934649,4.168964856747655,769.3333333333334,0.4022170926582691,0.15885416666666669
10,140,0,33.12257,35.629838333,14/06/2025,16,0.8306517701875065,0.0032184904915241717,0.7600029037644532,1.4743381360180605,0.5989341073714789,3.7912242758143813,765.0,0.5027714932126697,0.1623263888888889
10,141,0,33.12278,35.629871667,14/06/2025,16,0.8355079484584488,0.004518946273251751,0.7667243181388771,1.4742996339005798,0.6038636377893738,4.750814583693912,750.0,0.2421606334841629,0.13368055555555555
10,142,1,33.122971667,35.62989,14/06/2025,16,0.8203448465787909,0.002857087668243829,0.7562043490812107,1.4067013871479181,0.5968680406902227,4.4170739585136225,755.3333333333334,0.43700980392156863,0.14149305555555555
10,143,0,33.123196667,35.629915,14/06/2025,16,0.8105622600857045,0.00462552629807089,0.749033639909757,1.3719702011465038,0.5834451873887071,4.224774142702668,770.3333333333334,0.3455505279034691,0.13368055555555558
10,144,1,33.123388333,35.629938333,14/06/2025,16,0.799348725843987,0.008960742677966779,0.7383004083024199,1.3516689823565615,0.5709795291794821,5.0485332098491895,780.2222222222222,0.1961911931244786,0.10763888888888891
10,145,0,33.123576667,35.629958333,14/06/2025,16,0.7814757409089512,0.007372404667281209,0.7292663756872142,1.2766273324455957,0.5586049949861245,3.8848925229268274,777.8888888888889,0.38529411764705884,0.1449652777777778
10,146,0,33.123581667,35.629956667,14/06/2025,16,0.7814757409089512,0.007372404667281209,0.7292663756872142,1.2766273324455957,0.5586049949861245,3.8848925229268274,777.8888888888889,0.38529411764705884,0.1449652777777778
10,147,2,33.123781667,35.629968333,14/06/2025,16,0.7620368700317636,0.0047434311357169865,0.712156999282119,1.2451721889274343,0.5334579523819057,4.312907291846955,792.0,0.3344097774244833,0.13368055555555558
10,148,0,33.123996667,35.630008333,14/06/2025,16,0.7043695373853195,0.03141375494903565,0.6872742770477023,1.075028789788057,0.5298172833933614,5.292481250360577,763.5555555555555,0.11307828308943356,0.10416666666666669
10,149,0,33.124011667,35.630023333,14/06/2025,16,0.7043695373853195,0.03141375494903565,0.6872742770477023,1.075028789788057,0.5298172833933614,5.292481250360577,763.5555555555555,0.11307828308943356,0.10416666666666669
10,150,0,33.124035,35.629631667,14/06/2025,16,0.6519623258853152,0.03857471094518403,0.6556723037352471,0.9936946869730424,0.4996774532732753,5.0901998765158565,775.3333333333334,0.0674730618409027,0.10416666666666669
10,151,0,33.123895,35.629618333,14/06/2025,16,0.7389813530757511,0.011165750142430498,0.701622903034312,1.1696293273579397,0.5347312113620959,5.063314583693912,783.1111111111111,0.2889234539969834,0.11197916666666669
10,152,0,33.123688333,35.629601667,14/06/2025,16,0.7684784063898763,0.01095622808374995,0.7198815030366341,1.245287712020727,0.5448261978351626,4.417073958513622,763.5555555555555,0.2960537177448942,0.15711805555555555
10,153,0,33.1235,35.62959,14/06/2025,16,0.7801265606555114,0.010689271616186127,0.7269934788152801,1.2815135913269846,0.5554331050957483,4.8193665431825226,769.1111111111111,0.2495893461334638,0.1154513888888889
10,154,0,33.123311667,35.629551667,14/06/2025,16,0.7762182507687677,0.009887317619793569,0.7283570682543707,1.2490889021172373,0.5591496686418859,4.396473620206547,754.3333333333334,0.42568815987933634,0.1371527777777778
10,155,0,33.123088333,35.629536667,14/06/2025,16,0.7932316692114662,0.009455685926228233,0.7387546064996342,1.303982404832769,0.5784405715059171,4.846251836004468,752.5555555555555,0.1822445541778397,0.1076388888888889
10,156,0,33.122883333,35.629498333,14/06/2025,16,0.797469248828775,0.008835459859118546,0.7426239879905827,1.312436522828093,0.583880584912175,4.431739399499471,754.4444444444445,0.26670437405731523,0.11892361111111112
10,157,1,33.122671667,35.62948,14/06/2025,16,0.8047117032065816,0.011952632761931977,0.74816549203147,1.3343099749950984,0.5829957784305024,4.246653522439333,761.8888888888889,0.18715400921283273,0.1388888888888889
10,158,0,33.122476667,35.62947,14/06/2025,16,0.8069529733856875,0.007775456088494926,0.7420187426548166,1.3879376434290676,0.5849923710250018,4.473406066166138,774.0,0.26267024377318493,0.1154513888888889
10,159,0,33.122266667,35.629441667,14/06/2025,16,0.7878398379763263,0.01751673562309095,0.7391048311350292,1.2692903713888637,0.5752426488131205,4.596251836004467,747.6666666666666,0.16706746643807113,0.11805555555555555
10,160,0,33.122053333,35.629406667,14/06/2025,16,0.8184625540530326,0.00896901303232982,0.7529121206806507,1.4136658030876559,0.5945353267356155,4.29437214859461,764.5555555555555,0.28414073009661245,0.1371527777777778
10,161,0,33.121828333,35.629396667,14/06/2025,16,0.8190793922788859,0.010091955109176643,0.7492600865722939,1.4436982334642516,0.5864749578247682,4.663320189106001,776.6666666666666,0.183714534670417,0.125
10,162,0,33.121643333,35.629361667,14/06/2025,16,0.8123094502270634,0.009951485422572019,0.7404373434985043,1.441689063580387,0.5739376971196818,4.369239399499471,783.2222222222222,0.17348083791582747,0.11805555555555557
10,163,1,33.121435,35.629331667,14/06/2025,16,0.8058157719265614,0.007740823930574542,0.7404383684428617,1.387980261902182,0.5753598658921123,5.0901998765158565,790.3333333333334,0.18245663650075414,0.10416666666666669
10,164,1,33.121225,35.629323333,14/06/2025,16,0.8140458093657789,0.009629778959506587,0.7426944783524579,1.4430629083791289,0.5833077903534934,4.336038815261277,793.2222222222222,0.25049340381657453,0.11805555555555555
10,165,0,33.12101,35.629296667,14/06/2025,16,0.8097778153944272,0.016160918954326562,0.7466220992554128,1.389874298652717,0.5863386132916371,4.596251836004466,772.3333333333334,0.1823402021931434,0.11805555555555557
10,166,0,33.12082,35.629283333,14/06/2025,16,0.787279490967798,0.012245710822599924,0.7342438570669759,1.2893792358008789,0.5691729161097384,5.0901998765158565,778.5555555555555,0.14259029391382336,0.10416666666666669
10,167,0,33.120633333,35.62924,14/06/2025,16,0.6348919313694373,0.021740170777524347,0.647820058956381,0.9577825717704539,0.4946811064031288,5.292481250360577,880.6666666666666,0.07900233991399036,0.10416666666666669
10,168,0,33.120745,35.628881667,14/06/2025,16,0.6545036211352233,0.03994926827704176,0.6508771977770789,1.0202655022840617,0.4846012345914137,4.846251836004468,804.5555555555555,0.14583867212402443,0.1076388888888889
10,169,0,33.120918333,35.628896667,14/06/2025,16,0.795750410958112,0.010909658368023038,0.7292329302272195,1.379569212717331,0.5657114303881454,3.8848925229268274,783.2222222222222,0.2675023439729322,0.1449652777777778
10,170,0,33.121138333,35.628925,14/06/2025,16,0.7936838998878932,0.004312018663867489,0.741124445839212,1.2928037632960203,0.5758402341025857,4.349467448142027,750.2222222222222,0.33610482654600304,0.12239583333333334
10,171,0,33.12136,35.62895,14/06/2025,16,0.7961605743714173,0.0067238470038046136,0.7377936325343266,1.3303837031224583,0.5730335296704601,4.577572732832804,763.5555555555555,0.30353685133096897,0.11111111111111112
10,172,0,33.121566667,35.628965,14/06/2025,16,0.8043421115027588,0.00404803172643764,0.7464022834797375,1.339289801047492,0.5858733460027155,4.43173939949947,753.3333333333334,0.4,0.11892361111111112
10,173,0,33.121733333,35.628995,14/06/2025,16,0.799341958972818,0.006542388474652002,0.7401379965437126,1.3402896795494723,0.5775833454481748,4.28806029632781,758.0,0.2761316803228568,0.1189236111111111
10,174,0,33.121926667,35.629025,14/06/2025,16,0.8071585695603568,0.0032148218659821706,0.744423597505756,1.373083490918849,0.58677204204994,3.9015647950055827,760.6666666666666,0.3066553544494721,0.13541666666666669
10,175,0,33.122145,35.629051667,14/06/2025,16,0.8017271018646677,0.00569695945576506,0.7413566973895181,1.3506797389033727,0.5777742096205875,4.389200983250171,755.6666666666666,0.356063246504423,0.11892361111111112
10,176,0,33.122323333,35.629071667,14/06/2025,16,0.7400162257126046,0.012364746497656348,0.7073058583575565,1.1487319595356444,0.5436511625349156,5.292481250360577,729.5555555555555,0.13598813373024277,0.10416666666666669
10,177,0,33.122548333,35.629096667,14/06/2025,16,0.7821057281529554,0.0033665340402348675,0.7280803122302753,1.2871611527387452,0.5588768058863645,3.9369196094054475,765.0,0.4495098039215686,0.13802083333333337
10,178,0,33.122751667,35.629116667,14/06/2025,16,0.7923394699811185,0.007980295810902262,0.7342065702156225,1.3242626868067342,0.5785957408220388,3.579172272078755,763.4444444444445,0.45612745098039215,0.18055555555555555
10,179,0,33.122961667,35.629135,14/06/2025,16,0.7923580887139727,0.00441584584251369,0.7398291902270687,1.2918434878884684,0.5675343875198146,4.194773835029478,740.8888888888889,0.3253205128205128,0.13194444444444442
10,180,0,33.123146667,35.629158333,14/06/2025,16,0.7866026585829741,0.007443677950516399,0.7275538219572595,1.3219134785296989,0.5654139043027373,3.982135480522249,777.8888888888889,0.34534313725490196,0.1284722222222222
10,181,0,33.12335,35.62919,14/06/2025,16,0.7886153048211865,0.0027764140420675244,0.7327143955666002,1.3054652661703547,0.5673977084615649,3.0053241698252937,769.1111111111111,0.6145833333333333,0.2152777777777778
10,182,0,33.123555,35.629203333,14/06/2025,16,0.784036906120012,0.0030566183817607906,0.7273642985992333,1.3043295249527667,0.5638785839120373,2.987924108083221,776.0,0.6458333333333334,0.21614583333333334
10,183,1,33.123768333,35.629231667,14/06/2025,16,0.7682661884681562,0.004083816292015403,0.721535121009676,1.2344027053514464,0.5460362369757529,4.188314583693911,764.4444444444445,0.4354166666666667,0.17274305555555555
10,184,0,33.123971667,35.629255,14/06/2025,16,0.7445264252815118,0.0065211908561890785,0.6963732186124972,1.2224721055209837,0.5273447454979345,4.759892522926826,800.1111111111111,0.2564064856711915,0.11197916666666669
10,185,0,33.124065,35.629268333,14/06/2025,16,0.6734266110636746,0.04103860660846569,0.6672243793934525,1.0338615545636656,0.5029543101804191,5.0485332098491895,783.5555555555555,0.1345477629048307,0.10763888888888891
10,186,0,33.124065,35.629268333,14/06/2025,16,0.6734266110636746,0.04103860660846569,0.6672243793934525,1.0338615545636656,0.5029543101804191,5.0485332098491895,783.5555555555555,0.1345477629048307,0.10763888888888891
10,187,0,33.12406,35.628896667,14/06/2025,16,0.6431673195511847,0.035075601803135445,0.6371735718350201,1.0256836439152857,0.46860578953437376,5.292481250360577,748.0,0.044360140342859296,0.10416666666666669
10,188,1,33.123853333,35.628881667,14/06/2025,16,0.7201610713384157,0.012189036524158153,0.684303398193996,1.1537228652591063,0.507988580416907,3.5968226336265317,838.4444444444445,0.4291666666666666,0.17708333333333331
10,189,1,33.123678333,35.628858333,14/06/2025,16,0.7422331415749359,0.010489168484342986,0.696621260664527,1.209782516402894,0.528642264493667,4.186772210336683,811.1111111111111,0.35608031674208146,0.12586805555555555
10,190,0,33.12344,35.628828333,14/06/2025,16,0.7710037600087597,0.005234974936886592,0.7243516273185225,1.2369160232319372,0.5691502645524742,2.4150820599849467,779.8888888888889,0.4482371794871795,0.2829861111111111
10,191,0,33.123243333,35.628805,14/06/2025,16,0.7782653349644535,0.002160056739285135,0.7311741733269561,1.245412682067621,0.5615137872503692,3.3519807766491145,773.8888888888889,0.5958333333333332,0.1701388888888889
10,192,0,33.123063333,35.628776667,14/06/2025,16,0.7855438836530513,0.0027226172702889363,0.7345439634841624,1.2744595836370227,0.5707252599424562,3.9686331481071164,774.6666666666666,0.3466534690799397,0.1423611111111111
10,193,0,33.122846667,35.62875,14/06/2025,16,0.7890092537458631,0.0038190999564362248,0.7337575591538391,1.3021215995515643,0.5645646429088873,4.516207814343077,776.3333333333334,0.4286764705882353,0.13020833333333334
10,194,0,33.122633333,35.62873,14/06/2025,16,0.7807942185260605,0.00342687950799909,0.7232797378494894,1.3047930477875953,0.5637742342746573,3.3925758908796078,789.2222222222222,0.39407051282051286,0.1519097222222222
10,195,0,33.122368333,35.62869,14/06/2025,16,0.7260639019845453,0.016491217391805032,0.7003219060188585,1.1125356226032213,0.5432046479212174,4.846251836004467,740.8888888888889,0.2012191315269139,0.1076388888888889
10,196,0,33.12218,35.62867,14/06/2025,16,0.7798294337397716,0.004938248486704594,0.7254074111948043,1.286980358089345,0.5649984768676553,3.7119140039933596,778.4444444444445,0.5208333333333333,0.1527777777777778
10,197,0,33.121998333,35.628651667,14/06/2025,16,0.7810891482935225,0.0033000496212424475,0.7274501416954596,1.28376965687983,0.564624966598881,2.6358147051504806,777.6666666666666,0.6666666666666667,0.23871527777777773
10,198,0,33.12176,35.628611667,14/06/2025,16,0.7855896072293667,0.005540339790956883,0.7298452442921448,1.301304033299236,0.5665110573518484,4.532880086421833,778.1111111111111,0.3352469834087481,0.11892361111111112
10,199,0,33.121566667,35.628611667,14/06/2025,16,0.78415892224537,0.008686273853587893,0.7315420224471221,1.2831765422991923,0.5746885828066294,3.936919609405448,769.4444444444445,0.4242269984917043,0.13802083333333331
10,200,0,33.121375,35.628576667,14/06/2025,16,0.7821496692320837,0.005414316110090212,0.728833176772923,1.2841035426469565,0.5659042540987232,3.2342897106839215,775.0,0.5874999999999999,0.1657986111111111
10,201,0,33.121175,35.628551667,14/06/2025,16,0.7727104733810601,0.006021186567805275,0.7268097130272526,1.2341697894835182,0.5633281385581109,4.159037234815498,769.8888888888889,0.30367647058823527,0.15104166666666669
10,202,0,33.12097,35.628531667,14/06/2025,16,0.7910798651756505,0.0031013470957512016,0.7324299603951806,1.3241994923976101,0.5705067355820351,4.043093107165022,781.0,0.44203431372549024,0.12586805555555555
10,203,0,33.120773333,35.6285,14/06/2025,16,0.63198461661923,0.04396693956078514,0.6384021243206127,0.9861146186983457,0.4775748353484104,4.596251836004465,807.0,0.2701606613865641,0.11805555555555557
10,204,0,33.120738333,35.628503333,14/06/2025,16,0.6041730897983753,0.017204997505104312,0.6254857854433329,0.9347085845907037,0.46954772283909574,4.804585169337801,828.8888888888889,0.3017316329959802,0.11111111111111113
10,205,0,33.120793333,35.628145,14/06/2025,16,0.45265656465086496,0.03740062649182035,0.5211193430644258,0.8365058529555073,0.3498822359939789,4.1902054819279435,633.5555555555555,0.2706121624078464,0.1362847222222222
10,206,0,33.120991667,35.62817,14/06/2025,16,0.5356221309162811,0.05050796443460058,0.5865424597980685,0.8651726288096886,0.40816933824768326,4.159037234815499,605.3333333333334,0.17366209733721438,0.15104166666666669
10,207,0,33.12121,35.628198333,14/06/2025,16,0.5288988450619893,0.08319153046959175,0.584161710653303,0.8621210376182955,0.4132859146108226,4.8045851693378,928.0,0.13433040753222536,0.11111111111111113
10,208,0,33.12141,35.628218333,14/06/2025,16,0.5612057100285949,0.07780048420613653,0.6018294335696126,0.8954010476884885,0.41811321789757233,5.292481250360577,894.0,0.04781485570433635,0.10416666666666669
10,209,0,33.121623333,35.62824,14/06/2025,16,0.5069274178030939,0.07716285234037135,0.5605362721358262,0.8683428779357627,0.3817778460864265,4.663320189106001,939.3333333333334,0.11552486808766421,0.125
10,210,0,33.121816667,35.62826,14/06/2025,16,0.5274226639354423,0.07287051428071435,0.5700630800661739,0.8942717865559376,0.38668618180302566,4.544372148594611,925.3333333333334,0.14624702306301485,0.1267361111111111
10,211,0,33.122011667,35.628278333,14/06/2025,16,0.5068064867885927,0.06670617601159551,0.5583360080404581,0.8735135551059006,0.38604084312890585,4.681127542695029,949.8888888888889,0.15151632569268106,0.11458333333333334
10,212,0,33.122216667,35.628316667,14/06/2025,16,0.5441601989790885,0.07917151124357215,0.5829454804264194,0.9019568507562477,0.40588950188894374,5.048533209849189,899.8888888888889,0.083130059068381,0.1076388888888889
10,213,0,33.122491667,35.6284,14/06/2025,16,0.6023964691557003,0.057459635727196,0.6077202076162207,0.9934492778583047,0.44220533837778214,4.5443721485946105,882.7777777777778,0.14431569324542332,0.1267361111111111
10,214,0,33.122631667,35.628375,14/06/2025,16,0.5161057459318296,0.07261115671507791,0.560438675248149,0.8905657263286897,0.38138544984041606,5.0485332098491895,933.2222222222222,0.1183881866111327,0.1076388888888889
10,215,0,33.122865,35.6284,14/06/2025,16,0.5634145427378476,0.06830527127234652,0.5762337336390664,0.9704742533524269,0.4078554352023978,4.294372148594611,920.7777777777778,0.15835403169196358,0.1371527777777778
10,216,0,33.123048333,35.628416667,14/06/2025,16,0.5292804509772064,0.06825482939903282,0.5646371783226752,0.91057814346182,0.38125414837878424,4.346251836004466,928.0,0.2000222619040097,0.12847222222222224
10,217,0,33.123256667,35.628438333,14/06/2025,16,0.5633541420870346,0.08024375439485226,0.5821734435567502,0.9595115487305902,0.41239592687526083,5.0485332098491895,913.0,0.12101401617807943,0.10763888888888891
10,218,1,33.123466667,35.628466667,14/06/2025,16,0.5055764463799038,0.07070990152314223,0.5446094135635662,0.9049425999728329,0.3613143185252967,4.66748125036058,945.4444444444445,0.11802362890281998,0.125
10,219,2,33.123663333,35.62849,14/06/2025,16,0.5211600907562125,0.060777523870827736,0.5542509194506529,0.9184580521015193,0.3699725494857079,4.8045851693378,938.4444444444445,0.1721446692545775,0.11111111111111112
10,220,0,33.123866667,35.628518333,14/06/2025,16,0.5073230922341883,0.06367786895928138,0.5454262447897932,0.9046863190777356,0.36883666390848346,5.084147917027246,963.7777777777778,0.11182471493127429,0.11111111111111113
10,221,0,33.124073333,35.628548333,14/06/2025,16,0.3961578346705081,0.05934729285277987,0.48470337445512013,0.8033950253850121,0.29878722975456634,4.217090774749888,680.6666666666666,0.22859411916996458,0.12847222222222224
11,2,0,33.12394143,35.63256134,19/06/2025,11,0.5418257401319139,0.03361733141898329,0.5682545569312948,0.9286400774030477,0.3927408644610346,4.461038815261277,493.3333333333333,0.13948568078148535,0.125
11,3,0,33.12373095,35.632552255,19/06/2025,11,0.5823780945028685,0.03983317254764009,0.5882379651020515,0.9876719349217861,0.4129235415010069,5.048533209849189,813.2222222222222,0.11516140441503385,0.1076388888888889
11,4,1,33.12352722,35.6325246,19/06/2025,11,0.5528719406849028,0.043947101189989735,0.5751392890528683,0.940957455700652,0.4029072101220217,4.681127542695028,807.3333333333334,0.12921834623031805,0.11458333333333334
11,5,0,33.123319267,35.63250203,19/06/2025,11,0.5855996812278378,0.05472028245795625,0.6013218100221634,0.9588754733699977,0.4253152477306725,4.8401998765158565,810.1111111111111,0.11363005340786077,0.11458333333333334
11,6,0,33.123100337,35.632472735,19/06/2025,11,0.621939414428469,0.05473610269302016,0.624260303430352,0.9986579138698879,0.4611945696743515,5.048533209849189,818.5555555555555,0.12494449859603834,0.1076388888888889
11,7,0,33.122890518,35.632451943,19/06/2025,11,0.5833646002757785,0.05158561325386142,0.6030028851321517,0.9453116789916655,0.4297603599986422,4.663320189106001,816.3333333333334,0.16007364465794566,0.125
11,8,0,33.12267752,35.632427623,19/06/2025,11,0.6134958584965525,0.0658962112872466,0.6192743415995964,0.9908557942381009,0.4477954654884118,4.353846168850305,820.3333333333334,0.13703612180035799,0.125
11,9,0,33.122469337,35.632401753,19/06/2025,11,0.5624952480524058,0.05237291752897234,0.5854839263450046,0.9397231990874508,0.4251315422939416,4.840199876515856,842.1111111111111,0.15448820044959205,0.11458333333333334
11,10,0,33.12225662,35.632386898,19/06/2025,11,0.5807155209761862,0.06634207638129003,0.6054902931965555,0.9345412187081086,0.451791124914014,5.084147917027246,829.5555555555555,0.030766096900257837,0.11111111111111113
11,11,0,33.122047905,35.63236496,19/06/2025,11,0.5500365992459046,0.046365226665301545,0.5838281071229008,0.9070932582600071,0.41553907820144403,3.909159127851422,829.2222222222222,0.17849212607833298,0.1388888888888889
11,12,0,33.121840683,35.63233741,19/06/2025,11,0.5859029436151498,0.07224762507547199,0.6183572047919661,0.9149452327859843,0.44583244079959683,5.0485332098491895,804.8888888888889,0.10472004908901539,0.1076388888888889
11,13,0,33.121621448,35.632316883,19/06/2025,11,0.5553325484447496,0.04732733321052066,0.5806277770047559,0.9307352015309563,0.42258167214285536,3.8988242140723095,849.3333333333334,0.166824110533539,0.15104166666666669
11,14,0,33.121407742,35.632276483,19/06/2025,11,0.5758445608674526,0.0457411588481725,0.608834272011854,0.9049910044519035,0.44612772719475213,4.840199876515856,845.0,0.1374742431845523,0.11458333333333334
11,15,0,33.121188762,35.632252318,19/06/2025,11,0.584272733200211,0.0715354288144931,0.6140049389569877,0.9234071755742791,0.454718813800464,5.084147917027244,857.5555555555555,0.0868075405543013,0.11111111111111113
11,16,0,33.120976523,35.632233422,19/06/2025,11,0.5420426019060685,0.05553480001945739,0.5834073171620309,0.8893335855666381,0.40922216602816824,5.048533209849189,867.3333333333334,0.11067393710469176,0.1076388888888889
11,17,0,33.120759383,35.632200658,19/06/2025,11,0.5799280570020713,0.059093582798802294,0.6034379461856155,0.93591129736515,0.4403974929383153,4.959147917027244,860.3333333333334,0.08739172146642875,0.11111111111111112
11,18,0,33.120553338,35.632176323,19/06/2025,11,0.5492141128248251,0.0418062360204719,0.5802536953663459,0.9148954575396786,0.4051706209662666,4.159037234815499,839.6666666666666,0.1673013266091907,0.15104166666666669
11,19,0,33.120424495,35.631815497,19/06/2025,11,0.6727432798409856,0.027460342697687823,0.642281562613554,1.1172973297019508,0.5009329042445336,4.159037234815499,614.7777777777778,0.19249652586650373,0.15104166666666666
11,20,0,33.12063312,35.63184115,19/06/2025,11,0.7920857229638002,0.0072038405570409424,0.722357997044584,1.390436352941548,0.5767919187997552,4.558746230592377,839.6666666666666,0.4354166666666667,0.13020833333333334
11,21,0,33.120844758,35.631866457,19/06/2025,11,0.8071681702713156,0.011226762574701893,0.7281422374822397,1.478900613639358,0.5721652341380244,4.271647917027245,834.0,0.36649698340874814,0.14149305555555555
11,22,0,33.12105556,35.631890545,19/06/2025,11,0.7920334363170036,0.00925235531557992,0.7284301649855958,1.357006110739145,0.5756515300940641,4.8193665431825226,822.7777777777778,0.23552392890628188,0.1154513888888889
11,23,0,33.121266037,35.63191517,19/06/2025,11,0.8019654261409136,0.005379178335904308,0.7334413977601945,1.3993929506812592,0.5773664012669477,4.192359712089615,808.3333333333334,0.3606240573152338,0.12847222222222224
11,24,0,33.121463333,35.63195,19/06/2025,11,0.8048431492307814,0.0058888463991579095,0.7349257136077427,1.4141269696274028,0.584580522732173,3.692009586131382,811.4444444444445,0.5291666666666666,0.1623263888888889
11,25,0,33.121671667,35.631956667,19/06/2025,11,0.8095982846192233,0.00514698350431369,0.7413766446425171,1.4119250534498413,0.5865719915603093,4.349467448142027,796.0,0.38492647058823537,0.12239583333333334
11,26,0,33.121893333,35.631988333,19/06/2025,11,0.8084712262630169,0.004668670656925877,0.7375975946029473,1.4268597426559098,0.5901367375739206,2.82750247244787,808.8888888888889,0.5854166666666667,0.22135416666666669
11,27,0,33.122096667,35.632008333,19/06/2025,11,0.7841370700171482,0.008941918990827268,0.725009718804801,1.318497483344749,0.5695437744956762,5.292481250360577,815.0,0.1844316847473232,0.10416666666666669
11,28,0,33.122298333,35.63204,19/06/2025,11,0.7871107232436932,0.007047574625162678,0.7188183944814108,1.3749127151619414,0.5771896121089735,3.8769645977684153,850.4444444444445,0.3786764705882353,0.12239583333333334
11,29,0,33.122501667,35.632048333,19/06/2025,11,0.7904806474267839,0.0035870939041275267,0.7193125790278501,1.3954100872020905,0.5696714669220989,3.7384728388218926,844.8888888888889,0.31605392156862744,0.1640625
11,30,0,33.122681667,35.632066667,19/06/2025,11,0.7877411385391936,0.008161816909692683,0.7164889727658572,1.3926821001456755,0.5622755870544842,3.6920095861313817,846.5555555555555,0.35261123680241335,0.1623263888888889
11,31,0,33.122905,35.632093333,19/06/2025,11,0.7956211379106257,0.005162253063585829,0.7221147980656534,1.4181517940480357,0.5662778342368288,3.5384092242129417,821.4444444444445,0.5791666666666666,0.2170138888888889
11,32,0,33.123113333,35.632125,19/06/2025,11,0.7851082996415079,0.008087773607495645,0.7117374413952473,1.4004952893990583,0.5466726324759009,4.802694271103767,842.8888888888889,0.2864139252374547,0.12673611111111113
11,33,0,33.123311667,35.632153333,19/06/2025,11,0.7633559166738006,0.006290948930492133,0.6915889943888963,1.3590556352182999,0.5273720296600235,4.201219991868832,878.2222222222222,0.3815196078431372,0.13368055555555555
11,34,1,33.123515,35.632185,19/06/2025,11,0.7390307489032661,0.004488828107658857,0.6727055238141616,1.3041894739745914,0.4988730589020574,1.6835024445205309,914.0,0.8125,0.4201388888888889
11,35,1,33.123715,35.632198333,19/06/2025,11,0.7256653844504305,0.003348661054183525,0.6647287814211321,1.2668241710001995,0.4805680208040211,4.067359712089615,908.8888888888889,0.4458333333333333,0.12152777777777779
11,36,0,33.123926667,35.632235,19/06/2025,11,0.6210098939704438,0.023414301144839868,0.6169901475649292,1.0181815241986039,0.45838047892239975,4.8045851693378,787.4444444444445,0.2675626211135537,0.1111111111111111
11,37,0,33.123941667,35.632231667,19/06/2025,11,0.6210098939704438,0.023414301144839868,0.6169901475649292,1.0181815241986039,0.45838047892239975,4.8045851693378,787.4444444444445,0.2675626211135537,0.1111111111111111
11,38,0,33.123938333,35.631851667,19/06/2025,11,0.6063259518156201,0.03605936743929484,0.6013023583880158,1.0241817395326556,0.45206025747350714,4.360568752113511,832.0,0.19535336751892818,0.11805555555555555
11,39,0,33.123708333,35.631828333,19/06/2025,11,0.7577936893616819,0.008589167619629265,0.6931095711302118,1.3161964529373007,0.508235131179554,4.544372148594611,876.8888888888889,0.2221171680730504,0.1267361111111111
11,40,2,33.123495,35.631791667,19/06/2025,11,0.7816481412333238,0.0033793254093820234,0.7089313197456897,1.3898929340531399,0.5469930056054697,4.050687440010861,885.7777777777778,0.35575980392156864,0.13281250000000003
11,41,0,33.123288333,35.631761667,19/06/2025,11,0.8012895519548031,0.0045927996848488225,0.7220461054486672,1.4637208061224227,0.5680817264358441,4.8193665431825226,868.8888888888889,0.28041712527006646,0.1154513888888889
11,42,0,33.123103333,35.631753333,19/06/2025,11,0.793704485334449,0.006796350791185448,0.7227204003640377,1.4008217056354513,0.5668771210509078,2.9699118602854653,851.3333333333334,0.6583333333333332,0.2230902777777778
11,43,0,33.122895,35.631733333,19/06/2025,11,0.8017017605225387,0.001294982242924572,0.7299424442426371,1.4184588633987356,0.5688603278675175,3.565616212924348,837.2222222222222,0.4791666666666667,0.16319444444444448
11,44,0,33.122693333,35.631701667,19/06/2025,11,0.7985456758807999,0.004776685888523776,0.724759781905081,1.4256243341079626,0.575032178960713,3.3325352832850825,833.4444444444445,0.6000000000000001,0.2439236111111111
11,45,0,33.122473333,35.63168,19/06/2025,11,0.7888887628342638,0.0053988899903620975,0.7218658299399233,1.3690762235749547,0.5680358351611624,2.7149869772292354,839.0,0.7083333333333334,0.2612847222222222
11,46,0,33.122265,35.63166,19/06/2025,11,0.793437651892944,0.010432342625181936,0.7275696648343479,1.372071769472288,0.5742249010951971,3.548680608917954,835.1111111111111,0.5102941176470588,0.18055555555555555
11,47,0,33.122058333,35.631625,19/06/2025,11,0.8076991707456899,0.004739364802474172,0.7375652892938587,1.4204181310541453,0.5889889534923963,4.147667065678643,820.1111111111111,0.451593137254902,0.13628472222222224
11,48,0,33.121858333,35.631596667,19/06/2025,11,0.8178494495018422,0.004383397728917495,0.7454570848929148,1.456293712506206,0.6018700490020239,3.2561256590229934,808.5555555555555,0.5604166666666667,0.17100694444444448
11,49,0,33.12163,35.631571667,19/06/2025,11,0.8123889088282268,0.0054143738265229994,0.7477416480530491,1.3946648839139861,0.5968801260675878,3.596822633626531,797.8888888888889,0.3409313725490196,0.17708333333333337
11,50,0,33.121425,35.631556667,19/06/2025,11,0.8054537321138002,0.00589004843056328,0.7392940709778423,1.3924094742445718,0.5935475608775174,3.1297949849424147,819.6666666666666,0.4708333333333333,0.18836805555555558
11,51,0,33.12121,35.631541667,19/06/2025,11,0.8052571770700242,0.00872782090691699,0.740440672824018,1.385001017844469,0.586824774548059,2.9402089210773927,810.4444444444445,0.6791666666666667,0.21267361111111113
11,52,0,33.121005,35.631506667,19/06/2025,11,0.7996373799461889,0.006728164650378601,0.7246454377289279,1.4347083650945995,0.577251480607402,4.596251836004467,855.4444444444445,0.3212780767192531,0.11805555555555557
11,53,0,33.120813333,35.631475,19/06/2025,11,0.7935549374414786,0.005331509505437253,0.7255282261061118,1.382760309640424,0.5751309703422478,3.748066868441476,849.2222222222222,0.4916666666666667,0.16493055555555555
11,54,0,33.120596667,35.631453333,19/06/2025,11,0.7790229061561779,0.008358149072537586,0.7145842160340893,1.3408357589502298,0.5677297470761031,3.9861806089179534,871.2222222222222,0.3873397435897436,0.13802083333333334
11,55,0,33.12044,35.63143,19/06/2025,11,0.6335441271097267,0.023333453767946544,0.626873698527581,1.0246269110869575,0.48821741737823454,4.159037234815499,642.2222222222222,0.18457644307634477,0.15104166666666669
11,56,0,33.120466667,35.63116,19/06/2025,11,0.6275540737633188,0.025932109642993535,0.6165430939150927,1.0392219191738528,0.4699468947254392,4.473406066166138,960.6666666666666,0.2817015677525003,0.11545138888888891
11,57,0,33.120678333,35.63118,19/06/2025,11,0.7591278457837376,0.010925140279037293,0.6995840950794189,1.2925935985268184,0.5476216375610442,4.611033209849189,872.1111111111111,0.32701846643023114,0.12239583333333334
11,58,0,33.12088,35.631201667,19/06/2025,11,0.7667406981195928,0.013382251395874527,0.7073865050704785,1.3023729906145587,0.5567152934351223,4.06433373234531,874.7777777777778,0.3358597285067873,0.14149305555555555
11,59,0,33.121095,35.631228333,19/06/2025,11,0.7805678812095462,0.010280392103714371,0.7217399375345357,1.313117618842007,0.5766596957006871,4.102303795493077,847.3333333333334,0.40421604296604297,0.13194444444444445
11,60,0,33.1213,35.63126,19/06/2025,11,0.7831286311056039,0.008400427541261666,0.7205366045704272,1.3376340911004132,0.5750505444995068,4.596251836004467,845.8888888888889,0.21979485141249844,0.11805555555555557
11,61,0,33.121505,35.631283333,19/06/2025,11,0.7717654150413826,0.014143812536627953,0.7161789755073518,1.288469252709762,0.5664778142839055,5.0901998765158565,848.0,0.12365593286145653,0.10416666666666669
11,62,0,33.121713333,35.631296667,19/06/2025,11,0.7837654025831116,0.004729789354041074,0.7250328836021814,1.3150381636869795,0.5702693707066787,4.0180987125771095,849.3333333333334,0.2942741327300151,0.12847222222222224
11,63,0,33.121926667,35.631331667,19/06/2025,11,0.7717131660747116,0.01066772068089762,0.7192931940117508,1.2701378700330512,0.5631315304744228,4.001426440498355,854.7777777777778,0.445343137254902,0.1449652777777778
11,64,0,33.12214,35.631348333,19/06/2025,11,0.739128344131865,0.01798131277537748,0.6849132942553559,1.250020462417031,0.533383383463778,4.854981250360578,895.5555555555555,0.22419968238296792,0.11892361111111113
11,65,1,33.122338333,35.631373333,19/06/2025,11,0.7590110965479091,0.008858795869815155,0.700509062908248,1.2863950927143548,0.5420670255318691,4.430255793112393,881.8888888888889,0.1522207614854674,0.1371527777777778
11,66,0,33.122535,35.631401667,19/06/2025,11,0.7633834700213477,0.008040411996065581,0.7043886117851171,1.2931687511321246,0.5561945870767286,4.251833732345311,864.8888888888889,0.13918842485018953,0.11458333333333334
11,67,0,33.122753333,35.631431667,19/06/2025,11,0.7648086477956604,0.004768778474451769,0.7078895622670182,1.283703682429266,0.5537324022982979,3.502705481927944,853.4444444444445,0.46085972850678725,0.16493055555555558
11,68,0,33.122943333,35.631456667,19/06/2025,11,0.7671159898308331,0.013889177077541219,0.7137664809039977,1.2709428998035182,0.5595047866618321,4.788320189106002,848.1111111111111,0.22153046347498878,0.1232638888888889
11,69,0,33.12316,35.631473333,19/06/2025,11,0.7671763407752034,0.011526741484297102,0.7082547904358752,1.2993908590518077,0.5579577683717384,2.9718226336265308,855.5555555555555,0.37916666666666665,0.296875
11,70,1,33.12336,35.6315,19/06/2025,11,0.7602169665308941,0.012906349230501412,0.7014993980753172,1.291038136444958,0.538344776032194,4.610161460266555,861.4444444444445,0.18473090225762573,0.12760416666666669
11,71,2,33.12357,35.631521667,19/06/2025,11,0.7460650580542707,0.013904388760999765,0.6842262760502386,1.2908124464407056,0.5146212761434033,5.292481250360577,896.6666666666666,0.13233712927325525,0.10416666666666669
11,72,1,33.123766667,35.631543333,19/06/2025,11,0.7260438866764217,0.017291556350850324,0.6725647574740115,1.2366135090868735,0.497994598824628,4.586038815261277,886.0,0.16863178223472342,0.1076388888888889
11,73,0,33.12396,35.63157,19/06/2025,11,0.5294352569252935,0.03971060998751482,0.5475678962510386,0.9559130302890512,0.39120657662277636,4.846251836004468,878.7777777777778,0.24546237413884475,0.1076388888888889
11,74,0,33.12397,35.631101667,19/06/2025,11,0.5722044376779798,0.02350867794424995,0.5769904343802802,0.989335838979749,0.42185737858122896,4.124964900994672,843.8888888888889,0.23340874811463047,0.14930555555555555
11,75,0,33.123761667,35.631083333,19/06/2025,11,0.7691805374840825,0.008113627975180516,0.7009057379980471,1.3486056546132419,0.5370167944195062,3.760430680196888,856.6666666666666,0.2644442745913334,0.1362847222222222
11,76,0,33.12354,35.631048333,19/06/2025,11,0.7894195040065559,0.005477218381176231,0.7191950557570006,1.3882772392228495,0.5658541530914358,3.9686331481071164,845.3333333333334,0.31875000000000003,0.1423611111111111
11,77,0,33.12332,35.631038333,19/06/2025,11,0.7912395042986075,0.006627829267070411,0.72083590102453,1.393006555104891,0.5597832652440711,3.9588143247146714,838.3333333333334,0.4285539215686275,0.140625
11,78,0,33.123115,35.631001667,19/06/2025,11,0.7921704931545979,0.00578705744016887,0.7221350700403532,1.3925603968632159,0.5616671149252379,3.5041188279300868,839.5555555555555,0.4349264705882353,0.1527777777777778
11,79,0,33.122913333,35.630978333,19/06/2025,11,0.7906450065693786,0.009275234756885563,0.7179113121888256,1.4066857060114246,0.5674965259891547,4.102303795493077,853.3333333333334,0.33284313725490194,0.13194444444444445
11,80,0,33.122696667,35.630958333,19/06/2025,11,0.7904288195082918,0.006169527398180155,0.7228347700791459,1.3749304090482926,0.5669768864183604,4.403107168362811,843.3333333333334,0.31237745098039216,0.11805555555555557
11,81,1,33.122505,35.630931667,19/06/2025,11,0.7944016300505711,0.006711218056666741,0.7259242604680894,1.3871734419139432,0.563653516142246,4.596251836004467,835.8888888888889,0.38012310953487427,0.11805555555555555
11,82,0,33.122313333,35.630918333,19/06/2025,11,0.7931755428239147,0.006055968979986953,0.7266769409645634,1.3733910351747258,0.562081280045436,3.9794580256547483,842.5555555555555,0.35644796380090504,0.13802083333333334
11,83,0,33.122081667,35.630858333,19/06/2025,11,0.8011803276663804,0.004360963575240422,0.7274803455718514,1.429796962396766,0.5740009263898396,3.4687640135302216,847.0,0.4056372549019608,0.15017361111111113
11,84,1,33.121876667,35.63085,19/06/2025,11,0.7729302659230042,0.01358171340075322,0.7039491252308738,1.3582820365511727,0.536986277634653,4.359898128338916,909.3333333333334,0.2328054298642534,0.11805555555555555
11,85,3,33.12168,35.630828333,19/06/2025,11,0.7589042807340977,0.017051879745538862,0.6887455363279539,1.3495559098371903,0.50641336684784,4.667481250360579,940.8888888888889,0.18924396681749622,0.125
11,86,2,33.121455,35.630788333,19/06/2025,11,0.7455960313829425,0.01660233567318251,0.6794826690417325,1.3125953225656524,0.5013091702874911,5.0485332098491895,938.1111111111111,0.24025055032407977,0.1076388888888889
11,87,3,33.121315,35.63078,19/06/2025,11,0.7263437866029548,0.010309765245148667,0.6721288359171356,1.2381491608213786,0.4824293364940091,4.574546753088499,941.6666666666666,0.35784313725490197,0.1154513888888889
11,88,3,33.12107,35.630768333,19/06/2025,11,0.7338443077003919,0.014852444918136075,0.6706699590072639,1.2859738663709606,0.4934705860765896,4.240341670172532,956.3333333333334,0.3989253393665158,0.1293402777777778
11,89,2,33.120945,35.630735,19/06/2025,11,0.7330844810007915,0.017254163389390946,0.6700935419726058,1.2854021549914685,0.4957046726866501,4.602303795493078,954.6666666666666,0.25471189515307163,0.11111111111111112
11,90,0,33.120746667,35.63069,19/06/2025,11,0.7722404766644007,0.0035550975124364367,0.704625001715431,1.3484221330441408,0.5423017546108244,3.4619140039933596,906.0,0.45240384615384616,0.17187500000000003
11,91,0,33.120521667,35.630671667,19/06/2025,11,0.6394612385550872,0.04699239127459125,0.6202770483715084,1.0739556261657177,0.4710860382870046,3.9090372348154983,965.2222222222222,0.1944508079121293,0.16145833333333334
11,92,0,33.120516667,35.630675,19/06/2025,11,0.6056390753097289,0.023718240037219156,0.5989424298222412,1.0228907187743397,0.4550689219875585,3.579172272078755,999.2222222222222,0.2117269984917044,0.18055555555555558
11,93,0,33.12057,35.630325,19/06/2025,11,0.6247756163485004,0.04525639317887984,0.6152183860052604,1.0382083721494324,0.46475227227614874,4.596251836004467,982.1111111111111,0.14847400443863396,0.11805555555555557
11,94,1,33.12077,35.630348333,19/06/2025,11,0.7783224124660016,0.009430928975691373,0.7084119172633142,1.3722089279827903,0.5543391406441611,4.5923541066775275,882.6666666666666,0.3394607843137255,0.1154513888888889
11,95,1,33.120993333,35.630381667,19/06/2025,11,0.7596194327859629,0.004715724159809181,0.691916063134604,1.333389164605345,0.523258015789462,1.0612781244591327,924.4444444444445,0.875,0.5989583333333334
11,96,0,33.121196667,35.630408333,19/06/2025,11,0.7647817906256971,0.002419661078422209,0.6942572853611126,1.3540070441881529,0.5199771217099163,3.0311835807481353,933.0,0.5291666666666667,0.23177083333333331
11,97,2,33.121416667,35.630418333,19/06/2025,11,0.760230735196389,0.002578940001302398,0.6927985870775452,1.332364196613832,0.5246747253946396,3.839385292821943,924.1111111111111,0.42745098039215684,0.19618055555555558
11,98,2,33.121633333,35.630451667,19/06/2025,11,0.758599410563497,0.006563327052412962,0.6886415699172426,1.344383641175682,0.522498788090354,3.7306502730537434,938.3333333333334,0.46029411764705885,0.140625
11,99,2,33.121831667,35.63048,19/06/2025,11,0.7635264287275029,0.005099555090947919,0.6930753477838711,1.3524817217202654,0.522643720034313,3.2124521612634207,927.6666666666666,0.5979166666666667,0.1875
11,100,1,33.12207,35.6305,19/06/2025,11,0.7690699170937547,0.004534827531931307,0.7039671427171874,1.330912096946053,0.5480310647335372,3.552841670172532,899.0,0.4791666666666667,0.1440972222222222
11,101,1,33.122296667,35.630585,19/06/2025,11,0.7740892429723725,0.01605240837665671,0.7150356051180866,1.3087217151810993,0.5550894956300931,5.292481250360577,864.8888888888889,0.13052810356433026,0.10416666666666669
11,102,1,33.122506667,35.630565,19/06/2025,11,0.8057677206381608,0.007883512097532467,0.7290962955786847,1.4576055559490604,0.5749641941722535,4.596251836004466,860.8888888888889,0.2107167971138559,0.11805555555555555
11,103,1,33.122725,35.63059,19/06/2025,11,0.7881634296482648,0.008446641187127239,0.720892570237726,1.3695790819251268,0.5662382778411396,4.015336064760444,867.6666666666666,0.4121573213484978,0.1440972222222222
11,104,0,33.122943333,35.630615,19/06/2025,11,0.7925556254832143,0.013096356057098921,0.7194452414744139,1.4134268898624733,0.5599368111279777,5.084147917027245,860.6666666666666,0.21145153071623662,0.11111111111111113
11,105,0,33.123168333,35.630635,19/06/2025,11,0.7825309365946607,0.011943796009258935,0.7128985524800606,1.37625384562763,0.5578680994773685,4.846251836004467,872.7777777777778,0.1799740634299457,0.1076388888888889
11,106,0,33.123375,35.630655,19/06/2025,11,0.7776124578762517,0.01929343389834125,0.7052918145678706,1.388957102975487,0.5436623412422825,4.8045851693378,890.1111111111111,0.21998338836574127,0.11111111111111113
11,107,1,33.12358,35.630683333,19/06/2025,11,0.7525307676897577,0.017466340224699166,0.6906365073734316,1.3009488469820747,0.524086498547605,3.932024798310503,902.6666666666666,0.30693815987933626,0.15104166666666666
11,108,2,33.12379,35.630711667,19/06/2025,11,0.7531661813729761,0.01206559882846879,0.6854973767033018,1.3271483004773876,0.5185835789500975,4.804585169337801,909.7777777777778,0.31559200603318244,0.11111111111111113
11,109,0,33.12398,35.630726667,19/06/2025,11,0.5703973192320444,0.048572233307361656,0.5797095707992892,0.9806724252253621,0.42618404994620873,4.454986855772666,850.1111111111111,0.17589876183456168,0.13194444444444448
11,110,0,33.123981667,35.63073,19/06/2025,11,0.540837108913131,0.02103014867729979,0.5721696270279267,0.9146768120355778,0.42733581717975944,3.940490880738976,834.5555555555555,0.23316976478741186,0.14756944444444445
11,111,0,33.123981667,35.630383333,19/06/2025,11,0.6034782022238123,0.050563916992186334,0.5892725284750768,1.0513779649962247,0.4292835314280107,5.292481250360577,875.1111111111111,0.08698674430268256,0.10416666666666669
11,112,1,33.123775,35.630358333,19/06/2025,11,0.7443740148863888,0.0037114885343040803,0.6795937090314587,1.3022073677918664,0.5096162220239708,3.3168787207082775,918.8888888888889,0.5770833333333334,0.18055555555555558
11,113,1,33.123573333,35.630345,19/06/2025,11,0.7526456754831652,0.0068898897654424565,0.6874021120518281,1.3129745515769982,0.5206933943144314,4.804585169337801,906.5555555555555,0.2831980453303983,0.11111111111111113
11,114,0,33.123361667,35.6303,19/06/2025,11,0.7776158352209643,0.004982893660757633,0.7077395440910402,1.3690627167690634,0.5465729019630796,2.945288725406175,883.7777777777778,0.60625,0.2387152777777778
11,115,0,33.123165,35.630278333,19/06/2025,11,0.7736597742517461,0.004486246791908904,0.7138994314779947,1.308570173781337,0.5483208803726792,3.8544580256547483,858.8888888888889,0.44811463046757155,0.1449652777777778
11,116,0,33.123165,35.630278333,19/06/2025,11,0.7736597742517461,0.004486246791908904,0.7138994314779947,1.308570173781337,0.5483208803726792,3.8544580256547483,858.8888888888889,0.44811463046757155,0.1449652777777778
11,117,0,33.122941667,35.630253333,19/06/2025,11,0.7938113554158357,0.005806953854133288,0.7213017286122874,1.4098060303464874,0.5688312104083201,3.624679502183638,864.8888888888889,0.49375,0.15885416666666669
11,118,0,33.122736667,35.630225,19/06/2025,11,0.7971390137077989,0.003924157750313123,0.7259391724153487,1.4071603153773065,0.5806546300495756,3.1625056054120884,862.5555555555555,0.5333333333333333,0.21180555555555555
11,119,1,33.122551667,35.630196667,19/06/2025,11,0.7997364950956043,0.007628666553098095,0.7249773361611934,1.433750395827615,0.5646978716372504,4.5745467530885,855.3333333333334,0.19657082158319783,0.1154513888888889
11,120,2,33.122345,35.63018,19/06/2025,11,0.7649651089636819,0.009042161944537582,0.7035468162156834,1.308156314323713,0.543982809537765,3.899804762194655,891.4444444444445,0.2746058558558559,0.1328125
11,121,2,33.122125,35.630151667,19/06/2025,11,0.7796444944703451,0.0034927927206123747,0.7105442326820808,1.3669839550788665,0.5514690299792739,4.594360937770433,897.0,0.34063914027149317,0.13368055555555558
11,122,2,33.121891667,35.630136667,19/06/2025,11,0.770011111258186,0.005502643065994852,0.6989953693650497,1.363723460092297,0.533590225765274,4.2229250747848,919.7777777777778,0.368947963800905,0.13628472222222224
11,123,2,33.121891667,35.630136667,19/06/2025,11,0.770011111258186,0.005502643065994852,0.6989953693650497,1.363723460092297,0.533590225765274,4.2229250747848,919.7777777777778,0.368947963800905,0.13628472222222224
11,124,3,33.12169,35.630106667,19/06/2025,11,0.7482271959660243,0.007050099717702262,0.683043206914566,1.307709948440592,0.504609356055451,4.763589126445728,936.7777777777778,0.20559444873092828,0.11458333333333334
11,125,2,33.121491667,35.630096667,19/06/2025,11,0.7602329517187001,0.002459915886264207,0.6885575483984074,1.3541951520225917,0.5187581089211464,3.4246832239236924,933.1111111111111,0.5520833333333334,0.18663194444444445
11,126,1,33.121263333,35.630063333,19/06/2025,11,0.7637318819011699,0.009279538794828495,0.6992834555932043,1.3224734995342087,0.5282912460582376,4.186919609405448,918.2222222222222,0.3418646304675717,0.11892361111111113
11,127,1,33.121073333,35.630033333,19/06/2025,11,0.8011266152952294,0.005088915943156636,0.7234785558656509,1.4530431146078857,0.5782613086613194,4.263329233667537,872.0,0.4031391402714932,0.1189236111111111
11,128,0,33.120841667,35.630011667,19/06/2025,11,0.783199662094894,0.008239182442931706,0.7151738648596442,1.3667982664516503,0.5584927991390427,4.4332817728566996,874.2222222222222,0.3833333333333333,0.1310763888888889
11,129,0,33.120626667,35.629968333,19/06/2025,11,0.6940427556717793,0.04342700336203379,0.6607166971474663,1.140597649927309,0.5087296878335339,4.846251836004468,930.8888888888889,0.141161152394485,0.1076388888888889
11,130,0,33.120568333,35.629966667,19/06/2025,11,0.5933406545905551,0.03174027613438715,0.5939263074090596,1.0003800738650774,0.44907972134417384,4.846251836004468,1014.4444444444445,0.18024809900037184,0.1076388888888889
11,131,0,33.120631667,35.629596667,19/06/2025,11,0.6409164546752014,0.04409145701740677,0.6327439453953676,1.0354626422598678,0.4734293843149616,5.048533209849189,965.3333333333334,0.14682289809962154,0.1076388888888889
11,132,0,33.120846667,35.629625,19/06/2025,11,0.786173906094256,0.004225345962453317,0.7108889143298999,1.4116829027784052,0.5551680280605397,3.784886917514739,896.8888888888889,0.3832107843137254,0.1371527777777778
11,133,1,33.121073333,35.629663333,19/06/2025,11,0.793455595578476,0.007988179793099168,0.7148254763561221,1.446167496479223,0.5530302811259786,3.442009586131382,894.1111111111111,0.489093137254902,0.17274305555555558
11,134,1,33.121263333,35.629696667,19/06/2025,11,0.7934358294655032,0.006286525036665041,0.71711106032744,1.4311647084945411,0.5599525242849767,3.8393852928219436,892.5555555555555,0.3541666666666667,0.19618055555555555
11,135,1,33.121465,35.629713333,19/06/2025,11,0.7885651668501964,0.006371557971587674,0.7119370016422514,1.424156420922837,0.5553537814136796,4.592354106677527,899.3333333333334,0.2819147711059476,0.11545138888888891
11,136,2,33.12168,35.629751667,19/06/2025,11,0.7911320722746288,0.00555579501078343,0.7149557005621734,1.4258916558418904,0.5589195203054198,3.774340304458977,887.5555555555555,0.4832107843137255,0.1545138888888889
11,137,1,33.121893333,35.629761667,19/06/2025,11,0.791067639075985,0.005691220345922407,0.7100108049429823,1.4543831663247133,0.5560161043412521,5.0485332098491895,897.0,0.253272899596429,0.1076388888888889
11,138,1,33.122156667,35.629793333,19/06/2025,11,0.7969733221298951,0.0046902303287007455,0.7259593671817732,1.4061830564457136,0.5675357568217749,4.544372148594611,850.5555555555555,0.21635736415148177,0.1267361111111111
11,139,1,33.12238,35.629821667,19/06/2025,11,0.7958047660031795,0.009901355035122513,0.7163912657152277,1.4545241822982586,0.5589101061223881,4.417481250360577,870.7777777777778,0.23742636867636865,0.15104166666666669
11,140,0,33.12257,35.629838333,19/06/2025,11,0.8046287448399505,0.005543126901155381,0.7279043281230289,1.455524118431459,0.5750066422687323,3.421657244179387,874.0,0.4854166666666667,0.1840277777777778
11,141,0,33.12278,35.629871667,19/06/2025,11,0.8096519258062338,0.0023584751300116543,0.7328964670756907,1.4656857521584037,0.5728794818037012,3.0687730580917587,855.7777777777778,0.5729166666666666,0.2065972222222222
11,142,1,33.122971667,35.62989,19/06/2025,11,0.7837737866257304,0.0050296481232031945,0.7102515209650402,1.3980248456768856,0.5585937031414948,4.393970462159743,894.1111111111111,0.29072918142370674,0.11805555555555555
11,143,0,33.123196667,35.629915,19/06/2025,11,0.7750783559031523,0.0030542074175507047,0.7059127314359296,1.3607397144308817,0.5410876644750444,1.8279538356873366,892.6666666666666,0.7375,0.3862847222222222
11,144,1,33.123388333,35.629938333,19/06/2025,11,0.7556857624354035,0.008004128267135948,0.6908280594003247,1.3157599792343562,0.5219681982615954,3.691891485953249,917.6666666666666,0.45355392156862745,0.15885416666666669
11,145,0,33.123576667,35.629958333,19/06/2025,11,0.7442480938469918,0.0038217619769577715,0.6798344304716609,1.3001326898854972,0.5120051575499924,4.120374481009744,938.4444444444445,0.4232843137254902,0.12586805555555555
11,146,0,33.123581667,35.629956667,19/06/2025,11,0.7442480938469918,0.0038217619769577715,0.6798344304716609,1.3001326898854972,0.5120051575499924,4.120374481009744,938.4444444444445,0.4232843137254902,0.12586805555555555
11,147,2,33.123781667,35.629968333,19/06/2025,11,0.7135677660899272,0.006952047497044945,0.6653028642986392,1.2029005086505475,0.49186733802964905,4.804585169337799,930.4444444444445,0.23042655211772858,0.11111111111111112
11,148,0,33.123996667,35.630008333,19/06/2025,11,0.6125706027757757,0.056222331558186074,0.6047045519770938,1.03763432730341,0.43966432337559014,5.048533209849189,858.8888888888889,0.1025137312326519,0.1076388888888889
11,149,0,33.124011667,35.630023333,19/06/2025,11,0.6125706027757757,0.056222331558186074,0.6047045519770938,1.03763432730341,0.43966432337559014,5.048533209849189,858.8888888888889,0.1025137312326519,0.1076388888888889
11,150,0,33.124035,35.629631667,19/06/2025,11,0.5895491821468267,0.031115288906908553,0.5969210108505193,0.9809504076285828,0.4428871920465327,4.846251836004468,859.7777777777778,0.11775054491232696,0.1076388888888889
11,151,0,33.123895,35.629618333,19/06/2025,11,0.7148664543761766,0.009889343850204148,0.6642364535055626,1.2144103373517976,0.486400646324342,5.063314583693912,901.8888888888889,0.22746407606701724,0.11197916666666669
11,152,0,33.123688333,35.629601667,19/06/2025,11,0.7389224820171267,0.01181629087676158,0.6817558853872214,1.2619160573535615,0.5074716125267148,5.0485332098491895,892.1111111111111,0.22222453222453223,0.1076388888888889
11,153,0,33.1235,35.62959,19/06/2025,11,0.7658624270923808,0.011491330440382868,0.7029879410852343,1.3177842583413777,0.5384511524161488,4.840199876515855,867.4444444444445,0.21661188903835965,0.11458333333333334
11,154,0,33.123311667,35.629551667,19/06/2025,11,0.7640939505239596,0.0103927568282339,0.7027620852693661,1.3069967263430926,0.5405961080447336,4.677694271103768,854.7777777777778,0.30410623292976235,0.12673611111111113
11,155,0,33.123088333,35.629536667,19/06/2025,11,0.7737834139713665,0.006692403598722571,0.703493387519187,1.3655362128397441,0.547108426166337,3.850560296327809,867.5555555555555,0.30754428070604545,0.14930555555555555
11,156,0,33.122883333,35.629498333,19/06/2025,11,0.7773500541525986,0.011604910723724477,0.71136566406796,1.3488386364759264,0.5534248828708296,5.292481250360577,859.5555555555555,0.15687612251068989,0.10416666666666669
11,157,1,33.122671667,35.62948,19/06/2025,11,0.7951889955113314,0.008554889516841184,0.7199466603110322,1.4285781935615551,0.563605608518889,4.596251836004467,868.2222222222222,0.20250840524334068,0.11805555555555555
11,158,0,33.122476667,35.62947,19/06/2025,11,0.7829126821802175,0.012227420771825998,0.7156495165391674,1.3634006690359832,0.5579488347760942,4.846251836004468,860.5555555555555,0.1604101915346535,0.1076388888888889
11,159,0,33.122266667,35.629441667,19/06/2025,11,0.7570555835981403,0.027346597030285157,0.6979165356196967,1.297919857868909,0.5432875468734387,4.802694271103766,862.6666666666666,0.15672159265518243,0.1267361111111111
11,160,0,33.122053333,35.629406667,19/06/2025,11,0.8034912445614848,0.005247723492004373,0.7314135475664674,1.4240587779550642,0.5735082924387351,5.063314583693911,847.7777777777778,0.2232602625249684,0.11197916666666669
11,161,0,33.121828333,35.629396667,19/06/2025,11,0.8023312770702148,0.010377055676255556,0.7163269969095032,1.510314626561888,0.5631601126346016,3.898824214072309,887.7777777777778,0.23810943296237413,0.15104166666666669
11,162,0,33.121643333,35.629361667,19/06/2025,11,0.7888065932981917,0.01084035358898452,0.7137542090801726,1.4166556766926346,0.5492477926416617,4.819366543182523,881.5555555555555,0.26482644409114997,0.1154513888888889
11,163,1,33.121435,35.629331667,19/06/2025,11,0.7859315523166932,0.012184863278440273,0.7084360623936562,1.4276481739135514,0.5546314271978212,4.802694271103767,904.0,0.2627525376054788,0.1267361111111111
11,164,1,33.121225,35.629323333,19/06/2025,11,0.7892525031118335,0.012435012027463188,0.712857147421099,1.4251315032805978,0.5475277491092264,4.544372148594611,893.1111111111111,0.23918231013819247,0.1267361111111111
11,165,0,33.12101,35.629296667,19/06/2025,11,0.7921148572843746,0.005668978297506329,0.718816068297991,1.4106490881074238,0.5651586534984422,4.242492461184755,874.4444444444445,0.25201581672169904,0.14583333333333334
11,166,0,33.12082,35.629283333,19/06/2025,11,0.777339821826514,0.012796359470086323,0.706152254133374,1.377072984997067,0.5518049480527457,5.292481250360577,889.1111111111111,0.1910254372019078,0.10416666666666669
11,167,0,33.120633333,35.62924,19/06/2025,11,0.6038857473220149,0.01957417708284894,0.6021004325846661,1.0065133073940233,0.4504353711422501,4.242492461184755,980.6666666666666,0.1987678855325914,0.14583333333333334
11,168,0,33.120745,35.628881667,19/06/2025,11,0.6689825425726514,0.033803764531680255,0.6438203129888386,1.0976850285280801,0.4911228672405973,5.084147917027245,882.7777777777778,0.10143515604589881,0.11111111111111112
11,169,0,33.120918333,35.628896667,19/06/2025,11,0.7737662259618098,0.0014130530888584575,0.7066149489576555,1.3479084561550514,0.552623705713351,2.5738496345702995,869.2222222222222,0.5078431372549019,0.21788194444444448
11,170,0,33.121138333,35.628925,19/06/2025,11,0.7657050587638621,0.005810964886843497,0.7075566616164377,1.2913952178540689,0.5429067495843292,2.9133456951388417,855.3333333333334,0.6270833333333333,0.2152777777777778
11,171,0,33.12136,35.62895,19/06/2025,11,0.7691239615773693,0.0039240034139720915,0.7035537521716301,1.3336692091204283,0.5465252487605727,4.178713419755165,874.3333333333334,0.3236519607843138,0.12152777777777779
11,172,0,33.121566667,35.628965,19/06/2025,11,0.7755814648172972,0.007573378119032361,0.711662592907691,1.3336943594398547,0.5588419433661826,3.4793877652698146,858.5555555555555,0.4214521931433696,0.21180555555555555
11,173,0,33.121733333,35.628995,19/06/2025,11,0.7738016017527838,0.0054741827151887626,0.7080242836623635,1.3409250893967426,0.5489549224452567,4.37683373234531,857.2222222222222,0.2804769984917044,0.11458333333333334
11,174,0,33.121926667,35.629025,19/06/2025,11,0.7818357701750815,0.004983819249377477,0.712778842410668,1.3702577760215056,0.5494380619752971,2.7862163915853473,860.1111111111111,0.4956730769230768,0.25434027777777773
11,175,0,33.122145,35.629051667,19/06/2025,11,0.7792810445962034,0.004146015011575768,0.7086478088806908,1.3748788498317959,0.5553304308439435,3.2963824188369655,867.7777777777778,0.47204175329175324,0.1814236111111111
11,176,0,33.122323333,35.629071667,19/06/2025,11,0.7065141423022846,0.009196360444171653,0.667476183425674,1.1594905024374302,0.5157871107827232,4.448675003505865,852.6666666666666,0.3199882183530274,0.12239583333333334
11,177,0,33.122548333,35.629096667,19/06/2025,11,0.7621470123156578,0.005948969538638098,0.6981343216091853,1.3176747454069255,0.5350525035180868,4.0625902331800425,861.4444444444445,0.4307598039215686,0.13802083333333334
11,178,0,33.122751667,35.629116667,19/06/2025,11,0.7626845289587527,0.004150213783152375,0.7024117877053553,1.2985626179876328,0.5492666904212538,3.656136587256565,857.2222222222222,0.4536764705882353,0.1484375
11,179,0,33.122961667,35.629135,19/06/2025,11,0.7617208894185841,0.00395478734812198,0.7020936821767496,1.2942984929242458,0.5437303000023079,4.175424108083221,860.8888888888889,0.44362745098039214,0.13194444444444442
11,180,0,33.123146667,35.629158333,19/06/2025,11,0.7589760105716956,0.0021987167273108702,0.6929689467942394,1.3235214851893222,0.5420309275645061,4.403107168362811,882.8888888888889,0.26540346907993967,0.11805555555555557
11,181,0,33.12335,35.62919,19/06/2025,11,0.7616060869145451,0.004843074346640501,0.6940324840285457,1.3347236821369544,0.5213077917672124,3.4584290997511093,884.1111111111111,0.374264705882353,0.1623263888888889
11,182,0,33.123555,35.629203333,19/06/2025,11,0.7496724108916314,0.0067831106515174894,0.6887136230135034,1.2892093330697667,0.5178002467703945,3.45842909975111,894.3333333333334,0.5520833333333333,0.1623263888888889
11,183,1,33.123768333,35.629231667,19/06/2025,11,0.72110571984344,0.007225269710999345,0.6648016153594556,1.2431227407002803,0.49816742766786754,4.40310716836281,924.2222222222222,0.22976998491704373,0.11805555555555557
11,184,0,33.123971667,35.629255,19/06/2025,11,0.6975259223648856,0.008340629294681965,0.6575230108608291,1.1602333842250088,0.4844688498058475,4.360568752113511,896.5555555555555,0.2733187089804737,0.11805555555555555
11,185,0,33.124065,35.629268333,19/06/2025,11,0.6157536353627265,0.03429653869612706,0.61748585323194,0.998027412230698,0.45751224300901394,4.2943721485946105,836.8888888888889,0.18442852676142032,0.1371527777777778
11,186,0,33.124065,35.629268333,19/06/2025,11,0.6157536353627265,0.03429653869612706,0.61748585323194,0.998027412230698,0.45751224300901394,4.2943721485946105,836.8888888888889,0.18442852676142032,0.1371527777777778
11,187,0,33.12406,35.628896667,19/06/2025,11,0.5924852219391461,0.031291720768711055,0.5990422331980044,0.9818241375897416,0.4303522512232539,5.292481250360577,794.2222222222222,0.03897996250364893,0.10416666666666669
11,188,1,33.123853333,35.628881667,19/06/2025,11,0.6832709688838011,0.009747817303319571,0.6375314670186987,1.1777782673136523,0.45879586473638523,2.7902199731139583,966.2222222222222,0.4833333333333333,0.2760416666666667
11,189,1,33.123678333,35.628858333,19/06/2025,11,0.7152936043774403,0.005711344835243511,0.6637167662133152,1.2180862984395775,0.48621193352098824,3.0311835807481353,927.4444444444445,0.5874999999999999,0.23177083333333331
11,190,0,33.12344,35.628828333,19/06/2025,11,0.7458978866711959,0.0076489045197164,0.6867112802209899,1.2766899274711645,0.5180770032727069,4.20929531609601,894.8888888888889,0.2522548000489177,0.125
11,191,0,33.123243333,35.628805,19/06/2025,11,0.7500100556173709,0.003936071404691,0.6970179766458441,1.2500659106323502,0.524404324378911,2.9279725355956367,872.3333333333334,0.4854166666666668,0.16927083333333334
11,192,0,33.123063333,35.628776667,19/06/2025,11,0.7580551032749572,0.007147620692839399,0.6973250874925623,1.2965096603260893,0.5361456011627049,3.7502913589880817,885.0,0.3693217255717256,0.15798611111111113
11,193,0,33.122846667,35.62875,19/06/2025,11,0.7628755207106868,0.008484576253434762,0.6977736088314347,1.325036035446091,0.5340490835791101,4.575418502671133,884.1111111111111,0.2681617647058823,0.11892361111111112
11,194,0,33.122633333,35.62873,19/06/2025,11,0.7515167412561057,0.004660950354883963,0.6935731517155714,1.2757822671581502,0.5281547608432575,4.218636587256564,871.3333333333334,0.436104826546003,0.1267361111111111
11,195,0,33.122368333,35.62869,19/06/2025,11,0.6864390182200097,0.011609704371958074,0.6562429354046784,1.1173362814629466,0.4937649360806708,3.579172272078755,862.8888888888889,0.2207074721780604,0.18055555555555558
11,196,0,33.12218,35.62867,19/06/2025,11,0.7568963690896408,0.007357032240448115,0.7011638635719022,1.2704487776473874,0.5409361869095758,3.0115785269521322,860.3333333333334,0.5995098039215685,0.2109375
11,197,0,33.121998333,35.628651667,19/06/2025,11,0.7632005946934153,0.0053814846987134185,0.7042051420638265,1.2929028873539958,0.5470858269666782,3.513203901482165,861.1111111111111,0.49639894419306185,0.1657986111111111
11,198,0,33.12176,35.628611667,19/06/2025,11,0.7605663918476986,0.007127044286004136,0.7034846636574047,1.2806439510906236,0.5367077668611377,3.736180608917954,863.5555555555555,0.47291666666666665,0.1484375
11,199,0,33.121566667,35.628611667,19/06/2025,11,0.767254928513871,0.0026815017205471777,0.7061153992655554,1.3079965055579725,0.5409461059831133,3.8926177211957715,860.8888888888889,0.3511029411764706,0.16145833333333334
11,200,0,33.121375,35.628576667,19/06/2025,11,0.7509152808711321,0.007877531190343841,0.6953627434720653,1.2648807805373614,0.5373918313316207,3.2342897106839215,868.4444444444445,0.5874999999999999,0.1657986111111111
11,201,0,33.121175,35.628551667,19/06/2025,11,0.75491451454804,0.004854372075119749,0.6966289396043104,1.2810914088073977,0.5415314804054132,3.1403360647604432,869.5555555555555,0.5958333333333333,0.20138888888888887
11,202,0,33.12097,35.628531667,19/06/2025,11,0.764598150088601,0.004627011718066272,0.7061877406679058,1.2914580262599076,0.545874801164091,3.567680209905977,871.0,0.5474264705882352,0.16753472222222224
11,203,0,33.120773333,35.6285,19/06/2025,11,0.6559944448884921,0.04336340033202723,0.6435059497321185,1.0511639370154766,0.47830849840399714,4.846251836004467,856.1111111111111,0.09856739433704322,0.1076388888888889
11,204,0,33.120738333,35.628503333,19/06/2025,11,0.6092972588276037,0.04279706194662582,0.6154825957883019,0.9858662980361041,0.4449002177293828,4.846251836004466,859.7777777777778,0.12361785326053214,0.1076388888888889
11,205,0,33.120793333,35.628145,19/06/2025,11,0.508828669278337,0.04791535397690509,0.5357297971288856,0.9306299082093371,0.36748960236711675,4.663320189106001,654.1111111111111,0.11188225126705019,0.125
11,206,0,33.120991667,35.62817,19/06/2025,11,0.579019280295722,0.04586808791966782,0.5801847727619313,1.0009073864164064,0.41736283914662725,4.454986855772666,657.0,0.15624477711211907,0.13194444444444448
11,207,0,33.12121,35.628198333,19/06/2025,11,0.5633815876779045,0.07132279285440248,0.5751846699613424,0.9746238138611653,0.4127324922423989,4.596251836004467,968.1111111111111,0.1310023942805301,0.11805555555555555
11,208,0,33.12141,35.628218333,19/06/2025,11,0.5862596922734953,0.06552560214976462,0.5902926493641095,0.9994717220207884,0.4167231118428788,4.5443721485946105,956.1111111111111,0.13177895456541164,0.1267361111111111
11,209,0,33.121623333,35.62824,19/06/2025,11,0.5366596857642936,0.0730942539888396,0.555326043909088,0.956432466931167,0.3827147721811912,4.596251836004467,974.6666666666666,0.1615727756222668,0.11805555555555557
11,210,0,33.121816667,35.62826,19/06/2025,11,0.567308734464874,0.059153653783952646,0.567620962850567,1.00324984291346,0.4061147968267734,4.294372148594611,983.5555555555555,0.15708579313372686,0.1371527777777778
11,211,0,33.122011667,35.628278333,19/06/2025,11,0.5251923684698476,0.06405148567210157,0.5438572134132234,0.9535677607850245,0.37595495837616943,5.048533209849189,988.4444444444445,0.11440686254698691,0.1076388888888889
11,212,0,33.122216667,35.628316667,19/06/2025,11,0.5660107194512737,0.06511231831265311,0.5731089316886574,0.9870924599866532,0.4134336995260887,5.048533209849189,961.1111111111111,0.10007127674582517,0.10763888888888891
11,213,0,33.122491667,35.6284,19/06/2025,11,0.6267413372864932,0.040923997861151015,0.6122154435011725,1.0502520295236817,0.44857921616077157,4.804585169337799,943.0,0.13565953009838908,0.11111111111111113
11,214,0,33.122631667,35.628375,19/06/2025,11,0.5477080597151708,0.0736586882387537,0.5657772370287475,0.956684857055794,0.38759808888596825,4.846251836004467,971.3333333333334,0.07646998875534508,0.1076388888888889
11,215,0,33.122865,35.6284,19/06/2025,11,0.5945141417472368,0.06679135688531102,0.5917690247693674,1.0192988063821578,0.4354109819740446,5.048533209849189,968.8888888888889,0.12166956093873647,0.10763888888888891
11,216,0,33.123048333,35.628416667,19/06/2025,11,0.5659047922675222,0.07158957990367294,0.5728554368693524,0.9880593453590633,0.40120658266113435,5.0485332098491895,975.3333333333334,0.09176242508459977,0.10763888888888891
11,217,0,33.123256667,35.628438333,19/06/2025,11,0.5979742017439764,0.05789251828270004,0.5924202692333392,1.02435471819806,0.43306790730667566,4.667481250360578,960.2222222222222,0.11821864315511789,0.125
11,218,1,33.123466667,35.628466667,19/06/2025,11,0.5370805689746444,0.07321401223738183,0.548352499585029,0.9791710810360262,0.3776989318666425,5.048533209849189,998.4444444444445,0.08989056390595714,0.1076388888888889
11,219,2,33.123663333,35.62849,19/06/2025,11,0.5469202586860626,0.0594363346922788,0.5557082746764024,0.9812977687599402,0.3851083860365334,5.292481250360577,1017.0,0.06978416154646423,0.10416666666666669
11,220,0,33.123866667,35.628518333,19/06/2025,11,0.5251028460654924,0.043006806405862144,0.5437921674843618,0.951781008633746,0.35901385842838174,5.048533209849189,1025.0,0.16013752012137955,0.1076388888888889
11,221,0,33.124073333,35.628548333,19/06/2025,11,0.39909357001289464,0.05335961882313003,0.45888156010053077,0.8664111607365398,0.28414990182407907,4.663320189106002,726.5555555555555,0.18389458074691,0.125
12,2,0,33.12394143,35.63256134,23/06/2025,7,0.5840208620529864,0.024725523913661777,0.5998615900222904,0.9533753461075252,0.44993090960337323,4.434153522439333,434.0,0.1824649342251911,0.1328125
12,3,0,33.12373095,35.632552255,23/06/2025,7,0.6183128605022713,0.034077425928583,0.6088563805385651,1.0349631299411313,0.42597363714785647,4.4193721485946105,759.2222222222222,0.18246482758298932,0.12847222222222224
12,4,1,33.12352722,35.6325246,23/06/2025,7,0.572769337081095,0.03606266802088767,0.5887034138656285,0.9566841168882892,0.4012350504800538,4.840199876515856,771.7777777777778,0.1549680636332704,0.11458333333333334
12,5,0,33.123319267,35.63250203,23/06/2025,7,0.6017600956267469,0.04305879170477844,0.604552620872409,0.9961408627467296,0.4224474564055194,4.875814583693911,802.2222222222222,0.0900927812961126,0.11805555555555558
12,6,0,33.123100337,35.632472735,23/06/2025,7,0.6352376265801608,0.05124866091875114,0.6392097836400905,0.9966809367989131,0.4546508190194647,4.4193721485946105,779.8888888888889,0.17946681661253114,0.12847222222222224
12,7,0,33.122890518,35.632451943,23/06/2025,7,0.6052681242367405,0.0585874395547975,0.6175784797253848,0.9737673071049409,0.43319295673252234,5.048533209849189,782.1111111111111,0.14027522986260438,0.1076388888888889
12,8,0,33.12267752,35.632427623,23/06/2025,7,0.6302886729692903,0.05327261124068667,0.6351206369595694,0.9934789092268299,0.47071177271825804,4.846251836004468,792.7777777777778,0.12663423969336837,0.1076388888888889
12,9,0,33.122469337,35.632401753,23/06/2025,7,0.6019193402214845,0.043536732795943195,0.6076804595682765,0.989783026145134,0.4401341660781023,4.159037234815499,810.1111111111111,0.17104462624499595,0.15104166666666666
12,10,0,33.12225662,35.632386898,23/06/2025,7,0.6159258234214933,0.0669037619745243,0.626271343752227,0.9837444705983255,0.46443983888075163,4.5443721485946105,805.1111111111111,0.1705093122670968,0.12673611111111113
12,11,0,33.122047905,35.63236496,23/06/2025,7,0.5794680824426665,0.05634640912630728,0.606109228781145,0.9317708016680201,0.4366875138746018,3.1625056054120884,788.0,0.215870416699782,0.21180555555555558
12,12,0,33.121840683,35.63233741,23/06/2025,7,0.61160283444168,0.05893423816551829,0.6192324383310551,0.9855237552847783,0.4596434641021335,5.292481250360577,803.2222222222222,0.0581177311647299,0.10416666666666669
12,13,0,33.121621448,35.632316883,23/06/2025,7,0.5786127080883612,0.043894895259011676,0.6033908848828402,0.9317619052365609,0.4360470104441403,5.0485332098491895,793.0,0.14887908910433176,0.1076388888888889
12,14,0,33.121407742,35.632276483,23/06/2025,7,0.6091012987934419,0.04469289952387904,0.6254899235460534,0.9555022462421291,0.4568220347272009,4.346251836004465,805.5555555555555,0.1707295104373614,0.12847222222222224
12,15,0,33.121188762,35.632252318,23/06/2025,7,0.6061073304788228,0.06525440312377437,0.6125322763176797,0.9926683724121056,0.4441486615520176,4.959147917027245,841.4444444444445,0.05615870216729058,0.11111111111111112
12,16,0,33.120976523,35.632233422,23/06/2025,7,0.574162490966194,0.05182892042742953,0.5966209637233413,0.9406274112993399,0.42560278404754526,5.084147917027246,841.0,0.08278630401680148,0.11111111111111113
12,17,0,33.120759383,35.632200658,23/06/2025,7,0.5941556065091788,0.05965468989608253,0.608280457632136,0.9695411395291925,0.4385334761458297,4.846251836004467,840.4444444444445,0.12272754347443851,0.1076388888888889
12,18,0,33.120553338,35.632176323,23/06/2025,7,0.5856894505840621,0.04090817620814559,0.6001511388211594,0.9587908484065557,0.4368030757354547,4.346251836004465,816.3333333333334,0.18286855977347485,0.12847222222222224
12,19,0,33.120424495,35.631815497,23/06/2025,7,0.7016640369621084,0.016873361975529855,0.6771242815557094,1.0992207702325871,0.526497646649118,4.454986855772666,571.2222222222222,0.17687705477110835,0.13194444444444448
12,20,0,33.12063312,35.63184115,23/06/2025,7,0.7741131060485267,0.002436886234272132,0.7141060684479901,1.3100254978466443,0.560952958645267,3.7900671274207154,848.7777777777778,0.4703431372549019,0.18055555555555555
12,21,0,33.120844758,35.631866457,23/06/2025,7,0.7776793195797955,0.009378245286438562,0.7191325651164822,1.3085715271513483,0.5655262416094644,4.818494793599889,829.5555555555555,0.27674396681749625,0.11197916666666669
12,22,0,33.12105556,35.631890545,23/06/2025,7,0.7756669972225438,0.0033308004311167305,0.7145956469814708,1.3177323519020927,0.5637255305106276,3.57064902376156,840.6666666666666,0.44235482654600305,0.18229166666666669
12,23,0,33.121266037,35.63191517,23/06/2025,7,0.7758112194501945,0.006559411209475397,0.718595866023387,1.298434073572685,0.5669043948059876,2.66071391274528,825.7777777777778,0.61875,0.23350694444444448
12,24,0,33.121463333,35.63195,23/06/2025,7,0.7790761335901771,0.006902555716052818,0.7221641482934313,1.3001725402747288,0.5730118553747722,2.9699118602854653,820.2222222222222,0.5458333333333334,0.2230902777777778
12,25,0,33.121671667,35.631956667,23/06/2025,7,0.7851959076399962,0.0017183277207675981,0.7290475704441834,1.3024353303923142,0.5629930633905019,3.2195083368391986,795.8888888888889,0.5270833333333333,0.1684027777777778
12,26,0,33.121893333,35.631988333,23/06/2025,7,0.7836614554895851,0.003551002567688941,0.7257352342427288,1.3105458671916377,0.5628165393921507,4.102303795493077,814.4444444444445,0.3617269984917044,0.13194444444444445
12,27,0,33.122096667,35.632008333,23/06/2025,7,0.7483207891434582,0.014220614317920058,0.7025142969519969,1.2166063976186254,0.5388159962834442,3.9686331481071164,829.3333333333334,0.21087705352411235,0.1423611111111111
12,28,0,33.122298333,35.63204,23/06/2025,7,0.7563427718489489,0.007104216046514715,0.7083172941448542,1.231393750996945,0.5424795677071869,4.300424108083222,827.7777777777778,0.3193594329623741,0.13020833333333334
12,29,0,33.122501667,35.632048333,23/06/2025,7,0.7602369998424556,0.002855994540872836,0.709150573558404,1.2494618525455994,0.5402368466183965,3.7828800864218324,826.3333333333334,0.37438725490196073,0.12586805555555555
12,30,0,33.122681667,35.632066667,23/06/2025,7,0.7638299054319148,0.005863746469435503,0.709068401177776,1.2723243868196663,0.5380896011306081,3.9789770342734103,828.2222222222222,0.45821078431372547,0.13975694444444445
12,31,0,33.122905,35.632093333,23/06/2025,7,0.7631635701987102,0.004546263617328063,0.7033755042126193,1.296869611865343,0.5336381245778491,2.902978141007726,844.6666666666666,0.6354166666666666,0.1875
12,32,0,33.123113333,35.632125,23/06/2025,7,0.750654653707691,0.005742005386810782,0.7005624359566425,1.2366171119007188,0.5250101562997879,3.8848925229268274,846.7777777777778,0.4458333333333333,0.1449652777777778
12,33,0,33.123311667,35.632153333,23/06/2025,7,0.7351096079014586,0.007313928093555006,0.6810904624083106,1.2430904443220963,0.5090670818624623,4.7227942093616955,881.3333333333334,0.19024321266968325,0.11111111111111112
12,34,1,33.123515,35.632185,23/06/2025,7,0.702866881560226,0.005295357607103697,0.6564286780005621,1.1889916584943938,0.4603566389812813,2.8986850162569406,900.5555555555555,0.625,0.20572916666666666
12,35,1,33.123715,35.632198333,23/06/2025,7,0.6933077740809528,0.00800409754287013,0.6464334707090476,1.1861024325989238,0.4538641695964645,4.164602669685038,900.7777777777778,0.3661764705882353,0.13454861111111113
12,36,0,33.123926667,35.632235,23/06/2025,7,0.6785603496794449,0.01749823664738933,0.6547523869636985,1.0892374880355828,0.4971279556152509,4.544372148594611,643.0,0.18358362514926357,0.12673611111111113
12,37,0,33.123941667,35.632231667,23/06/2025,7,0.6785603496794449,0.01749823664738933,0.6547523869636985,1.0892374880355828,0.4971279556152509,4.544372148594611,643.0,0.18358362514926357,0.12673611111111113
12,38,0,33.123938333,35.631851667,23/06/2025,7,0.6459070492602024,0.021505773288139556,0.6397045587868847,1.0219610819548786,0.4792374406385076,4.512918502671134,660.0,0.10129764433907365,0.11458333333333334
12,39,0,33.123708333,35.631828333,23/06/2025,7,0.7253658440486347,0.007974461712369074,0.6682635066224841,1.2498981353831968,0.48501542764422545,4.246393629661143,886.5555555555555,0.38285256410256413,0.12239583333333334
12,40,2,33.123495,35.631791667,23/06/2025,7,0.7404733035538851,0.005102014525853021,0.6849157646043952,1.2545738210773054,0.5087817787361765,3.9693609377704338,899.4444444444445,0.3875,0.15451388888888892
12,41,0,33.123288333,35.631761667,23/06/2025,7,0.7693607261402878,0.005290456874123943,0.7088023977975528,1.307942625806171,0.5362127298638422,4.602303795493077,858.6666666666666,0.3607371794871795,0.11111111111111112
12,42,0,33.123103333,35.631753333,23/06/2025,7,0.7733037434750681,0.0018345802043359687,0.7126664545682417,1.3125008032551395,0.544137158852419,3.399804762194655,841.2222222222222,0.6270833333333333,0.1779513888888889
12,43,0,33.122895,35.631733333,23/06/2025,7,0.7709197727679991,0.006015743214221936,0.7129669669143422,1.296274809415303,0.5492347905064775,3.6924905775127206,840.7777777777778,0.45612745098039215,0.1449652777777778
12,44,0,33.122693333,35.631701667,23/06/2025,7,0.7805340633670902,0.0020262941101434413,0.7189535420648541,1.3265900709332734,0.5615434243403399,1.7908520829727552,827.5555555555555,0.625,0.5138888888888888
12,45,0,33.122473333,35.63168,23/06/2025,7,0.7585820251346603,0.00499103272643625,0.7081916468891015,1.2447160072370922,0.5403031128933695,4.454986855772666,856.2222222222222,0.37777149321266973,0.13194444444444448
12,46,0,33.122265,35.63166,23/06/2025,7,0.7689329299421557,0.005853476172142671,0.7217494614219805,1.2381046878756188,0.5570668556207913,3.1234576266427716,820.5555555555555,0.5854166666666667,0.2152777777777778
12,47,0,33.122058333,35.631625,23/06/2025,7,0.7893426136435485,0.0031613706613691575,0.7245680580312461,1.3566977290009008,0.5744250281699035,4.484289710683921,830.4444444444445,0.2543136235783295,0.12586805555555555
12,48,0,33.121858333,35.631596667,23/06/2025,7,0.7876798999094989,0.003990683175991437,0.7278139149234981,1.3269287053035639,0.5791986072661127,3.6889264404983546,814.5555555555555,0.34150641025641026,0.14930555555555555
12,49,0,33.12163,35.631571667,23/06/2025,7,0.7885695567370047,0.004910079612791514,0.7310726299757226,1.3146662239715667,0.5709640353737657,4.306739399499471,813.2222222222222,0.31776960784313724,0.11892361111111112
12,50,0,33.121425,35.631556667,23/06/2025,7,0.7883779012922981,0.005716193915149959,0.7271615437305029,1.336135037323194,0.5731428446695458,3.79230695353988,825.6666666666666,0.4920343137254902,0.1484375
12,51,0,33.12121,35.631541667,23/06/2025,7,0.7867290620750568,0.003499057631316081,0.7271578348655062,1.3238128495360935,0.5766461491360355,2.6922157521702985,830.5555555555555,0.6958333333333333,0.3333333333333333
12,52,0,33.121005,35.631506667,23/06/2025,7,0.7806444125090655,0.00531445418651797,0.7198613522614783,1.3228935310054757,0.5570281111048525,4.410906066166137,835.2222222222222,0.2818156108597285,0.13020833333333334
12,53,0,33.120813333,35.631475,23/06/2025,7,0.777260094874659,0.004179246098912704,0.7124640629406345,1.340161322458708,0.557089988179277,2.6166778774908437,867.0,0.5541666666666667,0.23784722222222224
12,54,0,33.120596667,35.631453333,23/06/2025,7,0.7611743679071991,0.008448097084486406,0.701923098401116,1.2931532329460316,0.5476832870854899,4.68717950218364,862.8888888888889,0.28630279034690803,0.1232638888888889
12,55,0,33.12044,35.63143,23/06/2025,7,0.6754555554240064,0.028772037758923997,0.6624707731564826,1.0532098391821931,0.5105053746319377,4.159037234815499,600.0,0.16893606814765766,0.15104166666666666
12,56,0,33.120466667,35.63116,23/06/2025,7,0.6577373806174953,0.0314978967278733,0.6473464521698935,1.04214538642171,0.5005505242257651,5.0485332098491895,909.3333333333334,0.15764326599880613,0.1076388888888889
12,57,0,33.120678333,35.63118,23/06/2025,7,0.7485468098309367,0.011475068393089432,0.7005491445170215,1.2267006567470184,0.5448672908164328,4.959147917027244,870.6666666666666,0.21152903469079937,0.11111111111111112
12,58,0,33.12088,35.631201667,23/06/2025,7,0.7575592871224816,0.013292182962901765,0.7105947637761129,1.2283887343061406,0.5590400722925363,4.242492461184755,850.5555555555555,0.18707089766107335,0.14583333333333334
12,59,0,33.121095,35.631228333,23/06/2025,7,0.7698616636770792,0.013653959776823573,0.7135577760403969,1.288791589360144,0.5592456875724982,4.4903416701725325,846.6666666666666,0.2894758672699848,0.1189236111111111
12,60,0,33.1213,35.63126,23/06/2025,7,0.7661430562411112,0.007383564721361263,0.7161150821595444,1.2507467467598348,0.5693650313535181,4.821520773344195,838.7777777777778,0.2867684766214178,0.1076388888888889
12,61,0,33.121505,35.631283333,23/06/2025,7,0.7511334061665439,0.011085294777710364,0.7145709555272313,1.1740521903116867,0.5556697128005902,4.840199876515857,826.0,0.217552790346908,0.11458333333333334
12,62,0,33.121713333,35.631296667,23/06/2025,7,0.7559434780842643,0.012299498984865619,0.7059989332505228,1.2417243669999583,0.558237954297174,4.371653522439334,858.5555555555555,0.1936962899606371,0.12152777777777778
12,63,0,33.121926667,35.631331667,23/06/2025,7,0.7540613742877071,0.010262314047363715,0.7041753277467299,1.2394937411109106,0.5484688183476668,4.246393629661143,866.5555555555555,0.3884564428682076,0.12239583333333333
12,64,0,33.12214,35.631348333,23/06/2025,7,0.7157405043925328,0.02050829173803168,0.6832589517595943,1.1391067927886969,0.5198183235258725,4.4332817728566996,854.3333333333334,0.17055011955460483,0.12239583333333336
12,65,1,33.122338333,35.631373333,23/06/2025,7,0.7359617213132601,0.014466932132922956,0.6954908877428501,1.1827837201544793,0.5227963397111826,4.846251836004468,862.7777777777778,0.14407901873289247,0.10763888888888891
12,66,0,33.122535,35.631401667,23/06/2025,7,0.750580182820749,0.007952393615542779,0.7046178752058773,1.2180577331432212,0.5392855155896207,3.0488186086602203,841.5555555555555,0.47610294117647056,0.20052083333333334
12,67,0,33.122753333,35.631431667,23/06/2025,7,0.7469561383969002,0.008219249349540613,0.7017571755724614,1.2114346424076843,0.5386341781918167,4.188445449117016,840.4444444444445,0.3543646304675716,0.13368055555555555
12,68,0,33.122943333,35.631456667,23/06/2025,7,0.7465098981687495,0.011713536641655892,0.6955558653302318,1.2383963521480164,0.5384777315859413,4.586038815261277,860.0,0.1312297704368665,0.1076388888888889
12,69,0,33.12316,35.631473333,23/06/2025,7,0.7421830971802342,0.009309462843920459,0.6970189604060608,1.207397499891367,0.5355923093731529,4.6811275426950285,844.6666666666666,0.2189640658758306,0.11458333333333334
12,70,1,33.12336,35.6315,23/06/2025,7,0.7336508606924468,0.003673560077747624,0.6894159651339503,1.196927615619172,0.5255198776267241,3.6638583463760606,865.3333333333334,0.4458333333333334,0.15798611111111113
12,71,2,33.12357,35.631521667,23/06/2025,7,0.7207736650505813,0.009807485119462587,0.6737293841021587,1.2017390372476773,0.4914924174203185,4.596251836004467,884.1111111111111,0.24837093881211528,0.11805555555555555
12,72,1,33.123766667,35.631543333,23/06/2025,7,0.712577895985116,0.012175305347160494,0.6617757739572843,1.2138016663087632,0.48827644724870356,3.7939801923202134,867.7777777777778,0.287596412415426,0.1701388888888889
12,73,0,33.12396,35.63157,23/06/2025,7,0.5830945640469941,0.009942589969687941,0.595366070785031,0.9636816672064765,0.44850771360803343,4.245374481009744,687.7777777777778,0.3730580693815988,0.14149305555555555
12,74,0,33.12397,35.631101667,23/06/2025,7,0.6114364879743261,0.0150724021171818,0.6182432276486505,0.9782542594835001,0.47427102143228983,4.7173541066775275,677.3333333333334,0.20893288084464554,0.11197916666666669
12,75,0,33.123761667,35.631083333,23/06/2025,7,0.7422901885681468,0.005172129713451159,0.6832667252490572,1.2723639855121214,0.505746556543294,5.063314583693912,849.3333333333334,0.27843315600668544,0.11197916666666669
12,76,0,33.12354,35.631048333,23/06/2025,7,0.7549543546412507,0.006277314642971222,0.7030053199133977,1.2495595687700485,0.5307183383506509,3.883539781962855,856.5555555555555,0.33700980392156865,0.1449652777777778
12,77,0,33.12332,35.631038333,23/06/2025,7,0.7632426366800035,0.003194717963634226,0.7061397134043395,1.2829841721504087,0.5368900410419815,3.4380546909157212,850.2222222222222,0.5875,0.1579861111111111
12,78,0,33.123115,35.631001667,23/06/2025,7,0.7597749665019567,0.005210973258185393,0.7087211324708291,1.2488199195511047,0.5454076815171641,4.332141085934339,850.4444444444445,0.337697963800905,0.1310763888888889
12,79,0,33.122913333,35.630978333,23/06/2025,7,0.7630744185034048,0.004622103437638349,0.7072435969746403,1.2764133160577347,0.5376610196521533,3.5111750035058655,845.6666666666666,0.5375,0.19444444444444445
12,80,0,33.122696667,35.630958333,23/06/2025,7,0.7656230608623361,0.006926514156211538,0.7130448258266903,1.2630745987350773,0.5418735667033585,3.857157547405643,846.5555555555555,0.39797169907464025,0.1701388888888889
12,81,1,33.122505,35.630931667,23/06/2025,7,0.7648828244011152,0.003983132400283368,0.703864935894974,1.304778722732415,0.5457771332686757,3.5630546909157212,879.1111111111111,0.38816365007541476,0.1857638888888889
12,82,0,33.122313333,35.630918333,23/06/2025,7,0.773567608662844,0.008477596789262562,0.7154397213127397,1.301139166143098,0.5539202093539818,3.6803129590011165,842.3333333333334,0.4807598039215687,0.19618055555555558
12,83,0,33.122081667,35.630858333,23/06/2025,7,0.7755893641211372,0.005487568653764192,0.718354420081604,1.2975182029802275,0.5577182467857158,4.477974419267672,840.7777777777778,0.298538838612368,0.11458333333333334
12,84,1,33.121876667,35.63085,23/06/2025,7,0.7545544435860899,0.016520067385774276,0.6998179747204519,1.2650082908053801,0.5272900137960524,5.292481250360577,884.6666666666666,0.19085651828298886,0.10416666666666669
12,85,3,33.12168,35.630828333,23/06/2025,7,0.7193418829410659,0.016802918609726356,0.6810411193081738,1.164666089071235,0.487483558984694,4.804585169337801,907.8888888888889,0.3005540948188007,0.11111111111111112
12,86,2,33.121455,35.630788333,23/06/2025,7,0.7230823706286583,0.007723431006361186,0.6662966625300152,1.246737365731325,0.47916628730715793,4.430386658535499,944.4444444444445,0.32401960784313727,0.11892361111111112
12,87,3,33.121315,35.63078,23/06/2025,7,0.7021353123260275,0.01165010981865316,0.6607795086467891,1.1683511567427542,0.46188128522987104,4.223406066166139,939.2222222222222,0.364311738208797,0.12586805555555555
12,88,3,33.12107,35.630768333,23/06/2025,7,0.705239406054873,0.009835113294286041,0.6567700269436529,1.1985723053300377,0.4699204079134111,4.75989252292683,949.8888888888889,0.23204618645795114,0.11197916666666669
12,89,2,33.120945,35.630735,23/06/2025,7,0.709675514119248,0.013655040880587575,0.6615446683935589,1.2014339230993198,0.46652939559706685,4.023627850368218,944.1111111111111,0.3177696078431373,0.1449652777777778
12,90,0,33.120746667,35.63069,23/06/2025,7,0.7409723406478878,0.009047249766835281,0.6816255655348373,1.273210553335299,0.508871536069853,4.170507230104883,919.1111111111111,0.35625,0.13281250000000003
12,91,0,33.120521667,35.630671667,23/06/2025,7,0.6732492608409382,0.03590612276965196,0.6572249598338864,1.06723972647472,0.5064969765390936,5.0901998765158565,925.8888888888889,0.11829929833839802,0.10416666666666669
12,92,0,33.120516667,35.630675,23/06/2025,7,0.6329660219004902,0.03658780396265977,0.6338253683026037,1.0007730520071825,0.4845245977652546,4.663320189106001,945.7777777777778,0.14024505569693935,0.125
12,93,0,33.12057,35.630325,23/06/2025,7,0.6639061151597818,0.030961020256753246,0.6506679565680874,1.0531570950922517,0.49695156916059535,4.846251836004468,935.5555555555555,0.15270453163071776,0.1076388888888889
12,94,1,33.12077,35.630348333,23/06/2025,7,0.7559671047185469,0.010430193199136384,0.6968197192240535,1.2867129899374679,0.535931591280366,5.063314583693912,888.8888888888889,0.20249225469813706,0.11197916666666669
12,95,1,33.120993333,35.630381667,23/06/2025,7,0.7307312593430078,0.004508585429398663,0.6799200926653518,1.2249389823726418,0.5036025498828579,3.152170691632976,922.0,0.5729166666666666,0.22395833333333331
12,96,0,33.121196667,35.630408333,23/06/2025,7,0.7321234209583012,0.0026475189649956743,0.6751591852548415,1.2539453571346992,0.4908580759862277,3.534015167932105,929.5555555555555,0.5770833333333334,0.18055555555555558
12,97,2,33.121416667,35.630418333,23/06/2025,7,0.7306157846020755,0.008802163979664183,0.680753695655658,1.2213588158671267,0.49213862240121004,2.5267283007806913,906.8888888888889,0.5882276507276507,0.2595486111111111
12,98,2,33.121633333,35.630451667,23/06/2025,7,0.7242693149642903,0.0015080537315082614,0.6741540883838619,1.2171751175496484,0.4887016203874414,3.8947719513574426,925.2222222222222,0.475,0.14322916666666669
12,99,2,33.121831667,35.63048,23/06/2025,7,0.7334290041646133,0.009481521250875863,0.673426601832923,1.2707650792684133,0.4905706309836714,3.471748162958363,945.4444444444445,0.5270833333333333,0.1519097222222222
12,100,1,33.12207,35.6305,23/06/2025,7,0.7518256354876102,0.009943341220486398,0.6974320397008039,1.259334757222848,0.5275066923971425,3.093764013530221,884.6666666666666,0.4894607843137255,0.2074652777777778
12,101,1,33.122296667,35.630585,23/06/2025,7,0.7704739417962053,0.004585825559256229,0.7137342950614053,1.288828179507018,0.5476786970356182,3.9364386180241095,853.2222222222222,0.3703166401695813,0.15538194444444445
12,102,1,33.122506667,35.630565,23/06/2025,7,0.7782211380994717,0.006994611766375756,0.7117853077209056,1.3511510849170383,0.5497103790346852,4.346251836004466,883.3333333333334,0.24297699849170437,0.1284722222222222
12,103,1,33.122725,35.63059,23/06/2025,7,0.7574015549214577,0.00646185447478351,0.7057077050251332,1.2503334307825136,0.5404643009456814,4.577572732832804,875.7777777777778,0.3698529411764706,0.11111111111111112
12,104,0,33.122943333,35.630615,23/06/2025,7,0.7618286832977607,0.008531513936016628,0.7061642783579116,1.274844114223644,0.5286566504480751,3.6071575474056425,857.4444444444445,0.2721813725490196,0.16493055555555555
12,105,0,33.123168333,35.630635,23/06/2025,7,0.7490190388316642,0.01021804913371144,0.6935168157013434,1.2622919256237286,0.5228117769524852,3.521388024249054,882.8888888888889,0.4411864579511638,0.2048611111111111
12,106,0,33.123375,35.630655,23/06/2025,7,0.7440624238304516,0.012888420332977336,0.6886358528683885,1.258680009302947,0.5169653750491954,4.1902054819279435,894.2222222222222,0.34922699849170435,0.13628472222222224
12,107,1,33.12358,35.630683333,23/06/2025,7,0.708374816418973,0.010064744251442588,0.6649019271707809,1.1799937269601206,0.4699798609041221,4.1416151061900335,913.1111111111111,0.34298076923076926,0.12239583333333334
12,108,2,33.12379,35.630711667,23/06/2025,7,0.7219572260978552,0.009298344152205066,0.6770622731426816,1.1932131502448244,0.49199049102894726,3.7305931071650207,881.8888888888889,0.352796461619991,0.1440972222222222
12,109,0,33.12398,35.630726667,23/06/2025,7,0.6168170758129108,0.016500388314570853,0.6152528004986109,1.006000500622753,0.4593059865665086,4.560637128826411,703.1111111111111,0.24682432256722314,0.11458333333333334
12,110,0,33.123981667,35.63073,23/06/2025,7,0.6278124117317384,0.03021851872193014,0.6321982524454192,0.985883541570145,0.4881112475208728,4.602303795493077,667.7777777777778,0.22374947456914668,0.11111111111111112
12,111,0,33.123981667,35.630383333,23/06/2025,7,0.6145166067583046,0.020258864537064183,0.6045848432757314,1.0345696941226314,0.44054197152869795,3.89882421407231,744.5555555555555,0.21488057004084338,0.15104166666666669
12,112,1,33.123775,35.630358333,23/06/2025,7,0.7050528208320361,0.002787204011911811,0.660372161833869,1.1825021911813929,0.47837026411290495,3.6231371288264103,920.8888888888889,0.5125000000000001,0.13628472222222224
12,113,1,33.123573333,35.630345,23/06/2025,7,0.7156574605269229,0.011339198688260534,0.6654219505030609,1.214534642894756,0.48451687648551645,1.740119098184558,926.4444444444445,0.8020833333333333,0.42447916666666663
12,114,0,33.123361667,35.6303,23/06/2025,7,0.7396571257650505,0.005180268249247749,0.6903093456151309,1.2248655643736897,0.5140071259013612,4.420507230104883,893.2222222222222,0.3014800150829563,0.12239583333333334
12,115,0,33.123165,35.630278333,23/06/2025,7,0.7504808856352841,0.004436359885653661,0.6931951845182271,1.2713762403379771,0.5222211537355153,2.8858414111932924,885.3333333333334,0.5770833333333333,0.2065972222222222
12,116,0,33.123165,35.630278333,23/06/2025,7,0.7504808856352841,0.004436359885653661,0.6931951845182271,1.2713762403379771,0.5222211537355153,2.8858414111932924,885.3333333333334,0.5770833333333333,0.2065972222222222
12,117,0,33.122941667,35.630253333,23/06/2025,7,0.7647338621675976,0.003466247298568522,0.7049190458402995,1.2987110588916309,0.551898698950723,4.290474419267671,872.1111111111111,0.404854826546003,0.1345486111111111
12,118,0,33.122736667,35.630225,23/06/2025,7,0.7751971371327282,0.004202045322415987,0.7085226391239914,1.3475688129872874,0.5517641051185395,4.272186074297306,867.4444444444445,0.29048887122416533,0.1449652777777778
12,119,1,33.122551667,35.630196667,23/06/2025,7,0.7668570656910707,0.00700573277909985,0.7086156860591478,1.292807561085609,0.5504163570283856,4.763589126445728,868.8888888888889,0.2549086360115772,0.11458333333333334
12,120,2,33.122345,35.63018,23/06/2025,7,0.7403745693682134,0.010133856769959882,0.684393661951107,1.256881869224247,0.5169271642987378,4.86103320984919,903.8888888888889,0.26892146671558437,0.11197916666666669
12,121,2,33.122125,35.630151667,23/06/2025,7,0.7455629908312392,0.01229664442895454,0.6882838593569389,1.269236579107341,0.5178598242832622,4.352303795493078,903.8888888888889,0.40612745098039216,0.12152777777777779
12,122,2,33.121891667,35.630136667,23/06/2025,7,0.7323322781071067,0.008175735939129042,0.6808519742261534,1.2297713537697588,0.4957496664724322,4.104458025654749,910.4444444444445,0.34639894419306183,0.1345486111111111
12,123,2,33.121891667,35.630136667,23/06/2025,7,0.7323322781071067,0.008175735939129042,0.6808519742261534,1.2297713537697588,0.4957496664724322,4.104458025654749,910.4444444444445,0.34639894419306183,0.1345486111111111
12,124,3,33.12169,35.630106667,23/06/2025,7,0.7176921919938678,0.009779431094855507,0.6641027732931332,1.2286140070556135,0.47143779620875725,5.0485332098491895,916.5555555555555,0.2740290346907994,0.1076388888888889
12,125,2,33.121491667,35.630096667,23/06/2025,7,0.7185418891363398,0.0027291453009563454,0.6673467203395731,1.2182258697923167,0.49041810715132933,3.4717899932745264,945.5555555555555,0.4895833333333333,0.1753472222222222
12,126,1,33.121263333,35.630063333,23/06/2025,7,0.7331119851378369,0.009129879150489028,0.6797228712093577,1.2389976589791771,0.505444541992354,3.4252801481639046,911.7777777777778,0.5729166666666667,0.16319444444444445
12,127,1,33.121073333,35.630033333,23/06/2025,7,0.7675058013267089,0.00553026251288627,0.7078359473605365,1.3009309092764072,0.538423322255784,2.604182000302357,869.2222222222222,0.6,0.2751736111111111
12,128,0,33.120841667,35.630011667,23/06/2025,7,0.7524748183839312,0.005749215890263551,0.7064026147088771,1.218567352092168,0.5363770754454428,3.8611806089179534,862.5555555555555,0.37900641025641024,0.13975694444444445
12,129,0,33.120626667,35.629968333,23/06/2025,7,0.7045169332099221,0.025452610252768525,0.6718917390316905,1.1376834199815251,0.5189098318881298,3.9686331481071164,915.3333333333334,0.2263011597570421,0.1423611111111111
12,130,0,33.120568333,35.629966667,23/06/2025,7,0.6238453163092128,0.04118160147474803,0.6281200213683586,0.9913214353362587,0.4708380574474632,5.0485332098491895,952.1111111111111,0.11136338761414344,0.1076388888888889
12,131,0,33.120631667,35.629596667,23/06/2025,7,0.6713274289265,0.030558879443772658,0.6507942612322132,1.0826643520092922,0.49149331145418235,4.819366543182522,931.7777777777778,0.21828146019322492,0.1154513888888889
12,132,0,33.120846667,35.629625,23/06/2025,7,0.7640434492677974,0.0026629564310922,0.6981520915167282,1.3289918911658178,0.5331648992689485,3.5405634543746127,906.4444444444445,0.44999999999999996,0.17447916666666669
12,133,1,33.121073333,35.629663333,23/06/2025,7,0.7651960927472655,0.0031650081305375347,0.7011795240775096,1.3206946083613746,0.5354510685228262,1.6225562489182659,896.3333333333334,0.8125,0.4375
12,134,1,33.121263333,35.629696667,23/06/2025,7,0.7633216859425064,0.007393240430229743,0.6965697504693962,1.3327123304154191,0.5316462334758632,4.819366543182522,908.2222222222222,0.27908182503770734,0.1154513888888889
12,135,1,33.121465,35.629713333,23/06/2025,7,0.7620775122638831,0.004249322798886705,0.6930404659950736,1.3432685622824931,0.5277827158696408,3.580884111388142,918.0,0.3055147058823529,0.16145833333333331
12,136,2,33.12168,35.629751667,23/06/2025,7,0.7672144425819475,0.003472028624163577,0.6952799069932691,1.364878120041963,0.5262521851254502,4.420507230104883,905.7777777777778,0.314828431372549,0.12239583333333334
12,137,1,33.121893333,35.629761667,23/06/2025,7,0.7614831105300204,0.005617149737032009,0.700797980458967,1.2994401902752153,0.5298458313756058,4.137046753088499,887.6666666666666,0.32338423831070884,0.1388888888888889
12,138,1,33.122156667,35.629793333,23/06/2025,7,0.7611896048182638,0.01031201594911135,0.7058105522159777,1.274065819407191,0.5346815678011059,4.721251836004466,863.0,0.19586161387631973,0.1232638888888889
12,139,1,33.12238,35.629821667,23/06/2025,7,0.7659508438741488,0.0052033121790413936,0.7066571588116384,1.2978223605470502,0.5438979383325394,1.1625311359020314,874.2222222222222,0.8541666666666667,0.546875
12,140,0,33.12257,35.629838333,23/06/2025,7,0.7722891121404856,0.0034742518761656633,0.7106920273374057,1.3165050961109204,0.5475830391334889,3.1987321693945883,868.3333333333334,0.48750000000000004,0.18489583333333334
12,141,0,33.12278,35.629871667,23/06/2025,7,0.7756995374108254,0.006368725791438313,0.7149091517131115,1.3166119671230716,0.5516600170952409,4.1902054819279435,863.7777777777778,0.3479543740573152,0.1362847222222222
12,142,1,33.122971667,35.62989,23/06/2025,7,0.7575072550947914,0.005146084072749528,0.6971487486342273,1.294148671569841,0.5206873253327982,4.473406066166137,883.7777777777778,0.29774112347641757,0.1154513888888889
12,143,0,33.123196667,35.629915,23/06/2025,7,0.7443127285727823,0.004719112799035072,0.6838727856295924,1.2813461061057891,0.506092291338774,3.7092590190175794,908.0,0.4416666666666667,0.1527777777777778
12,144,1,33.123388333,35.629938333,23/06/2025,7,0.7289331438385529,0.0031700621410994116,0.6814841522815979,1.2084399330650435,0.5004543952304448,2.078838679766182,906.3333333333334,0.7270833333333333,0.359375
12,145,0,33.123576667,35.629958333,23/06/2025,7,0.709150819410624,0.004632188511423662,0.6625990333209488,1.1926445660016254,0.46857328143583366,4.009892522926827,916.5555555555555,0.46318815987933637,0.15885416666666669
12,146,0,33.123581667,35.629956667,23/06/2025,7,0.709150819410624,0.004632188511423662,0.6625990333209488,1.1926445660016254,0.46857328143583366,4.009892522926827,916.5555555555555,0.46318815987933637,0.15885416666666669
12,147,2,33.123781667,35.629968333,23/06/2025,7,0.6829990746267462,0.005715558685997468,0.6498297328061049,1.127239366502656,0.4485940591212192,4.41937214859461,926.7777777777778,0.36409313725490194,0.12847222222222224
12,148,0,33.123996667,35.630008333,23/06/2025,7,0.6153082805022918,0.02337605160363558,0.6187496590786146,0.9918167260374988,0.4532722026311284,5.292481250360577,718.3333333333334,0.09993179534068981,0.10416666666666669
12,149,0,33.124011667,35.630023333,23/06/2025,7,0.6153082805022918,0.02337605160363558,0.6187496590786146,0.9918167260374988,0.4532722026311284,5.292481250360577,718.3333333333334,0.09993179534068981,0.10416666666666669
12,150,0,33.124035,35.629631667,23/06/2025,7,0.6179513712150257,0.015275442206100274,0.6188823189902105,0.9973898940895979,0.46569482501346976,4.41937214859461,729.4444444444445,0.19847982915594103,0.12847222222222224
12,151,0,33.123895,35.629618333,23/06/2025,7,0.6850215818873139,0.012855258883520867,0.6470239107322311,1.1470661888621727,0.46411501435842134,4.821520773344194,901.6666666666666,0.17896462639109695,0.1076388888888889
12,152,0,33.123688333,35.629601667,23/06/2025,7,0.7107162990693038,0.009296978036474664,0.6654726879157997,1.1883346604411593,0.4886337012609532,4.234898128338916,901.0,0.2555730504259916,0.11805555555555555
12,153,0,33.1235,35.62959,23/06/2025,7,0.7300013104346521,0.012671195244001949,0.6799835701703757,1.2227543614787817,0.5120705237219888,4.575418502671132,888.6666666666666,0.3932598039215686,0.1189236111111111
12,154,0,33.123311667,35.629551667,23/06/2025,7,0.7297403036915535,0.007888989371065528,0.6893937027544605,1.17775737053075,0.5137879950277067,4.2943721485946105,853.0,0.28700980392156855,0.1371527777777778
12,155,0,33.123088333,35.629536667,23/06/2025,7,0.7456600458265964,0.008537539623053453,0.6932116108767358,1.2445066911218956,0.5241848060536499,3.986180608917954,864.8888888888889,0.3513103318250377,0.13802083333333331
12,156,0,33.122883333,35.629498333,23/06/2025,7,0.7563334383435006,0.014550910217681299,0.700257408381698,1.2738258125596384,0.5287454066078879,4.4903416701725325,864.3333333333334,0.2828844115608821,0.1189236111111111
12,157,1,33.122671667,35.62948,23/06/2025,7,0.7711890885900102,0.010496636326360024,0.7085078255983019,1.322163053103365,0.5486755503457974,3.513203901482165,871.2222222222222,0.4772535771065183,0.1657986111111111
12,158,0,33.122476667,35.62947,23/06/2025,7,0.7619832070568794,0.010412857509561356,0.7039311428412915,1.2872612780918113,0.5435999169153172,5.0901998765158565,871.7777777777778,0.10051811620140172,0.10416666666666669
12,159,0,33.122266667,35.629441667,23/06/2025,7,0.7238051470914549,0.020849701536791075,0.6741413142985488,1.217314500224866,0.5087269065047892,5.292481250360577,859.0,0.09583403128923318,0.10416666666666669
12,160,0,33.122053333,35.629406667,23/06/2025,7,0.7756573892381952,0.0074272368778837364,0.7071259194181848,1.3593120673476955,0.5531336152963419,4.4903416701725325,884.6666666666666,0.35541590232766707,0.1189236111111111
12,161,0,33.121828333,35.629396667,23/06/2025,7,0.7726684463331076,0.007213324135943856,0.7091884920219463,1.32753929020227,0.547729851303196,5.048533209849189,885.6666666666666,0.21045437405731524,0.1076388888888889
12,162,0,33.121643333,35.629361667,23/06/2025,7,0.7541825026613801,0.00810876840181409,0.6948110737769115,1.2854051570974487,0.5247406850684578,4.4193721485946105,901.3333333333334,0.30821078431372545,0.12847222222222224
12,163,1,33.121435,35.629331667,23/06/2025,7,0.7587190607144998,0.010251203519064325,0.6935916049413304,1.3200518727963102,0.5286818722778683,4.4193721485946105,916.5555555555555,0.3038573641514818,0.12847222222222224
12,164,1,33.121225,35.629323333,23/06/2025,7,0.7578465954486528,0.013129486927966269,0.6941482218059647,1.3120872862971598,0.523680039407744,4.1639320459104425,914.0,0.2565346403848932,0.13802083333333331
12,165,0,33.12101,35.629296667,23/06/2025,7,0.7635483583542233,0.008386645989996609,0.7000257307375433,1.3167796988888396,0.5401655376597009,3.5968226336265317,890.3333333333334,0.39093137254901955,0.17708333333333334
12,166,0,33.12082,35.629283333,23/06/2025,7,0.7535570778930554,0.013359808617682205,0.6941053600461218,1.2865657942500899,0.5342743354286728,5.0485332098491895,895.2222222222222,0.20822199461905347,0.1076388888888889
12,167,0,33.120633333,35.62924,23/06/2025,7,0.6289506946596091,0.031822919621507836,0.6211198780878711,1.029298085312983,0.46689138694834625,5.292481250360577,945.0,0.11861496610249003,0.10416666666666669
12,168,0,33.120745,35.628881667,23/06/2025,7,0.68713331666409,0.019428845307053546,0.6668301981225699,1.0802141268247154,0.5071427328972277,4.163932045910443,860.7777777777778,0.2737707390648567,0.13802083333333334
12,169,0,33.120918333,35.628896667,23/06/2025,7,0.7426577611125276,0.0031307152534563384,0.68866847665768,1.2487666322584963,0.5289737229348881,3.1403360647604432,880.0,0.5041666666666667,0.2013888888888889
12,170,0,33.121138333,35.628925,23/06/2025,7,0.7445434135099055,0.005088842166079408,0.6933862948279877,1.2368419576908916,0.533866716803831,4.159037234815499,867.8888888888889,0.35139894419306184,0.15104166666666666
12,171,0,33.12136,35.62895,23/06/2025,7,0.7383987366101251,0.004920067291641578,0.6791462780132033,1.2700351225934952,0.5130044110740674,4.4193721485946105,887.2222222222222,0.328393665158371,0.12847222222222224
12,172,0,33.121566667,35.628965,23/06/2025,7,0.7494529191783453,0.0031605113941905816,0.6965392867280001,1.2492138770386427,0.5312050646633346,2.9029781410077256,871.5555555555555,0.6041666666666667,0.21875000000000003
12,173,0,33.121733333,35.628995,23/06/2025,7,0.7447338712362251,0.005366388297068833,0.6908707751479396,1.249617953944419,0.5203769767537488,4.222925074784799,869.4444444444445,0.3681201846643023,0.1362847222222222
12,174,0,33.121926667,35.629025,23/06/2025,7,0.751529281712261,0.010332049236218919,0.6937238593001985,1.2768214876729909,0.532818643467234,4.345380086421832,875.3333333333334,0.24422312584077288,0.11805555555555555
12,175,0,33.122145,35.629051667,23/06/2025,7,0.749983838145728,0.006978346632713472,0.6978997748356209,1.246014282690165,0.5250035289250765,4.677694271103768,861.3333333333334,0.31391402714932126,0.1267361111111111
12,176,0,33.122323333,35.629071667,23/06/2025,7,0.693836938865365,0.01478096126752693,0.6615929938906546,1.1264371550534609,0.49246851810726966,5.292481250360577,836.4444444444445,0.11474206106559047,0.10416666666666669
12,177,0,33.122548333,35.629096667,23/06/2025,7,0.7392802318805145,0.0057178357004285165,0.6797786869812656,1.2718747448277392,0.5163819468393037,4.389460876028361,891.3333333333334,0.27855392156862746,0.12847222222222224
12,178,0,33.122751667,35.629116667,23/06/2025,7,0.740244525892149,0.004702458926764855,0.6880820737074775,1.2382388334933196,0.5194009179439656,3.216539522983615,873.0,0.5854166666666667,0.1831597222222222
12,179,0,33.122961667,35.629135,23/06/2025,7,0.7332761403421693,0.003118130666191632,0.6862311010498893,1.2091740795606247,0.5126129650999517,3.707271951357444,869.7777777777778,0.4743495475113122,0.14756944444444445
12,180,0,33.123146667,35.629158333,23/06/2025,7,0.7305176428641479,0.006337512325570123,0.6746847004393938,1.2480040217691706,0.5040347491699403,4.519641085934338,893.7777777777778,0.37279411764705883,0.12673611111111113
12,181,0,33.12335,35.62919,23/06/2025,7,0.7323217577718341,0.005755961741103529,0.6796994933796819,1.234436881066551,0.5051984781829663,4.396473620206548,883.1111111111111,0.38603883861236804,0.1371527777777778
12,182,0,33.123555,35.629203333,23/06/2025,7,0.7147300485285827,0.003906320092595105,0.6667005794241789,1.20235074422782,0.47898431414158554,3.4412186704022933,903.0,0.4036764705882353,0.14756944444444445
12,183,1,33.123768333,35.629231667,23/06/2025,7,0.6935156989765736,0.007789832896468703,0.6511707179935244,1.168022746115801,0.4670292785081678,4.142617721195771,921.8888888888889,0.41478129713423834,0.13368055555555555
12,184,0,33.123971667,35.629255,23/06/2025,7,0.6628509770911211,0.01000403251987988,0.6305137234056338,1.1180274663058403,0.45477984188505194,5.063314583693912,891.0,0.18606890261302025,0.11197916666666669
12,185,0,33.124065,35.629268333,23/06/2025,7,0.6128481201365924,0.01681937850839483,0.6211209534891906,0.9745660091382928,0.4640185970533392,4.109898128338916,765.7777777777778,0.322896182984029,0.12847222222222224
12,186,0,33.124065,35.629268333,23/06/2025,7,0.6128481201365924,0.01681937850839483,0.6211209534891906,0.9745660091382928,0.4640185970533392,4.109898128338916,765.7777777777778,0.322896182984029,0.12847222222222224
12,187,0,33.12406,35.628896667,23/06/2025,7,0.5679389415094869,0.03125739479207291,0.585351813700691,0.9520274001593205,0.42095579693590796,5.0901998765158565,749.7777777777778,0.06845219353680934,0.10416666666666669
12,188,1,33.123853333,35.628881667,23/06/2025,7,0.6487966611007938,0.010277399767225626,0.6270839883634448,1.0769224676863105,0.42706880973258976,3.8922269629944757,949.4444444444445,0.4979166666666667,0.14583333333333331
12,189,1,33.123678333,35.628858333,23/06/2025,7,0.676240816699171,0.008729162177467059,0.6423660181663763,1.1278422846078688,0.4552486250998856,3.466946814830571,936.4444444444445,0.5370098039215686,0.18229166666666669
12,190,0,33.12344,35.628828333,23/06/2025,7,0.7110732167049236,0.008312145574014999,0.6641765769547581,1.1953493964561022,0.4870830564147105,4.120521880078509,913.0,0.45036764705882354,0.12239583333333334
12,191,0,33.123243333,35.628805,23/06/2025,7,0.718822641366632,0.00210722321035348,0.6735112693364632,1.1926795015553928,0.49687807768964937,3.686919609405449,896.3333333333334,0.5458333333333334,0.1328125
12,192,0,33.123063333,35.628776667,23/06/2025,7,0.7251000376805067,0.0024609870182461927,0.6801536898580328,1.1948815048082548,0.5046312548313012,4.124964900994671,887.2222222222222,0.38700980392156864,0.13368055555555555
12,193,0,33.122846667,35.62875,23/06/2025,7,0.7337606635512861,0.004541877496592205,0.6812368712254254,1.234984207623245,0.5087584563675813,3.573194012124527,890.7777777777778,0.5249999999999999,0.1519097222222222
12,194,0,33.122633333,35.62873,23/06/2025,7,0.722634227996316,0.006290125641243038,0.6805495043185914,1.1806793614142659,0.5061314279194555,5.048533209849189,875.2222222222222,0.19692684766214177,0.10763888888888891
12,195,0,33.122368333,35.62869,23/06/2025,7,0.6805689083146247,0.01588071954395157,0.6566483423930278,1.091431895552682,0.48643509742729,4.840199876515856,858.3333333333334,0.14126977090212384,0.11458333333333334
12,196,0,33.12218,35.62867,23/06/2025,7,0.7250566442530534,0.011976679704059369,0.676767839658426,1.210667215006668,0.5102435940119558,4.8045851693378,876.2222222222222,0.21693296237413884,0.11111111111111113
12,197,0,33.121998333,35.628651667,23/06/2025,7,0.735761865368159,0.007640600404485004,0.6853926675729514,1.2271784884625079,0.5202595356081148,1.9354322346176822,878.7777777777778,0.75,0.4131944444444445
12,198,0,33.12176,35.628611667,23/06/2025,7,0.7284336868386357,0.0040292730804846934,0.6822817612530458,1.2023821532846692,0.5147187545042032,3.921526378756282,886.3333333333334,0.46249999999999997,0.14496527777777776
12,199,0,33.121566667,35.628611667,23/06/2025,7,0.728881107987264,0.00577492696755185,0.6812005086721167,1.2093737423651112,0.5172132176866429,3.7262143864567436,889.8888888888889,0.504788838612368,0.15885416666666666
12,200,0,33.121375,35.628576667,23/06/2025,7,0.7325610414205586,0.004718350895915941,0.6770105662172504,1.2478811398292693,0.5090734242803232,4.560637128826409,892.1111111111111,0.27957202111613877,0.11458333333333334
12,201,0,33.121175,35.628551667,23/06/2025,7,0.7263314255932678,0.005564848474059574,0.6795635994091846,1.2034681280132644,0.5177047850394599,3.9670907747498876,878.1111111111111,0.34522058823529406,0.1388888888888889
12,202,0,33.12097,35.628531667,23/06/2025,7,0.7400447211963154,0.008279732114318206,0.6904255424740052,1.227193744080151,0.5272240916957701,3.6294524202426595,885.6666666666666,0.47291666666666665,0.1909722222222222
12,203,0,33.120773333,35.6285,23/06/2025,7,0.67421787719613,0.02336732694025836,0.6528267819087222,1.0810385422654036,0.500371522744519,4.186772210336683,881.2222222222222,0.19325723125243302,0.12586805555555555
12,204,0,33.120738333,35.628503333,23/06/2025,7,0.6364182368191083,0.03834787092441507,0.6291022329369644,1.0294100684201997,0.47943809276720945,4.840199876515856,886.1111111111111,0.12527701632279198,0.11458333333333334
12,205,0,33.120793333,35.628145,23/06/2025,7,0.5234204481494709,0.041720067947726036,0.5575158374777422,0.9099259057918191,0.40090740967211674,4.663320189106002,660.5555555555555,0.12389230302997169,0.125
12,206,0,33.120991667,35.62817,23/06/2025,7,0.5707323339231941,0.04262544884203613,0.593085218882962,0.9373146750902293,0.42198454079162,4.663320189106001,639.7777777777778,0.1518963614865475,0.125
12,207,0,33.12121,35.628198333,23/06/2025,7,0.5491826841112639,0.07088939886471203,0.5698324056962856,0.9513679578304619,0.4012540721818293,4.804585169337799,971.2222222222222,0.14333121528351006,0.11111111111111112
12,208,0,33.12141,35.628218333,23/06/2025,7,0.5646872928875983,0.0602835407684366,0.5857758696923776,0.9463004746223006,0.4061787043272629,4.596251836004467,952.5555555555555,0.13874986405801853,0.11805555555555555
12,209,0,33.121623333,35.62824,23/06/2025,7,0.5171020745456131,0.06995272024652681,0.5551191728066216,0.9058696517801358,0.38069263755727634,4.663320189106001,977.2222222222222,0.14488152255919837,0.125
12,210,0,33.121816667,35.62826,23/06/2025,7,0.5456682887428692,0.05851950757853482,0.5782551184423139,0.9129117129030347,0.40479280871316836,4.846251836004468,956.8888888888889,0.10550286357883824,0.1076388888888889
12,211,0,33.122011667,35.628278333,23/06/2025,7,0.5259876403535203,0.06237557466734654,0.5597205512275713,0.9148576184997006,0.38317682117100726,4.596251836004467,982.5555555555555,0.16552380444115825,0.11805555555555555
12,212,0,33.122216667,35.628316667,23/06/2025,7,0.5536178773096835,0.05959491719592155,0.5818211214892341,0.9273325558539312,0.41529597262975787,4.596251836004466,956.7777777777778,0.15151722905026033,0.11805555555555557
12,213,0,33.122491667,35.6284,23/06/2025,7,0.6056031389042629,0.03785966417492224,0.6141173323309216,0.9770752132876334,0.4385642905071826,4.5443721485946105,932.0,0.2103009984349076,0.12673611111111113
12,214,0,33.122631667,35.628375,23/06/2025,7,0.5421901089026923,0.05168281852976075,0.5713208256579957,0.9240373696591827,0.401762499135639,3.9549868557726664,976.7777777777778,0.18389119889119893,0.15277777777777782
12,215,0,33.122865,35.6284,23/06/2025,7,0.5682182401087217,0.0593812678185657,0.5994362393362126,0.9143899912045855,0.4224753546909612,5.0485332098491895,928.8888888888889,0.14268307775662192,0.1076388888888889
12,216,0,33.123048333,35.628416667,23/06/2025,7,0.5505112139232508,0.05778023074835674,0.5759877410255475,0.9339088745274123,0.3945531258993019,4.8045851693378,954.5555555555555,0.13304708851586872,0.11111111111111112
12,217,0,33.123256667,35.628438333,23/06/2025,7,0.5761532162789168,0.04944493274016078,0.5874682687505056,0.9728787491797503,0.4078368465731683,5.292481250360577,958.6666666666666,0.12120480371144464,0.10416666666666669
12,218,1,33.123466667,35.628466667,23/06/2025,7,0.5148662780160872,0.05395388171623892,0.5466002288871429,0.9184631730168893,0.36758992281031005,3.9091591278514213,981.1111111111111,0.1629392181944181,0.1388888888888889
12,219,2,33.123663333,35.62849,23/06/2025,7,0.50510739769043,0.05674588892028613,0.5349457999154646,0.9268466886171451,0.3504426457285605,4.159037234815499,1005.1111111111111,0.1699792694942699,0.15104166666666666
12,220,0,33.123866667,35.628518333,23/06/2025,7,0.48314257787255954,0.03973899403378949,0.5163994881914663,0.9169647491784032,0.3368005299156453,5.292481250360577,1032.4444444444443,0.11285302270596388,0.10416666666666669
12,221,0,33.124073333,35.628548333,23/06/2025,7,0.3706823833528883,0.041472702698046184,0.45143602408573164,0.8238690847246488,0.28750032726027985,4.434153522439333,691.3333333333334,0.23084208549994553,0.1328125
13,2,0,33.12394143,35.63256134,29/06/2025,1,0.566605696394728,0.031875655863546834,0.601063861155572,0.9023830395098905,0.4485933200445593,4.663320189106002,508.1111111111111,0.10264523040374104,0.125
13,3,0,33.12373095,35.632552255,29/06/2025,1,0.5665866072228412,0.024699060008957302,0.5877951811678053,0.9397448924438258,0.3621070358954079,5.048533209849189,833.7777777777778,0.14415486098981023,0.1076388888888889
13,4,1,33.12352722,35.6325246,29/06/2025,1,0.5508576072254492,0.028613857730924962,0.5874791676127913,0.8997934739175268,0.3670095357347676,4.959147917027245,808.8888888888889,0.134683105592182,0.11111111111111112
13,5,0,33.123319267,35.63250203,29/06/2025,1,0.5831276820739428,0.04176045636258417,0.60055669505253,0.9535335362898051,0.3819687847284387,4.596251836004467,822.3333333333334,0.1474649656352171,0.11805555555555557
13,6,0,33.123100337,35.632472735,29/06/2025,1,0.6212626204141712,0.052451375119722095,0.6229667306207639,1.0069176126858428,0.4195970335303694,5.0485332098491895,829.1111111111111,0.12828940446152964,0.1076388888888889
13,7,0,33.122890518,35.632451943,29/06/2025,1,0.5998940723275729,0.04295080888171066,0.6134300512305123,0.9621564805627669,0.4192676780607161,4.596251836004467,820.5555555555555,0.1298290419292561,0.11805555555555555
13,8,0,33.12267752,35.632427623,29/06/2025,1,0.6249132596663838,0.04898284953056558,0.6341571643823047,0.9804508784869116,0.4358778036768591,4.5443721485946105,816.7777777777778,0.13027984305181486,0.1267361111111111
13,9,0,33.122469337,35.632401753,29/06/2025,1,0.5817311684346409,0.04716217191049471,0.6130372101535315,0.913047806930273,0.4119861008125135,4.603846168850304,820.7777777777778,0.12974997898031443,0.11458333333333334
13,10,0,33.12225662,35.632386898,29/06/2025,1,0.6074830479098269,0.06095463960774579,0.6264203719902866,0.9552440193243298,0.4516510873083909,5.292481250360577,817.2222222222222,0.08894298814250504,0.10416666666666669
13,11,0,33.122047905,35.63236496,29/06/2025,1,0.5784607655577342,0.04462664876107927,0.6090526258458813,0.9153485311100512,0.42545521066348274,4.346251836004465,823.6666666666666,0.1585864751863003,0.12847222222222224
13,12,0,33.121840683,35.63233741,29/06/2025,1,0.6093654384775506,0.060215921078844194,0.6271575642240376,0.955414742875369,0.44357503789391284,5.292481250360577,815.0,0.13025711732106166,0.10416666666666669
13,13,0,33.121621448,35.632316883,29/06/2025,1,0.5890492385257885,0.04755933847496759,0.617726417752587,0.9171178284341023,0.4376113140595511,4.840199876515855,807.2222222222222,0.10693178740340244,0.11458333333333334
13,14,0,33.121407742,35.632276483,29/06/2025,1,0.6030903651088128,0.05139690791174772,0.6330225856554492,0.9130920738332323,0.4447525954061891,5.048533209849189,829.5555555555555,0.09180734349210952,0.1076388888888889
13,15,0,33.121188762,35.632252318,29/06/2025,1,0.6076882470978509,0.055882431106541564,0.6348997027595715,0.9215145972859458,0.4574172328977579,4.804585169337799,845.5555555555555,0.1324831409438514,0.11111111111111113
13,16,0,33.120976523,35.632233422,29/06/2025,1,0.5712369941024511,0.05539365331008718,0.598935019439335,0.9248023807090147,0.4104212325908472,4.840199876515856,862.3333333333334,0.13921959923375582,0.11458333333333334
13,17,0,33.120759383,35.632200658,29/06/2025,1,0.605014372076838,0.05151608355789948,0.6324740852975598,0.9230385247155213,0.45758752202209035,5.0485332098491895,846.8888888888889,0.09371969401179299,0.1076388888888889
13,18,0,33.120553338,35.632176323,29/06/2025,1,0.5875426239639805,0.03302690359838198,0.6062482961363664,0.9468221365225092,0.4332989787389742,5.048533209849189,841.3333333333334,0.14460452960947975,0.10763888888888891
13,19,0,33.120424495,35.631815497,29/06/2025,1,0.6471681516063694,0.016621347100309828,0.6325264793112083,1.0526697033899641,0.45264800755030327,3.3558785059760536,610.0,0.281162025346708,0.18489583333333334
13,20,0,33.12063312,35.63184115,29/06/2025,1,0.7664314670501821,0.0054588038444272485,0.7165577711508945,1.249030257896836,0.5488105841671624,4.854981250360577,862.3333333333334,0.26510180995475113,0.12760416666666669
13,21,0,33.120844758,35.631866457,29/06/2025,1,0.7779566831467423,0.010809652347040333,0.728426131692723,1.2591343084386304,0.5547139716071559,4.846251836004468,838.0,0.21967561452855572,0.1076388888888889
13,22,0,33.12105556,35.631890545,29/06/2025,1,0.7710031185114676,0.006138007811415297,0.7290395990896796,1.2122463035277873,0.5431811557975244,4.450418502671133,832.5555555555555,0.2725773001508296,0.11892361111111112
13,23,0,33.121266037,35.63191517,29/06/2025,1,0.7729179551689893,0.006726309238474641,0.7281915006070265,1.2289843409353294,0.5465246611166749,4.477974419267672,832.1111111111111,0.20068663120133706,0.11458333333333333
13,24,0,33.121463333,35.63195,29/06/2025,1,0.7767245158711094,0.008035046606881247,0.7274045230753585,1.257387744768251,0.5486258953778598,4.345380086421832,840.2222222222222,0.3611519607843137,0.11805555555555555
13,25,0,33.121671667,35.631956667,29/06/2025,1,0.778141889613778,0.004613642193643122,0.7310258669074964,1.2454877160970872,0.5524878719087619,4.4170739585136225,830.0,0.3931617647058824,0.14149305555555555
13,26,0,33.121893333,35.631988333,29/06/2025,1,0.7759422275729093,0.00929518036993846,0.7285302491402316,1.2465251696786892,0.5526757518503194,3.9121885467451754,845.0,0.5083333333333333,0.1293402777777778
13,27,0,33.122096667,35.632008333,29/06/2025,1,0.7585458652095647,0.00666099252469717,0.7196809913893426,1.1874369757944963,0.5474204218426579,5.084147917027244,858.3333333333334,0.22608587093881216,0.11111111111111113
13,28,0,33.122298333,35.63204,29/06/2025,1,0.7606306766684431,0.006979580968521127,0.7120439177695643,1.2376752659788253,0.528362358884316,4.846251836004468,868.5555555555555,0.1742486547633606,0.1076388888888889
13,29,0,33.122501667,35.632048333,29/06/2025,1,0.7550529634290233,0.005294763512522621,0.7174281193171583,1.1795708756415304,0.5313379580267978,4.343511255071194,866.6666666666666,0.36409313725490194,0.1371527777777778
13,30,0,33.122681667,35.632066667,29/06/2025,1,0.7546856827039478,0.004614005952865229,0.7129764837922933,1.1985962782174668,0.5234098324644203,4.637918502671134,859.8888888888889,0.26675150829562594,0.13020833333333334
13,31,0,33.122905,35.632093333,29/06/2025,1,0.7537665466647366,0.00349578502896009,0.709010943582252,1.2129741822527491,0.5205629073451734,4.187791358988082,882.3333333333334,0.4278186274509803,0.12239583333333334
13,32,0,33.123113333,35.632125,29/06/2025,1,0.7443952560303364,0.00519838112676471,0.6966319371535187,1.2209153526547938,0.5014684958426829,2.4338936296611426,895.5555555555555,0.6708333333333334,0.26736111111111116
13,33,0,33.123311667,35.632153333,29/06/2025,1,0.7167255104838397,0.006906803471322227,0.6820898792127863,1.1460479322544306,0.48130710045735114,3.637918502671133,934.0,0.46458333333333335,0.1423611111111111
13,34,1,33.123515,35.632185,29/06/2025,1,0.6806039090655139,0.009886891332169192,0.6574399880151877,1.088078627686838,0.43795338152041163,4.265072732832804,957.7777777777778,0.2543758407728996,0.13802083333333334
13,35,1,33.123715,35.632198333,29/06/2025,1,0.6476970014016552,0.013742987237455049,0.6385119769191347,1.0329547098239749,0.4096623962237749,4.271647917027245,946.7777777777778,0.361421568627451,0.14149305555555555
13,36,0,33.123926667,35.632235,29/06/2025,1,0.6208674318954231,0.011460749987139415,0.6432028692047429,0.9291606849437503,0.4655895253862914,4.461038815261277,770.1111111111111,0.16062470979974564,0.125
13,37,0,33.123941667,35.632231667,29/06/2025,1,0.6208674318954231,0.011460749987139415,0.6432028692047429,0.9291606849437503,0.4655895253862914,4.461038815261277,770.1111111111111,0.16062470979974564,0.125
13,38,0,33.123938333,35.631851667,29/06/2025,1,0.6090884317555417,0.018937603568927475,0.6379337895326563,0.9118051988481649,0.4758979583861558,4.361440501696144,812.1111111111111,0.18883769267556932,0.12152777777777779
13,39,0,33.123708333,35.631828333,29/06/2025,1,0.6920147183972083,0.01052803991623091,0.6615443923446738,1.1194810874550574,0.44784548024823867,4.433746230592377,965.0,0.3361297949533244,0.13020833333333334
13,40,2,33.123495,35.631791667,29/06/2025,1,0.7245993652118664,0.01363448235601523,0.6880873386659676,1.157852138133182,0.47914362078504014,4.353846168850305,946.3333333333334,0.2237156010165336,0.125
13,41,0,33.123288333,35.631761667,29/06/2025,1,0.7564762451226869,0.0049302185585936645,0.7034003212546712,1.256168752071051,0.5106788764128566,3.6650891943041093,926.2222222222222,0.49166666666666675,0.16493055555555558
13,42,0,33.123103333,35.631753333,29/06/2025,1,0.755784295711487,0.006840034822972248,0.7077023344670204,1.2313736329531453,0.5164036876582225,3.397797931101749,898.5555555555555,0.5770833333333334,0.1701388888888889
13,43,0,33.122895,35.631733333,29/06/2025,1,0.775748637963986,0.0034255574299598404,0.717548095802757,1.3024678660432345,0.5393059719961857,3.771388024249054,891.0,0.44571078431372546,0.14756944444444445
13,44,0,33.122693333,35.631701667,29/06/2025,1,0.7750387033791122,0.00544390603426144,0.7243391484759828,1.2617102245229086,0.535477420345457,4.359898128338916,857.2222222222222,0.2727564102564103,0.11805555555555557
13,45,0,33.122473333,35.63168,29/06/2025,1,0.7624635109072453,0.011800652782079944,0.717007008532356,1.2254121403142555,0.5271156906905099,4.3865657617071605,879.0,0.4047322775263952,0.13020833333333334
13,46,0,33.122265,35.63166,29/06/2025,1,0.7634437580236023,0.011947916876905527,0.7137464947140653,1.2462380299176692,0.5326300087706971,5.0901998765158565,858.6666666666666,0.16150055032407976,0.10416666666666669
13,47,0,33.122058333,35.631625,29/06/2025,1,0.7818303538198192,0.00713066905504831,0.7361112949840203,1.2425418391129834,0.5643412818531393,3.066618827930087,836.6666666666666,0.5625,0.1953125
13,48,0,33.121858333,35.631596667,29/06/2025,1,0.7875025543129982,0.00307137240754621,0.735717393717375,1.2809010153108655,0.5554616061183607,3.5744764927035653,825.4444444444445,0.31727941176470587,0.21006944444444442
13,49,0,33.12163,35.631571667,29/06/2025,1,0.7869743407081162,0.004602353587668013,0.7327478276457564,1.2937430297498045,0.5496784603722452,4.159037234815498,847.3333333333334,0.3405354449472096,0.15104166666666666
13,50,0,33.121425,35.631556667,29/06/2025,1,0.7818988134309856,0.006834385696238389,0.7336035320902803,1.256356550555675,0.5603192168050072,3.2342897106839215,840.1111111111111,0.5874999999999999,0.1814236111111111
13,51,0,33.12121,35.631541667,29/06/2025,1,0.7856951570364081,0.00783150114974126,0.7373121238895783,1.2618134059226518,0.5628039681833417,4.034159127851423,835.7777777777778,0.32554522848640494,0.14583333333333334
13,52,0,33.121005,35.631506667,29/06/2025,1,0.7820035528011791,0.004187731335359383,0.7267081110624064,1.293958324451311,0.5451732407048006,3.600560296327809,862.0,0.51875,0.17187500000000003
13,53,0,33.120813333,35.631475,29/06/2025,1,0.7725405848536779,0.003752352178569032,0.7209954596710194,1.2636403481837735,0.5424735023191767,3.95559871257711,871.4444444444445,0.5062499999999999,0.1293402777777778
13,54,0,33.120596667,35.631453333,29/06/2025,1,0.7503778196235614,0.0108502590463704,0.6997801454648447,1.239934813800481,0.5130024891763844,3.3505602963278096,895.6666666666666,0.5149810443928091,0.18229166666666666
13,55,0,33.12044,35.63143,29/06/2025,1,0.6499024398577686,0.011467110423525474,0.6407957368187867,1.0331819560880746,0.46852384416269505,3.9090372348154983,638.7777777777778,0.22334337300740592,0.16145833333333334
13,56,0,33.120466667,35.63116,29/06/2025,1,0.6388273056961401,0.014858216633895813,0.6365566320435759,1.0095257468051082,0.4713492342983463,5.048533209849189,962.5555555555555,0.12147113241144177,0.10763888888888891
13,57,0,33.120678333,35.63118,29/06/2025,1,0.7453425085970687,0.00987058335313875,0.7086937139718525,1.1694942007531293,0.5374641953414927,4.446520773344194,883.8888888888889,0.23544412818623722,0.1232638888888889
13,58,0,33.12088,35.631201667,29/06/2025,1,0.7597034155258018,0.0038430481936092484,0.715729346692934,1.2134928674425594,0.547239861659896,3.6920095861313817,862.6666666666666,0.5041666666666667,0.1623263888888889
13,59,0,33.121095,35.631228333,29/06/2025,1,0.7693109168914721,0.01228862964491075,0.7262936457391516,1.2187864009885692,0.5541399373046914,4.159037234815498,854.4444444444445,0.3227941176470588,0.15104166666666669
13,60,0,33.1213,35.63126,29/06/2025,1,0.7616620332962755,0.00853349197650783,0.7263311577390997,1.1726046564677985,0.5628253852571103,4.584686074297305,841.8888888888889,0.17518578533284412,0.1371527777777778
13,61,0,33.121505,35.631283333,29/06/2025,1,0.7528372143504888,0.008873990542732864,0.7127115860190208,1.190290111394121,0.5379800290709675,4.022667065678643,865.8888888888889,0.32679110105580694,0.1449652777777778
13,62,0,33.121713333,35.631296667,29/06/2025,1,0.7612087799739199,0.011757870430258896,0.7163974635414055,1.2209979188987117,0.5355748795626857,3.45842909975111,861.5555555555555,0.4208300211976683,0.1623263888888889
13,63,0,33.121926667,35.631331667,29/06/2025,1,0.7506340748590566,0.0097669161894274,0.7136268362492382,1.173872978782993,0.5321134053248199,3.886434896284056,875.0,0.3618872549019608,0.13975694444444445
13,64,0,33.12214,35.631348333,29/06/2025,1,0.7202847904256089,0.015452021600308377,0.6884622485605282,1.137419713834741,0.5140549177975505,4.163320189106001,911.3333333333334,0.14313328033916267,0.1284722222222222
13,65,1,33.122338333,35.631373333,29/06/2025,1,0.7350188364023827,0.007540205453605625,0.6985076661237125,1.1628686765079412,0.5181984511092118,3.6594479658119026,898.7777777777778,0.33479072398190046,0.1484375
13,66,0,33.122535,35.631401667,29/06/2025,1,0.739034569381681,0.009080384328443318,0.7084979531445716,1.1384377330093531,0.5162340325227507,3.7828800864218324,876.3333333333334,0.3221813725490196,0.12586805555555555
13,67,0,33.122753333,35.631431667,29/06/2025,1,0.7509522993725444,0.009414937636148774,0.7151796295005618,1.1691481256726506,0.5282098275281384,4.387918502671132,857.8888888888889,0.1944570135746606,0.125
13,68,0,33.122943333,35.631456667,29/06/2025,1,0.7463539064104029,0.013464702376462962,0.7060616267262518,1.1881630428375616,0.5236293210460834,4.596251836004467,877.4444444444445,0.23239808813338222,0.11805555555555555
13,69,0,33.12316,35.631473333,29/06/2025,1,0.7418573067034676,0.00645037363130669,0.7002637127067565,1.1902229019152846,0.507880721122533,4.8045851693378,887.6666666666666,0.2670625942684766,0.1111111111111111
13,70,1,33.12336,35.6315,29/06/2025,1,0.7215494669487188,0.010511030922574108,0.6883859590781053,1.141564683359999,0.5085517842982408,4.763589126445728,915.5555555555555,0.242191340311945,0.11458333333333334
13,71,2,33.12357,35.631521667,29/06/2025,1,0.6995816517555897,0.013227263414640639,0.6683075484154025,1.1256044152897902,0.46055183239684816,4.346251836004466,954.1111111111111,0.2122936146166356,0.1284722222222222
13,72,1,33.123766667,35.631543333,29/06/2025,1,0.6670911678735079,0.012299145031643898,0.6574291503301259,1.0357598727801485,0.44334753861897774,4.1412649802318,930.3333333333334,0.21826255856905247,0.13368055555555558
13,73,0,33.12396,35.63157,29/06/2025,1,0.5544367740993283,0.03526356687654432,0.5986487526362035,0.8769705656201555,0.42588864319129416,5.0485332098491895,852.6666666666666,0.13644943063898277,0.1076388888888889
13,74,0,33.12397,35.631101667,29/06/2025,1,0.5782161644484818,0.03326135205684649,0.6080458818505308,0.9146281325490029,0.43699787797546713,3.89882421407231,833.0,0.20781843300342448,0.15104166666666669
13,75,0,33.123761667,35.631083333,29/06/2025,1,0.7219908261653875,0.008763571363403663,0.6858160205521346,1.1550501885743725,0.4802746291773599,4.840199876515856,916.1111111111111,0.19188195548489667,0.11458333333333334
13,76,0,33.12354,35.631048333,29/06/2025,1,0.7427761416430937,0.009247061639978535,0.7038502568923961,1.1785092398366261,0.5120323071612479,4.4170739585136225,903.1111111111111,0.40019796380090494,0.14149305555555555
13,77,0,33.12332,35.631038333,29/06/2025,1,0.7626014006231852,0.012837356410162934,0.7112434029596396,1.2562839567132835,0.5223807715982155,4.818494793599889,900.2222222222222,0.3023952830713949,0.11197916666666669
13,78,0,33.123115,35.631001667,29/06/2025,1,0.749750849894137,0.004420178184211767,0.7136110699398426,1.1685919157179079,0.5234381145957412,3.9801121157836827,872.8888888888889,0.5187499999999999,0.2013888888888889
13,79,0,33.122913333,35.630978333,29/06/2025,1,0.7594803642633091,0.0037189333892892855,0.7118183848321983,1.2315696282680073,0.5227584824110415,4.30196648144045,886.8888888888889,0.2993872549019607,0.13368055555555555
13,80,0,33.122696667,35.630958333,29/06/2025,1,0.7628213933933247,0.0055060154393437285,0.7106753364664691,1.2575899122709844,0.5166161984129934,4.071447073809812,898.7777777777778,0.4541666666666667,0.12586805555555555
13,81,1,33.122505,35.630931667,29/06/2025,1,0.7578401174221236,0.008510572300991058,0.7094697980556696,1.2352578746901794,0.5216106026071496,3.899804762194655,907.0,0.4311274509803921,0.1328125
13,82,0,33.122313333,35.630918333,29/06/2025,1,0.7627381262652668,0.01013069005884261,0.7102353237180776,1.2600863659986503,0.5211410198383881,4.804585169337801,887.0,0.2355392156862745,0.11111111111111112
13,83,0,33.122081667,35.630858333,29/06/2025,1,0.7638984589477968,0.004236733959243237,0.7136945319510091,1.2482067015655594,0.535597875037543,4.204726962994477,883.2222222222222,0.3618230504259916,0.12586805555555555
13,84,1,33.121876667,35.63085,29/06/2025,1,0.7280488991381664,0.015132417901120156,0.6823683943352624,1.2012604197802306,0.48585918673126854,4.802694271103769,941.4444444444445,0.3664969834087481,0.1267361111111111
13,85,3,33.12168,35.630828333,29/06/2025,1,0.6967664568850053,0.0161222719301763,0.664301296299075,1.1307962539029484,0.4504923485167336,3.6005602963278096,978.1111111111111,0.4555392156862745,0.171875
13,86,2,33.121455,35.630788333,29/06/2025,1,0.6972585133908856,0.010774973114119003,0.6631825369593461,1.1361563910419858,0.45794949608908575,3.2986806089179534,978.1111111111111,0.4500471342383108,0.19097222222222224
13,87,3,33.121315,35.63078,29/06/2025,1,0.6693669577256094,0.008162386591081828,0.6483725201094834,1.0775695182566118,0.43120019799993414,3.216539522983615,983.1111111111111,0.3931372549019608,0.1831597222222222
13,88,3,33.12107,35.630768333,29/06/2025,1,0.6745863917411568,0.017336043260815722,0.660081276392885,1.0555886649623025,0.44957595810203066,4.294372148594611,963.6666666666666,0.25805786555786553,0.1371527777777778
13,89,2,33.120945,35.630735,29/06/2025,1,0.6744825241809367,0.01324125674055225,0.6471721801356775,1.102563686692873,0.42664512455972126,3.204726962994476,992.4444444444445,0.4340177224736048,0.20052083333333334
13,90,0,33.120746667,35.63069,29/06/2025,1,0.727069082774881,0.01474267041324757,0.6889252582855597,1.167203878785327,0.5032353247204034,4.823527604437101,939.3333333333334,0.21435878949496917,0.11892361111111113
13,91,0,33.120521667,35.630671667,29/06/2025,1,0.6376686363801283,0.025516906480708677,0.6342009639827761,1.0158686969126363,0.45380478191216433,4.043093107165022,947.7777777777778,0.39848227752639515,0.14149305555555558
13,92,0,33.120516667,35.630675,29/06/2025,1,0.6161353403899991,0.014505477350427674,0.6308948825658629,0.9545047316290491,0.4545711183808495,4.245374481009744,965.1111111111111,0.35977054543231013,0.14149305555555555
13,93,0,33.12057,35.630325,29/06/2025,1,0.6324763244332566,0.033818901378549614,0.6284333705755846,1.0193828276968817,0.45265728607281935,4.596251836004467,959.7777777777778,0.2671097285067873,0.11805555555555555
13,94,1,33.12077,35.630348333,29/06/2025,1,0.7467367697912385,0.004201547787763615,0.7039603231597119,1.1986397047735962,0.5198473469239187,3.2508400897267524,904.1111111111111,0.5541666666666667,0.1701388888888889
13,95,1,33.120993333,35.630381667,29/06/2025,1,0.7186179470294618,0.004581011042982292,0.6755309927342743,1.1829189878313524,0.47003906862011785,3.9445139422512874,966.2222222222222,0.4040441176470589,0.14149305555555558
13,96,0,33.121196667,35.630408333,29/06/2025,1,0.7153352989977576,0.009905324176360912,0.6675053569020151,1.2027393344716235,0.46260895212080044,4.8610332098491895,995.7777777777778,0.2446756145285557,0.11197916666666669
13,97,2,33.121416667,35.630418333,29/06/2025,1,0.7115050302763054,0.01379982811528428,0.6705001710286038,1.1718331403699231,0.4614781491443445,4.242370568148832,975.5555555555555,0.20653846153846153,0.1371527777777778
13,98,2,33.121633333,35.630451667,29/06/2025,1,0.7050495866213091,0.00898640744456067,0.665238563536202,1.1628137977811186,0.46211110041321873,3.425280148163905,1000.3333333333334,0.3742892156862745,0.16319444444444445
13,99,2,33.121831667,35.63048,29/06/2025,1,0.701493383646952,0.006451036643227379,0.6601293206431282,1.1673006883530546,0.45012922715827663,3.8864604023168976,995.2222222222222,0.4170343137254902,0.17274305555555558
13,100,1,33.12207,35.6305,29/06/2025,1,0.7313651747892328,0.007575070062190401,0.684745603585418,1.2064029482308838,0.4924280098846931,4.846251836004468,943.4444444444445,0.21767146671558435,0.1076388888888889
13,101,1,33.122296667,35.630585,29/06/2025,1,0.7511595707443495,0.013505624756926857,0.7103512180502518,1.194851494801558,0.5352538488418499,5.063314583693911,875.2222222222222,0.22424676869243038,0.11197916666666669
13,102,1,33.122506667,35.630565,29/06/2025,1,0.7616316362420729,0.011811529589086881,0.7086511760417046,1.2618722244580323,0.5282488084778179,4.663320189106001,932.1111111111111,0.2877417859035506,0.125
13,103,1,33.122725,35.63059,29/06/2025,1,0.7518413494279381,0.006417117755437149,0.707719687063666,1.208947472767128,0.518094010684803,4.086840304458978,934.0,0.4073623680241327,0.12586805555555555
13,104,0,33.122943333,35.630615,29/06/2025,1,0.7513053713946088,0.012592395642338803,0.7065774150948392,1.2119029362368818,0.5094594396618004,5.292481250360577,911.6666666666666,0.15240873792344384,0.10416666666666669
13,105,0,33.123168333,35.630635,29/06/2025,1,0.7462056140589071,0.016404697623196053,0.6944358886819086,1.243502298288788,0.5037180099990182,3.850560296327809,937.1111111111111,0.4309406974848151,0.16145833333333337
13,106,0,33.123375,35.630655,29/06/2025,1,0.730883246409532,0.012105835475322216,0.6899944136317174,1.1806259775298815,0.48963803192769045,4.596251836004467,942.7777777777778,0.22906862745098044,0.11805555555555555
13,107,1,33.12358,35.630683333,29/06/2025,1,0.6849327614618823,0.017443893784826383,0.6569611676106676,1.108493272039337,0.45056011517445754,4.663320189106001,989.3333333333334,0.15916590232766706,0.125
13,108,2,33.12379,35.630711667,29/06/2025,1,0.6954783928422256,0.01856724926286921,0.6654396577108111,1.1203061093418334,0.4507330243115575,4.863187440010861,967.2222222222222,0.2039911234764176,0.10416666666666669
13,109,0,33.12398,35.630726667,29/06/2025,1,0.5913657064604391,0.047387484958190965,0.6190886690905173,0.9212146774855066,0.4314602566881374,5.292481250360577,842.8888888888889,0.05948011476889205,0.10416666666666669
13,110,0,33.123981667,35.63073,29/06/2025,1,0.5602751411789371,0.025150086698912024,0.6012879930259101,0.8846266705152247,0.42722752627584226,5.0485332098491895,827.0,0.20181880024069618,0.1076388888888889
13,111,0,33.123981667,35.630383333,29/06/2025,1,0.5886826834639366,0.04146551502735067,0.6094361280943379,0.9423936623790168,0.3977938196442418,4.8045851693378,893.2222222222222,0.12636527623728702,0.11111111111111112
13,112,1,33.123775,35.630358333,29/06/2025,1,0.6838021647966451,0.005732949886380685,0.6576745004062725,1.0999662742915248,0.4379590108058152,2.360640850566464,981.0,0.6666666666666666,0.2690972222222222
13,113,1,33.123573333,35.630345,29/06/2025,1,0.6894340179403984,0.004365419133510842,0.6611500916655078,1.109738555502182,0.4439800737388756,5.0485332098491895,988.4444444444445,0.2539296706208471,0.1076388888888889
13,114,0,33.123361667,35.6303,29/06/2025,1,0.7148692841395525,0.011935899034457345,0.6827687396387052,1.1351295115184377,0.4786587997375972,4.677694271103769,958.1111111111111,0.33935510170804284,0.1267361111111111
13,115,0,33.123165,35.630278333,29/06/2025,1,0.7372661707073603,0.003326172760595879,0.6995436113853742,1.1690093629894578,0.5119279334832413,2.729182000302357,919.4444444444445,0.5790441176470589,0.2578125
13,116,0,33.123165,35.630278333,29/06/2025,1,0.7372661707073603,0.003326172760595879,0.6995436113853742,1.1690093629894578,0.5119279334832413,2.729182000302357,919.4444444444445,0.5790441176470589,0.2578125
13,117,0,33.122941667,35.630253333,29/06/2025,1,0.7591784131443009,0.00744006790677923,0.7054720802975855,1.2629451435998726,0.5254326798817432,4.346251836004466,904.5555555555555,0.4272812971342383,0.140625
13,118,0,33.122736667,35.630225,29/06/2025,1,0.7654063931025596,0.004199821161256544,0.7138160289650239,1.2569697031009313,0.5338520873353532,4.03806029632781,893.7777777777778,0.411104826546003,0.1293402777777778
13,119,1,33.122551667,35.630196667,29/06/2025,1,0.7579644402965227,0.012111311836408718,0.707989927002322,1.2433372910770535,0.5176225522687433,3.850560296327809,909.5555555555555,0.41800150829562593,0.16145833333333334
13,120,2,33.122345,35.63018,29/06/2025,1,0.7249667214542457,0.009902670085266943,0.678357072901878,1.2024853018467354,0.47981721127334737,4.8193665431825226,960.7777777777778,0.2222571912493003,0.1154513888888889
13,121,2,33.122125,35.630151667,29/06/2025,1,0.7266832974660227,0.012469066956890418,0.6843454206276697,1.1851064071313313,0.4989826254762247,4.532880086421833,954.7777777777778,0.28126237856331116,0.11892361111111112
13,122,2,33.121891667,35.630136667,29/06/2025,1,0.7197302908098683,0.007322811215596904,0.6746072178307599,1.1925791272787183,0.478593617321896,4.5144608760283615,984.6666666666666,0.26447021116138764,0.13368055555555555
13,123,2,33.121891667,35.630136667,29/06/2025,1,0.7197302908098683,0.007322811215596904,0.6746072178307599,1.1925791272787183,0.478593617321896,4.5144608760283615,984.6666666666666,0.26447021116138764,0.13368055555555555
13,124,3,33.12169,35.630106667,29/06/2025,1,0.6780448583829068,0.014109651647296703,0.6640254735421256,1.0532707258294325,0.44320768272017974,3.8620523585005873,936.2222222222222,0.29979872406342994,0.15711805555555555
13,125,2,33.121491667,35.630096667,29/06/2025,1,0.6916623980642086,0.008017610200193252,0.6613723608388935,1.1183158190314528,0.4443377694130375,4.261027604437101,987.5555555555555,0.34017819041312586,0.140625
13,126,1,33.121263333,35.630063333,29/06/2025,1,0.7127555570878185,0.018446665387295186,0.6818224626950152,1.129631510416222,0.4772154786621317,4.923533209849189,945.1111111111111,0.1860233417945039,0.1232638888888889
13,127,1,33.121073333,35.630033333,29/06/2025,1,0.7657224996105527,0.0073850759209887085,0.7116564686460543,1.2704679003312755,0.5284317455392622,3.0905219066490544,904.2222222222222,0.5937499999999999,0.2048611111111111
13,128,0,33.120841667,35.630011667,29/06/2025,1,0.7495640444512731,0.00593074512213441,0.6989038894121453,1.2384515381951664,0.517159534759757,4.359026378756282,924.6666666666666,0.2814573906485671,0.1076388888888889
13,129,0,33.120626667,35.629968333,29/06/2025,1,0.6785753150616134,0.02942118405254917,0.6584145515011532,1.0805336891424373,0.4752955688872899,4.66748125036058,932.0,0.14166824630059924,0.125
13,130,0,33.120568333,35.629966667,29/06/2025,1,0.622063354612608,0.01681833967143521,0.6325358555989982,0.96712962261328,0.47636447276849736,4.823527604437102,983.8888888888889,0.23575791508450888,0.11892361111111112
13,131,0,33.120631667,35.629596667,29/06/2025,1,0.6456618349741884,0.027815325038175992,0.6315099515888922,1.0545711097612755,0.46063869585145434,4.698527604437102,977.4444444444445,0.26153188573740943,0.11892361111111112
13,132,0,33.120846667,35.629625,29/06/2025,1,0.7483003813748765,0.004958101029786331,0.694621825904944,1.2523747228152136,0.5048653479956343,3.692009586131382,950.2222222222222,0.38688725490196074,0.1623263888888889
13,133,1,33.121073333,35.629663333,29/06/2025,1,0.7440743765946617,0.0033102305859022,0.6876778598080276,1.2613170387616242,0.4967517894499718,3.6443811931561476,965.1111111111111,0.3870098039215687,0.1189236111111111
13,134,1,33.121263333,35.629696667,29/06/2025,1,0.7473316377174212,0.0103072708048471,0.6921648553206299,1.2598254528559973,0.5066645592450956,3.1234576266427716,959.3333333333334,0.5885558069381598,0.2152777777777778
13,135,1,33.121465,35.629713333,29/06/2025,1,0.74443299778911,0.008457992101444201,0.69042871303853,1.2514204062999121,0.48791481606825116,3.4718226336265308,964.1111111111111,0.43161764705882355,0.19444444444444448
13,136,2,33.12168,35.629751667,29/06/2025,1,0.7423793064663865,0.004664132549316332,0.6893121201448086,1.244117177180466,0.48346996891630745,1.9933241319059891,968.1111111111111,0.7604166666666666,0.2873263888888889
13,137,1,33.121893333,35.629761667,29/06/2025,1,0.7437017395027392,0.005884998878762091,0.6926010743068239,1.2362808740974607,0.49841879744640216,3.764746274839393,953.0,0.40608031674208145,0.15885416666666666
13,138,1,33.122156667,35.629793333,29/06/2025,1,0.7564602320968626,0.007837349105716207,0.7005620282813392,1.2713365080538008,0.5169283579426143,3.4584290997511093,929.4444444444445,0.4708333333333333,0.1623263888888889
13,139,1,33.12238,35.629821667,29/06/2025,1,0.7486825531980273,0.004725215957732297,0.6978491063734396,1.2385204663095304,0.5128950395107821,3.7859060661661377,932.8888888888889,0.3375754147812971,0.1579861111111111
13,140,0,33.12257,35.629838333,29/06/2025,1,0.7620578074531722,0.006061685450686297,0.7110603558377944,1.2513867431202181,0.5229058597814626,2.5432405062337864,915.2222222222222,0.7062499999999999,0.22135416666666669
13,141,0,33.12278,35.629871667,29/06/2025,1,0.7638425942271002,0.009165345611214796,0.7119146783758191,1.2581288565513937,0.5281846148444662,3.857157547405643,914.1111111111111,0.3452205882352941,0.1701388888888889
13,142,1,33.122971667,35.62989,29/06/2025,1,0.7355480670864686,0.004551765049261227,0.6997245221281907,1.159572159913302,0.5061930791975513,3.1297949849424147,927.1111111111111,0.6041666666666666,0.18836805555555558
13,143,0,33.123196667,35.629915,29/06/2025,1,0.726176345279343,0.007318463422283335,0.6890797481118045,1.1609218921767266,0.4939285562042853,3.6936256590229934,953.8888888888889,0.48425894786188906,0.20486111111111113
13,144,1,33.123388333,35.629938333,29/06/2025,1,0.7040434997642243,0.0026521593858865023,0.6768923372704017,1.1094558985275473,0.47309331420853035,3.9002857535759934,956.1111111111111,0.3206842872284048,0.1293402777777778
13,145,0,33.123576667,35.629958333,29/06/2025,1,0.6786305467098384,0.0011564323704843268,0.6610138255255792,1.0660159125783049,0.4427810961106254,3.162505605412089,979.4444444444445,0.42647058823529416,0.21180555555555558
13,146,0,33.123581667,35.629956667,29/06/2025,1,0.6786305467098384,0.0011564323704843268,0.6610138255255792,1.0660159125783049,0.4427810961106254,3.162505605412089,979.4444444444445,0.42647058823529416,0.21180555555555558
13,147,2,33.123781667,35.629968333,29/06/2025,1,0.6509711701898847,0.00799206565668895,0.6421974198831091,1.0311797379274699,0.42208994608132083,4.474467448142028,986.3333333333334,0.35769663894663895,0.12239583333333334
13,148,0,33.123996667,35.630008333,29/06/2025,1,0.5807836917293155,0.028183106106303705,0.6106017219859491,0.9141450582824309,0.4265012989405208,4.596251836004467,884.2222222222222,0.1554787807676652,0.11805555555555555
13,149,0,33.124011667,35.630023333,29/06/2025,1,0.5807836917293155,0.028183106106303705,0.6106017219859491,0.9141450582824309,0.4265012989405208,4.596251836004467,884.2222222222222,0.1554787807676652,0.11805555555555555
13,150,0,33.124035,35.629631667,29/06/2025,1,0.5627466926381343,0.03281118883126081,0.6031063983715352,0.8877265002231504,0.42779785509623447,5.292481250360577,860.3333333333334,0.08289173864985594,0.10416666666666669
13,151,0,33.123895,35.629618333,29/06/2025,1,0.6618738532107875,0.011831445950220636,0.6503815363102137,1.0418735691824696,0.44350737323796247,4.577572732832804,934.5555555555555,0.18965676083323144,0.11111111111111113
13,152,0,33.123688333,35.629601667,29/06/2025,1,0.689432969502078,0.0156468155448519,0.6641312664725098,1.100153491688473,0.45964368985202203,4.317359712089617,951.7777777777778,0.2972662141779788,0.1267361111111111
13,153,0,33.1235,35.62959,29/06/2025,1,0.7147119107745593,0.007865223133439285,0.6829549983256133,1.1325195040565228,0.4889348253924791,4.67568744001086,910.1111111111111,0.24466618768089354,0.1154513888888889
13,154,0,33.123311667,35.629551667,29/06/2025,1,0.723831207812308,0.010923586214524118,0.6948442898224902,1.124287073451206,0.4943471775137471,4.603846168850305,887.8888888888889,0.17859162895927605,0.11458333333333334
13,155,0,33.123088333,35.629536667,29/06/2025,1,0.7385522448492172,0.008202797002802532,0.694986163179863,1.1973655584002487,0.4980797337498621,4.120374481009744,900.6666666666666,0.36941043985161637,0.12586805555555558
13,156,0,33.122883333,35.629498333,29/06/2025,1,0.7423531969554319,0.010336715141049857,0.6954624184020233,1.2159564688493145,0.5113267271443259,4.818494793599887,910.3333333333334,0.2937235029146794,0.11197916666666669
13,157,1,33.122671667,35.62948,29/06/2025,1,0.760905521297889,0.009981778166367953,0.7080426282781997,1.260248730903467,0.5220701194375574,4.3019664814404495,903.1111111111111,0.2287141779788839,0.13368055555555558
13,158,0,33.122476667,35.62947,29/06/2025,1,0.7412973785868684,0.011093275712091585,0.6915448226978282,1.228795989502836,0.5108341300375003,4.535906066166136,934.3333333333334,0.15347086339733398,0.11458333333333334
13,159,0,33.122266667,35.629441667,29/06/2025,1,0.7245178205058295,0.016522817468663287,0.686375749097027,1.1660059602091715,0.507932759484553,5.0485332098491895,883.3333333333334,0.12795393556489493,0.1076388888888889
13,160,0,33.122053333,35.629406667,29/06/2025,1,0.7663048219788131,0.009808199176627855,0.713444972931519,1.2654111385739109,0.5204931186704227,5.084147917027246,889.2222222222222,0.21321995265323815,0.11111111111111113
13,161,0,33.121828333,35.629396667,29/06/2025,1,0.7543361668104904,0.005244956810804529,0.6924852519643381,1.2977560123293228,0.49670242099464507,3.5630546909157212,950.1111111111111,0.5479166666666667,0.1857638888888889
13,162,0,33.121643333,35.629361667,29/06/2025,1,0.7391711644816853,0.012663065158695528,0.6931036291981553,1.2100902341804582,0.5017637829373229,3.5968226336265317,944.1111111111111,0.2928544494720965,0.17708333333333331
13,163,1,33.121435,35.629331667,29/06/2025,1,0.7419310027326791,0.013358038398576745,0.6879719513284335,1.2495609258569291,0.49579451146714515,4.854981250360578,968.2222222222222,0.1986385538882694,0.11892361111111113
13,164,1,33.121225,35.629323333,29/06/2025,1,0.7410585959906892,0.011733916611241766,0.6888054060157507,1.2396007418850143,0.48881014056126865,4.544372148594611,952.6666666666666,0.19139507154213034,0.12673611111111113
13,165,0,33.12101,35.629296667,29/06/2025,1,0.7481080669071498,0.00834802523549909,0.69738819817033,1.2377107025613627,0.5114586625500164,3.89882421407231,931.1111111111111,0.20909971057029883,0.15104166666666669
13,166,0,33.12082,35.629283333,29/06/2025,1,0.7377553089285909,0.017631136624828736,0.6926256304341977,1.2079156736379555,0.5012963246777965,4.881866543182522,919.8888888888889,0.14065814613321964,0.11111111111111113
13,167,0,33.120633333,35.62924,29/06/2025,1,0.6174518500215742,0.011733699480908227,0.6304910874417257,0.9586656359860753,0.4646908075424554,5.048533209849189,935.8888888888889,0.14480334026190564,0.1076388888888889
13,168,0,33.120745,35.628881667,29/06/2025,1,0.6630692484797343,0.024495743525166917,0.6526942456032657,1.0393059433996272,0.46170303696328596,4.353846168850305,872.8888888888889,0.18483807763426,0.125
13,169,0,33.120918333,35.628896667,29/06/2025,1,0.7403688508338426,0.0065395181237516,0.7047718032634038,1.161427750231693,0.5055456334854989,4.224774142702669,870.8888888888889,0.2743230504259916,0.13368055555555558
13,170,0,33.121138333,35.628925,29/06/2025,1,0.7313678055746998,0.006316153619736413,0.6952176830488455,1.1590663257336309,0.49611613734610926,4.2874484395233665,876.6666666666666,0.33337104072398194,0.1388888888888889
13,171,0,33.12136,35.62895,29/06/2025,1,0.7296927023278749,0.005902888691925756,0.6913881049378522,1.168228953271414,0.4964798608969041,3.978586276072115,895.7777777777778,0.4395833333333334,0.14149305555555555
13,172,0,33.121566667,35.628965,29/06/2025,1,0.7363404413695425,0.0016004687531996648,0.7020628178740783,1.1527799017738718,0.5114024369688028,3.813054690915721,892.4444444444445,0.4597799722799723,0.1753472222222222
13,173,0,33.121733333,35.628995,29/06/2025,1,0.7365904071256929,0.005111453327778797,0.694867989890862,1.1872335321376977,0.5059896425398612,4.222534316583505,900.0,0.2601708042884514,0.13802083333333334
13,174,0,33.121926667,35.629025,29/06/2025,1,0.7473020952978998,0.010849237980786628,0.7057019903806313,1.1951395209970592,0.5154156527211584,3.4152145264894815,883.7777777777778,0.5083333333333333,0.16319444444444442
13,175,0,33.122145,35.629051667,29/06/2025,1,0.7483689656198025,0.007285533710492606,0.7017794590261173,1.2177612588888875,0.5162352048247393,4.432874481009744,887.0,0.24434954751131222,0.12673611111111113
13,176,0,33.122323333,35.629071667,29/06/2025,1,0.685747091950454,0.0062926175257161775,0.6658796831703613,1.0762689344068674,0.4773239603636077,4.938314583693911,860.8888888888889,0.26424396681749623,0.12760416666666669
13,177,0,33.122548333,35.629096667,29/06/2025,1,0.7276932953138191,0.006046022110352995,0.6931947103427321,1.1496554172964606,0.49814812918727747,4.8045851693378,886.7777777777778,0.27299208144796383,0.11111111111111112
13,178,0,33.122751667,35.629116667,29/06/2025,1,0.7278668085030711,0.007230128388349826,0.6900138863891682,1.1649802851407545,0.4902262157478881,4.5745467530885,904.5555555555555,0.2866845994267085,0.1154513888888889
13,179,0,33.122961667,35.629135,29/06/2025,1,0.7308382568239125,0.005418673460261276,0.6881832723164856,1.188439355669226,0.5003305911196088,4.1902054819279435,911.4444444444445,0.4285539215686275,0.13628472222222224
13,180,0,33.123146667,35.629158333,29/06/2025,1,0.7221756413441864,0.005835864071136708,0.6859589903326079,1.155135377776848,0.48785176771677286,4.134020773344194,915.0,0.4115290346907994,0.17274305555555555
13,181,0,33.12335,35.62919,29/06/2025,1,0.7142128931445071,0.003916862878059475,0.6834437400540762,1.1280115492544114,0.47751176516785726,3.548680608917954,913.8888888888889,0.5227941176470589,0.18055555555555558
13,182,0,33.123555,35.629203333,29/06/2025,1,0.700953554488835,0.0038173995636371083,0.6721886906841676,1.115348933441611,0.4643446000853611,2.792774850425007,938.5555555555555,0.65625,0.20659722222222224
13,183,1,33.123768333,35.629231667,29/06/2025,1,0.6704780863967184,0.008171879149578362,0.655752022465937,1.0542283470733391,0.44862594601539335,3.466946814830571,954.0,0.42031664016958137,0.18229166666666669
13,184,0,33.123971667,35.629255,29/06/2025,1,0.6447448878013092,0.0036074475652906383,0.6382482508700608,1.02234032827137,0.43607988625244265,4.804585169337799,944.0,0.2931466817496229,0.11111111111111112
13,185,0,33.124065,35.629268333,29/06/2025,1,0.5732198266346439,0.021445689386968433,0.6084564231282834,0.8995113028526612,0.4264324209378468,4.603846168850306,867.6666666666666,0.16964911744323505,0.11458333333333334
13,186,0,33.124065,35.629268333,29/06/2025,1,0.5732198266346439,0.021445689386968433,0.6084564231282834,0.8995113028526612,0.4264324209378468,4.603846168850306,867.6666666666666,0.16964911744323505,0.11458333333333334
13,187,0,33.12406,35.628896667,29/06/2025,1,0.5350744250204406,0.028532429863633087,0.5824736288243657,0.8723363532096027,0.39432651600493734,4.846251836004467,810.7777777777778,0.08914149848145374,0.1076388888888889
13,188,1,33.123853333,35.628881667,29/06/2025,1,0.6199306410832687,0.007417493332596906,0.6280504796428655,0.9739696211822866,0.3939448387033291,2.604182000302357,981.6666666666666,0.6583333333333333,0.2751736111111111
13,189,1,33.123678333,35.628858333,29/06/2025,1,0.6604193458350779,0.010264059969104183,0.6449559535610709,1.055984086903635,0.4296972501845202,3.748400460754049,975.1111111111111,0.4036764705882353,0.1684027777777778
13,190,0,33.12344,35.628828333,29/06/2025,1,0.7015058594542769,0.004419293610882545,0.6729443398362569,1.1145971690847505,0.47263369160400615,3.976230920102404,938.1111111111111,0.4607371794871795,0.1423611111111111
13,191,0,33.123243333,35.628805,29/06/2025,1,0.7035691623757145,0.005923697675937208,0.676114362994428,1.1108077948883266,0.47538284289643545,2.9402089210773923,934.4444444444445,0.6104166666666666,0.21267361111111113
13,192,0,33.123063333,35.628776667,29/06/2025,1,0.714440891715879,0.004621904362421691,0.682158708666172,1.134401448826793,0.48402247756234906,4.41963548052225,923.4444444444445,0.29727941176470585,0.11892361111111113
13,193,0,33.122846667,35.62875,29/06/2025,1,0.7270176760681623,0.005957059293715036,0.6852249152384066,1.1822319307135727,0.4896695761649569,3.936919609405448,918.0,0.4870098039215687,0.12239583333333334
13,194,0,33.122633333,35.62873,29/06/2025,1,0.709798259713017,0.00955168374810845,0.6788149177277129,1.1282386381340743,0.47986521678559185,4.273131523414323,916.6666666666666,0.2406476474267005,0.11458333333333334
13,195,0,33.122368333,35.62869,29/06/2025,1,0.6714989427244933,0.008485114253990423,0.655715050156454,1.0583498220327778,0.46492484438765086,4.663320189106001,889.5555555555555,0.25528015572133217,0.125
13,196,0,33.12218,35.62867,29/06/2025,1,0.7269644791212254,0.007829484172421776,0.6882591514808549,1.1686378375715913,0.5004331056324606,4.776828126933223,897.0,0.3271347988259753,0.1154513888888889
13,197,0,33.121998333,35.628651667,29/06/2025,1,0.7335273631555261,0.009410638671311474,0.6905610741425271,1.1916289973275533,0.49585726022241705,4.8401998765158565,899.5555555555555,0.21887423056540703,0.11458333333333334
13,198,0,33.12176,35.628611667,29/06/2025,1,0.7199559042133907,0.004771463388339771,0.6876389750284425,1.1370407322638822,0.49627882586151983,3.481131264435082,907.7777777777778,0.5770833333333333,0.14756944444444445
13,199,0,33.121566667,35.628611667,29/06/2025,1,0.7226065252306516,0.006449082203428497,0.6860489970632657,1.1570631574920316,0.4879215419151953,3.0464294123285365,906.3333333333334,0.625,0.2578125
13,200,0,33.121375,35.628576667,29/06/2025,1,0.7141186234748201,0.005846674983642429,0.6840980970819265,1.1248381369506435,0.48272190908490537,4.602303795493077,907.8888888888889,0.2855869104398516,0.11111111111111112
13,201,0,33.121175,35.628551667,29/06/2025,1,0.7164583306798202,0.005722144430519245,0.6876710650511448,1.1209530621098376,0.49204719039796646,2.339986977229236,894.5555555555555,0.7062499999999999,0.3029513888888889
13,202,0,33.12097,35.628531667,29/06/2025,1,0.7380916872208475,0.004589809441975435,0.6986168097351362,1.1777363737308222,0.5121036521725938,4.4486750035058655,895.5555555555555,0.34848406098406104,0.12239583333333334
13,203,0,33.120773333,35.6285,29/06/2025,1,0.6480894356516602,0.032474406816418395,0.6416353373072609,1.0271884464051242,0.44897542760139714,5.084147917027245,879.4444444444445,0.10128779267815735,0.11111111111111112
13,204,0,33.120738333,35.628503333,29/06/2025,1,0.6175150662392617,0.022053553241926614,0.6270180010833514,0.9713663135012767,0.44131959585571473,5.292481250360577,874.6666666666666,0.18868492181619873,0.10416666666666669
13,205,0,33.120793333,35.628145,29/06/2025,1,0.47687866018648495,0.0386717517791296,0.5366320383996463,0.8529004463859703,0.33606765011330625,4.461038815261277,629.8888888888889,0.15964436844229898,0.125
13,206,0,33.120991667,35.62817,29/06/2025,1,0.5382920313871891,0.03999438421918677,0.5708468443537947,0.9116641877043183,0.3630754496593686,3.152170691632976,641.4444444444445,0.2321581415539602,0.22395833333333331
13,207,0,33.12121,35.628198333,29/06/2025,1,0.5149136023507452,0.06424820283484507,0.5638113233164239,0.8760065636988915,0.36597277047611193,4.846251836004468,955.4444444444445,0.12214667598492342,0.1076388888888889
13,208,0,33.12141,35.628218333,29/06/2025,1,0.5309558523552043,0.06461439163203302,0.5715533086603907,0.8967817269380025,0.35826998532069837,4.544372148594611,947.6666666666666,0.13222071334078042,0.12673611111111113
13,209,0,33.121623333,35.62824,29/06/2025,1,0.4908475451249703,0.05587745163352285,0.5407852326759781,0.875463325810145,0.35139168313129865,4.681127542695028,977.5555555555555,0.14740654619074509,0.11458333333333334
13,210,0,33.121816667,35.62826,29/06/2025,1,0.5260742124782681,0.0675107489368317,0.564380701023674,0.9045282110267124,0.37401515628774296,5.084147917027246,969.7777777777778,0.08235186344531803,0.11111111111111113
13,211,0,33.122011667,35.628278333,29/06/2025,1,0.49575553210737827,0.07050020591331194,0.5478873202272858,0.8753574696724292,0.34097014239891804,5.048533209849189,966.4444444444445,0.12920358589946312,0.1076388888888889
13,212,0,33.122216667,35.628316667,29/06/2025,1,0.5216823591470842,0.06199143529928609,0.5636925259781407,0.8924930618036451,0.37284176467340635,5.292481250360577,965.8888888888889,0.07852159546646434,0.10416666666666669
13,213,0,33.122491667,35.6284,29/06/2025,1,0.5852282361174008,0.03812491109318889,0.6053155419038474,0.9427872457467988,0.41415324203246406,4.846251836004467,947.5555555555555,0.15459582264325858,0.1076388888888889
13,214,0,33.122631667,35.628375,29/06/2025,1,0.5093177851443317,0.06236967315688224,0.5604622559486406,0.8705236831639801,0.35926809765501233,4.294372148594611,981.7777777777778,0.16395178322804124,0.1371527777777778
13,215,0,33.122865,35.6284,29/06/2025,1,0.5391067961398118,0.06569006757617162,0.5790592292575821,0.8982702603671741,0.39387683746970986,4.804585169337799,959.7777777777778,0.14318088362710102,0.11111111111111112
13,216,0,33.123048333,35.628416667,29/06/2025,1,0.5170870185518998,0.06595083820577143,0.5612341115603747,0.889496619832975,0.36404639333708444,4.846251836004467,973.1111111111111,0.11789401570445636,0.1076388888888889
13,217,0,33.123256667,35.628438333,29/06/2025,1,0.5425426718674959,0.06802894593201446,0.5783885610824722,0.9084049761792683,0.38061159683942564,4.596251836004466,970.8888888888889,0.14690799605035196,0.11805555555555555
13,218,1,33.123466667,35.628466667,29/06/2025,1,0.4857696272721694,0.05490158170477593,0.5390297381731681,0.8689965463796228,0.34014710809763593,3.898824214072309,1011.8888888888889,0.18832085175028196,0.15104166666666666
13,219,2,33.123663333,35.62849,29/06/2025,1,0.48857927604913914,0.045894607321165896,0.5474303503713541,0.8542056333500789,0.34418408010295115,4.544372148594611,1014.7777777777778,0.15484544444013598,0.12673611111111113
13,220,0,33.123866667,35.628518333,29/06/2025,1,0.46194043870802953,0.04683774437487229,0.5279153388070746,0.841887989929341,0.32167372445295456,4.41937214859461,1042.2222222222222,0.19258056133056134,0.12847222222222224
13,221,0,33.124073333,35.628548333,29/06/2025,1,0.37517923568852013,0.03948019373868777,0.4651144373713508,0.8033571382226737,0.2820118377070043,4.434153522439333,710.6666666666666,0.2032013085938842,0.1328125
