image,Point_ID,Aleket_cnt,lat,long,date,Days_Before_Sample,ndvi,gndvi,green_red_ratio,ndre,entropy,green,homogeneity,asm
1,2,0,33.129969208,35.641946852,23/05/2025,60,0.3635261712969667,0.44309802110003754,0.8268592867168916,0.28861827219971964,4.675687440010862,824.1111111111111,0.2781126431861726,0.1154513888888889
1,3,0,33.130132513,35.641997872,23/05/2025,60,0.37515600949733297,0.4621906347412546,0.8107946437653483,0.30148601988247936,4.4193721485946105,507.44444444444446,0.20465353349429205,0.12847222222222224
1,4,0,33.130629767,35.641888025,23/05/2025,60,0.4595000302863852,0.5155909007123575,0.8635718776644555,0.3333625167520319,3.9367722103366827,769.8888888888889,0.2868646304675716,0.1362847222222222
1,5,0,33.130460162,35.64183591,23/05/2025,60,0.505321995073892,0.5451978101942925,0.8962252883317873,0.3921765890943356,4.8193665431825226,754.3333333333334,0.32262443438914024,0.1154513888888889
1,6,0,33.130302077,35.641785553,23/05/2025,60,0.5419369075293239,0.5557980426686658,0.9613917640546066,0.38697217640127923,3.3283289525648923,757.4444444444445,0.5620098039215686,0.21875
1,7,0,33.13013566,35.641740683,23/05/2025,60,0.4884763088127069,0.524920010748012,0.907180237522582,0.37448346481729744,3.9886837669647575,802.3333333333334,0.37732843137254907,0.15538194444444445
1,8,0,33.129928818,35.641674958,23/05/2025,60,0.4899322007060507,0.5282494190279561,0.901886818820549,0.36807719024796204,4.819366543182522,793.4444444444445,0.3130656108597285,0.1154513888888889
1,9,0,33.130013228,35.641444272,23/05/2025,60,0.5029717771630042,0.5386789273208168,0.9067541169931589,0.3852538077633544,2.4308241319059887,810.2222222222222,0.6875,0.24479166666666666
1,10,0,33.130160123,35.641485933,23/05/2025,60,0.4765797231098046,0.5247084474005855,0.8797402668928563,0.3527256692231113,3.048949474083326,790.6666666666666,0.5020833333333333,0.2048611111111111
1,11,0,33.130287267,35.641526048,23/05/2025,60,0.48490291952582776,0.5191436296809518,0.9129571991750383,0.3601006071675081,3.5053395053978518,794.7777777777778,0.3488970588235294,0.15190972222222224
1,12,0,33.130417825,35.641564982,23/05/2025,60,0.49198739842063133,0.5240791544982635,0.9178135444498204,0.37488990777234704,4.403501365713554,799.8888888888889,0.4427696078431371,0.13368055555555555
1,13,0,33.130531453,35.641598925,23/05/2025,60,0.4858166679077523,0.5279931130989203,0.8926468779717605,0.36567099936016145,4.577572732832805,804.6666666666666,0.3920343137254902,0.11111111111111113
1,14,0,33.1305324,35.641599585,23/05/2025,60,0.4858166679077523,0.5279931130989203,0.8926468779717605,0.36567099936016145,4.577572732832805,804.6666666666666,0.3920343137254902,0.11111111111111113
1,15,0,33.130669182,35.641638927,23/05/2025,60,0.540305833594203,0.564805211898777,0.9321891687129038,0.39904191527401683,3.0666188279300868,809.2222222222222,0.6416666666666668,0.1953125
1,16,0,33.130827782,35.641688615,23/05/2025,60,0.5545550760530559,0.5621511214745764,0.9784828984247748,0.410312417650698,2.403722894455388,813.5555555555555,0.36875,0.3871527777777778
1,17,0,33.130976685,35.641731912,23/05/2025,60,0.534387034660027,0.5453013821821187,0.969732351415248,0.3985636596264456,3.4252801481639046,825.2222222222222,0.5145833333333333,0.16319444444444445
1,18,0,33.13112277,35.641773428,23/05/2025,60,0.5047622081322248,0.5411077795924388,0.9054246955086364,0.3756343387466479,3.2508400897267533,814.4444444444445,0.5064950980392158,0.1701388888888889
1,19,0,33.131285223,35.641825392,23/05/2025,60,0.4226891826039687,0.4738385622144495,0.880507800292393,0.3146351702431024,3.8848925229268274,836.6666666666666,0.3249151583710407,0.1449652777777778
1,20,0,33.131447075,35.641873242,23/05/2025,60,0.3950854321530744,0.45671995763356626,0.8602773786471536,0.297648002970206,3.0905219066490552,863.7777777777778,0.59375,0.2048611111111111
1,21,0,33.131711587,35.641713948,23/05/2025,60,0.4699595662454882,0.5111885857480118,0.8974894524905024,0.3503817541550189,4.223406066166137,816.5555555555555,0.3368740573152338,0.12586805555555555
1,22,0,33.131529885,35.641661073,23/05/2025,60,0.5328526103782232,0.542264156086552,0.9744172651980251,0.37909676401561393,4.192359712089615,793.1111111111111,0.25003770739064857,0.12847222222222224
1,23,0,33.13134376,35.641605153,23/05/2025,60,0.519892926739738,0.5481008952780879,0.9243259327742189,0.38238249449169825,3.6669733612273068,787.4444444444445,0.43333333333333335,0.15885416666666669
1,24,0,33.131183887,35.641554618,23/05/2025,60,0.5428320150721564,0.5579026401407298,0.9577550816601688,0.38815880431164834,4.075829233667537,794.5555555555555,0.4583333333333334,0.13020833333333334
1,25,0,33.131010425,35.641506768,23/05/2025,60,0.5498708637905357,0.5577221539535537,0.9779669873246747,0.40671267782264364,4.042612115783683,806.7777777777778,0.49374999999999997,0.14149305555555555
1,26,0,33.130817698,35.641449733,23/05/2025,60,0.5342357422800575,0.5568205103418437,0.9377986536756606,0.3934638608995701,3.0096897960373594,808.4444444444445,0.65625,0.1840277777777778
1,27,0,33.130644047,35.64139707,23/05/2025,60,0.550232835522853,0.5723091762740049,0.9382141509959023,0.40994376540560346,3.788861785525509,803.0,0.4128205128205128,0.1371527777777778
1,28,0,33.130465098,35.641345145,23/05/2025,60,0.5242051409923332,0.5547089787603642,0.9188087133921895,0.4035748933696817,4.547661460266554,810.2222222222222,0.3523207879825527,0.1232638888888889
1,29,0,33.130293565,35.6412921,23/05/2025,60,0.5273535147730326,0.5567114236571667,0.9208245015073315,0.40275143125890644,3.857157547405643,799.2222222222222,0.4082107843137255,0.1701388888888889
1,30,0,33.130117265,35.641243008,23/05/2025,60,0.5128651915033225,0.5464988618572574,0.9112692437307116,0.3902260725044845,4.692623044017255,806.6666666666666,0.35316920427214543,0.11892361111111112
1,31,0,33.129956522,35.641189745,23/05/2025,60,0.5108647085937305,0.5462845535183232,0.9066383262922252,0.3718088615881025,4.071447073809811,807.3333333333334,0.42449273368391016,0.12586805555555555
1,32,0,33.130061327,35.640980707,23/05/2025,60,0.47743712617987,0.5255355397994838,0.8798035752174752,0.3641315057591641,3.471748162958363,807.1111111111111,0.545343137254902,0.1519097222222222
1,33,0,33.130235545,35.641033943,23/05/2025,60,0.5413298096316939,0.5633507037516653,0.9391925147744691,0.3994608157323465,3.6071575474056425,774.2222222222222,0.43125,0.16493055555555555
1,34,1,33.130280452,35.641048453,23/05/2025,60,0.5460389631537127,0.5709422119336621,0.9306450429523474,0.4078151157851642,3.499557609147715,770.8888888888889,0.5145833333333334,0.16927083333333334
1,35,1,33.130339765,35.641063695,23/05/2025,60,0.5546488648306827,0.5739580764885274,0.9449998399958877,0.3953382160724391,3.4995576091477156,769.4444444444445,0.50625,0.16927083333333334
1,36,0,33.130566585,35.641130553,23/05/2025,60,0.5657597174914254,0.5763109324444876,0.9692495162351688,0.4247496666177979,2.7862163915853477,795.7777777777778,0.5894607843137254,0.2543402777777778
1,37,0,33.130800182,35.641201735,23/05/2025,60,0.5306829315569396,0.5562226283524914,0.9302698779084727,0.3938549298241989,3.3078744810097436,783.6666666666666,0.5333333333333332,0.16666666666666666
1,38,0,33.130985852,35.641258988,23/05/2025,60,0.5502863350953932,0.5656810037983637,0.9564919301319768,0.4139784861996965,4.1412649802317985,797.1111111111111,0.382843137254902,0.13368055555555558
1,39,0,33.131165582,35.6413114,23/05/2025,60,0.5420462375677733,0.5514822188441382,0.9734338647658277,0.3904938423070906,3.370838938745422,809.8888888888889,0.4833333333333333,0.1875
1,40,0,33.131352173,35.641367562,23/05/2025,60,0.5466594208758726,0.5622692376640477,0.9562377830778163,0.40856902304695775,3.915938877003349,798.1111111111111,0.2700809689780278,0.1388888888888889
1,41,0,33.131530437,35.641418732,23/05/2025,60,0.5266450311021444,0.5478387491646702,0.9424905044782927,0.39080100835465464,3.898824214072309,801.2222222222222,0.3958333333333333,0.15104166666666669
1,42,0,33.131712068,35.641472697,23/05/2025,60,0.5137909554243616,0.5419663443901631,0.9252660307542363,0.3754582199107292,1.944381475746753,790.3333333333334,0.7395833333333334,0.2977430555555556
1,43,0,33.131951203,35.641545475,23/05/2025,60,0.481161338720553,0.5179433931743636,0.9069099040811179,0.3495361359711198,1.4353074058019708,818.2222222222222,0.84375,0.4887152777777778
1,44,0,33.132159068,35.641608093,23/05/2025,60,0.4653450576329512,0.5062973108255834,0.8984195240274209,0.33485748198305304,3.140129898721527,831.4444444444445,0.5645833333333334,0.1762152777777778
1,45,0,33.132159085,35.641608103,23/05/2025,60,0.4653450576329512,0.5062973108255834,0.8984195240274209,0.33485748198305304,3.140129898721527,831.4444444444445,0.5645833333333334,0.1762152777777778
1,46,0,33.132392733,35.641675218,23/05/2025,60,0.4240445856772517,0.47933318457307716,0.8702415570454232,0.3169728135431868,5.063314583693912,845.7777777777778,0.20270270572978785,0.11197916666666669
1,47,0,33.132596072,35.64173629,23/05/2025,60,0.2850782685043266,0.3721057617280444,0.8232030340313936,0.21865671078958546,4.8401998765158565,907.0,0.20753770739064853,0.11458333333333334
1,48,0,33.133211033,35.641665365,23/05/2025,60,0.30520828440280634,0.3916142997254303,0.8219254875118,0.2201119642234185,4.959147917027245,906.8888888888889,0.197341628959276,0.11111111111111112
1,49,0,33.133042727,35.641615528,23/05/2025,60,0.3803873930577814,0.44485926021032135,0.8564893926004454,0.293958543732659,3.499557609147716,875.4444444444445,0.5333333333333333,0.16927083333333334
1,50,0,33.132881035,35.641566383,23/05/2025,60,0.43063422764298237,0.4795897459632962,0.8842292906605382,0.31328419178129335,4.3312693363517045,851.3333333333334,0.38814657983775636,0.1345486111111111
1,51,0,33.132708738,35.641512392,23/05/2025,60,0.4524044681721813,0.4980914107877798,0.8888644937129118,0.3412510192628812,4.432874481009743,848.8888888888889,0.35228129713423834,0.12673611111111113
1,52,0,33.13250748,35.641455683,23/05/2025,60,0.4285428776074232,0.4701538729807646,0.9012334981356191,0.3172087442400207,3.8947719513574426,869.8888888888889,0.4019136500754148,0.14322916666666669
1,53,0,33.132359758,35.641409547,23/05/2025,60,0.46139442085699606,0.5089233012878903,0.8836476743971169,0.3416849109680893,2.9616506720657205,846.4444444444445,0.6041666666666666,0.1953125
1,57,0,33.131793563,35.64124068,23/05/2025,60,0.5069599913222793,0.5411750500442795,0.9100803833791937,0.37077632434789176,2.9699118602854653,807.7777777777778,0.6583333333333333,0.2230902777777778
1,58,0,33.13162207,35.64119012,23/05/2025,60,0.5204360623316651,0.5427651258376363,0.9398199241627397,0.39319397762022956,3.748400460754049,826.0,0.525,0.1684027777777778
1,59,0,33.131452007,35.64113953,23/05/2025,60,0.5146650133280477,0.5397348924230716,0.9332950272601974,0.3731455596497797,2.407472794574877,817.4444444444445,0.6937500000000001,0.30208333333333326
1,60,0,33.131278977,35.641088275,23/05/2025,60,0.5294733742871752,0.5541908573825302,0.9324077883004489,0.40465344686976046,3.9199840053990536,811.4444444444445,0.5104166666666666,0.14149305555555555
1,61,0,33.131111558,35.641037077,23/05/2025,60,0.5229948996858788,0.5452028321261627,0.939969744851486,0.39209948948785045,3.7072719513574435,824.7777777777778,0.4873774509803922,0.14756944444444445
1,62,0,33.13093769,35.640988772,23/05/2025,60,0.5409271004399161,0.5609227850201145,0.9442769260298631,0.39935985680861424,3.5932258562601613,800.2222222222222,0.3769607843137255,0.15885416666666669
1,63,0,33.130795735,35.6409461,23/05/2025,60,0.531619720139521,0.5676323983805458,0.9020536220086106,0.3881986868481989,3.6345589306142547,783.8888888888889,0.4311274509803922,0.1605902777777778
1,64,0,33.130621442,35.64089229,23/05/2025,60,0.5239853518324522,0.5441523993808951,0.9451668867176668,0.3820994510781405,3.5910750652479377,811.6666666666666,0.44068627450980397,0.14409722222222224
1,65,0,33.130452752,35.640845742,23/05/2025,60,0.5325333780996734,0.5530087762768345,0.9437701247159459,0.3962052472312311,4.272667065678643,799.0,0.268403550609433,0.13454861111111113
1,66,0,33.130272297,35.640787248,23/05/2025,60,0.5396585016596571,0.5628961671828403,0.9358369088349803,0.41253343408938514,3.6839792256186357,780.7777777777778,0.44375,0.16319444444444448
1,67,0,33.13015775,35.640755325,23/05/2025,60,0.5302844641067627,0.5498932062550085,0.9477619038329883,0.3782743526819982,3.152170691632976,802.3333333333334,0.5729166666666666,0.22395833333333331
1,68,0,33.129994187,35.640708718,23/05/2025,60,0.4839901442674301,0.5112933272041869,0.9303004335287773,0.353651240139986,2.9985478598228146,826.6666666666666,0.4770833333333333,0.17881944444444445
1,69,0,33.129886477,35.64067392,23/05/2025,60,0.4609378177619225,0.5237319404074429,0.8472858600730091,0.3477378957623393,3.9686331481071164,514.1111111111111,0.20884132087530072,0.14236111111111113
1,70,0,33.130078742,35.640473065,23/05/2025,60,0.46287179435092324,0.514215480612496,0.8744288840639779,0.3483033445086938,3.7943721485946105,825.6666666666666,0.3040176205617382,0.16666666666666669
1,71,0,33.130249393,35.640520833,23/05/2025,60,0.503887839336347,0.5478898552703408,0.8855271418163849,0.35917293882055024,3.3955162746664205,787.1111111111111,0.4708333333333333,0.1892361111111111
1,72,1,33.130283428,35.640529605,23/05/2025,60,0.5081989622350707,0.549681081863604,0.8917213163108756,0.3710161862819347,3.7780940738665993,787.0,0.5354166666666667,0.17100694444444445
1,73,0,33.13038629,35.640558765,23/05/2025,60,0.5333631667627399,0.5495387401187748,0.9555342961584807,0.39583143750920113,4.086840304458977,806.3333333333334,0.4169871794871795,0.12586805555555555
1,74,1,33.130489493,35.64059551,23/05/2025,60,0.5315384648608603,0.5557586109516713,0.9338584043418123,0.39371078588857067,2.827747363897238,795.3333333333334,0.58125,0.203125
1,75,1,33.130529357,35.640601843,23/05/2025,60,0.5305655229633126,0.5581099975186335,0.9247605647408937,0.39071471227534565,3.4793877652698146,797.2222222222222,0.5625,0.1840277777777778
1,76,0,33.13060189,35.64062303,23/05/2025,60,0.5360445383299944,0.5632991356845969,0.9250177532737006,0.40329183859538187,3.3190457161149207,803.7777777777778,0.4231617647058824,0.16666666666666669
1,77,0,33.130774337,35.64067839,23/05/2025,60,0.5202587981641865,0.5564047880979727,0.9039898521881177,0.3856657685680862,4.804585169337801,815.2222222222222,0.26655410500998733,0.11111111111111112
1,78,0,33.130945642,35.64072416,23/05/2025,60,0.5134403427569649,0.5495770841487535,0.9050551117701185,0.38141424817561426,4.535906066166137,811.3333333333334,0.30397991317108963,0.11458333333333334
1,79,0,33.131116633,35.640775893,23/05/2025,60,0.5231233786573921,0.542937965393989,0.946246979578388,0.3836054356942593,2.902978141007726,818.7777777777778,0.5416666666666667,0.21875
1,80,0,33.131277875,35.640823418,23/05/2025,60,0.5068416434627815,0.5387880130002163,0.9160548826404225,0.37724147670309033,3.9166315676613377,821.2222222222222,0.4208333333333334,0.15798611111111113
1,81,1,33.131388728,35.64086117,23/05/2025,60,0.48935993219513946,0.5297907562654941,0.8967214182970825,0.3681888122472429,3.1297949849424147,816.2222222222222,0.6041666666666666,0.18836805555555558
1,82,0,33.131551763,35.640910077,23/05/2025,60,0.5047415895785385,0.5378583089920459,0.9135317962039022,0.37476240409231415,3.914195377838082,816.1111111111111,0.4770833333333333,0.14583333333333334
1,83,0,33.131735872,35.64096258,23/05/2025,60,0.5039088619425152,0.529375515175693,0.9329429935994725,0.3728161509580872,4.015336064760443,819.2222222222222,0.41360294117647056,0.1440972222222222
1,84,1,33.131808365,35.640985798,23/05/2025,60,0.4976143068065024,0.5323155697036662,0.9098994456308248,0.36071597072228845,2.128154386514085,814.5555555555555,0.6607843137254902,0.37326388888888884
1,85,0,33.131973595,35.641032565,23/05/2025,60,0.49283926163358316,0.5173993863300863,0.936865049232911,0.3559688387972475,3.152170691632976,831.4444444444445,0.5729166666666666,0.22395833333333331
1,86,0,33.13214706,35.641084612,23/05/2025,60,0.49275381470215746,0.5158274829913186,0.9403387500622049,0.3745629213095231,4.610161460266555,840.8888888888889,0.2773113611348906,0.11892361111111112
1,87,0,33.132318368,35.641134877,23/05/2025,60,0.4685163712358811,0.5164264663578311,0.8813141659032083,0.3588253281289265,3.969793735650231,829.6666666666666,0.4420343137254902,0.14149305555555555
1,88,0,33.132447467,35.641171288,23/05/2025,60,0.48718169076431017,0.5217754439346038,0.9115255178900765,0.35523883187390465,3.9668731152961887,820.3333333333334,0.5270833333333333,0.1605902777777778
1,89,0,33.132677382,35.641240768,23/05/2025,60,0.40580964691797017,0.4650348878103859,0.864179715434232,0.3077670523265783,3.8988242140723095,849.6666666666666,0.3267156862745098,0.15104166666666669
1,90,0,33.13285773,35.641295055,23/05/2025,60,0.4575275941817286,0.49980877333539614,0.8963338564728088,0.3440436862373984,4.056258408118133,835.0,0.4541666666666667,0.12586805555555555
1,91,0,33.133077455,35.64136293,23/05/2025,60,0.4519510711464833,0.4975598426177242,0.8890695576090333,0.3481815558369393,3.6769699205898982,856.1111111111111,0.5208333333333334,0.1527777777777778
1,92,0,33.133241818,35.641410273,23/05/2025,60,0.44649850392400225,0.4910074225415588,0.8923268306715652,0.3273781445326371,1.454197802568698,858.6666666666666,0.8104166666666666,0.5642361111111112
1,93,0,33.133417687,35.641462717,23/05/2025,60,0.4341291397982009,0.48511572483083387,0.8787569117638431,0.32401478148473006,3.221857732631859,852.4444444444445,0.45208333333333334,0.23784722222222224
1,94,0,33.133610307,35.641524505,23/05/2025,60,0.3613751901164693,0.43281905568711637,0.844082904470435,0.2777424239452657,3.9588143247146714,897.5555555555555,0.5,0.140625
1,95,0,33.133775465,35.641572718,23/05/2025,60,0.33919486443232244,0.4123568995175025,0.8438915200771601,0.24898162339523816,3.4152145264894815,910.0,0.447671568627451,0.16493055555555558
1,96,0,33.133960583,35.64162429,23/05/2025,60,0.3251690148552568,0.40949340893110064,0.8228357619102558,0.25319921128008666,3.5328800864218324,916.8888888888889,0.48958333333333326,0.17621527777777776
1,97,0,33.134187567,35.641696383,23/05/2025,60,0.37736180293425725,0.4429719142525042,0.8541480285371446,0.2775115865990273,3.609827867953982,900.6666666666666,0.44191176470588234,0.12934027777777776
1,98,0,33.134430207,35.641770607,23/05/2025,60,0.38566306701634,0.4617654577590058,0.8306373497578886,0.3061458531962844,3.219768229617389,883.1111111111111,0.5645833333333333,0.1953125
1,99,0,33.134612525,35.641825233,23/05/2025,60,0.369358230915638,0.44152716885069376,0.8412821402473505,0.27626005529744224,4.265072732832805,916.5555555555555,0.3979166666666667,0.12239583333333334
1,100,0,33.134773178,35.64187554,23/05/2025,60,0.38752649970450487,0.4557456509643274,0.8473069366645563,0.28839477995823765,4.3019664814404495,893.8888888888889,0.3437499999999999,0.13368055555555555
1,101,0,33.134945552,35.641922698,23/05/2025,60,0.4096550920041918,0.4660636925196895,0.8704399877744469,0.3096324033486168,4.317359712089616,910.2222222222222,0.3205505279034691,0.11111111111111113
1,102,0,33.135117153,35.641980013,23/05/2025,60,0.33860622190066536,0.43611938737250155,0.7951363802959076,0.2638005834283174,4.434153522439333,614.1111111111111,0.31677189277070095,0.1328125
1,103,0,33.134982408,35.641680653,23/05/2025,60,0.3707482905951039,0.4416801012766437,0.8435886963308696,0.28837351062696803,4.6985276044371,957.6666666666666,0.22689912763442174,0.11892361111111112
1,104,0,33.134810457,35.641630768,23/05/2025,60,0.4148620085768511,0.476399780771614,0.8577272762986474,0.3201870248658245,3.5044524202426603,883.4444444444445,0.4669871794871795,0.15625
1,105,0,33.134630138,35.641574297,23/05/2025,60,0.4216966703470587,0.4869705940782063,0.8487384684088947,0.32354738975258357,3.6667624330844424,869.5555555555555,0.5208333333333334,0.15538194444444445
1,106,0,33.134394168,35.641501542,23/05/2025,60,0.43178762111468916,0.4836954717050056,0.8772071464233755,0.31330749432117205,3.944366543182522,880.7777777777778,0.4474264705882353,0.1328125
1,107,0,33.134219085,35.641450663,23/05/2025,60,0.39213398019488616,0.4687359712614674,0.8286232117236562,0.30737715497980145,3.499557609147716,893.7777777777778,0.5333333333333333,0.16927083333333334
1,108,0,33.134042575,35.641398028,23/05/2025,60,0.39868092773158414,0.46406281946248573,0.8514468328712249,0.30190819994401513,4.072888849880725,914.7777777777778,0.3452205882352941,0.1293402777777778
1,109,0,33.133779428,35.641318685,23/05/2025,60,0.4206735383987563,0.4779318927260825,0.8664054585155347,0.31651473278823355,4.175424108083222,900.3333333333334,0.41446078431372546,0.13194444444444445
1,110,0,33.133604408,35.64126555,23/05/2025,60,0.42038868492005066,0.4804559390432176,0.8602478985479411,0.3148363465212181,3.9785862760721145,880.2222222222222,0.4083333333333333,0.14149305555555555
1,111,0,33.133425928,35.641212678,23/05/2025,60,0.43597627736387146,0.4893330047805555,0.8733755839896857,0.32600636366486957,4.1902054819279435,886.2222222222222,0.4149038461538462,0.13628472222222224
1,112,0,33.133250962,35.641162302,23/05/2025,60,0.4323210671791809,0.4863529382051756,0.8721792016634475,0.3271399906070856,3.140476256279071,884.1111111111111,0.4666666666666667,0.23958333333333331
1,113,0,33.133068517,35.64111066,23/05/2025,60,0.44820898752503713,0.5008278636296262,0.8730614034183279,0.33239715190093294,2.9649869772292363,860.8888888888889,0.6437499999999999,0.25086805555555547
1,114,0,33.132884088,35.641053517,23/05/2025,60,0.43760530062485276,0.49407369715300337,0.8662827309565309,0.3384927112262419,2.6358147051504806,852.7777777777778,0.6354166666666667,0.2387152777777778
1,115,0,33.13275016,35.641013687,23/05/2025,60,0.38129286198440937,0.45204850491210863,0.8427235365420476,0.2899552236657949,3.8873321518995314,898.7777777777778,0.4461538461538462,0.15885416666666666
1,116,0,33.132526445,35.640945088,23/05/2025,60,0.46667132830154895,0.5103456942821751,0.8917588240293833,0.360023478636644,3.8346860742973052,847.0,0.45821078431372547,0.15972222222222224
1,117,0,33.132353315,35.640892888,23/05/2025,60,0.4575317653477554,0.49952082213957016,0.8968339369722015,0.330326736445865,1.9249935493429025,875.3333333333334,0.7916666666666666,0.3315972222222222
1,118,0,33.132173813,35.64083862,23/05/2025,60,0.49594030211169166,0.5285075728395504,0.9157335940987994,0.3658081745206313,2.4389247528036693,840.6666666666666,0.6395833333333334,0.3003472222222222
1,119,0,33.131990313,35.640783327,23/05/2025,60,0.5019783932727994,0.5384439186705348,0.9051380392986044,0.3538298792125512,3.2314967259658736,811.4444444444445,0.4707107843137255,0.1579861111111111
1,120,0,33.131826442,35.640736202,23/05/2025,60,0.48619701272141175,0.5252761831168223,0.9006769424262908,0.3557048058384957,4.188054690915721,822.8888888888889,0.4770833333333333,0.13020833333333334
1,121,0,33.131641782,35.640680672,23/05/2025,60,0.47356579572655516,0.5170552382709782,0.891087608004792,0.3456788259465589,4.433281772856699,823.5555555555555,0.2468155089478619,0.12239583333333333
1,122,0,33.131449675,35.640623772,23/05/2025,60,0.4933354011845904,0.5317220921548712,0.9015096068793024,0.3713542063111766,2.078838679766182,821.2222222222222,0.7708333333333334,0.32812500000000006
1,123,1,33.131408412,35.640608335,23/05/2025,60,0.497441597506288,0.536660398664196,0.8987629530895117,0.3736525469730947,2.061303984200316,814.0,0.71875,0.3315972222222222
1,124,1,33.13123464,35.64055972,23/05/2025,60,0.5094114958628402,0.5436113573416298,0.9100439888680102,0.3739278990332886,2.9005960789952026,813.5555555555555,0.6979166666666667,0.2621527777777778
1,126,0,33.131234403,35.640559448,23/05/2025,60,0.5094114958628402,0.5436113573416298,0.9100439888680102,0.3739278990332886,2.9005960789952026,813.5555555555555,0.6979166666666667,0.2621527777777778
1,127,1,33.1311567,35.64053241,23/05/2025,60,0.510278225763659,0.5501543689485865,0.8952014684637037,0.3796236646797385,4.009892522926827,803.4444444444445,0.4541666666666667,0.15885416666666669
1,128,0,33.130932527,35.640464422,23/05/2025,60,0.5044551824991672,0.5386801390090148,0.9103651756568863,0.3926096179139165,3.914586136039377,834.5555555555555,0.46985294117647064,0.15104166666666669
1,129,0,33.130743188,35.640411035,23/05/2025,60,0.5066096874971253,0.5419490924680734,0.9076071049967935,0.3702228678431199,4.240341670172532,817.2222222222222,0.44362745098039214,0.1293402777777778
1,130,0,33.13049672,35.640334402,23/05/2025,60,0.4823449434340606,0.5200559952742709,0.9042439411894403,0.3558564619882769,4.846251836004468,816.2222222222222,0.311038838612368,0.1076388888888889
1,131,0,33.1303069,35.640283857,23/05/2025,60,0.4560646690571111,0.5182821483154663,0.849529943012104,0.3458440449551461,4.371653522439334,790.8888888888889,0.2902714932126697,0.12152777777777778
1,132,0,33.130053837,35.640208292,23/05/2025,60,0.4345567224751762,0.4999540366884862,0.8459719732752845,0.3192447463750953,3.0957005842381937,832.8888888888889,0.6416666666666666,0.18836805555555558
1,133,0,33.130101927,35.639957122,23/05/2025,60,0.44930945781606013,0.5120265437592201,0.8494803552703681,0.344876867727867,3.471748162958363,774.1111111111111,0.49583333333333335,0.1519097222222222
1,134,0,33.130231498,35.639995658,23/05/2025,60,0.44244631446439725,0.5065835153755756,0.8473681668029341,0.33463071306512016,3.140129898721527,780.3333333333334,0.5645833333333334,0.1762152777777778
1,135,0,33.130332317,35.640030617,23/05/2025,60,0.45615532038903034,0.5091701853504235,0.8709837763199253,0.3433354299058051,1.6835024445205309,767.2222222222222,0.8125,0.4201388888888889
1,136,0,33.130466753,35.640065772,23/05/2025,60,0.4665988266617382,0.5235392842641051,0.8605761769806455,0.3465982739429947,3.416762433084443,763.5555555555555,0.5000000000000001,0.16579861111111113
1,137,0,33.130606073,35.640108777,23/05/2025,60,0.47632304047986945,0.5273067602122398,0.8729122166889247,0.3667042533788293,3.6499521612634203,755.6666666666666,0.4182598039215686,0.1449652777777778
1,138,0,33.130799665,35.6401659,23/05/2025,60,0.4720925328300701,0.5329337701005629,0.8499175424473877,0.3569384504392373,3.1987321693945874,748.0,0.5479166666666667,0.18489583333333334
1,139,0,33.130924783,35.640202167,23/05/2025,60,0.4657013592674119,0.5256510011720047,0.8532262959373185,0.3543669215796494,3.355878505976054,747.2222222222222,0.3888480392156862,0.18489583333333331
1,140,0,33.131045668,35.640237885,23/05/2025,60,0.47868254842414554,0.5304116064170796,0.8707137811815314,0.35469890629996736,3.8988242140723095,761.2222222222222,0.27634803921568624,0.15104166666666666
1,141,0,33.13119875583578,35.640288385821016,23/05/2025,60,0.4589194370492351,0.5166264407124398,0.859454060728918,0.34191836748887977,3.716219025167255,772.5555555555555,0.41250000000000003,0.15625
1,142,0,33.13124230414125,35.63999318747336,23/05/2025,60,0.478645057650595,0.5320450128092418,0.8664997474198127,0.34373662116605136,3.4427341460075893,764.3333333333334,0.364093137254902,0.1623263888888889
1,143,0,33.131103885,35.639938447,23/05/2025,60,0.45481660865727647,0.5172703690135017,0.849038899951702,0.34646832827957946,3.552519974283069,754.8888888888889,0.5041666666666667,0.15538194444444445
1,144,0,33.130836262,35.639859652,23/05/2025,60,0.4739091713654807,0.5361656073307285,0.8461670870550099,0.36702269510838165,3.298680608917954,738.6666666666666,0.5958333333333333,0.1909722222222222
1,145,0,33.13068126,35.639810557,23/05/2025,60,0.46715333384250507,0.533046787494476,0.8388293652364571,0.34877636388334105,3.0911220587395083,721.2222222222222,0.55625,0.21875
1,146,0,33.130489362,35.639749943,23/05/2025,60,0.44531396653389854,0.511054605949625,0.8433533385432805,0.34305663315774215,3.3129072918469555,728.5555555555555,0.48750000000000004,0.18923611111111113
1,149,0,33.130084953,35.639633447,23/05/2025,60,0.43397879445019966,0.49590264603493023,0.8539433746590324,0.32163753227315733,4.147667065678643,524.5555555555555,0.3209429008308966,0.13628472222222224
2,2,0,33.129969208,35.641946852,27/05/2025,56,0.3902209321671086,0.4632124454185149,0.8370921053048851,0.29704440264794685,4.420507230104883,865.1111111111111,0.20478883542531495,0.12239583333333334
2,3,0,33.130132513,35.641997872,27/05/2025,56,0.4199913594748437,0.48152707498588465,0.8569778531497413,0.3332676322593984,3.857157547405643,555.3333333333334,0.21741158654940224,0.1701388888888889
2,4,0,33.130629767,35.641888025,27/05/2025,56,0.4819995643478244,0.5205949090317603,0.9045925131903666,0.36413575140798116,3.596822633626531,825.4444444444445,0.25122549019607837,0.17708333333333337
2,5,0,33.130460162,35.64183591,27/05/2025,56,0.527172808928627,0.5565881144338657,0.9218189855785651,0.39904845855666765,3.8988242140723095,790.2222222222222,0.25539215686274513,0.15104166666666669
2,6,0,33.130302077,35.641785553,27/05/2025,56,0.5820672457709717,0.5916923837259179,0.9713955102672386,0.4376441182548455,4.3523037954930786,782.6666666666666,0.4,0.12152777777777778
2,7,0,33.13013566,35.641740683,27/05/2025,56,0.542657520213125,0.5478470154684288,0.9856589754268905,0.3950331069989971,3.725820189106,836.3333333333334,0.49583333333333335,0.1605902777777778
2,8,0,33.129928818,35.641674958,27/05/2025,56,0.538932678402442,0.5640514858039447,0.9307934120435404,0.4069131303043397,3.416762433084443,821.1111111111111,0.5729166666666667,0.16579861111111113
2,9,0,33.130013228,35.641444272,27/05/2025,56,0.5448268624820123,0.5647741121713724,0.9443711518757354,0.40950427369653664,3.9877229822751823,835.8888888888889,0.33177790346908,0.12586805555555558
2,10,0,33.130160123,35.641485933,27/05/2025,56,0.5283302857930015,0.5617825417682,0.9098736294710216,0.4053013002778039,3.7828800864218324,828.8888888888889,0.4035633484162896,0.12586805555555555
2,11,0,33.130287267,35.641526048,27/05/2025,56,0.5367432554256204,0.5598224983684066,0.9368997870774722,0.40573348406485127,3.25579206671042,824.8888888888889,0.54375,0.19010416666666669
2,12,0,33.130417825,35.641564982,27/05/2025,56,0.5390866404851906,0.5554170435239804,0.9544472163195389,0.40502232544266187,4.804585169337799,844.2222222222222,0.23496417797888386,0.11111111111111112
2,13,0,33.130531453,35.641598925,27/05/2025,56,0.5496537792448665,0.5603046438616534,0.9704096906040068,0.40456586942090184,4.261027604437101,847.5555555555555,0.3718891402714932,0.140625
2,14,0,33.1305324,35.641599585,27/05/2025,56,0.5496537792448665,0.5603046438616534,0.9704096906040068,0.40456586942090184,4.261027604437101,847.5555555555555,0.3718891402714932,0.140625
2,15,0,33.130669182,35.641638927,27/05/2025,56,0.5678518522388104,0.5774741260880882,0.9721216105546896,0.4125830919390589,3.547528993762021,849.6666666666666,0.4482578166401696,0.1527777777777778
2,16,0,33.130827782,35.641688615,27/05/2025,56,0.5754833267289932,0.5852493821701118,0.9712011749467185,0.40506010278140525,3.800424108083221,835.2222222222222,0.29407662753250985,0.1423611111111111
2,17,0,33.130976685,35.641731912,27/05/2025,56,0.5659454228793985,0.5853690039021178,0.9438257705849497,0.42322451026563734,4.36056875211351,834.6666666666666,0.25474170437405735,0.11805555555555555
2,18,0,33.13112277,35.641773428,27/05/2025,56,0.5552786664519451,0.5640467324486582,0.9753094282489424,0.415654345922669,3.6324174656975545,857.0,0.44325980392156866,0.1484375
2,19,0,33.131285223,35.641825392,27/05/2025,56,0.46554158130690315,0.5106143232282414,0.8899341765441782,0.3641378900178674,5.292481250360577,878.4444444444445,0.22560943296237415,0.10416666666666669
2,20,0,33.131447075,35.641873242,27/05/2025,56,0.4059555738481295,0.46515891155695754,0.8641174500901531,0.3147445232609252,4.171526378756282,922.1111111111111,0.3561274509803921,0.1345486111111111
2,21,0,33.131711587,35.641713948,27/05/2025,56,0.5198600719419866,0.5490952368253487,0.921567232802084,0.3865569845067621,3.861180608917954,854.4444444444445,0.41066176470588234,0.13975694444444445
2,22,0,33.131529885,35.641661073,27/05/2025,56,0.5598280854382315,0.5744918391082638,0.9579027175024728,0.423331636954069,4.1595533252021655,835.1111111111111,0.4807598039215686,0.1371527777777778
2,23,0,33.13134376,35.641605153,27/05/2025,56,0.5610809308126848,0.5738281880214284,0.9643313168820562,0.4296349869104498,4.015336064760443,832.7777777777778,0.43816365007541475,0.1440972222222222
2,24,0,33.131183887,35.641554618,27/05/2025,56,0.5807873936487431,0.5849240551857643,0.9885431135000567,0.43377168682779543,4.404373115296189,835.0,0.3359557804410746,0.12673611111111113
2,25,0,33.131010425,35.641506768,27/05/2025,56,0.5861817927332404,0.5927952425803774,0.9807650268736882,0.4306128893893438,3.140476256279071,817.8888888888889,0.5833333333333334,0.23958333333333331
2,26,0,33.130817698,35.641449733,27/05/2025,56,0.5757269935448647,0.5843109769817995,0.9753612810861446,0.4290909675493869,2.5743440261990314,839.4444444444445,0.59375,0.21354166666666669
2,27,0,33.130644047,35.64139707,27/05/2025,56,0.5876183227997376,0.5848469563820724,1.0086777218989806,0.43552376271924453,4.034886917514739,846.6666666666666,0.43909313725490196,0.1371527777777778
2,28,0,33.130465098,35.641345145,27/05/2025,56,0.5647930943561051,0.585079664189198,0.9412688418006366,0.43795374005068055,4.160906066166137,826.2222222222222,0.32732843137254897,0.125
2,29,0,33.130293565,35.6412921,27/05/2025,56,0.5680965407724261,0.5843842006637922,0.9534647366758876,0.43466448419645454,3.9962462305923774,833.4444444444445,0.4261029411764706,0.16927083333333334
2,30,0,33.130117265,35.641243008,27/05/2025,56,0.5583252552002015,0.5743916479110673,0.9541854911485478,0.43163885218263426,4.246393629661143,842.0,0.3223257269796007,0.12239583333333334
2,31,0,33.129956522,35.641189745,27/05/2025,56,0.5278188509916139,0.5578335585565325,0.9193099461694876,0.3967406929593192,4.4193721485946105,837.5555555555555,0.34316176470588233,0.12847222222222224
2,32,0,33.130061327,35.640980707,27/05/2025,56,0.536163925152473,0.559392211990267,0.9365368384636541,0.3964290160200705,4.558746230592377,826.0,0.33431372549019606,0.13020833333333334
2,33,0,33.130235545,35.641033943,27/05/2025,56,0.590399355922478,0.6012029043203994,0.9674303399430703,0.438807339198563,2.9531999252098062,786.2222222222222,0.4895833333333333,0.203125
2,34,1,33.130280452,35.641048453,27/05/2025,56,0.5903721676989065,0.6002553596143225,0.9705297130434756,0.43464354873224853,4.515336064760443,787.2222222222222,0.3870192307692308,0.1267361111111111
2,35,1,33.130339765,35.641063695,27/05/2025,56,0.585695425311083,0.5912374022708321,0.9843642116253974,0.42300419738793565,4.164602669685038,808.7777777777778,0.31707869634340224,0.1345486111111111
2,36,0,33.130566585,35.641130553,27/05/2025,56,0.5956290267363641,0.5928969554163012,1.0085234604128896,0.4357314360018328,3.221979625667783,819.5555555555555,0.55625,0.1736111111111111
2,37,0,33.130800182,35.641201735,27/05/2025,56,0.5811117034212783,0.5911917490466467,0.9704288910083512,0.435934817578039,4.083298234328004,808.7777777777778,0.22552790346907994,0.1371527777777778
2,38,0,33.130985852,35.641258988,27/05/2025,56,0.5888672051349354,0.5957120621174027,0.9792164631479046,0.4399770763679088,2.6424259214832553,815.1111111111111,0.6479166666666667,0.2300347222222222
2,39,0,33.131165582,35.6413114,27/05/2025,56,0.5812716621155842,0.588670354335664,0.9776945582251749,0.428100856617436,5.048533209849188,826.3333333333334,0.24101621417797886,0.1076388888888889
2,40,0,33.131352173,35.641367562,27/05/2025,56,0.5726076580465721,0.5824573780773596,0.9709468896766074,0.4257162074881831,4.188461982762676,831.5555555555555,0.31066176470588236,0.1310763888888889
2,41,0,33.131530437,35.641418732,27/05/2025,56,0.5684361900401483,0.5852047624866388,0.9510144691806803,0.4379626376012877,2.998547859822814,820.5555555555555,0.5958333333333333,0.17881944444444445
2,42,0,33.131712068,35.641472697,27/05/2025,56,0.5541806644594751,0.572795932848967,0.9474014931255427,0.3964223247628514,3.2342897106839215,811.6666666666666,0.5255090497737558,0.16579861111111113
2,43,0,33.131951203,35.641545475,27/05/2025,56,0.5446506212179238,0.5638570528233272,0.9467277447641238,0.41746707463960575,3.0413966014913245,837.3333333333334,0.6375000000000001,0.2421875
2,44,0,33.132159068,35.641608093,27/05/2025,56,0.511326873891396,0.5456990738085268,0.9091100877646929,0.3907702805844353,3.503580670660026,860.3333333333334,0.46875000000000006,0.1684027777777778
2,45,0,33.132159085,35.641608103,27/05/2025,56,0.511326873891396,0.5456990738085268,0.9091100877646929,0.3907702805844353,3.503580670660026,860.3333333333334,0.46875000000000006,0.1684027777777778
2,46,0,33.132392733,35.641675218,27/05/2025,56,0.46808845710952124,0.5230951054861843,0.8641915657579968,0.36078973008895826,3.5680875017529323,877.3333333333334,0.4074849170437405,0.18229166666666666
2,47,0,33.132596072,35.64173629,27/05/2025,56,0.32601897851277406,0.398749624985117,0.8467173728460453,0.26635042838935713,4.959147917027244,990.8888888888889,0.26446078431372555,0.11111111111111112
2,48,0,33.133211033,35.641665365,27/05/2025,56,0.371801298294989,0.4386320329784446,0.8525399217412848,0.29014095163852616,4.602303795493077,958.0,0.2709148628266275,0.11111111111111112
2,49,0,33.133042727,35.641615528,27/05/2025,56,0.42551949816060336,0.4863522817314194,0.8578581076945571,0.33578444540988817,4.840199876515857,901.5555555555555,0.18068306428600545,0.11458333333333334
2,50,0,33.132881035,35.641566383,27/05/2025,56,0.49431136165303613,0.5299492006866424,0.9079729697292847,0.38039120160201134,3.2508400897267524,863.4444444444445,0.48468137254901955,0.17013888888888887
2,51,0,33.132708738,35.641512392,27/05/2025,56,0.49686994132702966,0.521775208515156,0.9352641342996532,0.36703330245647975,3.138064703666797,895.7777777777778,0.6499999999999999,0.21180555555555558
2,52,0,33.13250748,35.641455683,27/05/2025,56,0.48262504373295584,0.5263412543362319,0.8899281976939272,0.3746700271702588,4.788320189106002,873.5555555555555,0.3190440157351922,0.1232638888888889
2,53,0,33.132359758,35.641409547,27/05/2025,56,0.5157693851552761,0.5413741278881519,0.9316157228998999,0.3980613706135435,3.552694271103767,876.1111111111111,0.4833333333333333,0.15104166666666669
2,57,0,33.131793563,35.64124068,27/05/2025,56,0.5519978009660753,0.5801513907502289,0.920569999815751,0.4144749148092076,4.446520773344194,820.8888888888889,0.36316166279401574,0.1232638888888889
2,58,0,33.13162207,35.64119012,27/05/2025,56,0.5645365551333364,0.5849819983732121,0.9408898163893367,0.41901446445656254,4.240194271103768,815.3333333333334,0.4256881598793364,0.1640625
2,59,0,33.131452007,35.64113953,27/05/2025,56,0.5739389368692129,0.5831669023816408,0.972978576057897,0.42569185054223513,1.9918457753075751,821.0,0.7291666666666667,0.31423611111111116
2,60,0,33.131278977,35.641088275,27/05/2025,56,0.5735662821798952,0.5845226939538484,0.9678322879820447,0.44257735833871326,3.5381982960700764,832.6666666666666,0.48909313725490194,0.1892361111111111
2,61,0,33.131111558,35.641037077,27/05/2025,56,0.5782794998834332,0.5907238729344022,0.9632081342064657,0.43749767576122384,2.6358147051504806,827.7777777777778,0.59375,0.2387152777777778
2,62,0,33.13093769,35.640988772,27/05/2025,56,0.588952331047423,0.5987636280573442,0.97232067344529,0.43134376548989806,3.80068744001086,807.4444444444445,0.39779411764705885,0.1484375
2,63,0,33.130795735,35.6409461,27/05/2025,56,0.5891752408890046,0.5912113306798589,0.9940242571084202,0.4249470949835353,4.532008336839199,827.1111111111111,0.3367741327300151,0.1154513888888889
2,64,0,33.130621442,35.64089229,27/05/2025,56,0.5714588202046761,0.5935986151651056,0.9354122166397357,0.4363038626600668,2.5743440261990314,816.1111111111111,0.6875,0.24479166666666669
2,65,0,33.130452752,35.640845742,27/05/2025,56,0.5679213733421464,0.5917923512789183,0.9311375021774955,0.42302505885857045,3.454172272078755,795.7777777777778,0.4724358974358975,0.19791666666666669
2,66,0,33.130272297,35.640787248,27/05/2025,56,0.5862398769397109,0.5926519743332799,0.9805451355192356,0.4426254581985267,2.5560422809812717,799.1111111111111,0.64375,0.3116319444444444
2,67,0,33.13015775,35.640755325,27/05/2025,56,0.5788934230419731,0.5880365517465624,0.9727386432099482,0.4340406005562498,3.57064902376156,807.4444444444445,0.489093137254902,0.18229166666666669
2,68,0,33.129994187,35.640708718,27/05/2025,56,0.533665685918086,0.560639883753746,0.9264683349358988,0.4041785003428469,3.1324174656975536,838.2222222222222,0.6458333333333333,0.17100694444444445
2,69,0,33.129886477,35.64067392,27/05/2025,56,0.5018667424929356,0.5490803251470993,0.8780537592284684,0.3960356476689368,3.476717444721476,549.6666666666666,0.3938238054600437,0.1814236111111111
2,70,0,33.130078742,35.640473065,27/05/2025,56,0.5406618670191395,0.5652730455918336,0.932578603683311,0.40722155436866736,2.7249446711226777,833.8888888888889,0.7,0.22135416666666666
2,71,0,33.130249393,35.640520833,27/05/2025,56,0.5627649708236928,0.5830138713138859,0.9418992992433979,0.4172247960329795,4.450418502671133,811.2222222222222,0.3832107843137255,0.1345486111111111
2,72,1,33.130283428,35.640529605,27/05/2025,56,0.556714494627276,0.5786332630795984,0.9376674001704463,0.41601379031833136,3.6422269629944757,817.4444444444445,0.5337009803921567,0.17708333333333331
2,73,0,33.13038629,35.640558765,27/05/2025,56,0.5711763008144184,0.5848515442341131,0.9599485713069372,0.4348180555779382,2.128154386514085,820.8888888888889,0.7104166666666667,0.3732638888888889
2,74,1,33.130489493,35.64059551,27/05/2025,56,0.579349135408008,0.6000661069265296,0.9383370591149897,0.4373174506547925,4.846251836004467,796.5555555555555,0.25605381965676083,0.1076388888888889
2,75,1,33.130529357,35.640601843,27/05/2025,56,0.5813794537710198,0.5996793897744129,0.9453179878927249,0.43933243239742636,4.846251836004467,799.2222222222222,0.2559406974848151,0.1076388888888889
2,76,0,33.13060189,35.64062303,27/05/2025,56,0.589028086223891,0.581575286080352,1.0233393895601548,0.42292516659561585,2.8616450666536317,829.5555555555555,0.5895833333333333,0.2152777777777778
2,77,0,33.130774337,35.64067839,27/05/2025,56,0.5672788898660449,0.5814007119942188,0.9589506602242793,0.4354543337419757,1.9922486751129083,832.0,0.7291666666666667,0.3072916666666667
2,78,0,33.130945642,35.64072416,27/05/2025,56,0.5744373930190528,0.5866981249644367,0.9639621506376463,0.44532046245075446,1.9354322346176822,826.8888888888889,0.75,0.4131944444444445
2,79,0,33.131116633,35.640775893,27/05/2025,56,0.5746096582909471,0.5847709721887262,0.9701622447545907,0.43244615486491667,2.9133456951388417,837.3333333333334,0.59375,0.2152777777777778
2,80,0,33.131277875,35.640823418,27/05/2025,56,0.5664262760690876,0.592442028212865,0.9249933876226145,0.4209012413959052,4.009428065191149,809.5555555555555,0.32867647058823524,0.12152777777777779
2,81,1,33.131388728,35.64086117,27/05/2025,56,0.5539355032175216,0.5769435200980969,0.9348149714485218,0.4115287221721715,4.821520773344195,829.7777777777778,0.30488489054665524,0.1076388888888889
2,82,0,33.131551763,35.640910077,27/05/2025,56,0.559030601495333,0.5783889497705171,0.9451134434207928,0.41698151723461485,3.95559871257711,824.5555555555555,0.37267156862745093,0.14496527777777776
2,83,0,33.131735872,35.64096258,27/05/2025,56,0.5561756818161695,0.5712090153185323,0.957178154407009,0.410930348616595,4.637918502671133,845.8888888888889,0.25759039582568993,0.11458333333333334
2,84,1,33.131808365,35.640985798,27/05/2025,56,0.5466673666406376,0.5737518951034923,0.9241411120627419,0.41270773012369777,4.577572732832804,829.2222222222222,0.3460312971342383,0.11111111111111112
2,85,0,33.131973595,35.641032565,27/05/2025,56,0.5560900657126217,0.5729631651046209,0.9519339379457017,0.4174124753950498,2.9175067563934203,832.2222222222222,0.6354166666666667,0.19444444444444445
2,86,0,33.13214706,35.641084612,27/05/2025,56,0.5354028060137015,0.5624175582321808,0.9260207558146973,0.38356472383859885,4.395512835516972,807.0,0.2563348416289593,0.1371527777777778
2,87,0,33.132318368,35.641134877,27/05/2025,56,0.5233358683702191,0.5437221346219948,0.9449561032861477,0.383280843179009,3.4311974738287216,846.0,0.36250000000000004,0.16232638888888892
2,88,0,33.132447467,35.641171288,27/05/2025,56,0.5339016814267799,0.5598894706118147,0.9290047645730388,0.3986931625446295,2.4721130839387078,839.4444444444445,0.6979166666666667,0.2552083333333333
2,89,0,33.132677382,35.641240768,27/05/2025,56,0.4655758595097311,0.5125136560898914,0.8837671850958096,0.35552638268362713,5.0485332098491895,862.0,0.24772991317108967,0.1076388888888889
2,90,0,33.13285773,35.641295055,27/05/2025,56,0.5163659461272405,0.5440041316051132,0.9262306642159643,0.3913991552305774,3.7433676499168373,856.8888888888889,0.5,0.15625
2,91,0,33.133077455,35.64136293,27/05/2025,56,0.5084660245096084,0.5472990946005054,0.898062074748618,0.38397154795867444,3.4541722720787553,864.7777777777778,0.3618872549019608,0.17361111111111113
2,92,0,33.133241818,35.641410273,27/05/2025,56,0.5021416215052121,0.5444102968981476,0.8901356986122122,0.38499654240035636,4.434153522439333,868.1111111111111,0.38284313725490193,0.1328125
2,93,0,33.133417687,35.641462717,27/05/2025,56,0.48862272850537775,0.5299551338062071,0.8945865825034256,0.3700770498468278,3.7848387240131984,875.4444444444445,0.473604826546003,0.15885416666666666
2,94,0,33.133610307,35.641524505,27/05/2025,56,0.42573896223087493,0.4719485840077014,0.8910149718635024,0.31210590239208247,4.575418502671132,913.2222222222222,0.3638103318250377,0.11892361111111112
2,95,0,33.133775465,35.641572718,27/05/2025,56,0.4010380379810393,0.4593173241524931,0.867518333912194,0.3108925959078771,4.68717950218364,944.4444444444445,0.2546945701357466,0.1232638888888889
2,96,0,33.133960583,35.64162429,27/05/2025,56,0.3836239107164738,0.4505659507724232,0.8503392147923837,0.2951839243288176,2.4482537708610694,966.7777777777778,0.73125,0.27951388888888884
2,97,0,33.134187567,35.641696383,27/05/2025,56,0.42144585571823995,0.4759290466173447,0.8728481386913249,0.31747873511056335,2.9699727945748764,940.5555555555555,0.65625,0.20052083333333334
2,98,0,33.134430207,35.641770607,27/05/2025,56,0.43379182923181,0.49862829567339834,0.8479358964150078,0.34942866457742905,2.6424259214832553,917.7777777777778,0.5910539215686275,0.2300347222222222
2,99,0,33.134612525,35.641825233,27/05/2025,56,0.42342994076632884,0.48431231478271486,0.85804544008977,0.3361838336902383,4.349467448142027,935.6666666666666,0.3781862745098039,0.12239583333333333
2,100,0,33.134773178,35.64187554,27/05/2025,56,0.4543958955196932,0.5041737124223791,0.8792994389164439,0.3458675405819079,4.8045851693378,918.6666666666666,0.30404411764705885,0.11111111111111113
2,101,0,33.134945552,35.641922698,27/05/2025,56,0.44206214718121495,0.4931803309301148,0.8784833652171021,0.3252748314712849,3.4841572441793875,934.8888888888889,0.525,0.15885416666666669
2,102,0,33.135117153,35.641980013,27/05/2025,56,0.3556606574886301,0.4466392840809082,0.8053441592141564,0.2811460278034821,3.861180608917954,648.2222222222222,0.29371807582613685,0.13975694444444445
2,103,0,33.134982408,35.641680653,27/05/2025,56,0.42173309828249683,0.48902516534942514,0.843868236800408,0.3346475911895537,4.535906066166136,969.1111111111111,0.33818815987933637,0.11458333333333334
2,104,0,33.134810457,35.641630768,27/05/2025,56,0.469083536350862,0.5171826438968385,0.8808294322228245,0.368763473007359,3.6949047004525832,914.3333333333334,0.4253676470588236,0.1328125
2,105,0,33.134630138,35.641574297,27/05/2025,56,0.47819329632052227,0.5261475414405707,0.8797125479589373,0.35710202309183375,3.011844026199031,894.8888888888889,0.5708333333333333,0.20225694444444445
2,106,0,33.134394168,35.641501542,27/05/2025,56,0.470448490135612,0.5315875224504628,0.8493601190366321,0.36899312544377216,3.174202232542355,888.2222222222222,0.5958333333333333,0.20920138888888887
2,107,0,33.134219085,35.641450663,27/05/2025,56,0.44594282921295697,0.4924313044874642,0.8880486695054286,0.3453883183741525,3.340347275584621,941.8888888888889,0.55625,0.19618055555555558
2,108,0,33.134042575,35.641398028,27/05/2025,56,0.45148528150679773,0.5106433150089826,0.8575194795605269,0.34496393853226404,3.2068811931561476,922.6666666666666,0.5458333333333334,0.16145833333333334
2,109,0,33.133779428,35.641318685,27/05/2025,56,0.47867925481548707,0.5247578677684936,0.8841055515025148,0.3551412367237503,2.5521477795045744,896.6666666666666,0.675,0.2647569444444445
2,110,0,33.133604408,35.64126555,27/05/2025,56,0.4908182998739373,0.5398201701616844,0.8753216666174057,0.3781216406785987,3.857157547405643,889.2222222222222,0.4229166666666666,0.1701388888888889
2,111,0,33.133425928,35.641212678,27/05/2025,56,0.49262667799869564,0.5332964817908936,0.8957428017994639,0.37285081187098634,3.3842088046560206,886.7777777777778,0.4479166666666667,0.15972222222222224
2,112,0,33.133250962,35.641162302,27/05/2025,56,0.492486089820109,0.5309239411480836,0.9012910331761889,0.3752222069982926,4.619239399499471,886.6666666666666,0.2108658432187844,0.1076388888888889
2,113,0,33.133068517,35.64111066,27/05/2025,56,0.5159668408014793,0.5503677435629194,0.9088667217265053,0.399193131638088,3.9369196094054484,881.3333333333334,0.34763386123680245,0.12239583333333334
2,114,0,33.132884088,35.641053517,27/05/2025,56,0.5132919524666206,0.5446421168343625,0.917638857221161,0.38986175303300247,4.846251836004467,876.1111111111111,0.265224358974359,0.1076388888888889
2,115,0,33.13275016,35.641013687,27/05/2025,56,0.4628891550022576,0.5140591351367683,0.8741573775208056,0.3637086435991957,2.5267283007806913,883.4444444444445,0.60625,0.2595486111111111
2,116,0,33.132526445,35.640945088,27/05/2025,56,0.5084162213656042,0.5498051579034262,0.8914205177745571,0.3905981800491003,3.4864274071999324,856.6666666666666,0.5833333333333334,0.1657986111111111
2,117,0,33.132353315,35.640892888,27/05/2025,56,0.5244381362474877,0.5585848799934396,0.9081323709003315,0.39261142349121664,4.2229250747848,855.6666666666666,0.3817162467897762,0.13628472222222224
2,118,0,33.132173813,35.64083862,27/05/2025,56,0.5264666800544364,0.5550716459171161,0.9227911855308157,0.3877356843059933,3.5808841113881424,853.2222222222222,0.47916666666666674,0.16145833333333331
2,119,0,33.131990313,35.640783327,27/05/2025,56,0.547797676640905,0.5720510810859285,0.9323555838678419,0.4192428353482477,3.3871039189772216,839.6666666666666,0.4979166666666667,0.1840277777777778
2,120,0,33.131826442,35.640736202,27/05/2025,56,0.5556388659296397,0.575459234725597,0.9436819075698522,0.39639042249725714,4.286967448142027,825.2222222222222,0.39117647058823535,0.14930555555555558
2,121,0,33.131641782,35.640680672,27/05/2025,56,0.5440659765333336,0.5601589391103492,0.954741393500279,0.3953544757141574,4.0180987125771095,848.1111111111111,0.3844457013574661,0.1284722222222222
2,122,0,33.131449675,35.640623772,27/05/2025,56,0.5453296347603441,0.5651828586722054,0.9446450674363516,0.4140281979275497,4.4193721485946105,852.7777777777778,0.3106240573152338,0.12847222222222224
2,123,1,33.131408412,35.640608335,27/05/2025,56,0.5482949352116314,0.5675371737227383,0.9458523717504512,0.4101963269687058,4.819366543182522,853.5555555555555,0.2951469569116628,0.1154513888888889
2,124,1,33.13123464,35.64055972,27/05/2025,56,0.5592365391212268,0.5820558789152559,0.9351419027073654,0.42179701537753517,4.544372148594611,830.6666666666666,0.2784313725490196,0.1267361111111111
2,126,0,33.131234403,35.640559448,27/05/2025,56,0.5592365391212268,0.5820558789152559,0.9351419027073654,0.42179701537753517,4.544372148594611,830.6666666666666,0.2784313725490196,0.1267361111111111
2,127,1,33.1311567,35.64053241,27/05/2025,56,0.5570895077484445,0.5807901992968652,0.9327819880525313,0.41433478747402963,4.109898128338916,832.7777777777778,0.34791666666666665,0.12847222222222224
2,128,0,33.130932527,35.640464422,27/05/2025,56,0.5461200961892951,0.5732164618237736,0.9242189012643214,0.4166249747265362,3.988683766964757,832.1111111111111,0.3969362745098039,0.15538194444444448
2,129,0,33.130743188,35.640411035,27/05/2025,56,0.5500770059376368,0.5824450163896024,0.9092808409213551,0.4215667579848262,3.958814324714672,813.5555555555555,0.5166666666666667,0.140625
2,130,0,33.13049672,35.640334402,27/05/2025,56,0.5308798029898156,0.5639077149172045,0.9104076399138565,0.41010972348921476,4.804585169337799,818.6666666666666,0.2972662141779789,0.11111111111111112
2,131,0,33.1303069,35.640283857,27/05/2025,56,0.5017902550714519,0.5458184791553677,0.8857665659733027,0.3605279003839463,4.317359712089615,826.6666666666666,0.28575705230116993,0.1111111111111111
2,132,0,33.130053837,35.640208292,27/05/2025,56,0.4933237916698689,0.5326430847108297,0.8987970516816441,0.3524307709956652,2.9912003252589536,840.0,0.5541666666666667,0.2048611111111111
2,133,0,33.130101927,35.639957122,27/05/2025,56,0.5108413295228265,0.5573145283389344,0.8786153831910118,0.4006117764398511,3.5676802099059772,804.4444444444445,0.5083333333333334,0.1675347222222222
2,134,0,33.130231498,35.639995658,27/05/2025,56,0.5084221430473158,0.5541402905658671,0.8803178723294701,0.3972209813322413,2.9718226336265303,813.2222222222222,0.5229166666666667,0.28125
2,135,0,33.130332317,35.640030617,27/05/2025,56,0.5130515435311124,0.5573758170096466,0.8831774846021229,0.39482866258745697,3.3304031200068036,802.3333333333334,0.5333333333333333,0.17708333333333334
2,136,0,33.130466753,35.640065772,27/05/2025,56,0.5358829389820726,0.5604093385124955,0.9323515520468819,0.4081970506316698,4.360568752113511,806.2222222222222,0.3030731523378582,0.11805555555555555
2,137,0,33.130606073,35.640108777,27/05/2025,56,0.5336451397451533,0.5681331822876655,0.9057676431957074,0.4075366354658497,3.552694271103767,795.1111111111111,0.4927790346907994,0.16666666666666669
2,138,0,33.130799665,35.6401659,27/05/2025,56,0.5395275585951784,0.5868711661477627,0.8706431427610186,0.4106199278079363,3.221238741508254,782.6666666666666,0.5125,0.20052083333333331
2,139,0,33.130924783,35.640202167,27/05/2025,56,0.5364233124553582,0.5787377102416589,0.8845391698643682,0.40950722148277874,4.163932045910443,786.2222222222222,0.40007541478129716,0.13802083333333331
2,140,0,33.131045668,35.640237885,27/05/2025,56,0.5337790513163896,0.5666442632440006,0.9104444051818447,0.41125662511961114,3.734157244179387,805.6666666666666,0.45833333333333337,0.1484375
2,141,0,33.13119875583578,35.640288385821016,27/05/2025,56,0.5327429043052108,0.5679376654465336,0.9040202694566661,0.4027246555796393,2.9522829061615607,792.3333333333334,0.5708333333333333,0.2126736111111111
2,142,0,33.13124230414125,35.63999318747336,27/05/2025,56,0.5165529922876106,0.5592230467199975,0.8868255816467656,0.4135698319627812,4.136175003505865,822.0,0.4281862745098039,0.1579861111111111
2,143,0,33.131103885,35.639938447,27/05/2025,56,0.5201170894599119,0.5570043296615137,0.9014799051840681,0.3876445038051941,3.680312959001116,795.5555555555555,0.40870098039215685,0.18055555555555555
2,144,0,33.130836262,35.639859652,27/05/2025,56,0.5444609836238642,0.5754569737188241,0.9140719626398598,0.4120488784145706,3.4040395229836156,793.6666666666666,0.48125,0.18055555555555555
2,145,0,33.13068126,35.639810557,27/05/2025,56,0.5366655352595525,0.5661543456130647,0.918972136604753,0.4156392538540629,3.990627068983564,795.0,0.3057692307692308,0.1371527777777778
2,146,0,33.130489362,35.639749943,27/05/2025,56,0.5214152902295801,0.5606095481201274,0.8955945229281495,0.3896155404709025,3.9697937356502306,776.6666666666666,0.44166666666666676,0.14149305555555555
2,149,0,33.130084953,35.639633447,27/05/2025,56,0.49481686324084134,0.5533916451206523,0.8513137988618116,0.3876469575425359,3.3508456951388417,544.0,0.4479895604661122,0.17274305555555558
3,2,0,33.129969208,35.641946852,01/06/2025,51,0.4546431792863576,0.4710657384187545,0.9611974399867926,0.34211774128365025,4.846251836004468,886.8888888888889,0.17461961395784922,0.1076388888888889
3,3,0,33.130132513,35.641997872,01/06/2025,51,0.4682089036091462,0.48384054095392,0.9614946218309054,0.3770107012857629,3.8571575474056425,573.1111111111111,0.2072473647391171,0.1701388888888889
3,4,0,33.130629767,35.641888025,01/06/2025,51,0.5465540674116942,0.5405288993085474,1.0198519563190311,0.4162789663401243,3.9166315676613372,866.8888888888889,0.23761923688394276,0.15798611111111113
3,5,0,33.130460162,35.64183591,01/06/2025,51,0.5601138235901278,0.562365846360235,0.993911303782904,0.4566136482375127,4.0999484395233665,840.8888888888889,0.2507808996779585,0.12586805555555558
3,6,0,33.130302077,35.641785553,01/06/2025,51,0.6084826203824698,0.5877609309265794,1.0669210064034365,0.476925983451388,3.521388024249054,827.1111111111111,0.40020739064856714,0.2048611111111111
3,7,0,33.13013566,35.641740683,01/06/2025,51,0.5807859298301061,0.5652001930853365,1.047512586275644,0.45352944110869636,3.8352979311017483,840.7777777777778,0.4307598039215686,0.1484375
3,8,0,33.129928818,35.641674958,01/06/2025,51,0.5621814427681806,0.5637649902235649,0.9958587015205589,0.4440076032159061,3.580947640462242,823.2222222222222,0.3604166666666666,0.171875
3,9,0,33.130013228,35.641444272,01/06/2025,51,0.5874621264942317,0.5761693441989508,1.03482029443409,0.4615702034993023,3.011844026199031,838.1111111111111,0.5708333333333334,0.20225694444444445
3,10,0,33.130160123,35.641485933,01/06/2025,51,0.5736415913666746,0.5624163763452424,1.0338452078605682,0.45106161180053295,3.2316122558164206,850.4444444444445,0.5208333333333334,0.16145833333333334
3,11,0,33.130287267,35.641526048,01/06/2025,51,0.5879148527345746,0.5685287234232722,1.0600535204687498,0.4476251630091352,3.612372856316949,848.3333333333334,0.38958333333333334,0.17361111111111113
3,12,0,33.130417825,35.641564982,01/06/2025,51,0.5807494475105185,0.5706290624751558,1.0307951460720552,0.4612859329129661,3.1633456951388417,861.0,0.5833333333333334,0.2048611111111111
3,13,0,33.130531453,35.641598925,01/06/2025,51,0.594639130314809,0.5807323025308513,1.0434888930640285,0.4566996043897634,3.9963936296611426,869.3333333333334,0.3667909991439403,0.1328125
3,14,0,33.1305324,35.641599585,01/06/2025,51,0.594639130314809,0.5807323025308513,1.0434888930640285,0.4566996043897634,3.9963936296611426,869.3333333333334,0.3667909991439403,0.1328125
3,15,0,33.130669182,35.641638927,01/06/2025,51,0.6041462970946027,0.5904667034219826,1.043430407305452,0.48652377971661487,2.8341734230600863,873.5555555555555,0.6354166666666666,0.2482638888888889
3,16,0,33.130827782,35.641688615,01/06/2025,51,0.6213120908604416,0.5985529703267403,1.075124671800773,0.4930738948671575,4.477974419267672,865.7777777777778,0.31269796380090503,0.12152777777777779
3,17,0,33.130976685,35.641731912,01/06/2025,51,0.6008389132673044,0.587259880527174,1.0428779701637865,0.47274697812416644,4.246393629661143,850.6666666666666,0.35388386123680243,0.12239583333333334
3,18,0,33.13112277,35.641773428,01/06/2025,51,0.5967296718362148,0.5782456858823534,1.0582903463741486,0.46540758743566557,3.162473945556208,882.3333333333334,0.5916666666666667,0.1875
3,19,0,33.131285223,35.641825392,01/06/2025,51,0.5130919662947312,0.5185140310622577,0.987661058512618,0.41008979304326276,5.0485332098491895,901.0,0.15637988667400432,0.10763888888888891
3,20,0,33.131447075,35.641873242,01/06/2025,51,0.44775288622548715,0.4600751383890988,0.9719436966081858,0.3552722760541401,5.0485332098491895,950.8888888888889,0.1666398638457462,0.1076388888888889
3,21,0,33.131711587,35.641713948,01/06/2025,51,0.5581102194759084,0.5442823316019383,1.0414630351127174,0.4347241120287994,2.7395169140814692,889.0,0.5770833333333334,0.24565972222222227
3,22,0,33.131529885,35.641661073,01/06/2025,51,0.5931902233881492,0.5694251196879718,1.074636975304857,0.4581158204219736,4.042829775237382,885.7777777777778,0.36361236802413277,0.1371527777777778
3,23,0,33.13134376,35.641605153,01/06/2025,51,0.6094840053677316,0.5841682687429849,1.081870807491017,0.47238260833110396,3.8144645977684153,867.2222222222222,0.45625,0.13020833333333334
3,24,0,33.131183887,35.641554618,01/06/2025,51,0.6195313944609668,0.5934862377888861,1.0860439846249796,0.48224772133732774,3.107551744756387,856.1111111111111,0.5645833333333333,0.1701388888888889
3,25,0,33.131010425,35.641506768,01/06/2025,51,0.6182913935252923,0.593357818166717,1.0820690383602956,0.4826089516959078,4.12052188007851,864.8888888888889,0.42985482654600293,0.12239583333333334
3,26,0,33.130817698,35.641449733,01/06/2025,51,0.6006626106992642,0.589098484758171,1.0367173485563752,0.48201988716155075,3.8080218800785093,851.8888888888889,0.5212009803921568,0.14930555555555558
3,27,0,33.130644047,35.64139707,01/06/2025,51,0.6226131263209618,0.5965217627423972,1.0868405443284046,0.48825096319539074,4.5443721485946105,857.3333333333334,0.2731146304675716,0.1267361111111111
3,28,0,33.130465098,35.641345145,01/06/2025,51,0.6209886846042401,0.5963911783484519,1.0814125241186516,0.48057580525498306,4.240341670172532,854.6666666666666,0.43700980392156863,0.13802083333333334
3,29,0,33.130293565,35.6412921,01/06/2025,51,0.6147195393251926,0.5922615396046189,1.073290476104316,0.4763192545765473,4.823527604437101,856.4444444444445,0.27950781664016955,0.11892361111111112
3,30,0,33.130117265,35.641243008,01/06/2025,51,0.6163291860617099,0.597170278682328,1.0633984584176372,0.4820460392469579,3.9759092242129412,841.3333333333334,0.4927696078431371,0.1796875
3,31,0,33.129956522,35.641189745,01/06/2025,51,0.578722909651415,0.5751167501043785,1.0110510530513492,0.45183685149261155,3.499557609147715,837.8888888888889,0.4724264705882353,0.16927083333333337
3,32,0,33.130061327,35.640980707,01/06/2025,51,0.5960838192881667,0.5723796684338922,1.0753836391131972,0.45457793472396524,4.193231461672249,832.1111111111111,0.3681372549019608,0.1371527777777778
3,33,0,33.130235545,35.641033943,01/06/2025,51,0.6213828760049387,0.5981908788787159,1.0771628509777018,0.48777078660796314,2.9452887254061753,833.0,0.6099264705882352,0.2387152777777777
3,34,1,33.130280452,35.641048453,01/06/2025,51,0.617763563596614,0.5956458071677765,1.0727151801493977,0.4879242260546067,2.078838679766182,836.5555555555555,0.6458333333333333,0.35937499999999994
3,35,1,33.130339765,35.641063695,01/06/2025,51,0.6180915589883578,0.5955729431446495,1.0741276414221737,0.48531438762623835,4.681127542695029,846.6666666666666,0.28441920427214545,0.11458333333333334
3,36,0,33.130566585,35.641130553,01/06/2025,51,0.6307675552633971,0.6039112150693612,1.0908600983679848,0.47926348782605843,4.28806029632781,845.2222222222222,0.38112745098039214,0.1189236111111111
3,37,0,33.130800182,35.641201735,01/06/2025,51,0.6130569877898963,0.5961924029859503,1.0547575164916805,0.49140249296280747,3.4669468148305715,839.6666666666666,0.44110482654600297,0.18229166666666666
3,38,0,33.130985852,35.641258988,01/06/2025,51,0.6156729399982899,0.5954360559509264,1.0665429149434236,0.48245534511887556,2.2845300583088024,843.2222222222222,0.7395833333333333,0.3046875
3,39,0,33.131165582,35.6413114,01/06/2025,51,0.6088266343840238,0.5829946428746005,1.0834633271999372,0.4740440174393382,2.9400133285070864,863.6666666666666,0.5854166666666667,0.19618055555555555
3,40,0,33.131352173,35.641367562,01/06/2025,51,0.613792580923328,0.5866234273806794,1.0890290715727324,0.46866609073980153,3.5808841113881416,864.4444444444445,0.45833333333333337,0.16145833333333334
3,41,0,33.131530437,35.641418732,01/06/2025,51,0.5981512376330252,0.5840127691139683,1.0447516158265702,0.46425831710624293,3.6225507780548085,848.1111111111111,0.42708333333333337,0.1736111111111111
3,42,0,33.131712068,35.641472697,01/06/2025,51,0.5907876206024678,0.5689694388831512,1.0680467178873227,0.45837314322852696,3.001378246996814,866.0,0.48125000000000007,0.18055555555555558
3,43,0,33.131951203,35.641545475,01/06/2025,51,0.5738771765057504,0.5633953396562511,1.0320953369221908,0.45432077005935123,3.5740822953528206,874.3333333333334,0.38958333333333334,0.1736111111111111
3,44,0,33.132159068,35.641608093,01/06/2025,51,0.5493207659431205,0.5422989401165902,1.0203192336577922,0.42538383074911984,3.724688546745176,886.4444444444445,0.4480015082956259,0.14756944444444445
3,45,0,33.132159085,35.641608103,01/06/2025,51,0.5493207659431205,0.5422989401165902,1.0203192336577922,0.42538383074911984,3.724688546745176,886.4444444444445,0.4480015082956259,0.14756944444444445
3,46,0,33.132392733,35.641675218,01/06/2025,51,0.499245776898688,0.5018682067221909,0.9935311008186967,0.3903991413110559,4.246393629661144,923.5555555555555,0.4125,0.12239583333333333
3,47,0,33.132596072,35.64173629,01/06/2025,51,0.37853037763373354,0.420850739479311,0.9076519474128525,0.3142922223086081,4.29437214859461,978.2222222222222,0.21214967795850148,0.1371527777777778
3,48,0,33.133211033,35.641665365,01/06/2025,51,0.418528798134347,0.45349469184897195,0.9180315839610247,0.32587424154584865,5.063314583693911,940.8888888888889,0.22358087725734788,0.11197916666666669
3,49,0,33.133042727,35.641615528,01/06/2025,51,0.4959760542477012,0.5060166814513963,0.9738195447937493,0.40534374502009146,4.032008336839199,913.7777777777778,0.4257396253719784,0.13628472222222224
3,50,0,33.132881035,35.641566383,01/06/2025,51,0.5464834430968135,0.5414887118179936,1.0146567058491047,0.42517950633476537,4.804585169337799,895.5555555555555,0.2855392156862745,0.11111111111111112
3,51,0,33.132708738,35.641512392,01/06/2025,51,0.5434823752266753,0.5415656414985559,1.00631903287896,0.42300458154088844,2.9696392022623037,898.5555555555555,0.5545343137254901,0.24392361111111113
3,52,0,33.13250748,35.641455683,01/06/2025,51,0.5026312848661483,0.5232553075334369,0.9467611898728242,0.40000157808086556,4.818494793599889,887.7777777777778,0.20238091598385713,0.11197916666666669
3,53,0,33.132359758,35.641409547,01/06/2025,51,0.5705216796381491,0.5570582226229432,1.040738933738567,0.4381359547268897,3.9215263787562824,882.8888888888889,0.4165441176470589,0.1449652777777778
3,57,0,33.131793563,35.64124068,01/06/2025,51,0.6053482114205827,0.5795554111569363,1.0832218139851397,0.47327718753664555,1.992248675112908,875.5555555555555,0.7291666666666667,0.3072916666666667
3,58,0,33.13162207,35.64119012,01/06/2025,51,0.5995253655771128,0.5823309814606458,1.0547606594202505,0.4686532696146831,3.7634566599411934,869.2222222222222,0.4604166666666667,0.1701388888888889
3,59,0,33.131452007,35.64113953,01/06/2025,51,0.601831080672081,0.5820781692254192,1.062907445032875,0.46384925621873585,3.871246230592378,860.1111111111111,0.27480636745342624,0.1467013888888889
3,60,0,33.131278977,35.641088275,01/06/2025,51,0.6128037946470798,0.5860656815469307,1.0871982176165444,0.46951304999891896,4.300424108083222,871.5555555555555,0.4083333333333333,0.13020833333333334
3,61,0,33.131111558,35.641037077,01/06/2025,51,0.6022136573300358,0.5885463334796284,1.0433235996230639,0.47770424008920465,3.9465207733441936,868.7777777777778,0.34620098039215685,0.13368055555555558
3,62,0,33.13093769,35.640988772,01/06/2025,51,0.6120199240868532,0.5963030672250278,1.0510140819516887,0.4752124442088009,3.093764013530221,858.5555555555555,0.5479166666666666,0.2074652777777778
3,63,0,33.130795735,35.6409461,01/06/2025,51,0.6205203770936734,0.6018568104652888,1.061445678743648,0.48224310941605153,2.4652770151996863,854.4444444444445,0.6229166666666666,0.3081597222222222
3,64,0,33.130621442,35.64089229,01/06/2025,51,0.6194148179753112,0.6032273542632389,1.0534223873700068,0.4779627126192334,3.901828126933222,844.1111111111111,0.4479166666666667,0.15711805555555555
3,65,0,33.130452752,35.640845742,01/06/2025,51,0.618162126125026,0.5965386651742535,1.071009044491142,0.47056420145429495,4.245374481009744,843.6666666666666,0.35399698340874813,0.14149305555555555
3,66,0,33.130272297,35.640787248,01/06/2025,51,0.6206433441527488,0.6004771295568418,1.0673126027043132,0.48035961962119444,2.4074727945748764,824.6666666666666,0.71875,0.3333333333333333
3,67,0,33.13015775,35.640755325,01/06/2025,51,0.6134103980348083,0.598796049661798,1.0480085928709946,0.4813113087893312,4.035034316583504,816.0,0.48541666666666666,0.1579861111111111
3,68,0,33.129994187,35.640708718,01/06/2025,51,0.5787123886986221,0.56343742847841,1.0466172147102342,0.44235352864775523,4.240341670172532,843.8888888888889,0.3964555052790346,0.1293402777777778
3,69,0,33.129886477,35.64067392,01/06/2025,51,0.5361976267150689,0.537794920839208,0.995835892780312,0.4161642555937826,4.434153522439333,566.6666666666666,0.2979910665014387,0.1328125
3,70,0,33.130078742,35.640473065,01/06/2025,51,0.5813591765307575,0.5698087962693712,1.0354266644616965,0.45223058909464847,3.132417465697553,828.8888888888889,0.5623774509803922,0.17100694444444448
3,71,0,33.130249393,35.640520833,01/06/2025,51,0.5980331636346466,0.5777224045148969,1.0640652908002224,0.46161837522641075,2.246507326436166,852.5555555555555,0.6541666666666667,0.27864583333333337
3,72,1,33.130283428,35.640529605,01/06/2025,51,0.6002632039188196,0.5797527115563408,1.0650033255537064,0.46220960136273626,3.442009586131382,852.2222222222222,0.5354166666666667,0.17274305555555558
3,73,0,33.13038629,35.640558765,01/06/2025,51,0.5912403572792724,0.5857202211728477,1.0171047064940928,0.4631456336211326,3.6369730535541165,845.5555555555555,0.49375,0.1501736111111111
3,74,1,33.130489493,35.64059551,01/06/2025,51,0.6133279424036275,0.5929244619026409,1.067158488003349,0.47716492996414445,2.988738362525892,856.7777777777778,0.6020833333333333,0.20052083333333334
3,75,1,33.130529357,35.640601843,01/06/2025,51,0.6162447333165095,0.5943257585090038,1.0726180577830358,0.47966765849839366,3.0096897960373594,860.8888888888889,0.65625,0.1840277777777778
3,76,0,33.13060189,35.64062303,01/06/2025,51,0.6123340780710801,0.5886044050183625,1.0777161396830603,0.4821352605323296,2.6186779753360474,872.5555555555555,0.66875,0.2578125
3,77,0,33.130774337,35.64067839,01/06/2025,51,0.6144291392540332,0.5862104549318841,1.0925685464952324,0.46738184548543493,3.013777157757555,873.6666666666666,0.46875,0.2092013888888889
3,78,0,33.130945642,35.64072416,01/06/2025,51,0.6146090032791027,0.5950045086389525,1.0638395915465393,0.47794559148386717,3.672487163445857,869.1111111111111,0.48909313725490194,0.1796875
3,79,0,33.131116633,35.640775893,01/06/2025,51,0.6132106224540859,0.5904168941385534,1.0742572943736457,0.4736454052195904,3.5289823570948937,874.0,0.5770833333333334,0.16319444444444448
3,80,0,33.131277875,35.640823418,01/06/2025,51,0.6068682808194004,0.594262141744361,1.0402796830115308,0.478881529325193,3.600560296327809,854.6666666666666,0.45689668174962295,0.171875
3,81,1,33.131388728,35.64086117,01/06/2025,51,0.5948609571706786,0.581733343504482,1.0412617734197944,0.46468656828921723,3.819513942251288,869.2222222222222,0.4059671945701357,0.14322916666666666
3,82,0,33.131551763,35.640910077,01/06/2025,51,0.5968247839366013,0.573930781637639,1.072666709417281,0.45595800518851015,4.490341670172533,868.4444444444445,0.3610123415270474,0.11892361111111113
3,83,0,33.131735872,35.64096258,01/06/2025,51,0.6032927962851237,0.5888946244166239,1.0457826572452773,0.4763375287572682,2.4382020899844856,860.0,0.60625,0.2534722222222222
3,84,1,33.131808365,35.640985798,01/06/2025,51,0.6009469274207923,0.5882357637656688,1.040443503292596,0.4858446636995813,3.9614495462576813,857.7777777777778,0.4520833333333334,0.12239583333333334
3,85,0,33.131973595,35.641032565,01/06/2025,51,0.6004269132945468,0.5769645800553862,1.074505183753383,0.4722766581195065,3.4995576091477156,870.8888888888889,0.5333333333333333,0.16927083333333334
3,86,0,33.13214706,35.641084612,01/06/2025,51,0.5899920487567758,0.5718255939261211,1.056564618473914,0.46490462481992967,3.05641294150606,872.5555555555555,0.5333333333333333,0.18836805555555555
3,87,0,33.132318368,35.641134877,01/06/2025,51,0.571020660715376,0.5623527831827824,1.0260732088271525,0.4357063367036385,4.41963548052225,854.1111111111111,0.3566176470588235,0.11892361111111112
3,88,0,33.132447467,35.641171288,01/06/2025,51,0.5724527320104146,0.5563403839639138,1.048898524799515,0.4443792200718305,4.4193721485946105,884.3333333333334,0.3356617647058823,0.12847222222222224
3,89,0,33.132677382,35.641240768,01/06/2025,51,0.49834648472138404,0.5034075597762594,0.9873524535181277,0.39554874409426466,4.276420835086266,914.1111111111111,0.39276960784313725,0.1371527777777778
3,90,0,33.13285773,35.641295055,01/06/2025,51,0.575307743726455,0.5573712328086504,1.055454102233466,0.4499146028829338,3.388489300293197,890.7777777777778,0.3128676470588235,0.1840277777777778
3,91,0,33.133077455,35.64136293,01/06/2025,51,0.562190869211007,0.5554926155280657,1.0198709906166707,0.44082970869887184,2.407472794574877,895.6666666666666,0.6458333333333333,0.30208333333333337
3,92,0,33.133241818,35.641410273,01/06/2025,51,0.5594627391386393,0.55396573010757,1.0162355864498918,0.44571674905260195,4.596251836004466,892.0,0.21827534548122782,0.11805555555555555
3,93,0,33.133417687,35.641462717,01/06/2025,51,0.5449526451262752,0.5407017891035447,1.0127853754223475,0.42508506434692,3.78619146497717,904.2222222222222,0.38529411764705884,0.15885416666666669
3,94,0,33.133610307,35.641524505,01/06/2025,51,0.4880280750424022,0.49469627641556474,0.9838042884067367,0.3815705204522818,4.602303795493077,928.5555555555555,0.20974736048265458,0.11111111111111112
3,95,0,33.133775465,35.641572718,01/06/2025,51,0.45339526643559325,0.45861458355232965,0.9872708941106588,0.3444078220843137,4.638589126445729,955.2222222222222,0.21995587216175452,0.11458333333333334
3,96,0,33.133960583,35.64162429,01/06/2025,51,0.44576626754605975,0.4615785366151536,0.9609400148923795,0.3490934863332804,3.2548597120896154,941.7777777777778,0.432843137254902,0.1918402777777778
3,97,0,33.134187567,35.641696383,01/06/2025,51,0.4825799018540413,0.4981596063381025,0.9598515760134075,0.3865561551826211,3.7773662842032825,952.0,0.32215309200603315,0.12586805555555555
3,98,0,33.134430207,35.641770607,01/06/2025,51,0.5088099797972729,0.51148755950229,0.9932042917502635,0.40070614958517825,4.434153522439333,957.5555555555555,0.3356146304675717,0.13281250000000003
3,99,0,33.134612525,35.641825233,01/06/2025,51,0.48077200841268586,0.4938399243956688,0.9663425621576816,0.37274449921257363,4.434153522439333,957.5555555555555,0.35121606334841626,0.1328125
3,100,0,33.134773178,35.64187554,01/06/2025,51,0.5013303954814062,0.5117338837981193,0.972793070173981,0.4050279333530083,3.004378720708278,954.7777777777778,0.6229166666666667,0.2543402777777778
3,101,0,33.134945552,35.641922698,01/06/2025,51,0.49861681266103325,0.5002241992807771,0.9965353628740048,0.3949827734110989,3.4995576091477147,974.7777777777778,0.4725584464555052,0.1762152777777778
3,102,0,33.135117153,35.641980013,01/06/2025,51,0.38030488776640503,0.4312068119823318,0.8856524993403861,0.30634271317589984,3.9670907747498876,692.1111111111111,0.27079766174487624,0.1388888888888889
3,103,0,33.134982408,35.641680653,01/06/2025,51,0.48781412677397384,0.5029535997349915,0.9606347749319668,0.38745977119227437,4.186772210336684,948.2222222222222,0.2701563837593249,0.12586805555555555
3,104,0,33.134810457,35.641630768,01/06/2025,51,0.5175874337013985,0.5168369953604698,1.0021603748155417,0.403366982076977,4.008757441416554,948.1111111111111,0.4208333333333334,0.15104166666666669
3,105,0,33.134630138,35.641574297,01/06/2025,51,0.5201572661029439,0.5236268906462658,0.9906833950883507,0.4063503041683927,2.374480214443619,956.7777777777778,0.5333333333333333,0.2586805555555555
3,106,0,33.134394168,35.641501542,01/06/2025,51,0.5167652251232893,0.5269246132975791,0.9728971674946963,0.4114487055973372,4.619239399499472,943.7777777777778,0.304788838612368,0.1076388888888889
3,107,0,33.134219085,35.641450663,01/06/2025,51,0.49557160609680967,0.5130360949901814,0.9546328616526689,0.3827822053283254,3.8904216607179363,925.3333333333334,0.4604166666666667,0.1440972222222222
3,108,0,33.134042575,35.641398028,01/06/2025,51,0.5105736650729137,0.512269511561156,0.9957973664131621,0.399861302289261,3.399804762194655,951.0,0.5958333333333333,0.1779513888888889
3,109,0,33.133779428,35.641318685,01/06/2025,51,0.5371480362168494,0.5424722345334901,0.984882081507812,0.4193077145023756,3.7691728597979712,919.8888888888889,0.2900796913512121,0.15885416666666669
3,110,0,33.133604408,35.64126555,01/06/2025,51,0.5504574868140906,0.5521648289090108,0.9953982298525982,0.4364621104152179,3.876163108570715,909.6666666666666,0.4291666666666667,0.140625
3,111,0,33.133425928,35.641212678,01/06/2025,51,0.5357287640889937,0.5409286884486585,0.9858288751728277,0.4300174359127986,4.532880086421833,907.1111111111111,0.34534313725490196,0.11892361111111113
3,112,0,33.133250962,35.641162302,01/06/2025,51,0.5429048349440277,0.5401327341113213,1.0083720870961903,0.4252505080757619,4.387918502671133,903.1111111111111,0.27095588235294116,0.125
3,113,0,33.133068517,35.64111066,01/06/2025,51,0.5538088513770132,0.5557978378686353,0.9951521329386974,0.4432773472031599,3.421875306641414,896.2222222222222,0.47708333333333336,0.17361111111111113
3,114,0,33.132884088,35.641053517,01/06/2025,51,0.5568250136546804,0.548002437002745,1.0257419917031683,0.4353971881983083,2.969972794574877,895.1111111111111,0.6875,0.20052083333333334
3,115,0,33.13275016,35.641013687,01/06/2025,51,0.5031944157430145,0.5134210803105402,0.9727004576283222,0.39514255010864424,4.663320189106001,884.2222222222222,0.2741704374057315,0.125
3,116,0,33.132526445,35.640945088,01/06/2025,51,0.5484158975247013,0.5472018627877598,1.003741895200421,0.4312209854744788,3.092221553559737,873.6666666666666,0.5166666666666666,0.25
3,117,0,33.132353315,35.640892888,01/06/2025,51,0.5693815642230113,0.5497651647209815,1.0594950023113787,0.4352359210798667,4.2820083368391995,887.2222222222222,0.385733306836248,0.12586805555555555
3,118,0,33.132173813,35.64083862,01/06/2025,51,0.5418853123779356,0.547842298116636,0.9834279884919574,0.42318228404378677,4.043093107165022,870.4444444444445,0.3714555052790347,0.14149305555555555
3,119,0,33.131990313,35.640783327,01/06/2025,51,0.5770543409215366,0.5651056511445347,1.0365494307087382,0.447337491540007,5.0901998765158565,862.6666666666666,0.26600678733031674,0.10416666666666669
3,120,0,33.131826442,35.640736202,01/06/2025,51,0.5803729600184032,0.5728234003412982,1.023227926272348,0.4545230436435952,4.242492461184756,852.6666666666666,0.30756033182503767,0.14583333333333334
3,121,0,33.131641782,35.640680672,01/06/2025,51,0.5924909389697004,0.5815536372310276,1.0340986828388141,0.45680554561639997,4.317359712089615,850.7777777777778,0.3875,0.1267361111111111
3,122,0,33.131449675,35.640623772,01/06/2025,51,0.5897775972488213,0.5771765739417375,1.0394921625905613,0.47355895893535077,4.2615657617071605,865.7777777777778,0.43370098039215677,0.14583333333333331
3,123,1,33.131408412,35.640608335,01/06/2025,51,0.5934709295431465,0.5787208731408675,1.0462112077311911,0.4729354893984499,3.9668731152961887,856.7777777777778,0.4479166666666667,0.1605902777777778
3,124,1,33.13123464,35.64055972,01/06/2025,51,0.594029250185985,0.5832081990375874,1.0338642863503573,0.46977236493831476,3.8993403044589767,861.3333333333334,0.54375,0.1527777777777778
3,126,0,33.131234403,35.640559448,01/06/2025,51,0.594029250185985,0.5832081990375874,1.0338642863503573,0.46977236493831476,3.8993403044589767,861.3333333333334,0.54375,0.1527777777777778
3,127,1,33.1311567,35.64053241,01/06/2025,51,0.5996658818936426,0.577842958788675,1.0693449310239502,0.47310716507099354,2.987924108083221,878.3333333333334,0.6458333333333334,0.1762152777777778
3,128,0,33.130932527,35.640464422,01/06/2025,51,0.5874135072637736,0.5771389635352927,1.0315910324678546,0.46897944012855497,3.360712382781587,871.3333333333334,0.5854166666666667,0.19444444444444448
3,129,0,33.130743188,35.640411035,01/06/2025,51,0.5918232330494099,0.5817433617581791,1.031518309674955,0.4637996672589766,2.626736765917564,854.0,0.5875,0.2690972222222222
3,130,0,33.13049672,35.640334402,01/06/2025,51,0.5767781639425262,0.5693793401600193,1.0225278448714687,0.4567743819920862,2.9470716958592256,845.6666666666666,0.5770833333333333,0.2821180555555556
3,131,0,33.1303069,35.640283857,01/06/2025,51,0.5494919274423276,0.5518167316984797,0.9934569310471212,0.43590987635779155,2.7437711733631036,848.3333333333334,0.6020833333333333,0.20746527777777776
3,132,0,33.130053837,35.640208292,01/06/2025,51,0.5390918308940854,0.5429081871055703,0.989522368250535,0.4248308103336002,3.449213160775926,851.3333333333334,0.5104166666666666,0.1953125
3,133,0,33.130101927,35.639957122,01/06/2025,51,0.5596311034434355,0.561930097568741,0.9935643501609908,0.4421196252280258,3.5044524202426603,816.3333333333334,0.5458333333333334,0.15625
3,134,0,33.130231498,35.639995658,01/06/2025,51,0.564408359174261,0.5658864145662376,0.9958605293608501,0.4474026082660543,2.5738496345702995,812.4444444444445,0.6791666666666667,0.21788194444444448
3,135,0,33.130332317,35.640030617,01/06/2025,51,0.5695831672033713,0.5698881928762729,0.9993659126030674,0.4386118648180927,3.4070083368391986,802.5555555555555,0.46458333333333335,0.1449652777777778
3,136,0,33.130466753,35.640065772,01/06/2025,51,0.5841755547690962,0.5749389381338967,1.0283955250322832,0.45984466766285553,3.6008456951388412,816.5555555555555,0.41875,0.1623263888888889
3,137,0,33.130606073,35.640108777,01/06/2025,51,0.5775791276297473,0.5890063844637994,0.966266837627027,0.4696709597348579,3.503580670660026,802.3333333333334,0.44375000000000003,0.15972222222222224
3,138,0,33.130799665,35.6401659,01/06/2025,51,0.5899921917476956,0.5866437638934723,1.0108618504792104,0.46807180727047243,3.7781071683628107,821.3333333333334,0.3189573906485671,0.17708333333333334
3,139,0,33.130924783,35.640202167,01/06/2025,51,0.5805414064500797,0.5858601220599531,0.9841151219425596,0.45788850675901227,4.698527604437102,807.2222222222222,0.2763403958256899,0.11892361111111112
3,140,0,33.131045668,35.640237885,01/06/2025,51,0.5759485573956608,0.5740146421185595,1.0058040117215141,0.4479891900136985,3.3871039189772216,818.6666666666666,0.48946078431372547,0.1996527777777778
3,141,0,33.13119875583578,35.640288385821016,01/06/2025,51,0.5653899853625468,0.5735045526277202,0.9766000306978496,0.4631481940855854,3.552694271103767,819.6666666666666,0.5089649321266968,0.16666666666666669
3,142,0,33.13124230414125,35.63999318747336,01/06/2025,51,0.5663558003207889,0.5758846066757477,0.9724054918672613,0.45801705294413114,2.5649455891497537,825.2222222222222,0.6541666666666666,0.2638888888888889
3,143,0,33.131103885,35.639938447,01/06/2025,51,0.5636534659718919,0.5605535816125374,1.0093857345441057,0.4382385545757595,3.6081546291736486,828.0,0.47434954751131225,0.1684027777777778
3,144,0,33.130836262,35.639859652,01/06/2025,51,0.5916094057698245,0.588087745383361,1.0108607123978293,0.49078431065249106,3.9963936296611426,799.3333333333334,0.38874612734906855,0.1328125
3,145,0,33.13068126,35.639810557,01/06/2025,51,0.5772784971600777,0.5817224333531998,0.9870958961066426,0.4650201541294896,3.2284707462215687,801.2222222222222,0.5416666666666666,0.1987847222222222
3,146,0,33.130489362,35.639749943,01/06/2025,51,0.5731104070959816,0.5737841031982189,0.9983478215239011,0.4507377914563231,2.6801559669598642,801.2222222222222,0.4208333333333333,0.3263888888888889
3,149,0,33.130084953,35.639633447,01/06/2025,51,0.5554834658277541,0.5655769074524275,0.9710452527850553,0.44350371352587753,3.5937640135302216,547.2222222222222,0.43548305085873107,0.15711805555555555
4,2,0,33.129969208,35.641946852,05/06/2025,47,0.4739210496557609,0.538786892730538,0.8430067549875846,0.3705157005360414,5.0485332098491895,734.7777777777778,0.14646600274272617,0.10763888888888891
4,3,0,33.130132513,35.641997872,05/06/2025,47,0.5109140285372041,0.5690680961645388,0.8493965356596517,0.40135962065158964,4.663320189106001,458.3333333333333,0.1243624126110008,0.125
4,4,0,33.130629767,35.641888025,05/06/2025,47,0.6015090770325165,0.6201885814869105,0.9444024789076129,0.4620214595379517,4.596251836004466,705.2222222222222,0.1713844205830725,0.11805555555555557
4,5,0,33.130460162,35.64183591,05/06/2025,47,0.6368722285609913,0.6492743327612359,0.9598192421576113,0.4968798378502106,5.063314583693912,669.3333333333334,0.22679731767967062,0.11197916666666669
4,6,0,33.130302077,35.641785553,05/06/2025,47,0.6941592498089294,0.682933424552836,1.0445314828059624,0.523909901756757,3.89882421407231,646.8888888888889,0.4395833333333333,0.15104166666666666
4,7,0,33.13013566,35.641740683,05/06/2025,47,0.6676928999764944,0.6687002822526291,0.9965428858010613,0.5026526985839508,4.619239399499472,658.0,0.3198529411764706,0.1076388888888889
4,8,0,33.129928818,35.641674958,05/06/2025,47,0.6629842759984973,0.662564418108139,1.0020161298409347,0.5083621035324151,4.21217389677155,667.0,0.3458710407239819,0.1449652777777778
4,9,0,33.130013228,35.641444272,05/06/2025,47,0.6716919914421351,0.670068091601583,1.0064461210290085,0.5064043450065939,3.552694271103767,670.1111111111111,0.456446638946639,0.16666666666666669
4,10,0,33.130160123,35.641485933,05/06/2025,47,0.6729182288007618,0.6671032267116135,1.021420573450599,0.5051802123765139,3.6277945170348853,674.2222222222222,0.4854166666666667,0.1684027777777778
4,11,0,33.130287267,35.641526048,05/06/2025,47,0.6839687296206255,0.6742967214307029,1.0372132819049127,0.5197751130922449,4.194773835029477,681.2222222222222,0.2593455729485141,0.125
4,12,0,33.130417825,35.641564982,05/06/2025,47,0.6877906753539649,0.6841640905248917,1.0140660538394206,0.5414923428371038,3.6803129590011165,679.6666666666666,0.5,0.19618055555555558
4,13,0,33.130531453,35.641598925,05/06/2025,47,0.700990080887334,0.6877391225919438,1.0532279817459438,0.5444712669329927,3.219768229617389,691.3333333333334,0.5645833333333333,0.1796875
4,14,0,33.1305324,35.641599585,05/06/2025,47,0.700990080887334,0.6877391225919438,1.0532279817459438,0.5444712669329927,3.219768229617389,691.3333333333334,0.5645833333333333,0.1796875
4,15,0,33.130669182,35.641638927,05/06/2025,47,0.7100276570343915,0.6996148466623462,1.0430384745906913,0.5503878025578143,2.397274706395919,679.5555555555555,0.6354166666666666,0.25520833333333337
4,16,0,33.130827782,35.641688615,05/06/2025,47,0.7128220779503605,0.6982247279007145,1.0608602598735972,0.5479341873550873,3.9434947935998883,684.0,0.43333333333333335,0.1605902777777778
4,17,0,33.130976685,35.641731912,05/06/2025,47,0.6916760407597055,0.6837532990638028,1.0316429923730628,0.5275456657223423,2.761635692840854,672.1111111111111,0.5666666666666667,0.20225694444444448
4,18,0,33.13112277,35.641773428,05/06/2025,47,0.6682601737489158,0.6732751415664854,0.982410855293566,0.5064153370668962,4.433746230592377,683.1111111111111,0.35866683991684,0.13020833333333334
4,19,0,33.131285223,35.641825392,05/06/2025,47,0.567619078246645,0.5976984337739999,0.9155222454219695,0.45277790694492814,4.5443721485946105,737.2222222222222,0.11892485169456446,0.1267361111111111
4,20,0,33.131447075,35.641873242,05/06/2025,47,0.48994822891280165,0.5376573616733307,0.8788886612042975,0.3819977168270277,5.292481250360577,792.5555555555555,0.1071062456875767,0.10416666666666669
4,21,0,33.131711587,35.641713948,05/06/2025,47,0.6442436702196102,0.6511838238434466,0.9796101234038558,0.491952229727769,5.0485332098491895,713.3333333333334,0.21172501121030532,0.1076388888888889
4,22,0,33.131529885,35.641661073,05/06/2025,47,0.6915133370779042,0.6877575022012159,1.0150556270031035,0.5139102036362112,4.22843887700335,674.7777777777778,0.32819570135746606,0.13802083333333334
4,23,0,33.13134376,35.641605153,05/06/2025,47,0.711449847249713,0.6985442469434635,1.0540389551865479,0.543915218431283,4.923533209849189,663.7777777777778,0.3422794117647059,0.12326388888888891
4,24,0,33.131183887,35.641554618,05/06/2025,47,0.7116369699573921,0.6908618968915177,1.0853783210129277,0.5443483642849739,3.0413966014913245,691.2222222222222,0.6645833333333333,0.24218750000000003
4,25,0,33.131010425,35.641506768,05/06/2025,47,0.7205914119120532,0.7014529898787439,1.0805341775489528,0.5435343101880092,2.307180590341786,674.1111111111111,0.61875,0.2647569444444444
4,26,0,33.130817698,35.641449733,05/06/2025,47,0.7145001119541629,0.6955524691483101,1.0785261472818066,0.5451343878376993,4.246393629661143,674.7777777777778,0.4462009803921569,0.12239583333333334
4,27,0,33.130644047,35.64139707,05/06/2025,47,0.722939049557699,0.7030784482667006,1.0866963246395247,0.540366216728457,4.345380086421832,669.6666666666666,0.318829185520362,0.11805555555555555
4,28,0,33.130465098,35.641345145,05/06/2025,47,0.7123781241604186,0.6997274746842528,1.0519306599727705,0.546118778702144,3.760430680196888,676.5555555555555,0.3971436651583711,0.1362847222222222
4,29,0,33.130293565,35.6412921,05/06/2025,47,0.7091803017552119,0.6972615720198169,1.0484277316519808,0.5482133452474177,4.433281772856699,679.2222222222222,0.3068156108597285,0.1310763888888889
4,30,0,33.130117265,35.641243008,05/06/2025,47,0.704848153155949,0.6963828867526352,1.0345255443715287,0.5392570179669777,5.084147917027246,667.3333333333334,0.1560442908972321,0.11111111111111112
4,31,0,33.129956522,35.641189745,05/06/2025,47,0.6715962321354749,0.6726251809180239,0.9968165930099695,0.5046251042314536,4.846251836004466,674.7777777777778,0.2830505279034691,0.1076388888888889
4,32,0,33.130061327,35.640980707,05/06/2025,47,0.6655561985192866,0.6632691343015051,1.0084262212021926,0.5027811535513753,4.473406066166137,665.6666666666666,0.2405240308181484,0.1154513888888889
4,33,0,33.130235545,35.641033943,05/06/2025,47,0.7214619679923833,0.7050504522341731,1.0697290547089837,0.5444860688043721,4.959147917027244,654.3333333333334,0.14376431861725977,0.11111111111111112
4,34,1,33.130280452,35.641048453,05/06/2025,47,0.7198946502295689,0.7034283788113034,1.0697578917491493,0.5449480504312972,4.611033209849189,659.6666666666666,0.227179945782887,0.12239583333333334
4,35,1,33.130339765,35.641063695,05/06/2025,47,0.7264706439478746,0.7051624769112409,1.0915458084681542,0.5591974176940832,3.782880086421832,657.4444444444445,0.43750000000000006,0.12586805555555555
4,36,0,33.130566585,35.641130553,05/06/2025,47,0.71796982242579,0.7000910365542766,1.0750059295226766,0.5585629623560286,4.224774142702668,670.7777777777778,0.39950980392156865,0.13368055555555558
4,37,0,33.130800182,35.641201735,05/06/2025,47,0.7106996162151282,0.6962596812611236,1.0589156407798834,0.5433921592641137,2.339986977229236,667.8888888888889,0.6875,0.30295138888888884
4,38,0,33.130985852,35.641258988,05/06/2025,47,0.7224075675437658,0.7065672860310782,1.067085666773505,0.5478457731759043,1.6835024445205309,662.4444444444445,0.8125,0.4201388888888889
4,39,0,33.131165582,35.6413114,05/06/2025,47,0.7153794647953323,0.6945503204386484,1.0872362626299474,0.5387409853540991,3.7691728597979712,669.8888888888889,0.4649509803921569,0.15885416666666669
4,40,0,33.131352173,35.641367562,05/06/2025,47,0.7066158017846164,0.6953187394317629,1.0454062136603595,0.5437813126397932,2.8411220587395083,667.1111111111111,0.6270833333333334,0.1840277777777778
4,41,0,33.131530437,35.641418732,05/06/2025,47,0.7096234479277096,0.692435650477793,1.071614897975236,0.5429341941004251,3.4715372348154987,676.7777777777778,0.5229166666666667,0.1623263888888889
4,42,0,33.131712068,35.641472697,05/06/2025,47,0.6891373329091501,0.6837178515795398,1.0211611870981332,0.5188792657192536,1.9249935493429025,676.3333333333334,0.7916666666666666,0.3315972222222222
4,43,0,33.131951203,35.641545475,05/06/2025,47,0.6735800728254104,0.6698519309682924,1.0145066800096092,0.5148309025316379,4.346251836004466,693.8888888888889,0.23103170105322185,0.1284722222222222
4,44,0,33.132159068,35.641608093,05/06/2025,47,0.6420657882789629,0.6515386657910822,0.9680637530715788,0.48438086241347444,3.152170691632976,697.7777777777778,0.5229166666666667,0.22395833333333334
4,45,0,33.132159085,35.641608103,05/06/2025,47,0.6420657882789629,0.6515386657910822,0.9680637530715788,0.48438086241347444,3.152170691632976,697.7777777777778,0.5229166666666667,0.22395833333333334
4,46,0,33.132392733,35.641675218,05/06/2025,47,0.5824339615667987,0.6080238462303235,0.9256208936812611,0.4367979657755268,4.5443721485946105,719.7777777777778,0.25164027149321266,0.1267361111111111
4,47,0,33.132596072,35.64173629,05/06/2025,47,0.40530737021364566,0.48424610995849116,0.8228673401138531,0.31830609606355736,5.048533209849189,802.3333333333334,0.15676954723744713,0.1076388888888889
4,48,0,33.133211033,35.641665365,05/06/2025,47,0.44624584254502625,0.5145652676883791,0.837159071899434,0.34054121726893205,4.619239399499472,776.4444444444445,0.13924732245212873,0.1076388888888889
4,49,0,33.133042727,35.641615528,05/06/2025,47,0.554162702082296,0.5909565419194358,0.8971249729990929,0.42407528467349337,4.242492461184756,731.2222222222222,0.2051139374668786,0.14583333333333334
4,50,0,33.132881035,35.641566383,05/06/2025,47,0.630051941021435,0.6307068461034966,0.9982265862151846,0.473543603105788,3.5968226336265317,728.3333333333334,0.4125,0.17708333333333334
4,51,0,33.132708738,35.641512392,05/06/2025,47,0.6370680982248317,0.6498003286986922,0.957751663631377,0.4861696474333116,3.575825794518088,699.7777777777778,0.3729166666666667,0.19270833333333334
4,52,0,33.13250748,35.641455683,05/06/2025,47,0.6107748552077819,0.6249605999695836,0.9568562996131738,0.4684492242269799,4.5443721485946105,719.4444444444445,0.20770784925196686,0.1267361111111111
4,53,0,33.132359758,35.641409547,05/06/2025,47,0.6522254579515693,0.6532177073591048,0.9967244685799534,0.5002908370829635,1.9922486751129083,702.1111111111111,0.7291666666666667,0.2604166666666667
4,57,0,33.131793563,35.64124068,05/06/2025,47,0.7099632829518501,0.6904995762774209,1.079758506573893,0.539970592040206,4.110161460266554,685.2222222222222,0.47708333333333325,0.17621527777777776
4,58,0,33.13162207,35.64119012,05/06/2025,47,0.7094611817031515,0.6995942967791653,1.0403672236321735,0.5469625123819983,2.9303994237804702,660.5555555555555,0.58125,0.22743055555555558
4,59,0,33.131452007,35.64113953,05/06/2025,47,0.698053329105094,0.6883784132291576,1.0379218020265484,0.5366903132176658,3.140476256279071,683.6666666666666,0.5561274509803922,0.23958333333333331
4,60,0,33.131278977,35.641088275,05/06/2025,47,0.7150063140634878,0.6947462076190211,1.0843086233601993,0.5397757233175821,4.287448439523366,680.7777777777778,0.3468137254901961,0.1388888888888889
4,61,0,33.131111558,35.641037077,05/06/2025,47,0.7095884804376412,0.7008936249996517,1.0357376000395802,0.5445706721899239,3.548680608917954,660.8888888888889,0.4700603318250377,0.18055555555555555
4,62,0,33.13093769,35.640988772,05/06/2025,47,0.7171569971310411,0.7056906371581241,1.049589702849894,0.5454356384765258,4.431739399499471,663.7777777777778,0.37904411764705886,0.11892361111111112
4,63,0,33.130795735,35.6409461,05/06/2025,47,0.7210759979123151,0.70155464415512,1.0827811427555016,0.5469114100572494,2.988738362525892,662.3333333333334,0.6020833333333333,0.20052083333333334
4,64,0,33.130621442,35.64089229,05/06/2025,47,0.7143621590112353,0.6983051542729348,1.0662684304970163,0.5463122252071495,3.5475289937620214,674.7777777777778,0.46249999999999997,0.1579861111111111
4,65,0,33.130452752,35.640845742,05/06/2025,47,0.7072354186542882,0.691430396645045,1.0639308111567867,0.5318829766338719,3.9556140481496684,672.7777777777778,0.4224264705882353,0.13368055555555555
4,66,0,33.130272297,35.640787248,05/06/2025,47,0.7191129929923632,0.6981202944856673,1.0883101454368524,0.5570916805158213,4.2229250747848,663.1111111111111,0.41563914027149323,0.13628472222222224
4,67,0,33.13015775,35.640755325,05/06/2025,47,0.7124264350543884,0.6944149511468767,1.0756196377998697,0.5431713738454986,4.015336064760444,658.3333333333334,0.3935049019607843,0.1440972222222222
4,68,0,33.129994187,35.640708718,05/06/2025,47,0.6627077960603646,0.6648756139224543,0.994273906016132,0.5114552337994636,4.19195242024266,661.4444444444445,0.3636029411764706,0.12586805555555555
4,69,0,33.129886477,35.64067392,05/06/2025,47,0.6227844777577735,0.6391471287962044,0.9478718026599259,0.48761934352350794,4.159037234815499,451.1111111111111,0.20880408432067374,0.15104166666666669
4,70,0,33.130078742,35.640473065,05/06/2025,47,0.6761150934996235,0.6718144757183545,1.0167242398003098,0.508296106464568,5.063314583693912,661.0,0.24927591618768088,0.11197916666666669
4,71,0,33.130249393,35.640520833,05/06/2025,47,0.6960501807236199,0.6918670823392511,1.016927384839515,0.5327217639020677,2.6922157521702985,651.5555555555555,0.6958333333333333,0.3333333333333333
4,72,1,33.130283428,35.640529605,05/06/2025,47,0.6979016002184888,0.6911286662418683,1.0272230262504007,0.5340716011730215,4.195168032380222,654.8888888888889,0.43402149321266964,0.140625
4,73,0,33.13038629,35.640558765,05/06/2025,47,0.7033039712692237,0.6836450262429277,1.0791618979847364,0.5369493049666226,4.602303795493077,679.5555555555555,0.3055032917532917,0.11111111111111112
4,74,1,33.130489493,35.64059551,05/06/2025,47,0.7048736478990779,0.6953903336532251,1.0382327215678404,0.5440725033379379,2.68012332660786,668.8888888888889,0.6249999999999999,0.21874999999999994
4,75,1,33.130529357,35.640601843,05/06/2025,47,0.7039174987120496,0.6962978100487645,1.030930994625616,0.5420700760533177,3.9369196094054484,670.8888888888889,0.4598133484162896,0.12239583333333334
4,76,0,33.13060189,35.64062303,05/06/2025,47,0.706275609624633,0.6891941585658149,1.0692010607241498,0.5281733721962473,2.8986850162569406,684.7777777777778,0.625,0.20572916666666666
4,77,0,33.130774337,35.64067839,05/06/2025,47,0.7065099351922551,0.6885155080790247,1.0727970021444841,0.5401588674808206,2.4074727945748764,686.6666666666666,0.6937500000000001,0.30208333333333326
4,78,0,33.130945642,35.64072416,05/06/2025,47,0.7076759543218623,0.6962729508489063,1.046187535290628,0.5414658981900244,2.6424259214832553,674.0,0.6062500000000001,0.2300347222222222
4,79,0,33.131116633,35.640775893,05/06/2025,47,0.706938687379821,0.698925421420512,1.0327711543206306,0.5470285860941762,3.8428922639475886,675.0,0.4708333333333333,0.1449652777777778
4,80,0,33.131277875,35.640823418,05/06/2025,47,0.703319421062356,0.7015045416361142,1.007198090971797,0.5410163729269017,2.8858414111932924,659.1111111111111,0.6375,0.2065972222222222
4,81,1,33.131388728,35.64086117,05/06/2025,47,0.6966835736060903,0.6850282643731913,1.0458685043682745,0.5384853589761912,4.4903416701725325,686.4444444444445,0.3468891402714932,0.1189236111111111
4,82,0,33.131551763,35.640910077,05/06/2025,47,0.691773202090812,0.6929020988359782,0.9959225275220985,0.5495059846514511,3.404984972100632,671.0,0.48125000000000007,0.16753472222222224
4,83,0,33.131735872,35.64096258,05/06/2025,47,0.6980796714374693,0.6907923604626749,1.029558524978959,0.5345674620214479,4.619239399499472,676.3333333333334,0.264907616892911,0.1076388888888889
4,84,1,33.131808365,35.640985798,05/06/2025,47,0.7032967612378145,0.6944451061328719,1.0352841624520859,0.538495708120482,4.568494793599888,666.3333333333334,0.2712858220211161,0.12239583333333334
4,85,0,33.131973595,35.641032565,05/06/2025,47,0.6945275069136528,0.6901075499677805,1.0180355259183498,0.5347994786201753,4.001426440498355,669.3333333333334,0.45784313725490194,0.1449652777777778
4,86,0,33.13214706,35.641084612,05/06/2025,47,0.6799821515015094,0.6681214794296556,1.0450696017386585,0.5190183379530562,3.2107789224830867,693.8888888888889,0.3623397435897436,0.19010416666666669
4,87,0,33.132318368,35.641134877,05/06/2025,47,0.677989529936847,0.6688699904770758,1.0343496271334245,0.5141988433371917,2.930790181981766,682.4444444444445,0.5390931372549019,0.19444444444444448
4,88,0,33.132447467,35.641171288,05/06/2025,47,0.6705928917052021,0.6726611697338516,0.9923980607296179,0.5125335003639495,4.3894608760283615,683.5555555555555,0.2274132730015083,0.1284722222222222
4,89,0,33.132677382,35.641240768,05/06/2025,47,0.5970614082468946,0.6197000020608101,0.9320514401574207,0.4727364665974907,5.06331458369391,718.2222222222222,0.13506553235732036,0.11197916666666669
4,90,0,33.13285773,35.641295055,05/06/2025,47,0.6596389878802528,0.6685044657111383,0.9688116832043838,0.5028941761238017,3.412098313565133,679.3333333333334,0.5666666666666667,0.15538194444444445
4,91,0,33.133077455,35.64136293,05/06/2025,47,0.6529649162517248,0.6582012737209735,0.9818923800476936,0.5080136535726296,3.6699840053990544,702.8888888888889,0.5416666666666666,0.1519097222222222
4,92,0,33.133241818,35.641410273,05/06/2025,47,0.6592591390827279,0.6550312681334449,1.0153835713878934,0.49599585549161124,2.9133456951388417,711.4444444444445,0.54375,0.2152777777777778
4,93,0,33.133417687,35.641462717,05/06/2025,47,0.6390591438571462,0.6410466273243608,0.9935732483210103,0.46968504810018036,4.347534316583506,720.4444444444445,0.3458068362480128,0.12239583333333334
4,94,0,33.133610307,35.641524505,05/06/2025,47,0.5658237528382867,0.5925093382979113,0.923927462966042,0.4342084651638768,4.117014908952865,738.2222222222222,0.35380900697077167,0.1371527777777778
4,95,0,33.133775465,35.641572718,05/06/2025,47,0.5313147515457219,0.5682065208750755,0.8996498123346777,0.4099681077135125,4.184284387862438,770.2222222222222,0.36530155721332197,0.14756944444444448
4,96,0,33.133960583,35.64162429,05/06/2025,47,0.5278639703210966,0.5586642718898981,0.9164832647476319,0.39010904871477564,4.163932045910443,765.4444444444445,0.3398327626268802,0.13802083333333334
4,97,0,33.134187567,35.641696383,05/06/2025,47,0.5830448785469008,0.5997765781520992,0.9502372322752761,0.4352105448258984,3.525823910846054,753.4444444444445,0.5145833333333333,0.1779513888888889
4,98,0,33.134430207,35.641770607,05/06/2025,47,0.5994920061842004,0.6127146663124317,0.9590233428278064,0.4485344142504849,3.514005390679865,754.4444444444445,0.5536764705882353,0.17708333333333331
4,99,0,33.134612525,35.641825233,05/06/2025,47,0.5799035220942902,0.6026775263272266,0.9322962299814171,0.4347796009491285,4.8193665431825226,754.7777777777778,0.3023452977864743,0.11545138888888891
4,100,0,33.134773178,35.64187554,05/06/2025,47,0.5945036083156131,0.6092982712532746,0.9552919179600201,0.4566910534052185,4.5587462305923765,762.2222222222222,0.44620098039215683,0.13020833333333334
4,101,0,33.134945552,35.641922698,05/06/2025,47,0.5858363630691058,0.6095328543960401,0.9306641250468556,0.4399293678084255,4.804585169337801,761.4444444444445,0.31909114997350296,0.11111111111111113
4,102,0,33.135117153,35.641980013,05/06/2025,47,0.4525904869403583,0.5062521719952747,0.8705305787254131,0.3476230384464882,4.4193721485946105,568.6666666666666,0.26256204669879923,0.12847222222222224
4,103,0,33.134982408,35.641680653,05/06/2025,47,0.6067195234110014,0.6257842031590983,0.9406131493469141,0.4550224277220852,4.474467448142029,726.0,0.3582107843137255,0.12239583333333334
4,104,0,33.134810457,35.641630768,05/06/2025,47,0.6459553501906417,0.6477702412082084,0.994028236660612,0.4906355712009256,3.876964597768415,727.2222222222222,0.4041666666666667,0.12239583333333334
4,105,0,33.134630138,35.641574297,05/06/2025,47,0.6509762575095374,0.6504622077961794,1.0019829087791405,0.49659092347104816,4.502705481927944,729.1111111111111,0.3270833333333333,0.13020833333333334
4,106,0,33.134394168,35.641501542,05/06/2025,47,0.639670073574329,0.6438365771839637,0.9864100545709787,0.5071770738295966,3.7122849987618847,734.8888888888889,0.4724264705882353,0.16927083333333331
4,107,0,33.134219085,35.641450663,05/06/2025,47,0.6142180562126012,0.6314788557933869,0.9451043459519101,0.4649392950658842,3.0311835807481353,725.6666666666666,0.5874999999999999,0.23177083333333331
4,108,0,33.134042575,35.641398028,05/06/2025,47,0.6324806517165578,0.6482950122161938,0.9480703720170092,0.4755456253659761,3.1297949849424147,707.2222222222222,0.4604166666666667,0.18836805555555558
4,109,0,33.133779428,35.641318685,05/06/2025,47,0.6518332938120427,0.6554355390825414,0.9877266425466704,0.49365774252258277,4.430255793112393,710.4444444444445,0.273538838612368,0.1371527777777778
4,110,0,33.133604408,35.64126555,05/06/2025,47,0.6565340196692744,0.667792287649728,0.9607614168956334,0.5127307781221219,2.5229773910978532,701.4444444444445,0.6791666666666666,0.3350694444444444
4,111,0,33.133425928,35.641212678,05/06/2025,47,0.6563316512546512,0.6651708822226349,0.9696211106799938,0.49941812201378405,3.5485332098491886,700.4444444444445,0.5166666666666667,0.1684027777777778
4,112,0,33.133250962,35.641162302,05/06/2025,47,0.6504511865708714,0.6625656687790437,0.9585877868798034,0.49987261450770376,4.275693045422949,685.1111111111111,0.37487745098039216,0.13020833333333334
4,113,0,33.133068517,35.64111066,05/06/2025,47,0.6727751500047557,0.6772716066088739,0.984047034333838,0.5183240677884912,3.6650891943041093,684.7777777777778,0.5104166666666666,0.16493055555555555
4,114,0,33.132884088,35.641053517,05/06/2025,47,0.6684291430586513,0.6690461651348824,0.997978233954366,0.5094162367184879,2.9005960789952034,681.8888888888889,0.6979166666666665,0.2621527777777777
4,115,0,33.13275016,35.641013687,05/06/2025,47,0.6211679076664924,0.6416953537856896,0.933935829296538,0.48191107530515764,4.40310716836281,702.2222222222222,0.37536764705882353,0.11805555555555557
4,116,0,33.132526445,35.640945088,05/06/2025,47,0.6629636044814733,0.6625585134922963,1.0026615958412384,0.5104119424556514,4.3245467530885,693.8888888888889,0.3786764705882353,0.12586805555555558
4,117,0,33.132353315,35.640892888,05/06/2025,47,0.6655151326137749,0.6736483742505404,0.9713204071553927,0.5145202132972297,2.061303984200316,673.3333333333334,0.71875,0.3315972222222222
4,118,0,33.132173813,35.64083862,05/06/2025,47,0.674663236737912,0.6701663256771353,1.0171213793719993,0.5166335105127846,4.352303795493078,693.5555555555555,0.3585312971342383,0.12152777777777779
4,119,0,33.131990313,35.640783327,05/06/2025,47,0.704399584541998,0.6917556371320398,1.0504521292118818,0.5468410327424649,3.896996441904049,676.7777777777778,0.37031664016958143,0.1293402777777778
4,120,0,33.131826442,35.640736202,05/06/2025,47,0.7080695451022959,0.7014943436546814,1.0267669258465593,0.5414744540035613,2.438202089984486,654.2222222222222,0.6439950980392157,0.25347222222222227
4,121,0,33.131641782,35.640680672,05/06/2025,47,0.6922985920495044,0.6890880801289746,1.0124179603025305,0.538035556804571,2.383888220226404,669.7777777777778,0.46458333333333335,0.2795138888888889
4,122,0,33.131449675,35.640623772,05/06/2025,47,0.6914648154556192,0.6904704800902925,1.0043678575702892,0.533455872071801,3.152170691632976,668.4444444444445,0.55625,0.22395833333333337
4,123,1,33.131408412,35.640608335,05/06/2025,47,0.6921199199613736,0.6916091106859956,1.0027285090789952,0.5331902666424607,2.9299056671541606,667.1111111111111,0.6375,0.1935763888888889
4,124,1,33.13123464,35.64055972,05/06/2025,47,0.7017975865029282,0.6909793086324868,1.0430404023740707,0.5436800120265113,2.078838679766182,672.8888888888889,0.7270833333333333,0.328125
4,126,0,33.131234403,35.640559448,05/06/2025,47,0.7017975865029282,0.6909793086324868,1.0430404023740707,0.5436800120265113,2.078838679766182,672.8888888888889,0.7270833333333333,0.328125
4,127,1,33.1311567,35.64053241,05/06/2025,47,0.7023724711146779,0.6849595693838885,1.0696972330103272,0.5320061958862632,4.102303795493077,685.3333333333334,0.43125,0.13194444444444445
4,128,0,33.130932527,35.640464422,05/06/2025,47,0.682287816650502,0.6786301124288053,1.0144847555361494,0.5219648464592024,4.603846168850306,679.1111111111111,0.19665346907993966,0.11458333333333334
4,129,0,33.130743188,35.640411035,05/06/2025,47,0.7027457340749539,0.6910932205666778,1.0475899319407747,0.5314987415355326,1.4541978025686977,677.0,0.8541666666666666,0.532986111111111
4,130,0,33.13049672,35.640334402,05/06/2025,47,0.6773826434331891,0.6707398558604664,1.0253964637568966,0.5100561858642768,4.1595533252021655,669.7777777777778,0.46825980392156863,0.1371527777777778
4,131,0,33.1303069,35.640283857,05/06/2025,47,0.6758690384037226,0.672607416436861,1.012004520519107,0.5098907284892099,3.724688546745176,676.5555555555555,0.3540176205617382,0.14756944444444445
4,132,0,33.130053837,35.640208292,05/06/2025,47,0.6416162456608534,0.6460961660759165,0.9852528727792254,0.48131898641335435,4.3312693363517045,677.4444444444445,0.4286764705882353,0.1345486111111111
4,133,0,33.130101927,35.639957122,05/06/2025,47,0.6649061818841434,0.680296910554793,0.9457263680141678,0.5143627118814222,4.44323146167225,626.5555555555555,0.3498774509803921,0.1267361111111111
4,134,0,33.130231498,35.639995658,05/06/2025,47,0.6710908169759746,0.6887441913949565,0.9367200940662302,0.5220343596809189,3.5213880242490543,621.3333333333334,0.5122549019607844,0.16666666666666669
4,135,0,33.130332317,35.640030617,05/06/2025,47,0.6753823938275885,0.6889055871292382,0.950914357739037,0.5199917422743505,2.078838679766182,619.4444444444445,0.7270833333333334,0.328125
4,136,0,33.130466753,35.640065772,05/06/2025,47,0.6921180156052401,0.6908347868725365,1.0052373257796168,0.5455486680164369,4.349467448142027,629.6666666666666,0.37659313725490196,0.12239583333333334
4,137,0,33.130606073,35.640108777,05/06/2025,47,0.682448409393157,0.6903184072735713,0.971036756795959,0.5299233913430919,3.8551121157836827,630.7777777777778,0.48124999999999996,0.140625
4,138,0,33.130799665,35.6401659,05/06/2025,47,0.7011465859647948,0.7060775641150043,0.9815219873623346,0.5480701748651723,3.8988242140723095,624.2222222222222,0.33125,0.15104166666666669
4,139,0,33.130924783,35.640202167,05/06/2025,47,0.7007693349653406,0.6968710796028037,1.0155616559524336,0.5255439016529767,4.846251836004467,635.2222222222222,0.2183747095511801,0.1076388888888889
4,140,0,33.131045668,35.640237885,05/06/2025,47,0.6957006935978896,0.7002384122146158,0.9829744571282907,0.5376814528578499,3.466946814830571,628.6666666666666,0.55625,0.18229166666666669
4,141,0,33.13119875583578,35.640288385821016,05/06/2025,47,0.6904276243902092,0.6967036877630157,0.9769367797952457,0.5405619570931044,4.61318744001086,634.6666666666666,0.22928590355060943,0.11458333333333334
4,142,0,33.13124230414125,35.63999318747336,05/06/2025,47,0.6901605957167327,0.6979682542938119,0.97107047353311,0.5426266091663546,3.6995467530884993,626.7777777777778,0.4457107843137255,0.1640625
4,143,0,33.131103885,35.639938447,05/06/2025,47,0.6709264966599808,0.683917801553135,0.953226336143092,0.520671537546012,4.532880086421832,627.1111111111111,0.3748509538950716,0.11892361111111112
4,144,0,33.130836262,35.639859652,05/06/2025,47,0.7024392095680615,0.7014625444341936,1.0043422248947114,0.5508065339426306,2.407472794574877,610.3333333333334,0.71875,0.30208333333333326
4,145,0,33.13068126,35.639810557,05/06/2025,47,0.6975737986005923,0.6991072505639079,0.9944099939608176,0.5450732816066066,3.8620523585005877,610.3333333333334,0.42006033182503766,0.15711805555555555
4,146,0,33.130489362,35.639749943,05/06/2025,47,0.6687224282312694,0.6806189743374702,0.9575916098182253,0.5187714454261684,3.4416188279300868,626.4444444444445,0.47450980392156866,0.20572916666666669
4,149,0,33.130084953,35.639633447,05/06/2025,47,0.6603317222857638,0.6819167076078734,0.9246122349920908,0.5252372265503713,3.1633456951388417,419.8888888888889,0.46880246025547573,0.2048611111111111
5,2,0,33.129969208,35.641946852,09/06/2025,43,0.48676659050695315,0.5310892198776973,0.8902445537000206,0.3788971422536391,4.353846168850305,831.8888888888889,0.1619511536423301,0.125
5,3,0,33.130132513,35.641997872,09/06/2025,43,0.5130076162875655,0.550678946608336,0.9022205677211739,0.39583938627528886,4.159037234815499,521.1111111111111,0.1812471194535806,0.15104166666666669
5,4,0,33.130629767,35.641888025,09/06/2025,43,0.5880416591526926,0.5978968110452083,0.9724176008309979,0.46449737522067913,5.048533209849189,789.7777777777778,0.11336742345526948,0.10763888888888891
5,5,0,33.130460162,35.64183591,09/06/2025,43,0.6489423118222754,0.6379054594911214,1.0399570663307085,0.4981881905972955,3.9686331481071164,771.3333333333334,0.20864136195018548,0.14236111111111113
5,6,0,33.130302077,35.641785553,09/06/2025,43,0.6756733023141974,0.66321045642793,1.046512492612334,0.5316271072478179,4.846251836004468,756.6666666666666,0.27818627450980393,0.10763888888888891
5,7,0,33.13013566,35.641740683,09/06/2025,43,0.6656919865963188,0.6588191398214042,1.024963417257845,0.5260337858103633,3.552694271103767,752.7777777777778,0.3936274509803922,0.15104166666666666
5,8,0,33.129928818,35.641674958,09/06/2025,43,0.643663644622973,0.6414927749682872,1.007724609835096,0.4924841612855657,3.2611750035058655,762.4444444444445,0.5333333333333334,0.15798611111111113
5,9,0,33.130013228,35.641444272,09/06/2025,43,0.6668372414418607,0.650785041364332,1.0601036138035165,0.5140757909446569,4.846251836004468,782.2222222222222,0.3229166666666667,0.1076388888888889
5,10,0,33.130160123,35.641485933,09/06/2025,43,0.6761982450731138,0.6595551857522157,1.0627085622287273,0.5236229811838529,3.5968226336265308,786.1111111111111,0.2967006033182504,0.17708333333333337
5,11,0,33.130287267,35.641526048,09/06/2025,43,0.68816577696009,0.6676659706293173,1.0793781758901577,0.5355664636362996,2.5743440261990314,768.6666666666666,0.6875,0.21354166666666669
5,12,0,33.130417825,35.641564982,09/06/2025,43,0.6843897739080534,0.6683557982892586,1.06110171783246,0.5255090127005722,3.2986806089179534,787.3333333333334,0.6208333333333333,0.19097222222222224
5,13,0,33.130531453,35.641598925,09/06/2025,43,0.6871519064550837,0.6731635326073491,1.0536604601720099,0.5398471766465816,3.443231461672249,782.5555555555555,0.5229166666666667,0.2048611111111111
5,14,0,33.1305324,35.641599585,09/06/2025,43,0.6871519064550837,0.6731635326073491,1.0536604601720099,0.5398471766465816,3.443231461672249,782.5555555555555,0.5229166666666667,0.2048611111111111
5,15,0,33.130669182,35.641638927,09/06/2025,43,0.6963034579206819,0.6841554662728608,1.0484928784386367,0.5487859527998341,3.692009586131382,767.8888888888889,0.3836538461538462,0.1623263888888889
5,16,0,33.130827782,35.641688615,09/06/2025,43,0.6960596428189081,0.6805381953400322,1.061071651765864,0.5466370674457658,3.793093107165021,764.7777777777778,0.4604166666666667,0.1519097222222222
5,17,0,33.130976685,35.641731912,09/06/2025,43,0.6854452563797521,0.6727791990800072,1.048433963731551,0.529627317130978,3.774340304458977,767.6666666666666,0.5354166666666667,0.1545138888888889
5,18,0,33.13112277,35.641773428,09/06/2025,43,0.667701516825595,0.6561197013410849,1.0426655195044774,0.5182705595968474,3.454172272078755,795.6666666666666,0.4394607843137255,0.19791666666666669
5,19,0,33.131285223,35.641825392,09/06/2025,43,0.5696216229977149,0.5837615425332184,0.964068612467891,0.4391371180448808,4.663320189106001,829.2222222222222,0.15564382751595984,0.125
5,20,0,33.131447075,35.641873242,09/06/2025,43,0.5002576455633682,0.5336600779778906,0.915804377745975,0.4009288286546512,4.840199876515856,876.2222222222222,0.1431535036305481,0.11458333333333334
5,21,0,33.131711587,35.641713948,09/06/2025,43,0.6424743843222465,0.6323793879868381,1.035097302133222,0.49684678514311664,4.819366543182522,819.7777777777778,0.26584653092006033,0.1154513888888889
5,22,0,33.131529885,35.641661073,09/06/2025,43,0.6824543129634281,0.6642700401299965,1.0691197094445446,0.535064622306743,3.9668731152961887,800.8888888888889,0.46458333333333335,0.1605902777777778
5,23,0,33.13134376,35.641605153,09/06/2025,43,0.7024923683925638,0.6831455745067421,1.0778491433121167,0.5505114357283105,4.272667065678643,770.3333333333334,0.386104826546003,0.1345486111111111
5,24,0,33.131183887,35.641554618,09/06/2025,43,0.6952780163401729,0.6737506012410056,1.0850540179079065,0.5469930724902137,3.5769863820612033,782.8888888888889,0.49166666666666664,0.15538194444444445
5,25,0,33.131010425,35.641506768,09/06/2025,43,0.7023896127061852,0.6783675874779519,1.0967458939409012,0.547834403194352,3.0512693629222505,785.0,0.5041666666666667,0.1857638888888889
5,26,0,33.130817698,35.641449733,09/06/2025,43,0.6973152058751766,0.6719853413335541,1.1002287288726533,0.542602786042956,4.201219991868833,788.7777777777778,0.3457803391626921,0.13368055555555555
5,27,0,33.130644047,35.64139707,09/06/2025,43,0.7098535866639566,0.6866951543394217,1.0948260710419635,0.556289262144269,4.271388024249054,771.5555555555555,0.3447643288084465,0.13020833333333334
5,28,0,33.130465098,35.641345145,09/06/2025,43,0.7009362242772755,0.6789116275475731,1.0880343222765012,0.5488829155028859,3.9367722103366827,783.0,0.44375000000000003,0.13628472222222224
5,29,0,33.130293565,35.6412921,09/06/2025,43,0.704573815753233,0.6837388906897938,1.0841164138507287,0.5491094504981134,4.36923939949947,774.0,0.2748303167420814,0.11805555555555557
5,30,0,33.130117265,35.641243008,09/06/2025,43,0.6958944261475288,0.6851165305525312,1.0425090448646779,0.5482463927487354,4.57957956392571,762.0,0.31727941176470587,0.12239583333333334
5,31,0,33.129956522,35.641189745,09/06/2025,43,0.6593241896324673,0.6618868702044106,0.9914490330868033,0.524911895581372,3.1633456951388426,753.8888888888889,0.48958333333333337,0.2048611111111111
5,32,0,33.130061327,35.640980707,09/06/2025,43,0.6566462428536753,0.6579658325155138,0.9966842671745587,0.5183440500033561,5.084147917027245,753.6666666666666,0.20562961151196446,0.11111111111111112
5,33,0,33.130235545,35.641033943,09/06/2025,43,0.713208451528017,0.6898805470317109,1.0964249455318704,0.5584287275974231,3.6071575474056434,762.5555555555555,0.35821078431372555,0.16493055555555555
5,34,1,33.130280452,35.641048453,09/06/2025,43,0.7135756130564381,0.6930280518119927,1.0848840796086,0.5604028047669466,3.671526378756283,754.8888888888889,0.46249999999999997,0.1640625
5,35,1,33.130339765,35.641063695,09/06/2025,43,0.7176058033452725,0.690264321071372,1.1151760148567358,0.5633763917392641,1.4353074058019708,766.7777777777778,0.84375,0.4887152777777778
5,36,0,33.130566585,35.641130553,09/06/2025,43,0.7179302199115186,0.6893568637748452,1.12054062904741,0.5489369407934358,3.8598278679539817,761.2222222222222,0.4125,0.14149305555555555
5,37,0,33.130800182,35.641201735,09/06/2025,43,0.6991665215249976,0.6755268267663728,1.0941761806097439,0.5409867895813142,3.592354106677527,771.1111111111111,0.3837009803921569,0.13975694444444442
5,38,0,33.130985852,35.641258988,09/06/2025,43,0.7005349122470962,0.6828479019531053,1.0704306128998973,0.5362205048026459,2.3708644692353644,764.2222222222222,0.75,0.33854166666666663
5,39,0,33.131165582,35.6413114,09/06/2025,43,0.6921786668282051,0.6771794589803013,1.0585042100555657,0.5450157195873632,3.506977645172856,774.8888888888889,0.5625,0.18055555555555558
5,40,0,33.131352173,35.641367562,09/06/2025,43,0.6914946999116579,0.6717782361436441,1.0767205769220434,0.5393198970479093,3.16190859455862,779.5555555555555,0.4979166666666667,0.2638888888888889
5,41,0,33.131530437,35.641418732,09/06/2025,43,0.6931836953850232,0.6757024839874268,1.0680622667636297,0.536963718919961,3.1483948553419605,774.7777777777778,0.5625,0.2126736111111111
5,42,0,33.131712068,35.641472697,09/06/2025,43,0.6699663911972222,0.6586676752385848,1.0418085090185336,0.5253126874967807,4.186438618024109,789.0,0.39939668174962295,0.12239583333333334
5,43,0,33.131951203,35.641545475,09/06/2025,43,0.6596432580580943,0.647796875673723,1.0422870676220777,0.5052265910182054,2.6970716958592256,800.0,0.6458333333333335,0.21440972222222227
5,44,0,33.132159068,35.641608093,09/06/2025,43,0.6405056397815436,0.6341697451009676,1.0219368925584649,0.5030865521313317,3.737706448629522,795.0,0.4120098039215686,0.1371527777777778
5,45,0,33.132159085,35.641608103,09/06/2025,43,0.6405056397815436,0.6341697451009676,1.0219368925584649,0.5030865521313317,3.737706448629522,795.0,0.4120098039215686,0.1371527777777778
5,46,0,33.132392733,35.641675218,09/06/2025,43,0.5880094370807394,0.595015678158213,0.9787595646447045,0.4483266745725047,4.959147917027245,818.2222222222222,0.19086716807305043,0.11111111111111112
5,47,0,33.132596072,35.64173629,09/06/2025,43,0.43367931823073924,0.4942320424764467,0.8580831901369762,0.34404826466371724,5.048533209849189,870.1111111111111,0.12044436460872826,0.1076388888888889
5,48,0,33.133211033,35.641665365,09/06/2025,43,0.5124882141037895,0.5347152595910261,0.9430865042825841,0.3962538002342543,4.596251836004467,867.1111111111111,0.16898857567975215,0.11805555555555557
5,49,0,33.133042727,35.641615528,09/06/2025,43,0.5770758209526932,0.5959995595261021,0.9438915416330427,0.44153857489207815,4.8045851693378,803.1111111111111,0.20034782520076638,0.11111111111111113
5,50,0,33.132881035,35.641566383,09/06/2025,43,0.6382262729647464,0.6321425512728662,1.0208226546201276,0.49584101184584284,3.4282324283738275,814.2222222222222,0.4524509803921569,0.15972222222222224
5,51,0,33.132708738,35.641512392,09/06/2025,43,0.6351398555451211,0.6289834325841936,1.0208671270793293,0.49413514414020593,3.5968226336265317,810.5555555555555,0.3227941176470588,0.17708333333333334
5,52,0,33.13250748,35.641455683,09/06/2025,43,0.6138232352824547,0.6201358056518264,0.9800433469482329,0.47806930139332704,4.8193665431825226,812.7777777777778,0.21664073009661244,0.11545138888888891
5,53,0,33.132359758,35.641409547,09/06/2025,43,0.6489589531905495,0.638056458930105,1.0379222064731322,0.5044539798781957,3.776754427398839,804.4444444444445,0.43995098039215685,0.14409722222222224
5,57,0,33.131793563,35.64124068,09/06/2025,43,0.6826489113046302,0.6695695719917049,1.049945874703912,0.5396788527742771,4.10343887700335,790.4444444444445,0.3686274509803922,0.12239583333333334
5,58,0,33.13162207,35.64119012,09/06/2025,43,0.692925634099876,0.6741753447518652,1.0731580814124433,0.5333919766831874,3.6156270689835646,778.4444444444445,0.3416666666666666,0.15104166666666666
5,59,0,33.131452007,35.64113953,09/06/2025,43,0.6897862635090033,0.677647179512647,1.0467246864593074,0.544899205736783,4.204115106190033,777.8888888888889,0.3906862745098039,0.1527777777777778
5,60,0,33.131278977,35.641088275,09/06/2025,43,0.698341310988519,0.6799204516133683,1.0731458217190222,0.5472144566199986,2.397274706395919,772.3333333333334,0.5104166666666667,0.2552083333333333
5,61,0,33.131111558,35.641037077,09/06/2025,43,0.6955984558998392,0.6715406670158676,1.0945709473717717,0.5249575915745158,2.603508808137043,780.8888888888889,0.4979166666666667,0.21006944444444445
5,62,0,33.13093769,35.640988772,09/06/2025,43,0.7020644856614576,0.6839858410244618,1.0724514341342541,0.556727041810288,2.307180590341786,775.3333333333334,0.71875,0.2647569444444444
5,63,0,33.130795735,35.6409461,09/06/2025,43,0.7055827633311036,0.6865311264184424,1.0771374523376294,0.5466917451442495,3.259485231079872,766.6666666666666,0.5458333333333333,0.1701388888888889
5,64,0,33.130621442,35.64089229,09/06/2025,43,0.7070129997999213,0.687139772482955,1.080711915981323,0.5513709053922553,4.57957956392571,768.3333333333334,0.3339460784313726,0.12239583333333334
5,65,0,33.130452752,35.640845742,09/06/2025,43,0.7012387526085102,0.6803559582425237,1.0835570853137075,0.5466435656735761,3.421657244179387,767.8888888888889,0.49583333333333335,0.2152777777777778
5,66,0,33.130272297,35.640787248,09/06/2025,43,0.7061243262822572,0.6852393991858363,1.0843788150433609,0.5487075842886076,3.582019192898415,757.0,0.3724264705882353,0.15190972222222224
5,67,0,33.13015775,35.640755325,09/06/2025,43,0.7001030150862698,0.683557925814867,1.0655957141287133,0.5481432082281841,3.701786579207664,752.2222222222222,0.4562500000000001,0.16319444444444448
5,68,0,33.129994187,35.640708718,09/06/2025,43,0.6536489176898976,0.6500630503211551,1.014143664519703,0.5124929794978218,4.804585169337799,758.2222222222222,0.2631542232277526,0.11111111111111112
5,69,0,33.129886477,35.64067392,09/06/2025,43,0.5971806908137484,0.6212180048231039,0.9263541593457663,0.48348236454790333,4.159037234815499,505.6666666666667,0.2244448013867715,0.15104166666666669
5,70,0,33.130078742,35.640473065,09/06/2025,43,0.6712727207722127,0.6565980287413695,1.0542224530651858,0.5262096844555298,5.0901998765158565,771.1111111111111,0.26600678733031674,0.10416666666666669
5,71,0,33.130249393,35.640520833,09/06/2025,43,0.6856153944694932,0.6767856526034638,1.0338399406726022,0.5349466434700307,4.36923939949947,758.3333333333334,0.30723981900452485,0.11805555555555555
5,72,1,33.130283428,35.640529605,09/06/2025,43,0.6850882340971002,0.675156230218896,1.0381384837796561,0.5373686571601106,4.430255793112394,762.6666666666666,0.30221530920060335,0.1371527777777778
5,73,0,33.13038629,35.640558765,09/06/2025,43,0.6974719131532338,0.6774782512385301,1.0791899693309868,0.5443441564185704,1.8279538356873366,758.8888888888889,0.7812500000000001,0.3862847222222223
5,74,1,33.130489493,35.64059551,09/06/2025,43,0.7030860081979324,0.6787528177447708,1.098211244153777,0.541771021051252,3.850560296327809,773.5555555555555,0.4333333333333333,0.14930555555555555
5,75,1,33.130529357,35.640601843,09/06/2025,43,0.7017483596657752,0.6761101989208722,1.1031533290350706,0.5423944072974848,4.473406066166137,779.0,0.2985538196567608,0.1154513888888889
5,76,0,33.13060189,35.64062303,09/06/2025,43,0.695709668978492,0.6760579711870046,1.077287517030328,0.5424943544509294,3.565616212924348,778.5555555555555,0.440026395173454,0.16493055555555558
5,77,0,33.130774337,35.64067839,09/06/2025,43,0.6961806256992259,0.6758442470043585,1.0799976896943775,0.5413590431499709,4.420507230104883,780.0,0.3707107843137255,0.12239583333333334
5,78,0,33.130945642,35.64072416,09/06/2025,43,0.6972901685571551,0.6764261729049514,1.082289961157754,0.54595878332857,3.6162134197551654,779.2222222222222,0.4854166666666667,0.1623263888888889
5,79,0,33.131116633,35.640775893,09/06/2025,43,0.6971593944851302,0.6840363705957686,1.0515379052671454,0.542627872958206,2.128154386514085,769.5555555555555,0.7791666666666668,0.37326388888888895
5,80,0,33.131277875,35.640823418,09/06/2025,43,0.6940920646341936,0.6753690403616229,1.0731654394664254,0.5421186879998948,1.4353074058019706,776.5555555555555,0.84375,0.4887152777777778
5,81,1,33.131388728,35.64086117,09/06/2025,43,0.687169823837666,0.6699125266204484,1.0669069469718166,0.5421869303626765,1.6835024445205309,781.7777777777778,0.8125,0.4201388888888889
5,82,0,33.131551763,35.640910077,09/06/2025,43,0.6807433656220454,0.6601875631577081,1.0776722800291407,0.5269467344424786,3.011578526952132,792.4444444444445,0.6125,0.2109375
5,83,0,33.131735872,35.64096258,09/06/2025,43,0.6875200498145114,0.6645602470528049,1.0883542776564499,0.5363519733498272,3.2689002017748097,795.7777777777778,0.513235294117647,0.16579861111111113
5,84,1,33.131808365,35.640985798,09/06/2025,43,0.6814461777407322,0.6669685255054971,1.0545383508747521,0.5320022260163376,4.292481250360579,783.7777777777778,0.3589460784313725,0.16493055555555555
5,85,0,33.131973595,35.641032565,09/06/2025,43,0.6805151093289815,0.6597884936958169,1.0784184087417825,0.5341398855566487,1.944381475746753,794.6666666666666,0.7395833333333334,0.2977430555555556
5,86,0,33.13214706,35.641084612,09/06/2025,43,0.6582719735693502,0.6545053315906899,1.013354324335372,0.5105971795154646,4.3865657617071605,775.7777777777778,0.33186452855570503,0.13020833333333334
5,87,0,33.132318368,35.641134877,09/06/2025,43,0.6550462582359955,0.6442187133868877,1.0383199461813983,0.5109440094195637,4.2229250747848,795.2222222222222,0.3710312971342383,0.1362847222222222
5,88,0,33.132447467,35.641171288,09/06/2025,43,0.6522041294107987,0.6437725623720049,1.0297588557060202,0.5032977407812123,3.4040395229836156,792.8888888888889,0.3830882352941176,0.19618055555555555
5,89,0,33.132677382,35.641240768,09/06/2025,43,0.5745342225796802,0.589057118965271,0.9596168225318382,0.44710286008884115,3.9090372348154987,817.3333333333334,0.24492504382210264,0.16145833333333334
5,90,0,33.13285773,35.641295055,09/06/2025,43,0.6468352920698224,0.641713923541152,1.0177094593233105,0.496882451075929,2.68514304294886,799.4444444444445,0.65625,0.23524305555555558
5,91,0,33.133077455,35.64136293,09/06/2025,43,0.6493428147519751,0.6475803220569669,1.0062470666984247,0.5119491439878702,3.7255602963278096,799.4444444444445,0.383578431372549,0.16493055555555555
5,92,0,33.133241818,35.641410273,09/06/2025,43,0.6502527335782106,0.6412209971033662,1.0316449007352226,0.5005316709142771,2.755123044017255,806.3333333333334,0.6708333333333334,0.21180555555555555
5,93,0,33.133417687,35.641462717,09/06/2025,43,0.6491857849073597,0.6376725910453113,1.041486669784805,0.5015728225478155,4.18643861802411,816.0,0.38492647058823526,0.12239583333333334
5,94,0,33.133610307,35.641524505,09/06/2025,43,0.5796852754619704,0.5905908945043038,0.9686464810428633,0.45008274912910257,4.86103320984919,826.4444444444445,0.21832894941264264,0.11197916666666669
5,95,0,33.133775465,35.641572718,09/06/2025,43,0.5377959579024805,0.556759116472915,0.947999146007711,0.4133919929950478,3.0961078760851497,837.5555555555555,0.45625,0.1996527777777778
5,96,0,33.133960583,35.64162429,09/06/2025,43,0.5323419269578415,0.5535767146430326,0.9416610418486719,0.41822095352178934,4.035034316583504,830.4444444444445,0.4013240899270311,0.1579861111111111
5,97,0,33.134187567,35.641696383,09/06/2025,43,0.5802408838463209,0.588576738081012,0.9750385741816987,0.4559017094141824,4.292829775237383,853.4444444444445,0.3875,0.1267361111111111
5,98,0,33.134430207,35.641770607,09/06/2025,43,0.5910000577886473,0.5979430784231695,0.9788993292718724,0.47725780344275875,4.577572732832804,845.3333333333334,0.33529411764705885,0.11111111111111113
5,99,0,33.134612525,35.641825233,09/06/2025,43,0.577311338582398,0.5917649842888286,0.9574189119565387,0.46391014581258144,3.2174240378112207,851.8888888888889,0.5286764705882352,0.1840277777777778
5,100,0,33.134773178,35.64187554,09/06/2025,43,0.5888634327020003,0.5941066053110243,0.984285567875424,0.4610272302995136,4.56063712882641,848.5555555555555,0.35649509803921564,0.11458333333333334
5,101,0,33.134945552,35.641922698,09/06/2025,43,0.5847649745832685,0.589385028376737,0.9868370117146961,0.4541625389237561,4.5587462305923765,862.0,0.4041666666666667,0.13020833333333334
5,102,0,33.135117153,35.641980013,09/06/2025,43,0.47213740705753554,0.516761058906916,0.8890214170802905,0.3613911467234008,4.663320189106002,597.8888888888889,0.18995464544009014,0.125
5,103,0,33.134982408,35.641680653,09/06/2025,43,0.6049361272328633,0.6063381019665486,0.995834169592778,0.4703054927992965,4.317359712089615,824.4444444444445,0.22912564714035302,0.11111111111111112
5,104,0,33.134810457,35.641630768,09/06/2025,43,0.6372434790803868,0.6319671782590077,1.0181714374241069,0.5004205834501498,1.8389827611420677,823.1111111111111,0.7395833333333334,0.3567708333333333
5,105,0,33.134630138,35.641574297,09/06/2025,43,0.6421014016224866,0.6433107139448015,0.9959551683593673,0.5092567653356582,3.277170691632976,811.5555555555555,0.5395833333333333,0.22222222222222224
5,106,0,33.134394168,35.641501542,09/06/2025,43,0.6256512092954075,0.6304891962619262,0.9847431495886743,0.49485341827791296,3.4432314616722492,815.6666666666666,0.47291666666666676,0.2048611111111111
5,107,0,33.134219085,35.641450663,09/06/2025,43,0.6009308190482767,0.6154698583882996,0.954992279577232,0.48736372528793415,4.050222982275182,817.7777777777778,0.4229166666666666,0.13368055555555555
5,108,0,33.134042575,35.641398028,09/06/2025,43,0.6186592781441236,0.6217247581981749,0.9905029176006135,0.4914167297855665,4.093633148107116,827.3333333333334,0.27438725490196075,0.15625
5,109,0,33.133779428,35.641318685,09/06/2025,43,0.6511605769923956,0.6470603912441227,1.014598860239117,0.5125700678718266,3.600560296327809,807.3333333333334,0.58125,0.171875
5,110,0,33.133604408,35.64126555,09/06/2025,43,0.6356622630834271,0.6433357560047042,0.974554367375482,0.5146152671632058,2.9862696440248953,803.7777777777778,0.5666666666666667,0.1918402777777778
5,111,0,33.133425928,35.641212678,09/06/2025,43,0.6485587809433313,0.6478964180133937,1.0027259666362767,0.5167337373587233,3.4317965653881934,804.2222222222222,0.4099358974358974,0.1623263888888889
5,112,0,33.133250962,35.641162302,09/06/2025,43,0.6504246597129923,0.6452956180406947,1.018174080824329,0.5039980291250976,3.9320247983105037,804.3333333333334,0.4625,0.15104166666666669
5,113,0,33.133068517,35.64111066,09/06/2025,43,0.6607213418721094,0.6545042690183392,1.0227156748020256,0.5196954999965753,3.0137771577575547,797.6666666666666,0.6041666666666666,0.2092013888888889
5,114,0,33.132884088,35.641053517,09/06/2025,43,0.6536893783765051,0.6523290049067205,1.0047852654673208,0.5016038167008141,3.003923235359781,794.4444444444445,0.5541666666666667,0.20225694444444445
5,115,0,33.13275016,35.641013687,09/06/2025,43,0.6102212775287505,0.6161014152110256,0.9821074493509995,0.4809865931615804,5.0485332098491895,808.4444444444445,0.22122926093514328,0.1076388888888889
5,116,0,33.132526445,35.640945088,09/06/2025,43,0.6444435449757056,0.6437906902353967,1.0025871551706436,0.508940334140064,4.194192246361824,790.7777777777778,0.38125000000000003,0.1371527777777778
5,117,0,33.132353315,35.640892888,09/06/2025,43,0.6439827069494134,0.6407497765242335,1.0115345072102366,0.5075528639867294,3.8969964419040486,790.0,0.41666666666666674,0.1293402777777778
5,118,0,33.132173813,35.64083862,09/06/2025,43,0.6639303381578434,0.6592727808455235,1.0172443903006432,0.5210320591676689,2.9029781410077256,776.1111111111111,0.51875,0.18750000000000003
5,119,0,33.131990313,35.640783327,09/06/2025,43,0.6886549814921377,0.6770767711213067,1.044800770135146,0.5460433783760303,3.4677613985244826,763.6666666666666,0.4625,0.1857638888888889
5,120,0,33.131826442,35.640736202,09/06/2025,43,0.6943194764271146,0.6781560061794875,1.063069168402213,0.5573462795473483,4.433281772856699,777.7777777777778,0.3206636500754148,0.1310763888888889
5,121,0,33.131641782,35.640680672,09/06/2025,43,0.695915769957752,0.6836266865842213,1.0486345423756829,0.5397087393921904,4.0684210940655055,756.8888888888889,0.38610482654600303,0.13020833333333334
5,122,0,33.131449675,35.640623772,09/06/2025,43,0.6965901607399184,0.6824431750701723,1.0554980535904341,0.5427212686316828,3.140476256279071,759.4444444444445,0.5833333333333334,0.23958333333333334
5,123,1,33.131408412,35.640608335,09/06/2025,43,0.692110471017783,0.681574314831725,1.0412082614486133,0.5365014116740514,2.5560422809812717,759.1111111111111,0.6666666666666667,0.3116319444444444
5,124,1,33.13123464,35.64055972,09/06/2025,43,0.6854067724005142,0.6759261454529305,1.0362434465291348,0.5386302454713019,4.345380086421832,761.3333333333334,0.29388197586727,0.11805555555555555
5,126,0,33.131234403,35.640559448,09/06/2025,43,0.6854067724005142,0.6759261454529305,1.0362434465291348,0.5386302454713019,4.345380086421832,761.3333333333334,0.29388197586727,0.11805555555555555
5,127,1,33.1311567,35.64053241,09/06/2025,43,0.6870266593296159,0.6745659597686919,1.0477316214519745,0.5286772393695901,4.420507230104883,765.3333333333334,0.2823058069381599,0.12239583333333334
5,128,0,33.130932527,35.640464422,09/06/2025,43,0.682832324162353,0.6710214093596674,1.044905419995918,0.5318646219778492,3.2355040249663096,777.1111111111111,0.27622549019607845,0.22569444444444445
5,129,0,33.130743188,35.640411035,09/06/2025,43,0.6960916512980554,0.6787548317654554,1.0679358939571069,0.542010218213838,4.9235332098491895,770.8888888888889,0.2638348416289593,0.1232638888888889
5,130,0,33.13049672,35.640334402,09/06/2025,43,0.6731234377066821,0.6610033028959513,1.04532017759018,0.5282722139416314,4.18805469091572,772.5555555555555,0.44325980392156866,0.13020833333333334
5,131,0,33.1303069,35.640283857,09/06/2025,43,0.6673512759851357,0.6626135560029024,1.0173406609257838,0.5198729144968617,3.80068744001086,765.8888888888889,0.40625,0.1484375
5,132,0,33.130053837,35.640208292,09/06/2025,43,0.6337907571123335,0.6369053591917253,0.990195657705147,0.5058283280440915,4.821520773344195,766.0,0.1576149056296115,0.10763888888888891
5,133,0,33.130101927,35.639957122,09/06/2025,43,0.6637217889551448,0.6653910548149964,0.9948249113137368,0.537101916229863,3.2268427769068473,730.0,0.5666666666666667,0.20225694444444445
5,134,0,33.130231498,35.639995658,09/06/2025,43,0.6768942002103399,0.6713169774246066,1.020841472347312,0.5294493319426664,3.774340304458977,730.3333333333334,0.49987745098039216,0.1545138888888889
5,135,0,33.130332317,35.640030617,09/06/2025,43,0.6715217992480865,0.6747448854359858,0.9891449026324184,0.5423548758746173,3.932024798310503,724.4444444444445,0.4624999999999999,0.15104166666666669
5,136,0,33.130466753,35.640065772,09/06/2025,43,0.6897488263879208,0.6795785538386401,1.0396102403503056,0.5478275167350359,4.2472653792437765,733.3333333333334,0.35036764705882356,0.1310763888888889
5,137,0,33.130606073,35.640108777,09/06/2025,43,0.6859645140558248,0.675553415355474,1.0398034178391036,0.5490369090646559,3.32064902376156,736.1111111111111,0.5099264705882354,0.16145833333333334
5,138,0,33.130799665,35.6401659,09/06/2025,43,0.6960529538695372,0.6889680960480581,1.0278986090551898,0.5502277490788048,4.20929531609601,731.3333333333334,0.32274698340874813,0.11805555555555555
5,139,0,33.130924783,35.640202167,09/06/2025,43,0.7019556519996963,0.6837626628249637,1.0734406888504204,0.548155460188396,4.217090774749888,743.0,0.25526629570747217,0.12847222222222224
5,140,0,33.131045668,35.640237885,09/06/2025,43,0.6937363372136673,0.6860855091156401,1.030185073113641,0.5414541339555803,3.8848925229268274,730.8888888888889,0.37279411764705883,0.1449652777777778
5,141,0,33.13119875583578,35.640288385821016,09/06/2025,43,0.6977670165233416,0.6876043314823748,1.039990634677708,0.5587323434174317,3.4380546909157212,734.4444444444445,0.5875,0.15798611111111113
5,142,0,33.13124230414125,35.63999318747336,09/06/2025,43,0.6799634145919089,0.682756098999773,0.9906880020941298,0.5429157322864613,4.159037234815498,734.4444444444445,0.43139573396926334,0.15104166666666669
5,143,0,33.131103885,35.639938447,09/06/2025,43,0.6749614560643264,0.6700302489701028,1.0182115931861746,0.5333270868315432,3.0053241698252933,742.6666666666666,0.6145833333333333,0.1996527777777778
5,144,0,33.130836262,35.639859652,09/06/2025,43,0.6978604527142106,0.6940387969627048,1.0149697875939716,0.5565902765893168,2.339986977229236,714.4444444444445,0.6645833333333333,0.2873263888888889
5,145,0,33.13068126,35.639810557,09/06/2025,43,0.6898885784569747,0.6799875709712524,1.038231226222726,0.5387131148841241,2.6924203171277865,735.1111111111111,0.7104166666666667,0.234375
5,146,0,33.130489362,35.639749943,09/06/2025,43,0.6660866664777852,0.6699467662809355,0.9862296299302066,0.5256973739346829,3.6008456951388412,727.2222222222222,0.3342806041335453,0.1623263888888889
5,149,0,33.130084953,35.639633447,09/06/2025,43,0.6610349088513826,0.6648829525042922,0.9864740544160963,0.5188000526909342,3.3824047004525823,491.6666666666667,0.4396262782075627,0.16145833333333334
6,2,0,33.129969208,35.641946852,14/06/2025,38,0.548131938305951,0.5824486003881623,0.9080304311375195,0.42681628759670176,5.048533209849189,778.3333333333334,0.11745732091470036,0.1076388888888889
6,3,0,33.130132513,35.641997872,14/06/2025,38,0.614624731329075,0.6292838692842552,0.9557865199883507,0.4739683357110675,4.663320189106001,468.77777777777777,0.13170263805258897,0.125
6,4,0,33.130629767,35.641888025,14/06/2025,38,0.6916208618950153,0.6760735624237837,1.0643014400877142,0.5254584226846587,5.292481250360577,704.8888888888889,0.06143149172241263,0.10416666666666669
6,5,0,33.130460162,35.64183591,14/06/2025,38,0.7269659063702185,0.7027058840211077,1.10595738751913,0.5689771927787651,5.0485332098491895,688.5555555555555,0.1482950070145192,0.10763888888888891
6,6,0,33.130302077,35.641785553,14/06/2025,38,0.7527139745236565,0.7184740415151842,1.162233676880322,0.5858405969684166,4.611033209849189,695.7777777777778,0.3243401206636501,0.1310763888888889
6,7,0,33.13013566,35.641740683,14/06/2025,38,0.7243883185252591,0.6961454727605001,1.1210845408234047,0.5634725714050105,2.988738362525892,695.7777777777778,0.5269607843137254,0.20052083333333331
6,8,0,33.129928818,35.641674958,14/06/2025,38,0.6808089451878359,0.6840075024316544,0.9890432576779867,0.5312554759204083,4.18643861802411,689.2222222222222,0.277724358974359,0.12239583333333334
6,9,0,33.130013228,35.641444272,14/06/2025,38,0.7193236878184333,0.7043954422716862,1.0630728665505695,0.565880740624093,4.846251836004467,683.4444444444445,0.2250999245852187,0.1076388888888889
6,10,0,33.130160123,35.641485933,14/06/2025,38,0.7512814539749252,0.7257711712348094,1.1198239541834536,0.5870855686939787,3.7305931071650207,685.0,0.5375,0.14409722222222224
6,11,0,33.130287267,35.641526048,14/06/2025,38,0.7572926435438191,0.7245917370384531,1.1567696715587124,0.5948930194075056,3.8611806089179534,691.7777777777778,0.44571078431372546,0.13975694444444445
6,12,0,33.130417825,35.641564982,14/06/2025,38,0.7679780205871571,0.7287296617079931,1.195997742869248,0.588993376488058,3.0311835807481358,696.4444444444445,0.5727941176470588,0.23177083333333331
6,13,0,33.130531453,35.641598925,14/06/2025,38,0.7767247562094004,0.7357585570885603,1.2115027743278626,0.5996011519871908,4.141615106190033,694.0,0.33529411764705885,0.12239583333333334
6,14,0,33.1305324,35.641599585,14/06/2025,38,0.7767247562094004,0.7357585570885603,1.2115027743278626,0.5996011519871908,4.141615106190033,694.0,0.33529411764705885,0.12239583333333334
6,15,0,33.130669182,35.641638927,14/06/2025,38,0.77489682430203,0.7378439557415482,1.189420712425593,0.6051031880280502,4.4903416701725325,689.4444444444445,0.29296859076270837,0.1189236111111111
6,16,0,33.130827782,35.641688615,14/06/2025,38,0.7737118108893901,0.739861834636383,1.1719754970950056,0.598718366469659,4.346922459779061,684.6666666666666,0.20402526395173454,0.1284722222222222
6,17,0,33.130976685,35.641731912,14/06/2025,38,0.7540305814107031,0.7263975159254199,1.1308984876392913,0.5827459367428109,4.309284387862438,690.6666666666666,0.26098227752639513,0.14756944444444445
6,18,0,33.13112277,35.641773428,14/06/2025,38,0.7458213975503758,0.7150679446380495,1.1414855250199958,0.5749961615757708,4.804585169337801,698.3333333333334,0.3195568362480127,0.1111111111111111
6,19,0,33.131285223,35.641825392,14/06/2025,38,0.6804119207094885,0.6704403865919026,1.0452683396240645,0.5269075325122968,5.292481250360577,722.6666666666666,0.11141662520052224,0.10416666666666669
6,20,0,33.131447075,35.641873242,14/06/2025,38,0.5874121473154559,0.6076659771879825,0.9465139402518139,0.46381547398018813,4.40310716836281,784.1111111111111,0.16230602319655515,0.11805555555555557
6,21,0,33.131711587,35.641713948,14/06/2025,38,0.731400640006824,0.7039847734786147,1.120144652006089,0.560687140543398,4.819366543182522,715.0,0.2295386449798214,0.1154513888888889
6,22,0,33.131529885,35.641661073,14/06/2025,38,0.7690867446980574,0.7358827567512229,1.1668295366947266,0.5998842248758359,4.0403525262317475,689.5555555555555,0.33075980392156856,0.14496527777777776
6,23,0,33.13134376,35.641605153,14/06/2025,38,0.7730931382520558,0.7361972527867819,1.1894635263866475,0.603905837168268,4.0111750035058655,685.8888888888889,0.42500000000000004,0.13020833333333334
6,24,0,33.131183887,35.641554618,14/06/2025,38,0.7669803967374622,0.7293181924681075,1.1869885703633456,0.5994482259654171,4.1090263787562815,701.4444444444445,0.250402042313807,0.11805555555555555
6,25,0,33.131010425,35.641506768,14/06/2025,38,0.77179162719955,0.732790117671559,1.1977487077082103,0.5987527066848842,3.9445139422512874,702.3333333333334,0.4104716990746402,0.14149305555555555
6,26,0,33.130817698,35.641449733,14/06/2025,38,0.756991205205398,0.7232208048925884,1.1622049705735027,0.5859469895878823,3.877968813855583,705.5555555555555,0.42867647058823527,0.1484375
6,27,0,33.130644047,35.64139707,14/06/2025,38,0.7774959976491439,0.7401653687831167,1.1934281869073446,0.6072094219859947,3.8006874400108606,693.8888888888889,0.44999999999999996,0.1484375
6,28,0,33.130465098,35.641345145,14/06/2025,38,0.7799459176440315,0.7456865272601673,1.1789699937869684,0.6007003851164031,3.777847275584621,683.2222222222222,0.4083333333333333,0.15364583333333331
6,29,0,33.130293565,35.6412921,14/06/2025,38,0.7815415121214735,0.7446085167739422,1.194216828207944,0.6181507931360438,4.590199876515855,682.7777777777778,0.3751808935632466,0.1371527777777778
6,30,0,33.130117265,35.641243008,14/06/2025,38,0.765038314675565,0.7390983813955554,1.128122723451363,0.6024602561965406,2.98515977257187,680.3333333333334,0.5394607843137255,0.2230902777777778
6,31,0,33.129956522,35.641189745,14/06/2025,38,0.7192155425526728,0.6968722832541621,1.0953589155739671,0.5504285245627085,5.0901998765158565,695.6666666666666,0.20629127430598018,0.10416666666666669
6,32,0,33.130061327,35.640980707,14/06/2025,38,0.7094524796161539,0.685032680876653,1.1003412320302068,0.5425262033843592,4.602303795493077,703.8888888888889,0.27728129713423827,0.11111111111111112
6,33,0,33.130235545,35.641033943,14/06/2025,38,0.7737630865484211,0.7425637294697528,1.1584062124433778,0.6065408094493667,3.8428922639475886,665.8888888888889,0.4248774509803921,0.14496527777777776
6,34,1,33.130280452,35.641048453,14/06/2025,38,0.777596427489717,0.7437903247311812,1.1746959009567117,0.5976825781315649,3.407008336839199,666.0,0.3139705882352941,0.1449652777777778
6,35,1,33.130339765,35.641063695,14/06/2025,38,0.7810782563968421,0.7418306947319732,1.2058392247406988,0.6062279397586354,3.241677877490844,681.0,0.5604166666666667,0.2170138888888889
6,36,0,33.130566585,35.641130553,14/06/2025,38,0.7751164620285244,0.743144822684031,1.163268584983677,0.603659996672196,3.986033209849189,675.3333333333334,0.43541666666666673,0.1467013888888889
6,37,0,33.130800182,35.641201735,14/06/2025,38,0.7619520014318387,0.7248163047084086,1.1815694015644806,0.5938276352416876,3.5213880242490543,692.2222222222222,0.5666666666666667,0.16666666666666669
6,38,0,33.130985852,35.641258988,14/06/2025,38,0.7734762934443898,0.7359482931808491,1.1920663651148393,0.6079985847825857,4.317359712089616,693.5555555555555,0.39779411764705885,0.11111111111111112
6,39,0,33.131165582,35.6413114,14/06/2025,38,0.7776189278652749,0.7309988705148559,1.2430443829491629,0.5940762122406977,3.499557609147715,701.0,0.4774038461538462,0.16927083333333334
6,40,0,33.131352173,35.641367562,14/06/2025,38,0.7601253646510097,0.7235289581853687,1.1778358685726706,0.5864132362277773,2.3838882202264036,700.1111111111111,0.65625,0.2795138888888889
6,41,0,33.131530437,35.641418732,14/06/2025,38,0.7618683879843604,0.7275399962876083,1.1675218788800232,0.5991401850728654,3.1234576266427707,697.5555555555555,0.59375,0.2152777777777778
6,42,0,33.131712068,35.641472697,14/06/2025,38,0.7532792924560505,0.7251671607949288,1.1321138947341143,0.5852299409642241,3.986180608917954,683.0,0.37892156862745097,0.13802083333333331
6,43,0,33.131951203,35.641545475,14/06/2025,38,0.7371379132948584,0.7083632375594562,1.1283062277387532,0.5748348442242652,4.854981250360579,717.4444444444445,0.298538838612368,0.11892361111111112
6,44,0,33.132159068,35.641608093,14/06/2025,38,0.7137491847133657,0.6898876651403711,1.0990167468337542,0.5543364298794698,2.5738496345702995,724.0,0.6479166666666667,0.21788194444444448
6,45,0,33.132159085,35.641608103,14/06/2025,38,0.7137491847133657,0.6898876651403711,1.0990167468337542,0.5543364298794698,2.5738496345702995,724.0,0.6479166666666667,0.21788194444444448
6,46,0,33.132392733,35.641675218,14/06/2025,38,0.6575936503685345,0.6543784169529899,1.0123820770705416,0.5286817195656474,4.403501365713556,755.0,0.44276960784313724,0.13368055555555558
6,47,0,33.132596072,35.64173629,14/06/2025,38,0.49479369661314215,0.5342459306526491,0.9027578490698553,0.37748376540849204,4.802694271103768,799.2222222222222,0.19962496560083065,0.1267361111111111
6,48,0,33.133211033,35.641665365,14/06/2025,38,0.5788794220910568,0.5943442150837602,0.9566494122363886,0.4390836490196832,3.89882421407231,778.2222222222222,0.18866897385190065,0.15104166666666669
6,49,0,33.133042727,35.641615528,14/06/2025,38,0.6589469125546432,0.6521249009418177,1.0260171202124413,0.5041041325585848,3.6071575474056425,752.2222222222222,0.2643382352941176,0.16493055555555558
6,50,0,33.132881035,35.641566383,14/06/2025,38,0.7147558796502965,0.6915050422377774,1.0967644571513635,0.5456367764241142,3.78619146497717,721.2222222222222,0.34375000000000006,0.15885416666666669
6,51,0,33.132708738,35.641512392,14/06/2025,38,0.7023864334550113,0.681437450055888,1.0839532176435471,0.5412807830940758,4.467354106677527,738.7777777777778,0.33689668174962295,0.12239583333333334
6,52,0,33.13250748,35.641455683,14/06/2025,38,0.7004247875136284,0.6763778169834587,1.0963873637757615,0.539394949737489,3.7170907747498885,755.2222222222222,0.3992269984917044,0.14930555555555558
6,53,0,33.132359758,35.641409547,14/06/2025,38,0.7239187133295281,0.6975834631889568,1.1125379802819424,0.556041009551729,3.330403120006803,730.5555555555555,0.48750000000000004,0.17708333333333334
6,57,0,33.131793563,35.64124068,14/06/2025,38,0.7697166705389722,0.7333735718519023,1.1825909545358448,0.6046182307191101,3.9091591278514217,694.8888888888889,0.38125000000000003,0.1388888888888889
6,58,0,33.13162207,35.64119012,14/06/2025,38,0.7657438530273439,0.7288310208400376,1.1824977293585939,0.5929218474880282,3.437907291846956,693.3333333333334,0.53125,0.15104166666666669
6,59,0,33.131452007,35.64113953,14/06/2025,38,0.7646580580123333,0.7322349864070832,1.1594536681635337,0.5939124475103505,3.664733535108143,690.8888888888889,0.4661764705882353,0.14930555555555555
6,60,0,33.131278977,35.641088275,14/06/2025,38,0.7750964899956665,0.7341955687721076,1.2107045939356098,0.5945279431038668,3.793093107165021,688.3333333333334,0.47120098039215685,0.15190972222222224
6,61,0,33.131111558,35.641037077,14/06/2025,38,0.7750825089538086,0.737863640701255,1.1908328498125842,0.5960511812200694,3.7880602963278096,684.2222222222222,0.466421568627451,0.13975694444444445
6,62,0,33.13093769,35.640988772,14/06/2025,38,0.782182411546225,0.7369290889412639,1.2396486663009534,0.6081023461377152,2.930790181981766,696.8888888888889,0.6479166666666667,0.19444444444444448
6,63,0,33.130795735,35.6409461,14/06/2025,38,0.7847810100330281,0.7385632778024216,1.2480386203479514,0.6059540804548589,5.0901998765158565,695.0,0.19893522481757775,0.10416666666666669
6,64,0,33.130621442,35.64089229,14/06/2025,38,0.7732609235539084,0.7387275060384638,1.1764403207924221,0.601806088544118,3.921526378756282,687.2222222222222,0.39534313725490206,0.1449652777777778
6,65,0,33.130452752,35.640845742,14/06/2025,38,0.7703874494864954,0.731610328279753,1.1955460804389946,0.5939249089290729,4.247936003018372,692.7777777777778,0.3992929864253393,0.12586805555555555
6,66,0,33.130272297,35.640787248,14/06/2025,38,0.7761929729133992,0.7368782558557351,1.2024097580233775,0.5995746914550181,4.188461982762677,671.4444444444445,0.32279411764705884,0.1310763888888889
6,67,0,33.13015775,35.640755325,14/06/2025,38,0.7575366062963168,0.7265750013993724,1.1494365938916677,0.5908505744062289,3.89882421407231,677.7777777777778,0.43958333333333327,0.15104166666666669
6,68,0,33.129994187,35.640708718,14/06/2025,38,0.7070455222605563,0.6925599061196183,1.0585715084419178,0.5506661143639874,4.240341670172532,694.3333333333334,0.3118740573152338,0.1293402777777778
6,69,0,33.129886477,35.64067392,14/06/2025,38,0.6474092092021869,0.6648012145533431,0.9417782978021497,0.5174420974928765,4.159037234815499,441.3333333333333,0.18202961420493724,0.15104166666666669
6,70,0,33.130078742,35.640473065,14/06/2025,38,0.7212838132879599,0.6942529133469485,1.1151524562743693,0.5529389944864983,4.923533209849189,698.0,0.16737036810566222,0.12326388888888891
6,71,0,33.130249393,35.640520833,14/06/2025,38,0.7592443143270825,0.720500738614009,1.1874612856372213,0.5806199661521261,4.147667065678643,703.3333333333334,0.39938725490196075,0.13628472222222224
6,72,1,33.130283428,35.640529605,14/06/2025,38,0.7593669038807883,0.7191323677922843,1.1949261506375317,0.5787308611702668,3.8620523585005873,705.6666666666666,0.40756033182503765,0.15711805555555555
6,73,0,33.13038629,35.640558765,14/06/2025,38,0.7667748892327128,0.7258605935438784,1.2038625664265032,0.5878522985571275,2.696361812096055,704.7777777777778,0.65625,0.2777777777777778
6,74,1,33.130489493,35.64059551,14/06/2025,38,0.7661521769421928,0.7342405267145349,1.1575817338326242,0.5896278861596148,3.782399095040494,678.7777777777778,0.326593137254902,0.1293402777777778
6,75,1,33.130529357,35.640601843,14/06/2025,38,0.7704747934768629,0.7344034624554822,1.1822262561544516,0.5924513336422154,4.56063712882641,683.5555555555555,0.35367647058823537,0.11458333333333334
6,76,0,33.13060189,35.64062303,14/06/2025,38,0.7648066287682812,0.7291477497362826,1.1766978997030935,0.5957622091081812,4.160906066166137,694.7777777777778,0.3375,0.1284722222222222
6,77,0,33.130774337,35.64067839,14/06/2025,38,0.7636051523572676,0.7290486352466861,1.169705104494432,0.5971286246922506,3.7162190251672547,693.6666666666666,0.3225961538461539,0.15625
6,78,0,33.130945642,35.64072416,14/06/2025,38,0.7734460078164741,0.7332880317800312,1.205200227935262,0.5942726708036102,2.8359813201213147,689.0,0.6895833333333332,0.3003472222222222
6,79,0,33.131116633,35.640775893,14/06/2025,38,0.7722281636644036,0.733632444315682,1.1956398157554904,0.6077451034118448,3.93643861802411,696.1111111111111,0.2929166666666667,0.15538194444444445
6,80,0,33.131277875,35.640823418,14/06/2025,38,0.7609023789084897,0.7320067385529927,1.1401985731778035,0.5980087484865533,4.186772210336683,686.6666666666666,0.2870681484652073,0.12586805555555555
6,81,1,33.131388728,35.64086117,14/06/2025,38,0.7564423889466201,0.729592496044199,1.1276129661338588,0.5898860906238311,3.9794580256547483,687.8888888888889,0.4332107843137255,0.13802083333333334
6,82,0,33.131551763,35.640910077,14/06/2025,38,0.7598432328284287,0.7270655943557334,1.1587807632229215,0.5845864161634066,4.0625902331800425,694.5555555555555,0.3466295197912845,0.1293402777777778
6,83,0,33.131735872,35.64096258,14/06/2025,38,0.752687851332484,0.7177074179950258,1.1651598584453575,0.5796431947421127,3.6746832239236924,702.7777777777778,0.36442307692307696,0.1762152777777778
6,84,1,33.131808365,35.640985798,14/06/2025,38,0.7565855475957411,0.7194838093641286,1.178003136472194,0.5895792086554477,2.4074727945748764,703.4444444444445,0.6458333333333333,0.3333333333333333
6,85,0,33.131973595,35.641032565,14/06/2025,38,0.7502824572434402,0.7202062295273595,1.1403757022207432,0.5917510913799076,3.5035806706600257,707.1111111111111,0.49583333333333335,0.1371527777777778
6,86,0,33.13214706,35.641084612,14/06/2025,38,0.7364481629319993,0.7118651078968797,1.1090282401385265,0.5723198528530825,3.775823910846054,711.4444444444445,0.40404411764705883,0.1762152777777778
6,87,0,33.132318368,35.641134877,14/06/2025,38,0.727977677127493,0.6914331195206077,1.159073352037731,0.5508443977663098,2.766640612222875,731.2222222222222,0.6375,0.2387152777777778
6,88,0,33.132447467,35.641171288,14/06/2025,38,0.7125695721733332,0.6932242087408352,1.0801220871028678,0.5523191594278779,3.8879185026711323,724.0,0.29206259426847664,0.15277777777777782
6,89,0,33.132677382,35.641240768,14/06/2025,38,0.6195583041175584,0.6216062185414595,0.994227429506926,0.48046461585899586,4.473406066166138,779.1111111111111,0.2776871101871102,0.11545138888888891
6,90,0,33.13285773,35.641295055,14/06/2025,38,0.7227548093109575,0.6955557321941315,1.1160674054336404,0.5617708037813155,4.396473620206547,722.3333333333334,0.37483974358974353,0.1371527777777778
6,91,0,33.133077455,35.64136293,14/06/2025,38,0.7165737960662393,0.6932554676812592,1.0977830871956893,0.5540698804638057,3.978586276072115,730.7777777777778,0.38389894419306186,0.11892361111111112
6,92,0,33.133241818,35.641410273,14/06/2025,38,0.7277989556245543,0.6977127672547236,1.1305063879924768,0.5535926381176023,4.014591741451467,736.4444444444445,0.4453431372549019,0.14322916666666666
6,93,0,33.133417687,35.641462717,14/06/2025,38,0.7160646178123707,0.6908464170796934,1.1055280502749312,0.5419890511618911,3.3168787207082775,732.2222222222222,0.5770833333333334,0.18055555555555558
6,94,0,33.133610307,35.641524505,14/06/2025,38,0.6609846767005851,0.6524882478272547,1.0314191130150752,0.5047835301356918,3.9090372348154987,757.5555555555555,0.23756777139130078,0.16145833333333334
6,95,0,33.133775465,35.641572718,14/06/2025,38,0.6121135293387283,0.6138831411747044,0.9951506377006558,0.4655164431570074,4.8045851693378,779.4444444444445,0.2363838612368024,0.11111111111111112
6,96,0,33.133960583,35.64162429,14/06/2025,38,0.6049491853371861,0.6080016756752045,0.9916582427613592,0.46957330867505676,3.004676884764281,779.4444444444445,0.4019607843137255,0.20225694444444448
6,97,0,33.134187567,35.641696383,14/06/2025,38,0.6404565993816712,0.6404248734288234,1.0015769333468818,0.49986946114353853,4.8193665431825226,760.8888888888889,0.3139234539969834,0.1154513888888889
6,98,0,33.134430207,35.641770607,14/06/2025,38,0.6722174086502393,0.6711277862908096,1.0049918603293788,0.5226771929852958,4.611033209849189,747.7777777777778,0.38370098039215683,0.12239583333333334
6,99,0,33.134612525,35.641825233,14/06/2025,38,0.6347637826592556,0.6406489770786847,0.9805280357225321,0.4920247070057596,2.061303984200316,768.5555555555555,0.5790064102564103,0.3628472222222222
6,100,0,33.134773178,35.64187554,14/06/2025,38,0.642365688509136,0.6375345516992588,1.0167553095882598,0.4867033586189906,3.859289710683921,777.4444444444445,0.3414969834087481,0.12586805555555558
6,101,0,33.134945552,35.641922698,14/06/2025,38,0.6633200012209046,0.6526693871148661,1.038798915762566,0.5089541295325497,3.1625056054120884,771.3333333333334,0.30199849170437404,0.21180555555555555
6,102,0,33.135117153,35.641980013,14/06/2025,38,0.5616645587686748,0.592955036330168,0.9115084425113009,0.43682969348302,4.173533209849189,538.6666666666666,0.24611651247599148,0.14756944444444448
6,103,0,33.134982408,35.641680653,14/06/2025,38,0.6683709937724749,0.667590119522782,1.0033942025429106,0.5232872236225873,4.015358131643836,733.1111111111111,0.389093137254902,0.1371527777777778
6,104,0,33.134810457,35.641630768,14/06/2025,38,0.7102377130700313,0.6990584909738784,1.0462389455316612,0.5611034245015574,3.2169468148305715,717.4444444444445,0.5833333333333335,0.14756944444444445
6,105,0,33.134630138,35.641574297,14/06/2025,38,0.7233596591742906,0.7061395547687733,1.0737410135412255,0.5650430236369552,4.5443721485946105,708.0,0.22270927601809953,0.1267361111111111
6,106,0,33.134394168,35.641501542,14/06/2025,38,0.7034688708314725,0.6899280789472713,1.0545038779838143,0.5443546269590325,4.788320189106001,726.5555555555555,0.29892533936651583,0.1232638888888889
6,107,0,33.134219085,35.641450663,14/06/2025,38,0.6937700860480799,0.6821431858265649,1.045167445257027,0.5424605284655902,3.93643861802411,732.6666666666666,0.42500000000000004,0.14149305555555558
6,108,0,33.134042575,35.641398028,14/06/2025,38,0.7034629053439697,0.688210249624275,1.060953057770212,0.5448308706960285,4.663320189106001,728.7777777777778,0.32402704740940036,0.125
6,109,0,33.133779428,35.641318685,14/06/2025,38,0.7313134950385718,0.7101211830482483,1.0937045403645573,0.5695107608159614,3.101236453340137,707.2222222222222,0.6270833333333333,0.24913194444444445
6,110,0,33.133604408,35.64126555,14/06/2025,38,0.7305197829068827,0.7109300595903728,1.0852080177493377,0.5736330595037222,2.761635692840854,707.6666666666666,0.6791666666666667,0.20225694444444448
6,111,0,33.133425928,35.641212678,14/06/2025,38,0.7265461853551263,0.7039615671062252,1.0979119280556537,0.5582014062742849,2.4482537708610694,708.8888888888889,0.73125,0.27951388888888884
6,112,0,33.133250962,35.641162302,14/06/2025,38,0.7307972071241736,0.7072191168173262,1.1030376791760625,0.5720888475424414,4.223406066166138,712.6666666666666,0.4294871794871795,0.12586805555555555
6,113,0,33.133068517,35.64111066,14/06/2025,38,0.73916848060734,0.7154110301487723,1.1071714082161894,0.5820700738536518,3.4416188279300868,710.8888888888889,0.4625,0.20572916666666669
6,114,0,33.132884088,35.641053517,14/06/2025,38,0.7228727505620066,0.7057117528932016,1.0728134469043367,0.5610350986746485,4.821520773344195,700.2222222222222,0.25721332191920426,0.1076388888888889
6,115,0,33.13275016,35.641013687,14/06/2025,38,0.649867028335134,0.6550893297547797,0.9860716282263423,0.5161596343902094,5.292481250360577,735.7777777777778,0.11711105638813851,0.10416666666666669
6,116,0,33.132526445,35.640945088,14/06/2025,38,0.712642806276437,0.6922811250906404,1.0843082841221945,0.5600445605583475,2.246507326436166,719.6666666666666,0.6979166666666667,0.27864583333333337
6,117,0,33.132353315,35.640892888,14/06/2025,38,0.7176521152541402,0.6882427235988172,1.1239499487381954,0.561160278278103,4.2229250747848,735.5555555555555,0.38647802780155716,0.1362847222222222
6,118,0,33.132173813,35.64083862,14/06/2025,38,0.7374706124436067,0.7154237083508037,1.0979960538863338,0.575967301284875,3.9549868557726664,688.2222222222222,0.3163084464555053,0.15277777777777782
6,119,0,33.131990313,35.640783327,14/06/2025,38,0.7737060424733911,0.7417514889218343,1.1631204164216375,0.616549142326793,2.078838679766182,670.5555555555555,0.6770833333333333,0.328125
6,120,0,33.131826442,35.640736202,14/06/2025,38,0.7768932991860368,0.7471707544765537,1.152773308960976,0.616282845915247,3.3190457161149203,669.1111111111111,0.5625,0.16666666666666669
6,121,0,33.131641782,35.640680672,14/06/2025,38,0.7829457035544061,0.7506641853554876,1.1705153378898396,0.6162408200144701,3.7880602963278096,651.4444444444445,0.49375,0.13975694444444445
6,122,0,33.131449675,35.640623772,14/06/2025,38,0.764019334691648,0.7383125811433993,1.1255671816786925,0.6085629885087428,4.484289710683922,673.7777777777778,0.31888197586726996,0.12586805555555555
6,123,1,33.131408412,35.640608335,14/06/2025,38,0.761422876926682,0.7383621147505569,1.1114864364059087,0.6052235692085666,4.430255793112394,676.4444444444445,0.23543552036199095,0.12152777777777778
6,124,1,33.13123464,35.64055972,14/06/2025,38,0.7622384638579192,0.7347792473186582,1.1331990826733658,0.598903186709442,3.4793877652698146,676.0,0.5625,0.1840277777777778
6,126,0,33.131234403,35.640559448,14/06/2025,38,0.7622384638579192,0.7347792473186582,1.1331990826733658,0.598903186709442,3.4793877652698146,676.0,0.5625,0.1840277777777778
6,127,1,33.1311567,35.64053241,14/06/2025,38,0.7597641240680013,0.7289429536101429,1.1486376186761131,0.5886546016874407,1.992670531398638,688.5555555555555,0.7708333333333333,0.2604166666666667
6,128,0,33.130932527,35.640464422,14/06/2025,38,0.7631488908819551,0.7343568691176361,1.1404627767509008,0.5989939610904592,4.087321295840314,675.2222222222222,0.46825980392156863,0.13802083333333331
6,129,0,33.130743188,35.640411035,14/06/2025,38,0.7721767281610001,0.7364221904398868,1.1823624025376174,0.6046131994478549,4.245374481009743,687.1111111111111,0.3718626431861726,0.14149305555555555
6,130,0,33.13049672,35.640334402,14/06/2025,38,0.7418934675047317,0.7183363362020873,1.106939101848977,0.5837406023662153,4.923533209849189,688.6666666666666,0.3274038461538462,0.12326388888888891
6,131,0,33.1303069,35.640283857,14/06/2025,38,0.7439888297301877,0.7212615591097743,1.1046788629625028,0.5830060405057079,4.577572732832805,680.0,0.279827106518283,0.11111111111111112
6,132,0,33.130053837,35.640208292,14/06/2025,38,0.6888221532246425,0.6872539457415063,1.0064432743149387,0.5394114815662652,3.9789770342734103,689.4444444444445,0.4298133484162896,0.13975694444444445
6,133,0,33.130101927,35.639957122,14/06/2025,38,0.7360238016339888,0.7174940639765935,1.0824302959540701,0.5803705627237412,3.9668731152961887,639.6666666666666,0.4849264705882353,0.1605902777777778
6,134,0,33.130231498,35.639995658,14/06/2025,38,0.7393214683079011,0.7260273016271604,1.0592715582062986,0.5967359592162835,3.7558204967791906,636.3333333333334,0.4982843137254902,0.1796875
6,135,0,33.130332317,35.640030617,14/06/2025,38,0.7428250410002382,0.7337769723540218,1.0416995813317889,0.5923849259025297,3.048990934337164,622.8888888888889,0.5875,0.2387152777777778
6,136,0,33.130466753,35.640065772,14/06/2025,38,0.7584845326326297,0.7454600489912228,1.0626050934263773,0.5926889933179356,4.0111750035058655,607.3333333333334,0.32512254901960785,0.13020833333333334
6,137,0,33.130606073,35.640108777,14/06/2025,38,0.7651671076390292,0.7401355403118198,1.122536531189545,0.6018094832170504,3.9556140481496684,632.2222222222222,0.2970211161387632,0.13368055555555555
6,138,0,33.130799665,35.6401659,14/06/2025,38,0.7838277344423048,0.7541256867478264,1.1572113784657747,0.611781151096035,2.232804503215415,618.6666666666666,0.7395833333333333,0.3359375
6,139,0,33.130924783,35.640202167,14/06/2025,38,0.7872725031433199,0.7617815904257559,1.1361261964941276,0.6084651407080214,4.48818744001086,612.1111111111111,0.35318627450980394,0.11979166666666669
6,140,0,33.131045668,35.640237885,14/06/2025,38,0.7729239233014923,0.7466929382324097,1.1343282631554412,0.6023645870357476,3.760430680196888,625.8888888888889,0.3306372549019608,0.1362847222222222
6,141,0,33.13119875583578,35.640288385821016,14/06/2025,38,0.7710228814273802,0.7538947444607981,1.0856790923431205,0.6116944464514202,3.563140286873214,615.5555555555555,0.5125,0.21006944444444442
6,142,0,33.13124230414125,35.63999318747336,14/06/2025,38,0.7710599678910586,0.7529818271799398,1.090450441093167,0.624255612790503,3.579172272078755,624.5555555555555,0.40612745098039216,0.19618055555555558
6,143,0,33.131103885,35.639938447,14/06/2025,38,0.747235782678312,0.7313564549809558,1.0749641971849817,0.58734964250068,4.4193721485946105,641.7777777777778,0.22749658595246827,0.12847222222222224
6,144,0,33.130836262,35.639859652,14/06/2025,38,0.7662536339889927,0.7487166521797355,1.0857827469839607,0.6094362780500324,3.355878505976054,620.4444444444445,0.4394607843137255,0.18489583333333331
6,145,0,33.13068126,35.639810557,14/06/2025,38,0.7640679341995954,0.747323362054424,1.081304392136064,0.6042683299083994,3.0687730580917587,621.2222222222222,0.6229166666666667,0.2065972222222222
6,146,0,33.130489362,35.639749943,14/06/2025,38,0.7528645814104602,0.7341430672651423,1.0874095734776104,0.5874351919203821,4.159037234815498,633.0,0.3136273490685255,0.15104166666666666
6,149,0,33.130084953,35.639633447,14/06/2025,38,0.7184904224859907,0.7154729150804959,1.0135707869530644,0.5679052997706595,4.1902054819279435,431.55555555555554,0.31462127853367605,0.1362847222222222
7,2,0,33.129969208,35.641946852,19/06/2025,33,0.4938815279100617,0.5258730050736367,0.9201376781471592,0.38932968104441185,3.89882421407231,872.1111111111111,0.18382310822814815,0.15104166666666666
7,3,0,33.130132513,35.641997872,19/06/2025,33,0.5539135929892479,0.576830689559449,0.9366957628855452,0.4352795356078653,4.663320189106001,528.6666666666666,0.1402335441718344,0.125
7,4,0,33.130629767,35.641888025,19/06/2025,33,0.6535171182991265,0.6387122448884698,1.058397898384951,0.5056609397468228,4.681127542695029,790.7777777777778,0.0744377119243466,0.11458333333333334
7,5,0,33.130460162,35.64183591,19/06/2025,33,0.7129934345389922,0.6785864221683803,1.146496125288859,0.5485438323816099,4.603846168850305,758.6666666666666,0.14891185927382983,0.11458333333333334
7,6,0,33.130302077,35.641785553,19/06/2025,33,0.7493933136631578,0.7026309463769294,1.2213130707829258,0.5782038572209974,5.0901998765158565,758.1111111111111,0.198445130651013,0.10416666666666669
7,7,0,33.13013566,35.641740683,19/06/2025,33,0.7145905689309306,0.6725236769652674,1.1763925842460634,0.5342647772867806,4.240341670172532,771.0,0.4227469834087481,0.1293402777777778
7,8,0,33.129928818,35.641674958,19/06/2025,33,0.6910401088225916,0.6637910230000311,1.1077407865371183,0.5266171957087917,5.0901998765158565,760.5555555555555,0.17142702091231501,0.10416666666666669
7,9,0,33.130013228,35.641444272,19/06/2025,33,0.725264714567651,0.6876680003431148,1.1636328535396068,0.5532531683309911,4.4193721485946105,775.2222222222222,0.3047322775263952,0.12847222222222224
7,10,0,33.130160123,35.641485933,19/06/2025,33,0.7631040762700927,0.7105646604204535,1.2598498276336625,0.5824793575046637,4.819366543182521,772.5555555555555,0.29024499612734905,0.11545138888888891
7,11,0,33.130287267,35.641526048,19/06/2025,33,0.7711713710329975,0.7196703165125236,1.2619890064711774,0.5902662668224382,3.2119140039933596,762.3333333333334,0.5125000000000001,0.16666666666666669
7,12,0,33.130417825,35.641564982,19/06/2025,33,0.785012443667096,0.7283357887140313,1.305061725569441,0.6107394207667975,3.5381982960700764,768.6666666666666,0.5770833333333333,0.1892361111111111
7,13,0,33.130531453,35.641598925,19/06/2025,33,0.7940170840393098,0.7303722914356175,1.3576929736429622,0.6147172052270248,2.8061881477331987,783.4444444444445,0.5791666666666666,0.2170138888888889
7,14,0,33.1305324,35.641599585,19/06/2025,33,0.7940170840393098,0.7303722914356175,1.3576929736429622,0.6147172052270248,2.8061881477331987,783.4444444444445,0.5791666666666666,0.2170138888888889
7,15,0,33.130669182,35.641638927,19/06/2025,33,0.7880884345951953,0.735165157857631,1.2879879196550243,0.6116867979840562,4.015336064760443,752.7777777777778,0.4740290346907994,0.1440972222222222
7,16,0,33.130827782,35.641688615,19/06/2025,33,0.7878372677256806,0.7283610144704576,1.3266527318556816,0.6070325097640108,4.042829775237382,768.5555555555555,0.44325980392156866,0.1371527777777778
7,17,0,33.130976685,35.641731912,19/06/2025,33,0.7590161228291623,0.7134975498686058,1.2207493847097184,0.5956402025577082,4.038060296327809,768.4444444444445,0.40759528759528757,0.1293402777777778
7,18,0,33.13112277,35.641773428,19/06/2025,33,0.7419872885210486,0.6962204774313225,1.2099692524730887,0.5684729894049183,4.56063712882641,779.1111111111111,0.3234822775263952,0.11458333333333334
7,19,0,33.131285223,35.641825392,19/06/2025,33,0.624637663640735,0.615479753890387,1.0451668717050064,0.4714430072820481,5.292481250360577,833.3333333333334,0.06315893511207532,0.10416666666666669
7,20,0,33.131447075,35.641873242,19/06/2025,33,0.516635338026299,0.5416353558478333,0.938981229697708,0.3965974894401396,3.9090372348154983,873.5555555555555,0.20484810393718522,0.16145833333333337
7,21,0,33.131711587,35.641713948,19/06/2025,33,0.7274944045332199,0.6897731846726203,1.1665255316879943,0.561450017559737,5.0901998765158565,788.6666666666666,0.1593875636646458,0.10416666666666669
7,22,0,33.131529885,35.641661073,19/06/2025,33,0.7689388532914635,0.7138277883928023,1.2785821908980421,0.590008157091153,4.117014908952865,782.6666666666666,0.35649509803921564,0.13020833333333334
7,23,0,33.13134376,35.641605153,19/06/2025,33,0.7855108094630654,0.7270320260414,1.3159980400547475,0.6045499293402771,4.188461982762676,770.1111111111111,0.3312688536953243,0.13802083333333334
7,24,0,33.131183887,35.641554618,19/06/2025,33,0.7753576229541925,0.718000020010843,1.2979493616632882,0.5947243610076304,4.231000399011977,779.6666666666666,0.37916666666666665,0.12239583333333334
7,25,0,33.131010425,35.641506768,19/06/2025,33,0.7799099449003497,0.7296229927757453,1.264668816710927,0.6033584833434258,2.969972794574877,757.0,0.64375,0.20052083333333334
7,26,0,33.130817698,35.641449733,19/06/2025,33,0.7722878973546936,0.7214116544996383,1.25981469400529,0.5941961025717021,4.473406066166138,753.6666666666666,0.29056372549019605,0.1154513888888889
7,27,0,33.130644047,35.64139707,19/06/2025,33,0.7904893855873377,0.7363888637983488,1.2976866621207348,0.6267666746186956,2.119620502354003,760.5555555555555,0.7375,0.37239583333333326
7,28,0,33.130465098,35.641345145,19/06/2025,33,0.7894559057499989,0.7363004494984483,1.2908754213470124,0.6108520393982549,3.9830072301048833,755.0,0.379986802413273,0.1440972222222222
7,29,0,33.130293565,35.6412921,19/06/2025,33,0.7956915352282622,0.7379023716480994,1.325879970971474,0.6152906755316998,3.600560296327809,763.7777777777778,0.5120098039215686,0.171875
7,30,0,33.130117265,35.641243008,19/06/2025,33,0.7916541193228405,0.7331884176960296,1.3243872631495759,0.6087133652469393,3.6924905775127206,764.2222222222222,0.37115384615384617,0.1449652777777778
7,31,0,33.129956522,35.641189745,19/06/2025,33,0.7293718786539923,0.6932858411799754,1.1580302987226412,0.5580299842339618,5.0485332098491895,763.2222222222222,0.18522660103542457,0.1076388888888889
7,32,0,33.130061327,35.640980707,19/06/2025,33,0.7216188965095551,0.6862259182270822,1.1534448564841713,0.5511213255070172,5.063314583693911,765.1111111111111,0.22091440422322775,0.11197916666666669
7,33,0,33.130235545,35.641033943,19/06/2025,33,0.788848930891104,0.7388021849931321,1.2728505769291456,0.6181494181124332,4.0553866585354985,741.7777777777778,0.38370098039215694,0.12239583333333334
7,34,1,33.130280452,35.641048453,19/06/2025,33,0.7886650099274315,0.7401191993196006,1.2643038109514724,0.618810114690063,3.874272210336683,743.7777777777778,0.4294871794871795,0.14583333333333334
7,35,1,33.130339765,35.641063695,19/06/2025,33,0.7922933313029579,0.7410955820203687,1.2836602631682468,0.6067355953456555,5.0901998765158565,740.6666666666666,0.23181561085972852,0.10416666666666669
7,36,0,33.130566585,35.641130553,19/06/2025,33,0.7876270997363501,0.7328550614713217,1.2976820987975999,0.6034971173603054,4.034159127851423,750.3333333333334,0.3477941176470588,0.14583333333333334
7,37,0,33.130800182,35.641201735,19/06/2025,33,0.7651905731611247,0.7220166498698285,1.2145730434386541,0.5915717400148377,4.8193665431825226,750.8888888888889,0.3389234539969834,0.1154513888888889
7,38,0,33.130985852,35.641258988,19/06/2025,33,0.7809605318281985,0.7290951416284054,1.2740439624130846,0.603254762393832,4.110161460266554,754.0,0.5083333333333333,0.17621527777777776
7,39,0,33.131165582,35.6413114,19/06/2025,33,0.7718785480436814,0.7211602739816914,1.2583893651913092,0.5999975058541082,4.619239399499472,767.1111111111111,0.2706465798377563,0.1076388888888889
7,40,0,33.131352173,35.641367562,19/06/2025,33,0.7707390708912679,0.7232957261234773,1.2402956343717055,0.5929194780144222,3.2508400897267533,760.6666666666666,0.5208333333333334,0.1701388888888889
7,41,0,33.131530437,35.641418732,19/06/2025,33,0.7739771644811273,0.7184252627308748,1.2860484524417914,0.5925757693178861,4.317359712089616,768.4444444444445,0.2584181749622926,0.1267361111111111
7,42,0,33.131712068,35.641472697,19/06/2025,33,0.7641811277583179,0.7149630582750067,1.2438842396311915,0.5852636848163074,3.163345695138842,760.3333333333334,0.5833333333333334,0.2048611111111111
7,43,0,33.131951203,35.641545475,19/06/2025,33,0.7519509364752373,0.702092603054909,1.236699572615017,0.5871218884627031,4.1414408093693345,766.4444444444445,0.3774509803921569,0.14756944444444445
7,44,0,33.132159068,35.641608093,19/06/2025,33,0.721747217662763,0.683587553138797,1.1634035730673,0.5502071843030922,2.9985478598228146,773.4444444444445,0.6270833333333332,0.17881944444444445
7,45,0,33.132159085,35.641608103,19/06/2025,33,0.721747217662763,0.683587553138797,1.1634035730673,0.5502071843030922,2.9985478598228146,773.4444444444445,0.6270833333333332,0.17881944444444445
7,46,0,33.132392733,35.641675218,19/06/2025,33,0.6505082543437686,0.6318203798509862,1.0678324391803478,0.5063114481052673,4.242492461184756,819.7777777777778,0.18767426929191633,0.14583333333333334
7,47,0,33.132596072,35.64173629,19/06/2025,33,0.43885759653041106,0.477677449741758,0.9093685942309868,0.3348978399909147,4.846251836004467,926.4444444444445,0.08593606306881833,0.1076388888888889
7,48,0,33.133211033,35.641665365,19/06/2025,33,0.5539950535710584,0.5546782911388919,1.003049818347126,0.4223245452521771,4.804585169337799,887.6666666666666,0.16023110913035143,0.11111111111111112
7,49,0,33.133042727,35.641615528,19/06/2025,33,0.6533826662609951,0.6268726946168172,1.0974319934857677,0.49019569482619574,4.467354106677526,826.1111111111111,0.29238045738045737,0.12239583333333334
7,50,0,33.132881035,35.641566383,19/06/2025,33,0.7194706241666184,0.6774918917695054,1.1792454858177541,0.5436989438105866,4.2943721485946105,790.3333333333334,0.3035539215686275,0.1371527777777778
7,51,0,33.132708738,35.641512392,19/06/2025,33,0.7147274919779267,0.6772489533826919,1.156953896240001,0.542192185671968,3.992492461184755,792.7777777777778,0.40624999999999994,0.13194444444444442
7,52,0,33.13250748,35.641455683,19/06/2025,33,0.7052137027331178,0.6675660353392572,1.1544667965664286,0.5381780474074774,3.4360478598228146,798.5555555555555,0.41066176470588234,0.1640625
7,53,0,33.132359758,35.641409547,19/06/2025,33,0.7305834687705312,0.6902102061082,1.1781237796363007,0.5560504315073125,3.944366543182522,782.7777777777778,0.2994970649382414,0.1328125
7,57,0,33.131793563,35.64124068,19/06/2025,33,0.7816391175314382,0.7260334427699152,1.296614196293437,0.6028530767463467,4.393970462159743,760.3333333333334,0.3745098039215687,0.13368055555555555
7,58,0,33.13162207,35.64119012,19/06/2025,33,0.7792881297366013,0.722675859548058,1.2986750078832003,0.5972898350361784,2.8616450666536317,761.2222222222222,0.47916666666666663,0.1996527777777778
7,59,0,33.131452007,35.64113953,19/06/2025,33,0.7839669168646476,0.7270772059638548,1.305499178508635,0.6044692282134275,4.159037234815497,754.6666666666666,0.3724264705882353,0.15104166666666666
7,60,0,33.131278977,35.641088275,19/06/2025,33,0.7845516860738108,0.7319141973743559,1.2825996639467083,0.6058722610614589,3.4316784652100605,751.7777777777778,0.3895833333333334,0.16753472222222224
7,61,0,33.131111558,35.641037077,19/06/2025,33,0.7775888959527006,0.7297430990351954,1.2496550880683948,0.6053380334679586,0.7451475706431423,748.8888888888889,0.9270833333333334,0.7526041666666667
7,62,0,33.13093769,35.640988772,19/06/2025,33,0.7900555916024666,0.7360263616778471,1.2974435315705009,0.6128395266777965,4.009892522926828,750.2222222222222,0.4432598039215686,0.15885416666666669
7,63,0,33.130795735,35.6409461,19/06/2025,33,0.7913193543786553,0.7342523520061537,1.3155973609733806,0.6121380830425964,3.511175003505865,755.3333333333334,0.5479166666666666,0.19444444444444445
7,64,0,33.130621442,35.64089229,19/06/2025,33,0.787644243697464,0.7304157909449025,1.3125139849004868,0.6083996960587803,3.965738033785916,754.4444444444445,0.3652714932126697,0.1545138888888889
7,65,0,33.130452752,35.640845742,19/06/2025,33,0.7856735478885472,0.73072931818301,1.2964826215327996,0.5955385852953299,2.436278124459133,748.2222222222222,0.65,0.2777777777777778
7,66,0,33.130272297,35.640787248,19/06/2025,33,0.7822986033083331,0.7267836423974846,1.295745570439235,0.5966659537334886,4.200825794518089,753.1111111111111,0.25653280542986423,0.125
7,67,0,33.13015775,35.640755325,19/06/2025,33,0.770510576237517,0.7220370412627259,1.2461704470602417,0.58961699942707,4.317359712089615,747.5555555555555,0.41041666666666665,0.1267361111111111
7,68,0,33.129994187,35.640708718,19/06/2025,33,0.713881188490482,0.6783141755831329,1.148305727846115,0.5398718581823017,3.7086246923214157,768.4444444444445,0.45416666666666666,0.17708333333333334
7,69,0,33.129886477,35.64067392,19/06/2025,33,0.6423730475798243,0.6379709982792278,1.0167371877097897,0.4850402149281586,3.4541722720787553,518.0,0.20156401829744175,0.19791666666666666
7,70,0,33.130078742,35.640473065,19/06/2025,33,0.7280397066599434,0.6866364509130465,1.18099295753977,0.5555560135192943,5.063314583693911,764.3333333333334,0.22201525620643267,0.11197916666666669
7,71,0,33.130249393,35.640520833,19/06/2025,33,0.7688029803654715,0.716134987661639,1.2663116077435606,0.5877574023495936,3.1297949849424147,767.4444444444445,0.6041666666666666,0.18836805555555555
7,72,1,33.130283428,35.640529605,19/06/2025,33,0.7705063936216326,0.716384942720675,1.2760469799078626,0.5861154373140104,3.9166315676613372,768.8888888888889,0.4745098039215686,0.1579861111111111
7,73,0,33.13038629,35.640558765,19/06/2025,33,0.7649512326689942,0.7179330436483811,1.2335016674150967,0.5850894448777718,3.7841591278514213,763.4444444444445,0.4083333333333333,0.1701388888888889
7,74,1,33.130489493,35.64059551,19/06/2025,33,0.7763775780486404,0.7210693455135142,1.2875986148481324,0.5944171422595406,3.4741622858982253,768.8888888888889,0.4291666666666667,0.15885416666666669
7,75,1,33.130529357,35.640601843,19/06/2025,33,0.7760619074411265,0.7204455838197079,1.2888381621640719,0.5938251212044534,2.7806390622295662,766.6666666666666,0.5999999999999999,0.33159722222222227
7,76,0,33.13060189,35.64062303,19/06/2025,33,0.7800172699392398,0.7290668714068178,1.2683093077943224,0.5977744421450853,3.090521906649055,746.7777777777778,0.5520833333333334,0.20486111111111113
7,77,0,33.130774337,35.64067839,19/06/2025,33,0.7701940550740789,0.7235344950309406,1.2363086202209683,0.595068128805209,3.646240625180289,749.5555555555555,0.4833333333333333,0.14409722222222224
7,78,0,33.130945642,35.64072416,19/06/2025,33,0.7811315247324649,0.7232132592202639,1.3080602877649272,0.5910347451111462,2.4721130839387078,756.6666666666666,0.7166666666666667,0.25520833333333337
7,79,0,33.131116633,35.640775893,19/06/2025,33,0.7788761325866645,0.728800368339401,1.262131371010467,0.6062009910108286,2.9099733822940923,750.8888888888889,0.5270833333333333,0.19097222222222224
7,80,0,33.131277875,35.640823418,19/06/2025,33,0.769298832085989,0.7155951403063285,1.2717778649822362,0.5928470363823594,3.221979625667783,770.1111111111111,0.5125,0.2048611111111111
7,81,1,33.131388728,35.64086117,19/06/2025,33,0.7657908423062066,0.7154474964978714,1.2506083181299152,0.5905170952608062,3.4841572441793875,765.6666666666666,0.53125,0.1657986111111111
7,82,0,33.131551763,35.640910077,19/06/2025,33,0.7670376481017578,0.7119163991718109,1.277726305068282,0.5906740003349646,3.9320247983105037,769.2222222222222,0.32022058823529415,0.15104166666666669
7,83,0,33.131735872,35.64096258,19/06/2025,33,0.7628056756482823,0.7139639650272189,1.2409739896166951,0.5824062541895901,3.6054140482403754,760.5555555555555,0.35,0.1701388888888889
7,84,1,33.131808365,35.640985798,19/06/2025,33,0.7604218911173345,0.7113911075429847,1.2395167732821553,0.5890968226353154,2.7863095896124044,768.7777777777778,0.6145833333333334,0.2387152777777778
7,85,0,33.131973595,35.641032565,19/06/2025,33,0.768124365881392,0.7097707556279818,1.2947853502951485,0.584145894403832,2.4097279562666003,775.7777777777778,0.73125,0.2881944444444445
7,86,0,33.13214706,35.641084612,19/06/2025,33,0.7385596245506159,0.6952008242725445,1.1959658037566507,0.5624123058479076,4.6985276044371,775.8888888888889,0.2256086686233745,0.11892361111111112
7,87,0,33.132318368,35.641134877,19/06/2025,33,0.7287004765208103,0.6837708453721423,1.1968354956285268,0.5523940718769276,2.561047859822814,788.3333333333334,0.6937500000000001,0.22135416666666669
7,88,0,33.132447467,35.641171288,19/06/2025,33,0.7204319436104434,0.6774622936394268,1.1833674915137786,0.5495477145308707,4.094899095040494,798.3333333333334,0.40522247360482655,0.13368055555555555
7,89,0,33.132677382,35.641240768,19/06/2025,33,0.6455949341070638,0.6272972737137489,1.070272132937018,0.4959260870625215,4.846251836004467,823.8888888888889,0.1305393331884567,0.1076388888888889
7,90,0,33.13285773,35.641295055,19/06/2025,33,0.7322364055812751,0.6845624320396639,1.2118711254401386,0.5566791303411276,3.052097346863555,786.0,0.3373397435897436,0.1953125
7,91,0,33.133077455,35.64136293,19/06/2025,33,0.7402201024643681,0.6946785632203111,1.2070800609466976,0.5579506790218515,3.628099679278688,772.2222222222222,0.5458333333333334,0.1545138888888889
7,92,0,33.133241818,35.641410273,19/06/2025,33,0.7287561152012968,0.6878215192488565,1.1787787111316737,0.5581327686245641,4.043093107165022,787.5555555555555,0.4352941176470588,0.14149305555555558
7,93,0,33.133417687,35.641462717,19/06/2025,33,0.7165403774923951,0.6719569212854736,1.1886085302521177,0.5474768396934597,4.287912897259044,805.1111111111111,0.3426231095348742,0.15538194444444445
7,94,0,33.133610307,35.641524505,19/06/2025,33,0.6462209176314798,0.6303075332016904,1.0579057268641732,0.49033076177204965,5.048533209849189,835.2222222222222,0.1706809750927398,0.1076388888888889
7,95,0,33.133775465,35.641572718,19/06/2025,33,0.5997414222660603,0.5975885541276212,1.0070997294326771,0.46144306504414057,3.9441922463618244,855.0,0.40494909502262433,0.14756944444444445
7,96,0,33.133960583,35.64162429,19/06/2025,33,0.5869729308262835,0.5823399471449426,1.0144160674660487,0.44352641505497,4.5191600945529995,875.3333333333334,0.29590874811463047,0.11458333333333334
7,97,0,33.134187567,35.641696383,19/06/2025,33,0.6382615412038265,0.6248896403347179,1.0472839787921004,0.49213762165832997,3.6071575474056434,841.6666666666666,0.34571078431372554,0.16493055555555558
7,98,0,33.134430207,35.641770607,19/06/2025,33,0.6628310936526227,0.6416025948597658,1.0771567520700798,0.5028070736072856,3.8505602963278087,823.5555555555555,0.489093137254902,0.16145833333333331
7,99,0,33.134612525,35.641825233,19/06/2025,33,0.6316579786797809,0.6192209666745414,1.0421378024001902,0.48955471536860085,4.017881053123411,855.8888888888889,0.4573623680241327,0.1484375
7,100,0,33.134773178,35.64187554,19/06/2025,33,0.6607738077799489,0.6375625286572624,1.0846606639565466,0.5142960681407391,2.9616506720657205,842.3333333333334,0.5729166666666667,0.21093750000000003
7,101,0,33.134945552,35.641922698,19/06/2025,33,0.6490638020494572,0.634991065869869,1.0506724441487252,0.4851791029256922,3.936919609405448,840.1111111111111,0.33810897435897436,0.12239583333333334
7,102,0,33.135117153,35.641980013,19/06/2025,33,0.49763735322276625,0.5315386464784694,0.9137846139773566,0.39357798278398765,4.663320189106001,625.4444444444445,0.11853512903512434,0.125
7,103,0,33.134982408,35.641680653,19/06/2025,33,0.6699074921829175,0.6426844634167852,1.100199453549839,0.5132190519553883,4.352303795493078,831.0,0.38395550527903477,0.12152777777777778
7,104,0,33.134810457,35.641630768,19/06/2025,33,0.7166884457348107,0.6877103990152936,1.1212893788945757,0.5566014861934294,4.532880086421832,780.5555555555555,0.3210486221515634,0.11892361111111112
7,105,0,33.134630138,35.641574297,19/06/2025,33,0.7367462653077523,0.7013132949398196,1.1583396968718753,0.5715433161731417,4.596251836004467,777.0,0.2390521177285883,0.11805555555555555
7,106,0,33.134394168,35.641501542,19/06/2025,33,0.7189269396261245,0.6836582399053759,1.1492656014949523,0.5529632260442737,4.353846168850305,787.6666666666666,0.2957107843137255,0.125
7,107,0,33.134219085,35.641450663,19/06/2025,33,0.6987816032007881,0.6701581594288888,1.113972106236481,0.5414937686366081,2.792774850425007,801.1111111111111,0.5333333333333333,0.2065972222222222
7,108,0,33.134042575,35.641398028,19/06/2025,33,0.7063960930829023,0.6725811495948977,1.138243645719107,0.5349524163453316,3.333012835516972,797.5555555555555,0.5708333333333333,0.17274305555555555
7,109,0,33.133779428,35.641318685,19/06/2025,33,0.7386888050160744,0.6965186520533483,1.1904105839223094,0.5745133405894828,4.200825794518089,780.0,0.3126775814275814,0.125
7,110,0,33.133604408,35.64126555,19/06/2025,33,0.7428330786070696,0.7025761051754219,1.1841458720656317,0.5762227676973497,2.078838679766182,776.6666666666666,0.7708333333333333,0.359375
7,111,0,33.133425928,35.641212678,19/06/2025,33,0.7385058468468394,0.699018706387379,1.177716546083702,0.5723718838854879,4.502705481927944,776.7777777777778,0.25052790346907994,0.13020833333333334
7,112,0,33.133250962,35.641162302,19/06/2025,33,0.7392131800227859,0.6990397645628009,1.1816450184555025,0.5621859005336933,3.5812528027060444,763.3333333333334,0.5354166666666667,0.14756944444444445
7,113,0,33.133068517,35.64111066,19/06/2025,33,0.7477698930396852,0.7100231370393691,1.1754072097506896,0.5845327561027719,2.898685016256941,753.1111111111111,0.625,0.2057291666666667
7,114,0,33.132884088,35.641053517,19/06/2025,33,0.7438366044499023,0.6973176119876648,1.21544210812281,0.5647594446230009,5.0485332098491895,773.7777777777778,0.21539933916368637,0.1076388888888889
7,115,0,33.13275016,35.641013687,19/06/2025,33,0.6877645525842552,0.6628243245254319,1.0983780263547913,0.5338925070936704,4.846251836004468,787.1111111111111,0.22225287778026115,0.1076388888888889
7,116,0,33.132526445,35.640945088,19/06/2025,33,0.7256227647459897,0.6876003291599576,1.1643609599491507,0.5584917056884016,1.1625311359020314,778.6666666666666,0.8541666666666666,0.546875
7,117,0,33.132353315,35.640892888,19/06/2025,33,0.7247372158130799,0.6833537686923099,1.1790812523785719,0.5538450213037405,2.8262234310182808,786.4444444444445,0.3645833333333333,0.25
7,118,0,33.132173813,35.64083862,19/06/2025,33,0.7641181306446773,0.7185547858864108,1.22535814889823,0.5938634488786293,3.990748962019487,752.6666666666666,0.37487745098039216,0.14583333333333334
7,119,0,33.131990313,35.640783327,19/06/2025,33,0.7889073170334835,0.7414697717552429,1.2595574117427824,0.6165057618329393,3.222534316583504,727.4444444444445,0.6145833333333334,0.1918402777777778
7,120,0,33.131826442,35.640736202,19/06/2025,33,0.8067906614019695,0.7551503740565826,1.3048240444251205,0.6204439895725339,2.890476256279071,714.0,0.6041666666666666,0.25
7,121,0,33.131641782,35.640680672,19/06/2025,33,0.8084325019222025,0.7533010169188835,1.328868312448807,0.6406478441030065,2.9695083368391986,722.5555555555555,0.5750000000000001,0.171875
7,122,0,33.131449675,35.640623772,19/06/2025,33,0.7904968721368026,0.740322634873276,1.2758669014904063,0.6169035296940957,4.159037234815499,730.1111111111111,0.34105392156862746,0.15104166666666669
7,123,1,33.131408412,35.640608335,19/06/2025,33,0.78794993864862,0.7380267098871306,1.2713468281802731,0.609939403821821,2.128154386514085,728.2222222222222,0.7104166666666667,0.37326388888888884
7,124,1,33.13123464,35.64055972,19/06/2025,33,0.7815217982375067,0.7281343371436511,1.2828108324857577,0.605977880860944,2.6186779753360474,753.8888888888889,0.66875,0.25781249999999994
7,126,0,33.131234403,35.640559448,19/06/2025,33,0.7815217982375067,0.7281343371436511,1.2828108324857577,0.605977880860944,2.6186779753360474,753.8888888888889,0.66875,0.25781249999999994
7,127,1,33.1311567,35.64053241,19/06/2025,33,0.7805506154002965,0.72425900824825,1.2977705651041864,0.5998628014780925,4.247936003018371,760.8888888888889,0.4229166666666667,0.12586805555555555
7,128,0,33.130932527,35.640464422,19/06/2025,33,0.760097766168182,0.7143350795699586,1.2226097310967297,0.5888263272910048,3.5258239108460536,757.5555555555555,0.48333333333333334,0.1779513888888889
7,129,0,33.130743188,35.640411035,19/06/2025,33,0.7822910446238095,0.7367259779380553,1.241573396587236,0.6110308576341988,4.246653522439333,737.0,0.29117647058823526,0.1388888888888889
7,130,0,33.13049672,35.640334402,19/06/2025,33,0.7546963601473399,0.7095919018810526,1.2152156437625004,0.5772427530726484,4.692623044017256,765.1111111111111,0.3498038196567609,0.11892361111111113
7,131,0,33.1303069,35.640283857,19/06/2025,33,0.7438410965050141,0.7114155067146762,1.148286553738899,0.5811617029395256,3.941878720708277,751.4444444444445,0.26943815987933634,0.1701388888888889
7,132,0,33.130053837,35.640208292,19/06/2025,33,0.6834235412945697,0.6623448465170746,1.0817962664281988,0.5165882249712428,4.788320189106002,776.8888888888889,0.19823131955484896,0.1232638888888889
7,133,0,33.130101927,35.639957122,19/06/2025,33,0.7519461338564268,0.7187021582665052,1.156147039260184,0.5884760292422547,3.140476256279071,697.3333333333334,0.5729166666666666,0.23958333333333331
7,134,0,33.130231498,35.639995658,19/06/2025,33,0.7639857393979043,0.7314634708356704,1.1592497194115607,0.5956560481978267,4.3305987125771095,682.1111111111111,0.38700980392156864,0.11892361111111113
7,135,0,33.130332317,35.640030617,19/06/2025,33,0.7701924773451146,0.7284651160459483,1.2107159164467596,0.5990060239045767,3.4380546909157212,694.1111111111111,0.50625,0.1579861111111111
7,136,0,33.130466753,35.640065772,19/06/2025,33,0.7875886241958024,0.7419301331141603,1.2471566766579156,0.6070503220433493,3.0413966014913245,684.5555555555555,0.5643382352941175,0.24218749999999994
7,137,0,33.130606073,35.640108777,19/06/2025,33,0.7977959583503764,0.7500562119480347,1.270038589673499,0.6078218870071056,3.322270629890904,671.0,0.6104166666666667,0.17708333333333334
7,138,0,33.130799665,35.6401659,19/06/2025,33,0.80342790915654,0.756060988019953,1.2747074658101751,0.6378472176125672,4.042628649429343,685.2222222222222,0.34534313725490196,0.1371527777777778
7,139,0,33.130924783,35.640202167,19/06/2025,33,0.8141999463254211,0.7619229265234032,1.3209539751385064,0.634074412719777,2.9021834568779474,675.2222222222222,0.5125000000000001,0.17447916666666669
7,140,0,33.131045668,35.640237885,19/06/2025,33,0.8024654681092993,0.7593627735719487,1.248514109477039,0.6346854232357485,4.516134114808694,667.1111111111111,0.2617929864253393,0.14149305555555555
7,141,0,33.13119875583578,35.640288385821016,19/06/2025,33,0.8029081128559025,0.7535132071058539,1.2859817233986357,0.6376638898585065,4.001426440498355,682.1111111111111,0.4878676470588236,0.1449652777777778
7,142,0,33.13124230414125,35.63999318747336,19/06/2025,33,0.8050390983667629,0.7570211874161168,1.2809056662257932,0.6385301125601078,4.396647917027245,691.1111111111111,0.426593137254902,0.17274305555555555
7,143,0,33.131103885,35.639938447,19/06/2025,33,0.7817278197027498,0.741098939730804,1.2144431154000384,0.6206459338631639,5.084147917027246,693.6666666666666,0.19876686641392524,0.11111111111111112
7,144,0,33.130836262,35.639859652,19/06/2025,33,0.7972641899146216,0.7504503479266954,1.2639783958965995,0.6314277443368077,2.4652770151996863,688.5555555555555,0.6041666666666666,0.2925347222222222
7,145,0,33.13068126,35.639810557,19/06/2025,33,0.788631966632117,0.7465919263461526,1.2278696498037232,0.6204052744413558,3.2689002017748097,687.7777777777778,0.61875,0.1657986111111111
7,146,0,33.130489362,35.639749943,19/06/2025,33,0.7753974475840114,0.7377355359537646,1.1934848673985359,0.607695827631944,5.0485332098491895,682.2222222222222,0.20334653092006033,0.10763888888888891
7,149,0,33.130084953,35.639633447,19/06/2025,33,0.7520984086732413,0.7291174468316997,1.1077391081321541,0.5886588697744867,3.5591790284721747,453.3333333333333,0.36032502715116194,0.1657986111111111
8,2,0,33.129969208,35.641946852,23/06/2025,29,0.5236906545580728,0.5442711603416047,0.9486827637642059,0.41256973294545773,4.3019664814404495,869.7777777777778,0.13932411586406743,0.13368055555555555
8,3,0,33.130132513,35.641997872,23/06/2025,29,0.5673005803533401,0.5840446606712785,0.9526455200324134,0.45434341535118633,4.454986855772666,541.4444444444445,0.15366857993453822,0.13194444444444448
8,4,0,33.130629767,35.641888025,23/06/2025,29,0.6616090080390628,0.642508438741957,1.074956061132644,0.5094620118967197,4.663320189106001,806.5555555555555,0.15297150768122533,0.125
8,5,0,33.130460162,35.64183591,23/06/2025,29,0.7058674357541772,0.6775758493771726,1.1181947137445003,0.5519373776665897,4.596251836004467,790.7777777777778,0.17124536301006887,0.11805555555555557
8,6,0,33.130302077,35.641785553,23/06/2025,29,0.7450892069667848,0.7070434416792994,1.1767252050286081,0.5889127407960512,4.6811275426950285,772.6666666666666,0.2379472892383599,0.11458333333333334
8,7,0,33.13013566,35.641740683,23/06/2025,29,0.7205519489500172,0.6829246388657388,1.160268034064526,0.5557538984235566,4.802694271103766,781.8888888888889,0.3256127450980392,0.1267361111111111
8,8,0,33.129928818,35.641674958,23/06/2025,29,0.686010075120536,0.663648743807032,1.0862224273707712,0.531894627120286,3.5706490237615602,779.8888888888889,0.5354166666666667,0.2013888888888889
8,9,0,33.130013228,35.641444272,23/06/2025,29,0.7394684530651037,0.6965319614575609,1.1945268518800614,0.5753117923830856,4.544372148594611,779.7777777777778,0.19211640373405076,0.1267361111111111
8,10,0,33.130160123,35.641485933,23/06/2025,29,0.764657167691941,0.7193828777822764,1.2239543886558604,0.6056069121802297,4.5443721485946105,760.7777777777778,0.24275253760547877,0.1267361111111111
8,11,0,33.130287267,35.641526048,23/06/2025,29,0.7759301312728019,0.7249776879189856,1.2637829211329004,0.6066587753457213,4.819366543182521,772.0,0.2300230830377889,0.11545138888888891
8,12,0,33.130417825,35.641564982,23/06/2025,29,0.7896036145669115,0.7386960966797714,1.278431644796349,0.6238059078751542,4.1604250747848,763.5555555555555,0.37781862745098044,0.13020833333333334
8,13,0,33.130531453,35.641598925,23/06/2025,29,0.7888568997937153,0.7399964448336678,1.2667909487123157,0.6261390081948961,3.4040395229836156,757.2222222222222,0.5249999999999999,0.1597222222222222
8,14,0,33.1305324,35.641599585,23/06/2025,29,0.7888568997937153,0.7399964448336678,1.2667909487123157,0.6261390081948961,3.4040395229836156,757.2222222222222,0.5249999999999999,0.1597222222222222
8,15,0,33.130669182,35.641638927,23/06/2025,29,0.7772088661042046,0.7300364101978514,1.2448136310575348,0.6092018433471008,4.819366543182522,772.4444444444445,0.33235294117647063,0.1154513888888889
8,16,0,33.130827782,35.641688615,23/06/2025,29,0.7696643142278806,0.7196224056896879,1.2535210682694136,0.5959674576169629,4.015358131643836,772.6666666666666,0.30681561085972847,0.1371527777777778
8,17,0,33.130976685,35.641731912,23/06/2025,29,0.7484147630822588,0.7112003453733446,1.1729953358886371,0.5892879055300206,4.3347597738316885,774.7777777777778,0.34276960784313726,0.12239583333333334
8,18,0,33.13112277,35.641773428,23/06/2025,29,0.7298116999711676,0.6929674022287803,1.161646596348798,0.5779685784094899,3.4222541684195993,801.2222222222222,0.5462009803921569,0.20572916666666669
8,19,0,33.131285223,35.641825392,23/06/2025,29,0.6328416034650407,0.6267411823780096,1.0292174469220745,0.48556251982455934,4.8045851693378,837.8888888888889,0.14572875803109034,0.11111111111111113
8,20,0,33.131447075,35.641873242,23/06/2025,29,0.549523217774214,0.5768436431342809,0.9249993451572477,0.43477180273589183,4.959147917027244,869.7777777777778,0.09750291361163355,0.11111111111111112
8,21,0,33.131711587,35.641713948,23/06/2025,29,0.713299681749012,0.6787218005347113,1.1466841587677805,0.5517983654897183,5.167481250360579,822.0,0.09031688873510968,0.11979166666666669
8,22,0,33.131529885,35.641661073,23/06/2025,29,0.7659598771974205,0.7152538350925334,1.2528620821554886,0.5982816099483634,3.9150891943041093,799.7777777777778,0.45625000000000004,0.1545138888888889
8,23,0,33.13134376,35.641605153,23/06/2025,29,0.7704579831183666,0.7176177534971561,1.2682179371330118,0.6057416674147766,3.5841479170272446,801.8888888888889,0.49423943173943174,0.22569444444444445
8,24,0,33.131183887,35.641554618,23/06/2025,29,0.7740702531280935,0.7237192724245872,1.2591223010149948,0.5999962192451451,4.001426440498355,778.2222222222222,0.4123529411764706,0.1449652777777778
8,25,0,33.131010425,35.641506768,23/06/2025,29,0.7745585615193326,0.7280008790234592,1.239381880951155,0.6129497800179142,3.736180608917954,767.0,0.425,0.1484375
8,26,0,33.130817698,35.641449733,23/06/2025,29,0.7681935138349394,0.7171050362951075,1.2571467373903142,0.590243864269843,4.001426440498355,772.4444444444445,0.3668646304675716,0.1449652777777778
8,27,0,33.130644047,35.64139707,23/06/2025,29,0.7835123672410232,0.7290411783213424,1.2917759232600041,0.6073898796145715,4.1595533252021655,775.2222222222222,0.4165064102564103,0.1371527777777778
8,28,0,33.130465098,35.641345145,23/06/2025,29,0.7847043201821787,0.7392680098470272,1.2433584619219133,0.6128289241650434,2.660104247717198,757.8888888888889,0.6041666666666666,0.22656249999999997
8,29,0,33.130293565,35.6412921,23/06/2025,29,0.785663657774935,0.7338147488203244,1.2803360540106423,0.616244144732729,4.29437214859461,779.2222222222222,0.25082013574660633,0.1371527777777778
8,30,0,33.130117265,35.641243008,23/06/2025,29,0.782680731083924,0.7351865319916605,1.2523817988786345,0.6214833182615684,4.025693045422949,762.4444444444445,0.40625,0.140625
8,31,0,33.129956522,35.641189745,23/06/2025,29,0.742327382503845,0.7001744219032334,1.1934359339505476,0.5785121324428943,5.0485332098491895,776.8888888888889,0.103792499574067,0.1076388888888889
8,32,0,33.130061327,35.640980707,23/06/2025,29,0.7342626991502199,0.6975888235957451,1.1649838270343555,0.565309770603828,5.063314583693911,765.0,0.1624411998800467,0.11197916666666669
8,33,0,33.130235545,35.641033943,23/06/2025,29,0.7832520552264346,0.7313049406878201,1.277213872044854,0.6096408643361364,3.7311312644350823,764.7777777777778,0.5083333333333333,0.13715277777777776
8,34,1,33.130280452,35.641048453,23/06/2025,29,0.7847413456478192,0.7353681829255093,1.264577966144585,0.6101172307895281,3.6859576266427716,758.1111111111111,0.5125000000000001,0.1484375
8,35,1,33.130339765,35.641063695,23/06/2025,29,0.7910244420940095,0.7403396362527622,1.2788045542112139,0.6163546314676738,3.4246832239236933,765.5555555555555,0.5207107843137255,0.18663194444444448
8,36,0,33.130566585,35.641130553,23/06/2025,29,0.7806349002173705,0.7239628687405991,1.299937810585747,0.6000348668305081,4.5745467530885,774.6666666666666,0.26227187028657617,0.1154513888888889
8,37,0,33.130800182,35.641201735,23/06/2025,29,0.7688025230114907,0.7208724597033527,1.2414742300042674,0.5917991529741706,3.250840089726753,760.1111111111111,0.40404411764705883,0.1701388888888889
8,38,0,33.130985852,35.641258988,23/06/2025,29,0.7764743225248132,0.7244249862447218,1.2710229669802375,0.6030358018714297,2.119620502354003,772.1111111111111,0.6791666666666667,0.3723958333333333
8,39,0,33.131165582,35.6413114,23/06/2025,29,0.7690730344138458,0.7169199450426782,1.263320568547055,0.5949977185092732,1.3642943420934954,777.7777777777778,0.8020833333333333,0.4609375
8,40,0,33.131352173,35.641367562,23/06/2025,29,0.7663114934729252,0.7123114166738235,1.2710929070412051,0.5857265471183709,3.132417465697553,785.2222222222222,0.5894607843137255,0.17100694444444448
8,41,0,33.131530437,35.641418732,23/06/2025,29,0.7753650404297842,0.7187931183438757,1.2934012702575588,0.6054269338626275,4.85498125036058,790.5555555555555,0.33037508662508663,0.11892361111111112
8,42,0,33.131712068,35.641472697,23/06/2025,29,0.7613316505377405,0.7064416734192327,1.2697597125181455,0.5839195631213474,4.105593107165021,791.4444444444445,0.4390931372549019,0.1371527777777778
8,43,0,33.131951203,35.641545475,23/06/2025,29,0.739122482471703,0.6968463889852965,1.1911216569913001,0.567645987629151,3.9465207733441936,792.7777777777778,0.35902149321266963,0.13368055555555555
8,44,0,33.132159068,35.641608093,23/06/2025,29,0.7115247175722419,0.676432511945407,1.1456717265895717,0.5547118396347726,3.0115785269521322,804.0,0.6479166666666667,0.21093750000000003
8,45,0,33.132159085,35.641608103,23/06/2025,29,0.7115247175722419,0.676432511945407,1.1456717265895717,0.5547118396347726,3.0115785269521322,804.0,0.6479166666666667,0.21093750000000003
8,46,0,33.132392733,35.641675218,23/06/2025,29,0.6391122963743692,0.6196208291968233,1.068251741075884,0.4805545301694036,5.0485332098491895,833.7777777777778,0.17816976478741184,0.10763888888888891
8,47,0,33.132596072,35.64173629,23/06/2025,29,0.4584526178364691,0.49948317580226714,0.9013687545044449,0.371738563133088,4.681127542695028,917.4444444444445,0.08986090887468455,0.11458333333333334
8,48,0,33.133211033,35.641665365,23/06/2025,29,0.5455334879359328,0.5484666517025544,0.994989532793324,0.42402866364536346,5.292481250360577,882.6666666666666,0.08138457391847095,0.10416666666666669
8,49,0,33.133042727,35.641615528,23/06/2025,29,0.6345340047842143,0.6112668602929147,1.08333236460669,0.48239527926062387,4.40310716836281,852.5555555555555,0.19093871020341605,0.11805555555555557
8,50,0,33.132881035,35.641566383,23/06/2025,29,0.7081192749319486,0.674532999483762,1.1388122339484015,0.5521459404972895,4.520105543670017,805.3333333333334,0.28094069748481515,0.11892361111111113
8,51,0,33.132708738,35.641512392,23/06/2025,29,0.718486270357023,0.6788500395714632,1.1680357228345228,0.5498499075859252,3.95559871257711,803.1111111111111,0.5062500000000001,0.1293402777777778
8,52,0,33.13250748,35.641455683,23/06/2025,29,0.685097451943146,0.6448614709162205,1.156894198065082,0.5278166172938431,5.048533209849189,830.7777777777778,0.2194970649382414,0.1076388888888889
8,53,0,33.132359758,35.641409547,23/06/2025,29,0.7201624618558574,0.6791153617464655,1.1758542604980018,0.5505223044161037,3.390011798543393,803.0,0.34118589743589745,0.1779513888888889
8,57,0,33.131793563,35.64124068,23/06/2025,29,0.7744306795322643,0.7206148470297149,1.2775076301636246,0.5965235348855926,4.230128649429343,781.2222222222222,0.39411764705882346,0.1189236111111111
8,58,0,33.13162207,35.64119012,23/06/2025,29,0.7748734759491663,0.72207707500066,1.272961555753702,0.5842992569476829,3.9090372348154983,772.7777777777778,0.5024509803921569,0.16145833333333331
8,59,0,33.131452007,35.64113953,23/06/2025,29,0.7773501978402112,0.7262310739011666,1.2665421092572584,0.6072712461441956,4.802694271103766,769.1111111111111,0.3576263197586727,0.1267361111111111
8,60,0,33.131278977,35.641088275,23/06/2025,29,0.7803846463955425,0.7267388657433194,1.2831080749985029,0.5956964161627825,2.584627220713898,772.3333333333334,0.5437500000000001,0.25520833333333337
8,61,0,33.131111558,35.641037077,23/06/2025,29,0.7858543148863698,0.7341106374728814,1.2787727152404813,0.6024726646656133,3.707942575132038,764.3333333333334,0.41727941176470584,0.171875
8,62,0,33.13093769,35.640988772,23/06/2025,29,0.7848058412362242,0.7319134350719886,1.2837408397203565,0.5964081911587817,4.300424108083222,763.2222222222222,0.38112745098039214,0.13020833333333331
8,63,0,33.130795735,35.6409461,23/06/2025,29,0.7810285787045892,0.7337342834164644,1.2494331540880728,0.6104640267967338,3.7558204967791906,756.6666666666666,0.4920343137254902,0.1796875
8,64,0,33.130621442,35.64089229,23/06/2025,29,0.7750052180944632,0.7259036070563625,1.2537316246197383,0.6009911362031687,3.8988242140723095,772.0,0.3561274509803921,0.15104166666666669
8,65,0,33.130452752,35.640845742,23/06/2025,29,0.7760041969004292,0.7249779735047742,1.2641995757649436,0.5950051151489811,3.4985478598228146,770.0,0.50625,0.15625
8,66,0,33.130272297,35.640787248,23/06/2025,29,0.7767162310536091,0.7265194835286617,1.2617771873905337,0.6014874208220871,3.600560296327809,766.4444444444445,0.4975080000815295,0.171875
8,67,0,33.13015775,35.640755325,23/06/2025,29,0.7715271824326657,0.7192523177251489,1.2665278542167597,0.601810645750618,4.265072732832804,765.7777777777778,0.34936330561330564,0.12239583333333334
8,68,0,33.129994187,35.640708718,23/06/2025,29,0.7175324099755984,0.6793863077688445,1.1629920217907883,0.5569023337293253,5.292481250360577,774.3333333333334,0.19930608210019976,0.10416666666666669
8,69,0,33.129886477,35.64067392,23/06/2025,29,0.6673118438862216,0.654921332921745,1.0461776100116214,0.5212239744391004,4.663320189106001,510.0,0.1635563047031963,0.125
8,70,0,33.130078742,35.640473065,23/06/2025,29,0.7318651768322648,0.688005034278511,1.1951102655612922,0.5569946023266407,4.596251836004467,780.4444444444445,0.20118192287309936,0.11805555555555555
8,71,0,33.130249393,35.640520833,23/06/2025,29,0.7637546417080715,0.7133740821001068,1.2493624772325982,0.5845754419059103,4.163320189106,771.2222222222222,0.28225867269984917,0.1597222222222222
8,72,1,33.130283428,35.640529605,23/06/2025,29,0.7636968059121986,0.7143739618743554,1.2439387714805674,0.5940949001066941,4.153107168362811,770.5555555555555,0.2701263197586727,0.1284722222222222
8,73,0,33.13038629,35.640558765,23/06/2025,29,0.7659539553204399,0.718565544483658,1.2360321986503244,0.5960323786563342,3.961433012612021,778.7777777777778,0.300402042313807,0.140625
8,74,1,33.130489493,35.64059551,23/06/2025,29,0.7689517050205171,0.7182069792161826,1.255844719716024,0.5934517853052741,4.469360937770434,776.5555555555555,0.37144607843137256,0.14236111111111113
8,75,1,33.130529357,35.640601843,23/06/2025,29,0.771728566546163,0.7223313541806413,1.2514509209389277,0.5975039089164116,4.434153522439333,772.7777777777778,0.40735294117647053,0.13281250000000003
8,76,0,33.13060189,35.64062303,23/06/2025,29,0.7646264286832964,0.716476034639547,1.239529447832479,0.5865861393201004,2.5738496345702995,779.7777777777778,0.6791666666666667,0.21788194444444445
8,77,0,33.130774337,35.64067839,23/06/2025,29,0.7650233484901956,0.7170332466777416,1.2387799258537315,0.5967910619058291,4.1902054819279435,767.7777777777778,0.4041666666666667,0.13628472222222224
8,78,0,33.130945642,35.64072416,23/06/2025,29,0.7715025264900849,0.7229835428310782,1.2465580399019092,0.5937691718073785,3.996393629661142,762.0,0.5020833333333333,0.1328125
8,79,0,33.131116633,35.640775893,23/06/2025,29,0.7785017589633982,0.7297709239434265,1.2549561869069867,0.6099758240831815,4.130587501752933,764.2222222222222,0.464093137254902,0.1449652777777778
8,80,0,33.131277875,35.640823418,23/06/2025,29,0.7726591835952056,0.7284581596267891,1.2250736306131598,0.6035806748570836,3.0342934324239748,758.1111111111111,0.5916666666666667,0.2230902777777778
8,81,1,33.131388728,35.64086117,23/06/2025,29,0.7636131361765577,0.7168370404965667,1.2313517876422155,0.5882093818658751,3.298212382781587,761.4444444444445,0.45367647058823535,0.1484375
8,82,0,33.131551763,35.640910077,23/06/2025,29,0.7702339869122468,0.7184991901065887,1.262088228473465,0.5914652173693162,3.857157547405643,766.3333333333334,0.4229166666666666,0.1701388888888889
8,83,0,33.131735872,35.64096258,23/06/2025,29,0.7681113092879335,0.7228938574043137,1.2266936311363756,0.5960847731357627,4.519160094553,765.1111111111111,0.35992647058823535,0.11458333333333334
8,84,1,33.131808365,35.640985798,23/06/2025,29,0.7674225635527797,0.718350273188845,1.2460554325075397,0.5981270113372241,3.552097346863554,771.4444444444445,0.3770833333333334,0.15885416666666666
8,85,0,33.131973595,35.641032565,23/06/2025,29,0.7593990646728268,0.7065657647304905,1.2576942016572612,0.5806693310081372,3.898468554876343,781.2222222222222,0.4573496290408055,0.13368055555555558
8,86,0,33.13214706,35.641084612,23/06/2025,29,0.7284794100705702,0.6846789164791921,1.1924673635168443,0.5529399242312129,5.0901998765158565,802.7777777777778,0.1538723451958746,0.10416666666666669
8,87,0,33.132318368,35.641134877,23/06/2025,29,0.7176207438696243,0.6720076466692169,1.1933913798195221,0.5429990437431792,2.9862696440248953,827.2222222222222,0.5729166666666667,0.1918402777777778
8,88,0,33.132447467,35.641171288,23/06/2025,29,0.7176399856257679,0.6723964397839207,1.1928473204098569,0.5566116182522038,3.0096897960373594,816.6666666666666,0.59375,0.19270833333333334
8,89,0,33.132677382,35.641240768,23/06/2025,29,0.6712833021896512,0.6459831366864225,1.09652742016531,0.5211112181147832,4.361440501696144,820.3333333333334,0.14197673882694867,0.12152777777777779
8,90,0,33.13285773,35.641295055,23/06/2025,29,0.7289942567634148,0.6805112069302709,1.2129272791893548,0.5541526579675581,3.9364386180241095,807.7777777777778,0.4420343137254901,0.14149305555555555
8,91,0,33.133077455,35.64136293,23/06/2025,29,0.7312663743288732,0.6896902074110526,1.1832375520708096,0.5677672866745275,3.25,798.2222222222222,0.44999999999999996,0.2604166666666667
8,92,0,33.133241818,35.641410273,23/06/2025,29,0.7254180035660324,0.6782507308869454,1.2052113583163644,0.5583980567830129,3.5591790284721756,824.2222222222222,0.4352941176470588,0.1657986111111111
8,93,0,33.133417687,35.641462717,23/06/2025,29,0.7083626339651361,0.6681498755448035,1.1667638819948487,0.5441037318939416,4.2874484395233665,828.7777777777778,0.43995098039215685,0.1388888888888889
8,94,0,33.133610307,35.641524505,23/06/2025,29,0.6424266171761257,0.6244889095161984,1.0635090244418381,0.49363635720938936,4.159037234815498,831.8888888888889,0.19030614324731973,0.15104166666666666
8,95,0,33.133775465,35.641572718,23/06/2025,29,0.5971763869211201,0.5840374591918913,1.041567422772844,0.4575649209994724,4.371653522439334,855.1111111111111,0.23026629570747215,0.1371527777777778
8,96,0,33.133960583,35.64162429,23/06/2025,29,0.5991032746098603,0.5873598775643797,1.037671149759576,0.4439985114579396,4.082141085934338,850.2222222222222,0.39583333333333337,0.14149305555555558
8,97,0,33.134187567,35.641696383,23/06/2025,29,0.6345487974246393,0.6082582425824045,1.0908657292360397,0.4896996155215819,4.804585169337801,882.5555555555555,0.20353353919530393,0.11111111111111112
8,98,0,33.134430207,35.641770607,23/06/2025,29,0.651154787812285,0.6253934376143578,1.0911398584617995,0.5014502775503726,5.0485332098491895,876.7777777777778,0.22228685133096898,0.1076388888888889
8,99,0,33.134612525,35.641825233,23/06/2025,29,0.6273886797523011,0.6145419231661616,1.0431597132378063,0.4792116407106698,3.4416188279300868,879.2222222222222,0.4873868778280543,0.1449652777777778
8,100,0,33.134773178,35.64187554,23/06/2025,29,0.6510939898439732,0.6290827724530627,1.077697112693613,0.49579690094846346,4.188663108570716,868.4444444444445,0.2296629774570951,0.1154513888888889
8,101,0,33.134945552,35.641922698,23/06/2025,29,0.6284216752498207,0.6137937341842172,1.0494123247155398,0.48213377321532125,4.575418502671132,883.5555555555555,0.2906220700338347,0.1189236111111111
8,102,0,33.135117153,35.641980013,23/06/2025,29,0.4638263261477895,0.48867851524104644,0.9389750489613095,0.3390213523139778,4.663320189106001,649.4444444444445,0.1663367130847071,0.125
8,103,0,33.134982408,35.641680653,23/06/2025,29,0.6669476629943749,0.6333775749738513,1.123476384328885,0.5196163235160968,3.3360994202994476,850.6666666666666,0.42010985726373096,0.1736111111111111
8,104,0,33.134810457,35.641630768,23/06/2025,29,0.7125841382170732,0.6769580936545284,1.1499718895532298,0.5590230412868556,4.854981250360578,818.0,0.2700998226733521,0.11892361111111113
8,105,0,33.134630138,35.641574297,23/06/2025,29,0.7242525900701926,0.6936679610895005,1.1311541422257303,0.5663560490975844,3.461914003993359,796.2222222222222,0.510982277526395,0.171875
8,106,0,33.134394168,35.641501542,23/06/2025,29,0.7147953222718464,0.6840919131951553,1.1281042847489848,0.5623398628752816,4.332141085934339,803.1111111111111,0.29100678733031676,0.12239583333333334
8,107,0,33.134219085,35.641450663,23/06/2025,29,0.7054034293686382,0.6644407132830277,1.1671013190507664,0.5552077802589332,3.1702473373266926,830.3333333333334,0.44534313725490193,0.1684027777777778
8,108,0,33.134042575,35.641398028,23/06/2025,29,0.7056164380884098,0.6724924267953399,1.1346124523785024,0.544875391173987,2.8840932748054744,815.7777777777778,0.5354166666666667,0.19097222222222227
8,109,0,33.133779428,35.641318685,23/06/2025,29,0.7314688352786964,0.6898035602182608,1.184151982010371,0.5806750909139571,2.9985478598228146,807.4444444444445,0.6270833333333332,0.17881944444444445
8,110,0,33.133604408,35.64126555,23/06/2025,29,0.7466455127745595,0.7042478440263308,1.1963900470900188,0.5927034681691596,3.138064703666797,788.3333333333334,0.6499999999999999,0.21180555555555558
8,111,0,33.133425928,35.641212678,23/06/2025,29,0.7382659337223951,0.6909579815360325,1.2142472877266453,0.5770198988790027,2.9005960789952026,802.4444444444445,0.6557598039215686,0.2621527777777778
8,112,0,33.133250962,35.641162302,23/06/2025,29,0.7326884931725094,0.6900309195016194,1.18912227491976,0.5748416516529746,2.8616450666536317,796.8888888888889,0.6145833333333333,0.2152777777777778
8,113,0,33.133068517,35.64111066,23/06/2025,29,0.7460962677178549,0.6993360419533462,1.2182582674974851,0.5769420581039016,4.047661460266555,787.2222222222222,0.41313159879336353,0.14583333333333334
8,114,0,33.132884088,35.641053517,23/06/2025,29,0.7534262598497967,0.707144682502618,1.2212300254213155,0.5787453702311035,4.434153522439333,775.1111111111111,0.43125,0.13281250000000003
8,115,0,33.13275016,35.641013687,23/06/2025,29,0.7060486150747326,0.6708470664375489,1.1446237761701112,0.5574508564709268,4.846251836004467,811.7777777777778,0.2086161387631976,0.1076388888888889
8,116,0,33.132526445,35.640945088,23/06/2025,29,0.7173980006263974,0.6767450535370737,1.1715431098546458,0.5538073671758693,3.298680608917954,804.1111111111111,0.49571078431372545,0.1684027777777778
8,117,0,33.132353315,35.640892888,23/06/2025,29,0.7208134639419332,0.683183509664266,1.1602577848668847,0.5522065577247457,4.391207814343078,792.0,0.395343137254902,0.13020833333333334
8,118,0,33.132173813,35.64083862,23/06/2025,29,0.757141263260299,0.7133405374086874,1.2108339363034972,0.5958319918360853,3.4541722720787553,774.1111111111111,0.42708333333333337,0.19791666666666669
8,119,0,33.131990313,35.640783327,23/06/2025,29,0.7851400612499335,0.7343974627855103,1.2724020458011425,0.6193563325911552,3.8610332098491886,755.7777777777778,0.33946078431372545,0.12934027777777776
8,120,0,33.131826442,35.640736202,23/06/2025,29,0.8025022030391632,0.7531593079104749,1.2852716158209738,0.6347112569510901,3.9367722103366827,732.3333333333334,0.45625000000000004,0.13628472222222224
8,121,0,33.131641782,35.640680672,23/06/2025,29,0.8036709729126925,0.7521890458102445,1.2995761959817516,0.6404623183757789,4.137918502671133,740.7777777777778,0.445343137254902,0.13541666666666669
8,122,0,33.131449675,35.640623772,23/06/2025,29,0.7904954251471368,0.7459950350881214,1.2456831671544104,0.6222821748685258,4.818494793599887,734.3333333333334,0.20204271896883086,0.11197916666666669
8,123,1,33.131408412,35.640608335,23/06/2025,29,0.785066687716867,0.7418491776942582,1.2323520571639266,0.618346411313279,5.063314583693912,743.1111111111111,0.2244786164047283,0.11197916666666669
8,124,1,33.13123464,35.64055972,23/06/2025,29,0.7794843600628555,0.7319470197158884,1.2497960759948772,0.6046093421564205,3.4639429019696593,753.7777777777778,0.5099264705882354,0.17274305555555558
8,126,0,33.131234403,35.640559448,23/06/2025,29,0.7794843600628555,0.7319470197158884,1.2497960759948772,0.6046093421564205,3.4639429019696593,753.7777777777778,0.5099264705882354,0.17274305555555558
8,127,1,33.1311567,35.64053241,23/06/2025,29,0.7731111279705707,0.7312770654009317,1.2131507745373544,0.5915002939467223,3.495326287508203,753.0,0.5375,0.1527777777777778
8,128,0,33.130932527,35.640464422,23/06/2025,29,0.7681048901534309,0.7251869905058399,1.2149109144301962,0.5981715830004343,4.26809871257711,759.7777777777778,0.3832107843137255,0.11805555555555557
8,129,0,33.130743188,35.640411035,23/06/2025,29,0.782136152042174,0.7297872126586037,1.2784354790893362,0.608355547194874,4.677694271103767,765.6666666666666,0.3593891402714932,0.12673611111111113
8,130,0,33.13049672,35.640334402,23/06/2025,29,0.7541117158618118,0.7152036133448045,1.1864280550455166,0.5850417723521817,4.046789710683921,760.7777777777778,0.32669683257918547,0.1579861111111111
8,131,0,33.1303069,35.640283857,23/06/2025,29,0.748105740862546,0.7155276980077324,1.1513000635608257,0.5873343381469623,3.9578909424810487,755.5555555555555,0.4134766214177979,0.15885416666666669
8,132,0,33.130053837,35.640208292,23/06/2025,29,0.7046557959894686,0.6819728544405688,1.0914208461493766,0.5500423007680467,4.8193665431825226,757.1111111111111,0.3093137254901961,0.1154513888888889
8,133,0,33.130101927,35.639957122,23/06/2025,29,0.7506742893179066,0.7237531640197283,1.1255481452440166,0.5974123967595355,2.407472794574877,694.1111111111111,0.6207107843137255,0.33333333333333337
8,134,0,33.130231498,35.639995658,23/06/2025,29,0.7658808488470225,0.7367606991156221,1.144163166852397,0.6068483949303423,4.57957956392571,684.4444444444445,0.34774698340874816,0.12239583333333334
8,135,0,33.130332317,35.640030617,23/06/2025,29,0.7810543681640131,0.7358625091061717,1.238071486175481,0.6173727271542035,4.336038815261277,701.1111111111111,0.27307692307692305,0.13368055555555555
8,136,0,33.130466753,35.640065772,23/06/2025,29,0.7773236951720918,0.7377309093744535,1.2047271738094725,0.6121372867707023,3.8551121157836827,703.2222222222222,0.4682598039215687,0.15625
8,137,0,33.130606073,35.640108777,23/06/2025,29,0.7907305549436514,0.7480176493944571,1.2343866243708075,0.632712612951285,4.4332817728566996,704.1111111111111,0.3139950980392157,0.1310763888888889
8,138,0,33.130799665,35.6401659,23/06/2025,29,0.796943112973187,0.7545961252095246,1.237984625251648,0.6169416010408819,2.7917624330844424,704.1111111111111,0.5375,0.23350694444444442
8,139,0,33.130924783,35.640202167,23/06/2025,29,0.798276565036343,0.7523727990276008,1.260908394442932,0.630451523241619,5.063314583693912,710.0,0.2444682238799886,0.11197916666666669
8,140,0,33.131045668,35.640237885,23/06/2025,29,0.7991824805629604,0.7551206657336955,1.250211027084654,0.6304510483585326,3.776096568869216,703.2222222222222,0.3669871794871795,0.15538194444444445
8,141,0,33.13119875583578,35.640288385821016,23/06/2025,29,0.7952531898881428,0.7540352821876493,1.2295703939236347,0.6294922171942476,2.5456530280922194,704.0,0.6541666666666667,0.2725694444444444
8,142,0,33.13124230414125,35.63999318747336,23/06/2025,29,0.8007825305472924,0.760671052837752,1.2289887599487714,0.6277187969816383,3.4379072918469555,698.7777777777778,0.2678921568627451,0.1875
8,143,0,33.131103885,35.639938447,23/06/2025,29,0.7823549547992292,0.7414079042066581,1.216306681008402,0.6145555181321654,4.255123044017254,710.4444444444445,0.4536764705882353,0.14236111111111113
8,144,0,33.130836262,35.639859652,23/06/2025,29,0.7918249704808374,0.7508661904952864,1.2258351693447347,0.6198448308855274,4.292829775237383,697.0,0.34987745098039214,0.1267361111111111
8,145,0,33.13068126,35.639810557,23/06/2025,29,0.7896099982367346,0.7531785313506854,1.19801860715152,0.6278645126330437,4.663320189106002,696.5555555555555,0.27397247360482646,0.125
8,146,0,33.130489362,35.639749943,23/06/2025,29,0.7796203814766175,0.7391320657749851,1.2122457186820157,0.6110500619927085,3.5044524202426603,711.0,0.5489724736048266,0.14756944444444448
8,149,0,33.130084953,35.639633447,23/06/2025,29,0.7517874264699298,0.7316332450234948,1.0940013001010847,0.592567827628733,4.246653522439333,458.8888888888889,0.16735674392872493,0.1388888888888889
9,2,0,33.129969208,35.641946852,29/06/2025,23,0.5280273706098484,0.56052964786529,0.9168002054704338,0.4111733991980588,4.596251836004467,861.4444444444445,0.17654109502822812,0.11805555555555555
9,3,0,33.130132513,35.641997872,29/06/2025,23,0.5821918607100608,0.6070996243816059,0.928927356205239,0.45122706699041304,4.663320189106001,516.4444444444445,0.11483821896353623,0.125
9,4,0,33.130629767,35.641888025,29/06/2025,23,0.6729534946558604,0.6568855579890025,1.0714170303659287,0.5086275602770002,3.8988242140723095,786.6666666666666,0.17534612001377198,0.15104166666666669
9,5,0,33.130460162,35.64183591,29/06/2025,23,0.7357362610973288,0.6996118466699162,1.1663453774692019,0.5453789192569457,4.603846168850306,754.6666666666666,0.10456690599663607,0.11458333333333334
9,6,0,33.130302077,35.641785553,29/06/2025,23,0.7657052705094213,0.7252488742691987,1.2014132152735124,0.5807773741608592,3.89882421407231,761.2222222222222,0.23954231380701965,0.15104166666666669
9,7,0,33.13013566,35.641740683,29/06/2025,23,0.7382653341654873,0.6970101026430141,1.185772840135169,0.5530611433223364,3.9367722103366827,780.0,0.3746529900941665,0.1362847222222222
9,8,0,33.129928818,35.641674958,29/06/2025,23,0.7132433576069094,0.6919690264003971,1.088614582102752,0.5362547602257919,4.347534316583503,773.7777777777778,0.3048283294606824,0.12239583333333334
9,9,0,33.130013228,35.641444272,29/06/2025,23,0.7607504134858875,0.7225783292618816,1.189397025733733,0.5812412865113592,4.959147917027245,773.5555555555555,0.12738886138097044,0.11111111111111112
9,10,0,33.130160123,35.641485933,29/06/2025,23,0.8053180015247181,0.7528693323139172,1.308560053492372,0.6198931203111092,4.332141085934337,757.6666666666666,0.25595211161387627,0.1310763888888889
9,11,0,33.130287267,35.641526048,29/06/2025,23,0.8170277574716924,0.7692783817712442,1.296368125081832,0.6377270739747314,4.0673597120896146,724.6666666666666,0.3770833333333333,0.12152777777777779
9,12,0,33.130417825,35.641564982,29/06/2025,23,0.8247159990366106,0.7730586233235462,1.3339482982383652,0.6403103198082776,3.150131621259525,727.8888888888889,0.6125,0.1814236111111111
9,13,0,33.130531453,35.641598925,29/06/2025,23,0.8240966930702656,0.7713026159655085,1.3391428042939002,0.6436075445322494,4.015336064760443,736.3333333333334,0.39311885981003625,0.1440972222222222
9,14,0,33.1305324,35.641599585,29/06/2025,23,0.8240966930702656,0.7713026159655085,1.3391428042939002,0.6436075445322494,4.015336064760443,736.3333333333334,0.39311885981003625,0.1440972222222222
9,15,0,33.130669182,35.641638927,29/06/2025,23,0.8153774720661945,0.7656434492299585,1.306397312089026,0.6214530577702331,4.709147917027246,729.1111111111111,0.23954781331933409,0.13541666666666669
9,16,0,33.130827782,35.641688615,29/06/2025,23,0.8075050632810552,0.7537351218249747,1.3189397283963191,0.6213257670141716,4.596251836004466,750.8888888888889,0.22991250866250862,0.11805555555555555
9,17,0,33.130976685,35.641731912,29/06/2025,23,0.7880807665757773,0.7435947233954998,1.24289848168972,0.6067612265084947,4.802694271103769,744.0,0.279643665158371,0.1267361111111111
9,18,0,33.13112277,35.641773428,29/06/2025,23,0.7791539858226894,0.7334061944610926,1.2412209525225992,0.5971587288571809,4.619239399499472,762.3333333333334,0.2560355264767029,0.1076388888888889
9,19,0,33.131285223,35.641825392,29/06/2025,23,0.677747736918899,0.6625151519362277,1.0677444782530612,0.5180443345421176,4.246653522439333,807.6666666666666,0.13275601496402623,0.1388888888888889
9,20,0,33.131447075,35.641873242,29/06/2025,23,0.5705530331814942,0.5963451886021529,0.9300859579650541,0.45035715522871883,5.048533209849189,864.0,0.10414291636190906,0.1076388888888889
9,21,0,33.131711587,35.641713948,29/06/2025,23,0.7613151201005645,0.7199206117798301,1.2055061430312746,0.582565007565253,3.6600343165835043,780.4444444444445,0.3883333333333333,0.14930555555555555
9,22,0,33.131529885,35.641661073,29/06/2025,23,0.7954662327965993,0.7469428074497578,1.2716965643089824,0.6056072573727619,3.9159388770033496,762.6666666666666,0.4,0.1388888888888889
9,23,0,33.13134376,35.641605153,29/06/2025,23,0.8053439259114303,0.7579544608267805,1.277217472423822,0.6108769989048868,4.292628649429343,739.2222222222222,0.33188593004769473,0.1267361111111111
9,24,0,33.131183887,35.641554618,29/06/2025,23,0.8055460958448772,0.7534734660844181,1.3056888203305634,0.6181971403331775,3.1521706916329766,749.8888888888889,0.48333333333333334,0.22395833333333331
9,25,0,33.131010425,35.641506768,29/06/2025,23,0.8119371169640102,0.7634095743251726,1.2930662481282644,0.6304823899598859,4.802694271103767,741.1111111111111,0.2207921639663049,0.1267361111111111
9,26,0,33.130817698,35.641449733,29/06/2025,23,0.7979354271359599,0.7456334983729405,1.2970457702730893,0.609611909693026,3.9015647950055823,749.6666666666666,0.207411893462826,0.13541666666666666
9,27,0,33.130644047,35.64139707,29/06/2025,23,0.8156685995126307,0.7634542356084677,1.3216737401077179,0.6326202370488441,4.667481250360578,741.5555555555555,0.17623670050140638,0.125
9,28,0,33.130465098,35.641345145,29/06/2025,23,0.822061236487043,0.7697192407307031,1.3342357076712412,0.6340463209898167,4.463456377350588,734.6666666666666,0.4039969834087481,0.1267361111111111
9,29,0,33.130293565,35.6412921,29/06/2025,23,0.8293671378716017,0.7704037217739721,1.3914047648143055,0.6381562771605659,2.078838679766182,740.8888888888889,0.7708333333333334,0.32812500000000006
9,30,0,33.130117265,35.641243008,29/06/2025,23,0.8232105046381742,0.7699364954283481,1.3411796484880933,0.6364798737776769,4.391207814343077,740.5555555555555,0.37401960784313726,0.13020833333333331
9,31,0,33.129956522,35.641189745,29/06/2025,23,0.7697950384029207,0.7342997829723217,1.1789851061891126,0.5953973333490292,5.0485332098491895,742.8888888888889,0.12651646998858115,0.1076388888888889
9,32,0,33.130061327,35.640980707,29/06/2025,23,0.7545257567157202,0.7245393721346193,1.142255810323564,0.5890593072429638,4.854981250360578,749.6666666666666,0.09840482575037578,0.11892361111111113
9,33,0,33.130235545,35.641033943,29/06/2025,23,0.8130045752754858,0.7592228702575456,1.3275225274254767,0.6237194627440816,5.084147917027246,745.2222222222222,0.1882005384426475,0.11111111111111113
9,34,1,33.130280452,35.641048453,29/06/2025,23,0.8155201991522493,0.7625698419736985,1.3263147161188962,0.6259804364726355,4.8215207733441945,741.0,0.2854681321593086,0.1076388888888889
9,35,1,33.130339765,35.641063695,29/06/2025,23,0.8189267456152981,0.7706071966095666,1.302414584604316,0.6350550095390604,4.141745971613138,739.7777777777778,0.37411565977742445,0.13020833333333331
9,36,0,33.130566585,35.641130553,29/06/2025,23,0.8117474023136559,0.7557310674216757,1.3398418813732489,0.6167511862404725,3.7122849987618842,752.7777777777778,0.4743966817496229,0.16927083333333331
9,37,0,33.130800182,35.641201735,29/06/2025,23,0.7989867113559517,0.744723332918936,1.3107593057253253,0.6071117137667099,4.474467448142029,750.2222222222222,0.3608615119644531,0.12239583333333334
9,38,0,33.130985852,35.641258988,29/06/2025,23,0.8095765577173827,0.7594446627521008,1.2996915761955918,0.6274926270674077,3.503580670660026,739.5555555555555,0.5249999999999999,0.1684027777777778
9,39,0,33.131165582,35.6413114,29/06/2025,23,0.7993279757359514,0.7532774606210142,1.2630017308146697,0.6104067217990921,4.146996441904049,743.8888888888889,0.38317307692307695,0.11892361111111112
9,40,0,33.131352173,35.641367562,29/06/2025,23,0.7896903171968392,0.7432303450383353,1.2538198439778918,0.6023538673595734,3.696985231079872,762.6666666666666,0.46875,0.14322916666666669
9,41,0,33.131530437,35.641418732,29/06/2025,23,0.799606746727096,0.747167165267292,1.3003147571239586,0.6057026260979569,2.792759514852448,755.8888888888889,0.6479166666666667,0.20225694444444448
9,42,0,33.131712068,35.641472697,29/06/2025,23,0.7957918397808199,0.7400425598410609,1.3146841136381129,0.6013991079257681,3.6280996792786877,762.5555555555555,0.4430936875789817,0.19270833333333334
9,43,0,33.131951203,35.641545475,29/06/2025,23,0.7717446886304203,0.7338300223109308,1.1931096977545188,0.589964454091099,4.596251836004467,753.1111111111111,0.26622793608087725,0.11805555555555557
9,44,0,33.132159068,35.641608093,29/06/2025,23,0.7529318075798158,0.712144903669311,1.1931981196628956,0.5779638948277335,3.0311835807481353,778.2222222222222,0.5520833333333334,0.23177083333333331
9,45,0,33.132159085,35.641608103,29/06/2025,23,0.7529318075798158,0.712144903669311,1.1931981196628956,0.5779638948277335,3.0311835807481353,778.2222222222222,0.5520833333333334,0.23177083333333331
9,46,0,33.132392733,35.641675218,29/06/2025,23,0.6957462038883038,0.6794465355387964,1.0642887855472485,0.5365318812505486,4.66748125036058,803.6666666666666,0.14166080673433618,0.125
9,47,0,33.132596072,35.64173629,29/06/2025,23,0.5200396691292403,0.5595361229599025,0.8973558170294829,0.4158012874553975,5.048533209849189,904.4444444444445,0.10091628870665188,0.1076388888888889
9,48,0,33.133211033,35.641665365,29/06/2025,23,0.6148357005488785,0.6165532955470948,0.9968451817958284,0.47694897952730286,4.959147917027245,871.0,0.0818916910952438,0.11111111111111112
9,49,0,33.133042727,35.641615528,29/06/2025,23,0.6946492287319042,0.6753720965067104,1.0771428401978498,0.5277422240223161,4.846251836004467,813.4444444444445,0.16987363433053593,0.1076388888888889
9,50,0,33.132881035,35.641566383,29/06/2025,23,0.7553554708172088,0.7091176748503041,1.222300511755345,0.5700264063173686,3.941878720708277,786.5555555555555,0.3482843137254902,0.1545138888888889
9,51,0,33.132708738,35.641512392,29/06/2025,23,0.7583706531687056,0.7184032278763014,1.1937116257486495,0.5698184435202832,5.0901998765158565,770.3333333333334,0.19805995475113122,0.10416666666666669
9,52,0,33.13250748,35.641455683,29/06/2025,23,0.7236052374186606,0.6936048857743243,1.1290382239094106,0.5474488883168315,3.5986693980937767,788.8888888888889,0.42608703919679525,0.1579861111111111
9,53,0,33.132359758,35.641409547,29/06/2025,23,0.7625334693294811,0.7194293900903862,1.2125370606783568,0.5772880076733393,3.2591516387672983,768.5555555555555,0.4690705128205128,0.2048611111111111
9,57,0,33.131793563,35.64124068,29/06/2025,23,0.8025055527805562,0.7522814430022753,1.2919399668886906,0.6082326250519144,3.575357568381722,748.2222222222222,0.4514705882352941,0.17447916666666669
9,58,0,33.13162207,35.64119012,29/06/2025,23,0.8094177700988048,0.752554133550182,1.341444982402969,0.6165053377020884,4.164602669685038,754.1111111111111,0.45416666666666666,0.13454861111111113
9,59,0,33.131452007,35.64113953,29/06/2025,23,0.8094678844369887,0.7536669939257074,1.3344343927915925,0.6234358864283376,4.675687440010859,755.3333333333334,0.22730835675288205,0.1154513888888889
9,60,0,33.131278977,35.641088275,29/06/2025,23,0.8118280597840983,0.7604013255973809,1.3125944533330385,0.6260297071303689,2.430155966959864,740.1111111111111,0.6623774509803921,0.3472222222222222
9,61,0,33.131111558,35.641037077,29/06/2025,23,0.8120586098749347,0.7608964524172335,1.3103114827829876,0.6191637144177327,3.9789770342734103,740.0,0.4422322775263952,0.13975694444444445
9,62,0,33.13093769,35.640988772,29/06/2025,23,0.816784405167662,0.7678486090610497,1.3027515394271316,0.6318371256902325,4.420507230104883,726.3333333333334,0.30271926338102806,0.12239583333333334
9,63,0,33.130795735,35.6409461,29/06/2025,23,0.8183478639857946,0.7657078122013647,1.3298267762135458,0.6200813184966353,4.535906066166137,739.4444444444445,0.287697963800905,0.11458333333333334
9,64,0,33.130621442,35.64089229,29/06/2025,23,0.8114145825213425,0.7557135667427096,1.3370394827021335,0.6152207261836062,2.989516914081469,752.4444444444445,0.5477564102564103,0.2508680555555555
9,65,0,33.130452752,35.640845742,29/06/2025,23,0.8059703728254345,0.7529259755328442,1.3129816443238425,0.6136700591911969,2.9699118602854653,751.4444444444445,0.6270833333333333,0.2230902777777778
9,66,0,33.130272297,35.640787248,29/06/2025,23,0.8130287994818984,0.7587395395768011,1.330508796302042,0.6213726134796669,3.9472182261061297,731.6666666666666,0.3601338612368024,0.13628472222222224
9,67,0,33.13015775,35.640755325,29/06/2025,23,0.8056556695098099,0.756910553199391,1.2870480984988215,0.6192407797985999,4.4673541066775275,727.5555555555555,0.3639234539969835,0.12239583333333334
9,68,0,33.129994187,35.640708718,29/06/2025,23,0.750678381593148,0.719206921015981,1.1493165842153674,0.5879753861745903,5.0485332098491895,757.4444444444445,0.17242061065590478,0.1076388888888889
9,69,0,33.129886477,35.64067392,29/06/2025,23,0.702449472975306,0.6969810485125336,1.0223549616065937,0.5428059639464438,4.4193721485946105,491.3333333333333,0.2202182470788804,0.12847222222222224
9,70,0,33.130078742,35.640473065,29/06/2025,23,0.7575141741551819,0.7232497191467946,1.1638895647907654,0.5728778669567309,5.0901998765158565,757.6666666666666,0.15446756145285556,0.10416666666666669
9,71,0,33.130249393,35.640520833,29/06/2025,23,0.7986352541305217,0.7511617391337997,1.2713437259208364,0.5989543414185401,3.638879287360708,735.6666666666666,0.3974264705882353,0.15104166666666666
9,72,1,33.130283428,35.640529605,29/06/2025,23,0.7981205263815648,0.7532528418692235,1.254691879400941,0.615225298715649,3.9440329508699485,735.6666666666666,0.35625000000000007,0.1293402777777778
9,73,0,33.13038629,35.640558765,29/06/2025,23,0.7987793346009601,0.7480421849601256,1.2885723089305354,0.6105361970163873,4.821520773344195,752.6666666666666,0.17049931719049363,0.10763888888888891
9,74,1,33.130489493,35.64059551,29/06/2025,23,0.8007604796853064,0.7519347418058752,1.280261616487871,0.6152168497723386,4.217090774749888,754.7777777777778,0.3394607843137255,0.12847222222222224
9,75,1,33.130529357,35.640601843,29/06/2025,23,0.8043327403781131,0.7534057033946671,1.297050414893995,0.6198903355057701,4.109026378756282,751.4444444444445,0.3440705128205128,0.11805555555555557
9,76,0,33.13060189,35.64062303,29/06/2025,23,0.8063780352111837,0.7523471296011305,1.319152380307573,0.6184986830700635,5.048533209849189,760.1111111111111,0.2779694570135747,0.1076388888888889
9,77,0,33.130774337,35.64067839,29/06/2025,23,0.7993861014479607,0.7456652887284357,1.3068913282379384,0.607535419259245,3.8864604023168976,761.8888888888889,0.4640931372549019,0.17274305555555555
9,78,0,33.130945642,35.64072416,29/06/2025,23,0.8043827077693714,0.7522889926177682,1.3040774222674067,0.6183833560490295,4.067359712089615,751.2222222222222,0.43124999999999997,0.12152777777777779
9,79,0,33.131116633,35.640775893,29/06/2025,23,0.8070885371570536,0.7576410799918912,1.2957113393090063,0.6322628640193728,4.377968813855583,736.2222222222222,0.33467372915902327,0.12239583333333334
9,80,0,33.131277875,35.640823418,29/06/2025,23,0.8037747697702512,0.749994052417796,1.31407432977995,0.6080641736581561,3.431796565388193,743.0,0.4732843137254902,0.1623263888888889
9,81,1,33.131388728,35.64086117,29/06/2025,23,0.7938883156348848,0.7484942296557759,1.252332472423005,0.6069788181314809,4.759892522926826,742.7777777777778,0.2095825689943337,0.11197916666666669
9,82,0,33.131551763,35.640910077,29/06/2025,23,0.7977774529418474,0.7515951883348915,1.2616167576460124,0.6077832299538631,4.433746230592378,742.3333333333334,0.32558803147038445,0.13020833333333334
9,83,0,33.131735872,35.64096258,29/06/2025,23,0.7999648671890937,0.7492440404126635,1.2910972655215498,0.614214484633513,4.3865657617071605,749.1111111111111,0.343947963800905,0.13020833333333334
9,84,1,33.131808365,35.640985798,29/06/2025,23,0.7957888924754738,0.7526438330715917,1.2419275435949837,0.613177822511439,4.086302147188916,739.1111111111111,0.2752649708532061,0.13628472222222224
9,85,0,33.131973595,35.641032565,29/06/2025,23,0.7922834998319922,0.7391988079256433,1.295117210519797,0.6035279858782311,4.484289710683922,759.1111111111111,0.37610294117647053,0.12586805555555555
9,86,0,33.13214706,35.641084612,29/06/2025,23,0.7694123819698856,0.7169669041252441,1.2659817337066306,0.5808425474925802,3.8688639768707347,777.1111111111111,0.2798925339366516,0.1449652777777778
9,87,0,33.132318368,35.641134877,29/06/2025,23,0.7481066214999578,0.7103878079693937,1.175542361321287,0.5686806046368809,4.19195242024266,781.3333333333334,0.33150121275121275,0.12586805555555555
9,88,0,33.132447467,35.641171288,29/06/2025,23,0.7516115255032377,0.710549165792671,1.1935859601410688,0.5595325148689425,2.6166778774908437,779.4444444444445,0.6333333333333333,0.2378472222222222
9,89,0,33.132677382,35.641240768,29/06/2025,23,0.6991664461984942,0.67743755587524,1.091761015197212,0.5418006294375303,4.846251836004468,795.2222222222222,0.12487698864850942,0.1076388888888889
9,90,0,33.13285773,35.641295055,29/06/2025,23,0.7658837198813351,0.7248593165445681,1.2043477190673357,0.5812186600014629,3.8544580256547487,763.4444444444445,0.36885603929721583,0.1449652777777778
9,91,0,33.133077455,35.64136293,29/06/2025,23,0.767017095818996,0.7257269511688806,1.2056382934186027,0.5928222712793244,3.9719224597790608,770.0,0.3738698993110757,0.1684027777777778
9,92,0,33.133241818,35.641410273,29/06/2025,23,0.7642295916671937,0.7193893595349152,1.2217067588191586,0.5872986937206482,4.146996441904049,777.8888888888889,0.33096719457013574,0.11892361111111112
9,93,0,33.133417687,35.641462717,29/06/2025,23,0.7554426349608465,0.7093607703135167,1.2211059988064406,0.5679386148130594,4.8045851693378,795.7777777777778,0.24105869757289505,0.11111111111111113
9,94,0,33.133610307,35.641524505,29/06/2025,23,0.6868218068461716,0.6711568640474048,1.062622063318158,0.5267498343189367,4.5443721485946105,824.0,0.1440206730202575,0.1267361111111111
9,95,0,33.133775465,35.641572718,29/06/2025,23,0.6401221396508401,0.6335261169198749,1.0225241887091876,0.4900005191971655,4.042628649429343,862.1111111111111,0.3389007276507276,0.1371527777777778
9,96,0,33.133960583,35.64162429,29/06/2025,23,0.6162711179701423,0.6129300591039635,1.0110923528974725,0.46331853212259094,4.336038815261277,885.5555555555555,0.24754570747217808,0.13368055555555555
9,97,0,33.134187567,35.641696383,29/06/2025,23,0.6729596634514179,0.6537172844715878,1.0720808660487018,0.5041904027227448,4.759892522926828,842.7777777777778,0.2768305919041213,0.11197916666666669
9,98,0,33.134430207,35.641770607,29/06/2025,23,0.6931922652515552,0.6778146696639435,1.0621525449155247,0.5305161101049818,3.9670907747498876,822.3333333333334,0.3368872549019608,0.1388888888888889
9,99,0,33.134612525,35.641825233,29/06/2025,23,0.6627627027022013,0.6488534955056193,1.0506566037258773,0.49866776432027077,3.5161596208415364,846.3333333333334,0.5145833333333334,0.1623263888888889
9,100,0,33.134773178,35.64187554,29/06/2025,23,0.6801889469905132,0.6638313857941555,1.0620085470811993,0.5299032108871127,2.9912003252589536,839.4444444444445,0.6354166666666666,0.2048611111111111
9,101,0,33.134945552,35.641922698,29/06/2025,23,0.6775208351754196,0.6584548692950961,1.0729721101295164,0.5074925772358314,4.456733794087382,842.2222222222222,0.2301086338070581,0.1267361111111111
9,102,0,33.135117153,35.641980013,29/06/2025,23,0.5376342839911591,0.5664068906247562,0.9220239298752025,0.41717650376691845,4.159037234815499,623.3333333333334,0.18632648488544748,0.15104166666666669
9,103,0,33.134982408,35.641680653,29/06/2025,23,0.6988326162905064,0.6701533671642983,1.1140494679853747,0.5219587209039318,4.8045851693378,828.3333333333334,0.2509375891728833,0.11111111111111112
9,104,0,33.134810457,35.641630768,29/06/2025,23,0.7648874406207462,0.7271318400450913,1.1865353373669205,0.5822273040024739,4.456733794087382,757.2222222222222,0.2416817496229261,0.1267361111111111
9,105,0,33.134630138,35.641574297,29/06/2025,23,0.7738287656912459,0.7331672016524009,1.208107806119196,0.5901773086291402,4.265072732832805,747.7777777777778,0.29845578044107457,0.13802083333333334
9,106,0,33.134394168,35.641501542,29/06/2025,23,0.7544712740849348,0.7118067691380381,1.2031784192061503,0.5805347907524276,4.823527604437102,787.3333333333334,0.3089704863234275,0.11892361111111112
9,107,0,33.134219085,35.641450663,29/06/2025,23,0.7389266835436604,0.7030432792044579,1.1629577349454565,0.5497101270831486,3.6008456951388417,797.8888888888889,0.42696078431372547,0.1623263888888889
9,108,0,33.134042575,35.641398028,29/06/2025,23,0.7433846037096389,0.7058375163393087,1.1715838343847351,0.5599930491051799,3.967764837673931,787.4444444444445,0.47193627450980397,0.14930555555555558
9,109,0,33.133779428,35.641318685,29/06/2025,23,0.7805964936131433,0.7368661561616014,1.2304531307675985,0.6003935587343302,4.043093107165021,756.3333333333334,0.4032202111613877,0.12586805555555555
9,110,0,33.133604408,35.64126555,29/06/2025,23,0.7843572492362161,0.7473745996190502,1.1966380617249348,0.607687714344985,4.204726962994476,727.8888888888889,0.4536764705882353,0.12586805555555558
9,111,0,33.133425928,35.641212678,29/06/2025,23,0.7793874674814324,0.7375059738666826,1.21923333755745,0.5926222476191556,3.690490880738976,742.4444444444445,0.24386923688394274,0.1736111111111111
9,112,0,33.133250962,35.641162302,29/06/2025,23,0.7746265090791649,0.7355178164438614,1.2002103947636449,0.5870458356223542,5.048533209849189,741.5555555555555,0.22833710407239818,0.1076388888888889
9,113,0,33.133068517,35.64111066,29/06/2025,23,0.7850098752467825,0.741682386932477,1.2319824655066731,0.6067796007560472,3.913932045910443,741.2222222222222,0.45208333333333334,0.1484375
9,114,0,33.132884088,35.641053517,29/06/2025,23,0.7848238976336028,0.7460492076074615,1.2084686693065239,0.6091373028004043,4.3865657617071605,725.1111111111111,0.41943815987933636,0.13020833333333334
9,115,0,33.13275016,35.641013687,29/06/2025,23,0.7376559811707588,0.7117797168586231,1.1189746462799084,0.5728066403373274,4.287448439523366,763.8888888888889,0.30266581060698705,0.1388888888888889
9,116,0,33.132526445,35.640945088,29/06/2025,23,0.7595778746538833,0.716112285263335,1.2107301979925371,0.5754700259543793,3.913932045910443,771.3333333333334,0.3953902714932127,0.1484375
9,117,0,33.132353315,35.640892888,29/06/2025,23,0.7591722664785274,0.7143865164922727,1.2175106824078865,0.5641283105003801,3.988683766964757,772.3333333333334,0.3969362745098039,0.15538194444444448
9,118,0,33.132173813,35.64083862,29/06/2025,23,0.7953153226836249,0.7533371609129911,1.2341050465072863,0.6102223080144467,4.186772210336683,725.0,0.38749999999999996,0.12586805555555555
9,119,0,33.131990313,35.640783327,29/06/2025,23,0.8197926097639016,0.7654366846002341,1.342418743702109,0.6276634146655177,4.759892522926829,731.0,0.3185803167420814,0.11197916666666669
9,120,0,33.131826442,35.640736202,29/06/2025,23,0.8352100289011961,0.7825962017327004,1.3584357562099125,0.6515790092967505,4.332141085934338,707.2222222222222,0.3635558069381599,0.12239583333333334
9,121,0,33.131641782,35.640680672,29/06/2025,23,0.837858070882447,0.7810477423811499,1.3951250897076108,0.6474187205026938,5.063314583693912,718.1111111111111,0.22428712649300883,0.11197916666666669
9,122,0,33.131449675,35.640623772,29/06/2025,23,0.8265968860092533,0.7760111108954294,1.3288111527314106,0.6398260533830328,3.7157380337859163,715.0,0.40021528881822993,0.1527777777777778
9,123,1,33.131408412,35.640608335,29/06/2025,23,0.8239758291965197,0.7734856504198597,1.3237178354266854,0.6412052780687685,4.27467389677155,721.1111111111111,0.31014175940646527,0.13020833333333334
9,124,1,33.13123464,35.64055972,29/06/2025,23,0.8171240410833064,0.7636117608466805,1.3322984489260523,0.6173886015851145,4.248400460754048,728.6666666666666,0.3807598039215686,0.12673611111111113
9,126,0,33.131234403,35.640559448,29/06/2025,23,0.8171240410833064,0.7636117608466805,1.3322984489260523,0.6173886015851145,4.248400460754048,728.6666666666666,0.3807598039215686,0.12673611111111113
9,127,1,33.1311567,35.64053241,29/06/2025,23,0.8119492839196368,0.763046928329628,1.2963092707100357,0.6251489635673912,3.123457626642771,739.4444444444445,0.59375,0.2152777777777778
9,128,0,33.130932527,35.640464422,29/06/2025,23,0.793013185792391,0.7560327803500979,1.203970905071757,0.6126775909221579,4.675687440010861,730.3333333333334,0.36446078431372547,0.1154513888888889
9,129,0,33.130743188,35.640411035,29/06/2025,23,0.8220754735271877,0.7716009238859626,1.320772961814543,0.6235980437104907,3.45842909975111,716.7777777777778,0.38305052790346905,0.1623263888888889
9,130,0,33.13049672,35.640334402,29/06/2025,23,0.7929949093446516,0.7546549383457359,1.2124298068725117,0.6128209810002347,4.804585169337799,725.7777777777778,0.1458163913921611,0.11111111111111113
9,131,0,33.1303069,35.640283857,29/06/2025,23,0.7965134064742335,0.7476554223544386,1.2766752911607688,0.6233530138639772,4.273131523414323,740.5555555555555,0.18135038318861846,0.11458333333333334
9,132,0,33.130053837,35.640208292,29/06/2025,23,0.7368684699493434,0.7132572554993577,1.108163374940378,0.5717457199191774,4.8045851693378,757.3333333333334,0.19776872199226783,0.11111111111111112
9,133,0,33.130101927,35.639957122,29/06/2025,23,0.8012724514797837,0.760292391924909,1.235081321167594,0.6070295795423006,3.424683223923693,678.7777777777778,0.4375,0.18663194444444448
9,134,0,33.130231498,35.639995658,29/06/2025,23,0.8101352450040199,0.7689122825824507,1.2456073690254024,0.6248059717130247,4.223406066166138,669.3333333333334,0.2713956320573968,0.12586805555555555
9,135,0,33.130332317,35.640030617,29/06/2025,23,0.8188036735728764,0.7729394918921465,1.2869961037080644,0.6264812733267735,3.4216572441793867,678.7777777777778,0.46874999999999994,0.1840277777777778
9,136,0,33.130466753,35.640065772,29/06/2025,23,0.8241878640939473,0.7761402457032575,1.30792283525045,0.6376563145588838,3.5770917414514662,677.7777777777778,0.4337009803921569,0.15972222222222224
9,137,0,33.130606073,35.640108777,29/06/2025,23,0.8330771291947425,0.7850011649992316,1.3227336376345677,0.6547382984590429,4.333624692321414,670.8888888888889,0.33381975867269986,0.11458333333333334
9,138,0,33.130799665,35.6401659,29/06/2025,23,0.8338183774899474,0.7874190777244922,1.3128234851507619,0.6540656004634974,2.692215752170299,682.1111111111111,0.66875,0.3333333333333332
9,139,0,33.130924783,35.640202167,29/06/2025,23,0.8355310757838635,0.7869713290529984,1.3347691590314934,0.6636786285000581,4.490341670172533,674.8888888888889,0.30387443438914025,0.11892361111111112
9,140,0,33.131045668,35.640237885,29/06/2025,23,0.8378017664137527,0.7903933595955408,1.3266379571937394,0.651822974968207,4.352303795493077,667.7777777777778,0.37904411764705886,0.12152777777777779
9,141,0,33.13119875583578,35.640288385821016,29/06/2025,23,0.8381837278124566,0.7919593505444015,1.3195407613824863,0.6551844101723575,2.9818146534546477,658.0,0.553195701357466,0.2925347222222222
9,142,0,33.13124230414125,35.63999318747336,29/06/2025,23,0.8360375322679952,0.7920659493124301,1.3000128003349338,0.6541669658151889,4.840199876515855,662.6666666666666,0.2852941176470588,0.11458333333333334
9,143,0,33.131103885,35.639938447,29/06/2025,23,0.8159096684542646,0.7728095059874196,1.2650312801567174,0.627986325027814,4.317359712089615,690.1111111111111,0.30474170437405734,0.1267361111111111
9,144,0,33.130836262,35.639859652,29/06/2025,23,0.8208583944431502,0.7817434331170788,1.2456794033676795,0.6363122063064663,4.590199876515856,682.2222222222222,0.4261123680241327,0.1371527777777778
9,145,0,33.13068126,35.639810557,29/06/2025,23,0.8249125740437833,0.7866956460198812,1.2446541206378536,0.6408624588132568,4.070575324227177,667.8888888888889,0.3421662895927602,0.12239583333333333
9,146,0,33.130489362,35.639749943,29/06/2025,23,0.8152339332396947,0.7702383242763441,1.275292953750406,0.6375275736070708,4.846251836004468,693.1111111111111,0.2922322775263952,0.1076388888888889
9,149,0,33.130084953,35.639633447,29/06/2025,23,0.7858634577644384,0.7588199001226895,1.1436269356166482,0.6119682873765324,4.434153522439333,453.8888888888889,0.27613561903147776,0.1328125
10,2,0,33.129969208,35.641946852,04/07/2025,18,0.5034004024148,0.5378981770891577,0.9143445041438452,0.363775261364658,5.292481250360577,793.6666666666666,0.14734052968160413,0.10416666666666669
10,3,0,33.130132513,35.641997872,04/07/2025,18,0.5381970691316148,0.5494748609508234,0.970987436022309,0.3994662085404797,4.663320189106001,507.22222222222223,0.14472486798961898,0.125
10,4,0,33.130629767,35.641888025,04/07/2025,18,0.6538015817301097,0.652002508177559,1.0216513343760123,0.49960584390180895,5.048533209849189,752.1111111111111,0.09173542295452644,0.1076388888888889
10,5,0,33.130460162,35.64183591,04/07/2025,18,0.7337833349880517,0.7017376878104782,1.1478350318091999,0.5554353401182698,5.292481250360577,734.2222222222222,0.07692978315902535,0.10416666666666669
10,6,0,33.130302077,35.641785553,04/07/2025,18,0.769467542196066,0.7266764572095519,1.2158993473416844,0.5739601004175865,5.0485332098491895,720.5555555555555,0.12175803368217465,0.10763888888888891
10,7,0,33.13013566,35.641740683,04/07/2025,18,0.7381743837803509,0.6990196235748395,1.1776010735361242,0.5468242831113819,4.403501365713556,737.7777777777778,0.35505752552022274,0.13368055555555558
10,8,0,33.129928818,35.641674958,04/07/2025,18,0.7130889973567076,0.6911226092752814,1.092475823915264,0.5305620947311855,5.292481250360577,739.5555555555555,0.14250096443424992,0.10416666666666669
10,9,0,33.130013228,35.641444272,04/07/2025,18,0.7764882370888883,0.7350289028259854,1.2151611480715634,0.5999313344781699,5.0901998765158565,724.3333333333334,0.09515317353552646,0.10416666666666669
10,10,0,33.130160123,35.641485933,04/07/2025,18,0.8126729539536165,0.7688795309823424,1.2654691260083715,0.6380309260850192,3.9789770342734108,695.2222222222222,0.41931561085972846,0.13975694444444445
10,11,0,33.130287267,35.641526048,04/07/2025,18,0.8259095439825332,0.7776653321564129,1.312378681359965,0.6402339097953953,3.2548597120896154,684.0,0.5291666666666667,0.2074652777777778
10,12,0,33.130417825,35.641564982,04/07/2025,18,0.8323917740335572,0.7802236469815292,1.3504435688845453,0.6572680353557785,4.819366543182522,694.2222222222222,0.23593004769475356,0.1154513888888889
10,13,0,33.130531453,35.641598925,04/07/2025,18,0.8373434822210037,0.7852189278175223,1.3595099951238505,0.6509820069519126,4.159037234815499,680.8888888888889,0.2791195324283559,0.15104166666666669
10,14,0,33.1305324,35.641599585,04/07/2025,18,0.8373434822210037,0.7852189278175223,1.3595099951238505,0.6509820069519126,4.159037234815499,680.8888888888889,0.2791195324283559,0.15104166666666669
10,15,0,33.130669182,35.641638927,04/07/2025,18,0.824535438811348,0.7739875828127617,1.3259930075369768,0.6346096241633674,3.5968226336265308,690.6666666666666,0.3566176470588235,0.17708333333333331
10,16,0,33.130827782,35.641688615,04/07/2025,18,0.8086536540742943,0.7631729125905595,1.2712201261048226,0.6321479975919932,4.184284387862438,707.4444444444445,0.3965214932126697,0.14756944444444445
10,17,0,33.130976685,35.641731912,04/07/2025,18,0.7921311329757441,0.7492927098806664,1.2359166903650243,0.6047215275996878,3.1553220035626532,710.0,0.5020833333333333,0.18489583333333334
10,18,0,33.13112277,35.641773428,04/07/2025,18,0.7788429424743142,0.7415827285089622,1.1970884392475745,0.5991893681388656,3.596822633626531,725.3333333333334,0.2760698198198198,0.17708333333333337
10,19,0,33.131285223,35.641825392,04/07/2025,18,0.6458466115347672,0.6488248807448014,1.001488688059527,0.49323314092825427,5.292481250360577,791.8888888888889,0.03781828232694473,0.10416666666666669
10,20,0,33.131447075,35.641873242,04/07/2025,18,0.5505484749217465,0.5738781286368357,0.9394047157153685,0.40001751709583167,4.2943721485946105,851.4444444444445,0.1960621310059317,0.1371527777777778
10,21,0,33.131711587,35.641713948,04/07/2025,18,0.7607538948309429,0.731075692750313,1.144822369727951,0.5826613367131229,5.0485332098491895,732.3333333333334,0.1932523172262695,0.1076388888888889
10,22,0,33.131529885,35.641661073,04/07/2025,18,0.8000753562974672,0.7552898380440612,1.2561102635293757,0.6363334325780693,4.846251836004466,730.4444444444445,0.26052601809954745,0.1076388888888889
10,23,0,33.13134376,35.641605153,04/07/2025,18,0.8111794105789871,0.7573121579431267,1.3248168225617383,0.6252767706952135,5.292481250360577,718.8888888888889,0.20041101055806937,0.10416666666666669
10,24,0,33.131183887,35.641554618,04/07/2025,18,0.8084236711143299,0.7604206446912698,1.2856009356991216,0.6264287461902577,5.048533209849189,707.7777777777778,0.19829552403081815,0.1076388888888889
10,25,0,33.131010425,35.641506768,04/07/2025,18,0.8170616510171805,0.7672409432463745,1.3088166873924063,0.634975428619442,4.818494793599889,701.5555555555555,0.2616760935143288,0.11197916666666669
10,26,0,33.130817698,35.641449733,04/07/2025,18,0.8161766618688344,0.7640044944838049,1.3220941919621931,0.6195552128810341,4.353846168850304,696.3333333333334,0.2849264705882352,0.125
10,27,0,33.130644047,35.64139707,04/07/2025,18,0.8356046447431477,0.7790599231327151,1.386933887604267,0.6439719694785132,2.626736765917564,690.8888888888889,0.6791666666666667,0.2690972222222222
10,28,0,33.130465098,35.641345145,04/07/2025,18,0.8327515072019741,0.7807452971889561,1.3497730379228092,0.6464494158809928,4.217090774749888,694.1111111111111,0.3521681749622926,0.12847222222222224
10,29,0,33.130293565,35.6412921,04/07/2025,18,0.8348590203373188,0.7829712911711488,1.3531689133988944,0.6478048427397707,3.431796565388193,692.3333333333334,0.5229166666666666,0.1623263888888889
10,30,0,33.130117265,35.641243008,04/07/2025,18,0.8325372117158327,0.7758482088241128,1.38231260002991,0.6480062392119907,2.9029781410077256,698.1111111111111,0.44362745098039214,0.21875000000000003
10,31,0,33.129956522,35.641189745,04/07/2025,18,0.785365304287309,0.7531319111116956,1.175938603535358,0.6054455160744809,4.361440501696144,685.0,0.1419344338820666,0.12152777777777779
10,32,0,33.130061327,35.640980707,04/07/2025,18,0.7811412926708656,0.741313017552019,1.2114472372600837,0.59900867380323,5.063314583693912,689.7777777777778,0.2085227635409457,0.11197916666666669
10,33,0,33.130235545,35.641033943,04/07/2025,18,0.8282971655097122,0.7744158131914212,1.3551182072129693,0.6343087843250577,3.9256874400108606,682.5555555555555,0.44325980392156866,0.14149305555555558
10,34,1,33.130280452,35.641048453,04/07/2025,18,0.8287779991925917,0.7750365521540012,1.3551989025617566,0.6321747628082649,4.532880086421833,685.3333333333334,0.3531862745098039,0.11892361111111112
10,35,1,33.130339765,35.641063695,04/07/2025,18,0.8337726205508643,0.7744188698974644,1.4037931686818295,0.6326249752009431,3.6650891943041093,699.1111111111111,0.4916666666666667,0.16493055555555555
10,36,0,33.130566585,35.641130553,04/07/2025,18,0.8263204686034409,0.7690132579955496,1.3734955767397063,0.6367074195359,3.597212620694041,695.1111111111111,0.4625,0.14756944444444445
10,37,0,33.130800182,35.641201735,04/07/2025,18,0.8154164883160601,0.7613368986325697,1.3347444437341422,0.6192627834075866,3.9719224597790608,699.7777777777778,0.3911764705882353,0.1371527777777778
10,38,0,33.130985852,35.641258988,04/07/2025,18,0.8199142773125202,0.7686344112494877,1.3230103819327104,0.6245142762279721,3.7262143864567436,697.0,0.5520833333333335,0.15885416666666669
10,39,0,33.131165582,35.6413114,04/07/2025,18,0.8141256206241682,0.7635730430246181,1.308692443340466,0.625632478669586,2.128154386514085,700.4444444444445,0.7791666666666667,0.37326388888888884
10,40,0,33.131352173,35.641367562,04/07/2025,18,0.8085322746382951,0.7606142136647366,1.2846673635404526,0.6201793199291578,3.8505602963278087,711.7777777777778,0.4629987032336387,0.16145833333333331
10,41,0,33.131530437,35.641418732,04/07/2025,18,0.807636413369543,0.7562122473928344,1.3055758091861998,0.6245210869524804,3.1633456951388412,714.8888888888889,0.5354166666666667,0.20486111111111113
10,42,0,33.131712068,35.641472697,04/07/2025,18,0.7934184205885911,0.75008298232413,1.2404634782452106,0.6127432964622966,3.16190859455862,719.0,0.4979166666666667,0.2638888888888889
10,43,0,33.131951203,35.641545475,04/07/2025,18,0.786715413456272,0.7459672343383353,1.220015542614266,0.5954489467826503,4.819366543182522,708.0,0.3198529411764706,0.11545138888888891
10,44,0,33.132159068,35.641608093,04/07/2025,18,0.7539417631042319,0.7168632228148961,1.17574528809772,0.5754140551100686,3.3078744810097436,745.2222222222222,0.42083333333333334,0.16666666666666669
10,45,0,33.132159085,35.641608103,04/07/2025,18,0.7539417631042319,0.7168632228148961,1.17574528809772,0.5754140551100686,3.3078744810097436,745.2222222222222,0.42083333333333334,0.16666666666666669
10,46,0,33.132392733,35.641675218,04/07/2025,18,0.6904766276057206,0.6742369071835266,1.0634372400870482,0.525057284515956,4.596251836004467,775.8888888888889,0.15443444009620477,0.11805555555555555
10,47,0,33.132596072,35.64173629,04/07/2025,18,0.48642383363880576,0.5352315518543608,0.8851728683527247,0.3520246920128255,4.159037234815499,839.1111111111111,0.16062209383232062,0.15104166666666669
10,48,0,33.133211033,35.641665365,04/07/2025,18,0.5821512632940731,0.6022733798840899,0.9460795468766072,0.4435506227178903,3.9549868557726664,807.5555555555555,0.17321977604770086,0.1527777777777778
10,49,0,33.133042727,35.641615528,04/07/2025,18,0.6983181467964171,0.6787355172454057,1.0802478902749648,0.5268186348237283,4.959147917027245,778.4444444444445,0.08528401074364231,0.11111111111111112
10,50,0,33.132881035,35.641566383,04/07/2025,18,0.769896422201341,0.7267643620376666,1.2177327836961258,0.5790438677789127,4.294372148594611,734.4444444444445,0.32090874811463044,0.1371527777777778
10,51,0,33.132708738,35.641512392,04/07/2025,18,0.7673529026348453,0.7249226198064873,1.2151489444005272,0.5703239249955754,4.85498125036058,724.5555555555555,0.25463800904977374,0.12760416666666669
10,52,0,33.13250748,35.641455683,04/07/2025,18,0.7327944843682753,0.7019220050103415,1.1370382220577464,0.5609165164178026,4.36056875211351,755.6666666666666,0.3593891402714932,0.11805555555555555
10,53,0,33.132359758,35.641409547,04/07/2025,18,0.7739782999600276,0.7326539393975519,1.2113196881794663,0.5990282729253313,4.520105543670017,724.8888888888889,0.27845965309200604,0.11892361111111113
10,57,0,33.131793563,35.64124068,04/07/2025,18,0.8131454247456726,0.7612191931085599,1.3171405871650348,0.6205845085408828,3.936919609405448,705.6666666666666,0.41409313725490193,0.1293402777777778
10,58,0,33.13162207,35.64119012,04/07/2025,18,0.8222854402003231,0.766964615109177,1.354888124418914,0.629261190516747,3.431796565388194,692.5555555555555,0.5229166666666666,0.1623263888888889
10,59,0,33.131452007,35.64113953,04/07/2025,18,0.8211618482289945,0.7628226175950344,1.3706439252463432,0.6266695968256495,4.923533209849189,715.5555555555555,0.22328293418680792,0.12326388888888891
10,60,0,33.131278977,35.641088275,04/07/2025,18,0.8165073875274927,0.7592002957252717,1.355621552325873,0.6209652842045316,4.6795851693378,716.2222222222222,0.30064668174962295,0.12673611111111113
10,61,0,33.131111558,35.641037077,04/07/2025,18,0.8196023846013417,0.76545115994359,1.3404457524749902,0.631055656130667,3.7157380337859163,700.0,0.49779411764705883,0.1527777777777778
10,62,0,33.13093769,35.640988772,04/07/2025,18,0.8288321816913089,0.775634000252367,1.3509186724227793,0.6429848462619966,4.109026378756282,695.6666666666666,0.32450980392156864,0.14930555555555558
10,63,0,33.130795735,35.6409461,04/07/2025,18,0.8275190648301637,0.7753399729745298,1.3410044013600122,0.6389391515344999,4.763589126445728,695.7777777777778,0.23243956626309561,0.11458333333333333
10,64,0,33.130621442,35.64089229,04/07/2025,18,0.8110334761459465,0.7630857929400414,1.2881250348125282,0.6223031861412003,4.271647917027245,705.8888888888889,0.45208333333333334,0.14149305555555555
10,65,0,33.130452752,35.640845742,04/07/2025,18,0.8244847376088009,0.7706478678904192,1.3466218199246651,0.6251555152941728,3.150131621259525,692.5555555555555,0.5618355855855856,0.1814236111111111
10,66,0,33.130272297,35.640787248,04/07/2025,18,0.8305847988599062,0.7778479593151099,1.3507175936193967,0.6282652217535786,4.61318744001086,665.1111111111111,0.19397293220822634,0.11458333333333334
10,67,0,33.13015775,35.640755325,04/07/2025,18,0.8163628443398504,0.7715987808707132,1.2762978230919824,0.6160948815620265,4.43173939949947,662.3333333333334,0.3668646304675717,0.11892361111111113
10,68,0,33.129994187,35.640708718,04/07/2025,18,0.7707963465171918,0.7299600816137115,1.2069641491524115,0.5791820811287685,5.292481250360577,703.7777777777778,0.1488924218335983,0.10416666666666669
10,69,0,33.129886477,35.64067392,04/07/2025,18,0.7170819328387869,0.7012418569485398,1.0671481441718795,0.5443816596814466,4.663320189106001,457.44444444444446,0.148063621376325,0.125
10,70,0,33.130078742,35.640473065,04/07/2025,18,0.7835535324032391,0.7409101903262225,1.2296749439650023,0.5933786541111499,4.602303795493078,705.1111111111111,0.2250136912745399,0.11111111111111112
10,71,0,33.130249393,35.640520833,04/07/2025,18,0.816454788857018,0.765638932170604,1.3153563944480902,0.6175094085627449,4.102303795493077,680.6666666666666,0.3392090620031797,0.13194444444444445
10,72,1,33.130283428,35.640529605,04/07/2025,18,0.817965953723951,0.7679786264390747,1.312864060452542,0.6234969980864653,4.846251836004468,673.6666666666666,0.2182829888712241,0.1076388888888889
10,73,0,33.13038629,35.640558765,04/07/2025,18,0.8075545500473745,0.7613184746126544,1.274274602115528,0.6194050020980447,4.144771951357444,694.3333333333334,0.4040441176470589,0.12586805555555558
10,74,1,33.130489493,35.64059551,04/07/2025,18,0.8133042523752853,0.7610420517178998,1.3180688143266894,0.6253267662182911,4.473406066166138,697.3333333333334,0.29901960784313725,0.1154513888888889
10,75,1,33.130529357,35.640601843,04/07/2025,18,0.8112873731103003,0.7588223221104202,1.3163248953128615,0.6248995525660748,4.213847135551883,698.4444444444445,0.3786764705882352,0.1371527777777778
10,76,0,33.13060189,35.64062303,04/07/2025,18,0.8109250620274169,0.7571989173901378,1.325915193056684,0.6206665661637893,4.063461982762677,699.4444444444445,0.5024509803921569,0.13975694444444448
10,77,0,33.130774337,35.64067839,04/07/2025,18,0.8088536881148997,0.7514743397854728,1.3444264553721432,0.6079867011648287,4.175613740476478,713.4444444444445,0.2069493701846643,0.12152777777777779
10,78,0,33.130945642,35.64072416,04/07/2025,18,0.8143931394032022,0.7599401501609215,1.334882407128195,0.6182570979332184,3.8106524643989688,703.3333333333334,0.4145833333333333,0.15885416666666669
10,79,0,33.131116633,35.640775893,04/07/2025,18,0.8295339494783677,0.766035625196746,1.4237314146664142,0.6310303599512973,3.347591482472226,703.8888888888889,0.50625,0.1519097222222222
10,80,0,33.131277875,35.640823418,04/07/2025,18,0.8111827036588519,0.756605286395445,1.3304075295414894,0.6250511250671146,4.819366543182523,706.8888888888889,0.28331249235660994,0.1154513888888889
10,81,1,33.131388728,35.64086117,04/07/2025,18,0.8062897997888324,0.7516397470819732,1.322306749586116,0.609208244120331,4.846251836004467,712.2222222222222,0.21463225102930988,0.1076388888888889
10,82,0,33.131551763,35.640910077,04/07/2025,18,0.8071634958823022,0.7567555720661975,1.2985479658977022,0.6199040054178259,2.6924203171277865,702.7777777777778,0.6479166666666667,0.234375
10,83,0,33.131735872,35.64096258,04/07/2025,18,0.8044877272599171,0.7570839181980613,1.276070566610465,0.6113346177649396,4.434153522439333,698.5555555555555,0.400197963800905,0.1328125
10,84,1,33.131808365,35.640985798,04/07/2025,18,0.8043739644987007,0.7549531257871631,1.2884109659023053,0.6102567618939322,3.913932045910443,697.0,0.46409313725490203,0.1484375
10,85,0,33.131973595,35.641032565,04/07/2025,18,0.7977744417944296,0.7523282194992817,1.2571903443525723,0.6035966245661225,2.7395169140814692,695.7777777777778,0.56875,0.2456597222222222
10,86,0,33.13214706,35.641084612,04/07/2025,18,0.774928241191557,0.7234154360447353,1.265673564686467,0.5808808495948224,4.577572732832804,737.1111111111111,0.33700980392156865,0.11111111111111113
10,87,0,33.132318368,35.641134877,04/07/2025,18,0.7550512659335892,0.7189534733998566,1.1717209633774355,0.5654903123154053,4.190205481927944,725.8888888888889,0.47083333333333327,0.1362847222222222
10,88,0,33.132447467,35.641171288,04/07/2025,18,0.7574096557551484,0.7126494170283513,1.215552022022421,0.5748596242550804,3.3956018706239135,744.1111111111111,0.49375,0.1545138888888889
10,89,0,33.132677382,35.641240768,04/07/2025,18,0.7175859088805202,0.6895928730265624,1.1217761971761462,0.535933946717448,5.292481250360577,740.8888888888889,0.05508500057023058,0.10416666666666669
10,90,0,33.13285773,35.641295055,04/07/2025,18,0.7701045230969137,0.7283312164026936,1.2106224019211238,0.5868685502974793,4.223406066166138,727.6666666666666,0.37608587093881213,0.1345486111111111
10,91,0,33.133077455,35.64136293,04/07/2025,18,0.7727438174101078,0.7322665148010488,1.2060370462038774,0.5914510237935772,1.9918457753075751,718.4444444444445,0.6854166666666668,0.3142361111111111
10,92,0,33.133241818,35.641410273,04/07/2025,18,0.7773802405154697,0.7341838854850969,1.224509891374584,0.579344031523882,4.247936003018372,721.6666666666666,0.3101073641514817,0.12586805555555555
10,93,0,33.133417687,35.641462717,04/07/2025,18,0.7521446574363599,0.7209397453176387,1.146790900206039,0.5715667420655726,2.945288725406175,738.6666666666666,0.5232371794871795,0.2387152777777778
10,94,0,33.133610307,35.641524505,04/07/2025,18,0.6890915132341283,0.6625836155281677,1.103367656608303,0.5227739400302621,5.0485332098491895,799.5555555555555,0.13940574817726897,0.1076388888888889
10,95,0,33.133775465,35.641572718,04/07/2025,18,0.6393485831215676,0.634908998054463,1.0147777188486133,0.47345791313896424,5.0485332098491895,820.3333333333334,0.23366704374057315,0.1076388888888889
10,96,0,33.133960583,35.64162429,04/07/2025,18,0.6196546906785452,0.6215240514096174,0.9950429433107845,0.4742645136053404,4.2615657617071605,837.3333333333334,0.4337009803921568,0.14583333333333331
10,97,0,33.134187567,35.641696383,04/07/2025,18,0.688525123371805,0.668393185185733,1.0784194469932642,0.5157354200750178,4.346922459779062,786.0,0.3833333333333333,0.1284722222222222
10,98,0,33.134430207,35.641770607,04/07/2025,18,0.700400706295643,0.6731622584263997,1.1096868266066948,0.5234138063217109,4.575418502671132,795.7777777777778,0.3620098039215686,0.1189236111111111
10,99,0,33.134612525,35.641825233,04/07/2025,18,0.6786163819675707,0.6667191098824414,1.0446631768854575,0.5128614041207363,3.441487962506982,792.3333333333334,0.3953525641025641,0.17534722222222224
10,100,0,33.134773178,35.64187554,04/07/2025,18,0.6942661976038742,0.6774642320673352,1.0665737214073554,0.5276003870512357,3.9215263787562824,788.1111111111111,0.341421568627451,0.1449652777777778
10,101,0,33.134945552,35.641922698,04/07/2025,18,0.6863376084223702,0.6742294847333494,1.0482474124521037,0.5214249826244737,3.898824214072309,781.5555555555555,0.2866044494720965,0.15104166666666669
10,102,0,33.135117153,35.641980013,04/07/2025,18,0.5216547896521171,0.5549003661962675,0.9136034527211704,0.3784389326885229,4.663320189106001,594.2222222222222,0.10829983440664583,0.125
10,103,0,33.134982408,35.641680653,04/07/2025,18,0.706773186614332,0.6857278718818335,1.0855611214981407,0.5284831002720409,3.3900117985433935,764.0,0.36188725490196083,0.1779513888888889
10,104,0,33.134810457,35.641630768,04/07/2025,18,0.7640232406981389,0.7261900458897652,1.185678408436714,0.5839801701183258,5.063314583693911,730.4444444444445,0.2063051343198402,0.11197916666666669
10,105,0,33.134630138,35.641574297,04/07/2025,18,0.7809830594918956,0.7383507516580965,1.2240757794286496,0.5943925827830366,4.265072732832804,714.5555555555555,0.3443859300476948,0.12239583333333334
10,106,0,33.134394168,35.641501542,04/07/2025,18,0.7682684418934781,0.7354145469858637,1.1640568629927444,0.5935631343388345,4.287912897259044,707.3333333333334,0.381205311646488,0.15538194444444445
10,107,0,33.134219085,35.641450663,04/07/2025,18,0.7568843386879154,0.7187992483409927,1.1821693942604554,0.5774213183034654,2.8616450666536317,737.7777777777778,0.5479166666666667,0.2152777777777778
10,108,0,33.134042575,35.641398028,04/07/2025,18,0.7622521778864708,0.7230094994871227,1.191609189678856,0.5741557340326955,4.046526378756282,721.8888888888889,0.45625000000000004,0.13628472222222224
10,109,0,33.133779428,35.641318685,04/07/2025,18,0.784137246609419,0.744173994359683,1.2123309176246728,0.593424765109494,3.9886837669647575,702.4444444444445,0.4083333333333333,0.15538194444444445
10,110,0,33.133604408,35.64126555,04/07/2025,18,0.7955855096073184,0.7508715559729064,1.250219784333859,0.5988144939212116,3.9159388770033496,691.7777777777778,0.3011819228730993,0.1388888888888889
10,111,0,33.133425928,35.641212678,04/07/2025,18,0.7856559987299796,0.744961730234587,1.218529774475214,0.5979942391939456,3.595844544157511,705.4444444444445,0.44375,0.1640625
10,112,0,33.133250962,35.641162302,04/07/2025,18,0.7868240068277541,0.7434781853226728,1.2331989656705276,0.6002295896213765,3.6008456951388426,705.6666666666666,0.4270833333333333,0.1623263888888889
10,113,0,33.133068517,35.64111066,04/07/2025,18,0.8001660711792248,0.7524441522953585,1.273210320840903,0.6047995757213901,3.2174240378112207,692.7777777777778,0.48333333333333334,0.1840277777777778
10,114,0,33.132884088,35.641053517,04/07/2025,18,0.7974042262820881,0.7535853323217513,1.2480971724429486,0.6149751073733221,4.709147917027243,682.4444444444445,0.2737556561085973,0.13541666666666669
10,115,0,33.13275016,35.641013687,04/07/2025,18,0.75459833382248,0.7228659725349585,1.1509756537284597,0.5658302157894758,5.063314583693912,712.4444444444445,0.20522910090324184,0.11197916666666669
10,116,0,33.132526445,35.640945088,04/07/2025,18,0.771741123537546,0.7292262434017857,1.2175565924675757,0.5802077529223258,2.607971801848314,712.6666666666666,0.5854166666666667,0.21701388888888892
10,117,0,33.132353315,35.640892888,04/07/2025,18,0.7676546283807011,0.7241164821129868,1.2173330758559007,0.5796519295196985,3.803127068983564,732.6666666666666,0.46200980392156865,0.1623263888888889
10,118,0,33.132173813,35.64083862,04/07/2025,18,0.8079691971548945,0.762523533743498,1.2685711223681555,0.6202688747115898,4.246393629661143,679.2222222222222,0.32342006033182497,0.12239583333333334
10,119,0,33.131990313,35.640783327,04/07/2025,18,0.830443963464837,0.7792377365118442,1.341916255008553,0.6312662998223749,3.9907489620194876,672.5555555555555,0.45,0.14583333333333334
10,120,0,33.131826442,35.640736202,04/07/2025,18,0.8405465669238914,0.7862638567853099,1.381356501872677,0.646670260549863,4.180867649916837,668.1111111111111,0.29795060331825035,0.12586805555555555
10,121,0,33.131641782,35.640680672,04/07/2025,18,0.839279921704564,0.7915333278893669,1.333016543037081,0.6579581939610515,2.397274706395919,661.6666666666666,0.6354166666666667,0.2552083333333333
10,122,0,33.131449675,35.640623772,04/07/2025,18,0.8314731602906449,0.7823209284583548,1.3281708424418177,0.6409397516138253,4.586038815261277,667.0,0.1587400661524914,0.1076388888888889
10,123,1,33.131408412,35.640608335,04/07/2025,18,0.8264618385400995,0.7780149760926403,1.3147540292304352,0.6380092930147502,4.763589126445729,674.5555555555555,0.18649937787001514,0.11458333333333334
10,124,1,33.13123464,35.64055972,04/07/2025,18,0.8289106810351016,0.7730796670067817,1.3707682908260344,0.6382290090884808,3.8611806089179534,681.2222222222222,0.48733974358974363,0.13975694444444445
10,126,0,33.131234403,35.640559448,04/07/2025,18,0.8289106810351016,0.7730796670067817,1.3707682908260344,0.6382290090884808,3.8611806089179534,681.2222222222222,0.48733974358974363,0.13975694444444445
10,127,1,33.1311567,35.64053241,04/07/2025,18,0.8219404369984051,0.7721144981365312,1.3179642694357283,0.6372227478643856,4.020923566513376,680.2222222222222,0.3952205882352941,0.1328125
10,128,0,33.130932527,35.640464422,04/07/2025,18,0.8188966983693979,0.7684389078807315,1.3156402508471217,0.6298974172526118,2.061303984200316,684.8888888888889,0.5958333333333334,0.3628472222222222
10,129,0,33.130743188,35.640411035,04/07/2025,18,0.825516690052324,0.7742565193631182,1.332828052384887,0.6325997456058418,4.240341670172532,681.7777777777778,0.42821068240185883,0.1293402777777778
10,130,0,33.13049672,35.640334402,04/07/2025,18,0.811206020716829,0.7630924621270185,1.2909239422075485,0.6207414169273694,5.292481250360577,684.6666666666666,0.12450129357930827,0.10416666666666669
10,131,0,33.1303069,35.640283857,04/07/2025,18,0.8030850551543146,0.757266688512908,1.2653249023278055,0.6131376047425974,4.887918502671132,691.7777777777778,0.2414044983897925,0.10416666666666669
10,132,0,33.130053837,35.640208292,04/07/2025,18,0.7432566057647851,0.7183569435300847,1.1143402252141312,0.5693370216578065,5.063314583693912,723.6666666666666,0.1897064428682076,0.11197916666666669
10,133,0,33.130101927,35.639957122,04/07/2025,18,0.8142593834406615,0.7708576831588004,1.2642456624702931,0.616383992901483,3.7356996175366164,638.4444444444445,0.4520833333333334,0.1293402777777778
10,134,0,33.130231498,35.639995658,04/07/2025,18,0.8271080230143328,0.7861147870168107,1.2657731301680246,0.6434230775610373,4.544372148594611,626.1111111111111,0.2140082956259427,0.12673611111111113
10,135,0,33.130332317,35.640030617,04/07/2025,18,0.8349854891934823,0.7888814410718525,1.3129164379255953,0.6485970334763709,4.846251836004468,628.1111111111111,0.22924208144796382,0.1076388888888889
10,136,0,33.130466753,35.640065772,04/07/2025,18,0.8361515648765518,0.786071563444715,1.3426933697061791,0.6442234321280009,4.804585169337799,637.0,0.27268099547511315,0.11111111111111112
10,137,0,33.130606073,35.640108777,04/07/2025,18,0.8438857642744614,0.7948823759140382,1.351555395113319,0.6527064943547506,3.8620523585005877,624.4444444444445,0.45416666666666666,0.15711805555555555
10,138,0,33.130799665,35.6401659,04/07/2025,18,0.8490268937579487,0.8000820312620377,1.3604904147446433,0.6598903035145683,3.0342934324239748,627.1111111111111,0.5916666666666667,0.2230902777777778
10,139,0,33.130924783,35.640202167,04/07/2025,18,0.8470002133447811,0.7979370487454669,1.3594312922240408,0.6708560195054037,4.420507230104883,635.0,0.32263386123680243,0.12239583333333334
10,140,0,33.131045668,35.640237885,04/07/2025,18,0.8573007105537449,0.8021638374961735,1.4300653499994256,0.6714852131044218,3.5231315234143215,628.5555555555555,0.3932598039215687,0.1545138888888889
10,141,0,33.13119875583578,35.640288385821016,04/07/2025,18,0.8511579873969167,0.8018271176731473,1.3685660924618988,0.6753360929351496,4.212173896771549,628.2222222222222,0.38370098039215683,0.1449652777777778
10,142,0,33.13124230414125,35.63999318747336,04/07/2025,18,0.847301581890942,0.8038300003902928,1.317039891858732,0.6689173415563717,2.926225597280921,620.2222222222222,0.5270833333333333,0.22656250000000003
10,143,0,33.131103885,35.639938447,04/07/2025,18,0.8273254955655744,0.7910060895381497,1.2355726446790607,0.6507227292909685,5.063314583693911,619.1111111111111,0.25352941176470584,0.11197916666666669
10,144,0,33.130836262,35.639859652,04/07/2025,18,0.834140131816316,0.7926163388320695,1.280255639334193,0.6502726613943801,5.0901998765158565,626.2222222222222,0.17676577222846948,0.10416666666666669
10,145,0,33.13068126,35.639810557,04/07/2025,18,0.8326160064643024,0.7860320062031527,1.3116053683886248,0.634057251905983,4.86103320984919,641.5555555555555,0.2664704863234275,0.11197916666666669
10,146,0,33.130489362,35.639749943,04/07/2025,18,0.8286173065514333,0.7812298568668252,1.3112775500254108,0.6385371067948303,4.240341670172532,643.4444444444445,0.420541101055807,0.13802083333333334
10,149,0,33.130084953,35.639633447,04/07/2025,18,0.8002774345620797,0.7722505026146509,1.1601214910421245,0.6230939231523641,3.4992240168351416,424.0,0.3750237244584145,0.1657986111111111
11,2,0,33.129969208,35.641946852,08/07/2025,14,0.5075478405770532,0.5300254764211654,0.9454673202124122,0.361624400593056,4.544372148594611,829.7777777777778,0.18537291372762985,0.1267361111111111
11,3,0,33.130132513,35.641997872,08/07/2025,14,0.5704282707521994,0.5681764713460989,1.010878437307043,0.40459360721871507,4.663320189106001,530.0,0.11482967458422012,0.125
11,4,0,33.130629767,35.641888025,08/07/2025,14,0.6767049279074608,0.6526191291306263,1.1008789866392745,0.5009674981721568,5.048533209849189,795.1111111111111,0.07349298992015603,0.1076388888888889
11,5,0,33.130460162,35.64183591,08/07/2025,14,0.73531578502484,0.6940887270539802,1.1856405747471193,0.5465687484412408,5.0485332098491895,780.1111111111111,0.11005142059087894,0.1076388888888889
11,6,0,33.130302077,35.641785553,08/07/2025,14,0.7643070232557805,0.7237371316881517,1.2013368382052565,0.5788801936571547,4.596251836004467,758.1111111111111,0.2313733643145408,0.11805555555555557
11,7,0,33.13013566,35.641740683,08/07/2025,14,0.7319832387257121,0.6889322205059834,1.1920352495373314,0.5528783744024763,4.819366543182523,796.4444444444445,0.2656465798377563,0.11545138888888891
11,8,0,33.129928818,35.641674958,08/07/2025,14,0.711599376277828,0.6725473007829746,1.1640628417623278,0.517809735206919,4.334295316096011,808.6666666666666,0.2292420814479638,0.1076388888888889
11,9,0,33.130013228,35.641444272,08/07/2025,14,0.7610868490795824,0.7160530398972837,1.2201494993606572,0.582640016196212,5.292481250360577,793.2222222222222,0.10930649277475135,0.10416666666666669
11,10,0,33.130160123,35.641485933,08/07/2025,14,0.8154117977719305,0.7580320532864226,1.3545552118006918,0.6319719645594974,5.048533209849189,758.2222222222222,0.19638977212506625,0.10763888888888891
11,11,0,33.130287267,35.641526048,08/07/2025,14,0.8215284205322221,0.764197834567474,1.3644943326541015,0.6519199188361747,2.902978141007726,746.7777777777778,0.51875,0.1875
11,12,0,33.130417825,35.641564982,08/07/2025,14,0.8296608383659717,0.7761625338845278,1.3540921469990979,0.6508141265461792,3.899804762194655,721.5555555555555,0.48541666666666666,0.1328125
11,13,0,33.130531453,35.641598925,08/07/2025,14,0.8308845301855597,0.7755433401390284,1.3687932889231549,0.6493425384266119,4.586038815261277,732.3333333333334,0.23497793608087728,0.1076388888888889
11,14,0,33.1305324,35.641599585,08/07/2025,14,0.8308845301855597,0.7755433401390284,1.3687932889231549,0.6493425384266119,4.586038815261277,732.3333333333334,0.23497793608087728,0.1076388888888889
11,15,0,33.130669182,35.641638927,08/07/2025,14,0.8179389630990228,0.7694304177289883,1.301540373034362,0.6424665844315158,4.596251836004466,732.5555555555555,0.20685000611471202,0.11805555555555555
11,16,0,33.130827782,35.641688615,08/07/2025,14,0.8103487422043564,0.7614940386852039,1.2931144826118266,0.6248991192292235,4.163932045910443,730.4444444444445,0.3426564856711915,0.13802083333333334
11,17,0,33.130976685,35.641731912,08/07/2025,14,0.7982854760335067,0.746622056372021,1.2948054280889203,0.6120675920675054,2.9591734230600863,746.1111111111111,0.5249999999999999,0.1840277777777778
11,18,0,33.13112277,35.641773428,08/07/2025,14,0.779458275708397,0.7398162909662298,1.2086949898276202,0.5972417490573037,4.360568752113511,754.5555555555555,0.279602085116791,0.11805555555555555
11,19,0,33.131285223,35.641825392,08/07/2025,14,0.6792620403536788,0.6676171185269192,1.0571404264655988,0.5162722824304846,5.0485332098491895,782.7777777777778,0.06290158920878954,0.1076388888888889
11,20,0,33.131447075,35.641873242,08/07/2025,14,0.5696599637011385,0.591737821162147,0.9426596871268907,0.4358668686020935,5.084147917027244,840.0,0.10401689121526159,0.11111111111111113
11,21,0,33.131711587,35.641713948,08/07/2025,14,0.7660492085554179,0.7287434893673865,1.1891373800468952,0.5942934150069762,5.292481250360577,768.3333333333334,0.1254397497044556,0.10416666666666669
11,22,0,33.131529885,35.641661073,08/07/2025,14,0.8000288427160391,0.7526516858672028,1.2719021755647553,0.6205746666558479,4.247936003018371,755.1111111111111,0.30223981900452485,0.12586805555555555
11,23,0,33.13134376,35.641605153,08/07/2025,14,0.8105453315949963,0.7540389311273539,1.3406775184290296,0.6175716602697143,2.448253770861069,760.6666666666666,0.725,0.2795138888888889
11,24,0,33.131183887,35.641554618,08/07/2025,14,0.8063074059666222,0.7502164989908224,1.3326231955409142,0.6201165238331936,4.81849479359989,755.0,0.24723650686885984,0.11197916666666669
11,25,0,33.131010425,35.641506768,08/07/2025,14,0.8162394002198422,0.7623276711762526,1.3333442132731992,0.6364261137042314,3.978586276072115,746.8888888888889,0.34646926338102807,0.1189236111111111
11,26,0,33.130817698,35.641449733,08/07/2025,14,0.8063916376813344,0.7468570743988532,1.3527048420344587,0.6126679867905199,4.317359712089615,760.4444444444445,0.24000601280013045,0.1267361111111111
11,27,0,33.130644047,35.64139707,08/07/2025,14,0.8267189209138208,0.7662790548081366,1.3958029098143816,0.6338980337442376,3.9785862760721145,738.8888888888889,0.351943714076067,0.11892361111111112
11,28,0,33.130465098,35.641345145,08/07/2025,14,0.8288600608865964,0.7739562055708752,1.361892354130668,0.6538877028282344,3.329115106190033,731.2222222222222,0.3394607843137255,0.1736111111111111
11,29,0,33.130293565,35.6412921,08/07/2025,14,0.8283141304124839,0.7725808282078885,1.3665296682657297,0.6462076943666378,4.387918502671132,741.1111111111111,0.2124789062616669,0.12500000000000003
11,30,0,33.130117265,35.641243008,08/07/2025,14,0.822922998930099,0.7732719474356179,1.3166022675713271,0.6579087696799255,4.0684210940655055,732.6666666666666,0.37483031674208145,0.13020833333333331
11,31,0,33.129956522,35.641189745,08/07/2025,14,0.7823422030384306,0.7368452043919642,1.241669092328754,0.6056278275817988,5.048533209849189,754.1111111111111,0.13546033348968844,0.1076388888888889
11,32,0,33.130061327,35.640980707,08/07/2025,14,0.7705360166724543,0.7315127636351032,1.1996529821203434,0.6032486738763861,4.86103320984919,746.2222222222222,0.12765307265198933,0.11197916666666669
11,33,0,33.130235545,35.641033943,08/07/2025,14,0.8193968505025911,0.7661732320707805,1.3340648303210092,0.638311489406358,3.005872900563965,740.6666666666666,0.4128676470588235,0.19270833333333334
11,34,1,33.130280452,35.641048453,08/07/2025,14,0.8188639950641498,0.7657065028550616,1.3323443289749464,0.6391620627661229,3.7262143864567436,744.4444444444445,0.462697963800905,0.15885416666666669
11,35,1,33.130339765,35.641063695,08/07/2025,14,0.8227494265766369,0.7664977407791995,1.3595197035981608,0.6451461309007405,3.3581546291736486,749.7777777777778,0.4890462577962579,0.17881944444444448
11,36,0,33.130566585,35.641130553,08/07/2025,14,0.8164977488481795,0.7595686275996667,1.3531357388544714,0.6347733242375837,4.346251836004467,752.3333333333334,0.35062217194570133,0.1284722222222222
11,37,0,33.130800182,35.641201735,08/07/2025,14,0.8075168157601662,0.751680923490499,1.3328300242898097,0.6179674267742771,3.4420095861313826,744.6666666666666,0.5607843137254903,0.17274305555555558
11,38,0,33.130985852,35.641258988,08/07/2025,14,0.8133874960445387,0.7594666875268558,1.3294356695308338,0.6288253251466169,4.326786579207663,747.2222222222222,0.31809954751131225,0.1371527777777778
11,39,0,33.131165582,35.6413114,08/07/2025,14,0.8013463688196626,0.7517240401720848,1.2858544193392052,0.6181905935768517,4.479981250360578,748.7777777777778,0.4085035771065183,0.15711805555555558
11,40,0,33.131352173,35.641367562,08/07/2025,14,0.799756563143601,0.7452006199139283,1.312708018321286,0.6083760515822454,3.305126765757309,768.4444444444445,0.3911764705882353,0.1909722222222222
11,41,0,33.131530437,35.641418732,08/07/2025,14,0.8019736838712956,0.7466743718534505,1.3205769528417486,0.6080165343907518,4.387918502671132,767.4444444444445,0.22488667400432102,0.125
11,42,0,33.131712068,35.641472697,08/07/2025,14,0.7922827333108016,0.7440773471376206,1.2667527994626395,0.6039520560454202,4.352303795493078,764.0,0.3118495475113122,0.12152777777777779
11,43,0,33.131951203,35.641545475,08/07/2025,14,0.7815063698691951,0.733969666961727,1.2510241476975166,0.5924160883788739,3.7841591278514217,765.5555555555555,0.36666666666666664,0.1701388888888889
11,44,0,33.132159068,35.641608093,08/07/2025,14,0.7538189955605541,0.7077957739287442,1.2192972480230513,0.5549735102309247,3.5258239108460536,793.2222222222222,0.37948717948717947,0.1779513888888889
11,45,0,33.132159085,35.641608103,08/07/2025,14,0.7538189955605541,0.7077957739287442,1.2192972480230513,0.5549735102309247,3.5258239108460536,793.2222222222222,0.37948717948717947,0.1779513888888889
11,46,0,33.132392733,35.641675218,08/07/2025,14,0.6953719706429142,0.6734674939121059,1.0883668784341012,0.5268777660691732,4.846251836004468,807.6666666666666,0.15679022936603154,0.1076388888888889
11,47,0,33.132596072,35.64173629,08/07/2025,14,0.480526735694917,0.5165683573990181,0.9132333640002204,0.37584266202298156,5.292481250360577,898.5555555555555,0.040378333419118555,0.10416666666666669
11,48,0,33.133211033,35.641665365,08/07/2025,14,0.6031095295441047,0.6039517878125579,1.0038763001801911,0.4697011409571677,4.804585169337799,859.3333333333334,0.13583585559229946,0.11111111111111113
11,49,0,33.133042727,35.641615528,08/07/2025,14,0.6816902619766326,0.6683974648033613,1.053099545601514,0.5201637834217469,3.8988242140723095,797.6666666666666,0.1971036585365854,0.15104166666666669
11,50,0,33.132881035,35.641566383,08/07/2025,14,0.7577735106454329,0.7154615165752507,1.2041651303105736,0.5743385566545173,4.846251836004466,771.1111111111111,0.18297475270215588,0.1076388888888889
11,51,0,33.132708738,35.641512392,08/07/2025,14,0.7580169222854172,0.7155178318968834,1.2063929935593274,0.5764722194496232,4.602303795493078,774.8888888888889,0.24590874811463048,0.1111111111111111
11,52,0,33.13250748,35.641455683,08/07/2025,14,0.7380267766156862,0.7046931548290507,1.1496501403380328,0.573926004375061,4.34692245977906,789.3333333333334,0.2175262932615874,0.12847222222222224
11,53,0,33.132359758,35.641409547,08/07/2025,14,0.7674242481183376,0.7161414974259527,1.2585786627329512,0.5801044253177827,4.22843887700335,791.0,0.3252073906485672,0.13802083333333331
11,57,0,33.131793563,35.64124068,08/07/2025,14,0.813431566555852,0.7543151093623008,1.3624492774622956,0.6209494407368195,4.430255793112394,757.3333333333334,0.2841835330805919,0.12152777777777779
11,58,0,33.13162207,35.64119012,08/07/2025,14,0.8107500345668824,0.7512953559038789,1.359261716426798,0.6138514758222174,4.804585169337801,767.2222222222222,0.3497171945701357,0.11111111111111112
11,59,0,33.131452007,35.64113953,08/07/2025,14,0.8049502786035414,0.751048264865033,1.3164128708921141,0.6226138387257595,4.043093107165021,766.4444444444445,0.4128205128205128,0.12586805555555555
11,60,0,33.131278977,35.641088275,08/07/2025,14,0.8100049720405345,0.7517726773230022,1.350278318505778,0.624178104549832,3.458429099751109,764.1111111111111,0.49779411764705883,0.1623263888888889
11,61,0,33.131111558,35.641037077,08/07/2025,14,0.8159141793203829,0.760350515078623,1.3438252701857565,0.6287696846878945,3.2124521612634203,755.7777777777778,0.5979166666666667,0.1875
11,62,0,33.13093769,35.640988772,08/07/2025,14,0.8200499302925158,0.7637264222581639,1.3552981872503267,0.6306533165293187,4.332141085934338,751.1111111111111,0.32103129713423834,0.1310763888888889
11,63,0,33.130795735,35.6409461,08/07/2025,14,0.8128779400114186,0.7600078152194744,1.3212271892899372,0.62778026155626,3.3222706298909044,754.7777777777778,0.6104166666666666,0.17708333333333334
11,64,0,33.130621442,35.64089229,08/07/2025,14,0.810484559949567,0.7546904726633483,1.3355385740920402,0.626715860695014,3.1297949849424147,757.6666666666666,0.47916666666666663,0.18836805555555558
11,65,0,33.130452752,35.640845742,08/07/2025,14,0.8143899881349945,0.7610463326612951,1.3277186406911954,0.6357223980399701,3.1836852963029663,742.3333333333334,0.5295343137254902,0.17708333333333334
11,66,0,33.130272297,35.640787248,08/07/2025,14,0.8110107992059961,0.7609040230997071,1.302280128381796,0.6286898735485867,5.084147917027246,740.1111111111111,0.1449324512734279,0.11111111111111113
11,67,0,33.13015775,35.640755325,08/07/2025,14,0.8125640209966508,0.7566099705789336,1.3402074931478174,0.6201601379824648,3.801094731857816,743.7777777777778,0.407843137254902,0.17361111111111113
11,68,0,33.129994187,35.640708718,08/07/2025,14,0.7600180363008509,0.7235098988457088,1.179182830230952,0.5777701595825109,4.596251836004466,744.6666666666666,0.18679533039827156,0.11805555555555557
11,69,0,33.129886477,35.64067392,08/07/2025,14,0.7210085232179596,0.7036730207894465,1.075334892976201,0.5654485666474092,3.9549868557726664,482.22222222222223,0.17272397635191739,0.15277777777777782
11,70,0,33.130078742,35.640473065,08/07/2025,14,0.762095290914723,0.7152728904188858,1.2300607449199665,0.5812830089222422,5.0485332098491895,776.4444444444445,0.1622231054583996,0.10763888888888891
11,71,0,33.130249393,35.640520833,08/07/2025,14,0.8064158301438387,0.755425491555497,1.3012462869578885,0.6184150876547743,4.22843887700335,736.4444444444445,0.30485482654600304,0.13802083333333331
11,72,1,33.130283428,35.640529605,08/07/2025,14,0.8068745247163891,0.7522796154522884,1.3242908507698783,0.61406241774255,4.1595533252021655,747.3333333333334,0.3452205882352941,0.13020833333333334
11,73,0,33.13038629,35.640558765,08/07/2025,14,0.8089799486899475,0.7510345157658533,1.3471213244124913,0.6258920035784218,3.936772210336683,756.3333333333334,0.4541666666666666,0.13628472222222224
11,74,1,33.130489493,35.64059551,08/07/2025,14,0.8059625961563057,0.7531140119322064,1.3117807073912715,0.6219941725817425,4.087321295840315,755.2222222222222,0.3837009803921569,0.13802083333333334
11,75,1,33.130529357,35.640601843,08/07/2025,14,0.8052266715779397,0.7510115979188297,1.3189621734497576,0.6198202460430041,3.323341411193292,760.2222222222222,0.3958333333333333,0.1640625
11,76,0,33.13060189,35.64062303,08/07/2025,14,0.7989847601319289,0.7481988276993008,1.2900215918408378,0.6123812003181648,3.3291151061900326,758.1111111111111,0.50625,0.17361111111111113
11,77,0,33.130774337,35.64067839,08/07/2025,14,0.7980499200695202,0.7393524222108924,1.3348671687810487,0.6096183900862663,3.389338982992438,767.5555555555555,0.4750000000000001,0.17361111111111113
11,78,0,33.130945642,35.64072416,08/07/2025,14,0.8044878994687124,0.7519363331061263,1.307044305890698,0.6144821985298745,2.4466516387672983,754.2222222222222,0.71875,0.27517361111111116
11,79,0,33.131116633,35.640775893,08/07/2025,14,0.8115544940131239,0.7572080597170814,1.329199933045143,0.6263644185863879,3.87313712882641,752.3333333333334,0.341421568627451,0.12586805555555555
11,80,0,33.131277875,35.640823418,08/07/2025,14,0.8083555169198141,0.748969509871529,1.3556828302681434,0.6209546077301975,5.090199876515856,760.7777777777778,0.19352176837470952,0.10416666666666669
11,81,1,33.131388728,35.64086117,08/07/2025,14,0.8003257769116568,0.7452687154711491,1.316414667282665,0.618084757522785,4.602303795493078,759.6666666666666,0.29793985161632214,0.1111111111111111
11,82,0,33.131551763,35.640910077,08/07/2025,14,0.7969679298832202,0.7405924735722418,1.3204652332727351,0.6127202450199348,4.56063712882641,770.0,0.34057315233785823,0.11458333333333334
11,83,0,33.131735872,35.64096258,08/07/2025,14,0.7961760718383706,0.7384749232569159,1.3265839988284736,0.5979094523446602,3.6768445884045264,772.4444444444445,0.3319381598793364,0.18576388888888887
11,84,1,33.131808365,35.640985798,08/07/2025,14,0.7978082790549522,0.7439539518730579,1.3056346070803997,0.6090074774236273,3.4380546909157212,761.8888888888889,0.5062500000000001,0.15798611111111113
11,85,0,33.131973595,35.641032565,08/07/2025,14,0.791841240452961,0.7303281378534495,1.3417066654539527,0.5907376809632101,2.9262255972809212,784.6666666666666,0.5833333333333334,0.22656250000000003
11,86,0,33.13214706,35.641084612,08/07/2025,14,0.7663712273893926,0.7173316416851624,1.2448879746934234,0.5775037799607515,3.0666188279300863,781.7777777777778,0.6666666666666667,0.1953125
11,87,0,33.132318368,35.641134877,08/07/2025,14,0.7510735156388324,0.7000172124228348,1.2426096991886433,0.5576157064192543,3.045589902026448,799.4444444444445,0.5583333333333333,0.2404513888888889
11,88,0,33.132447467,35.641171288,08/07/2025,14,0.745037978252943,0.7032406420501132,1.1925596668709708,0.5595070986804702,3.3058067156274262,793.5555555555555,0.53125,0.1675347222222222
11,89,0,33.132677382,35.641240768,08/07/2025,14,0.6917016953821522,0.6656295308614273,1.1040824251927943,0.5307237855084455,5.063314583693911,804.4444444444445,0.1763814504364167,0.11197916666666669
11,90,0,33.13285773,35.641295055,08/07/2025,14,0.7614226953884304,0.7109651467160716,1.2472864678456572,0.577020144430682,4.102303795493077,776.6666666666666,0.3394607843137255,0.16319444444444445
11,91,0,33.133077455,35.64136293,08/07/2025,14,0.7609099583004569,0.7190072914661568,1.2042796377978453,0.5825582002663529,3.517226962994476,763.5555555555555,0.4727941176470588,0.1371527777777778
11,92,0,33.133241818,35.641410273,08/07/2025,14,0.7545250364436064,0.7139473527179764,1.1930304231566418,0.575874344626508,5.0901998765158565,780.4444444444445,0.14993324772736535,0.10416666666666669
11,93,0,33.133417687,35.641462717,08/07/2025,14,0.7522439454075612,0.7102061881758246,1.2001263923660404,0.576352917635211,3.4541722720787553,785.3333333333334,0.3416666666666666,0.19791666666666666
11,94,0,33.133610307,35.641524505,08/07/2025,14,0.6830036923917315,0.6635426628194202,1.0755435393292097,0.5129987038644821,4.579579563925711,819.5555555555555,0.24277959520606576,0.12239583333333334
11,95,0,33.133775465,35.641572718,08/07/2025,14,0.6370958736632706,0.6277597957949524,1.0319278140543484,0.4937912725114513,4.923533209849189,860.8888888888889,0.2575848416289593,0.12326388888888891
11,96,0,33.133960583,35.64162429,08/07/2025,14,0.6143822421409815,0.6103569713696925,1.0132630868147077,0.46163158274033983,3.3618567659302814,874.1111111111111,0.3416666666666666,0.1909722222222222
11,97,0,33.134187567,35.641696383,08/07/2025,14,0.6718214080643266,0.645043427290696,1.1000027864803716,0.5009163028078222,5.0485332098491895,850.5555555555555,0.15267476126930307,0.10763888888888891
11,98,0,33.134430207,35.641770607,08/07/2025,14,0.6869831376147346,0.6621291960402858,1.0964322272896312,0.5188225491730591,3.5341591278514217,841.0,0.29313725490196074,0.16666666666666669
11,99,0,33.134612525,35.641825233,08/07/2025,14,0.6613138343074046,0.643054447155628,1.0658497893657364,0.5048933369143707,4.519641085934339,864.7777777777778,0.3229920814479638,0.11805555555555555
11,100,0,33.134773178,35.64187554,08/07/2025,14,0.6855762023813214,0.6597152442699122,1.0990841699062148,0.5239959198351289,4.575418502671132,852.8888888888889,0.29337904080551136,0.1189236111111111
11,101,0,33.134945552,35.641922698,08/07/2025,14,0.671877573393043,0.655978021585534,1.0597355716216152,0.5186705374503112,5.084147917027246,847.3333333333334,0.20267268965798377,0.11111111111111113
11,102,0,33.135117153,35.641980013,08/07/2025,14,0.5097033026044125,0.5332253073379865,0.9387545246036563,0.361272562365889,4.663320189106001,625.8888888888889,0.14316558674377336,0.125
11,103,0,33.134982408,35.641680653,08/07/2025,14,0.6902550292778886,0.6638369904015909,1.1046929968015073,0.5225821160080406,4.051094731857816,820.8888888888889,0.3402714932126697,0.125
11,104,0,33.134810457,35.641630768,08/07/2025,14,0.7627342565632838,0.7187117858962506,1.2159970109902902,0.5885835926148956,5.292481250360577,779.4444444444445,0.1397767073717576,0.10416666666666669
11,105,0,33.134630138,35.641574297,08/07/2025,14,0.7657782955287351,0.7236762572290287,1.208537810740898,0.5954989982629393,4.8045851693378,772.7777777777778,0.22371973217561453,0.11111111111111112
11,106,0,33.134394168,35.641501542,08/07/2025,14,0.7475510553588822,0.7092775770636243,1.1774362777373804,0.5748620062067313,3.600560296327809,782.4444444444445,0.4962687517834576,0.171875
11,107,0,33.134219085,35.641450663,08/07/2025,14,0.7362561504830717,0.6966969520582315,1.1768784705568205,0.5566521459144824,4.603846168850305,788.6666666666666,0.217856926245227,0.11458333333333334
11,108,0,33.134042575,35.641398028,08/07/2025,14,0.7371851923441474,0.6922626180648022,1.203261919639539,0.5612620371567486,4.261027604437101,808.8888888888889,0.35066477110594757,0.140625
11,109,0,33.133779428,35.641318685,08/07/2025,14,0.7659181387288287,0.7228003063926131,1.2140763677377544,0.5921773220540749,4.3865657617071605,765.8888888888889,0.40612745098039216,0.13020833333333337
11,110,0,33.133604408,35.64126555,08/07/2025,14,0.7767507049262132,0.7284609712631469,1.2503691271069484,0.6040297368092346,2.254715752170299,764.2222222222222,0.7312500000000001,0.3706597222222222
11,111,0,33.133425928,35.641212678,08/07/2025,14,0.7685971375274661,0.7226556513933161,1.2313483315212066,0.5877604406425943,3.692009586131382,768.5555555555555,0.4962009803921569,0.1623263888888889
11,112,0,33.133250962,35.641162302,08/07/2025,14,0.7779032264298753,0.7339968259531137,1.2283182371260062,0.6094877875843844,3.724688546745176,761.3333333333334,0.5166666666666667,0.14756944444444445
11,113,0,33.133068517,35.64111066,08/07/2025,14,0.7823805889374317,0.739680948125799,1.2260339896545593,0.6064815538947483,4.430255793112394,744.3333333333334,0.2988970588235294,0.12152777777777779
11,114,0,33.132884088,35.641053517,08/07/2025,14,0.7801317392078909,0.7396569117791519,1.2144558463885124,0.605340973709925,3.7604306801968876,744.6666666666666,0.4540441176470588,0.1362847222222222
11,115,0,33.13275016,35.641013687,08/07/2025,14,0.7247509408453081,0.6926754441010711,1.1390100168956288,0.5568425222177344,4.596251836004467,778.5555555555555,0.20918842485018949,0.11805555555555555
11,116,0,33.132526445,35.640945088,08/07/2025,14,0.7574987273104483,0.712350561589902,1.2176613537054986,0.5819311963136502,3.4420095861313826,794.6666666666666,0.5041666666666667,0.17274305555555558
11,117,0,33.132353315,35.640892888,08/07/2025,14,0.7426705854381692,0.7049341209768553,1.173656095798304,0.5621682668545434,3.978586276072115,799.5555555555555,0.4107371794871796,0.1189236111111111
11,118,0,33.132173813,35.64083862,08/07/2025,14,0.7963864633820403,0.7445405149575859,1.2920197704603242,0.6188437869917864,4.19195242024266,764.1111111111111,0.33367703110350166,0.12586805555555558
11,119,0,33.131990313,35.640783327,08/07/2025,14,0.8135165605297057,0.7650427979478562,1.2952891459973692,0.6206498265038485,4.692623044017257,730.4444444444445,0.2497031240041307,0.1189236111111111
11,120,0,33.131826442,35.640736202,08/07/2025,14,0.8302303164249877,0.774411962302983,1.3712389932590905,0.6461808151749394,4.434153522439333,731.7777777777778,0.28901441033793973,0.1328125
11,121,0,33.131641782,35.640680672,08/07/2025,14,0.8245823787282238,0.772568293073183,1.3359462158848272,0.6470910069685037,3.2960581526199157,734.8888888888889,0.5291666666666667,0.203125
11,122,0,33.131449675,35.640623772,08/07/2025,14,0.8255869050311916,0.7676628432986176,1.3753563638739417,0.634027671029243,5.048533209849189,739.1111111111111,0.20319563453001255,0.1076388888888889
11,123,1,33.131408412,35.640608335,08/07/2025,14,0.8235353134292696,0.7628689013430948,1.3898660357167671,0.6327800461829324,4.4727942093616955,748.6666666666666,0.1966263446518991,0.1371527777777778
11,124,1,33.13123464,35.64055972,08/07/2025,14,0.8223575581542637,0.7629430269249924,1.380626988759274,0.631881296256559,4.353846168850305,741.7777777777778,0.31237745098039216,0.125
11,126,0,33.131234403,35.640559448,08/07/2025,14,0.8223575581542637,0.7629430269249924,1.380626988759274,0.631881296256559,4.353846168850305,741.7777777777778,0.31237745098039216,0.125
11,127,1,33.1311567,35.64053241,08/07/2025,14,0.8177100660542777,0.7581134625844563,1.3731540828230624,0.6310632328831578,3.892226962994476,753.3333333333334,0.4459181749622926,0.14583333333333331
11,128,0,33.130932527,35.640464422,08/07/2025,14,0.8077343831418862,0.7555590878495668,1.3095766007174527,0.6229971742745283,4.001426440498355,738.7777777777778,0.3878205128205128,0.1449652777777778
11,129,0,33.130743188,35.640411035,08/07/2025,14,0.8241502586111663,0.7691325486016126,1.3554245124473892,0.6459864032443677,4.577572732832804,730.6666666666666,0.2816854184501243,0.11111111111111112
11,130,0,33.13049672,35.640334402,08/07/2025,14,0.8003610146154128,0.7466273246608028,1.3086530767056272,0.6138761578135766,5.084147917027246,743.2222222222222,0.1605390952619649,0.11111111111111113
11,131,0,33.1303069,35.640283857,08/07/2025,14,0.7989291235065834,0.7486121212442344,1.2882938080911701,0.6170358878357267,4.535906066166138,743.6666666666666,0.24334464555052793,0.11458333333333334
11,132,0,33.130053837,35.640208292,08/07/2025,14,0.7353943337443217,0.7041190485942967,1.1405820416547299,0.5734555996001508,5.048533209849189,778.5555555555555,0.17723837939395717,0.1076388888888889
11,133,0,33.130101927,35.639957122,08/07/2025,14,0.8018197778615763,0.7640793774198577,1.2161090177407168,0.6308403561676769,4.4903416701725325,686.4444444444445,0.3502280278015572,0.11892361111111112
11,134,0,33.130231498,35.639995658,08/07/2025,14,0.8179731424842647,0.7707384725679336,1.2938265475664221,0.6347541458461428,4.065336347351049,699.4444444444445,0.41825980392156864,0.15104166666666669
11,135,0,33.130332317,35.640030617,08/07/2025,14,0.8197027499858263,0.7797724243207892,1.2488898301924445,0.6520518745163078,3.150131621259525,679.2222222222222,0.5541666666666667,0.1814236111111111
11,136,0,33.130466753,35.640065772,08/07/2025,14,0.8299312525262679,0.7739751372889394,1.3723751477739745,0.6391386234467505,3.9386631085707156,696.8888888888889,0.4083333333333333,0.12586805555555555
11,137,0,33.130606073,35.640108777,08/07/2025,14,0.8247538042513433,0.7782408057740026,1.3003752504098072,0.6412851780585139,2.944644807674393,696.4444444444445,0.5541666666666667,0.1840277777777778
11,138,0,33.130799665,35.6401659,08/07/2025,14,0.8350589161398629,0.7866818101961619,1.3287522310235675,0.6592236838063441,3.0929050291925586,688.5555555555555,0.5354166666666667,0.1597222222222222
11,139,0,33.130924783,35.640202167,08/07/2025,14,0.8350739112931008,0.7877115414941714,1.3215873388960366,0.656497998904892,1.4541978025686977,684.1111111111111,0.8104166666666667,0.564236111111111
11,140,0,33.131045668,35.640237885,08/07/2025,14,0.8396276862433554,0.7870896627586977,1.367046663781496,0.6689107441297316,2.8061881477331987,686.6666666666666,0.6229166666666667,0.2170138888888889
11,141,0,33.13119875583578,35.640288385821016,08/07/2025,14,0.835463496750187,0.7861082668419647,1.3367947416106947,0.6641417809909658,3.943231461672249,689.4444444444445,0.36039016958134606,0.14756944444444445
11,142,0,33.13124230414125,35.63999318747336,08/07/2025,14,0.8309725174459313,0.7852293556566841,1.3032660168401724,0.6573676491684234,2.9402089210773927,691.1111111111111,0.5979166666666667,0.21267361111111113
11,143,0,33.131103885,35.639938447,08/07/2025,14,0.8187408896212027,0.7770028903838113,1.259184642462852,0.6434614676184853,4.804585169337799,692.2222222222222,0.3261029411764706,0.1111111111111111
11,144,0,33.130836262,35.639859652,08/07/2025,14,0.821867933960732,0.7727234408824905,1.3123320327166799,0.6410112413945404,4.324546753088499,713.1111111111111,0.38075980392156855,0.12586805555555555
11,145,0,33.13068126,35.639810557,08/07/2025,14,0.8285476597943003,0.7771771682900512,1.3379723677766915,0.6405859029188693,1.7639415206106652,698.4444444444445,0.7916666666666665,0.46267361111111105
11,146,0,33.130489362,35.639749943,08/07/2025,14,0.8199065612002391,0.7742822964812851,1.286112327197146,0.6425183189166619,5.0901998765158565,693.6666666666666,0.150538294750992,0.10416666666666669
11,149,0,33.130084953,35.639633447,08/07/2025,14,0.7884021861742663,0.7605218509076841,1.150869925557947,0.614129910231013,4.434153522439333,457.1111111111111,0.23612800305708564,0.1328125
12,2,0,33.129969208,35.641946852,14/07/2025,8,0.5485436695631751,0.571514915900275,0.9397104165916361,0.4161703993300519,4.846251836004468,825.1111111111111,0.15769856160100054,0.1076388888888889
12,3,0,33.130132513,35.641997872,14/07/2025,8,0.5855808433992177,0.6074243110863353,0.937943517838803,0.45933167604186537,3.1521706916329766,517.7777777777778,0.2163874220421417,0.22395833333333331
12,4,0,33.130629767,35.641888025,14/07/2025,8,0.6734797311902343,0.6582588153065045,1.0714698741954547,0.5095675711638007,4.294372148594611,775.8888888888889,0.18250175340859695,0.1371527777777778
12,5,0,33.130460162,35.64183591,14/07/2025,8,0.7343050094936344,0.6952162362334291,1.1772504486022524,0.5597389986255421,4.596251836004466,773.1111111111111,0.16722413752291096,0.11805555555555557
12,6,0,33.130302077,35.641785553,14/07/2025,8,0.7700251291571416,0.7145492993241269,1.2825317689269093,0.5837258839000272,4.846251836004467,777.8888888888889,0.20080739676327913,0.1076388888888889
12,7,0,33.13013566,35.641740683,14/07/2025,8,0.7434241888650033,0.694905944353758,1.2239759933974368,0.5477718471723897,4.802694271103769,796.4444444444445,0.2871606334841629,0.1267361111111111
12,8,0,33.129928818,35.641674958,14/07/2025,8,0.7166937963966619,0.6682685538035692,1.2072528354772785,0.5203044069675223,4.709147917027246,827.2222222222222,0.32321068240185885,0.15104166666666669
12,9,0,33.130013228,35.641444272,14/07/2025,8,0.7786148085262732,0.7218057665152138,1.301050563849262,0.5924445755081638,4.5443721485946105,792.4444444444445,0.17995908238555294,0.1267361111111111
12,10,0,33.130160123,35.641485933,14/07/2025,8,0.8185196992898505,0.7632982659545835,1.3453150263053972,0.637325664268422,2.4482537708610694,731.3333333333334,0.7,0.2795138888888889
12,11,0,33.130287267,35.641526048,14/07/2025,8,0.8261031620025774,0.7710587203145995,1.3577791165565927,0.6545234139452081,3.607157547405643,716.6666666666666,0.46875,0.16493055555555555
12,12,0,33.130417825,35.641564982,14/07/2025,8,0.8378437333472276,0.7779389787294149,1.4157917334844294,0.65515227190181,3.0115785269521322,711.8888888888889,0.6479166666666667,0.21093750000000003
12,13,0,33.130531453,35.641598925,14/07/2025,8,0.8342352954703034,0.774497119462994,1.4063668168605548,0.6586809258405062,3.573194012124527,718.1111111111111,0.525,0.15190972222222224
12,14,0,33.1305324,35.641599585,14/07/2025,8,0.8342352954703034,0.774497119462994,1.4063668168605548,0.6586809258405062,3.573194012124527,718.1111111111111,0.525,0.15190972222222224
12,15,0,33.130669182,35.641638927,14/07/2025,8,0.8247338817998169,0.7697360561975434,1.3551460773271715,0.6484110330172399,4.420507230104883,712.8888888888889,0.41041666666666665,0.12239583333333334
12,16,0,33.130827782,35.641688615,14/07/2025,8,0.8192435846549493,0.7534817067433127,1.4179965584350016,0.6325637368346619,3.4380546909157212,737.1111111111111,0.5062500000000001,0.1579861111111111
12,17,0,33.130976685,35.641731912,14/07/2025,8,0.7971330991720482,0.7404294523334508,1.3239888715958483,0.6131790128851863,4.159037234815499,752.4444444444445,0.2909313725490196,0.15104166666666669
12,18,0,33.13112277,35.641773428,14/07/2025,8,0.7800695935221614,0.7311152494412406,1.2586986675485095,0.593314753119994,5.0485332098491895,741.4444444444445,0.18484397293220822,0.1076388888888889
12,19,0,33.131285223,35.641825392,14/07/2025,8,0.6554831023691388,0.641060984862593,1.0633267776982638,0.5126287499165347,5.0485332098491895,817.3333333333334,0.09914582777676051,0.1076388888888889
12,20,0,33.131447075,35.641873242,14/07/2025,8,0.5417821821070936,0.5839870110512906,0.8878329705253836,0.43324619081751026,3.9090372348154983,832.0,0.22531505304398616,0.16145833333333334
12,21,0,33.131711587,35.641713948,14/07/2025,8,0.7557244104461065,0.7185634384573607,1.182043692897415,0.578146820541474,5.292481250360577,745.8888888888889,0.07483031625789506,0.10416666666666669
12,22,0,33.131529885,35.641661073,14/07/2025,8,0.8090541332033511,0.7480706747419672,1.3663069948268123,0.6279499520691351,3.9367722103366827,756.4444444444445,0.475,0.13628472222222224
12,23,0,33.13134376,35.641605153,14/07/2025,8,0.8148283098415514,0.7557674176235873,1.3637163360843652,0.6349299505200885,2.2845300583088024,743.3333333333334,0.7395833333333333,0.3046875
12,24,0,33.131183887,35.641554618,14/07/2025,8,0.8192933571627748,0.7576368999639271,1.3886879684722913,0.6309808189281918,2.4466516387672983,734.3333333333334,0.71875,0.27517361111111116
12,25,0,33.131010425,35.641506768,14/07/2025,8,0.817778465937942,0.7581363761761113,1.3730794423282777,0.6452365053929134,2.553700325258954,740.1111111111111,0.7270833333333333,0.24739583333333334
12,26,0,33.130817698,35.641449733,14/07/2025,8,0.8182694615975246,0.7576576451785326,1.380088224348692,0.6332279850051908,3.7923069535398803,728.8888888888889,0.54375,0.1484375
12,27,0,33.130644047,35.64139707,14/07/2025,8,0.8237126545225874,0.7628296934271481,1.3921250026102108,0.639216785759601,4.141745971613139,732.1111111111111,0.41825980392156864,0.13020833333333334
12,28,0,33.130465098,35.641345145,14/07/2025,8,0.8381465223012702,0.7804498518783397,1.400501979754295,0.6596496972758332,3.05667846521006,703.3333333333334,0.5854166666666667,0.18663194444444448
12,29,0,33.130293565,35.6412921,14/07/2025,8,0.8319616705560828,0.7741155483734463,1.388667076873375,0.6582869815187797,1.4353074058019708,722.1111111111111,0.84375,0.4887152777777778
12,30,0,33.130117265,35.641243008,14/07/2025,8,0.8329439263724004,0.7780714230528485,1.3713586670866529,0.6581050726930676,1.789598901284349,709.8888888888889,0.8229166666666666,0.40885416666666663
12,31,0,33.129956522,35.641189745,14/07/2025,8,0.7945521271067513,0.7460709455981696,1.271926841344755,0.6170230075794042,4.959147917027245,733.7777777777778,0.10610159423654615,0.11111111111111112
12,32,0,33.130061327,35.640980707,14/07/2025,8,0.7986639660222519,0.7465437593530395,1.2988560153943423,0.6107470625502871,4.346251836004467,730.8888888888889,0.2123094757653581,0.1284722222222222
12,33,0,33.130235545,35.641033943,14/07/2025,8,0.8314523444807316,0.7739741332809087,1.3851101673701511,0.6491134848642836,2.5432405062337864,719.7777777777778,0.70625,0.22135416666666669
12,34,1,33.130280452,35.641048453,14/07/2025,8,0.835662821274492,0.7759418711901463,1.4106265352525271,0.6512216374271327,2.7246720130995152,715.8888888888889,0.6854166666666667,0.2508680555555556
12,35,1,33.130339765,35.641063695,14/07/2025,8,0.8378596602021805,0.7715437822686245,1.4632390895463452,0.6540630501124295,0.7451475706431423,735.5555555555555,0.9270833333333334,0.7526041666666667
12,36,0,33.130566585,35.641130553,14/07/2025,8,0.8204416479397627,0.762759924191902,1.3650119875475029,0.6366819228122194,3.983007230104883,725.0,0.4770833333333334,0.1440972222222222
12,37,0,33.130800182,35.641201735,14/07/2025,8,0.8166775959101699,0.7509832549210782,1.4099253424089397,0.6220063003641451,3.724688546745176,745.2222222222222,0.5354166666666667,0.14756944444444445
12,38,0,33.130985852,35.641258988,14/07/2025,8,0.8230088289211298,0.7608876176137562,1.3990405375332213,0.6357939515334833,1.9249935493429022,735.2222222222222,0.7916666666666667,0.3315972222222222
12,39,0,33.131165582,35.6413114,14/07/2025,8,0.8069885945195601,0.749030011784109,1.3439854676387926,0.6260020092850459,2.761635692840854,748.5555555555555,0.6791666666666667,0.20225694444444448
12,40,0,33.131352173,35.641367562,14/07/2025,8,0.8019287798189291,0.7461450697370331,1.3226905596533123,0.6086420324805004,1.4541978025686977,749.7777777777778,0.8541666666666666,0.532986111111111
12,41,0,33.131530437,35.641418732,14/07/2025,8,0.8097680647777429,0.7462572659685645,1.3824502356191626,0.6203010611177198,3.298680608917954,756.0,0.625,0.1909722222222222
12,42,0,33.131712068,35.641472697,14/07/2025,8,0.7899878237884859,0.7382653327188352,1.284090403925803,0.6144939635736325,2.7395169140814692,761.5555555555555,0.6354166666666667,0.24565972222222227
12,43,0,33.131951203,35.641545475,14/07/2025,8,0.785176095596218,0.7314918409352299,1.2893377849949124,0.5911243516370379,3.0096897960373594,758.8888888888889,0.65625,0.19270833333333334
12,44,0,33.132159068,35.641608093,14/07/2025,8,0.7364834618426008,0.6942026541398703,1.1905748851522624,0.5537362696038672,3.3505602963278096,786.2222222222222,0.4836538461538462,0.18229166666666669
12,45,0,33.132159085,35.641608103,14/07/2025,8,0.7364834618426008,0.6942026541398703,1.1905748851522624,0.5537362696038672,3.3505602963278096,786.2222222222222,0.4836538461538462,0.18229166666666669
12,46,0,33.132392733,35.641675218,14/07/2025,8,0.6564763658636696,0.6336802967183123,1.0843919237750659,0.47753612705451953,5.063314583693911,816.4444444444445,0.10904728410399042,0.11197916666666669
12,47,0,33.132596072,35.64173629,14/07/2025,8,0.4440341047221014,0.492554094497492,0.8913426899346751,0.3470355604171582,5.292481250360577,906.7777777777778,0.12399134060653613,0.10416666666666669
12,48,0,33.133211033,35.641665365,14/07/2025,8,0.5671891956448923,0.5805109266656436,0.9666596986493595,0.4379039623655801,3.9090372348154983,864.7777777777778,0.21124429714526818,0.16145833333333337
12,49,0,33.133042727,35.641615528,14/07/2025,8,0.6675773513620934,0.6459216488111624,1.0812297345940516,0.4952631231385997,4.294372148594611,803.7777777777778,0.19429996365971972,0.1371527777777778
12,50,0,33.132881035,35.641566383,14/07/2025,8,0.7589448949667763,0.7098055303946047,1.2391524111396117,0.5765891649804872,3.8988242140723095,765.4444444444445,0.2159864049569932,0.15104166666666669
12,51,0,33.132708738,35.641512392,14/07/2025,8,0.7675777397414542,0.7212240594710485,1.233161055789386,0.5872384790270935,4.535906066166137,750.3333333333334,0.30943627450980393,0.11458333333333334
12,52,0,33.13250748,35.641455683,14/07/2025,8,0.7128991558658763,0.6859162539297967,1.1139476213171315,0.5437358058208548,4.846251836004467,772.4444444444445,0.20284690799396682,0.1076388888888889
12,53,0,33.132359758,35.641409547,14/07/2025,8,0.7684521692199762,0.7112916811653232,1.2889238307972555,0.5765433370038747,1.6835024445205309,775.7777777777778,0.8125,0.4201388888888889
12,57,0,33.131793563,35.64124068,14/07/2025,8,0.8049678373623518,0.7408709499555888,1.3779569958792741,0.6133414379847393,2.886175003505865,774.6666666666666,0.6166666666666667,0.1857638888888889
12,58,0,33.13162207,35.64119012,14/07/2025,8,0.814115882846102,0.7505865663385598,1.390865988961406,0.6238339027369433,1.6835024445205309,749.3333333333334,0.8125,0.4201388888888889
12,59,0,33.131452007,35.64113953,14/07/2025,8,0.8081079879333097,0.7504302505256664,1.3434972792570345,0.6223103528922009,2.707518749639422,749.7777777777778,0.5125,0.2708333333333333
12,60,0,33.131278977,35.641088275,14/07/2025,8,0.8134593073953097,0.7520908135338445,1.3759275294870135,0.6256395409539709,2.4308241319059887,749.5555555555555,0.6875,0.24479166666666669
12,61,0,33.131111558,35.641037077,14/07/2025,8,0.8170930152332067,0.7579937001176908,1.3677466614418947,0.626363644524194,2.7249446711226777,736.6666666666666,0.7,0.22135416666666669
12,62,0,33.13093769,35.640988772,14/07/2025,8,0.8261351840885365,0.7608533028706522,1.4267662552937361,0.6385641683538757,4.223406066166138,742.5555555555555,0.43125,0.1345486111111111
12,63,0,33.130795735,35.6409461,14/07/2025,8,0.8208944703661609,0.7582165630667552,1.398265138034879,0.6338675286286152,4.042628649429343,747.0,0.4124999999999999,0.1371527777777778
12,64,0,33.130621442,35.64089229,14/07/2025,8,0.8128096557101127,0.7508076100153104,1.378673392467338,0.6233655163669765,2.707518749639422,749.4444444444445,0.5125,0.2708333333333333
12,65,0,33.130452752,35.640845742,14/07/2025,8,0.8190177465201877,0.752475532783665,1.4207755276541032,0.6313279046774328,3.958814324714672,751.2222222222222,0.5166666666666667,0.140625
12,66,0,33.130272297,35.640787248,14/07/2025,8,0.8249594238449658,0.7630688796029959,1.402113842683698,0.63917166345612,3.1521706916329766,722.7777777777778,0.4104166666666666,0.22395833333333331
12,67,0,33.13015775,35.640755325,14/07/2025,8,0.8185651730549575,0.7565997959032601,1.389621861166242,0.6256275798992937,4.159037234815499,728.7777777777778,0.37083333333333335,0.15104166666666669
12,68,0,33.129994187,35.640708718,14/07/2025,8,0.7715636987826374,0.7223739973117562,1.2513972806706168,0.5864331383757792,5.063314583693912,752.7777777777778,0.1986064061799356,0.11197916666666669
12,69,0,33.129886477,35.64067392,14/07/2025,8,0.7263255656667248,0.6880957307693403,1.167519770663853,0.5519309031261426,4.663320189106001,502.0,0.1412134700821982,0.125
12,70,0,33.130078742,35.640473065,14/07/2025,8,0.7765710846794819,0.7211777684289965,1.2897860745303409,0.5836497791956847,5.048533209849189,775.3333333333334,0.17035745587216175,0.1076388888888889
12,71,0,33.130249393,35.640520833,14/07/2025,8,0.8157107366269831,0.7538927366911549,1.3831724957368476,0.6193797839704388,3.0666188279300863,726.6666666666666,0.6666666666666667,0.1953125
12,72,1,33.130283428,35.640529605,14/07/2025,8,0.8150212367439094,0.7520375443630384,1.389775939944406,0.6175843263003835,2.2845300583088024,734.1111111111111,0.7395833333333333,0.3046875
12,73,0,33.13038629,35.640558765,14/07/2025,8,0.8134936028031424,0.7496774021449512,1.392027956060628,0.6179913514740926,2.707518749639422,748.7777777777778,0.625,0.2708333333333333
12,74,1,33.130489493,35.64059551,14/07/2025,8,0.8059125743775027,0.747523080997297,1.3444535026194493,0.6137797695316295,2.930790181981766,755.3333333333334,0.6479166666666667,0.19444444444444448
12,75,1,33.130529357,35.640601843,14/07/2025,8,0.8029461701136918,0.745997383652144,1.3313791836853401,0.6125551851753709,2.254715752170299,758.6666666666666,0.7625,0.3706597222222222
12,76,0,33.13060189,35.64062303,14/07/2025,8,0.8038349338849032,0.7406172460312496,1.3709959776638454,0.6107234057241272,3.162505605412089,769.3333333333334,0.5333333333333334,0.21180555555555558
12,77,0,33.130774337,35.64067839,14/07/2025,8,0.7992264904940055,0.7376728036841755,1.3533814731339329,0.6025057283525626,2.604182000302357,771.6666666666666,0.6583333333333332,0.2751736111111111
12,78,0,33.130945642,35.64072416,14/07/2025,8,0.8049506397134576,0.7444303324766435,1.3559562625158976,0.6161352884436104,2.9985478598228146,769.1111111111111,0.6270833333333332,0.17881944444444445
12,79,0,33.131116633,35.640775893,14/07/2025,8,0.8107133455451655,0.7495620394891547,1.369800578975383,0.6222088536112106,3.4718226336265308,763.7777777777778,0.4916666666666667,0.19444444444444448
12,80,0,33.131277875,35.640823418,14/07/2025,8,0.8013779174700958,0.7412926904554479,1.3486279069175346,0.6135277587898506,3.1625056054120884,761.4444444444445,0.3375000000000001,0.21180555555555558
12,81,1,33.131388728,35.64086117,14/07/2025,8,0.8046047011389358,0.7376407252985283,1.3949935071145072,0.6156637922339971,3.9668731152961887,778.5555555555555,0.5270833333333333,0.1605902777777778
12,82,0,33.131551763,35.640910077,14/07/2025,8,0.8042100838858094,0.7404101783016236,1.374661646579928,0.6120527938013693,3.857157547405643,766.5555555555555,0.4395833333333333,0.1701388888888889
12,83,0,33.131735872,35.64096258,14/07/2025,8,0.7990407220853065,0.7400772951239714,1.337599060398008,0.6198606509019275,4.346251836004465,767.6666666666666,0.3625,0.12847222222222224
12,84,1,33.131808365,35.640985798,14/07/2025,8,0.7949372830212845,0.7384594168504943,1.3170272891468249,0.6135113497113106,3.9090372348154987,766.7777777777778,0.45208333333333334,0.16145833333333334
12,85,0,33.131973595,35.641032565,14/07/2025,8,0.7887498428658996,0.7281859698715191,1.3324761134085914,0.5959025936040965,3.9090372348154983,777.3333333333334,0.4520833333333333,0.16145833333333334
12,86,0,33.13214706,35.641084612,14/07/2025,8,0.753745753153662,0.6959174653050111,1.277508045481777,0.5504529450678333,3.152170691632976,807.0,0.48125000000000007,0.22395833333333331
12,87,0,33.132318368,35.641134877,14/07/2025,8,0.7492927623277172,0.6941399811512404,1.2599020939033803,0.5574469316532747,1.9933241319059891,807.8888888888889,0.7604166666666666,0.2873263888888889
12,88,0,33.132447467,35.641171288,14/07/2025,8,0.7477634597595872,0.6916055417524802,1.2633744350814093,0.5548823669034774,1.4541978025686977,810.5555555555555,0.8541666666666666,0.564236111111111
12,89,0,33.132677382,35.641240768,14/07/2025,8,0.7350692739616764,0.6865161200013543,1.2204985519191243,0.5526020059185348,5.048533209849189,789.3333333333334,0.19360859728506785,0.1076388888888889
12,90,0,33.13285773,35.641295055,14/07/2025,8,0.7670143701361769,0.7124256489779807,1.2740100048388934,0.5741308242978853,2.4097279562666003,774.5555555555555,0.73125,0.2881944444444445
12,91,0,33.133077455,35.64136293,14/07/2025,8,0.7700070763600754,0.7145679896469186,1.281416565633422,0.5827339924472142,3.0096897960373594,778.2222222222222,0.65625,0.1840277777777778
12,92,0,33.133241818,35.641410273,14/07/2025,8,0.7681761235720104,0.716787956293564,1.2592191135237667,0.582237551898194,3.3206490237615602,765.7777777777778,0.5099264705882354,0.16145833333333331
12,93,0,33.133417687,35.641462717,14/07/2025,8,0.7472088464175162,0.7000723661757035,1.2194738526711892,0.5568355346994015,3.9090372348154987,786.6666666666666,0.2649038461538461,0.16145833333333334
12,94,0,33.133610307,35.641524505,14/07/2025,8,0.6734335643999214,0.6557571155297507,1.0681709953525027,0.5181981051425165,4.846251836004468,836.7777777777778,0.17095944926827275,0.1076388888888889
12,95,0,33.133775465,35.641572718,14/07/2025,8,0.6452641027176231,0.6293697771621418,1.0550490983559113,0.4902577103280088,2.604182000302357,858.3333333333334,0.6166666666666667,0.27517361111111116
12,96,0,33.133960583,35.64162429,14/07/2025,8,0.6311005828490924,0.6140115639583116,1.0582061703530803,0.48407366686705544,2.7291820003023566,876.7777777777778,0.5644607843137255,0.2578125
12,97,0,33.134187567,35.641696383,14/07/2025,8,0.6857824707311378,0.6598992034603915,1.1019487843969848,0.5140731226637838,4.818494793599889,835.1111111111111,0.22792232277526397,0.11197916666666669
12,98,0,33.134430207,35.641770607,14/07/2025,8,0.6921749909580744,0.6579762607900184,1.1354893290878083,0.5220392708214686,4.5443721485946105,850.2222222222222,0.21213235294117644,0.1267361111111111
12,99,0,33.134612525,35.641825233,14/07/2025,8,0.6695656619335727,0.6425582344885983,1.099982971046909,0.5108569055495996,4.802694271103766,862.7777777777778,0.3147341628959276,0.1267361111111111
12,100,0,33.134773178,35.64187554,14/07/2025,8,0.6953924829028031,0.6582441908755184,1.1475288988775199,0.525085889283841,4.346251836004465,855.1111111111111,0.2520361990950226,0.12847222222222224
12,101,0,33.134945552,35.641922698,14/07/2025,8,0.6621861234186467,0.6338178994822106,1.1033567794162895,0.4882933019082228,5.063314583693911,859.7777777777778,0.2021905955729485,0.11197916666666669
12,102,0,33.135117153,35.641980013,14/07/2025,8,0.45081565871656365,0.4906435330784264,0.9041441512600029,0.3348985264617683,4.434153522439333,645.4444444444445,0.20367969100948624,0.1328125
12,103,0,33.134982408,35.641680653,14/07/2025,8,0.6946209444301131,0.6612924787831402,1.134080082612023,0.5199729262658673,4.85498125036058,830.2222222222222,0.3123303167420814,0.12760416666666669
12,104,0,33.134810457,35.641630768,14/07/2025,8,0.753082329170134,0.7012834314382161,1.2477246427075468,0.5744273077964337,4.456733794087382,806.1111111111111,0.3427696078431372,0.1267361111111111
12,105,0,33.134630138,35.641574297,14/07/2025,8,0.7805347269692796,0.7258438238151085,1.289485837622292,0.5874755959986614,3.567680209905977,773.2222222222222,0.5875,0.16753472222222224
12,106,0,33.134394168,35.641501542,14/07/2025,8,0.7594496003499275,0.7181033937592514,1.2005672093458402,0.5853002906045418,3.1625056054120884,776.0,0.40833333333333327,0.21180555555555555
12,107,0,33.134219085,35.641450663,14/07/2025,8,0.74082841643262,0.6995453070924379,1.1876500612745453,0.5582835623312012,1.9249935493429025,790.5555555555555,0.7916666666666666,0.3315972222222222
12,108,0,33.134042575,35.641398028,14/07/2025,8,0.7372323616824964,0.6953139714071666,1.1883805781131094,0.5618819071302045,1.6835024445205309,809.4444444444445,0.8125,0.4201388888888889
12,109,0,33.133779428,35.641318685,14/07/2025,8,0.7717115799984813,0.7168417541940338,1.2814773123917096,0.5927240001917711,4.804585169337801,792.0,0.325,0.11111111111111112
12,110,0,33.133604408,35.64126555,14/07/2025,8,0.7807248913508742,0.7304618323404352,1.265225370631172,0.6078146687437336,3.499557609147715,769.5555555555555,0.5145833333333334,0.16927083333333337
12,111,0,33.133425928,35.641212678,14/07/2025,8,0.7793210388303922,0.7260739163647776,1.2804164120299477,0.6010840081195119,3.573194012124527,765.2222222222222,0.5249999999999999,0.1519097222222222
12,112,0,33.133250962,35.641162302,14/07/2025,8,0.7723729770211375,0.727224037257318,1.2300630387252722,0.5889009724739318,3.5968226336265317,749.6666666666666,0.4291666666666666,0.17708333333333331
12,113,0,33.133068517,35.64111066,14/07/2025,8,0.7901516656327704,0.7338369660439793,1.3095131943577965,0.5968581507830851,4.02890865756051,757.3333333333334,0.47291666666666676,0.12586805555555555
12,114,0,33.132884088,35.641053517,14/07/2025,8,0.7907401253743308,0.7435744289419665,1.2583208551008362,0.6068959165474831,4.5587462305923765,739.0,0.426593137254902,0.13020833333333334
12,115,0,33.13275016,35.641013687,14/07/2025,8,0.7645087712508509,0.7129198299969779,1.2563578808229556,0.5856812959654629,4.544372148594611,773.5555555555555,0.2229345521992581,0.12673611111111113
12,116,0,33.132526445,35.640945088,14/07/2025,8,0.7590093955674507,0.7045391161496396,1.2651363765586627,0.5660184982229727,3.5213880242490543,801.0,0.520343137254902,0.16666666666666669
12,117,0,33.132353315,35.640892888,14/07/2025,8,0.7514219431019987,0.7044463181777549,1.22256290557283,0.5624083876352564,3.5968226336265317,791.6666666666666,0.37916666666666665,0.17708333333333334
12,118,0,33.132173813,35.64083862,14/07/2025,8,0.795705753178386,0.7443354940219289,1.2884861843581068,0.60982223332049,4.031860937770433,744.2222222222222,0.45208333333333334,0.1484375
12,119,0,33.131990313,35.640783327,14/07/2025,8,0.8209561730681547,0.7607761934072322,1.383251676791609,0.6320161197226104,3.8551121157836827,729.5555555555555,0.5041666666666667,0.140625
12,120,0,33.131826442,35.640736202,14/07/2025,8,0.8303484290444905,0.7756621694238472,1.3634837435339322,0.6572448364614698,2.9307901819817657,706.5555555555555,0.6479166666666667,0.19444444444444448
12,121,0,33.131641782,35.640680672,14/07/2025,8,0.8343855779071355,0.7785591538460295,1.3795622663454798,0.6572497476756283,3.152170691632976,709.0,0.4604166666666666,0.22395833333333331
12,122,0,33.131449675,35.640623772,14/07/2025,8,0.8290264913248246,0.7738901548921785,1.364797859782467,0.6551800805823379,3.959147917027245,715.3333333333334,0.48125,0.21006944444444445
12,123,1,33.131408412,35.640608335,14/07/2025,8,0.8275460684530969,0.7701534636408024,1.3766475842345978,0.6512699859060175,4.141745971613138,723.0,0.4458333333333333,0.13020833333333331
12,124,1,33.13123464,35.64055972,14/07/2025,8,0.8300286773485788,0.769953857571184,1.3998936803713928,0.6428176523219633,4.017881053123411,708.4444444444445,0.5104166666666666,0.1640625
12,126,0,33.131234403,35.640559448,14/07/2025,8,0.8300286773485788,0.769953857571184,1.3998936803713928,0.6428176523219633,4.017881053123411,708.4444444444445,0.5104166666666666,0.1640625
12,127,1,33.1311567,35.64053241,14/07/2025,8,0.8271835342028627,0.7673765898491702,1.3920254279179893,0.6423799186866658,2.707518749639422,714.3333333333334,0.625,0.2708333333333333
12,128,0,33.130932527,35.640464422,14/07/2025,8,0.8165697022699031,0.7603693095720002,1.349742672172499,0.6396868900623277,3.9549868557726664,732.5555555555555,0.325,0.1527777777777778
12,129,0,33.130743188,35.640411035,14/07/2025,8,0.826816831852722,0.7710767003106652,1.3637985506969104,0.6493307483472353,4.042628649429343,718.8888888888889,0.4583333333333333,0.1371527777777778
12,130,0,33.13049672,35.640334402,14/07/2025,8,0.8079034131592674,0.7473388646390616,1.361057638459461,0.6264682768283791,4.141745971613138,759.1111111111111,0.4458333333333333,0.13020833333333334
12,131,0,33.1303069,35.640283857,14/07/2025,8,0.8015033447433404,0.7445371661672489,1.329259406757014,0.6117178531051634,4.067359712089615,748.2222222222222,0.42083333333333334,0.12152777777777779
12,132,0,33.130053837,35.640208292,14/07/2025,8,0.7557898254185037,0.7108615038262038,1.21650558990795,0.5787937043551336,4.85498125036058,775.1111111111111,0.22938705107822754,0.12760416666666669
12,133,0,33.130101927,35.639957122,14/07/2025,8,0.8102233538584173,0.7619616078985822,1.2892133618742823,0.630252480450187,4.5587462305923765,689.2222222222222,0.4458333333333333,0.13020833333333334
12,134,0,33.130231498,35.639995658,14/07/2025,8,0.8277091091615374,0.7778496118290713,1.3266624059351857,0.6456332972163179,3.499557609147716,672.0,0.5645833333333333,0.16927083333333334
12,135,0,33.130332317,35.640030617,14/07/2025,8,0.8326522046696295,0.7790650775581963,1.3601601329734434,0.6510830874527653,1.0612781244591327,675.0,0.875,0.5989583333333334
12,136,0,33.130466753,35.640065772,14/07/2025,8,0.8396770365626844,0.7776000482061881,1.43752001002969,0.6520457116677723,2.472854814399865,685.1111111111111,0.6875,0.24131944444444445
12,137,0,33.130606073,35.640108777,14/07/2025,8,0.848443842981592,0.7890371934904237,1.4387791740053546,0.66728180271014,3.4718226336265308,666.3333333333334,0.49166666666666675,0.19444444444444445
12,138,0,33.130799665,35.6401659,14/07/2025,8,0.84614287634206,0.795245183205476,1.3691581597930271,0.6705363300494498,1.4353074058019706,654.3333333333334,0.84375,0.4887152777777778
12,139,0,33.130924783,35.640202167,14/07/2025,8,0.8443004427448123,0.7913320377812769,1.3800017034385197,0.6728875062734484,3.567680209905977,663.5555555555555,0.5875,0.16753472222222224
12,140,0,33.131045668,35.640237885,14/07/2025,8,0.84974309681702,0.7954148444654289,1.4030230444533274,0.6732785067061807,1.7401190981845582,650.1111111111111,0.8020833333333334,0.4244791666666667
12,141,0,33.13119875583578,35.640288385821016,14/07/2025,8,0.8456434036306484,0.7940025671319156,1.3733892906264076,0.672305605958584,3.1401298987215265,663.3333333333334,0.5645833333333333,0.1762152777777778
12,142,0,33.13124230414125,35.63999318747336,14/07/2025,8,0.846436997700335,0.7960038826875339,1.3666281600847046,0.6719944602185499,2.436278124459133,652.3333333333334,0.65,0.2777777777777778
12,143,0,33.131103885,35.639938447,14/07/2025,8,0.8336046328300958,0.7819101442073778,1.3509778310924347,0.6545546209852104,4.422661460266555,674.5555555555555,0.3836538461538462,0.1545138888888889
12,144,0,33.130836262,35.639859652,14/07/2025,8,0.8313318992463083,0.7800297023016737,1.3418800217803597,0.6509319322488882,1.7639415206106652,679.1111111111111,0.7916666666666666,0.4626736111111111
12,145,0,33.13068126,35.639810557,14/07/2025,8,0.8363179141787658,0.784786208927957,1.353099012387269,0.6534157447857292,2.5738496345702995,670.5555555555555,0.6791666666666667,0.21788194444444448
12,146,0,33.130489362,35.639749943,14/07/2025,8,0.8307703388875635,0.7791521256644313,1.3431545583467355,0.653816165863947,3.4793877652698146,679.6666666666666,0.5625,0.1840277777777778
12,149,0,33.130084953,35.639633447,14/07/2025,8,0.7999402418921072,0.7607485016916407,1.2236535677066158,0.6248530711328808,3.9670907747498876,459.3333333333333,0.3021058757122828,0.1388888888888889
13,2,0,33.129969208,35.641946852,19/07/2025,3,0.5319752409521161,0.5670253266070865,0.9087234652234505,0.4002993155561772,3.4718226336265308,844.2222222222222,0.24109130706691678,0.19444444444444445
13,3,0,33.130132513,35.641997872,19/07/2025,3,0.5875683625980361,0.5829558376652465,1.0180947743847486,0.43266932557080046,3.9686331481071164,559.8888888888889,0.19052947285115154,0.14236111111111113
13,4,0,33.130629767,35.641888025,19/07/2025,3,0.6758027778606461,0.6482114056362714,1.110958576874389,0.49608317501051924,4.663320189106001,820.4444444444445,0.17356913499537022,0.125
13,5,0,33.130460162,35.64183591,19/07/2025,3,0.7268321155211213,0.6895169516394701,1.16686918318887,0.545362059424141,4.3019664814404495,797.7777777777778,0.18158783783783783,0.13368055555555558
13,6,0,33.130302077,35.641785553,19/07/2025,3,0.7630276852775991,0.7127300598878199,1.2490860361680418,0.5729837950453149,5.048533209849189,804.8888888888889,0.15429543231013818,0.1076388888888889
13,7,0,33.13013566,35.641740683,19/07/2025,3,0.7251115615502113,0.6814132543437865,1.1909404239604717,0.528358958468485,4.85498125036058,841.7777777777778,0.23267146671558436,0.12760416666666669
13,8,0,33.129928818,35.641674958,19/07/2025,3,0.6940219325337424,0.6614702644688828,1.128483211191284,0.5041725061731576,4.802694271103766,848.2222222222222,0.2871606334841629,0.1267361111111111
13,9,0,33.130013228,35.641444272,19/07/2025,3,0.7550887715134299,0.7114884739766832,1.2092809692220696,0.5715086803964406,3.89882421407231,814.0,0.22279080551139374,0.15104166666666669
13,10,0,33.130160123,35.641485933,19/07/2025,3,0.8039168776027946,0.7518149799530103,1.3036585502553155,0.6216803264149343,4.078855213411842,768.8888888888889,0.45416666666666666,0.12586805555555558
13,11,0,33.130287267,35.641526048,19/07/2025,3,0.8136286561762973,0.7573158942862532,1.3441908988724083,0.6335256975962856,3.514005390679865,765.6666666666666,0.5958333333333333,0.17708333333333334
13,12,0,33.130417825,35.641564982,19/07/2025,3,0.8183708716939461,0.760943884068029,1.3591759474677387,0.6405215714194111,1.9249935493429025,766.1111111111111,0.7916666666666666,0.3315972222222222
13,13,0,33.130531453,35.641598925,19/07/2025,3,0.8158598364586717,0.7642520132424298,1.3185811295476304,0.6418974647274376,2.514521481066532,753.3333333333334,0.6666666666666666,0.2309027777777778
13,14,0,33.1305324,35.641599585,19/07/2025,3,0.8158598364586717,0.7642520132424298,1.3185811295476304,0.6418974647274376,2.514521481066532,753.3333333333334,0.6666666666666666,0.2309027777777778
13,15,0,33.130669182,35.641638927,19/07/2025,3,0.8046080059454274,0.7571182118669724,1.2770024966573572,0.6269003612298948,2.930790181981766,754.7777777777778,0.6479166666666667,0.19444444444444448
13,16,0,33.130827782,35.641688615,19/07/2025,3,0.8078353823167168,0.7535333593113189,1.3228281110872113,0.6279609757989699,3.4911524854657547,763.5555555555555,0.4547322775263951,0.1623263888888889
13,17,0,33.130976685,35.641731912,19/07/2025,3,0.7899969035101243,0.7398777040086038,1.2750933622656575,0.6131991185067065,3.3508456951388417,773.5555555555555,0.4742647058823529,0.17274305555555558
13,18,0,33.13112277,35.641773428,19/07/2025,3,0.7778955154940658,0.7253621458334449,1.2746638118251934,0.5983038229269058,4.240341670172532,787.3333333333334,0.4140514553014553,0.1293402777777778
13,19,0,33.131285223,35.641825392,19/07/2025,3,0.6812639044750943,0.6645004169709859,1.075473980803713,0.5266634675074326,5.292481250360577,810.5555555555555,0.06832092804630603,0.10416666666666669
13,20,0,33.131447075,35.641873242,19/07/2025,3,0.5794177686528492,0.6047788672692103,0.9322572835677269,0.46148483251305056,3.152170691632976,849.8888888888889,0.23787423359568635,0.22395833333333331
13,21,0,33.131711587,35.641713948,19/07/2025,3,0.7599048824831091,0.7160323786782564,1.2160212634393062,0.5852274532001843,5.0901998765158565,788.0,0.09665265005652379,0.10416666666666669
13,22,0,33.131529885,35.641661073,19/07/2025,3,0.7918883979999679,0.7434663113855557,1.268049912113509,0.6220879486968903,2.360640850566464,777.6666666666666,0.6666666666666666,0.2690972222222222
13,23,0,33.13134376,35.641605153,19/07/2025,3,0.8060617590145374,0.7501971634738211,1.3293205310837566,0.6207384548473487,1.9249935493429025,771.7777777777778,0.7916666666666666,0.3315972222222222
13,24,0,33.131183887,35.641554618,19/07/2025,3,0.8034637584170617,0.7465174450518691,1.332270303868941,0.6212829892873053,1.66524175848515,774.6666666666666,0.7708333333333333,0.4114583333333333
13,25,0,33.131010425,35.641506768,19/07/2025,3,0.807890086843289,0.7524166720273145,1.3301577591635114,0.6327282607216481,2.4482537708610694,763.5555555555555,0.73125,0.2795138888888889
13,26,0,33.130817698,35.641449733,19/07/2025,3,0.7959517872520152,0.7431763404953298,1.298219295320945,0.6136800372189353,3.8848925229268274,769.4444444444445,0.4833333333333333,0.1449652777777778
13,27,0,33.130644047,35.64139707,19/07/2025,3,0.8044327595879586,0.7572829838024082,1.2747949944743147,0.626527212890992,4.804585169337801,752.6666666666666,0.2735294117647059,0.11111111111111112
13,28,0,33.130465098,35.641345145,19/07/2025,3,0.8232437261227707,0.7682303434551372,1.3525431162155621,0.6421775153142981,3.152170691632976,742.1111111111111,0.5229166666666666,0.22395833333333331
13,29,0,33.130293565,35.6412921,19/07/2025,3,0.8160509232521035,0.7648104890734555,1.3156704696558712,0.6412171116265679,1.4353074058019708,756.5555555555555,0.84375,0.4887152777777778
13,30,0,33.130117265,35.641243008,19/07/2025,3,0.8163966464197077,0.7618646211247976,1.3375685429114885,0.641381243268737,3.415214526489481,759.6666666666666,0.5645833333333333,0.16493055555555555
13,31,0,33.129956522,35.641189745,19/07/2025,3,0.7703607438119657,0.7298472835080825,1.2061870913697712,0.5928743243327506,3.152170691632976,771.2222222222222,0.2592395846072316,0.22395833333333331
13,32,0,33.130061327,35.640980707,19/07/2025,3,0.7700904962306034,0.7322585711451804,1.1911263596445227,0.6013579222662813,4.667481250360577,776.7777777777778,0.1697869532428356,0.12500000000000003
13,33,0,33.130235545,35.641033943,19/07/2025,3,0.8088225030868018,0.7588568441658917,1.2974902907194759,0.6258636161472083,3.573194012124527,757.4444444444445,0.525,0.15190972222222224
13,34,1,33.130280452,35.641048453,19/07/2025,3,0.8099687369123522,0.7618589489258186,1.2876682986798569,0.6288873348726512,3.152170691632976,748.5555555555555,0.5729166666666666,0.22395833333333331
13,35,1,33.130339765,35.641063695,19/07/2025,3,0.8140296077220426,0.7618639711500461,1.318776534707788,0.6410011595810561,1.8389827611420677,759.0,0.7395833333333334,0.3567708333333333
13,36,0,33.130566585,35.641130553,19/07/2025,3,0.8086537592763975,0.7540392905691129,1.3262398017079495,0.6217331632044858,0.7451475706431423,760.8888888888889,0.9270833333333334,0.7526041666666667
13,37,0,33.130800182,35.641201735,19/07/2025,3,0.7996868978673555,0.7484371254514639,1.2932643377865096,0.6139709480553032,4.317359712089615,762.5555555555555,0.41041666666666665,0.1267361111111111
13,38,0,33.130985852,35.641258988,19/07/2025,3,0.805631865306906,0.755632834050726,1.2937028163131303,0.6332200739912651,3.476717444721476,758.6666666666666,0.5229166666666667,0.1814236111111111
13,39,0,33.131165582,35.6413114,19/07/2025,3,0.7955711435526915,0.7431333940122076,1.2947599283948448,0.6142879275361303,3.4380546909157212,768.1111111111111,0.5874999999999999,0.1579861111111111
13,40,0,33.131352173,35.641367562,19/07/2025,3,0.7833017117328737,0.7311272302223014,1.2784548604190005,0.5968863601793942,2.561047859822814,793.7777777777778,0.7,0.22135416666666669
13,41,0,33.131530437,35.641418732,19/07/2025,3,0.7923376171276673,0.7372501931569525,1.3054002448168627,0.6144584574208433,2.930790181981766,796.0,0.6479166666666667,0.19444444444444448
13,42,0,33.131712068,35.641472697,19/07/2025,3,0.7837989612431534,0.733612770024247,1.2683393027410719,0.5982683683449049,1.4353074058019708,788.5555555555555,0.84375,0.4887152777777778
13,43,0,33.131951203,35.641545475,19/07/2025,3,0.777290323523643,0.7253218023979496,1.2706133688679284,0.5988001332147372,4.086302147188916,803.7777777777778,0.4145833333333334,0.13628472222222224
13,44,0,33.132159068,35.641608093,19/07/2025,3,0.7408503493078458,0.6898734633257813,1.2328716049509767,0.5503703980650125,4.05068744001086,832.5555555555555,0.42291666666666666,0.1328125
13,45,0,33.132159085,35.641608103,19/07/2025,3,0.7408503493078458,0.6898734633257813,1.2328716049509767,0.5503703980650125,4.05068744001086,832.5555555555555,0.42291666666666666,0.1328125
13,46,0,33.132392733,35.641675218,19/07/2025,3,0.6874297313520086,0.6623869293807721,1.0990213617177114,0.5121865920555552,5.048533209849189,818.2222222222222,0.1579697117932412,0.1076388888888889
13,47,0,33.132596072,35.64173629,19/07/2025,3,0.5185981549361154,0.5531268462268308,0.9116093309715662,0.40387555692496857,4.596251836004467,875.8888888888889,0.16266293939393017,0.11805555555555557
13,48,0,33.133211033,35.641665365,19/07/2025,3,0.598158140642732,0.5985721344785211,1.0057121180134034,0.4438194229008806,5.292481250360577,861.4444444444445,0.10076142635307088,0.10416666666666669
13,49,0,33.133042727,35.641615528,19/07/2025,3,0.6835700674575395,0.6501493613976383,1.1317929439223409,0.5056588326174449,4.8045851693378,847.0,0.16483872074259448,0.11111111111111113
13,50,0,33.132881035,35.641566383,19/07/2025,3,0.7525833960426456,0.7086681873269689,1.2101483721606252,0.5743151123143213,3.899804762194655,808.8888888888889,0.4854166666666666,0.1328125
13,51,0,33.132708738,35.641512392,19/07/2025,3,0.7553076413968765,0.70438081193937,1.2441531187833195,0.575511623653344,5.063314583693911,812.8888888888889,0.261302790346908,0.11197916666666669
13,52,0,33.13250748,35.641455683,19/07/2025,3,0.721030992173161,0.6757616022495937,1.197607188971465,0.5381973379054794,5.292481250360577,831.2222222222222,0.17432126696832578,0.10416666666666669
13,53,0,33.132359758,35.641409547,19/07/2025,3,0.7486331704533544,0.70683490543732,1.1950850128091575,0.5653014282341428,2.6186779753360474,807.2222222222222,0.6687500000000001,0.2578125
13,57,0,33.131793563,35.64124068,19/07/2025,3,0.7896366799474404,0.7342595285537249,1.3037359340194117,0.5995229623184315,1.9249935493429022,798.6666666666666,0.7916666666666667,0.3315972222222222
13,58,0,33.13162207,35.64119012,19/07/2025,3,0.798275150956514,0.73990757150099,1.3334195453537174,0.6132535452980912,-0.0,782.7777777777778,1.0,1.0
13,59,0,33.131452007,35.64113953,19/07/2025,3,0.7966074127171214,0.742372721956964,1.3061565144481664,0.6121612517012686,2.4150820599849467,780.4444444444445,0.6479166666666667,0.2829861111111111
13,60,0,33.131278977,35.641088275,19/07/2025,3,0.7964062085213777,0.7429864327583494,1.3029937337223276,0.609768108810868,3.4246832239236933,775.8888888888889,0.5520833333333334,0.18663194444444448
13,61,0,33.131111558,35.641037077,19/07/2025,3,0.7992235416486292,0.7424537514038261,1.3250714378721662,0.6143214449943173,2.370864469235365,786.5555555555555,0.7500000000000001,0.3385416666666667
13,62,0,33.13093769,35.640988772,19/07/2025,3,0.8053385857835159,0.7519021525805744,1.3141932793082118,0.6179466007401686,4.1595533252021655,771.3333333333334,0.49583333333333335,0.1371527777777778
13,63,0,33.130795735,35.6409461,19/07/2025,3,0.8078715678212993,0.7478435315057546,1.3581449746300602,0.6126288969907413,3.152170691632976,776.2222222222222,0.4604166666666666,0.22395833333333331
13,64,0,33.130621442,35.64089229,19/07/2025,3,0.8000338944891445,0.7411277498853492,1.3394382708956614,0.6084599078639438,3.4718226336265308,786.6666666666666,0.49166666666666664,0.19444444444444445
13,65,0,33.130452752,35.640845742,19/07/2025,3,0.8019210627140483,0.7446379131028185,1.3316456861159758,0.6140971779254447,2.8359813201213147,781.3333333333334,0.6895833333333332,0.3003472222222222
13,66,0,33.130272297,35.640787248,19/07/2025,3,0.804968118499702,0.7487153495854364,1.3306037970218019,0.6222075833577756,3.1521706916329766,770.6666666666666,0.3520833333333333,0.22395833333333331
13,67,0,33.13015775,35.640755325,19/07/2025,3,0.7969167511168272,0.7511699121685224,1.257681948848443,0.6168092711472678,4.456733794087382,745.2222222222222,0.4375,0.1267361111111111
13,68,0,33.129994187,35.640708718,19/07/2025,3,0.747862785660425,0.7006835822577231,1.2212362176552416,0.5612757131728956,5.0901998765158565,808.8888888888889,0.20419494720965312,0.10416666666666669
13,69,0,33.129886477,35.64067392,19/07/2025,3,0.6938363159563874,0.6803382944473686,1.053304649166283,0.5208633143873103,4.663320189106001,507.0,0.12293636384902072,0.125
13,70,0,33.130078742,35.640473065,19/07/2025,3,0.74476852446803,0.7006787186623882,1.2064071107717285,0.5568652038643909,5.292481250360577,820.4444444444445,0.1700338347397171,0.10416666666666669
13,71,0,33.130249393,35.640520833,19/07/2025,3,0.7907879006633081,0.7376451890588451,1.2923317721802379,0.6063141301094314,2.553700325258954,786.3333333333334,0.7270833333333333,0.24739583333333334
13,72,1,33.130283428,35.640529605,19/07/2025,3,0.7921888899425925,0.7394209268668585,1.29194862033292,0.6064280917034934,2.8904762562790713,779.3333333333334,0.6354166666666667,0.18055555555555558
13,73,0,33.13038629,35.640558765,19/07/2025,3,0.7905478392964692,0.7442048898744119,1.254374722475869,0.6044343121893241,3.6054140482403754,773.5555555555555,0.4104166666666666,0.1701388888888889
13,74,1,33.130489493,35.64059551,19/07/2025,3,0.7952868669883202,0.7400842162873501,1.3103971698169152,0.6033005313967006,2.078838679766182,788.7777777777778,0.7708333333333334,0.32812500000000006
13,75,1,33.130529357,35.640601843,19/07/2025,3,0.7935532012870589,0.7399301661728399,1.2987108492260537,0.6026806561534722,1.789598901284349,786.2222222222222,0.8229166666666666,0.40885416666666663
13,76,0,33.13060189,35.64062303,19/07/2025,3,0.7918947563180945,0.7336500191202835,1.3239455810947074,0.6019250417538253,1.66524175848515,803.3333333333334,0.7708333333333333,0.3645833333333333
13,77,0,33.130774337,35.64067839,19/07/2025,3,0.7843856255797627,0.7295137827627333,1.2943865864113024,0.6010600336630464,2.707518749639422,805.3333333333334,0.625,0.2708333333333333
13,78,0,33.130945642,35.64072416,19/07/2025,3,0.7836018958047694,0.7284496704735798,1.29533763015613,0.5924479610234257,3.1297949849424147,810.7777777777778,0.6041666666666665,0.18836805555555555
13,79,0,33.131116633,35.640775893,19/07/2025,3,0.795460120427134,0.7385219747587277,1.3208585802806005,0.6102620359132185,2.886175003505865,800.1111111111111,0.6166666666666667,0.1857638888888889
13,80,0,33.131277875,35.640823418,19/07/2025,3,0.7851628220478045,0.7305004292823792,1.2939334684420096,0.6044538580487723,3.152170691632976,804.1111111111111,0.4104166666666666,0.22395833333333331
13,81,1,33.131388728,35.64086117,19/07/2025,3,0.7876396831232122,0.7298072211649312,1.3154061204363905,0.6029047408086681,3.8571575474056425,805.1111111111111,0.36874999999999997,0.1701388888888889
13,82,0,33.131551763,35.640910077,19/07/2025,3,0.7796753703450021,0.7288791602014079,1.2675166604276387,0.5975506398127973,2.707518749639422,799.0,0.5125,0.2708333333333333
13,83,0,33.131735872,35.64096258,19/07/2025,3,0.7839076682618392,0.7258231863318781,1.3127070067929025,0.5956203245775646,3.9090372348154983,812.3333333333334,0.40208333333333335,0.16145833333333337
13,84,1,33.131808365,35.640985798,19/07/2025,3,0.7739471203753912,0.7229771214566775,1.2619708961726033,0.5951207694988128,1.6835024445205309,816.2222222222222,0.7000000000000001,0.4201388888888889
13,85,0,33.131973595,35.641032565,19/07/2025,3,0.7692022270988731,0.7120503398027829,1.2894282163472097,0.5819961321424594,3.5041188279300868,828.3333333333334,0.50625,0.1527777777777778
13,86,0,33.13214706,35.641084612,19/07/2025,3,0.7381600891442244,0.6898537923911725,1.2185630516345018,0.5506832858254284,4.558746230592377,848.0,0.4458333333333333,0.13020833333333334
13,87,0,33.132318368,35.641134877,19/07/2025,3,0.7359034324797823,0.6843889340367938,1.2330575229532872,0.5447041684459629,1.4353074058019706,846.0,0.84375,0.4887152777777778
13,88,0,33.132447467,35.641171288,19/07/2025,3,0.7334853306335732,0.6884180537232136,1.200859645537979,0.5415150824331838,1.8389827611420677,830.3333333333334,0.7395833333333333,0.3567708333333333
13,89,0,33.132677382,35.641240768,19/07/2025,3,0.6966354979703614,0.6720676904854704,1.100343322937986,0.5311709209967801,4.804585169337801,822.2222222222222,0.19042232277526394,0.11111111111111112
13,90,0,33.13285773,35.641295055,19/07/2025,3,0.7484110068516917,0.7019783732116897,1.217184393046833,0.5596156025715933,1.6835024445205309,824.7777777777778,0.8125,0.4201388888888889
13,91,0,33.133077455,35.64136293,19/07/2025,3,0.7550157621951974,0.7012694113871638,1.2580715933417341,0.5678750758386102,3.152170691632976,836.0,0.5729166666666666,0.22395833333333331
13,92,0,33.133241818,35.641410273,19/07/2025,3,0.7534716177853391,0.7001108361781676,1.2557537594450416,0.5644467643990589,2.078838679766182,831.8888888888889,0.7708333333333333,0.359375
13,93,0,33.133417687,35.641462717,19/07/2025,3,0.7414794906589267,0.6928552764746976,1.222895705472545,0.5617812034528785,3.9090372348154987,830.2222222222222,0.29742647058823524,0.16145833333333334
13,94,0,33.133610307,35.641524505,19/07/2025,3,0.681010105465057,0.6563670276426955,1.095028491540416,0.5177526929554763,4.4193721485946105,855.6666666666666,0.24861425339366514,0.12847222222222224
13,95,0,33.133775465,35.641572718,19/07/2025,3,0.6463960912374623,0.6293528900936783,1.0594484319034856,0.4882392873760754,3.4541722720787553,867.1111111111111,0.3416666666666666,0.19791666666666666
13,96,0,33.133960583,35.64162429,19/07/2025,3,0.6212407276198519,0.6147091992085522,1.021734118888621,0.4637094815811904,3.461914003993359,884.8888888888889,0.4995098039215686,0.171875
13,97,0,33.134187567,35.641696383,19/07/2025,3,0.6647731469909992,0.6442790301036978,1.0749054787519394,0.49576855135763204,5.292481250360577,880.2222222222222,0.16340299009416653,0.10416666666666669
13,98,0,33.134430207,35.641770607,19/07/2025,3,0.6757013020507913,0.6457460649362171,1.1123921684581406,0.5052262579946109,3.857157547405643,896.5555555555555,0.27904411764705883,0.1701388888888889
13,99,0,33.134612525,35.641825233,19/07/2025,3,0.6524543504745269,0.6283808651900842,1.0855774961106495,0.4843754138069582,4.802694271103768,905.5555555555555,0.3668646304675716,0.1267361111111111
13,100,0,33.134773178,35.64187554,19/07/2025,3,0.6774265246413228,0.6494883729152703,1.105951342866948,0.50583608224743,3.771388024249054,883.1111111111111,0.5056372549019608,0.15625
13,101,0,33.134945552,35.641922698,19/07/2025,3,0.6632319659472106,0.6378030703084911,1.0926004326734302,0.4846463787466311,4.818494793599889,884.2222222222222,0.2303733031674208,0.11197916666666669
13,102,0,33.135117153,35.641980013,19/07/2025,3,0.5000406471039335,0.5194349056181086,0.9503088755399438,0.3604219145808645,4.663320189106001,642.0,0.18034255950921527,0.125
13,103,0,33.134982408,35.641680653,19/07/2025,3,0.693503583858625,0.6619546152837832,1.1260326978562591,0.5165488173202066,3.8998047621946546,864.2222222222222,0.4099264705882352,0.1328125
13,104,0,33.134810457,35.641630768,19/07/2025,3,0.7387467079782564,0.6974529438491629,1.188178724444403,0.5730141595361486,4.456733794087382,848.1111111111111,0.35318627450980383,0.1267361111111111
13,105,0,33.134630138,35.641574297,19/07/2025,3,0.7564491728975493,0.7077220851905415,1.235216708811396,0.5806237530540963,2.078838679766182,835.3333333333334,0.7708333333333333,0.328125
13,106,0,33.134394168,35.641501542,19/07/2025,3,0.7382077583743358,0.6944807639790957,1.19742058688464,0.5669689575603931,4.431739399499471,846.2222222222222,0.4125,0.11892361111111112
13,107,0,33.134219085,35.641450663,19/07/2025,3,0.7214075748203292,0.6841523299485203,1.1588138988218326,0.5572302584440068,2.9133456951388417,854.4444444444445,0.6458333333333333,0.2152777777777778
13,108,0,33.134042575,35.641398028,19/07/2025,3,0.7178961638024294,0.6810383871748017,1.1561043785020106,0.5519419431244397,3.4380546909157212,863.1111111111111,0.5875,0.15798611111111113
13,109,0,33.133779428,35.641318685,19/07/2025,3,0.7583565625454621,0.7028092275838046,1.2702683776329244,0.56503166039098,3.672487163445857,839.6666666666666,0.5666666666666667,0.1796875
13,110,0,33.133604408,35.64126555,19/07/2025,3,0.7658930501233585,0.7161783093722989,1.24771002503316,0.5897234598913824,2.4482537708610694,818.1111111111111,0.73125,0.2795138888888889
13,111,0,33.133425928,35.641212678,19/07/2025,3,0.7546062054347168,0.7084195315334155,1.2205097574078563,0.5707211762309214,1.6835024445205309,825.1111111111111,0.8125,0.4201388888888889
13,112,0,33.133250962,35.641162302,19/07/2025,3,0.7608283157882902,0.7112099937686547,1.243055743172154,0.5818016248859433,3.499557609147716,821.3333333333334,0.5645833333333333,0.16927083333333334
13,113,0,33.133068517,35.64111066,19/07/2025,3,0.761192997018618,0.7186579180899719,1.2072878427872344,0.5837295516478349,3.959147917027245,806.7777777777778,0.55,0.21006944444444445
13,114,0,33.132884088,35.641053517,19/07/2025,3,0.7641016003939242,0.7181890086807141,1.2278579979679844,0.5857417575001769,4.36923939949947,799.1111111111111,0.3729166666666667,0.11805555555555557
13,115,0,33.13275016,35.641013687,19/07/2025,3,0.7298949960235769,0.6951007039484494,1.1544931905943216,0.5626691866787329,4.544372148594611,806.1111111111111,0.19912177448942153,0.12673611111111113
13,116,0,33.132526445,35.640945088,19/07/2025,3,0.7449460648632209,0.6960434539771622,1.2264738653089313,0.5599622951588765,3.4995576091477156,834.4444444444445,0.5645833333333333,0.16927083333333334
13,117,0,33.132353315,35.640892888,19/07/2025,3,0.7410544652869746,0.697324112209142,1.1994496047680554,0.5596143343755864,3.1714616516090812,831.8888888888889,0.5208333333333334,0.18489583333333334
13,118,0,33.132173813,35.64083862,19/07/2025,3,0.7845979023499523,0.7309791619610029,1.2880210065295865,0.6058637905621249,3.783767171577025,789.8888888888889,0.4770833333333333,0.14409722222222224
13,119,0,33.131990313,35.640783327,19/07/2025,3,0.7989748186125,0.7512659225482979,1.2711107653456089,0.6210272981211613,4.818494793599889,765.8888888888889,0.35625,0.11197916666666669
13,120,0,33.131826442,35.640736202,19/07/2025,3,0.8121347990508434,0.7658086903861693,1.2794022838445303,0.6377381680271119,3.5968226336265317,740.8888888888889,0.5208333333333333,0.17708333333333331
13,121,0,33.131641782,35.640680672,19/07/2025,3,0.8145636743726217,0.769442838611269,1.2754526917150975,0.6498846337661779,3.9367722103366827,737.5555555555555,0.47500000000000003,0.13628472222222224
13,122,0,33.131449675,35.640623772,19/07/2025,3,0.8157866307880428,0.763656055806258,1.3215277716994227,0.6401926471436399,4.5587462305923765,745.4444444444445,0.42034313725490197,0.13020833333333334
13,123,1,33.131408412,35.640608335,19/07/2025,3,0.813732082178189,0.7595016325944128,1.3315342402268917,0.6357325955939302,4.3312693363517045,753.6666666666666,0.4323529411764706,0.1345486111111111
13,124,1,33.13123464,35.64055972,19/07/2025,3,0.8072604786137182,0.7591334939856599,1.2843243725848272,0.6349917098473608,3.152170691632976,743.1111111111111,0.5229166666666666,0.22395833333333331
13,126,0,33.131234403,35.640559448,19/07/2025,3,0.8072604786137182,0.7591334939856599,1.2843243725848272,0.6349917098473608,3.152170691632976,743.1111111111111,0.5229166666666666,0.22395833333333331
13,127,1,33.1311567,35.64053241,19/07/2025,3,0.8033354519152769,0.7579318383527146,1.2627998482460798,0.628918495842047,2.707518749639422,748.2222222222222,0.625,0.2708333333333333
13,128,0,33.130932527,35.640464422,19/07/2025,3,0.8062645979437768,0.7616595838960509,1.261453926908303,0.6309399061461997,3.4718226336265308,736.7777777777778,0.49166666666666664,0.19444444444444445
13,129,0,33.130743188,35.640411035,19/07/2025,3,0.8103061874082601,0.7623342727503606,1.287936305026809,0.6403945041695228,2.707518749639422,744.1111111111111,0.39999999999999997,0.2708333333333333
13,130,0,33.13049672,35.640334402,19/07/2025,3,0.7893878958928179,0.7448216469192813,1.2428718774852816,0.6104599167999613,4.802694271103766,766.6666666666666,0.3448529411764706,0.1267361111111111
13,131,0,33.1303069,35.640283857,19/07/2025,3,0.7885597905176992,0.7400253494061588,1.2639921202223126,0.6033842213979801,3.932024798310503,772.8888888888889,0.4624999999999999,0.15104166666666666
13,132,0,33.130053837,35.640208292,19/07/2025,3,0.7330686346203312,0.6984941685167194,1.1537631689670134,0.5527442962727822,4.802694271103769,811.2222222222222,0.23436075781664018,0.1267361111111111
13,133,0,33.130101927,35.639957122,19/07/2025,3,0.7954902643010904,0.7445156560284842,1.286004313933979,0.6233754124046168,3.162505605412089,754.3333333333334,0.4208333333333334,0.21180555555555558
13,134,0,33.130231498,35.639995658,19/07/2025,3,0.8109196892779874,0.7691244739360389,1.250499638646753,0.6412279925083555,3.9090372348154987,710.5555555555555,0.45208333333333334,0.16145833333333334
13,135,0,33.130332317,35.640030617,19/07/2025,3,0.813857881495685,0.7719741328129808,1.2541865701228014,0.6425768605764829,3.399804762194655,710.4444444444445,0.6270833333333333,0.1779513888888889
13,136,0,33.130466753,35.640065772,19/07/2025,3,0.8220804269879807,0.7769934804217115,1.2858196649939269,0.6520373731202579,0.7451475706431423,701.5555555555555,0.9270833333333334,0.7526041666666667
13,137,0,33.130606073,35.640108777,19/07/2025,3,0.8285668519709741,0.7838094948807813,1.2931556638699109,0.6595956703981509,2.9699118602854653,694.1111111111111,0.6583333333333333,0.2230902777777778
13,138,0,33.130799665,35.6401659,19/07/2025,3,0.8318591546660162,0.784745201351655,1.314209147887124,0.6674725831540378,0.7451475706431423,697.0,0.9270833333333334,0.7526041666666667
13,139,0,33.130924783,35.640202167,19/07/2025,3,0.8321802154080197,0.7882238085346539,1.2933228548368918,0.66560320441383,1.4353074058019706,685.1111111111111,0.84375,0.4887152777777778
13,140,0,33.131045668,35.640237885,19/07/2025,3,0.8293817198175129,0.7877640647107529,1.2760512350294937,0.6656973117388321,1.9933241319059891,684.4444444444445,0.7604166666666666,0.2873263888888889
13,141,0,33.13119875583578,35.640288385821016,19/07/2025,3,0.8266413774098944,0.7825636801814956,1.2863733275779572,0.6636270532116529,1.8279538356873366,696.3333333333334,0.78125,0.3862847222222222
13,142,0,33.13124230414125,35.63999318747336,19/07/2025,3,0.8207549338401667,0.7835232770775176,1.2333068960408058,0.6578999944523352,2.998547859822814,694.5555555555555,0.6270833333333332,0.17881944444444445
13,143,0,33.131103885,35.639938447,19/07/2025,3,0.805796134799825,0.7629863268994973,1.2503299129259289,0.6370872961398275,4.709147917027246,730.2222222222222,0.39117647058823535,0.15104166666666669
13,144,0,33.130836262,35.639859652,19/07/2025,3,0.8100433429787359,0.7757027781201836,1.2036392866339034,0.6479893000877254,2.68514304294886,702.1111111111111,0.65625,0.23524305555555555
13,145,0,33.13068126,35.639810557,19/07/2025,3,0.8189082195900399,0.7773251288653048,1.259603821639311,0.6510741607479457,2.561047859822814,706.1111111111111,0.7,0.22135416666666666
13,146,0,33.130489362,35.639749943,19/07/2025,3,0.8117623884856139,0.7707439114213988,1.2466057750190023,0.6432036190907497,2.254715752170299,720.2222222222222,0.7625,0.3706597222222222
13,149,0,33.130084953,35.639633447,19/07/2025,3,0.7770130886476299,0.7462215916362881,1.158677250450568,0.6077183949910773,3.7170907747498885,490.8888888888889,0.2708559786196521,0.14930555555555558
