image,Point_ID,Aleket_cnt,lat,long,date,Days_Before_Sample,ndvi,gndvi,green_red_ratio,ndre,entropy,green,homogeneity,asm
1,24,2,33.183340975,35.583649787,09/04/2025,57,0.31063806641284714,0.35468175672726976,0.9057206521080102,0.23634989858049593,3.3012383625258925,1431.0,0.5270833333333333,0.19791666666666669
1,25,2,33.183405773,35.58365562,09/04/2025,57,0.30635423977260356,0.35724372765935575,0.8920881226048033,0.2441205789279788,3.37945242024266,1415.2222222222222,0.48124999999999996,0.2013888888888889
1,26,2,33.18327882,35.583671265,09/04/2025,57,0.3276422624466758,0.3471875785659205,0.9568873992399565,0.23087060183742303,4.110161460266554,1449.6666666666667,0.5083333333333333,0.1762152777777778
1,27,1,33.183384408,35.583665087,09/04/2025,57,0.3080212695943407,0.3561853810133872,0.8973972525955164,0.23811855393757458,3.5334182436918935,1420.3333333333333,0.47916666666666663,0.19184027777777776
1,28,3,33.183421907,35.58366474,09/04/2025,57,0.3034883529029481,0.35903562477874895,0.8829138792647007,0.2450405169809147,3.1297949849424143,1407.888888888889,0.4208333333333333,0.18836805555555555
1,29,2,33.183413827,35.583749748,09/04/2025,57,0.31440491620359934,0.3587240346806989,0.9048842715981452,0.23665612197265917,2.869617063204555,1395.5555555555557,0.5520833333333334,0.23697916666666669
1,30,2,33.183419493,35.583754065,09/04/2025,57,0.3155658555237445,0.3606324375252561,0.9032549312140267,0.2396480621872495,3.5799868557726664,1390.6666666666667,0.4458333333333333,0.1423611111111111
1,31,2,33.183444822,35.583677362,09/04/2025,57,0.3034883529029481,0.35903562477874895,0.8829138792647007,0.2450405169809147,3.1297949849424143,1407.888888888889,0.4208333333333333,0.18836805555555555
1,32,2,33.183444093,35.5836959,09/04/2025,57,0.3032443750693282,0.3608533844203271,0.8786468426157481,0.24249856004500772,1.9249935493429025,1403.6666666666667,0.6666666666666666,0.3315972222222222
1,33,1,33.183472188,35.583696302,09/04/2025,57,0.30452300221191947,0.3648061196568114,0.8730922795151871,0.24015809208407093,2.2845300583088024,1389.4444444444443,0.6270833333333333,0.3046875
1,34,2,33.183494078,35.583708643,09/04/2025,57,0.31009446624381787,0.37058890802512257,0.8721111197472289,0.243320795861753,3.0096897960373594,1377.0,0.59375,0.19270833333333334
1,35,1,33.18349499,35.58372554,09/04/2025,57,0.3175193171960878,0.37536312911224007,0.8768495085272607,0.2423489333659239,3.6715263787562824,1364.7777777777778,0.5020833333333333,0.1640625
1,36,2,33.18354211,35.583753632,09/04/2025,57,0.3264416215683621,0.3754501209672339,0.8943177065666755,0.24163583854609114,2.6518264392385364,1357.6666666666667,0.5395833333333333,0.2612847222222222
1,38,2,33.183654748,35.58379738,09/04/2025,57,0.3440106293618254,0.38252490979434217,0.9151094219127489,0.26348896130000793,3.951219991868833,1346.7777777777778,0.44325980392156866,0.1440972222222222
1,39,2,33.183649103,35.58381395,09/04/2025,57,0.3440106293618254,0.38252490979434217,0.9151094219127489,0.26348896130000793,3.951219991868833,1346.7777777777778,0.44325980392156866,0.1440972222222222
1,40,3,33.18357413,35.58384302,09/04/2025,57,0.3453715156416873,0.3827927203095586,0.9174356907603668,0.26396640140185335,3.416762433084442,1346.888888888889,0.5729166666666667,0.16579861111111113
1,41,2,33.183568927,35.583857708,09/04/2025,57,0.3528197255135501,0.39023385926280274,0.9168976838182954,0.2723476061627983,2.061303984200316,1327.4444444444443,0.71875,0.3315972222222222
1,42,2,33.183667175,35.583826202,09/04/2025,57,0.35065274938645435,0.3943403498851217,0.903461538868911,0.2736598154963616,4.433281772856699,1325.3333333333333,0.3698529411764706,0.12239583333333333
1,43,3,33.183643803,35.583878668,09/04/2025,57,0.35729854501805,0.39637007635839977,0.9129537688215188,0.27375202824013983,3.688926440498354,1327.3333333333333,0.545343137254902,0.16319444444444445
1,44,3,33.183628637,35.583893978,09/04/2025,57,0.3613859351084752,0.39609781192840376,0.9221442595625423,0.27764247738707726,2.5432405062337864,1323.3333333333333,0.70625,0.22135416666666669
1,45,2,33.183695452,35.583847187,09/04/2025,57,0.34832090860196907,0.39826200029360537,0.8904155915147953,0.2819521236317431,4.194192246361824,1317.2222222222222,0.44375000000000003,0.1371527777777778
1,46,2,33.183724567,35.583858615,09/04/2025,57,0.34259997942996867,0.3943022905057377,0.8872095368128436,0.2790150010024609,3.97897703427341,1320.111111111111,0.47620841995841995,0.13975694444444445
1,47,2,33.183762173,35.583879683,09/04/2025,57,0.336402021795012,0.387810651991398,0.8883941427289033,0.2709632919385712,3.2500957664177754,1332.0,0.5208333333333334,0.16927083333333334
1,48,2,33.183774913,35.583871242,09/04/2025,57,0.3427954502891526,0.39218460939264405,0.8920914665567731,0.2718715422931466,3.857157547405643,1338.111111111111,0.41041666666666665,0.1701388888888889
1,49,3,33.183808437,35.583891458,09/04/2025,57,0.34472247069984796,0.3948906677767454,0.890307110126462,0.2698505728081797,3.97897703427341,1331.0,0.44742647058823526,0.13975694444444445
1,50,2,33.183801752,35.583902875,09/04/2025,57,0.34472247069984796,0.3948906677767454,0.890307110126462,0.2698505728081797,3.97897703427341,1331.0,0.44742647058823526,0.13975694444444445
1,51,3,33.183722155,35.58393322,09/04/2025,57,0.35194896293139943,0.4000484575181681,0.8939854509908193,0.27807930771025746,4.431739399499471,1323.4444444444443,0.38861236802413274,0.11892361111111113
1,52,1,33.183709945,35.583942073,09/04/2025,57,0.3581201099285398,0.40579171192085317,0.8943611062265612,0.28763049004543234,4.265072732832804,1315.3333333333333,0.3511123680241327,0.13802083333333334
1,53,1,33.183981722,35.583981352,09/04/2025,57,0.3652436030327495,0.4128603932115674,0.8940403982358573,0.28246814530634895,3.791086276072115,1270.3333333333333,0.4790441176470588,0.13020833333333334
1,54,3,33.183869465,35.584019592,09/04/2025,57,0.374948351315373,0.4263020255909145,0.8848079825949232,0.2979389213440172,3.4412186704022933,1264.5555555555557,0.4229166666666667,0.14756944444444448
1,55,3,33.18386289,35.584035335,09/04/2025,57,0.374948351315373,0.4263020255909145,0.8848079825949232,0.2979389213440172,3.4412186704022933,1264.5555555555557,0.4229166666666667,0.14756944444444448
1,56,2,33.184009975,35.584101383,09/04/2025,57,0.38052016246247616,0.42505739938000736,0.899280532926197,0.2909773762245721,3.6212462305923774,1222.111111111111,0.40980392156862744,0.1657986111111111
1,57,2,33.184005553,35.584117157,09/04/2025,57,0.38371859289517457,0.42285440554091314,0.9110271084127055,0.2930617120500254,3.6280996792786877,1222.5555555555557,0.5732843137254902,0.19270833333333334
1,58,2,33.184166042,35.584213185,09/04/2025,57,0.37559258435962917,0.4146073237919368,0.9117348946017189,0.2764971361492356,3.3508456951388417,1223.7777777777778,0.5541666666666667,0.17274305555555555
1,59,2,33.184327513,35.58428952,09/04/2025,57,0.35786882441166507,0.39178916451578394,0.9241414152555671,0.2448529348509706,3.238598171007265,1228.5555555555557,0.5636029411764706,0.1831597222222222
1,60,2,33.18431891,35.58430637,09/04/2025,57,0.3488604594098161,0.38676489269520226,0.9161373091959594,0.24422263816979012,4.149414003993359,1227.4444444444443,0.28639705882352945,0.12586805555555558
1,61,2,33.184473012,35.584400473,09/04/2025,57,0.34840970939988636,0.41224175905065796,0.8616862479495792,0.24796260146701332,3.3508456951388417,1199.888888888889,0.5541666666666667,0.17274305555555558
1,62,1,33.184480155,35.584383128,09/04/2025,57,0.3490656035282105,0.406230814203673,0.8752629936980073,0.2417092122627605,3.330403120006803,1221.4444444444443,0.5458333333333334,0.17708333333333334
1,63,1,33.18447918,35.584382615,09/04/2025,57,0.3490656035282105,0.406230814203673,0.8752629936980073,0.2417092122627605,3.330403120006803,1221.4444444444443,0.5458333333333334,0.17708333333333334
1,64,1,33.184649032,35.584476263,09/04/2025,57,0.3396638733654135,0.41595155474010465,0.8368965961503304,0.25751640045387364,3.9070083368391986,1195.0,0.5083333333333333,0.1796875
1,65,2,33.18478571,35.584588918,09/04/2025,57,0.3187056511079312,0.3912985783748346,0.8468872454847043,0.23515862582925984,4.577572732832805,1187.4444444444443,0.3163838612368024,0.11111111111111113
1,66,2,33.18495201,35.584663277,09/04/2025,57,0.30008012830522357,0.357206021152724,0.8803768382226974,0.2508046843606356,4.102303795493077,1292.4444444444443,0.34620098039215685,0.16319444444444445
1,67,2,33.184944048,35.584676168,09/04/2025,57,0.30008012830522357,0.357206021152724,0.8803768382226974,0.2508046843606356,4.102303795493077,1292.4444444444443,0.34620098039215685,0.16319444444444445
1,68,3,33.185211112,35.58473142,09/04/2025,57,,,,,,,,
1,69,1,33.185209163,35.584748317,09/04/2025,57,0.36654137135672776,0.4422796163341834,0.8343657905637848,0.31558295675024417,3.731131264435082,1226.888888888889,0.5020833333333333,0.1371527777777778
1,70,2,33.18522875,35.584785562,09/04/2025,57,,,,,,,,
1,71,2,33.18496718,35.584720162,09/04/2025,57,0.28694007546923855,0.37509063213994076,0.8211911547623897,0.2637259498491149,2.8858414111932924,1254.3333333333333,0.5791666666666667,0.20659722222222224
1,72,1,33.184955002,35.584735952,09/04/2025,57,0.3045754902764017,0.38382859255107127,0.8354882991460276,0.27559625256606307,3.2165395229836156,1232.6666666666667,0.5332107843137255,0.18315972222222224
1,73,3,33.184811513,35.584631455,09/04/2025,57,0.30598883318213393,0.380933074645841,0.8436165685571093,0.2316703689099244,4.000640286873214,1191.2222222222222,0.40240384615384617,0.17274305555555555
1,74,1,33.184646417,35.584570203,09/04/2025,57,0.35228561839334144,0.41823489558314764,0.8565851171115513,0.26208206230832876,2.4652770151996863,1175.111111111111,0.6229166666666668,0.2925347222222222
1,75,1,33.18451505,35.584449657,09/04/2025,57,0.34090102722928006,0.41756374088200965,0.8361280042450512,0.24836761434703547,3.3858533076164026,1173.6666666666667,0.61875,0.19010416666666669
1,76,1,33.184371233,35.584291258,09/04/2025,57,0.36127590786483504,0.39494186370930123,0.9244654268859522,0.2417214063224989,1.3642943420934954,1231.0,0.8020833333333333,0.4609375
1,77,2,33.184355772,35.584358753,09/04/2025,57,0.36448099028952025,0.39741872684336876,0.9259755012687505,0.25134551742759725,1.9249935493429022,1217.7777777777778,0.7916666666666666,0.3315972222222222
1,78,3,33.184205282,35.584266892,09/04/2025,57,0.37213422082880526,0.41182026080470063,0.9105499302617055,0.2622180928692695,2.926225597280921,1220.888888888889,0.525,0.2265625
1,79,2,33.184194715,35.584289723,09/04/2025,57,0.3722196259733759,0.4138086686516081,0.9063136921292594,0.259007390776546,2.36580612790821,1216.4444444444443,0.6666666666666666,0.3524305555555555
1,80,3,33.184060657,35.584179655,09/04/2025,57,0.3866541445284701,0.42086831400486546,0.9215542180201308,0.28425692243920664,3.1297949849424147,1219.5555555555557,0.6041666666666666,0.18836805555555555
1,81,2,33.183877972,35.58398514,09/04/2025,57,0.3663826476252059,0.4133403035113556,0.8951614532006078,0.2881890110520761,4.22843887700335,1281.4444444444443,0.41666666666666663,0.13802083333333334
1,82,2,33.183755828,35.583902455,09/04/2025,57,0.3392187597167133,0.3890387203434383,0.8914659999380454,0.2705568724533012,2.9912003252589536,1334.3333333333333,0.5541666666666667,0.2048611111111111
1,83,3,33.183739807,35.583988108,09/04/2025,57,0.363680599505403,0.4144067077431382,0.8873566706919809,0.2874945663169173,3.150131621259525,1285.2222222222222,0.6125,0.1814236111111111
1,84,3,33.183786553,35.584016998,09/04/2025,57,0.37421711304815675,0.42723631975652293,0.8813669746191375,0.300140594465829,3.1380647036667964,1262.888888888889,0.65,0.21180555555555555
1,85,3,33.183785112,35.584018663,09/04/2025,57,0.37421711304815675,0.42723631975652293,0.8813669746191375,0.300140594465829,3.1380647036667964,1262.888888888889,0.65,0.21180555555555555
1,86,1,33.183586345,35.583825855,09/04/2025,57,0.350136103824956,0.3837007016121221,0.9253699169755107,0.2672108174294771,2.7149869772292354,1353.7777777777778,0.7083333333333334,0.2612847222222222
1,87,1,33.183594508,35.583804277,09/04/2025,57,0.34312594133719937,0.37992708052199115,0.9189066821235987,0.2653377397837846,2.9133456951388417,1367.7777777777778,0.6270833333333332,0.2152777777777778
1,88,3,33.183627737,35.583942933,09/04/2025,57,0.36075699517279713,0.40041654235253277,0.9115266492897128,0.289424720545032,3.4449783999869656,1310.6666666666667,0.59375,0.16666666666666666
1,89,3,33.183634738,35.58392777,09/04/2025,57,0.3613441986353392,0.40480679100487027,0.9032516720347515,0.29631212765301346,3.600845695138842,1310.4444444444443,0.4979166666666668,0.1623263888888889
1,90,2,33.183489682,35.58384219,09/04/2025,57,0.33698379818825974,0.38049327718241976,0.9050114518940734,0.2550004802691669,3.2713880242490543,1328.6666666666667,0.5249999999999999,0.2152777777777778
1,91,2,33.183483287,35.58385752,09/04/2025,57,0.34735950727221543,0.38808814529327335,0.9100929747857965,0.26315685070089506,3.442009586131382,1313.5555555555557,0.5145833333333334,0.17274305555555558
1,92,1,33.183333755,35.5837481,09/04/2025,57,0.3270941430565768,0.36221818793389754,0.9235239362293552,0.23805924546807752,2.307180590341786,1385.5555555555557,0.71875,0.2647569444444445
1,93,1,33.182895612,35.583563345,09/04/2025,57,0.3472925758380175,0.33177138316138427,1.0357629497816638,0.23973071669435375,3.3304031200068036,976.7777777777778,0.4396512977721116,0.17708333333333334
1,94,1,33.18283631,35.583630807,09/04/2025,57,0.36968576385605706,0.3596752002267802,1.023359916929232,0.269345210883829,4.434153522439333,956.1111111111111,0.24486781811428515,0.1328125
1,95,3,33.183369293,35.583825388,09/04/2025,57,0.32533417369563794,0.37214145141442756,0.8988833454357054,0.2383162228103918,4.349467448142027,1332.0,0.38492647058823537,0.12239583333333334
1,96,3,33.183387877,35.583818468,09/04/2025,57,0.32533417369563794,0.37214145141442756,0.8988833454357054,0.2383162228103918,4.349467448142027,1332.0,0.38492647058823537,0.12239583333333334
1,98,2,33.183438402,35.583861482,09/04/2025,57,0.3426515540899724,0.38982388320611616,0.8967642654399471,0.2576998972519682,3.4619140039933596,1295.111111111111,0.5833333333333334,0.171875
1,99,3,33.183423548,35.583878907,09/04/2025,57,0.35119580121938143,0.40049820089195914,0.8915603678385143,0.26125233459328223,2.4308241319059887,1272.3333333333333,0.6437499999999999,0.24479166666666666
1,100,3,33.183427477,35.583948513,09/04/2025,57,0.361580158800249,0.4130033308977252,0.8861000785680954,0.2857312240786294,3.0047949849424147,1259.3333333333333,0.625,0.20572916666666669
1,101,2,33.183420537,35.583963707,09/04/2025,57,0.361580158800249,0.4130033308977252,0.8861000785680954,0.2857312240786294,3.0047949849424147,1259.3333333333333,0.625,0.20572916666666669
1,102,3,33.183504205,35.583903558,09/04/2025,57,0.3580994407646394,0.39703175344186975,0.9132026779810154,0.2777916982107217,1.6835024445205309,1301.888888888889,0.8125,0.4201388888888889
1,103,3,33.183598177,35.583956563,09/04/2025,57,0.36528072660524047,0.41058820958098896,0.8987639028322989,0.3002073472886777,3.2913966014913245,1288.3333333333333,0.513429945782887,0.23177083333333331
1,104,3,33.183591233,35.583973528,09/04/2025,57,0.36528072660524047,0.41058820958098896,0.8987639028322989,0.3002073472886777,3.2913966014913245,1288.3333333333333,0.513429945782887,0.23177083333333331
1,105,3,33.183597428,35.584040553,09/04/2025,57,0.3961992489529125,0.4504532412339346,0.8762635620188788,0.32787869614705367,2.407472794574877,1231.4444444444443,0.6958333333333333,0.33333333333333326
1,106,2,33.18359093,35.584060073,09/04/2025,57,0.3961992489529125,0.4504532412339346,0.8762635620188788,0.32787869614705367,2.407472794574877,1231.4444444444443,0.6958333333333333,0.33333333333333326
1,107,3,33.183776647,35.584063913,09/04/2025,57,0.38440587505931817,0.4339759783044015,0.8878525545779138,0.30983219643733517,2.5738496345702995,1249.2222222222222,0.6791666666666667,0.21788194444444448
1,108,3,33.183783543,35.58408049,09/04/2025,57,0.39290986602834727,0.4399983998101054,0.8923987397271325,0.31613554388855836,2.534132938858998,1230.5555555555557,0.6270833333333333,0.23784722222222227
1,109,3,33.183765335,35.584140815,09/04/2025,57,0.3992845450234258,0.44564131444194527,0.89338893478652,0.31526570315913277,3.3923649627367434,1206.111111111111,0.5854166666666667,0.16927083333333337
1,110,3,33.183755443,35.584155257,09/04/2025,57,0.4126075855118157,0.45061828367352635,0.9114852415445179,0.31605648743670345,2.837321295840315,1185.6666666666667,0.5354166666666667,0.1970486111111111
1,111,3,33.183950983,35.584164983,09/04/2025,57,0.4005056195536291,0.4388721438083395,0.9111579833675252,0.31453756117919324,3.5294468148305715,1215.2222222222222,0.4520833333333334,0.14322916666666666
1,112,1,33.183954938,35.58417649,09/04/2025,57,0.4005056195536291,0.4388721438083395,0.9111579833675252,0.31453756117919324,3.5294468148305715,1215.2222222222222,0.4520833333333334,0.14322916666666666
1,113,2,33.183916327,35.584230625,09/04/2025,57,0.42597912018270645,0.4532602354042284,0.9346043970695863,0.3286625064161793,2.7917624330844424,1187.2222222222222,0.6229166666666667,0.23350694444444448
1,114,2,33.1839172,35.584225688,09/04/2025,57,0.42597912018270645,0.4532602354042284,0.9346043970695863,0.3286625064161793,2.7917624330844424,1187.2222222222222,0.6229166666666667,0.23350694444444448
1,115,2,33.18391148,35.584239988,09/04/2025,57,0.42597912018270645,0.4532602354042284,0.9346043970695863,0.3286625064161793,2.7917624330844424,1187.2222222222222,0.6229166666666667,0.23350694444444448
1,116,3,33.184136002,35.584262307,09/04/2025,57,0.3852413035185116,0.4249314410843127,0.9094888055657565,0.27709639343680925,3.125840089726753,1210.6666666666667,0.5270833333333333,0.21875
1,117,2,33.184130995,35.584280417,09/04/2025,57,0.38710938939907513,0.4259034190395675,0.9112935314476677,0.2826063174885775,3.6699840053990544,1204.2222222222222,0.48958333333333337,0.15190972222222224
1,118,3,33.184066582,35.584331512,09/04/2025,57,0.3987499955870163,0.4388136013672165,0.9074308262040793,0.29452786570776324,3.5041188279300868,1183.4444444444443,0.51875,0.1527777777777778
1,119,2,33.184074793,35.584313375,09/04/2025,57,0.3987499955870163,0.4388136013672165,0.9074308262040793,0.29452786570776324,3.5041188279300868,1183.4444444444443,0.51875,0.1527777777777778
1,120,2,33.184297098,35.584346217,09/04/2025,57,0.3507816401807986,0.39488450428457306,0.9026265533904875,0.2544650328711106,4.804585169337799,1217.2222222222222,0.2513103318250377,0.11111111111111112
1,121,1,33.184274322,35.58437223,09/04/2025,57,0.3620303308210651,0.4077228350846714,0.898372419632094,0.2656946872342214,4.246393629661143,1207.111111111111,0.41862745098039217,0.12239583333333334
1,122,2,33.184213238,35.584408378,09/04/2025,57,0.37579249599483244,0.41418137043158076,0.9137138345117553,0.28233755497542296,3.4152145264894815,1197.111111111111,0.4724264705882353,0.16493055555555555
1,123,3,33.184208257,35.584427553,09/04/2025,57,0.39185230226590245,0.4217204780613362,0.9313261942829324,0.2983044740852922,4.473406066166137,1197.4444444444443,0.2990196078431372,0.1154513888888889
1,124,3,33.184454693,35.584458557,09/04/2025,57,0.3486644715438231,0.41271989607212917,0.8609574293972868,0.2592830419830875,3.3508201891059994,1177.2222222222222,0.5520833333333334,0.18142361111111113
1,125,3,33.18445595,35.584484998,09/04/2025,57,0.355219251354737,0.4136579220148066,0.8718974796573806,0.2698127627364741,3.118584111297435,1180.4444444444443,0.6145833333333334,0.1918402777777778
1,126,3,33.184368415,35.584504552,09/04/2025,57,0.3804811128074357,0.4189318935395625,0.9128324484048408,0.3009281743300371,3.479387765269814,1183.7777777777778,0.55625,0.1840277777777778
1,127,2,33.18436111,35.584522137,09/04/2025,57,0.39436110091415455,0.43147730336840323,0.9145783521636461,0.3181016886783983,4.611033209849188,1174.888888888889,0.31983587093881216,0.12239583333333334
1,128,2,33.184637052,35.584566185,09/04/2025,57,0.3590927226878662,0.4203569526495146,0.8654816307181723,0.2655287853293773,3.397797931101749,1176.5555555555557,0.5687500000000001,0.1701388888888889
1,129,2,33.184510735,35.584579917,09/04/2025,57,0.35875768168362965,0.4213715916786904,0.8629161271959606,0.27083527564332605,4.06433373234531,1166.2222222222222,0.3311274509803922,0.14149305555555555
1,130,2,33.18450292,35.584604105,09/04/2025,57,0.3686285914784783,0.42213896698882525,0.8813999706304051,0.28250559919331564,3.825829233667537,1168.111111111111,0.333433257918552,0.15625
1,131,2,33.184800562,35.584671052,09/04/2025,57,0.320417268136397,0.39735904364670005,0.8380337937701482,0.24926860011765425,4.85498125036058,1174.4444444444443,0.2613593514328808,0.12760416666666669
1,132,2,33.184661677,35.584694635,09/04/2025,57,0.36973446252161823,0.4332035082659435,0.8596359697613429,0.3042344428333113,4.366213419755166,1160.2222222222222,0.33267345399698345,0.12239583333333334
1,133,3,33.184672565,35.58468571,09/04/2025,57,0.362562472544272,0.4284218045781886,0.8554420142651723,0.2981587967322494,3.784886917514739,1166.4444444444443,0.439093137254902,0.1527777777777778
1,134,3,33.184962885,35.584768473,09/04/2025,57,0.3129118983554189,0.3984239902448288,0.8220762176043854,0.2862286715224372,3.575418502671133,1205.4444444444443,0.5604166666666668,0.18315972222222224
1,135,2,33.18495426,35.584782515,09/04/2025,57,0.3129118983554189,0.3984239902448288,0.8220762176043854,0.2862286715224372,3.575418502671133,1205.4444444444443,0.5604166666666668,0.18315972222222224
1,136,3,33.184809337,35.58478054,09/04/2025,57,0.339629794413705,0.4119719998523772,0.8448447477391601,0.2819303703150282,4.823527604437102,1175.0,0.3027055052790347,0.11892361111111113
1,137,2,33.184817277,35.584764663,09/04/2025,57,0.339629794413705,0.4119719998523772,0.8448447477391601,0.2819303703150282,4.823527604437102,1175.0,0.3027055052790347,0.11892361111111113
1,138,3,33.184953912,35.584845518,09/04/2025,57,0.3380056176741967,0.4405788680101785,0.7852342137526804,0.2988292978909801,3.8346860742973052,1135.5555555555557,0.4223039215686275,0.15972222222222224
1,139,3,33.184956517,35.584875627,09/04/2025,57,0.36500589911100834,0.45908682174373294,0.7986520369098473,0.3145960747988334,4.3865657617071605,1112.6666666666667,0.39534313725490194,0.13020833333333334
1,140,1,33.185109998,35.584940212,09/04/2025,57,0.44520806681963165,0.5149129793565245,0.8342612522630807,0.4199691431812659,3.8346860742973052,1141.2222222222222,0.35800339366515843,0.15972222222222224
1,141,2,33.18506981,35.584887362,09/04/2025,57,0.4250254098839168,0.5024792784177771,0.8207170492595033,0.38499344777664374,5.0901998765158565,1131.888888888889,0.19800894786188902,0.10416666666666669
1,142,3,33.185051092,35.584958315,09/04/2025,57,0.45270683379170423,0.5228420421891221,0.8318317288590039,0.41535661829431286,4.4193721485946105,748.8888888888889,0.2106593096542237,0.1284722222222222
1,143,2,33.185046362,35.584976137,09/04/2025,57,0.45270683379170423,0.5228420421891221,0.8318317288590039,0.41535661829431286,4.4193721485946105,748.8888888888889,0.2106593096542237,0.1284722222222222
1,144,2,33.184892468,35.58479606,09/04/2025,57,0.33148785497989713,0.4221109508948073,0.8094570552415726,0.2816973815523507,3.899340304458977,1155.111111111111,0.4833333333333334,0.1527777777777778
1,145,2,33.18488005,35.584867878,09/04/2025,57,0.3825513184756138,0.46529679849063066,0.8172870457115331,0.3218149235538695,4.490341670172533,1099.0,0.3265803982715747,0.1189236111111111
1,146,2,33.184868562,35.584886468,09/04/2025,57,0.4203737414477685,0.49051298325771037,0.8391496375351326,0.3494260843542247,5.063314583693912,1070.888888888889,0.17514613788824693,0.11197916666666669
1,147,2,33.184792922,35.58475537,09/04/2025,57,0.3482990185608694,0.41688087357937836,0.8514225750354298,0.2792165786625389,4.846251836004467,1168.5555555555557,0.23549819615996082,0.1076388888888889
1,148,2,33.184740833,35.584687648,09/04/2025,57,0.338574528270085,0.4020918873048323,0.86302200543525,0.2651059358472099,4.819366543182523,1186.4444444444443,0.2626149056296115,0.1154513888888889
1,149,2,33.18456058,35.584584838,09/04/2025,57,0.3551512780610204,0.42167362369884615,0.8549066598080063,0.2713016094139159,3.580884111388142,1149.5555555555557,0.41666666666666663,0.16145833333333331
1,150,2,33.184565495,35.584601172,09/04/2025,57,0.3575379325759857,0.4229388529554001,0.8570187464654379,0.27075839088192744,3.5968226336265308,1149.0,0.44791666666666663,0.17708333333333331
1,151,3,33.18457413,35.584677877,09/04/2025,57,0.37624873996072833,0.4358131580790076,0.8671223702109583,0.29391434773561725,5.048533209849189,1151.111111111111,0.24798122783416904,0.10763888888888891
1,152,2,33.184566543,35.584694765,09/04/2025,57,0.4044887808318698,0.4594603702949179,0.8735185376145744,0.31917082523298546,5.0901998765158565,1136.7777777777778,0.2100603318250377,0.10416666666666669
1,153,2,33.184422298,35.584509087,09/04/2025,57,0.3602434000216723,0.41446780072031086,0.8803123965704324,0.2802499383440191,2.6186779753360474,1182.0,0.66875,0.2578125
1,154,2,33.184413273,35.58452042,09/04/2025,57,0.37407982595736455,0.4232143099391531,0.88983844962688,0.29870984280833335,3.0311835807481358,1177.7777777777778,0.5894607843137254,0.23177083333333331
1,155,2,33.184388993,35.584571983,09/04/2025,57,0.40331416159647226,0.4439708687253698,0.9057980592684406,0.32886945079321644,5.0485332098491895,1165.0,0.2121435632465044,0.10763888888888891
1,156,3,33.184383627,35.584586525,09/04/2025,57,0.4289308049657847,0.46842422712272874,0.9059263516262737,0.3472769933241554,5.292481250360577,1139.5555555555557,0.20961538461538462,0.10416666666666669
1,157,1,33.184253348,35.584405278,09/04/2025,57,0.36733300040715855,0.417898937537077,0.88731818866249,0.27935136494066914,3.7058841113881424,1185.5555555555557,0.4708333333333333,0.1527777777777778
1,158,1,33.184250652,35.584426318,09/04/2025,57,0.37870910423003873,0.42400998002512075,0.8977519038494665,0.289014448400469,3.9016956604286874,1178.7777777777778,0.4104166666666667,0.12239583333333334
1,159,2,33.184233367,35.584476795,09/04/2025,57,0.42595193621050426,0.45941999476074424,0.9199928730459287,0.33650953469419953,4.759892522926829,1160.888888888889,0.20453293418680796,0.11197916666666669
1,160,2,33.18409682,35.584305142,09/04/2025,57,0.3929164635596829,0.4312921874412219,0.9117632171394701,0.29413418701372285,2.898685016256941,1198.2222222222222,0.46041666666666664,0.20572916666666669
1,161,2,33.184088425,35.584310077,09/04/2025,57,0.3929164635596829,0.4312921874412219,0.9117632171394701,0.29413418701372285,2.898685016256941,1198.2222222222222,0.46041666666666664,0.20572916666666669
1,162,2,33.184067373,35.584387057,09/04/2025,57,0.42564736982455864,0.45828692991005127,0.9227044178650102,0.3339710594599143,4.110161460266554,1171.4444444444443,0.38098227752639513,0.1762152777777778
1,163,2,33.184074752,35.584373145,09/04/2025,57,0.4066450801871139,0.4458942785364248,0.9087442917114357,0.30293496437748385,3.8551121157836827,1178.6666666666667,0.46073717948717946,0.140625
1,164,2,33.183933948,35.584193735,09/04/2025,57,0.417672408627119,0.44733496124272215,0.929757900136339,0.3241371717196862,3.25579206671042,1206.111111111111,0.5458333333333334,0.19010416666666669
1,165,3,33.183923218,35.584281862,09/04/2025,57,0.42914527606188646,0.460696377684013,0.9245979171935228,0.3407263862567482,3.4584290997511093,1182.7777777777778,0.4708333333333333,0.1623263888888889
1,166,3,33.183761742,35.584100012,09/04/2025,57,0.39428548886153286,0.43956381026359964,0.8963585066353955,0.32044625273995614,3.05667846521006,1229.3333333333333,0.5854166666666667,0.18663194444444448
1,167,3,33.1837652,35.584187033,09/04/2025,57,0.4203586310401015,0.4575871904915021,0.9122957383799108,0.327109363587336,3.7604306801968876,1181.5555555555557,0.4477564102564102,0.1362847222222222
1,168,3,33.183758943,35.584205178,09/04/2025,57,0.4566626024349665,0.4786538303026945,0.9457683844614517,0.36209615407161644,4.40310716836281,1164.3333333333333,0.16588046757164404,0.11805555555555557
1,169,3,33.183604362,35.584014462,09/04/2025,57,0.3833551365983155,0.4393136344361481,0.8739603674258531,0.3148597656669186,3.6894227674522515,1242.3333333333333,0.5875,0.18315972222222224
1,170,1,33.183600267,35.584025297,09/04/2025,57,0.38692494835704494,0.44349874322448773,0.8721531873911152,0.3199629219245719,2.9005960789952026,1240.7777777777778,0.6666666666666666,0.2621527777777778
1,171,3,33.183614987,35.58410624,09/04/2025,57,0.41803046145098494,0.46398911554486033,0.8924711807895953,0.3417412745404931,4.611033209849188,1201.2222222222222,0.2840026395173454,0.1310763888888889
1,172,3,33.183607487,35.584123942,09/04/2025,57,0.41803046145098494,0.46398911554486033,0.8924711807895953,0.3417412745404931,4.611033209849188,1201.2222222222222,0.2840026395173454,0.1310763888888889
1,173,3,33.18343705,35.583901803,09/04/2025,57,0.35119580121938143,0.40049820089195914,0.8915603678385143,0.26125233459328223,2.4308241319059887,1272.3333333333333,0.6437499999999999,0.24479166666666666
1,174,2,33.183429673,35.583919888,09/04/2025,57,0.3558144003083197,0.4085822547809641,0.8837494952174113,0.2719316174258203,2.5743440261990314,1259.0,0.6875,0.24479166666666669
1,175,3,33.183425703,35.58397777,09/04/2025,57,0.3761024485184177,0.42372742407109704,0.8930315809110501,0.30903395011979007,3.89882421407231,1253.7777777777778,0.3727564102564102,0.15104166666666666
1,176,3,33.183419873,35.583999983,09/04/2025,57,0.3761024485184177,0.42372742407109704,0.8930315809110501,0.30903395011979007,3.89882421407231,1253.7777777777778,0.3727564102564102,0.15104166666666666
2,24,2,33.183340975,35.583649787,13/04/2025,53,0.2074890811734776,0.22326142710086735,0.9675387669332931,0.17386543640966579,4.5443721485946105,2272.8888888888887,0.2737967738182946,0.1267361111111111
2,25,2,33.183405773,35.58365562,13/04/2025,53,0.19534033561300607,0.21497209233539077,0.9601606481140953,0.16264182292440513,4.263329233667537,2239.8888888888887,0.3631359300476948,0.11892361111111112
2,26,2,33.18327882,35.583671265,13/04/2025,53,0.21388679386275453,0.23031710553128967,0.9660334062328333,0.1794757280934671,4.8045851693378,2297.8888888888887,0.18269612317316763,0.11111111111111113
2,27,1,33.183384408,35.583665087,13/04/2025,53,0.20505281144280138,0.2190390629413592,0.9712514687382993,0.16949306979739406,4.4486750035058655,2260.3333333333335,0.3108065777398632,0.12239583333333334
2,28,3,33.183421907,35.58366474,13/04/2025,53,0.1997159370772897,0.22234159434018755,0.9540406401907495,0.16747684997193893,3.8853032539232313,2200.1111111111113,0.45416666666666666,0.14583333333333334
2,29,2,33.183413827,35.583749748,13/04/2025,53,0.22287246776383787,0.23549692675375722,0.9737385370134207,0.17538477044893694,4.804585169337801,2104.8888888888887,0.1741105641840936,0.11111111111111112
2,30,2,33.183419493,35.583754065,13/04/2025,53,0.22466887556673043,0.23575837290687726,0.9768645642840139,0.1783107389300428,4.763589126445728,2092.8888888888887,0.26641392523745466,0.11458333333333334
2,31,2,33.183444822,35.583677362,13/04/2025,53,0.1997159370772897,0.22234159434018755,0.9540406401907495,0.16747684997193893,3.8853032539232313,2200.1111111111113,0.45416666666666666,0.14583333333333334
2,32,2,33.183444093,35.5836959,13/04/2025,53,0.2082327148766259,0.2227610129828664,0.9702920198175742,0.1681981933687335,4.3049959003342035,2187.222222222222,0.3430995475113122,0.1154513888888889
2,33,1,33.183472188,35.583696302,13/04/2025,53,0.2065916394063355,0.22312765994368627,0.9661765485749522,0.16921620184858252,4.574546753088499,2130.222222222222,0.2988466124495536,0.11545138888888891
2,34,2,33.183494078,35.583708643,13/04/2025,53,0.2082220830344009,0.23006633718008088,0.9554458205722204,0.17630858545079786,4.603846168850306,2039.2222222222222,0.19546293465411113,0.11458333333333334
2,35,1,33.18349499,35.58372554,13/04/2025,53,0.21169257701608976,0.23255521534602966,0.9573279092966422,0.1732421485456642,4.846251836004467,2022.6666666666667,0.21176139374668781,0.1076388888888889
2,36,2,33.18354211,35.583753632,13/04/2025,53,0.20685203658163,0.2455534572553143,0.9217991176892729,0.178546856600714,4.750814583693913,1825.2222222222222,0.23557315233785822,0.11805555555555555
2,38,2,33.183654748,35.58379738,13/04/2025,53,0.22026271128095926,0.25688120167206685,0.9255901846555101,0.19837161466207828,3.3539770342734103,1711.6666666666667,0.53125,0.19357638888888884
2,39,2,33.183649103,35.58381395,13/04/2025,53,0.22026271128095926,0.25688120167206685,0.9255901846555101,0.19837161466207828,3.3539770342734103,1711.6666666666667,0.53125,0.19357638888888884
2,40,3,33.18357413,35.58384302,13/04/2025,53,0.22566933000605516,0.2628487056347399,0.9243476201398112,0.193432484502311,3.5754185026711327,1765.888888888889,0.4118872549019608,0.1831597222222222
2,41,2,33.183568927,35.583857708,13/04/2025,53,0.23445461947062954,0.2679569343129204,0.9314021350988843,0.1982599178832291,3.9610388152612774,1734.6666666666667,0.3893005279034691,0.1579861111111111
2,42,2,33.183667175,35.583826202,13/04/2025,53,0.22959504653635834,0.2536979932710237,0.9507094462833607,0.2067227204988442,3.9070083368391986,1746.5555555555557,0.525,0.1796875
2,43,3,33.183643803,35.583878668,13/04/2025,53,0.2299086908678237,0.24357882200719785,0.9720105001818822,0.1997847235787055,3.801094731857816,1764.4444444444443,0.342354826546003,0.1736111111111111
2,44,3,33.183628637,35.583893978,13/04/2025,53,0.23005887003788417,0.2513891429342885,0.9564347398926208,0.1934750723547933,2.7902199731139583,1731.7777777777778,0.36078431372549014,0.27604166666666663
2,45,2,33.183695452,35.583847187,13/04/2025,53,0.23224481460877464,0.25712548244852335,0.9489189344585596,0.20533901577851232,2.926559189593494,1733.4444444444443,0.5354166666666668,0.18315972222222224
2,46,2,33.183724567,35.583858615,13/04/2025,53,0.22886865691197464,0.2579946572481626,0.9402012309703891,0.19989632613784247,3.355878505976053,1727.3333333333333,0.4979166666666667,0.18489583333333331
2,47,2,33.183762173,35.583879683,13/04/2025,53,0.2258129836157292,0.25755617486569893,0.9350142159524493,0.1964833393896507,3.5968226336265317,1697.0,0.40624999999999994,0.17708333333333331
2,48,2,33.183774913,35.583871242,13/04/2025,53,0.22086206361580227,0.2548304522853735,0.9306354452762727,0.19866960897353897,4.159037234815498,1654.2222222222222,0.31237745098039216,0.15104166666666669
2,49,3,33.183808437,35.583891458,13/04/2025,53,0.22023289198559004,0.25481999745872397,0.9294443170110933,0.1925524995955277,4.406860937770433,1600.2222222222222,0.30073962537197835,0.13281250000000003
2,50,2,33.183801752,35.583902875,13/04/2025,53,0.22023289198559004,0.25481999745872397,0.9294443170110933,0.1925524995955277,4.406860937770433,1600.2222222222222,0.30073962537197835,0.13281250000000003
2,51,3,33.183722155,35.58393322,13/04/2025,53,0.22830483052934125,0.25134121723595726,0.9529334101914313,0.20018696746891787,3.9166315676613377,1746.111111111111,0.3344329623741389,0.1579861111111111
2,52,1,33.183709945,35.583942073,13/04/2025,53,0.2375529560753779,0.2516466370349569,0.9712825211609866,0.2071976572131543,4.009892522926828,1766.0,0.3243368085279851,0.15885416666666669
2,53,1,33.183981722,35.583981352,13/04/2025,53,0.24557303787189047,0.27188623378722265,0.9452118253943141,0.19707042871012653,3.9166315676613377,1311.111111111111,0.3524509803921569,0.15798611111111113
2,54,3,33.183869465,35.584019592,13/04/2025,53,0.23841784060074162,0.2690177648473577,0.936704052092374,0.20361738997810697,3.23161225581642,1532.3333333333333,0.4936274509803922,0.16145833333333334
2,55,3,33.18386289,35.584035335,13/04/2025,53,0.23841784060074162,0.2690177648473577,0.936704052092374,0.20361738997810697,3.23161225581642,1532.3333333333333,0.4936274509803922,0.16145833333333334
2,56,2,33.184009975,35.584101383,13/04/2025,53,0.2374723968186315,0.2658211462953812,0.9416856877091967,0.1816250013061305,3.990748962019487,1253.888888888889,0.42708333333333337,0.14583333333333334
2,57,2,33.184005553,35.584117157,13/04/2025,53,0.24106745071045083,0.26567387270345755,0.948895835684139,0.19043696292719917,4.246393629661142,1264.6666666666667,0.40032051282051284,0.12239583333333334
2,58,2,33.184166042,35.584213185,13/04/2025,53,0.23115083680887047,0.2578461349357548,0.945283903181889,0.16475609925923923,3.8305284521921754,1161.111111111111,0.44742647058823526,0.13368055555555555
2,59,2,33.184327513,35.58428952,13/04/2025,53,0.24817271281676723,0.2939763146163583,0.9061352099987907,0.19873865847689992,4.819366543182523,1200.4444444444443,0.30054854062207004,0.1154513888888889
2,60,2,33.18431891,35.58430637,13/04/2025,53,0.24508014044160584,0.29068880504261035,0.9066361417646475,0.2037196795721922,5.292481250360577,1193.0,0.1746906974848151,0.10416666666666669
2,61,2,33.184473012,35.584400473,13/04/2025,53,0.26095674748038267,0.2981222374321468,0.9227541896465562,0.22106894845517452,4.759892522926826,1223.7777777777778,0.3495098039215686,0.11197916666666669
2,62,1,33.184480155,35.584383128,13/04/2025,53,0.2611355162701184,0.2972188871824667,0.924856188155213,0.21636418467412233,4.6756874400108615,1193.5555555555557,0.34987745098039214,0.1154513888888889
2,63,1,33.18447918,35.584382615,13/04/2025,53,0.2611355162701184,0.2972188871824667,0.924856188155213,0.21636418467412233,4.6756874400108615,1193.5555555555557,0.34987745098039214,0.1154513888888889
2,64,1,33.184649032,35.584476263,13/04/2025,53,0.2592923089698088,0.28443197659108255,0.9475400528432714,0.22001791685416236,4.192359712089615,1146.111111111111,0.4020833333333333,0.12847222222222224
2,65,2,33.18478571,35.584588918,13/04/2025,53,0.2619693960983078,0.2764181045282403,0.969667607332573,0.1851180044674764,3.21688588054116,1173.0,0.4730718274835922,0.2152777777777778
2,66,2,33.18495201,35.584663277,13/04/2025,53,0.22863435006057906,0.25408316003053244,0.9475901895928927,0.15188644657479636,4.1795851693378,1200.3333333333333,0.26284114997350294,0.1388888888888889
2,67,2,33.184944048,35.584676168,13/04/2025,53,0.22863435006057906,0.25408316003053244,0.9475901895928927,0.15188644657479636,4.1795851693378,1200.3333333333333,0.26284114997350294,0.1388888888888889
2,68,3,33.185211112,35.58473142,13/04/2025,53,,,,,,,,
2,69,1,33.185209163,35.584748317,13/04/2025,53,0.2454478318456278,0.29089046355031967,0.9069560186992985,0.22548859498792861,3.4669468148305715,1286.5555555555557,0.4919117647058822,0.18229166666666666
2,70,2,33.18522875,35.584785562,13/04/2025,53,,,,,,,,
2,71,2,33.18496718,35.584720162,13/04/2025,53,0.24337819256855708,0.2576857282300266,0.9704550950575612,0.1749726055825377,4.3852998147737825,1213.111111111111,0.27197021116138764,0.1423611111111111
2,72,1,33.184955002,35.584735952,13/04/2025,53,0.25723976754950334,0.25575023512478817,1.0043382113945587,0.16591476961040783,4.429585169337799,1222.4444444444443,0.2402394419306184,0.1371527777777778
2,73,3,33.184811513,35.584631455,13/04/2025,53,0.2574222747932414,0.2699589766232906,0.9741520279341618,0.18572236691397334,4.194773835029478,1188.0,0.31302790346907994,0.14756944444444442
2,74,1,33.184646417,35.584570203,13/04/2025,53,0.2599705225981037,0.293105184403722,0.9316583837572985,0.21201153189838443,3.8551121157836823,1134.6666666666667,0.45625,0.140625
2,75,1,33.18451505,35.584449657,13/04/2025,53,0.2573775629853981,0.29171394034276743,0.9286798977229187,0.22018288613701456,4.422661460266555,1200.0,0.3956636500754148,0.1545138888888889
2,76,1,33.184371233,35.584291258,13/04/2025,53,0.2553917526615852,0.3029811619026057,0.9021156049188576,0.19641944068076822,4.434153522439333,1185.888888888889,0.37593325791855203,0.1328125
2,77,2,33.184355772,35.584358753,13/04/2025,53,0.2669493919721211,0.3120662477327523,0.9064122519231579,0.22488358798514885,2.7075187496394215,1251.3333333333333,0.4595588235294118,0.2708333333333333
2,78,3,33.184205282,35.584266892,13/04/2025,53,0.23142803146043484,0.26353739534516507,0.9341321300595493,0.16780647691215234,4.552694271103769,1180.2222222222222,0.23473385716032777,0.1267361111111111
2,79,2,33.184194715,35.584289723,13/04/2025,53,0.25026937398626176,0.27515248340820964,0.9482486024485787,0.19003978204984548,4.014591741451467,1206.888888888889,0.3973829032652562,0.14322916666666669
2,80,3,33.184060657,35.584179655,13/04/2025,53,0.23777059400007705,0.2603131432839204,0.9532384754321508,0.1897863834170107,3.78619146497717,1227.888888888889,0.3852941176470589,0.15885416666666669
2,81,2,33.183877972,35.58398514,13/04/2025,53,0.2420227577279063,0.27203598015879077,0.9378706742112478,0.1978817036263403,3.5656162129243483,1482.0,0.49375,0.16493055555555558
2,82,2,33.183755828,35.583902455,13/04/2025,53,0.22318870902650179,0.2523282934798537,0.940326503579898,0.19180956644708963,3.9091591278514213,1707.888888888889,0.3149509803921569,0.1388888888888889
2,83,3,33.183739807,35.583988108,13/04/2025,53,0.223995691186179,0.2520563510419506,0.9424690749655995,0.19214455512068337,3.8848925229268274,1699.111111111111,0.45625000000000004,0.1449652777777778
2,84,3,33.183786553,35.584016998,13/04/2025,53,0.2349366410749282,0.2583194974751274,0.9520723700262944,0.1953094637916387,4.300424108083221,1667.4444444444443,0.37230392156862746,0.13020833333333334
2,85,3,33.183785112,35.584018663,13/04/2025,53,0.2349366410749282,0.2583194974751274,0.9520723700262944,0.1953094637916387,4.300424108083221,1667.4444444444443,0.37230392156862746,0.13020833333333334
2,86,1,33.183586345,35.583825855,13/04/2025,53,0.2209163385986802,0.2612014276463039,0.9182573728243284,0.19362835925124544,3.162505605412089,1739.3333333333333,0.30980392156862746,0.21180555555555558
2,87,1,33.183594508,35.583804277,13/04/2025,53,0.21493187752886114,0.2565000430157371,0.9158426335645043,0.18936898506536412,3.6920095861313826,1744.4444444444443,0.3868872549019608,0.1623263888888889
2,88,3,33.183627737,35.583942933,13/04/2025,53,0.2384606430804025,0.2548786595165293,0.9658094337006164,0.2006067629897037,3.9367722103366827,1733.2222222222222,0.3438957339692634,0.1362847222222222
2,89,3,33.183634738,35.58392777,13/04/2025,53,0.2386626759671626,0.24901276855303545,0.9784635019637756,0.20112356533943065,3.965738033785916,1755.0,0.2241898516163222,0.1545138888888889
2,90,2,33.183489682,35.58384219,13/04/2025,53,0.22063380127451862,0.2574425259975335,0.9249584181878343,0.19643504793659522,4.265072732832805,1839.111111111111,0.2780920060331825,0.12239583333333333
2,91,2,33.183483287,35.58385752,13/04/2025,53,0.2310371879912839,0.2678012143475319,0.9248102889219145,0.19702509514177785,3.8761631085707156,1753.4444444444443,0.2859917043740573,0.140625
2,92,1,33.183333755,35.5837481,13/04/2025,53,0.22756459587698133,0.24453128889131615,0.9648419696026165,0.18569599078758522,4.574546753088499,2084.6666666666665,0.3109822775263952,0.1154513888888889
2,93,1,33.182895612,35.583563345,13/04/2025,53,0.22442250123021446,0.24249381163503406,0.9624939040504782,0.19488898013512754,4.1902054819279435,1549.111111111111,0.2731551844364285,0.1362847222222222
2,94,1,33.18283631,35.583630807,13/04/2025,53,0.23417788380344728,0.26326166458971545,0.9399341399897,0.2194168106861479,4.189333732345309,1466.888888888889,0.20738997634308176,0.1328125
2,95,3,33.183369293,35.583825388,13/04/2025,53,0.2240410671097774,0.2488752158218897,0.9490222686628188,0.18587249497016503,4.292481250360579,1933.4444444444443,0.38737745098039217,0.13368055555555555
2,96,3,33.183387877,35.583818468,13/04/2025,53,0.2240410671097774,0.2488752158218897,0.9490222686628188,0.18587249497016503,4.292481250360579,1933.4444444444443,0.38737745098039217,0.13368055555555555
2,98,2,33.183438402,35.583861482,13/04/2025,53,0.23246268226109568,0.26918249765566604,0.9247374328606021,0.19420798009775153,3.6071575474056434,1790.2222222222222,0.25408182503770743,0.16493055555555558
2,99,3,33.183423548,35.583878907,13/04/2025,53,0.2346192044414367,0.27192909911869956,0.9234479163851772,0.19067394298492335,3.6008456951388417,1724.4444444444443,0.44375000000000003,0.1623263888888889
2,100,3,33.183427477,35.583948513,13/04/2025,53,0.24188968529346727,0.26688614935298466,0.9480249931889093,0.19585288604227202,3.958814324714672,1759.7777777777778,0.38402149321266965,0.140625
2,101,2,33.183420537,35.583963707,13/04/2025,53,0.24188968529346727,0.26688614935298466,0.9480249931889093,0.19585288604227202,3.958814324714672,1759.7777777777778,0.38402149321266965,0.140625
2,102,3,33.183504205,35.583903558,13/04/2025,53,0.24134704528468529,0.2719198831793411,0.9369462453243257,0.19640712332452764,4.159037234815499,1696.111111111111,0.37471719457013564,0.15104166666666669
2,103,3,33.183598177,35.583956563,13/04/2025,53,0.24620176332830213,0.26431445388575636,0.9620273317044646,0.21171378521368917,4.271647917027245,1734.111111111111,0.4375,0.14149305555555555
2,104,3,33.183591233,35.583973528,13/04/2025,53,0.24620176332830213,0.26431445388575636,0.9620273317044646,0.21171378521368917,4.271647917027245,1734.111111111111,0.4375,0.14149305555555555
2,105,3,33.183597428,35.584040553,13/04/2025,53,0.26195710428302293,0.2755883770842126,0.9713466377587339,0.22293475999335854,3.1553220035626532,1795.2222222222222,0.5020833333333333,0.18489583333333334
2,106,2,33.18359093,35.584060073,13/04/2025,53,0.26195710428302293,0.2755883770842126,0.9713466377587339,0.22293475999335854,3.1553220035626532,1795.2222222222222,0.5020833333333333,0.18489583333333334
2,107,3,33.183776647,35.584063913,13/04/2025,53,0.24819978265235973,0.2646939995923917,0.9657895617570923,0.20398877245024086,3.7778472755846204,1666.7777777777778,0.40355392156862746,0.15364583333333334
2,108,3,33.183783543,35.58408049,13/04/2025,53,0.2536742788991264,0.27070150388603664,0.9648813514499385,0.2069092074715949,3.748066868441476,1657.888888888889,0.48578431372549025,0.16493055555555555
2,109,3,33.183765335,35.584140815,13/04/2025,53,0.2497073217723578,0.2710485490463443,0.9558446837695959,0.20616554326190506,4.611033209849189,1671.0,0.3135558069381599,0.12239583333333334
2,110,3,33.183755443,35.584155257,13/04/2025,53,0.24428092997147063,0.26931416603411235,0.9484623851719637,0.19948176470576567,4.0948990950404935,1702.6666666666667,0.4322586726998492,0.13368055555555555
2,111,3,33.183950983,35.584164983,13/04/2025,53,0.24102931280545534,0.26627053395075184,0.9480385100072785,0.19437232283880015,4.881866543182522,1417.2222222222222,0.18097076148546737,0.11111111111111112
2,112,1,33.183954938,35.58417649,13/04/2025,53,0.24102931280545534,0.26627053395075184,0.9480385100072785,0.19437232283880015,4.881866543182522,1417.2222222222222,0.18097076148546737,0.11111111111111112
2,113,2,33.183916327,35.584230625,13/04/2025,53,0.2570699238191822,0.2589303368599721,0.996777094178584,0.20577200154901218,4.959147917027245,1628.888888888889,0.19862979495332433,0.11111111111111112
2,114,2,33.1839172,35.584225688,13/04/2025,53,0.2570699238191822,0.2589303368599721,0.996777094178584,0.20577200154901218,4.959147917027245,1628.888888888889,0.19862979495332433,0.11111111111111112
2,115,2,33.18391148,35.584239988,13/04/2025,53,0.2570699238191822,0.2589303368599721,0.996777094178584,0.20577200154901218,4.959147917027245,1628.888888888889,0.19862979495332433,0.11111111111111112
2,116,3,33.184136002,35.584262307,13/04/2025,53,0.2368938596152761,0.2567939147248041,0.9586843033659515,0.17328698201853238,4.284037234815498,1212.5555555555557,0.35624999999999996,0.13368055555555555
2,117,2,33.184130995,35.584280417,13/04/2025,53,0.2478099049240677,0.25993200654961146,0.9747723202319768,0.1779590880063947,4.759892522926828,1237.2222222222222,0.32450980392156864,0.11197916666666669
2,118,3,33.184066582,35.584331512,13/04/2025,53,0.262922362814075,0.27398839820072185,0.976672763984112,0.20125477103512865,4.61318744001086,1327.4444444444443,0.18892136480371774,0.11458333333333334
2,119,2,33.184074793,35.584313375,13/04/2025,53,0.262922362814075,0.27398839820072185,0.976672763984112,0.20125477103512865,4.61318744001086,1327.4444444444443,0.18892136480371774,0.11458333333333334
2,120,2,33.184297098,35.584346217,13/04/2025,53,0.2461057188179766,0.28726264976579724,0.9153478094308186,0.2107689267389533,4.819366543182523,1227.0,0.2939214667155844,0.1154513888888889
2,121,1,33.184274322,35.58437223,13/04/2025,53,0.25582960008493844,0.2856231796897253,0.9379913008347641,0.2148214703623311,3.9215263787562824,1281.111111111111,0.4311274509803922,0.15364583333333331
2,122,2,33.184213238,35.584408378,13/04/2025,53,0.26487462459087213,0.2813148730839458,0.9656728626974727,0.19688107378817193,4.37683373234531,1290.3333333333333,0.28623680241327304,0.11458333333333334
2,123,3,33.184208257,35.584427553,13/04/2025,53,0.26834129319803135,0.28056861807782557,0.9746709367641508,0.20042583840323996,4.823527604437101,1321.6666666666667,0.2783521870286576,0.11892361111111112
2,124,3,33.184454693,35.584458557,13/04/2025,53,0.25356766812714887,0.288918120803048,0.9266942482145615,0.23193481468287164,3.816878720708277,1312.888888888889,0.4690705128205128,0.1371527777777778
2,125,3,33.18445595,35.584484998,13/04/2025,53,0.2540486995786444,0.29058412146171586,0.9244254920182312,0.22344797889268428,3.4386631085707156,1310.888888888889,0.4107371794871795,0.1779513888888889
2,126,3,33.184368415,35.584504552,13/04/2025,53,0.2574043032905944,0.2846154601137574,0.9434910177650819,0.21061189096064245,3.3871039189772216,1374.0,0.5041666666666667,0.1840277777777778
2,127,2,33.18436111,35.584522137,13/04/2025,53,0.2613590528218478,0.2915992051223139,0.9372023896803385,0.2130637331763907,4.43173939949947,1349.7777777777778,0.35512310953487425,0.11892361111111112
2,128,2,33.184637052,35.584566185,13/04/2025,53,0.2611248022766952,0.2995469231778159,0.9202364160009733,0.21446489705933663,4.349467448142027,1138.2222222222222,0.41458333333333336,0.12239583333333334
2,129,2,33.184510735,35.584579917,13/04/2025,53,0.2603835860469958,0.28696150725037917,0.9442503329376571,0.19352794215679203,3.1486850162569406,1231.888888888889,0.5019230769230769,0.1953125
2,130,2,33.18450292,35.584604105,13/04/2025,53,0.2555205449392861,0.2792226812851657,0.9503317616320588,0.19939095945909535,3.9002857535759934,1249.2222222222222,0.4110260996290408,0.1293402777777778
2,131,2,33.184800562,35.584671052,13/04/2025,53,0.27745262748787636,0.28690738251369813,0.9799657062106104,0.19437840608771254,3.4998103676067434,1168.4444444444443,0.4708333333333333,0.14756944444444445
2,132,2,33.184661677,35.584694635,13/04/2025,53,0.2748381709129911,0.3018184348560646,0.9432155254752453,0.21218228276420123,2.374480214443619,1121.2222222222222,0.7083333333333333,0.2586805555555555
2,133,3,33.184672565,35.58468571,13/04/2025,53,0.27685948029598656,0.30440152312631985,0.9418940328141121,0.21360238774505888,2.902978141007726,1121.4444444444443,0.6354166666666665,0.21875
2,134,3,33.184962885,35.584768473,13/04/2025,53,0.27681050329164697,0.26905024218736634,1.0177959190298447,0.18161922137178,4.4295851693378,1222.4444444444443,0.23140082956259428,0.1371527777777778
2,135,2,33.18495426,35.584782515,13/04/2025,53,0.27681050329164697,0.26905024218736634,1.0177959190298447,0.18161922137178,4.4295851693378,1222.4444444444443,0.23140082956259428,0.1371527777777778
2,136,3,33.184809337,35.58478054,13/04/2025,53,0.26652546319861997,0.2825864121605627,0.9660989102003206,0.1982966466098804,3.3977979311017488,1156.5555555555557,0.5333333333333333,0.1701388888888889
2,137,2,33.184817277,35.584764663,13/04/2025,53,0.26652546319861997,0.2825864121605627,0.9660989102003206,0.1982966466098804,3.3977979311017488,1156.5555555555557,0.5333333333333333,0.1701388888888889
2,138,3,33.184953912,35.584845518,13/04/2025,53,0.28153960973405373,0.2920543627353551,0.9782011111893802,0.21207161847235914,4.828634114808694,1210.0,0.20602176837470954,0.13368055555555555
2,139,3,33.184956517,35.584875627,13/04/2025,53,0.29968252315021626,0.313333810703377,0.9706184109085478,0.23668172275272503,5.292481250360577,1210.7777777777778,0.17846136972221832,0.10416666666666669
2,140,1,33.185109998,35.584940212,13/04/2025,53,0.3196798120517041,0.35599445513743444,0.9216231461940693,0.2780344616639113,3.760430680196888,1288.3333333333333,0.3497549019607843,0.1362847222222222
2,141,2,33.18506981,35.584887362,13/04/2025,53,0.33588623253106026,0.36079585729221203,0.9449422593251035,0.27848603066606115,2.6425695521513317,1231.4444444444443,0.4708333333333333,0.2300347222222222
2,142,3,33.185051092,35.584958315,13/04/2025,53,0.3448253154241992,0.36331843808974335,0.9588521271643485,0.2813213096822964,4.008757441416555,839.6666666666666,0.2959124980976946,0.15104166666666666
2,143,2,33.185046362,35.584976137,13/04/2025,53,0.3448253154241992,0.36331843808974335,0.9588521271643485,0.2813213096822964,4.008757441416555,839.6666666666666,0.2959124980976946,0.15104166666666666
2,144,2,33.184892468,35.58479606,13/04/2025,53,0.2869828522087307,0.2879125225496082,0.9990889205580298,0.20240803576875896,4.584686074297306,1199.6666666666667,0.25552082059435,0.1371527777777778
2,145,2,33.18488005,35.584867878,13/04/2025,53,0.3000460357720388,0.3118488543625785,0.9746020514562874,0.2329301546751098,3.6384893002931973,1162.2222222222222,0.3979166666666667,0.1736111111111111
2,146,2,33.184868562,35.584886468,13/04/2025,53,0.32505598028889576,0.32930927306362157,0.9915096239984442,0.25345328758673946,4.159037234815499,1163.4444444444443,0.2830028251786526,0.15104166666666669
2,147,2,33.184792922,35.58475537,13/04/2025,53,0.2853511778297309,0.29703916770118427,0.9751242952765866,0.21928272443615682,4.141745971613138,1157.4444444444443,0.3669871794871794,0.13020833333333331
2,148,2,33.184740833,35.584687648,13/04/2025,53,0.28540265866567227,0.31347961181965944,0.9408947418217237,0.21791775288269707,3.6970589306142543,1124.5555555555557,0.4812499999999999,0.1579861111111111
2,149,2,33.18456058,35.584584838,13/04/2025,53,0.2675553260182552,0.2898892494896681,0.9528480775971347,0.20809743450330087,3.2107789224830867,1207.4444444444443,0.5145833333333334,0.19010416666666669
2,150,2,33.184565495,35.584601172,13/04/2025,53,0.26762388853459584,0.2926920406911165,0.9472073114495438,0.21641737642184355,2.9616506720657205,1186.2222222222222,0.6041666666666666,0.2109375
2,151,3,33.18457413,35.584677877,13/04/2025,53,0.27202107124808417,0.30175882938068205,0.9376104362135754,0.20715684386813388,3.771388024249054,1150.6666666666667,0.5604166666666667,0.15625
2,152,2,33.184566543,35.584694765,13/04/2025,53,0.2883652061721977,0.3126587742259498,0.9487575513297171,0.2213799588962728,4.611033209849188,1130.4444444444443,0.35943627450980387,0.1310763888888889
2,153,2,33.184422298,35.584509087,13/04/2025,53,0.2499923484704612,0.2868543858266635,0.924168513639462,0.21381618670029717,4.118758408118133,1330.111111111111,0.3649038461538462,0.1267361111111111
2,154,2,33.184413273,35.58452042,13/04/2025,53,0.24916528212521405,0.2817146384753168,0.9330512575375768,0.20590301561834978,4.406860937770433,1326.5555555555557,0.3003676470588235,0.1328125
2,155,2,33.184388993,35.584571983,13/04/2025,53,0.25437816655323264,0.2947262595699848,0.9167680492299787,0.20547260563074776,4.4295851693378,1299.6666666666667,0.18453487424075657,0.125
2,156,3,33.184383627,35.584586525,13/04/2025,53,0.2667277133240917,0.2986333986898562,0.9331987049960424,0.21244506890093143,4.552694271103768,1286.4444444444443,0.33017024377318493,0.1267361111111111
2,157,1,33.184253348,35.584405278,13/04/2025,53,0.2571915617178967,0.27821016238223145,0.9558643879758262,0.20655800763484045,3.9668731152961887,1310.888888888889,0.5270833333333333,0.1605902777777778
2,158,1,33.184250652,35.584426318,13/04/2025,53,0.26336146598370674,0.28103233575123165,0.9625723852143034,0.20500838784235137,4.017881053123411,1338.111111111111,0.515695701357466,0.1640625
2,159,2,33.184233367,35.584476795,13/04/2025,53,0.2820789805442947,0.2957095937351583,0.9709859904304996,0.20480623110381213,4.637918502671134,1343.4444444444443,0.2258584036525213,0.13020833333333331
2,160,2,33.18409682,35.584305142,13/04/2025,53,0.25115781697862877,0.2666848655196081,0.9675833042770685,0.18451531597858922,5.063314583693911,1261.0,0.24637244710774123,0.11197916666666669
2,161,2,33.184088425,35.584310077,13/04/2025,53,0.25115781697862877,0.2666848655196081,0.9675833042770685,0.18451531597858922,5.063314583693911,1261.0,0.24637244710774123,0.11197916666666669
2,162,2,33.184067373,35.584387057,13/04/2025,53,0.2786639376996235,0.28102465865569076,0.9956021196890811,0.20234922406326317,4.396647917027245,1378.0,0.26666528712798443,0.17274305555555555
2,163,2,33.184074752,35.584373145,13/04/2025,53,0.27081390102446373,0.27792701217082194,0.9851053412055671,0.19863050558495612,4.675687440010859,1345.888888888889,0.21170289260676634,0.1154513888888889
2,164,2,33.183933948,35.584193735,13/04/2025,53,0.24713587853564828,0.2513945238574427,0.9916673155782583,0.18973906161204532,4.854981250360579,1552.5555555555557,0.2553845134727487,0.11892361111111113
2,165,3,33.183923218,35.584281862,13/04/2025,53,0.26365858054589447,0.27717021252526025,0.97151198051077,0.21266107938956455,5.0485332098491895,1609.0,0.24682315233785823,0.10763888888888891
2,166,3,33.183761742,35.584100012,13/04/2025,53,0.251598984554733,0.2691275348629716,0.9638187015428868,0.21239869951119283,4.038060296327809,1683.6666666666667,0.429854826546003,0.13802083333333331
2,167,3,33.1837652,35.584187033,13/04/2025,53,0.24705182312426802,0.2669293797439883,0.9583949665137363,0.20752940601458866,2.407472794574877,1739.888888888889,0.6875,0.30208333333333326
2,168,3,33.183758943,35.584205178,13/04/2025,53,0.24608972730647174,0.262587584244391,0.9655873699880636,0.2094916294706074,3.8620523585005873,1795.5555555555557,0.47487745098039214,0.15711805555555555
2,169,3,33.183604362,35.584014462,13/04/2025,53,0.25401379775096383,0.27027332863080156,0.9659933170215401,0.21915136043561642,4.473406066166137,1771.3333333333333,0.37659313725490196,0.1154513888888889
2,170,1,33.183600267,35.584025297,13/04/2025,53,0.26106804158041347,0.2729348711457449,0.9748964333182515,0.22198763287352896,3.8988242140723095,1777.888888888889,0.39583333333333337,0.15104166666666669
2,171,3,33.183614987,35.58410624,13/04/2025,53,0.25361801401254275,0.2761031049829784,0.9530052082682298,0.22882849564897745,3.9015647950055823,1813.111111111111,0.389093137254902,0.15104166666666666
2,172,3,33.183607487,35.584123942,13/04/2025,53,0.25361801401254275,0.2761031049829784,0.9530052082682298,0.22882849564897745,3.9015647950055823,1813.111111111111,0.389093137254902,0.15104166666666666
2,173,3,33.18343705,35.583901803,13/04/2025,53,0.2346192044414367,0.27192909911869956,0.9234479163851772,0.19067394298492335,3.6008456951388417,1724.4444444444443,0.44375000000000003,0.1623263888888889
2,174,2,33.183429673,35.583919888,13/04/2025,53,0.2372649622327757,0.2668842530180554,0.9387825571337781,0.19080396359844476,3.256125659022993,1730.6666666666667,0.5770833333333333,0.17100694444444445
2,175,3,33.183425703,35.58397777,13/04/2025,53,0.24608953472049824,0.2670486885103929,0.9561982421984708,0.20119150024395058,4.681127542695029,1809.7777777777778,0.2510558069381599,0.11458333333333334
2,176,3,33.183419873,35.583999983,13/04/2025,53,0.24608953472049824,0.2670486885103929,0.9561982421984708,0.20119150024395058,4.681127542695029,1809.7777777777778,0.2510558069381599,0.11458333333333334
3,24,2,33.183340975,35.583649787,18/04/2025,48,0.2431222481015053,0.35988844886927396,0.7731041691102328,0.19159859270252688,2.128154386514085,853.7777777777778,0.6708333333333333,0.37326388888888884
3,25,2,33.183405773,35.58365562,18/04/2025,48,0.24360122471939893,0.36713072364711535,0.7611886608517979,0.19210031107630277,3.72454114767641,853.0,0.4065705128205128,0.140625
3,26,2,33.18327882,35.583671265,18/04/2025,48,0.24450690318144933,0.3536326529953641,0.7867110541530902,0.1830986321506177,4.349467448142027,849.4444444444445,0.3948529411764706,0.12239583333333333
3,27,1,33.183384408,35.583665087,18/04/2025,48,0.24663249937627552,0.3653990460167387,0.7690745644541599,0.19577780521175758,3.4995576091477156,855.4444444444445,0.3979166666666667,0.16927083333333331
3,28,3,33.183421907,35.58366474,18/04/2025,48,0.23039880680041616,0.36013214546254163,0.7521576734865695,0.17676145035765592,3.3190457161149203,851.6666666666666,0.45657051282051286,0.16666666666666669
3,29,2,33.183413827,35.583749748,18/04/2025,48,0.24261727558289647,0.3626473036771523,0.7673602732573613,0.18538593267666198,3.46191400399336,835.8888888888889,0.5458333333333333,0.171875
3,30,2,33.183419493,35.583754065,18/04/2025,48,0.2449237380024959,0.3668963023766282,0.7636485597601808,0.18743855666720025,3.421657244179387,836.6666666666666,0.5249999999999999,0.1840277777777778
3,31,2,33.183444822,35.583677362,18/04/2025,48,0.23039880680041616,0.36013214546254163,0.7521576734865695,0.17676145035765592,3.3190457161149203,851.6666666666666,0.45657051282051286,0.16666666666666669
3,32,2,33.183444093,35.5836959,18/04/2025,48,0.23611297370922701,0.36743712313627036,0.7486203938333961,0.18198155579860947,3.2561256590229934,838.0,0.4982371794871795,0.17100694444444448
3,33,1,33.183472188,35.583696302,18/04/2025,48,0.22475314533399546,0.3573941430876453,0.7479353739784949,0.16606890516865433,2.8904762562790713,844.1111111111111,0.5604166666666667,0.25
3,34,2,33.183494078,35.583708643,18/04/2025,48,0.21852618501116622,0.34750860468291284,0.7550849979691794,0.15567390447157817,3.4636575031586267,853.5555555555555,0.4540441176470588,0.1440972222222222
3,35,1,33.18349499,35.58372554,18/04/2025,48,0.2288548980779086,0.35235156362152886,0.7632464891072323,0.16618013981182608,3.9512199918688324,851.6666666666666,0.5316176470588235,0.1440972222222222
3,36,2,33.18354211,35.583753632,18/04/2025,48,0.24450079848382986,0.3557013787608812,0.7828691602272524,0.17212526531798628,3.7212518360044657,856.0,0.445343137254902,0.2013888888888889
3,38,2,33.183654748,35.58379738,18/04/2025,48,0.22149623419392675,0.33917040411544525,0.7743555007601947,0.17618911139488883,1.4541978025686977,882.2222222222222,0.8541666666666666,0.532986111111111
3,39,2,33.183649103,35.58381395,18/04/2025,48,0.22149623419392675,0.33917040411544525,0.7743555007601947,0.17618911139488883,1.4541978025686977,882.2222222222222,0.8541666666666666,0.532986111111111
3,40,3,33.18357413,35.58384302,18/04/2025,48,0.23025902413255295,0.3450680673736131,0.7782830474845643,0.16091903978555744,3.293150273053744,855.8888888888889,0.575,0.1918402777777778
3,41,2,33.183568927,35.583857708,18/04/2025,48,0.23017813578229163,0.3489508460084975,0.7713125559739166,0.16260570209587966,1.9017529540140132,850.2222222222222,0.6979166666666666,0.3255208333333333
3,42,2,33.183667175,35.583826202,18/04/2025,48,0.21617498036772434,0.3380863329694741,0.7676247354883103,0.16940073472031492,1.7586169206466866,879.3333333333334,0.7083333333333333,0.3767361111111111
3,43,3,33.183643803,35.583878668,18/04/2025,48,0.22850658490447318,0.34753695899018433,0.7711142705860732,0.17422469941042928,2.7149869772292354,863.1111111111111,0.7083333333333334,0.2612847222222222
3,44,3,33.183628637,35.583893978,18/04/2025,48,0.2350892091514329,0.35610754579490905,0.7667318674371175,0.17928084139276962,2.254715752170299,852.3333333333334,0.7625,0.3706597222222222
3,45,2,33.183695452,35.583847187,18/04/2025,48,0.2142915964041155,0.3371182651301806,0.7662864952732291,0.16290830920859134,2.078838679766182,884.2222222222222,0.7708333333333333,0.328125
3,46,2,33.183724567,35.583858615,18/04/2025,48,0.21599815124865868,0.3429047960210413,0.7589694945207943,0.16774999863094409,1.992248675112908,879.6666666666666,0.7291666666666667,0.3072916666666667
3,47,2,33.183762173,35.583879683,18/04/2025,48,0.211527888421824,0.3381141268194588,0.7601048130550004,0.15779383655704743,3.752705481927944,885.8888888888889,0.49118589743589747,0.1545138888888889
3,48,2,33.183774913,35.583871242,18/04/2025,48,0.21245663497006181,0.3398523703027887,0.7586504207689768,0.1536713824549732,4.179585169337799,883.6666666666666,0.33236236802413277,0.1388888888888889
3,49,3,33.183808437,35.583891458,18/04/2025,48,0.21779996825135306,0.3386328994092606,0.7695846570392615,0.14435631187480913,3.6920095861313826,887.2222222222222,0.5291666666666667,0.1623263888888889
3,50,2,33.183801752,35.583902875,18/04/2025,48,0.21779996825135306,0.3386328994092606,0.7695846570392615,0.14435631187480913,3.6920095861313826,887.2222222222222,0.5291666666666667,0.1623263888888889
3,51,3,33.183722155,35.58393322,18/04/2025,48,0.24139912173595932,0.3597684783957382,0.7705381996262821,0.18940100597786827,3.152170691632976,874.8888888888889,0.5729166666666666,0.22395833333333331
3,52,1,33.183709945,35.583942073,18/04/2025,48,0.24544226379934672,0.36694771784405467,0.7644009362034878,0.19208474353209903,2.707518749639422,863.3333333333334,0.625,0.2708333333333333
3,53,1,33.183981722,35.583981352,18/04/2025,48,0.227039351718321,0.35992428560931844,0.7471998027214671,0.18412001969781572,2.9307901819817657,895.6666666666666,0.6479166666666667,0.19444444444444448
3,54,3,33.183869465,35.584019592,18/04/2025,48,0.2554129675018366,0.3694631485852653,0.7763909559150971,0.1945282624765977,2.828838679766182,895.8888888888889,0.5520833333333333,0.23958333333333334
3,55,3,33.18386289,35.584035335,18/04/2025,48,0.2554129675018366,0.3694631485852653,0.7763909559150971,0.1945282624765977,2.828838679766182,895.8888888888889,0.5520833333333333,0.23958333333333334
3,56,2,33.184009975,35.584101383,18/04/2025,48,0.2521708756413798,0.37276739802493947,0.7651572789739235,0.17940613553481866,3.6327417319146047,909.0,0.44166666666666665,0.15625000000000003
3,57,2,33.184005553,35.584117157,18/04/2025,48,0.26061748476894375,0.38147192606204783,0.763495636591215,0.18414392704097277,4.013589126445727,901.8888888888889,0.4125,0.16493055555555555
3,58,2,33.184166042,35.584213185,18/04/2025,48,0.24391387759006689,0.3681113464937976,0.7599841600741042,0.18571144823327254,4.275693045422949,911.8888888888889,0.38958333333333334,0.12152777777777778
3,59,2,33.184327513,35.58428952,18/04/2025,48,0.22672867874929917,0.35471444683114944,0.7556986797229339,0.15570704559500584,3.966219025167254,934.0,0.3998774509803921,0.14583333333333331
3,60,2,33.18431891,35.58430637,18/04/2025,48,0.23184866830482553,0.3636090111563591,0.7484817846315734,0.16415636012615828,4.637918502671133,926.6666666666666,0.3152714932126697,0.11458333333333334
3,61,2,33.184473012,35.584400473,18/04/2025,48,0.23993765339455958,0.3725829855307341,0.7459414770731055,0.17374176283126253,3.793911130008381,927.1111111111111,0.48749999999999993,0.14149305555555555
3,62,1,33.184480155,35.584383128,18/04/2025,48,0.23536515714809228,0.36542077837961456,0.7510386006224302,0.169016965483266,3.2794468148305715,928.3333333333334,0.6270833333333333,0.1623263888888889
3,63,1,33.18447918,35.584382615,18/04/2025,48,0.23536515714809228,0.36542077837961456,0.7510386006224302,0.169016965483266,3.2794468148305715,928.3333333333334,0.6270833333333333,0.1623263888888889
3,64,1,33.184649032,35.584476263,18/04/2025,48,0.21925168795169692,0.35764361403755995,0.7388550829341836,0.16757207447321176,4.27521205404161,964.0,0.3557598039215686,0.11805555555555555
3,65,2,33.18478571,35.584588918,18/04/2025,48,0.22517936637005326,0.35746821407376567,0.7486544480234079,0.16563987670475658,1.9354322346176824,1006.4444444444445,0.75,0.2881944444444444
3,66,2,33.18495201,35.584663277,18/04/2025,48,0.21451563364452386,0.35340121142982406,0.7389253682473338,0.14713197343708395,3.066618827930087,1061.0,0.5791666666666666,0.1953125
3,67,2,33.184944048,35.584676168,18/04/2025,48,0.21451563364452386,0.35340121142982406,0.7389253682473338,0.14713197343708395,3.066618827930087,1061.0,0.5791666666666666,0.1953125
3,68,3,33.185211112,35.58473142,18/04/2025,48,,,,,,,,
3,69,1,33.185209163,35.584748317,18/04/2025,48,0.23889763638162875,0.36478776851170674,0.7575900262594172,0.17423573328981712,4.120374481009744,1125.111111111111,0.28869367533651824,0.12586805555555558
3,70,2,33.18522875,35.584785562,18/04/2025,48,,,,,,,,
3,71,2,33.18496718,35.584720162,18/04/2025,48,0.2328275661601696,0.36243813764202837,0.7521524273837792,0.15858731422637704,4.18805469091572,1077.111111111111,0.4458333333333333,0.13020833333333334
3,72,1,33.184955002,35.584735952,18/04/2025,48,0.24649224183087545,0.3674490779668156,0.7652114995122553,0.16819480399846484,3.5384092242129412,1059.4444444444443,0.6104166666666667,0.2170138888888889
3,73,3,33.184811513,35.584631455,18/04/2025,48,0.22712486231630236,0.3600620933627038,0.7472501026202099,0.17200112898829592,2.374480214443619,1001.1111111111111,0.7083333333333333,0.2586805555555555
3,74,1,33.184646417,35.584570203,18/04/2025,48,0.24735218744824294,0.375994764103066,0.751703178056162,0.18586132392391677,2.8858414111932924,954.5555555555555,0.6375000000000001,0.2065972222222222
3,75,1,33.18451505,35.584449657,18/04/2025,48,0.23544762992778256,0.3658476654791495,0.750426007067237,0.17814693544059373,4.48818744001086,943.3333333333334,0.33844268476621414,0.11979166666666669
3,76,1,33.184371233,35.584291258,18/04/2025,48,0.22516631737694137,0.3545079424460136,0.7535601056349975,0.16329772510549684,3.651975526001987,940.8888888888889,0.4811274509803921,0.13802083333333334
3,77,2,33.184355772,35.584358753,18/04/2025,48,0.22744404642494753,0.35525578068858366,0.7559926656465923,0.1611053046203886,3.936718483597409,937.5555555555555,0.46911764705882353,0.13802083333333334
3,78,3,33.184205282,35.584266892,18/04/2025,48,0.258211996255113,0.37189881696456234,0.7768623425271237,0.1881937679488576,3.2747849987618847,925.1111111111111,0.5333333333333333,0.19270833333333334
3,79,2,33.184194715,35.584289723,18/04/2025,48,0.27436812922640963,0.37988069035675803,0.7893145103783499,0.19264387471835837,3.23161225581642,923.5555555555555,0.5833333333333333,0.16145833333333334
3,80,3,33.184060657,35.584179655,18/04/2025,48,0.2569230723774931,0.38068437966577146,0.758911449896289,0.18974153242365333,3.3129072918469555,906.2222222222222,0.4875,0.1892361111111111
3,81,2,33.183877972,35.58398514,18/04/2025,48,0.2377132709964462,0.3547115595110535,0.7733910793516263,0.17428884876206036,3.724688546745176,901.5555555555555,0.5354166666666667,0.14756944444444445
3,82,2,33.183755828,35.583902455,18/04/2025,48,0.2192231870729063,0.3401688365397634,0.7690010726374196,0.16438957609752264,3.967090774749888,886.7777777777778,0.4604166666666667,0.1388888888888889
3,83,3,33.183739807,35.583988108,18/04/2025,48,0.2553341947384309,0.36912288368786456,0.7768338137842763,0.18436913366470872,2.607971801848314,874.7777777777778,0.6541666666666668,0.2170138888888889
3,84,3,33.183786553,35.584016998,18/04/2025,48,0.2569662157125905,0.3706302805777677,0.7769786616152278,0.1928031976885769,3.3602923256896595,881.1111111111111,0.5750000000000001,0.15104166666666669
3,85,3,33.183785112,35.584018663,18/04/2025,48,0.2569662157125905,0.3706302805777677,0.7769786616152278,0.1928031976885769,3.3602923256896595,881.1111111111111,0.5750000000000001,0.15104166666666669
3,86,1,33.183586345,35.583825855,18/04/2025,48,0.22616348857835883,0.343330030675262,0.774658423866956,0.16307186878494478,2.061303984200316,861.2222222222222,0.71875,0.3315972222222222
3,87,1,33.183594508,35.583804277,18/04/2025,48,0.22635251868212725,0.3408753703809651,0.779281818715827,0.16811910853813525,2.792774850425007,865.1111111111111,0.65625,0.2065972222222222
3,88,3,33.183627737,35.583942933,18/04/2025,48,0.24514600955299815,0.36424008860286766,0.7688283165708618,0.1808305653081671,3.5384092242129417,849.6666666666666,0.6104166666666666,0.2170138888888889
3,89,3,33.183634738,35.58392777,18/04/2025,48,0.24932430794490815,0.3690961085128862,0.7669751458579702,0.18421834369250284,3.4380546909157212,851.0,0.5875,0.15798611111111113
3,90,2,33.183489682,35.58384219,18/04/2025,48,0.24785745120582303,0.3646859156923032,0.7724357669901419,0.19225154966604585,1.0612781244591327,844.3333333333334,0.875,0.5989583333333334
3,91,2,33.183483287,35.58385752,18/04/2025,48,0.25365599991706866,0.3710697487148527,0.7705935717757639,0.19783069788935473,2.407472794574877,838.6666666666666,0.71875,0.33333333333333326
3,92,1,33.183333755,35.5837481,18/04/2025,48,0.2578958107962193,0.3662309025483983,0.7864225706208755,0.2047008273646908,2.934980517669875,838.7777777777778,0.5583333333333333,0.1996527777777778
3,93,1,33.182895612,35.583563345,18/04/2025,48,0.27536408623414854,0.36762811730640693,0.8138561098042446,0.19930268373438098,4.0465263787562815,557.0,0.3376866634989594,0.13628472222222224
3,94,1,33.18283631,35.583630807,18/04/2025,48,0.32591658418420555,0.412178528389823,0.818954158682279,0.24630473160069233,4.663320189106001,542.0,0.19255555163302124,0.125
3,95,3,33.183369293,35.583825388,18/04/2025,48,0.26385150252246087,0.37876453992002707,0.7735823373189513,0.20132979733006878,4.0653363473510495,816.4444444444445,0.38946078431372555,0.15104166666666669
3,96,3,33.183387877,35.583818468,18/04/2025,48,0.26385150252246087,0.37876453992002707,0.7735823373189513,0.20132979733006878,4.0653363473510495,816.4444444444445,0.38946078431372555,0.15104166666666669
3,98,2,33.183438402,35.583861482,18/04/2025,48,0.268552239590084,0.388447743282735,0.7640324206108489,0.20642789551655838,3.3168787207082775,816.2222222222222,0.5291666666666667,0.18055555555555558
3,99,3,33.183423548,35.583878907,18/04/2025,48,0.2889199584462237,0.4018294245533152,0.7735929245869829,0.21755051317783927,4.412912897259045,809.8888888888889,0.41524377318494965,0.15538194444444445
3,100,3,33.183427477,35.583948513,18/04/2025,48,0.3471442425909356,0.4397991221875994,0.8039795688446206,0.26031861024324204,4.422661460266554,797.4444444444445,0.4099264705882353,0.1545138888888889
3,101,2,33.183420537,35.583963707,18/04/2025,48,0.3471442425909356,0.4397991221875994,0.8039795688446206,0.26031861024324204,4.422661460266554,797.4444444444445,0.4099264705882353,0.1545138888888889
3,102,3,33.183504205,35.583903558,18/04/2025,48,0.25632698321477826,0.3713608721247929,0.7744045613177826,0.19748110493541626,3.514005390679865,838.7777777777778,0.5645833333333334,0.17708333333333334
3,103,3,33.183598177,35.583956563,18/04/2025,48,0.2603000156142137,0.3713372910998926,0.7812909882055813,0.18887451555439047,3.499557609147716,845.8888888888889,0.5145833333333333,0.16927083333333334
3,104,3,33.183591233,35.583973528,18/04/2025,48,0.2603000156142137,0.3713372910998926,0.7812909882055813,0.18887451555439047,3.499557609147716,845.8888888888889,0.5145833333333333,0.16927083333333334
3,105,3,33.183597428,35.584040553,18/04/2025,48,0.3325817621159829,0.4235532954298904,0.8087561308490931,0.2367073842368053,3.2771706916329757,825.5555555555555,0.4895833333333333,0.2222222222222222
3,106,2,33.18359093,35.584060073,18/04/2025,48,0.3325817621159829,0.4235532954298904,0.8087561308490931,0.2367073842368053,3.2771706916329757,825.5555555555555,0.4895833333333333,0.2222222222222222
3,107,3,33.183776647,35.584063913,18/04/2025,48,0.26470364444718986,0.37427231830774477,0.783263299365342,0.2015622916210854,3.3129072918469555,878.1111111111111,0.5208333333333334,0.1579861111111111
3,108,3,33.183783543,35.58408049,18/04/2025,48,0.2793366253864312,0.3860784777202098,0.7863042649074545,0.2143348669092474,4.519641085934338,869.8888888888889,0.2946926847662142,0.11805555555555555
3,109,3,33.183765335,35.584140815,18/04/2025,48,0.3008261836333657,0.4061958499637183,0.7855830511991218,0.2297670693312145,4.596251836004465,852.2222222222222,0.26760935143288084,0.11805555555555557
3,110,3,33.183755443,35.584155257,18/04/2025,48,0.3432198109551691,0.4332817269024743,0.8091939131341328,0.24992512545107853,3.906264013530221,829.4444444444445,0.3894607843137255,0.15104166666666666
3,111,3,33.183950983,35.584164983,18/04/2025,48,0.2841209033043896,0.40188299390960586,0.7655083651941157,0.20765840264822039,3.0390457426854662,893.8888888888889,0.525,0.18836805555555555
3,112,1,33.183954938,35.58417649,18/04/2025,48,0.2841209033043896,0.40188299390960586,0.7655083651941157,0.20765840264822039,3.0390457426854662,893.8888888888889,0.525,0.18836805555555555
3,113,2,33.183916327,35.584230625,18/04/2025,48,0.31725810271894456,0.4185797061527769,0.7909151148980523,0.2400446083301094,3.4793877652698146,864.8888888888889,0.53125,0.1840277777777778
3,114,2,33.1839172,35.584225688,18/04/2025,48,0.31725810271894456,0.4185797061527769,0.7909151148980523,0.2400446083301094,3.4793877652698146,864.8888888888889,0.53125,0.1840277777777778
3,115,2,33.18391148,35.584239988,18/04/2025,48,0.31725810271894456,0.4185797061527769,0.7909151148980523,0.2400446083301094,3.4793877652698146,864.8888888888889,0.53125,0.1840277777777778
3,116,3,33.184136002,35.584262307,18/04/2025,48,0.2724782590095387,0.3881966089477908,0.7708981622459185,0.18554580754802974,3.580884111388142,897.7777777777778,0.5208333333333334,0.16145833333333337
3,117,2,33.184130995,35.584280417,18/04/2025,48,0.2840552472736291,0.39747535686189256,0.7734419231764714,0.2000629687981648,4.056258408118133,896.3333333333334,0.46875,0.12586805555555555
3,118,3,33.184066582,35.584331512,18/04/2025,48,0.32484437262915633,0.42702093836439936,0.7881411935705147,0.23918562849950142,4.346251836004466,871.0,0.4113593514328808,0.140625
3,119,2,33.184074793,35.584313375,18/04/2025,48,0.32484437262915633,0.42702093836439936,0.7881411935705147,0.23918562849950142,4.346251836004466,871.0,0.4113593514328808,0.140625
3,120,2,33.184297098,35.584346217,18/04/2025,48,0.24935228866157408,0.3793402017586403,0.7492979026050928,0.1815857792980626,3.802825136526872,919.1111111111111,0.4770833333333333,0.1640625
3,121,1,33.184274322,35.58437223,18/04/2025,48,0.2600292440831227,0.38018920014697977,0.7652211328266483,0.18681687374287564,3.797718626155277,922.6666666666666,0.49375,0.15625
3,122,2,33.184213238,35.584408378,18/04/2025,48,0.30946869632120877,0.4145456818866997,0.7851067349454408,0.2250790059216521,3.9090372348154987,893.3333333333334,0.4832107843137255,0.16145833333333334
3,123,3,33.184208257,35.584427553,18/04/2025,48,0.3347747358322144,0.43217485103171094,0.7956421788621127,0.24827024689817406,3.5968226336265317,882.0,0.3810049019607843,0.17708333333333331
3,124,3,33.184454693,35.584458557,18/04/2025,48,0.25619734107920195,0.3776833859434709,0.762913275714067,0.1812686960051745,4.309284387862439,934.7777777777778,0.37152149321266975,0.14756944444444445
3,125,3,33.18445595,35.584484998,18/04/2025,48,0.2662618457474951,0.38594110570041984,0.764687955661112,0.19251808811516352,4.042628649429343,924.7777777777778,0.4503676470588236,0.1371527777777778
3,126,3,33.184368415,35.584504552,18/04/2025,48,0.30927396301916604,0.4150776567442004,0.7837053066256159,0.21679906421718667,3.247575704662987,898.5555555555555,0.5625,0.17361111111111113
3,127,2,33.18436111,35.584522137,18/04/2025,48,0.32767371042269455,0.42986272180677615,0.7876112385257396,0.23139086152656085,3.3283289525648923,884.1111111111111,0.5620098039215686,0.21875
3,128,2,33.184637052,35.584566185,18/04/2025,48,0.25533941378331115,0.3816228986730574,0.7546777263156802,0.19417994933160532,2.6009028854846648,946.8888888888889,0.6541666666666667,0.23350694444444442
3,129,2,33.184510735,35.584579917,18/04/2025,48,0.28749462117353103,0.3966966706533793,0.7807434831274166,0.2075947527435215,3.45842909975111,935.2222222222222,0.5291666666666667,0.1623263888888889
3,130,2,33.18450292,35.584604105,18/04/2025,48,0.3133087805226637,0.4160622559155497,0.7886749610374904,0.23044224245306597,4.36056875211351,915.4444444444445,0.36825980392156865,0.11805555555555555
3,131,2,33.184800562,35.584671052,18/04/2025,48,0.24461070121954986,0.36761288313277907,0.7619832995947857,0.17683588181246335,2.3838882202264036,980.4444444444445,0.6749999999999999,0.2795138888888889
3,132,2,33.184661677,35.584694635,18/04/2025,48,0.3132948126464291,0.42042451865390534,0.7809210610297276,0.24147973749532975,3.688926440498354,921.0,0.417354826546003,0.14930555555555555
3,133,3,33.184672565,35.58468571,18/04/2025,48,0.29622704875485434,0.4106239354714813,0.7698735356235852,0.22716614235054053,3.7604306801968876,928.7777777777778,0.47083333333333327,0.1362847222222222
3,134,3,33.184962885,35.584768473,18/04/2025,48,0.2626254182731722,0.37712503951215265,0.7745831549501199,0.17868172282050596,3.107551744756387,1038.6666666666667,0.5645833333333333,0.1701388888888889
3,135,2,33.18495426,35.584782515,18/04/2025,48,0.2626254182731722,0.37712503951215265,0.7745831549501199,0.17868172282050596,3.107551744756387,1038.6666666666667,0.5645833333333333,0.1701388888888889
3,136,3,33.184809337,35.58478054,18/04/2025,48,0.2798376065857564,0.3990614844265361,0.7639294205860604,0.20798821791327768,3.1633456951388417,952.4444444444445,0.6145833333333333,0.2048611111111111
3,137,2,33.184817277,35.584764663,18/04/2025,48,0.2798376065857564,0.3990614844265361,0.7639294205860604,0.20798821791327768,3.1633456951388417,952.4444444444445,0.6145833333333333,0.2048611111111111
3,138,3,33.184953912,35.584845518,18/04/2025,48,0.2911353095587829,0.398085179140269,0.7841151255767806,0.20964273373793588,3.0841734230600863,986.1111111111111,0.65625,0.1996527777777778
3,139,3,33.184956517,35.584875627,18/04/2025,48,0.3066897439657576,0.41103369103079285,0.7867095217076079,0.23292526099659033,2.9718226336265303,962.6666666666666,0.5395833333333333,0.296875
3,140,1,33.185109998,35.584940212,18/04/2025,48,0.3087562211486238,0.4098990884806565,0.7927179583186386,0.21133586924856168,4.776828126933221,978.3333333333334,0.2488700527203056,0.1154513888888889
3,141,2,33.18506981,35.584887362,18/04/2025,48,0.29250378308030434,0.40203398468900875,0.7792430435698335,0.20531431349073503,3.483118332095219,979.2222222222222,0.46862745098039216,0.17708333333333334
3,142,3,33.185051092,35.584958315,18/04/2025,48,0.330033706147153,0.4287676805001929,0.793955885074002,0.2398622171090982,2.7075187496394215,638.5555555555555,0.28759752925877763,0.2708333333333333
3,143,2,33.185046362,35.584976137,18/04/2025,48,0.330033706147153,0.4287676805001929,0.793955885074002,0.2398622171090982,2.7075187496394215,638.5555555555555,0.28759752925877763,0.2708333333333333
3,144,2,33.184892468,35.58479606,18/04/2025,48,0.2889456201258342,0.3997472289897153,0.7774911439221739,0.21718878294290056,2.9450355658756875,979.0,0.625,0.1909722222222222
3,145,2,33.18488005,35.584867878,18/04/2025,48,0.3497460429786966,0.44155978204891216,0.8052802730774581,0.264707423007972,4.017617721195771,914.6666666666666,0.40059012066365,0.13368055555555555
3,146,2,33.184868562,35.584886468,18/04/2025,48,0.39906928141252185,0.47452896983447207,0.8324754855132227,0.2997300894249315,5.048533209849189,878.7777777777778,0.19556240063593003,0.10763888888888891
3,147,2,33.184792922,35.58475537,18/04/2025,48,0.29069442766060144,0.40957381759080963,0.7629027998928266,0.2204745438034825,3.548680608917954,936.5555555555555,0.5009898190045248,0.18055555555555555
3,148,2,33.184740833,35.584687648,18/04/2025,48,0.27426853074507346,0.3971248938269747,0.7577483920177454,0.19660022289267487,3.2747849987618847,937.6666666666666,0.5645833333333333,0.19270833333333334
3,149,2,33.18456058,35.584584838,18/04/2025,48,0.29473934185779443,0.4043523533728727,0.7787418320035039,0.2151849840013032,2.969639202262304,927.8888888888889,0.6229166666666667,0.2439236111111111
3,150,2,33.184565495,35.584601172,18/04/2025,48,0.2835419196987527,0.39898258133251663,0.7697082245859588,0.20727838718203062,4.035034316583504,929.8888888888889,0.45416666666666666,0.1579861111111111
3,151,3,33.18457413,35.584677877,18/04/2025,48,0.32887315767941117,0.4293338001324505,0.7912508870676016,0.2412675624966318,4.038060296327809,910.2222222222222,0.43749999999999994,0.1293402777777778
3,152,2,33.184566543,35.584694765,18/04/2025,48,0.36868460209825327,0.4501923469881087,0.8236826000490759,0.2702584767374591,4.596251836004467,894.4444444444445,0.2902714932126696,0.11805555555555555
3,153,2,33.184422298,35.584509087,18/04/2025,48,0.2729832586870476,0.387314150024531,0.7732622878810003,0.19243223956611014,4.082141085934338,921.8888888888889,0.43909313725490196,0.14149305555555558
3,154,2,33.184413273,35.58452042,18/04/2025,48,0.2947196118721298,0.40438774228864116,0.7785556632504945,0.20827271580357587,4.110161460266554,907.7777777777778,0.4432598039215686,0.1762152777777778
3,155,2,33.184388993,35.584571983,18/04/2025,48,0.33967190924836627,0.43564672238863944,0.7978054145464469,0.2372436721504535,4.058746230592377,880.3333333333334,0.40661764705882364,0.13020833333333331
3,156,3,33.184383627,35.584586525,18/04/2025,48,0.3836792253231817,0.4620973455294109,0.8282942237356542,0.2748202390162673,4.637918502671134,866.8888888888889,0.2293369104398516,0.11458333333333334
3,157,1,33.184253348,35.584405278,18/04/2025,48,0.28537813630847164,0.3929601627023465,0.7838252895938631,0.20081967838864628,3.674683223923693,910.7777777777778,0.49154411764705885,0.1762152777777778
3,158,1,33.184250652,35.584426318,18/04/2025,48,0.3036589941355732,0.40808175721229295,0.7869156360831923,0.2151106527760451,3.9150891943041093,897.8888888888889,0.4072270800211977,0.1545138888888889
3,159,2,33.184233367,35.584476795,18/04/2025,48,0.39151203346833174,0.46838218275186283,0.8294275521512557,0.28425919471006045,4.846251836004468,865.3333333333334,0.1654794443765032,0.1076388888888889
3,160,2,33.18409682,35.584305142,18/04/2025,48,0.2926393847203168,0.40463255159518696,0.7748302386695969,0.21181442302691106,4.043093107165022,888.8888888888889,0.4206730769230768,0.12586805555555555
3,161,2,33.184088425,35.584310077,18/04/2025,48,0.2926393847203168,0.40463255159518696,0.7748302386695969,0.21181442302691106,4.043093107165022,888.8888888888889,0.4206730769230768,0.12586805555555555
3,162,2,33.184067373,35.584387057,18/04/2025,48,0.38141426829910724,0.4565934117267642,0.8352143798489248,0.27769978422572283,4.544372148594611,846.5555555555555,0.285170941284731,0.1267361111111111
3,163,2,33.184074752,35.584373145,18/04/2025,48,0.347109688981264,0.4386594502936487,0.8055895361379138,0.25405775044943757,3.7673125589519687,861.6666666666666,0.5395833333333334,0.1579861111111111
3,164,2,33.183933948,35.584193735,18/04/2025,48,0.2975377368848631,0.40521120443722847,0.7819110489921777,0.2165964830889905,3.399804762194655,881.1111111111111,0.5958333333333333,0.1779513888888889
3,165,3,33.183923218,35.584281862,18/04/2025,48,0.35125349920564986,0.4341611710629772,0.8227226706413799,0.2573777694757772,5.063314583693911,861.1111111111111,0.22477176837470955,0.11197916666666669
3,166,3,33.183761742,35.584100012,18/04/2025,48,0.2894590027527081,0.3896740984961849,0.7970101438443613,0.21921179401033764,4.577572732832805,862.8888888888889,0.3589555052790347,0.11111111111111112
3,167,3,33.1837652,35.584187033,18/04/2025,48,0.3673857138162643,0.45268379472938874,0.8153811398969943,0.2633058574291711,3.6699840053990544,809.8888888888889,0.5416666666666666,0.1519097222222222
3,168,3,33.183758943,35.584205178,18/04/2025,48,0.43030753395557786,0.48796036741843124,0.8674673129355445,0.30733811278863954,4.619239399499471,792.0,0.17463826521084436,0.1076388888888889
3,169,3,33.183604362,35.584014462,18/04/2025,48,0.30326021352541904,0.4076480771552873,0.7872548936213634,0.21504969281402608,4.102303795493077,837.1111111111111,0.4208333333333333,0.13194444444444445
3,170,1,33.183600267,35.584025297,18/04/2025,48,0.31142616034103177,0.4082748932639719,0.8002765863631249,0.2197150770170004,3.4718226336265308,836.3333333333334,0.3999999999999999,0.19444444444444445
3,171,3,33.183614987,35.58410624,18/04/2025,48,0.37836689291127346,0.4587008003941208,0.8241694497006941,0.2855579145613689,4.846251836004468,801.7777777777778,0.18855249480249484,0.10763888888888891
3,172,3,33.183607487,35.584123942,18/04/2025,48,0.37836689291127346,0.4587008003941208,0.8241694497006941,0.2855579145613689,4.846251836004468,801.7777777777778,0.18855249480249484,0.10763888888888891
3,173,3,33.18343705,35.583901803,18/04/2025,48,0.2889199584462237,0.4018294245533152,0.7735929245869829,0.21755051317783927,4.412912897259045,809.8888888888889,0.41524377318494965,0.15538194444444445
3,174,2,33.183429673,35.583919888,18/04/2025,48,0.31844553621669563,0.4199852487308088,0.7907937904867555,0.23600911360776802,5.063314583693911,803.6666666666666,0.27725357710651827,0.11197916666666669
3,175,3,33.183425703,35.58397777,18/04/2025,48,0.3764548538542922,0.45585182581764616,0.8263539145972045,0.28239415517364574,4.575418502671133,790.1111111111111,0.3753676470588236,0.11892361111111113
3,176,3,33.183419873,35.583999983,18/04/2025,48,0.3764548538542922,0.45585182581764616,0.8263539145972045,0.28239415517364574,4.575418502671133,790.1111111111111,0.3753676470588236,0.11892361111111113
4,24,2,33.183340975,35.583649787,22/04/2025,44,0.26632140723812875,0.3645346140804891,0.8038421552324172,0.1955635007238606,4.164195377838082,956.7777777777778,0.4291666666666667,0.13020833333333334
4,25,2,33.183405773,35.58365562,22/04/2025,44,0.254360246192428,0.3501270996899739,0.8098546572466759,0.19452027109010742,4.022841696743078,970.4444444444445,0.3899038461538462,0.1449652777777778
4,26,2,33.18327882,35.583671265,22/04/2025,44,0.2744846220030907,0.3757753817580401,0.7970765383762285,0.20891722014648573,2.4150820599849467,941.8888888888889,0.6416666666666666,0.28298611111111116
4,27,1,33.183384408,35.583665087,22/04/2025,44,0.2563934468175258,0.3523074652820626,0.8093117262629193,0.19470939952091293,4.031860937770433,965.7777777777778,0.4520833333333334,0.1484375
4,28,3,33.183421907,35.58366474,22/04/2025,44,0.25938848189177577,0.3555160205454377,0.8086688939103409,0.20113563359186443,4.30068744001086,977.4444444444445,0.3544871794871795,0.12239583333333334
4,29,2,33.183413827,35.583749748,22/04/2025,44,0.2937419869672309,0.38132351431602524,0.8205982106681639,0.2185242944910313,3.6706380955279885,953.8888888888889,0.5145833333333334,0.1545138888888889
4,30,2,33.183419493,35.583754065,22/04/2025,44,0.2901517858534734,0.38501716923303847,0.807059876097496,0.2252944047177809,2.574344026199031,953.2222222222222,0.5520833333333333,0.24479166666666666
4,31,2,33.183444822,35.583677362,22/04/2025,44,0.25938848189177577,0.3555160205454377,0.8086688939103409,0.20113563359186443,4.30068744001086,977.4444444444445,0.3544871794871795,0.12239583333333334
4,32,2,33.183444093,35.5836959,22/04/2025,44,0.27146861566858205,0.3606649670271589,0.8200532685389663,0.21118564035754714,4.300424108083221,973.5555555555555,0.3143005279034691,0.13020833333333334
4,33,1,33.183472188,35.583696302,22/04/2025,44,0.2671971579412086,0.35696428193740976,0.8194980440078239,0.2038018905727755,3.6803129590011157,981.7777777777778,0.32120098039215683,0.19618055555555558
4,34,2,33.183494078,35.583708643,22/04/2025,44,0.2580227590905864,0.35483008353753737,0.8076197919894846,0.19813498442929425,3.404984972100632,985.4444444444445,0.46249999999999997,0.1675347222222222
4,35,1,33.18349499,35.58372554,22/04/2025,44,0.26448699246876306,0.3592394309417012,0.8105438939908776,0.20617575640738448,3.7114330126120216,978.5555555555555,0.475,0.15104166666666669
4,36,2,33.18354211,35.583753632,22/04/2025,44,0.27002258851306843,0.3706534356532621,0.7989793109124295,0.20375039999296785,2.902439983737665,960.3333333333334,0.55,0.20486111111111113
4,38,2,33.183654748,35.58379738,22/04/2025,44,0.26884204392298927,0.3685592049289063,0.8006588413419929,0.21437886922898441,3.9091591278514217,970.7777777777778,0.25810943296237415,0.1388888888888889
4,39,2,33.183649103,35.58381395,22/04/2025,44,0.26884204392298927,0.3685592049289063,0.8006588413419929,0.21437886922898441,3.9091591278514217,970.7777777777778,0.25810943296237415,0.1388888888888889
4,40,3,33.18357413,35.58384302,22/04/2025,44,0.2830103352733775,0.3760080409417633,0.8114543021522511,0.2209280316406118,3.254859712089615,959.4444444444445,0.48230580693815983,0.1918402777777778
4,41,2,33.183568927,35.583857708,22/04/2025,44,0.29603013771504094,0.38864377052759586,0.8104614514245573,0.23624791006377618,4.53442245977906,953.7777777777778,0.3367929864253394,0.12239583333333334
4,42,2,33.183667175,35.583826202,22/04/2025,44,0.2829991918960324,0.3801777341833778,0.8035439743943708,0.22448635771574357,4.804585169337801,975.6666666666666,0.2470178040030981,0.11111111111111112
4,43,3,33.183643803,35.583878668,22/04/2025,44,0.28954567427435746,0.3869130930816644,0.802335287146415,0.23218427511990736,4.776828126933223,965.7777777777778,0.2855486425339367,0.1154513888888889
4,44,3,33.183628637,35.583893978,22/04/2025,44,0.2899269610108244,0.3912831157711983,0.7947789904263076,0.21389051639547974,3.138064703666797,946.7777777777778,0.5099264705882353,0.21180555555555558
4,45,2,33.183695452,35.583847187,22/04/2025,44,0.279059413177879,0.3772054288304507,0.8022708512099107,0.21555407726154133,4.393970462159744,979.1111111111111,0.34470644286820756,0.11805555555555555
4,46,2,33.183724567,35.583858615,22/04/2025,44,0.27508225031135625,0.37571695664410687,0.7983746872140303,0.2112250267458571,3.8552595148524484,975.2222222222222,0.475,0.13368055555555558
4,47,2,33.183762173,35.583879683,22/04/2025,44,0.2711864781516453,0.3692092171428303,0.8038359938798035,0.20361934049816577,3.004509586131382,984.4444444444445,0.5479166666666666,0.19270833333333334
4,48,2,33.183774913,35.583871242,22/04/2025,44,0.2674778222224334,0.3630160533763713,0.8088406156761567,0.1963935217528532,2.516672272078755,996.3333333333334,0.6458333333333333,0.23524305555555552
4,49,3,33.183808437,35.583891458,22/04/2025,44,0.2653072333987399,0.36898181573865824,0.7938897905894796,0.19568304038902862,2.4308241319059887,991.4444444444445,0.6875,0.24479166666666666
4,50,2,33.183801752,35.583902875,22/04/2025,44,0.2653072333987399,0.36898181573865824,0.7938897905894796,0.19568304038902862,2.4308241319059887,991.4444444444445,0.6875,0.24479166666666666
4,51,3,33.183722155,35.58393322,22/04/2025,44,0.2786176489710765,0.37614257088449604,0.8038770658908846,0.21172584559376828,2.9307901819817657,972.5555555555555,0.6479166666666667,0.19444444444444448
4,52,1,33.183709945,35.583942073,22/04/2025,44,0.27882969813074343,0.3755846821777892,0.8051239895512022,0.2171703619850553,3.0047949849424147,969.0,0.625,0.20572916666666669
4,53,1,33.183981722,35.583981352,22/04/2025,44,0.2688524496127507,0.37548825509967476,0.7879859881904211,0.193479831763188,3.4418084603233434,1011.4444444444445,0.525,0.20399305555555555
4,54,3,33.183869465,35.584019592,22/04/2025,44,0.28753987297952777,0.39131827724302704,0.7906229704403162,0.21144594010174,3.672487163445857,973.5555555555555,0.5479166666666666,0.1796875
4,55,3,33.18386289,35.584035335,22/04/2025,44,0.28753987297952777,0.39131827724302704,0.7906229704403162,0.21144594010174,3.672487163445857,973.5555555555555,0.5479166666666666,0.1796875
4,56,2,33.184009975,35.584101383,22/04/2025,44,0.28825286528388105,0.3823768973925704,0.8089186307361946,0.20403927621366424,3.9015647950055823,1010.2222222222222,0.38958333333333334,0.1423611111111111
4,57,2,33.184005553,35.584117157,22/04/2025,44,0.29593715727261827,0.3873585160270811,0.8131471165500292,0.21884657655897485,4.300424108083222,1005.1111111111111,0.4041666666666666,0.13020833333333334
4,58,2,33.184166042,35.584213185,22/04/2025,44,0.30054657497661563,0.4060828625346164,0.7854996076144692,0.22651620445803536,3.8848925229268274,1015.7777777777778,0.4311274509803921,0.1449652777777778
4,59,2,33.184327513,35.58428952,22/04/2025,44,0.27921965256109366,0.3823762489508303,0.7930546067438095,0.20795932237218473,1.7639415206106652,1037.2222222222222,0.7916666666666665,0.46267361111111116
4,60,2,33.18431891,35.58430637,22/04/2025,44,0.27876090275787085,0.38220026439475735,0.7926192449494969,0.2006674294131849,2.162505605412089,1033.6666666666667,0.6875,0.3559027777777778
4,61,2,33.184473012,35.584400473,22/04/2025,44,0.26201041865021135,0.37694912032936156,0.7737610454679613,0.19622097231138533,1.8279538356873366,1037.7777777777778,0.7375,0.3862847222222223
4,62,1,33.184480155,35.584383128,22/04/2025,44,0.2551340674427861,0.36844908672813653,0.7776596087790112,0.1912729455192963,1.4353074058019706,1050.4444444444443,0.75,0.4887152777777778
4,63,1,33.18447918,35.584382615,22/04/2025,44,0.2551340674427861,0.36844908672813653,0.7776596087790112,0.1912729455192963,1.4353074058019706,1050.4444444444443,0.75,0.4887152777777778
4,64,1,33.184649032,35.584476263,22/04/2025,44,0.2800506391147683,0.38722632513518374,0.7856733571897222,0.2108795978399972,2.3976023629885432,1068.888888888889,0.5708333333333333,0.23697916666666666
4,65,2,33.18478571,35.584588918,22/04/2025,44,0.26527384361760764,0.3724824252037784,0.7874956713880984,0.19089888844387895,4.067359712089615,1091.0,0.3223039215686274,0.12152777777777779
4,66,2,33.18495201,35.584663277,22/04/2025,44,0.24819505897091268,0.35902892619782023,0.7830011147918556,0.188240585601732,4.008234619719053,1163.888888888889,0.36986236802413275,0.1605902777777778
4,67,2,33.184944048,35.584676168,22/04/2025,44,0.24819505897091268,0.35902892619782023,0.7830011147918556,0.188240585601732,4.008234619719053,1163.888888888889,0.36986236802413275,0.1605902777777778
4,68,3,33.185211112,35.58473142,22/04/2025,44,,,,,,,,
4,69,1,33.185209163,35.584748317,22/04/2025,44,0.2670693822550954,0.3842620393111653,0.7689744937072189,0.1955855633938314,4.804585169337801,1170.888888888889,0.24554110105580695,0.11111111111111112
4,70,2,33.18522875,35.584785562,22/04/2025,44,,,,,,,,
4,71,2,33.18496718,35.584720162,22/04/2025,44,0.24647701008887424,0.36097603375484044,0.7767376188393853,0.18625276395722412,3.191080670660026,1159.6666666666667,0.48958333333333337,0.17100694444444445
4,72,1,33.184955002,35.584735952,22/04/2025,44,0.2660857211377861,0.3796964553162728,0.775575471129373,0.19753325375260386,4.208888024249054,1120.111111111111,0.24923076923076926,0.12239583333333334
4,73,3,33.184811513,35.584631455,22/04/2025,44,0.26787686446258113,0.3766319949503048,0.7841548319510694,0.20443974783635158,4.693494793599889,1082.5555555555557,0.2730486425339366,0.12760416666666669
4,74,1,33.184646417,35.584570203,22/04/2025,44,0.27485758053554066,0.38234893686485416,0.7855652097758953,0.20500825409525303,3.7336190869093264,1052.0,0.4082107843137255,0.12586805555555555
4,75,1,33.18451505,35.584449657,22/04/2025,44,0.2657846943546813,0.3779313624599332,0.7783288123638887,0.19766472007656558,2.8411220587395087,1039.5555555555557,0.5708333333333333,0.1840277777777778
4,76,1,33.184371233,35.584291258,22/04/2025,44,0.2772912483297599,0.38117183017237344,0.7920042182926803,0.21296852252678955,2.32097105389476,1039.2222222222222,0.6854166666666666,0.2916666666666667
4,77,2,33.184355772,35.584358753,22/04/2025,44,0.27397382011840876,0.377812140923232,0.7923950063245301,0.19610665559402873,4.389460876028362,1027.2222222222222,0.21849766248977154,0.1284722222222222
4,78,3,33.184205282,35.584266892,22/04/2025,44,0.281076451680094,0.39055713964424515,0.7810120803054708,0.20794605314932,3.4841572441793875,1010.0,0.4786764705882353,0.1657986111111111
4,79,2,33.184194715,35.584289723,22/04/2025,44,0.2889515195691186,0.3964218847568169,0.7836054209046016,0.21622255077473185,3.628099679278688,1010.7777777777778,0.45784313725490194,0.1545138888888889
4,80,3,33.184060657,35.584179655,22/04/2025,44,0.29003973625752605,0.3971807759803936,0.7841102505835168,0.21837024775438546,3.9085775391837685,996.2222222222222,0.5208333333333333,0.14409722222222224
4,81,2,33.183877972,35.58398514,22/04/2025,44,0.29166565352287843,0.3986783868130106,0.7840668862744685,0.22422178272129184,3.5044524202426603,980.1111111111111,0.5958333333333333,0.15625
4,82,2,33.183755828,35.583902455,22/04/2025,44,0.2692525147978666,0.37070569850331503,0.7976017455487454,0.20544395201924381,3.0687730580917587,980.0,0.58125,0.17361111111111113
4,83,3,33.183739807,35.583988108,22/04/2025,44,0.29405371223690974,0.3861305337792247,0.8119796259855763,0.22904138896057624,1.6835024445205309,975.8888888888889,0.8125,0.4201388888888889
4,84,3,33.183786553,35.584016998,22/04/2025,44,0.29707039378999034,0.39488373132957044,0.8005612715854282,0.24051255427528936,1.4353074058019708,968.4444444444445,0.75,0.4887152777777778
4,85,3,33.183785112,35.584018663,22/04/2025,44,0.29707039378999034,0.39488373132957044,0.8005612715854282,0.24051255427528936,1.4353074058019708,968.4444444444445,0.75,0.4887152777777778
4,86,1,33.183586345,35.583825855,22/04/2025,44,0.2847368681411196,0.37963098888068214,0.8076093689794188,0.2220729752442424,3.568161201287315,961.8888888888889,0.43634992458521876,0.15364583333333337
4,87,1,33.183594508,35.583804277,22/04/2025,44,0.27025508504382223,0.366148552740814,0.8076268601493745,0.2091805611305895,3.23161225581642,969.5555555555555,0.5040441176470588,0.16145833333333331
4,88,3,33.183627737,35.583942933,22/04/2025,44,0.28986214561590773,0.39050877095108427,0.7961709890332366,0.21082591043135743,2.6601042477171974,944.0,0.6104166666666666,0.2265625
4,89,3,33.183634738,35.58392777,22/04/2025,44,0.2846921316828623,0.38151360200337553,0.8040494967237772,0.21734669870919227,3.5591790284721756,958.4444444444445,0.5604166666666667,0.16579861111111113
4,90,2,33.183489682,35.58384219,22/04/2025,44,0.2901041581202406,0.3894832740821996,0.798514341152495,0.21658109546357385,4.02890865756051,943.8888888888889,0.47291666666666665,0.12586805555555555
4,91,2,33.183483287,35.58385752,22/04/2025,44,0.2929934911407108,0.3930854380600234,0.7967448191660569,0.2236796294315805,3.9166315676613377,937.2222222222222,0.41250000000000003,0.1579861111111111
4,92,1,33.183333755,35.5837481,22/04/2025,44,0.2701643181900743,0.36519421750474595,0.8093499253327744,0.19961707689019675,4.222534316583504,941.4444444444445,0.3698529411764706,0.12239583333333334
4,93,1,33.182895612,35.583563345,22/04/2025,44,0.31801723156488165,0.40793324712392004,0.8128244905000416,0.24641692285800618,4.461038815261277,610.2222222222222,0.24755469859677665,0.125
4,94,1,33.18283631,35.583630807,22/04/2025,44,0.3467612766132014,0.43140147846712246,0.819093691195696,0.2662671431666784,2.2845300583088024,606.4444444444445,0.5521947746409114,0.3046875
4,95,3,33.183369293,35.583825388,22/04/2025,44,0.3069337375744514,0.3971806788683676,0.813577998147984,0.2495443013767601,3.9367722103366827,942.6666666666666,0.475,0.13628472222222224
4,96,3,33.183387877,35.583818468,22/04/2025,44,0.3069337375744514,0.3971806788683676,0.813577998147984,0.2495443013767601,3.9367722103366827,942.6666666666666,0.475,0.13628472222222224
4,98,2,33.183438402,35.583861482,22/04/2025,44,0.3110696388034845,0.40717245903843874,0.8017588470290312,0.23360760074471207,1.0612781244591327,937.2222222222222,0.875,0.5989583333333334
4,99,3,33.183423548,35.583878907,22/04/2025,44,0.3160033382471798,0.41158705784558763,0.8020291660808808,0.24305593443169174,1.4541978025686977,930.7777777777778,0.8104166666666667,0.532986111111111
4,100,3,33.183427477,35.583948513,22/04/2025,44,0.3440826436365356,0.4310824022218002,0.814965042788714,0.27300313784818997,3.9167568998467095,915.7777777777778,0.4142911010558069,0.14583333333333334
4,101,2,33.183420537,35.583963707,22/04/2025,44,0.3440826436365356,0.4310824022218002,0.814965042788714,0.27300313784818997,3.9167568998467095,915.7777777777778,0.4142911010558069,0.14583333333333334
4,102,3,33.183504205,35.583903558,22/04/2025,44,0.2966397033551447,0.3916125661289771,0.8060072554552328,0.24403227099980151,4.532880086421833,942.7777777777778,0.3510558069381599,0.11892361111111112
4,103,3,33.183598177,35.583956563,22/04/2025,44,0.29902589917268924,0.39105271713715506,0.8115983798879847,0.21777188855155577,3.7713880242490543,949.0,0.5207107843137255,0.14756944444444442
4,104,3,33.183591233,35.583973528,22/04/2025,44,0.29902589917268924,0.39105271713715506,0.8115983798879847,0.21777188855155577,3.7713880242490543,949.0,0.5207107843137255,0.14756944444444442
4,105,3,33.183597428,35.584040553,22/04/2025,44,0.3611716607609907,0.4374244758535494,0.8340498234040868,0.2586949155033171,4.596251836004467,939.8888888888889,0.2459087481146304,0.11805555555555555
4,106,2,33.18359093,35.584060073,22/04/2025,44,0.3611716607609907,0.4374244758535494,0.8340498234040868,0.2586949155033171,4.596251836004467,939.8888888888889,0.2459087481146304,0.11805555555555555
4,107,3,33.183776647,35.584063913,22/04/2025,44,0.30660904159192653,0.4038998750837904,0.8002478631018244,0.24463096096365108,2.930790181981766,967.3333333333334,0.457843137254902,0.19444444444444448
4,108,3,33.183783543,35.58408049,22/04/2025,44,0.3186157024433651,0.4121916917737885,0.80564236996604,0.25259292684724827,2.998547859822814,966.4444444444445,0.46825980392156863,0.17881944444444445
4,109,3,33.183765335,35.584140815,22/04/2025,44,0.33113222261009945,0.41880559860056216,0.8153650373856722,0.2586737013422773,3.476717444721476,962.5555555555555,0.5229166666666667,0.1814236111111111
4,110,3,33.183755443,35.584155257,22/04/2025,44,0.36828226398478225,0.4464210826449504,0.8299296238238928,0.2845536414694046,4.846251836004468,947.8888888888889,0.24745098039215685,0.1076388888888889
4,111,3,33.183950983,35.584164983,22/04/2025,44,0.31087062323395664,0.3957615654458325,0.8237443983239822,0.226679684592732,3.6920095861313826,1001.5555555555555,0.5291666666666667,0.1623263888888889
4,112,1,33.183954938,35.58417649,22/04/2025,44,0.31087062323395664,0.3957615654458325,0.8237443983239822,0.226679684592732,3.6920095861313826,1001.5555555555555,0.5291666666666667,0.1623263888888889
4,113,2,33.183916327,35.584230625,22/04/2025,44,0.3563349491336347,0.4352782975889393,0.8292850052686009,0.27009977511428934,4.776828126933221,976.3333333333334,0.27170060331825036,0.1154513888888889
4,114,2,33.1839172,35.584225688,22/04/2025,44,0.3563349491336347,0.4352782975889393,0.8292850052686009,0.27009977511428934,4.776828126933221,976.3333333333334,0.27170060331825036,0.1154513888888889
4,115,2,33.18391148,35.584239988,22/04/2025,44,0.3563349491336347,0.4352782975889393,0.8292850052686009,0.27009977511428934,4.776828126933221,976.3333333333334,0.27170060331825036,0.1154513888888889
4,116,3,33.184136002,35.584262307,22/04/2025,44,0.2989950644051363,0.40144225763192654,0.7916025974513246,0.24285164556237426,3.7402679706381496,1008.3333333333334,0.47708333333333336,0.1684027777777778
4,117,2,33.184130995,35.584280417,22/04/2025,44,0.3015437307788456,0.4033419091099175,0.792511201963733,0.2463786887912859,3.6459070328677163,999.5555555555555,0.5416666666666666,0.21180555555555558
4,118,3,33.184066582,35.584331512,22/04/2025,44,0.3489207905551293,0.42714287477546836,0.8318698642804369,0.2710752440254779,4.417073958513622,1000.2222222222222,0.31327835188129305,0.15711805555555555
4,119,2,33.184074793,35.584313375,22/04/2025,44,0.3489207905551293,0.42714287477546836,0.8318698642804369,0.2710752440254779,4.417073958513622,1000.2222222222222,0.31327835188129305,0.15711805555555555
4,120,2,33.184297098,35.584346217,22/04/2025,44,0.2864782484468305,0.38618903360596246,0.7983954012149088,0.19880111363901648,3.0137771577575547,1027.888888888889,0.53125,0.2092013888888889
4,121,1,33.184274322,35.58437223,22/04/2025,44,0.29319870835637407,0.3930832752029175,0.7971646499598344,0.2082682125558664,1.8869602933016414,1024.111111111111,0.65625,0.3984375
4,122,2,33.184213238,35.584408378,22/04/2025,44,0.33575230686271024,0.4197379042382635,0.8221938516143892,0.25988408017018005,4.163932045910444,1023.2222222222222,0.2831890291572878,0.13802083333333334
4,123,3,33.184208257,35.584427553,22/04/2025,44,0.360162387674082,0.4378392987503014,0.8313262802617609,0.27650698586046485,4.8045851693378,1009.7777777777778,0.22402613322968593,0.11111111111111112
4,124,3,33.184454693,35.584458557,22/04/2025,44,0.29065641011691734,0.39365658865585035,0.7919259455461755,0.21360364591443298,3.567680209905977,1026.2222222222222,0.5875,0.16753472222222224
4,125,3,33.18445595,35.584484998,22/04/2025,44,0.3010649302317492,0.40010305875627356,0.7977577846995662,0.22066212095228485,3.2141254000437534,1024.6666666666667,0.6083333333333334,0.1935763888888889
4,126,3,33.184368415,35.584504552,22/04/2025,44,0.327848124054473,0.4217980417799464,0.8035737410406177,0.23958959894255422,4.834147917027245,1004.7777777777778,0.2984086462027638,0.11979166666666669
4,127,2,33.18436111,35.584522137,22/04/2025,44,0.3465517935069912,0.43469285296761995,0.8129207113368362,0.2513112594403126,5.063314583693911,996.4444444444445,0.20379958012310953,0.11197916666666669
4,128,2,33.184637052,35.584566185,22/04/2025,44,0.28326291895018635,0.38803196160889564,0.7894263069996444,0.21507650342224244,3.0971104910908878,1052.7777777777778,0.51875,0.20399305555555558
4,129,2,33.184510735,35.584579917,22/04/2025,44,0.2950471860710593,0.39697425477092113,0.7930866502313132,0.22933131752769415,3.9963936296611426,1045.111111111111,0.4083333333333333,0.12586805555555555
4,130,2,33.18450292,35.584604105,22/04/2025,44,0.32187025204216824,0.4167801692842584,0.8030323002188039,0.2578861318894702,4.574546753088499,1037.888888888889,0.31878770739064854,0.1154513888888889
4,131,2,33.184800562,35.584671052,22/04/2025,44,0.2697676345164832,0.37905256984270264,0.7829052079371284,0.20696398811028396,3.7262143864567436,1076.7777777777778,0.4530260180995475,0.15885416666666669
4,132,2,33.184661677,35.584694635,22/04/2025,44,0.31878304589984247,0.4107747633949055,0.8087720656118711,0.25627724233397964,3.850560296327809,1038.888888888889,0.4355869104398516,0.16145833333333334
4,133,3,33.184672565,35.58468571,22/04/2025,44,0.30682685687054534,0.4034756252777726,0.8012893944247224,0.2416861494618835,2.9452887254061753,1041.7777777777778,0.6099264705882352,0.2387152777777777
4,134,3,33.184962885,35.584768473,22/04/2025,44,0.2743116909203746,0.3867090502395328,0.7765145435302094,0.20846032302716486,4.8045851693378,1103.6666666666667,0.12928024744201214,0.11111111111111112
4,135,2,33.18495426,35.584782515,22/04/2025,44,0.2743116909203746,0.3867090502395328,0.7765145435302094,0.20846032302716486,4.8045851693378,1103.6666666666667,0.12928024744201214,0.11111111111111112
4,136,3,33.184809337,35.58478054,22/04/2025,44,0.30348130735243006,0.41841335093283744,0.7674664477920279,0.22736357028742418,4.102714526489481,1036.0,0.32683823529411765,0.12239583333333334
4,137,2,33.184817277,35.584764663,22/04/2025,44,0.30348130735243006,0.41841335093283744,0.7674664477920279,0.22736357028742418,4.102714526489481,1036.0,0.32683823529411765,0.12239583333333334
4,138,3,33.184953912,35.584845518,22/04/2025,44,0.30180696548085995,0.4055068111216662,0.7888636312778994,0.22749998552613748,4.819366543182522,1069.7777777777778,0.29598849415025885,0.1154513888888889
4,139,3,33.184956517,35.584875627,22/04/2025,44,0.3153894962796965,0.4120456824345489,0.8001893701280113,0.2333830427437245,4.349467448142027,1059.0,0.3349264705882353,0.12239583333333334
4,140,1,33.185109998,35.584940212,22/04/2025,44,0.3291255102671914,0.4210076349923249,0.8072088667131285,0.2551007413983681,4.532880086421832,1071.6666666666667,0.36907051282051284,0.11892361111111112
4,141,2,33.18506981,35.584887362,22/04/2025,44,0.3246508097417057,0.4114967243404705,0.8180546115656796,0.23708824876249798,4.187791358988082,1074.0,0.4149038461538461,0.12239583333333334
4,142,3,33.185051092,35.584958315,22/04/2025,44,0.3513351672546599,0.43081430966223744,0.8287950703756103,0.26218026115422105,4.192359712089616,712.4444444444445,0.22748241654347906,0.1284722222222222
4,143,2,33.185046362,35.584976137,22/04/2025,44,0.3513351672546599,0.43081430966223744,0.8287950703756103,0.26218026115422105,4.192359712089616,712.4444444444445,0.22748241654347906,0.1284722222222222
4,144,2,33.184892468,35.58479606,22/04/2025,44,0.3140103670906391,0.421456246389953,0.779806543076807,0.2552611111573684,4.086840304458977,1064.2222222222222,0.3390760670172435,0.14149305555555555
4,145,2,33.18488005,35.584867878,22/04/2025,44,0.36566755572293264,0.4550584007007879,0.8068165569304885,0.27968843506035673,4.692623044017256,1025.0,0.27362974702447623,0.11892361111111113
4,146,2,33.184868562,35.584886468,22/04/2025,44,0.4113466639000711,0.4835601151481072,0.8366655490212426,0.30785904771275585,5.292481250360577,1008.3333333333334,0.10208587670011807,0.10416666666666669
4,147,2,33.184792922,35.58475537,22/04/2025,44,0.310105529868909,0.4202434650164419,0.7753934817772101,0.2299143131712328,4.159037234815499,1033.6666666666667,0.3306372549019608,0.15104166666666669
4,148,2,33.184740833,35.584687648,22/04/2025,44,0.29320516646034456,0.3934240319593207,0.7964634006552518,0.21517659501098502,2.729182000302357,1057.7777777777778,0.5395833333333333,0.2578125
4,149,2,33.18456058,35.584584838,22/04/2025,44,0.3030613297512315,0.4027851414901183,0.7959563996729098,0.24486310294588332,3.9441922463618244,1045.7777777777778,0.47291666666666665,0.14756944444444448
4,150,2,33.184565495,35.584601172,22/04/2025,44,0.3034367015293889,0.4026242211425986,0.7969590209078823,0.23891297750179172,3.5570027314271107,1047.6666666666667,0.5375,0.21180555555555558
4,151,3,33.18457413,35.584677877,22/04/2025,44,0.3516757442922684,0.4441505407516997,0.8028654059583451,0.281203638988987,4.353846168850304,1020.0,0.22740384615384607,0.125
4,152,2,33.184566543,35.584694765,22/04/2025,44,0.38912099021766333,0.47165962020499524,0.8172571400791528,0.3062975647155068,4.596251836004467,1000.6666666666666,0.22463235294117648,0.11805555555555557
4,153,2,33.184422298,35.584509087,22/04/2025,44,0.3072602588532029,0.40231814475463495,0.8042970566470666,0.22069805117357547,2.743771173363104,1023.0,0.6145833333333333,0.2074652777777778
4,154,2,33.184413273,35.58452042,22/04/2025,44,0.3199988185833847,0.414846335269119,0.8028121304418896,0.23449957172336733,3.511175003505865,1013.7777777777778,0.4873397435897435,0.19444444444444445
4,155,2,33.184388993,35.584571983,22/04/2025,44,0.3609745293655174,0.4453073896917777,0.8180791898620411,0.2709999169972299,4.821520773344195,1000.8888888888889,0.151533264033264,0.10763888888888891
4,156,3,33.184383627,35.584586525,22/04/2025,44,0.4104437462981656,0.4771237486712237,0.848978278052531,0.31739355628824656,5.292481250360577,999.0,0.09986586841964144,0.10416666666666669
4,157,1,33.184253348,35.584405278,22/04/2025,44,0.30059612119932144,0.39904902115754476,0.7989190538779215,0.21554131581416522,3.2528363473510487,1018.7777777777778,0.5198623680241327,0.2074652777777778
4,158,1,33.184250652,35.584426318,22/04/2025,44,0.32075422164999623,0.41189053699011685,0.8105911784117852,0.2324265111832401,4.613187440010861,1010.6666666666666,0.28710086217439157,0.11458333333333334
4,159,2,33.184233367,35.584476795,22/04/2025,44,0.4200536969540565,0.4827037021508331,0.8547149366815704,0.32073160369022546,3.8988242140723095,976.4444444444445,0.18528881822999468,0.15104166666666669
4,160,2,33.18409682,35.584305142,22/04/2025,44,0.3130798555567449,0.4071069731182513,0.8058130284003723,0.25432207258990724,3.125814583693911,1001.3333333333334,0.607843137254902,0.328125
4,161,2,33.184088425,35.584310077,22/04/2025,44,0.3130798555567449,0.4071069731182513,0.8058130284003723,0.25432207258990724,3.125814583693911,1001.3333333333334,0.607843137254902,0.328125
4,162,2,33.184067373,35.584387057,22/04/2025,44,0.4199533261999585,0.482027617404614,0.8572001018702783,0.32433869654901354,5.0901998765158565,975.5555555555555,0.0947822136396401,0.10416666666666669
4,163,2,33.184074752,35.584373145,22/04/2025,44,0.37878438486128635,0.45347553826075626,0.8351524584073586,0.2943142731834349,4.802694271103769,985.3333333333334,0.22279956993192288,0.1267361111111111
4,164,2,33.183933948,35.584193735,22/04/2025,44,0.319179067194477,0.4066845686489622,0.8174743903118731,0.23941589491784457,3.3051267657573082,986.2222222222222,0.5090214932126697,0.1909722222222222
4,165,3,33.183923218,35.584281862,22/04/2025,44,0.4149261715051594,0.47975328370123715,0.850899267749536,0.3047684536386631,5.292481250360577,952.1111111111111,0.15283926214547155,0.10416666666666669
4,166,3,33.183761742,35.584100012,22/04/2025,44,0.3216425945827812,0.42098453868862795,0.7940149039311847,0.2642226418059654,4.240341670172532,955.8888888888889,0.4395833333333333,0.1293402777777778
4,167,3,33.1837652,35.584187033,22/04/2025,44,0.3892411114871206,0.4574807584969205,0.8477403322290334,0.2954735027671609,5.292481250360577,943.5555555555555,0.11312866256212448,0.10416666666666669
4,168,3,33.183758943,35.584205178,22/04/2025,44,0.4706143607484247,0.5118372782146798,0.8997832601405403,0.3513441194513567,5.292481250360577,936.5555555555555,0.04183141356751208,0.10416666666666669
4,169,3,33.183604362,35.584014462,22/04/2025,44,0.33156368051643614,0.40773005510630816,0.8381551007136875,0.23534774050033733,3.129794984942415,957.2222222222222,0.5145833333333333,0.18836805555555558
4,170,1,33.183600267,35.584025297,22/04/2025,44,0.33810113065655883,0.4152439281126548,0.8353436619595596,0.2409110271042848,3.563054690915721,951.1111111111111,0.47867647058823526,0.1857638888888889
4,171,3,33.183614987,35.58410624,22/04/2025,44,0.41951971984458886,0.47715704316084917,0.8683181525286519,0.3123060538787203,5.0901998765158565,944.3333333333334,0.10905843504864732,0.10416666666666669
4,172,3,33.183607487,35.584123942,22/04/2025,44,0.41951971984458886,0.47715704316084917,0.8683181525286519,0.3123060538787203,5.0901998765158565,944.3333333333334,0.10905843504864732,0.10416666666666669
4,173,3,33.18343705,35.583901803,22/04/2025,44,0.3160033382471798,0.41158705784558763,0.8020291660808808,0.24305593443169174,1.4541978025686977,930.7777777777778,0.8104166666666667,0.532986111111111
4,174,2,33.183429673,35.583919888,22/04/2025,44,0.3244190145943806,0.41780883428818616,0.8050496299883524,0.25246266840656284,2.692215752170299,923.2222222222222,0.6495098039215685,0.3333333333333332
4,175,3,33.183425703,35.58397777,22/04/2025,44,0.3803352893738615,0.45677684315615863,0.8312501174167982,0.3030783457936557,4.473406066166137,908.7777777777778,0.19867498913768636,0.1154513888888889
4,176,3,33.183419873,35.583999983,22/04/2025,44,0.3803352893738615,0.45677684315615863,0.8312501174167982,0.3030783457936557,4.473406066166137,908.7777777777778,0.19867498913768636,0.1154513888888889
5,24,2,33.183340975,35.583649787,26/04/2025,40,0.2256241359005872,0.25096302872180654,0.9479103408171068,0.17295204609821116,3.4775061931313047,2682.8888888888887,0.50625,0.17274305555555558
5,25,2,33.183405773,35.58365562,26/04/2025,40,0.21545216501146036,0.2459219796529437,0.9377139482153939,0.16877019796089188,4.396473620206547,2732.1111111111113,0.4323623680241327,0.1371527777777778
5,26,2,33.18327882,35.583671265,26/04/2025,40,0.2157339432802632,0.25063525878071874,0.9288406084368399,0.17065175037945166,2.9912003252589536,2588.777777777778,0.6125,0.2048611111111111
5,27,1,33.183384408,35.583665087,26/04/2025,40,0.22264167830445902,0.2503176439618997,0.9432393455846151,0.17187366217797648,2.5089209471916636,2708.222222222222,0.6437499999999999,0.24739583333333331
5,28,3,33.183421907,35.58366474,26/04/2025,40,0.21385482637380737,0.24176863054634953,0.942817944434601,0.1655099546091648,4.846251836004467,2752.3333333333335,0.2604981961599609,0.1076388888888889
5,29,2,33.183413827,35.583749748,26/04/2025,40,0.22734534231711992,0.2613072490247475,0.9303238122252302,0.17262213738142154,4.435900460754049,2518.6666666666665,0.2656674208144796,0.12239583333333334
5,30,2,33.183419493,35.583754065,26/04/2025,40,0.2303051864177054,0.26326490075858944,0.9322130183744766,0.1762176088357038,3.711914003993359,2531.6666666666665,0.45047134238310704,0.1527777777777778
5,31,2,33.183444822,35.583677362,26/04/2025,40,0.21385482637380737,0.24176863054634953,0.942817944434601,0.1655099546091648,4.846251836004467,2752.3333333333335,0.2604981961599609,0.1076388888888889
5,32,2,33.183444093,35.5836959,26/04/2025,40,0.2157443558230781,0.24391970711869254,0.9422429604325193,0.16739522510432786,4.159553325202166,2691.5555555555557,0.495343137254902,0.1371527777777778
5,33,1,33.183472188,35.583696302,26/04/2025,40,0.21534796233005038,0.24442940634181726,0.9404314183947586,0.16500569911877402,3.4749739455562083,2686.1111111111113,0.4916666666666667,0.1623263888888889
5,34,2,33.183494078,35.583708643,26/04/2025,40,0.22160387821286245,0.24995730065646754,0.9417606977443119,0.17071894568464951,4.056258408118133,2683.5555555555557,0.34485294117647064,0.12586805555555555
5,35,1,33.18349499,35.58372554,26/04/2025,40,0.2241427747565367,0.2516595991167166,0.9433727172871248,0.17320672946640137,4.190205481927944,2635.222222222222,0.30216486282662747,0.1362847222222222
5,36,2,33.18354211,35.583753632,26/04/2025,40,0.21760152772343638,0.2462022372547405,0.9414130257909046,0.16884917009921663,3.129794984942415,2611.0,0.44898648648648654,0.18836805555555558
5,38,2,33.183654748,35.58379738,26/04/2025,40,0.23145575277260644,0.2699054773571699,0.9213208186837143,0.17789477462638267,4.094899095040494,2487.0,0.30757133830663236,0.13368055555555555
5,39,2,33.183649103,35.58381395,26/04/2025,40,0.23145575277260644,0.2699054773571699,0.9213208186837143,0.17789477462638267,4.094899095040494,2487.0,0.30757133830663236,0.13368055555555555
5,40,3,33.18357413,35.58384302,26/04/2025,40,0.22383087885501618,0.2532054844728602,0.9396150133449228,0.17626207178630265,3.877968813855583,2564.222222222222,0.3264705882352941,0.1328125
5,41,2,33.183568927,35.583857708,26/04/2025,40,0.23208374669742163,0.2639843502706625,0.9342846047786347,0.18264018477233657,3.4643852928219436,2525.777777777778,0.4354166666666667,0.17708333333333334
5,42,2,33.183667175,35.583826202,26/04/2025,40,0.2357331216388275,0.27536334970855864,0.9188206382254928,0.1809506876265054,4.596251836004467,2425.1111111111113,0.25785312461783044,0.11805555555555555
5,43,3,33.183643803,35.583878668,26/04/2025,40,0.2306159481367417,0.26939286293236453,0.9207251382804336,0.1769900465608983,4.038060296327809,2450.4444444444443,0.3585312971342383,0.13802083333333331
5,44,3,33.183628637,35.583893978,26/04/2025,40,0.23721797078925955,0.2734381832854441,0.9254314782300723,0.1855800854548199,3.431796565388193,2466.0,0.41237745098039214,0.1623263888888889
5,45,2,33.183695452,35.583847187,26/04/2025,40,0.23810962256154378,0.27936337368219144,0.915520673135898,0.1831857321868263,3.89882421407231,2391.6666666666665,0.3179769984917043,0.15104166666666669
5,46,2,33.183724567,35.583858615,26/04/2025,40,0.23586792241301888,0.2827936506575113,0.9044126841289221,0.1809098696126698,2.6060508316529964,2345.6666666666665,0.6145833333333334,0.23350694444444448
5,47,2,33.183762173,35.583879683,26/04/2025,40,0.24416216301027266,0.28349383252797034,0.9191377626164213,0.1841091196438228,1.6225562489182659,2345.8888888888887,0.8125,0.4375
5,48,2,33.183774913,35.583871242,26/04/2025,40,0.24958400723457494,0.28096807943209745,0.9348417048341872,0.18521811920064277,1.8279538356873366,2366.4444444444443,0.7375,0.4019097222222222
5,49,3,33.183808437,35.583891458,26/04/2025,40,0.24406716230673453,0.2764137965099457,0.9331092481109583,0.1815000648040902,4.117014908952866,2382.4444444444443,0.5145833333333333,0.1371527777777778
5,50,2,33.183801752,35.583902875,26/04/2025,40,0.24406716230673453,0.2764137965099457,0.9331092481109583,0.1815000648040902,4.117014908952866,2382.4444444444443,0.5145833333333333,0.1371527777777778
5,51,3,33.183722155,35.58393322,26/04/2025,40,0.24981035897029313,0.29400645114146773,0.9092332253309993,0.19527221646743148,3.611180608917954,2306.777777777778,0.5416666666666666,0.15017361111111113
5,52,1,33.183709945,35.583942073,26/04/2025,40,0.2500184844521865,0.2948678836545284,0.9080228322283639,0.19764255553768273,3.516159620841537,2324.0,0.48492647058823524,0.1623263888888889
5,53,1,33.183981722,35.583981352,26/04/2025,40,0.23209423512574576,0.27165264331128336,0.9189533761344527,0.17829974480135902,3.2124521612634203,2478.3333333333335,0.5415441176470588,0.1875
5,54,3,33.183869465,35.584019592,26/04/2025,40,0.26140881877465966,0.3082537281953774,0.9032539722068376,0.20002764480446988,3.479387765269814,2179.222222222222,0.5190705128205129,0.1840277777777778
5,55,3,33.18386289,35.584035335,26/04/2025,40,0.26140881877465966,0.3082537281953774,0.9032539722068376,0.20002764480446988,3.479387765269814,2179.222222222222,0.5190705128205129,0.1840277777777778
5,56,2,33.184009975,35.584101383,26/04/2025,40,0.2675587333175123,0.30007581761162294,0.9317355808440309,0.19882210202684936,3.355878505976054,2219.5555555555557,0.5291666666666667,0.18489583333333331
5,57,2,33.184005553,35.584117157,26/04/2025,40,0.2739118125297555,0.30692513290459095,0.9305124206791469,0.20379335885069555,3.1297949849424143,2163.4444444444443,0.4144607843137255,0.18836805555555555
5,58,2,33.184166042,35.584213185,26/04/2025,40,0.2624339854971312,0.2992952950967225,0.9230946245955359,0.19270035236789113,3.6008456951388412,2147.4444444444443,0.48541666666666666,0.1623263888888889
5,59,2,33.184327513,35.58428952,26/04/2025,40,0.26280570803460074,0.3084690134314063,0.9054118745144678,0.19496989741670123,4.519641085934338,2118.8888888888887,0.31495098039215685,0.1267361111111111
5,60,2,33.18431891,35.58430637,26/04/2025,40,0.26376823831238316,0.30443966213910084,0.915486724553323,0.19593058918022807,4.420507230104883,2150.777777777778,0.3290441176470588,0.12239583333333334
5,61,2,33.184473012,35.584400473,26/04/2025,40,0.2629417204342014,0.3086225081828939,0.9053552846768574,0.20320436526433897,4.776828126933222,2067.0,0.2579259916024622,0.11545138888888891
5,62,1,33.184480155,35.584383128,26/04/2025,40,0.27417877488089554,0.31876815501038913,0.9068681612988976,0.21035303619175663,4.188461982762677,1982.2222222222222,0.4213989441930618,0.13802083333333334
5,63,1,33.18447918,35.584382615,26/04/2025,40,0.27417877488089554,0.31876815501038913,0.9068681612988976,0.21035303619175663,4.188461982762677,1982.2222222222222,0.4213989441930618,0.13802083333333334
5,64,1,33.184649032,35.584476263,26/04/2025,40,0.29252981989930976,0.364064774958965,0.8518189630308175,0.1929370168488642,2.984948560979935,1747.6666666666667,0.5416666666666667,0.18402777777777782
5,65,2,33.18478571,35.584588918,26/04/2025,40,0.3107131453391955,0.36110362152768466,0.892664779348566,0.21355078767613328,4.073120312590144,1732.2222222222222,0.40661764705882353,0.140625
5,66,2,33.18495201,35.584663277,26/04/2025,40,0.3312470351506688,0.4330091536796037,0.7878175404430338,0.25969000001275677,3.298680608917954,1607.6666666666667,0.625,0.1909722222222222
5,67,2,33.184944048,35.584676168,26/04/2025,40,0.3312470351506688,0.4330091536796037,0.7878175404430338,0.25969000001275677,3.298680608917954,1607.6666666666667,0.625,0.1909722222222222
5,68,3,33.185211112,35.58473142,26/04/2025,40,,,,,,,,
5,69,1,33.185209163,35.584748317,26/04/2025,40,0.3459535456779607,0.404462379872526,0.8727940181122936,0.28591841671814117,4.223406066166138,1796.6666666666667,0.2507582752435693,0.1345486111111111
5,70,2,33.18522875,35.584785562,26/04/2025,40,,,,,,,,
5,71,2,33.18496718,35.584720162,26/04/2025,40,0.3371178602591657,0.43532327994998476,0.7936002580830959,0.2574640590669714,3.7157380337859163,1617.3333333333333,0.5145833333333334,0.1527777777777778
5,72,1,33.184955002,35.584735952,26/04/2025,40,0.3439101113932122,0.43865768202680133,0.7993225844022204,0.2584851382803143,4.272259773831688,1612.4444444444443,0.49375,0.13368055555555555
5,73,3,33.184811513,35.584631455,26/04/2025,40,0.31066364159202686,0.38133828291109645,0.8516983764754458,0.22518351592466146,4.075829233667537,1670.7777777777778,0.2984525702172761,0.13020833333333331
5,74,1,33.184646417,35.584570203,26/04/2025,40,0.28519703888563264,0.33712916297588097,0.8914316869714562,0.19207363167320216,5.292481250360577,1938.6666666666667,0.1541363988422812,0.10416666666666669
5,75,1,33.18451505,35.584449657,26/04/2025,40,0.2582481547764986,0.30828454717109166,0.89688983971082,0.19160249388694223,4.959147917027245,2046.4444444444443,0.1412505605152664,0.11111111111111112
5,76,1,33.184371233,35.584291258,26/04/2025,40,0.26680583761656185,0.3140987512023824,0.9018941989210512,0.20384350984013044,4.040089194304109,2089.8888888888887,0.34987745098039214,0.1684027777777778
5,77,2,33.184355772,35.584358753,26/04/2025,40,0.2590928790468172,0.29761007074527024,0.9199180600391449,0.1940483767111916,3.8308841113881416,2186.6666666666665,0.3644607843137254,0.15104166666666669
5,78,3,33.184205282,35.584266892,26/04/2025,40,0.24944432939891406,0.2891228219913333,0.9182147249680673,0.18439929766701593,4.0180987125771095,2229.8888888888887,0.3878676470588235,0.1284722222222222
5,79,2,33.184194715,35.584289723,26/04/2025,40,0.24283351848685564,0.28580493684019,0.9117755389153902,0.18577538753329048,4.596251836004467,2289.3333333333335,0.24884992458521865,0.11805555555555555
5,80,3,33.184060657,35.584179655,26/04/2025,40,0.26864063214108397,0.3110987006811065,0.911567396803007,0.19720008442748285,3.503580670660026,2128.222222222222,0.3813725490196079,0.1371527777777778
5,81,2,33.183877972,35.58398514,26/04/2025,40,0.24856492561975532,0.29399991110319446,0.9065989945719808,0.1923270623500122,2.902978141007726,2282.777777777778,0.6354166666666666,0.1875
5,82,2,33.183755828,35.583902455,26/04/2025,40,0.24612814257106594,0.287286577987569,0.9152978917728114,0.18801881683661126,2.339986977229236,2326.3333333333335,0.7062499999999999,0.3029513888888889
5,83,3,33.183739807,35.583988108,26/04/2025,40,0.2656637172648613,0.2989535123712825,0.9303303864453883,0.2076034895401304,4.562907291846956,2231.1111111111113,0.4128676470588235,0.13368055555555555
5,84,3,33.183786553,35.584016998,26/04/2025,40,0.2688211859312692,0.3024011645314709,0.9295158921305041,0.20544704276044817,3.8848925229268274,2170.1111111111113,0.44166666666666665,0.1449652777777778
5,85,3,33.183785112,35.584018663,26/04/2025,40,0.2688211859312692,0.3024011645314709,0.9295158921305041,0.20544704276044817,3.8848925229268274,2170.1111111111113,0.44166666666666665,0.1449652777777778
5,86,1,33.183586345,35.583825855,26/04/2025,40,0.2221475875311425,0.2517338303199923,0.939321580497049,0.17403704579637075,3.915885150264076,2561.0,0.357843137254902,0.17708333333333331
5,87,1,33.183594508,35.583804277,26/04/2025,40,0.21927669755385595,0.2503889427483595,0.9363477571685892,0.17076548525395258,3.778107168362811,2582.6666666666665,0.29863489054665526,0.19270833333333334
5,88,3,33.183627737,35.583942933,26/04/2025,40,0.24437348796385516,0.2820489479306788,0.9222767263532686,0.19366151782940053,3.005324169825294,2420.222222222222,0.4107051282051282,0.1996527777777778
5,89,3,33.183634738,35.58392777,26/04/2025,40,0.2503085902875158,0.2883848459254936,0.9213189220344817,0.2014000623006694,4.100951054529105,2395.777777777778,0.28651960784313724,0.1545138888888889
5,90,2,33.183489682,35.58384219,26/04/2025,40,0.2402755124311019,0.2738478100993887,0.930603904801993,0.18960535121844474,3.978586276072115,2470.0,0.39375000000000004,0.11892361111111112
5,91,2,33.183483287,35.58385752,26/04/2025,40,0.24277984835095692,0.27623619483212514,0.9308080113352606,0.18728976283435556,4.535906066166137,2428.777777777778,0.33353129713423835,0.11458333333333334
5,92,1,33.183333755,35.5837481,26/04/2025,40,0.23685329693429027,0.2651236919151059,0.9414894246727425,0.17946124056209609,1.944381475746753,2509.777777777778,0.7395833333333333,0.2977430555555555
5,93,1,33.182895612,35.583563345,26/04/2025,40,0.24444503554030617,0.2850949239917299,0.9163895196917857,0.1890922849133679,3.803127068983564,1390.111111111111,0.34587552172319874,0.1623263888888889
5,94,1,33.18283631,35.583630807,26/04/2025,40,0.2542037493647435,0.29332870323631544,0.9190877467868024,0.2017903352313349,3.4541722720787553,1349.5555555555557,0.3042100192678227,0.19791666666666666
5,95,3,33.183369293,35.583825388,26/04/2025,40,0.2390186490948654,0.2745591562975363,0.9267896473855168,0.1776782052925504,4.3852998147737825,2382.4444444444443,0.2736519607843137,0.1423611111111111
5,96,3,33.183387877,35.583818468,26/04/2025,40,0.2390186490948654,0.2745591562975363,0.9267896473855168,0.1776782052925504,4.3852998147737825,2382.4444444444443,0.2736519607843137,0.1423611111111111
5,98,2,33.183438402,35.583861482,26/04/2025,40,0.24337874705736753,0.28035297479735893,0.9237013521141281,0.18483028886134484,4.846251836004468,2352.6666666666665,0.1821096265949207,0.10763888888888891
5,99,3,33.183423548,35.583878907,26/04/2025,40,0.24068569491538266,0.2784714443721288,0.9221727619538616,0.17890061739275712,3.850560296327809,2306.8888888888887,0.44776762056173824,0.16145833333333334
5,100,3,33.183427477,35.583948513,26/04/2025,40,0.2548312092741439,0.2845404564221835,0.9382109760477945,0.18950162872651088,4.050424108083221,2285.4444444444443,0.4291666666666666,0.140625
5,101,2,33.183420537,35.583963707,26/04/2025,40,0.2548312092741439,0.2845404564221835,0.9382109760477945,0.18950162872651088,4.050424108083221,2285.4444444444443,0.4291666666666666,0.140625
5,102,3,33.183504205,35.583903558,26/04/2025,40,0.24263999294130245,0.27573599768846524,0.9315535502488791,0.18472739989945247,4.352303795493076,2430.222222222222,0.3431372549019608,0.12152777777777778
5,103,3,33.183598177,35.583956563,26/04/2025,40,0.2466478134349945,0.284753818196557,0.9215915398123609,0.18869001995413687,3.222534316583504,2367.1111111111113,0.40926282051282054,0.1918402777777778
5,104,3,33.183591233,35.583973528,26/04/2025,40,0.2466478134349945,0.284753818196557,0.9215915398123609,0.18869001995413687,3.222534316583504,2367.1111111111113,0.40926282051282054,0.1918402777777778
5,105,3,33.183597428,35.584040553,26/04/2025,40,0.2771021071926443,0.3151755064254594,0.9203450859936679,0.21061957751354435,3.5410862760721153,2144.8888888888887,0.5645833333333333,0.16145833333333337
5,106,2,33.18359093,35.584060073,26/04/2025,40,0.2771021071926443,0.3151755064254594,0.9203450859936679,0.21061957751354435,3.5410862760721153,2144.8888888888887,0.5645833333333333,0.16145833333333337
5,107,3,33.183776647,35.584063913,26/04/2025,40,0.2661400237628818,0.3055914171066396,0.9179315661137927,0.20341515066627805,4.30196648144045,2110.3333333333335,0.26188725490196074,0.13368055555555558
5,108,3,33.183783543,35.58408049,26/04/2025,40,0.26021442532134215,0.3038839900174335,0.9096976506307135,0.1972896039066854,4.36056875211351,2074.4444444444443,0.3389705882352941,0.11805555555555555
5,109,3,33.183765335,35.584140815,26/04/2025,40,0.25777690634347006,0.30467830952141667,0.9032877498352399,0.19325194978580174,3.842761398524482,2054.4444444444443,0.39374999999999993,0.17881944444444445
5,110,3,33.183755443,35.584155257,26/04/2025,40,0.27754084449791194,0.3201120625442262,0.9106840348467594,0.20750476414401398,4.224774142702668,2014.0,0.38075980392156866,0.13368055555555558
5,111,3,33.183950983,35.584164983,26/04/2025,40,0.25584250526689595,0.2984285087552863,0.9120533708689036,0.19438766030993807,2.826986382061203,2147.4444444444443,0.5958333333333334,0.21440972222222227
5,112,1,33.183954938,35.58417649,26/04/2025,40,0.25584250526689595,0.2984285087552863,0.9120533708689036,0.19438766030993807,2.826986382061203,2147.4444444444443,0.5958333333333334,0.21440972222222227
5,113,2,33.183916327,35.584230625,26/04/2025,40,0.2569850798512094,0.3030237854762965,0.9050572136068324,0.19510005017402177,3.552841670172532,2141.777777777778,0.4791666666666667,0.1440972222222222
5,114,2,33.1839172,35.584225688,26/04/2025,40,0.2569850798512094,0.3030237854762965,0.9050572136068324,0.19510005017402177,3.552841670172532,2141.777777777778,0.4791666666666667,0.1440972222222222
5,115,2,33.18391148,35.584239988,26/04/2025,40,0.2569850798512094,0.3030237854762965,0.9050572136068324,0.19510005017402177,3.552841670172532,2141.777777777778,0.4791666666666667,0.1440972222222222
5,116,3,33.184136002,35.584262307,26/04/2025,40,0.2433207898028605,0.27687328231469716,0.9306589882865026,0.18023532472973142,4.574546753088498,2309.4444444444443,0.30176327911622025,0.1154513888888889
5,117,2,33.184130995,35.584280417,26/04/2025,40,0.23057658822290378,0.2640375656333692,0.9312779729005032,0.1742598465499562,4.603846168850305,2409.1111111111113,0.2558319065672007,0.11458333333333334
5,118,3,33.184066582,35.584331512,26/04/2025,40,0.22049065017738828,0.2522776846738607,0.9350551893666003,0.1669921728617714,4.272667065678642,2501.777777777778,0.33897058823529413,0.1345486111111111
5,119,2,33.184074793,35.584313375,26/04/2025,40,0.22049065017738828,0.2522776846738607,0.9350551893666003,0.1669921728617714,4.272667065678642,2501.777777777778,0.33897058823529413,0.1345486111111111
5,120,2,33.184297098,35.584346217,26/04/2025,40,0.254229182955781,0.28942507153190933,0.9268105911302966,0.19041019221373606,3.2978088593353205,2263.1111111111113,0.54375,0.1440972222222222
5,121,1,33.184274322,35.58437223,26/04/2025,40,0.2443507447214488,0.276372918296556,0.9336437369962783,0.18503872890363787,3.2591516387672987,2349.0,0.5062500000000001,0.1597222222222222
5,122,2,33.184213238,35.584408378,26/04/2025,40,0.2254182676305209,0.25962234457766115,0.9298981567147364,0.16901515354602317,3.632417465697554,2530.8888888888887,0.475,0.1484375
5,123,3,33.184208257,35.584427553,26/04/2025,40,0.21774498661231095,0.2479373716632582,0.9382024906559621,0.1595008158375432,4.120374481009744,2616.6666666666665,0.44325980392156866,0.12586805555555558
5,124,3,33.184454693,35.584458557,26/04/2025,40,0.2334659865277663,0.2768572817741067,0.911447003306755,0.17832287237021818,4.159037234815499,2288.777777777778,0.3928750866250867,0.15104166666666666
5,125,3,33.18445595,35.584484998,26/04/2025,40,0.2223964908111282,0.265365973370488,0.9127628269911691,0.16704776321353082,3.5968226336265308,2351.8888888888887,0.4125,0.17708333333333334
5,126,3,33.184368415,35.584504552,26/04/2025,40,0.23520097582130794,0.2620011622667601,0.9445254606514104,0.1761181084238538,3.97897703427341,2480.3333333333335,0.4212730830377889,0.13975694444444445
5,127,2,33.18436111,35.584522137,26/04/2025,40,0.23333994136348346,0.2588455930218632,0.9471933965248253,0.17481336666936503,3.273481320121314,2515.5555555555557,0.4863731095348742,0.26302083333333337
5,128,2,33.184637052,35.584566185,26/04/2025,40,0.2740589510997165,0.3181963746899631,0.9077048955286856,0.1832569634723057,4.596251836004467,2078.0,0.24649499612734907,0.11805555555555555
5,129,2,33.184510735,35.584579917,26/04/2025,40,0.22365778552880766,0.25434909358189334,0.9369918333123753,0.16138623116294065,3.8848925229268274,2476.222222222222,0.37450980392156863,0.1449652777777778
5,130,2,33.18450292,35.584604105,26/04/2025,40,0.2157241016749216,0.24726329460988536,0.9355769723787107,0.15987291301526263,4.099598313565133,2539.222222222222,0.387697963800905,0.1371527777777778
5,131,2,33.184800562,35.584671052,26/04/2025,40,0.300388498388629,0.37287313953726064,0.8490049769928335,0.218122178379419,4.818494793599889,1704.6666666666667,0.2597139843463373,0.11197916666666669
5,132,2,33.184661677,35.584694635,26/04/2025,40,0.2785366084030609,0.31849853876935863,0.9159907060792878,0.20469049005219717,3.9369196094054484,2164.4444444444443,0.47083333333333327,0.12239583333333333
5,133,3,33.184672565,35.58468571,26/04/2025,40,0.2891391551032332,0.333963490224098,0.9054790047973051,0.21016127240516652,3.933893629661142,2060.777777777778,0.4232371794871795,0.1423611111111111
5,134,3,33.184962885,35.584768473,26/04/2025,40,0.3457616733307385,0.43124261416572574,0.8176893130824546,0.24660574001216912,4.574546753088499,1643.4444444444443,0.32856334841628954,0.11545138888888891
5,135,2,33.18495426,35.584782515,26/04/2025,40,0.3457616733307385,0.43124261416572574,0.8176893130824546,0.24660574001216912,4.574546753088499,1643.4444444444443,0.32856334841628954,0.11545138888888891
5,136,3,33.184809337,35.58478054,26/04/2025,40,0.33186522172924177,0.39908470600350654,0.8563672504373321,0.2414732838404069,3.767079563925711,1724.5555555555557,0.37855392156862744,0.14409722222222224
5,137,2,33.184817277,35.584764663,26/04/2025,40,0.33186522172924177,0.39908470600350654,0.8563672504373321,0.2414732838404069,3.767079563925711,1724.5555555555557,0.37855392156862744,0.14409722222222224
5,138,3,33.184953912,35.584845518,26/04/2025,40,0.3476436285513806,0.41600892159383274,0.8520761191970414,0.22837562803430933,4.558746230592377,1726.5555555555557,0.33276950593127064,0.13020833333333334
5,139,3,33.184956517,35.584875627,26/04/2025,40,0.3445060815315821,0.41054458694711077,0.8571720484495261,0.22725477143134107,4.332141085934339,1752.6666666666667,0.32022058823529415,0.1310763888888889
5,140,1,33.185109998,35.584940212,26/04/2025,40,0.3922589469661124,0.39932541670119914,0.9835086621456948,0.25723383708546904,4.603846168850305,1814.6666666666667,0.3386029411764706,0.11458333333333334
5,141,2,33.18506981,35.584887362,26/04/2025,40,0.3679034277540565,0.39756966973040186,0.9340152872327947,0.22380207672935926,4.579579563925711,1743.6666666666667,0.35687217194570137,0.12239583333333334
5,142,3,33.185051092,35.584958315,26/04/2025,40,0.37330101494870666,0.38824237223519636,0.9664669697022995,0.22636677762627952,3.9090372348154983,1199.6666666666667,0.30072278363792276,0.16145833333333334
5,143,2,33.185046362,35.584976137,26/04/2025,40,0.37330101494870666,0.38824237223519636,0.9664669697022995,0.22636677762627952,3.9090372348154983,1199.6666666666667,0.30072278363792276,0.16145833333333334
5,144,2,33.184892468,35.58479606,26/04/2025,40,0.33640526386023817,0.4161038274589362,0.8306335528778701,0.24352138959456163,4.677694271103768,1702.6666666666667,0.3152750601280013,0.1423611111111111
5,145,2,33.18488005,35.584867878,26/04/2025,40,0.336829336693739,0.39888171249012466,0.8663204682055833,0.22276043939136025,3.3168787207082775,1771.2222222222222,0.5770833333333334,0.21180555555555558
5,146,2,33.184868562,35.584886468,26/04/2025,40,0.34067874876321724,0.39921161325022164,0.8732202274459531,0.21642165923868908,3.534015167932105,1772.111111111111,0.5770833333333334,0.18055555555555558
5,147,2,33.184792922,35.58475537,26/04/2025,40,0.3194832005996447,0.3785895095609063,0.8741434521660758,0.22420824023558567,3.9924924611847543,1786.5555555555557,0.26503582202111614,0.13194444444444445
5,148,2,33.184740833,35.584687648,26/04/2025,40,0.2968339700198236,0.35442922515636555,0.8791627636542355,0.20678013476881196,4.846251836004468,1869.7777777777778,0.21160444947209647,0.1076388888888889
5,149,2,33.18456058,35.584584838,26/04/2025,40,0.23386431063861504,0.2611215189431196,0.9436207302423979,0.1681472397575764,4.346251836004465,2500.3333333333335,0.3161764705882353,0.12847222222222224
5,150,2,33.184565495,35.584601172,26/04/2025,40,0.24324842690061313,0.2724224066001566,0.9394253031598725,0.1725734292415704,4.818494793599889,2421.222222222222,0.27850678733031675,0.11197916666666669
5,151,3,33.18457413,35.584677877,26/04/2025,40,0.24336821000484093,0.269094323971315,0.9464455698403634,0.17518315049280134,3.672487163445857,2500.222222222222,0.5014800150829563,0.1796875
5,152,2,33.184566543,35.584694765,26/04/2025,40,0.24071813086737437,0.2678461313698144,0.9436574037422726,0.17126830512807,4.223406066166138,2512.4444444444443,0.3813649056296115,0.1345486111111111
5,153,2,33.184422298,35.584509087,26/04/2025,40,0.22823680790521708,0.26496893279343486,0.9249386931341836,0.16440143543827268,3.4424905775127215,2373.8888888888887,0.46825980392156863,0.15538194444444445
5,154,2,33.184413273,35.58452042,26/04/2025,40,0.22491992025022134,0.26106023487837543,0.9262463145444071,0.16532433813765854,3.4380546909157212,2422.222222222222,0.3727469834087481,0.1579861111111111
5,155,2,33.184388993,35.584571983,26/04/2025,40,0.23002266945472416,0.2619645387327776,0.9343380827067254,0.1746557495273203,3.422254168419599,2486.6666666666665,0.4461538461538461,0.20572916666666669
5,156,3,33.184383627,35.584586525,26/04/2025,40,0.2280325440367498,0.25804983807800247,0.9382612705367467,0.17137220528426778,3.760430680196888,2540.0,0.4061274509803921,0.1362847222222222
5,157,1,33.184253348,35.584405278,26/04/2025,40,0.23279600456444788,0.26642981540322697,0.9308150389213322,0.17297094495517473,4.173533209849188,2453.4444444444443,0.3915441176470588,0.14756944444444445
5,158,1,33.184250652,35.584426318,26/04/2025,40,0.2273612101035582,0.26104763547624943,0.9309741538085685,0.1677237499498376,3.431796565388193,2528.777777777778,0.3457107843137255,0.1623263888888889
5,159,2,33.184233367,35.584476795,26/04/2025,40,0.20997500221413581,0.2440082951927015,0.9308256770313439,0.16210599264327633,3.556739399499471,2719.5555555555557,0.5479166666666666,0.1796875
5,160,2,33.18409682,35.584305142,26/04/2025,40,0.23065940605433827,0.26006272587195894,0.9394409520015393,0.17070892616705535,3.8860276044371,2429.3333333333335,0.4293646304675717,0.1371527777777778
5,161,2,33.184088425,35.584310077,26/04/2025,40,0.23065940605433827,0.26006272587195894,0.9394409520015393,0.17070892616705535,3.8860276044371,2429.3333333333335,0.4293646304675717,0.1371527777777778
5,162,2,33.184067373,35.584387057,26/04/2025,40,0.22455663081226873,0.25966597000120656,0.9282284957160084,0.18305730643756937,4.001426440498355,2556.5555555555557,0.4708333333333334,0.1449652777777778
5,163,2,33.184074752,35.584373145,26/04/2025,40,0.2199716581594902,0.2555819883284268,0.9273978084974893,0.17488682329635596,4.5443721485946105,2540.1111111111113,0.3227941176470588,0.1267361111111111
5,164,2,33.183933948,35.584193735,26/04/2025,40,0.250461552533391,0.2969988463003743,0.9043038332824198,0.19096189613092565,2.7178220035626537,2158.222222222222,0.5750000000000001,0.22743055555555558
5,165,3,33.183923218,35.584281862,26/04/2025,40,0.2507616059202019,0.2911858787719617,0.9165521342742734,0.19187872429572522,3.6859576266427716,2252.777777777778,0.5291666666666667,0.1484375
5,166,3,33.183761742,35.584100012,26/04/2025,40,0.2678216408310108,0.3075769206580837,0.9170524161231877,0.20040609553804534,4.0653363473510495,2065.8888888888887,0.3915441176470589,0.15104166666666669
5,167,3,33.1837652,35.584187033,26/04/2025,40,0.27939598259598236,0.31484152946461474,0.9256630032142069,0.20392370590421685,3.94195242024266,2017.888888888889,0.4,0.14149305555555555
5,168,3,33.183758943,35.584205178,26/04/2025,40,0.31830443248796725,0.34458018438829663,0.9433583151078236,0.23258189551122765,4.248400460754048,1921.111111111111,0.38075980392156866,0.12673611111111113
5,169,3,33.183604362,35.584014462,26/04/2025,40,0.2804968240297723,0.3046264117634016,0.9489170073753195,0.20619993329268682,4.190205481927944,2223.1111111111113,0.44987745098039217,0.1362847222222222
5,170,1,33.183600267,35.584025297,26/04/2025,40,0.2708449487337993,0.30230060487181976,0.9342582260815343,0.2020582925229524,2.430155966959864,2226.3333333333335,0.7041666666666666,0.34722222222222215
5,171,3,33.183614987,35.58410624,26/04/2025,40,0.299933424087204,0.3447561186742465,0.905065478619502,0.23379126307358877,3.230259514852448,1951.4444444444443,0.5750000000000001,0.1597222222222222
5,172,3,33.183607487,35.584123942,26/04/2025,40,0.299933424087204,0.3447561186742465,0.905065478619502,0.23379126307358877,3.230259514852448,1951.4444444444443,0.5750000000000001,0.1597222222222222
5,173,3,33.18343705,35.583901803,26/04/2025,40,0.24068569491538266,0.2784714443721288,0.9221727619538616,0.17890061739275712,3.850560296327809,2306.8888888888887,0.44776762056173824,0.16145833333333334
5,174,2,33.183429673,35.583919888,26/04/2025,40,0.24417656306596433,0.27997161316404806,0.9261091294223827,0.1803486928991152,3.1624739455562083,2285.0,0.54375,0.1875
5,175,3,33.183425703,35.58397777,26/04/2025,40,0.26404867237359664,0.28745283148438333,0.9507658421392716,0.19932408161832796,3.7653581316438367,2297.4444444444443,0.4666666666666667,0.14756944444444445
5,176,3,33.183419873,35.583999983,26/04/2025,40,0.26404867237359664,0.28745283148438333,0.9507658421392716,0.19932408161832796,3.7653581316438367,2297.4444444444443,0.4666666666666667,0.14756944444444445
6,24,2,33.183340975,35.583649787,01/05/2025,35,0.2659122267555107,0.3570738821477418,0.8169826120031002,0.20895180068795371,3.1521706916329766,1192.111111111111,0.4645833333333333,0.22395833333333331
6,25,2,33.183405773,35.58365562,01/05/2025,35,0.25842665344001503,0.3492851713780567,0.8184151837272929,0.19976984948599463,3.0311835807481358,1213.888888888889,0.60625,0.23177083333333331
6,26,2,33.18327882,35.583671265,01/05/2025,35,0.2660278634454205,0.3598481392837826,0.8123524869143125,0.20342377778624043,3.996393629661142,1176.3333333333333,0.4182598039215686,0.12586805555555555
6,27,1,33.183384408,35.583665087,01/05/2025,35,0.26270068331278223,0.3535593301872735,0.8179048150597412,0.20523722660159077,3.129794984942415,1203.6666666666667,0.49583333333333335,0.18836805555555558
6,28,3,33.183421907,35.58366474,01/05/2025,35,0.25581228666745026,0.3495997024245313,0.8133805120283562,0.2000898472929385,2.7178220035626537,1220.6666666666667,0.5750000000000001,0.22743055555555558
6,29,2,33.183413827,35.583749748,01/05/2025,35,0.28411765982848475,0.3761058102865998,0.8136028546078994,0.20377125305516963,3.4216572441793867,1173.7777777777778,0.42500000000000004,0.1840277777777778
6,30,2,33.183419493,35.583754065,01/05/2025,35,0.2814979055637523,0.3778691497793883,0.8055644103574501,0.20948528030232588,4.029389648941849,1171.4444444444443,0.4,0.12239583333333334
6,31,2,33.183444822,35.583677362,01/05/2025,35,0.25581228666745026,0.3495997024245313,0.8133805120283562,0.2000898472929385,2.7178220035626537,1220.6666666666667,0.5750000000000001,0.22743055555555558
6,32,2,33.183444093,35.5836959,01/05/2025,35,0.2605602316922132,0.3601076439325977,0.8022114146136113,0.20375202113308205,2.868699554534725,1198.3333333333333,0.5416666666666667,0.2673611111111111
6,33,1,33.183472188,35.583696302,01/05/2025,35,0.25944338294648356,0.36126676739597413,0.7980753334342474,0.20519721022701523,3.596822633626531,1208.2222222222222,0.4708333333333333,0.17708333333333331
6,34,2,33.183494078,35.583708643,01/05/2025,35,0.2624470915465882,0.3636066541138675,0.7989425874762605,0.20919322801692916,3.1633456951388412,1224.888888888889,0.59375,0.20486111111111113
6,35,1,33.18349499,35.58372554,01/05/2025,35,0.26734748927651913,0.3699176079229396,0.7956340002999003,0.21306440074560454,3.9199840053990536,1211.7777777777778,0.4936274509803921,0.14149305555555555
6,36,2,33.18354211,35.583753632,01/05/2025,35,0.2670820445235796,0.37040429177435114,0.7942427722635879,0.211391918167359,4.071447073809811,1224.0,0.3715214932126697,0.12586805555555555
6,38,2,33.183654748,35.58379738,01/05/2025,35,0.24820007565953178,0.3503932772849247,0.7986448524802275,0.18904919073416626,4.229806953539881,1216.888888888889,0.36151960784313725,0.14930555555555558
6,39,2,33.183649103,35.58381395,01/05/2025,35,0.24820007565953178,0.3503932772849247,0.7986448524802275,0.18904919073416626,4.229806953539881,1216.888888888889,0.36151960784313725,0.14930555555555558
6,40,3,33.18357413,35.58384302,01/05/2025,35,0.26697911637222277,0.36346442836810827,0.8070466580766104,0.20382204242867513,3.9884728388218926,1203.888888888889,0.40575980392156863,0.1449652777777778
6,41,2,33.183568927,35.583857708,01/05/2025,35,0.26752033384063395,0.3619754200321356,0.8107377629866098,0.20197296552564478,3.633757441416555,1195.7777777777778,0.4000000000000001,0.16319444444444445
6,42,2,33.183667175,35.583826202,01/05/2025,35,0.25909239374785975,0.36044695458129605,0.7988078621474014,0.1862639462360477,4.403501365713556,1202.111111111111,0.4120098039215686,0.13368055555555555
6,43,3,33.183643803,35.583878668,01/05/2025,35,0.2830582464909178,0.37735598987280083,0.8092503186826725,0.2119323527332059,4.3360388152612765,1191.2222222222222,0.3906862745098039,0.11805555555555557
6,44,3,33.183628637,35.583893978,01/05/2025,35,0.2862823335205514,0.3759107465194226,0.8175261760368027,0.22686972770674732,3.9747741427026684,1200.4444444444443,0.39987745098039207,0.1440972222222222
6,45,2,33.183695452,35.583847187,01/05/2025,35,0.2567397322060283,0.3580214489624741,0.7993245790105497,0.18561682995783496,3.2794468148305715,1213.888888888889,0.5354166666666667,0.1623263888888889
6,46,2,33.183724567,35.583858615,01/05/2025,35,0.2648086994304327,0.360778087173516,0.808224748331435,0.19965912861790613,1.7401190981845582,1224.0,0.8020833333333334,0.4244791666666667
6,47,2,33.183762173,35.583879683,01/05/2025,35,0.2597620227939271,0.3578957148384099,0.8047782606410605,0.19951151348063126,1.7401190981845582,1232.4444444444443,0.8020833333333333,0.42447916666666663
6,48,2,33.183774913,35.583871242,01/05/2025,35,0.2567615126044786,0.3545849815367605,0.8056981894146732,0.2006265933121575,0.7451475706431423,1241.0,0.9270833333333334,0.7526041666666667
6,49,3,33.183808437,35.583891458,01/05/2025,35,0.26050602588833943,0.36105020428452494,0.8002650173558654,0.21205993827668868,1.6835024445205309,1230.7777777777778,0.8125,0.4201388888888889
6,50,2,33.183801752,35.583902875,01/05/2025,35,0.26050602588833943,0.36105020428452494,0.8002650173558654,0.21205993827668868,1.6835024445205309,1230.7777777777778,0.8125,0.4201388888888889
6,51,3,33.183722155,35.58393322,01/05/2025,35,0.27141477686232396,0.36869637186966003,0.80510919842815,0.22271818534990462,4.245374481009744,1212.888888888889,0.4152055052790347,0.14149305555555555
6,52,1,33.183709945,35.583942073,01/05/2025,35,0.2768253541993958,0.3717960198209246,0.8087983334639163,0.22290995663564278,4.484289710683922,1206.888888888889,0.3621512066365007,0.12586805555555555
6,53,1,33.183981722,35.583981352,01/05/2025,35,0.24041138722941302,0.3524824214527682,0.7818850535324469,0.18106059412989758,3.986180608917954,1273.3333333333333,0.3993872549019608,0.13802083333333331
6,54,3,33.183869465,35.584019592,01/05/2025,35,0.2810370321234713,0.3746038591470991,0.8108003326286881,0.22000575548996992,4.387918502671132,1228.0,0.21616194814724227,0.125
6,55,3,33.18386289,35.584035335,01/05/2025,35,0.2810370321234713,0.3746038591470991,0.8108003326286881,0.22000575548996992,4.387918502671132,1228.0,0.21616194814724227,0.125
6,56,2,33.184009975,35.584101383,01/05/2025,35,0.3005730548909568,0.39428511209779254,0.8080107735985976,0.23619175060486158,2.8262234310182808,1245.7777777777778,0.5083333333333333,0.24999999999999997
6,57,2,33.184005553,35.584117157,01/05/2025,35,0.3037121814547531,0.3900896386070531,0.821868443237793,0.22559777759660196,4.309284387862439,1234.0,0.3481276242305654,0.14756944444444445
6,58,2,33.184166042,35.584213185,01/05/2025,35,0.29907264903457204,0.3994460470856284,0.7955688255471013,0.2349279112759492,3.808021880078509,1221.111111111111,0.5328431372549018,0.14930555555555555
6,59,2,33.184327513,35.58428952,01/05/2025,35,0.26177037017697347,0.3685619720562767,0.7886610985965535,0.20117986394633508,1.9918457753075751,1255.7777777777778,0.7291666666666666,0.3142361111111111
6,60,2,33.18431891,35.58430637,01/05/2025,35,0.26500517610718677,0.37086282429121403,0.7899692636640984,0.20704802049171322,2.3976023629885437,1251.6666666666667,0.6645833333333333,0.23697916666666669
6,61,2,33.184473012,35.584400473,01/05/2025,35,0.2845284235950539,0.3919804630186092,0.7842828332386746,0.2042094034933038,2.383888220226404,1220.3333333333333,0.5270833333333333,0.27951388888888884
6,62,1,33.184480155,35.584383128,01/05/2025,35,0.274215320420894,0.3813436255533047,0.7862628303454788,0.1903424063596505,4.163932045910443,1248.3333333333333,0.4253205128205128,0.13802083333333331
6,63,1,33.18447918,35.584382615,01/05/2025,35,0.274215320420894,0.3813436255533047,0.7862628303454788,0.1903424063596505,4.163932045910443,1248.3333333333333,0.4253205128205128,0.13802083333333331
6,64,1,33.184649032,35.584476263,01/05/2025,35,0.26060290049449236,0.36414262014006965,0.7947144569617172,0.18158669829124924,4.38051380221855,1274.7777777777778,0.17518446047857814,0.1545138888888889
6,65,2,33.18478571,35.584588918,01/05/2025,35,0.2484368675222281,0.36574037813035776,0.7714553978169644,0.18174748540838687,3.1324174656975536,1276.2222222222222,0.5791666666666666,0.17100694444444445
6,66,2,33.18495201,35.584663277,01/05/2025,35,0.2589551225893648,0.374648542354627,0.7729075257022192,0.19226684872747737,4.076786579207663,1313.4444444444443,0.24024321266968326,0.14756944444444445
6,67,2,33.184944048,35.584676168,01/05/2025,35,0.2589551225893648,0.374648542354627,0.7729075257022192,0.19226684872747737,4.076786579207663,1313.4444444444443,0.24024321266968326,0.14756944444444445
6,68,3,33.185211112,35.58473142,01/05/2025,35,,,,,,,,
6,69,1,33.185209163,35.584748317,01/05/2025,35,0.24478255569643728,0.36111409460522226,0.7736471589206313,0.17703756968057674,4.596251836004467,1414.5555555555557,0.26869700582935874,0.11805555555555557
6,70,2,33.18522875,35.584785562,01/05/2025,35,,,,,,,,
6,71,2,33.18496718,35.584720162,01/05/2025,35,0.26352210243871893,0.37267493596232026,0.7839876609582412,0.19392416880550592,3.442009586131382,1323.5555555555557,0.4762726244343891,0.17274305555555558
6,72,1,33.184955002,35.584735952,01/05/2025,35,0.2751368084922955,0.3847632680076008,0.7817330929825393,0.20540168006793275,3.2119140039933596,1288.4444444444443,0.4708333333333333,0.16666666666666669
6,73,3,33.184811513,35.584631455,01/05/2025,35,0.26606173182131276,0.3785244200347605,0.7778232770820951,0.1937536417639615,3.9432314616722492,1262.6666666666667,0.32071078431372546,0.13194444444444445
6,74,1,33.184646417,35.584570203,01/05/2025,35,0.28104827205012345,0.37342687783559336,0.8130194551799408,0.19911850963301478,4.265072732832805,1258.0,0.34061264318617257,0.12239583333333334
6,75,1,33.18451505,35.584449657,01/05/2025,35,0.2767338208236584,0.38313886464450936,0.7873916817765495,0.19765406451437417,3.600845695138842,1221.0,0.3703525641025641,0.1623263888888889
6,76,1,33.184371233,35.584291258,01/05/2025,35,0.261856573176724,0.36876264723481633,0.788425618127071,0.1981992586342594,2.370864469235365,1261.111111111111,0.7500000000000001,0.3385416666666667
6,77,2,33.184355772,35.584358753,01/05/2025,35,0.2689493671924773,0.37347887111442796,0.7918167892154648,0.19704779907190775,3.7297213575823878,1246.4444444444443,0.5375,0.1527777777777778
6,78,3,33.184205282,35.584266892,01/05/2025,35,0.2894550821970163,0.3935161411081813,0.7899082171524595,0.2198150998558721,4.8401998765158565,1206.7777777777778,0.20247793608087725,0.11458333333333334
6,79,2,33.184194715,35.584289723,01/05/2025,35,0.286934189384233,0.3960212803529817,0.7807836108319022,0.21962523946521323,4.519641085934338,1196.888888888889,0.23092994578288695,0.12673611111111113
6,80,3,33.184060657,35.584179655,01/05/2025,35,0.30720968956175226,0.3945651005799587,0.8195369157115636,0.2233837344451456,4.596251836004466,1223.6666666666667,0.34106334841628955,0.11805555555555555
6,81,2,33.183877972,35.58398514,01/05/2025,35,0.282232521549715,0.37648545810586387,0.8094316301725731,0.21567307668264388,3.8070027314271098,1244.888888888889,0.45013197586727,0.15104166666666666
6,82,2,33.183755828,35.583902455,01/05/2025,35,0.2645499527708035,0.3610646123721293,0.8071780897958475,0.20820469692140708,2.68012332660786,1226.7777777777778,0.65625,0.21874999999999994
6,83,3,33.183739807,35.583988108,01/05/2025,35,0.29536434860911825,0.3843535816214824,0.8176569351179344,0.2343183305949364,3.7212518360044657,1200.3333333333333,0.39122793608087725,0.2013888888888889
6,84,3,33.183786553,35.584016998,01/05/2025,35,0.2852333507729681,0.3785472559556232,0.8108713932668516,0.21101687378988043,4.346251836004466,1198.2222222222222,0.2837995801231095,0.12847222222222224
6,85,3,33.183785112,35.584018663,01/05/2025,35,0.2852333507729681,0.3785472559556232,0.8108713932668516,0.21101687378988043,4.346251836004466,1198.2222222222222,0.2837995801231095,0.12847222222222224
6,86,1,33.183586345,35.583825855,01/05/2025,35,0.26821796971698897,0.3627053118472208,0.8106469323917195,0.20952384888314954,3.782399095040494,1204.888888888889,0.41943815987933636,0.1293402777777778
6,87,1,33.183594508,35.583804277,01/05/2025,35,0.2562528789866075,0.35834993757324024,0.797969207288709,0.2012023681609359,3.500095766417776,1207.888888888889,0.48333333333333334,0.15190972222222224
6,88,3,33.183627737,35.583942933,01/05/2025,35,0.28241396798652035,0.3758365215145017,0.810899963031495,0.22442795433818827,3.886434896284056,1192.888888888889,0.45624999999999993,0.15538194444444445
6,89,3,33.183634738,35.58392777,01/05/2025,35,0.2886371865238074,0.3793391561662133,0.8152947978684708,0.22355403318538455,4.029389648941849,1193.5555555555557,0.4166666666666667,0.1310763888888889
6,90,2,33.183489682,35.58384219,01/05/2025,35,0.28242263479676155,0.3803181077253019,0.8024953280981735,0.21903260984224399,2.6425695521513313,1193.6666666666667,0.6208333333333333,0.2300347222222222
6,91,2,33.183483287,35.58385752,01/05/2025,35,0.28975731885125083,0.38174702369022456,0.8126721159436119,0.22595433757871197,3.4167624330844424,1188.7777777777778,0.5604166666666667,0.1657986111111111
6,92,1,33.183333755,35.5837481,01/05/2025,35,0.29071667345738056,0.38601558025593496,0.8062326202404644,0.22083455649831596,3.0629072918469555,1158.0,0.5375,0.1892361111111111
6,93,1,33.182895612,35.583563345,01/05/2025,35,0.30915356456940624,0.3941110137807859,0.8238549121794388,0.23997547247127246,3.767312558951969,751.3333333333334,0.406336101321613,0.1579861111111111
6,94,1,33.18283631,35.583630807,01/05/2025,35,0.32961146402609925,0.39762139512373446,0.854951080108922,0.2502863496086454,4.663320189106001,772.4444444444445,0.18276339525567642,0.125
6,95,3,33.183369293,35.583825388,01/05/2025,35,0.29575932044982806,0.3751967188968758,0.8359190691583939,0.20619173382383416,3.8130546909157204,1171.111111111111,0.45789460274754384,0.1753472222222222
6,96,3,33.183387877,35.583818468,01/05/2025,35,0.29575932044982806,0.3751967188968758,0.8359190691583939,0.20619173382383416,3.8130546909157204,1171.111111111111,0.45789460274754384,0.1753472222222222
6,98,2,33.183438402,35.583861482,01/05/2025,35,0.2932962801144883,0.37792942881984726,0.826202282424675,0.20775484920437062,4.819366543182522,1177.4444444444443,0.3292652663976193,0.1154513888888889
6,99,3,33.183423548,35.583878907,01/05/2025,35,0.30402574434035284,0.3903762806647701,0.8215515457683129,0.22810494590387295,4.230519407630638,1162.4444444444443,0.3881127450980393,0.12586805555555555
6,100,3,33.183427477,35.583948513,01/05/2025,35,0.3397715206789655,0.42121236757412145,0.8265322934382988,0.2637806575393789,4.284037234815498,1142.6666666666667,0.2052474420121479,0.16493055555555558
6,101,2,33.183420537,35.583963707,01/05/2025,35,0.3397715206789655,0.42121236757412145,0.8265322934382988,0.2637806575393789,4.284037234815498,1142.6666666666667,0.2052474420121479,0.16493055555555558
6,102,3,33.183504205,35.583903558,01/05/2025,35,0.294744667611929,0.38544108858380743,0.8146719619203258,0.2227042968979445,4.159037234815498,1171.5555555555557,0.38758152949329416,0.15104166666666666
6,103,3,33.183598177,35.583956563,01/05/2025,35,0.2834769084077131,0.3755828518052349,0.8135223312120008,0.22306177640620786,4.186772210336683,1188.2222222222222,0.3615290346907994,0.12586805555555558
6,104,3,33.183591233,35.583973528,01/05/2025,35,0.2834769084077131,0.3755828518052349,0.8135223312120008,0.22306177640620786,4.186772210336683,1188.2222222222222,0.3615290346907994,0.12586805555555558
6,105,3,33.183597428,35.584040553,01/05/2025,35,0.33961592400384377,0.42284323687348657,0.8228968020990716,0.2658375570716119,4.8193665431825226,1162.888888888889,0.23821745954098894,0.1154513888888889
6,106,2,33.18359093,35.584060073,01/05/2025,35,0.33961592400384377,0.42284323687348657,0.8228968020990716,0.2658375570716119,4.8193665431825226,1162.888888888889,0.23821745954098894,0.1154513888888889
6,107,3,33.183776647,35.584063913,01/05/2025,35,0.2862752656604474,0.3812332066686095,0.8075481514409338,0.2080995162085288,4.223406066166138,1187.888888888889,0.35526960784313727,0.12586805555555555
6,108,3,33.183783543,35.58408049,01/05/2025,35,0.3003058204198123,0.391813065933867,0.8123336329141566,0.2178470584532357,3.765828952564892,1182.0,0.40024509803921565,0.1449652777777778
6,109,3,33.183765335,35.584140815,01/05/2025,35,0.3131737123733463,0.3992984433034865,0.8209158280797095,0.22970542463900864,3.79230695353988,1182.3333333333333,0.43736038074273365,0.1484375
6,110,3,33.183755443,35.584155257,01/05/2025,35,0.33168245368209426,0.41670677963081987,0.8204090421116397,0.2482961464731575,4.223406066166138,1180.7777777777778,0.3382011536423301,0.12586805555555555
6,111,3,33.183950983,35.584164983,01/05/2025,35,0.28882765135806276,0.3834533254404896,0.8076662995281568,0.21679986651957076,3.47346323205486,1211.0,0.3226338612368024,0.15885416666666669
6,112,1,33.183954938,35.58417649,01/05/2025,35,0.28882765135806276,0.3834533254404896,0.8076662995281568,0.21679986651957076,3.47346323205486,1211.0,0.3226338612368024,0.15885416666666669
6,113,2,33.183916327,35.584230625,01/05/2025,35,0.31648766432755615,0.40331549917965015,0.8189817226222431,0.22662635642893203,4.3894608760283615,1191.0,0.2832107843137255,0.12847222222222224
6,114,2,33.1839172,35.584225688,01/05/2025,35,0.31648766432755615,0.40331549917965015,0.8189817226222431,0.22662635642893203,4.3894608760283615,1191.0,0.2832107843137255,0.12847222222222224
6,115,2,33.18391148,35.584239988,01/05/2025,35,0.31648766432755615,0.40331549917965015,0.8189817226222431,0.22662635642893203,4.3894608760283615,1191.0,0.2832107843137255,0.12847222222222224
6,116,3,33.184136002,35.584262307,01/05/2025,35,0.30529860641965023,0.3997633597509863,0.8058250196731045,0.24104739393354915,3.534015167932105,1213.4444444444443,0.47450980392156855,0.18055555555555558
6,117,2,33.184130995,35.584280417,01/05/2025,35,0.30979141564962626,0.40449042537438645,0.8046762743082921,0.24712980360086462,4.420507230104883,1209.6666666666667,0.2897153092006033,0.12239583333333334
6,118,3,33.184066582,35.584331512,01/05/2025,35,0.33332077635702706,0.4279772977242374,0.8011483621565234,0.2591679327427022,3.552841670172531,1193.3333333333333,0.4958333333333333,0.1440972222222222
6,119,2,33.184074793,35.584313375,01/05/2025,35,0.33332077635702706,0.4279772977242374,0.8011483621565234,0.2591679327427022,3.552841670172531,1193.3333333333333,0.4958333333333333,0.1440972222222222
6,120,2,33.184297098,35.584346217,01/05/2025,35,0.2735642497074518,0.37716168038081677,0.792909513024019,0.2088714464582214,4.484289710683921,1236.111111111111,0.38444570135746603,0.1345486111111111
6,121,1,33.184274322,35.58437223,01/05/2025,35,0.282737920448103,0.38431184344195096,0.795388807304703,0.2136170010567532,4.3312693363517045,1228.3333333333333,0.34714366515837103,0.1345486111111111
6,122,2,33.184213238,35.584408378,01/05/2025,35,0.312575532732279,0.3973468048487097,0.8237236885852661,0.2235733058039937,4.110161460266554,1221.7777777777778,0.35676470588235293,0.17621527777777776
6,123,3,33.184208257,35.584427553,01/05/2025,35,0.3272652619957987,0.40585495998323,0.8338631401327231,0.23289471911235513,3.8873321518995314,1228.3333333333333,0.3827450980392157,0.15885416666666666
6,124,3,33.184454693,35.584458557,01/05/2025,35,0.29740920630053735,0.39382244399500016,0.8030936359722315,0.22375083933337148,4.568494793599887,1221.4444444444443,0.36370841995842,0.12239583333333334
6,125,3,33.18445595,35.584484998,01/05/2025,35,0.30487151086531367,0.40206503911493463,0.8005288234732743,0.2361216991813202,3.5986693980937767,1219.0,0.48662508662508663,0.1579861111111111
6,126,3,33.184368415,35.584504552,01/05/2025,35,0.30738594445719325,0.4016569283251903,0.8059721406402635,0.2474970366377,4.4193721485946105,1235.3333333333333,0.3556201846643023,0.12847222222222224
6,127,2,33.18436111,35.584522137,01/05/2025,35,0.32909462711147547,0.4159875205295468,0.8172351186180331,0.2567068758920599,4.574546753088498,1237.4444444444443,0.2815440157351922,0.1154513888888889
6,128,2,33.184637052,35.584566185,01/05/2025,35,0.2872038172525318,0.3799995044067186,0.8114341578909097,0.19659830376912485,4.431739399499471,1239.111111111111,0.29552403081814843,0.11892361111111112
6,129,2,33.184510735,35.584579917,01/05/2025,35,0.2996458094587675,0.40400692505557173,0.7876601722445442,0.2231695151897446,5.063314583693911,1222.4444444444443,0.2593720700338347,0.11197916666666669
6,130,2,33.18450292,35.584604105,01/05/2025,35,0.3211508028399618,0.42290241204483364,0.7893558090053149,0.24303538452965048,3.046045387374944,1218.111111111111,0.59375,0.2109375
6,131,2,33.184800562,35.584671052,01/05/2025,35,0.276009565748964,0.3855737059755765,0.7816373295076868,0.20477342486148858,4.1352998147737825,1248.3333333333333,0.38786764705882354,0.1527777777777778
6,132,2,33.184661677,35.584694635,01/05/2025,35,0.3302302641587172,0.4253694973510054,0.800985400738962,0.23619411636978324,4.369239399499471,1219.7777777777778,0.2767251131221719,0.11805555555555557
6,133,3,33.184672565,35.58468571,01/05/2025,35,0.31555899053989167,0.41594400607868875,0.79291126591312,0.23062014124889427,4.186772210336683,1218.111111111111,0.3233597285067873,0.12586805555555555
6,134,3,33.184962885,35.584768473,01/05/2025,35,0.2779965830731573,0.38260093049800675,0.7905946536611435,0.20351261177954688,3.499218483597409,1277.0,0.4708333333333333,0.17534722222222224
6,135,2,33.18495426,35.584782515,01/05/2025,35,0.2779965830731573,0.38260093049800675,0.7905946536611435,0.20351261177954688,3.499218483597409,1277.0,0.4708333333333333,0.17534722222222224
6,136,3,33.184809337,35.58478054,01/05/2025,35,0.2988909719710035,0.40122854968039534,0.7919210252752659,0.24161933102431632,4.532008336839198,1249.4444444444443,0.3029694570135747,0.1154513888888889
6,137,2,33.184817277,35.584764663,01/05/2025,35,0.2988909719710035,0.40122854968039534,0.7919210252752659,0.24161933102431632,4.532008336839198,1249.4444444444443,0.3029694570135747,0.1154513888888889
6,138,3,33.184953912,35.584845518,01/05/2025,35,0.2943894745056658,0.40041160723877095,0.7854065407639818,0.20648410834716277,3.9338936296611426,1239.0,0.4290064102564103,0.1423611111111111
6,139,3,33.184956517,35.584875627,01/05/2025,35,0.3019532696120799,0.4130498425489342,0.7748080125892304,0.2200818768626329,3.481131264435082,1223.3333333333333,0.45817307692307696,0.14756944444444448
6,140,1,33.185109998,35.584940212,01/05/2025,35,0.3274903587837838,0.4287116153439987,0.7893160642219217,0.24264000158868818,4.2229250747848,1226.2222222222222,0.3294041213158861,0.13628472222222224
6,141,2,33.18506981,35.584887362,01/05/2025,35,0.3150309660334837,0.4112444893432192,0.8010325743605601,0.23697259698478768,2.902978141007726,1251.888888888889,0.6041666666666667,0.1875
6,142,3,33.185051092,35.584958315,01/05/2025,35,0.3379681317253101,0.43547755840378505,0.7950446546876307,0.24785326185683443,4.159037234815499,814.2222222222222,0.20982376066278963,0.15104166666666669
6,143,2,33.185046362,35.584976137,01/05/2025,35,0.3379681317253101,0.43547755840378505,0.7950446546876307,0.24785326185683443,4.159037234815499,814.2222222222222,0.20982376066278963,0.15104166666666669
6,144,2,33.184892468,35.58479606,01/05/2025,35,0.3028035492477783,0.40173561339481334,0.7975298239512333,0.21673719300510905,4.544372148594611,1256.2222222222222,0.21710641637112227,0.12673611111111113
6,145,2,33.18488005,35.584867878,01/05/2025,35,0.33052967117997933,0.43265905294902013,0.7872240327584623,0.2526979983121695,4.200825794518089,1242.4444444444443,0.28214223839223834,0.125
6,146,2,33.184868562,35.584886468,01/05/2025,35,0.33205304127190016,0.4356014008564036,0.7842034731333972,0.25782767858045913,4.574546753088498,1257.0,0.2858974358974359,0.1154513888888889
6,147,2,33.184792922,35.58475537,01/05/2025,35,0.2979817678475206,0.4070301636047436,0.7792655845833752,0.2490221909571322,4.516207814343076,1244.3333333333333,0.3192684766214178,0.13020833333333334
6,148,2,33.184740833,35.584687648,01/05/2025,35,0.30029338179835935,0.3987059845000658,0.7989412329238236,0.23294019292046164,3.596822633626531,1240.111111111111,0.4208333333333333,0.17708333333333337
6,149,2,33.18456058,35.584584838,01/05/2025,35,0.30574544152470806,0.4075787076592054,0.7915775687223888,0.23391278740317262,4.110161460266554,1224.111111111111,0.3786028392646039,0.17621527777777776
6,150,2,33.184565495,35.584601172,01/05/2025,35,0.30169867293149316,0.4013538078258658,0.7963672687650436,0.2209148049899959,4.417073958513622,1221.6666666666667,0.3652921303656598,0.15711805555555555
6,151,3,33.18457413,35.584677877,01/05/2025,35,0.32147195662329,0.4200250230503732,0.7954946446759601,0.24918719390632063,4.169461183701552,1223.2222222222222,0.36654411764705885,0.1371527777777778
6,152,2,33.184566543,35.584694765,01/05/2025,35,0.3322090810075466,0.42939224580647384,0.7965967839736687,0.255612123512147,4.590199876515856,1230.111111111111,0.3138914027149321,0.1371527777777778
6,153,2,33.184422298,35.584509087,01/05/2025,35,0.3046977994391216,0.40126625125134224,0.8018108771854449,0.23927236318260692,3.5948990950404944,1224.7777777777778,0.5208333333333333,0.16666666666666666
6,154,2,33.184413273,35.58452042,01/05/2025,35,0.31565051855457327,0.4096392904730905,0.80516983575141,0.24065351736115645,3.45842909975111,1229.2222222222222,0.46041666666666664,0.1623263888888889
6,155,2,33.184388993,35.584571983,01/05/2025,35,0.3359371179974423,0.4191152341630097,0.8237104241004403,0.2511848899175324,4.159037234815499,1250.3333333333333,0.25587051529312854,0.15104166666666666
6,156,3,33.184383627,35.584586525,01/05/2025,35,0.3575987919811629,0.4339991525594864,0.8346640464974991,0.2637992897163861,4.8045851693378,1263.0,0.22347100039361373,0.11111111111111112
6,157,1,33.184253348,35.584405278,01/05/2025,35,0.3077613393499886,0.40425318013929407,0.801586849139468,0.23468309248172536,3.500611856804443,1217.111111111111,0.5370098039215685,0.19010416666666666
6,158,1,33.184250652,35.584426318,01/05/2025,35,0.3164821108740082,0.41106468257226814,0.8040507573500789,0.2391638051368643,4.117014908952865,1214.0,0.4870098039215687,0.1371527777777778
6,159,2,33.184233367,35.584476795,01/05/2025,35,0.35794839365284786,0.44588754224441374,0.8102406326694281,0.25958363353021763,4.663320189106001,1206.5555555555557,0.1532056380254169,0.125
6,160,2,33.18409682,35.584305142,01/05/2025,35,0.3200621936835702,0.4170293708279751,0.7988262274454191,0.2603265404675047,3.577858131643837,1194.0,0.4099264705882353,0.1675347222222222
6,161,2,33.184088425,35.584310077,01/05/2025,35,0.3200621936835702,0.4170293708279751,0.7988262274454191,0.2603265404675047,3.577858131643837,1194.0,0.4099264705882353,0.1675347222222222
6,162,2,33.184067373,35.584387057,01/05/2025,35,0.36900867137041954,0.4538849611189927,0.8152225164609835,0.2733425306692034,5.0485332098491895,1199.3333333333333,0.1633085650212623,0.1076388888888889
6,163,2,33.184074752,35.584373145,01/05/2025,35,0.3476662483641648,0.4394154748571755,0.804654709450473,0.26105686356672325,4.4193721485946105,1193.4444444444443,0.30765516081692557,0.12847222222222224
6,164,2,33.183933948,35.584193735,01/05/2025,35,0.2969078905413174,0.3923814263569565,0.805028963891202,0.21499509747985734,4.461038815261277,1189.888888888889,0.36249999999999993,0.125
6,165,3,33.183923218,35.584281862,01/05/2025,35,0.36299942608346547,0.45324909745325254,0.8049612582473514,0.257413013527442,4.804585169337799,1166.111111111111,0.18162080686811855,0.11111111111111113
6,166,3,33.183761742,35.584100012,01/05/2025,35,0.30726679206104845,0.39765312360226196,0.8135532456020926,0.22054817068953939,4.391207814343077,1176.6666666666667,0.3157848742407565,0.13020833333333334
6,167,3,33.1837652,35.584187033,01/05/2025,35,0.34107508801824626,0.4264728137607371,0.8184796275421481,0.2531128181212938,4.532880086421832,1184.888888888889,0.2541939790469202,0.11892361111111113
6,168,3,33.183758943,35.584205178,01/05/2025,35,0.38243808908317645,0.4589383698469322,0.8304630301487568,0.2816211173929031,4.200825794518089,1190.888888888889,0.1550831007737951,0.125
6,169,3,33.183604362,35.584014462,01/05/2025,35,0.3140372448044324,0.39981334976334987,0.8214846375639087,0.2539686715647915,4.776828126933223,1173.111111111111,0.23830739676327908,0.1154513888888889
6,170,1,33.183600267,35.584025297,01/05/2025,35,0.31824772507487525,0.39703591151726425,0.8346151196424851,0.24763507702416318,5.063314583693912,1184.0,0.2672760996290408,0.11197916666666669
6,171,3,33.183614987,35.58410624,01/05/2025,35,0.36317871190021367,0.44410571976260266,0.8247959682671026,0.2695416684993792,4.846251836004468,1176.0,0.19100017141593106,0.1076388888888889
6,172,3,33.183607487,35.584123942,01/05/2025,35,0.36317871190021367,0.44410571976260266,0.8247959682671026,0.2695416684993792,4.846251836004468,1176.0,0.19100017141593106,0.1076388888888889
6,173,3,33.18343705,35.583901803,01/05/2025,35,0.30402574434035284,0.3903762806647701,0.8215515457683129,0.22810494590387295,4.230519407630638,1162.4444444444443,0.3881127450980393,0.12586805555555555
6,174,2,33.183429673,35.583919888,01/05/2025,35,0.3187845786458103,0.4058242195306296,0.818302110158663,0.2466706635768396,4.5443721485946105,1143.3333333333333,0.291421568627451,0.1267361111111111
6,175,3,33.183425703,35.58397777,01/05/2025,35,0.3608916966988581,0.43884907114317406,0.8304332864089062,0.27942117390195736,5.04853320984919,1154.4444444444443,0.1684352427142958,0.10763888888888891
6,176,3,33.183419873,35.583999983,01/05/2025,35,0.3608916966988581,0.43884907114317406,0.8304332864089062,0.27942117390195736,5.04853320984919,1154.4444444444443,0.1684352427142958,0.10763888888888891
7,24,2,33.183340975,35.583649787,06/05/2025,30,0.27463482116155247,0.3603734112088659,0.8264040573218535,0.1881640411796654,4.776828126933223,977.7777777777778,0.365959653092006,0.1154513888888889
7,25,2,33.183405773,35.58365562,06/05/2025,30,0.26070846295099437,0.35241392440267166,0.8167272759638133,0.17702962809855738,4.420507230104883,973.4444444444445,0.38995098039215687,0.12239583333333334
7,26,2,33.18327882,35.583671265,06/05/2025,30,0.2847507863098078,0.37389703837139604,0.8187474006393312,0.20682216180760168,4.56063712882641,987.1111111111111,0.3433337919367331,0.11458333333333334
7,27,1,33.183384408,35.583665087,06/05/2025,30,0.2689722687640835,0.35757794633896534,0.8216053048952043,0.18408825389776956,4.388719991868833,975.4444444444445,0.3864724736048266,0.12239583333333334
7,28,3,33.183421907,35.58366474,06/05/2025,30,0.2521771704800416,0.3485240814809408,0.8091482966847259,0.17408306248162794,4.332141085934338,971.1111111111111,0.41458333333333336,0.1310763888888889
7,29,2,33.183413827,35.583749748,06/05/2025,30,0.29571749882239856,0.3853764324193405,0.8163011611772126,0.2118478859766096,3.3360994202994476,969.7777777777778,0.6125,0.17361111111111113
7,30,2,33.183419493,35.583754065,06/05/2025,30,0.29495086903086415,0.3767441130343229,0.831642190492592,0.20345095479694444,3.976230920102404,975.1111111111111,0.42323717948717954,0.1423611111111111
7,31,2,33.183444822,35.583677362,06/05/2025,30,0.2521771704800416,0.3485240814809408,0.8091482966847259,0.17408306248162794,4.332141085934338,971.1111111111111,0.41458333333333336,0.1310763888888889
7,32,2,33.183444093,35.5836959,06/05/2025,30,0.27135222109236196,0.3604012348826013,0.8204088627787062,0.17964925577402255,4.272259773831688,967.2222222222222,0.48541666666666666,0.13368055555555558
7,33,1,33.183472188,35.583696302,06/05/2025,30,0.2646521290465117,0.358300128453427,0.8127021277481556,0.179569283294392,3.4663498905903594,959.6666666666666,0.4833333333333333,0.1918402777777778
7,34,2,33.183494078,35.583708643,06/05/2025,30,0.24994422904054941,0.35538379522976826,0.7930657658395787,0.1796090098783112,3.616213419755166,943.8888888888889,0.420673076923077,0.1623263888888889
7,35,1,33.18349499,35.58372554,06/05/2025,30,0.27137082819788394,0.3654703153631196,0.8115211631748367,0.18405296563232512,4.448675003505865,949.1111111111111,0.3442759161876809,0.12239583333333334
7,36,2,33.18354211,35.583753632,06/05/2025,30,0.2764996825002477,0.37689648848481405,0.7991049863918557,0.19764516430167822,4.802694271103766,937.5555555555555,0.2832408483143777,0.1267361111111111
7,38,2,33.183654748,35.58379738,06/05/2025,30,0.26560747869936957,0.36238585826568737,0.8073415482128978,0.19522349696911817,4.804585169337799,949.1111111111111,0.2405132791162203,0.11111111111111113
7,39,2,33.183649103,35.58381395,06/05/2025,30,0.26560747869936957,0.36238585826568737,0.8073415482128978,0.19522349696911817,4.804585169337799,949.1111111111111,0.2405132791162203,0.11111111111111113
7,40,3,33.18357413,35.58384302,06/05/2025,30,0.28852290204069697,0.3672188401061338,0.838200436707981,0.19674694653475028,4.446520773344194,996.2222222222222,0.3702450980392157,0.1232638888888889
7,41,2,33.183568927,35.583857708,06/05/2025,30,0.2956566041301744,0.3819012449190424,0.8228035822914193,0.20304043859196402,4.1869196094054475,990.1111111111111,0.33482843137254903,0.1189236111111111
7,42,2,33.183667175,35.583826202,06/05/2025,30,0.2756331192020191,0.37824167778325485,0.7946917623804208,0.20397729755085695,3.9465207733441936,969.5555555555555,0.3686274509803921,0.13368055555555555
7,43,3,33.183643803,35.583878668,06/05/2025,30,0.29115967612216287,0.37807470836260254,0.8226250343714882,0.2070399020179186,3.301238362525892,993.8888888888889,0.48946078431372547,0.19791666666666669
7,44,3,33.183628637,35.583893978,06/05/2025,30,0.29428512848029076,0.3845828300630482,0.8155360539669156,0.2071262821646759,4.130587501752933,995.8888888888889,0.46825980392156863,0.14496527777777776
7,45,2,33.183695452,35.583847187,06/05/2025,30,0.2599074625495286,0.3686413774060648,0.7853730205312225,0.190565240804731,4.512918502671134,963.7777777777778,0.2569896253719783,0.11458333333333334
7,46,2,33.183724567,35.583858615,06/05/2025,30,0.26087508529599046,0.36144294681758504,0.8002003863760776,0.17981256630016426,4.551559189593494,967.7777777777778,0.3293646304675717,0.11892361111111112
7,47,2,33.183762173,35.583879683,06/05/2025,30,0.24856153108442866,0.3515204842306391,0.7973273889062694,0.16764078619255027,4.017617721195772,966.8888888888889,0.45992647058823527,0.13368055555555555
7,48,2,33.183774913,35.583871242,06/05/2025,30,0.23902660084208038,0.348057329799783,0.7876163989880093,0.1596661588049645,2.7291820003023566,966.7777777777778,0.6645833333333333,0.2578125
7,49,3,33.183808437,35.583891458,06/05/2025,30,0.2404827890547389,0.3477603762790189,0.7909415187629625,0.1610872210972987,2.68514304294886,986.8888888888889,0.54375,0.23524305555555555
7,50,2,33.183801752,35.583902875,06/05/2025,30,0.2404827890547389,0.3477603762790189,0.7909415187629625,0.1610872210972987,2.68514304294886,986.8888888888889,0.54375,0.23524305555555555
7,51,3,33.183722155,35.58393322,06/05/2025,30,0.29380824825365726,0.38546413951432507,0.8126904354047311,0.19154778585721355,4.594360937770434,972.6666666666666,0.37536764705882353,0.13368055555555558
7,52,1,33.183709945,35.583942073,06/05/2025,30,0.2849287079132725,0.3799742545286993,0.8073708814206957,0.18768974256821191,3.979981250360578,983.6666666666666,0.4687500000000001,0.15538194444444448
7,53,1,33.183981722,35.583981352,06/05/2025,30,0.2420468898699005,0.3562534874907604,0.7781889583710263,0.17952715843993625,4.846251836004467,980.3333333333334,0.3036764705882353,0.1076388888888889
7,54,3,33.183869465,35.584019592,06/05/2025,30,0.3077453913707166,0.3905474074811474,0.828350140778171,0.20022415715778913,3.3365804116807865,1029.6666666666667,0.5958333333333333,0.15625
7,55,3,33.18386289,35.584035335,06/05/2025,30,0.3077453913707166,0.3905474074811474,0.828350140778171,0.20022415715778913,3.3365804116807865,1029.6666666666667,0.5958333333333333,0.15625
7,56,2,33.184009975,35.584101383,06/05/2025,30,0.316963057645845,0.4074283139490289,0.8118931286425758,0.22673900541166414,4.4193721485946105,1041.4444444444443,0.30369155354449473,0.12847222222222224
7,57,2,33.184005553,35.584117157,06/05/2025,30,0.3276876898213786,0.4169906696575392,0.8128569454956649,0.23170290424551684,4.223406066166138,1042.2222222222222,0.37885180995475115,0.1345486111111111
7,58,2,33.184166042,35.584213185,06/05/2025,30,0.34068391713856244,0.4284081467487326,0.8136729501149046,0.2504512587958117,3.5035806706600265,1028.888888888889,0.40205683624801275,0.1371527777777778
7,59,2,33.184327513,35.58428952,06/05/2025,30,0.2985353730460526,0.3953330785744943,0.8023000899708328,0.21389346842885845,3.78619146497717,1052.0,0.4395833333333333,0.15885416666666666
7,60,2,33.18431891,35.58430637,06/05/2025,30,0.297021600601765,0.39624171456463214,0.7980482881281884,0.2141706450488781,4.352303795493077,1053.111111111111,0.3610525967143614,0.12152777777777778
7,61,2,33.184473012,35.584400473,06/05/2025,30,0.30042076483754226,0.3994800915570218,0.7975814686262744,0.21267420874108128,3.9166315676613377,1053.3333333333333,0.390893665158371,0.1579861111111111
7,62,1,33.184480155,35.584383128,06/05/2025,30,0.2935468320262103,0.39093100436430706,0.801773499584222,0.20727578673657981,3.8873321518995314,1065.2222222222222,0.3851073641514818,0.15885416666666666
7,63,1,33.18447918,35.584382615,06/05/2025,30,0.2935468320262103,0.39093100436430706,0.801773499584222,0.20727578673657981,3.8873321518995314,1065.2222222222222,0.3851073641514818,0.15885416666666666
7,64,1,33.184649032,35.584476263,06/05/2025,30,0.28259228311299106,0.38577431911662763,0.7924418619794308,0.20145140812485768,4.586038815261277,1071.2222222222222,0.27405354449472097,0.1076388888888889
7,65,2,33.18478571,35.584588918,06/05/2025,30,0.267396956896462,0.3801546945049671,0.7771621483254365,0.1851378490716299,4.015358131643836,1092.4444444444443,0.3575980392156862,0.1371527777777778
7,66,2,33.18495201,35.584663277,06/05/2025,30,0.2709185669636756,0.3853469051178615,0.7736307881862357,0.1943449618399637,3.651975526001987,1139.2222222222222,0.4270833333333333,0.13802083333333334
7,67,2,33.184944048,35.584676168,06/05/2025,30,0.2709185669636756,0.3853469051178615,0.7736307881862357,0.1943449618399637,3.651975526001987,1139.2222222222222,0.4270833333333333,0.13802083333333334
7,68,3,33.185211112,35.58473142,06/05/2025,30,,,,,,,,
7,69,1,33.185209163,35.584748317,06/05/2025,30,0.24424028397865868,0.38463795193677275,0.7317642502666015,0.1750186538787436,4.514460876028362,1173.111111111111,0.2809577677224736,0.13368055555555558
7,70,2,33.18522875,35.584785562,06/05/2025,30,,,,,,,,
7,71,2,33.18496718,35.584720162,06/05/2025,30,0.27208053815593025,0.38863323101932024,0.7696705605826375,0.19830156234436028,2.8486693980937767,1141.2222222222222,0.5958333333333333,0.1996527777777778
7,72,1,33.184955002,35.584735952,06/05/2025,30,0.28369853572421905,0.39269209215771833,0.7815171863551458,0.2043404353025122,2.9851597725718704,1125.2222222222222,0.5354166666666667,0.2230902777777778
7,73,3,33.184811513,35.584631455,06/05/2025,30,0.2789750849668489,0.39134949864894314,0.7761506059939849,0.19766489851985491,3.392364962736743,1094.3333333333333,0.5854166666666667,0.16927083333333331
7,74,1,33.184646417,35.584570203,06/05/2025,30,0.2950344706145369,0.39742678938323084,0.7921689856790064,0.19827460007206923,3.499557609147715,1069.888888888889,0.48333333333333334,0.16927083333333337
7,75,1,33.18451505,35.584449657,06/05/2025,30,0.2903961198077198,0.39005449148476046,0.7978852907347901,0.21511741257736927,4.305867649916837,1062.0,0.3665441176470588,0.11892361111111113
7,76,1,33.184371233,35.584291258,06/05/2025,30,0.3013111187554656,0.3970615636398022,0.804014520428423,0.2152269832868308,3.8873321518995314,1048.7777777777778,0.48958333333333337,0.15885416666666669
7,77,2,33.184355772,35.584358753,06/05/2025,30,0.3240200117957839,0.40802160501524665,0.8235032449592351,0.2379134752532928,3.9789770342734103,1063.6666666666667,0.38646916146916144,0.13975694444444442
7,78,3,33.184205282,35.584266892,06/05/2025,30,0.314309011478922,0.40648190193233,0.8091512097099112,0.2173982333281976,4.403501365713556,1037.111111111111,0.4625000000000001,0.13368055555555555
7,79,2,33.184194715,35.584289723,06/05/2025,30,0.30335440748040177,0.404071278772491,0.7944723282972823,0.2106008265335191,2.692215752170299,1030.111111111111,0.6958333333333333,0.33333333333333326
7,80,3,33.184060657,35.584179655,06/05/2025,30,0.33250676515210675,0.42215438500318236,0.8111326767717955,0.22120801231512693,2.712712054041611,1028.3333333333333,0.6604166666666668,0.26822916666666674
7,81,2,33.183877972,35.58398514,06/05/2025,30,0.295822297064263,0.3926257489376246,0.8032646475264676,0.20234017850879457,3.596822633626531,1013.6666666666666,0.3791666666666666,0.17708333333333331
7,82,2,33.183755828,35.583902455,06/05/2025,30,0.2695715827674707,0.3647880151421304,0.8090399003439805,0.1727141214707799,4.8193665431825226,973.8888888888889,0.3040176205617382,0.11545138888888891
7,83,3,33.183739807,35.583988108,06/05/2025,30,0.3036022226538313,0.39293874161699516,0.8157977113444768,0.2078513803016401,3.764746274839393,987.5555555555555,0.4791666666666667,0.15885416666666669
7,84,3,33.183786553,35.584016998,06/05/2025,30,0.3052519714376237,0.39541922373966626,0.8139988488614655,0.20423985002388545,3.4816122558164198,985.6666666666666,0.55,0.15104166666666669
7,85,3,33.183785112,35.584018663,06/05/2025,30,0.3052519714376237,0.39541922373966626,0.8139988488614655,0.20423985002388545,3.4816122558164198,985.6666666666666,0.55,0.15104166666666669
7,86,1,33.183586345,35.583825855,06/05/2025,30,0.2904718086004995,0.3659965333528603,0.8442723135956579,0.19645323090021305,3.5948990950404944,988.2222222222222,0.5208333333333333,0.16666666666666666
7,87,1,33.183594508,35.583804277,06/05/2025,30,0.27489144897669743,0.3555421972847259,0.8362928762437499,0.18893121075317293,4.698527604437101,967.1111111111111,0.3014478618890384,0.11892361111111112
7,88,3,33.183627737,35.583942933,06/05/2025,30,0.29195359870505444,0.39057347214426985,0.7999896906109121,0.21139671323418277,3.841873115296189,992.8888888888889,0.4937499999999999,0.1762152777777778
7,89,3,33.183634738,35.58392777,06/05/2025,30,0.28787074675788005,0.38278541178772085,0.8074574587286005,0.20515964521582322,3.4985478598228137,1000.4444444444445,0.47745098039215683,0.15625
7,90,2,33.183489682,35.58384219,06/05/2025,30,0.3093175769984863,0.39177345623582577,0.8283478057063142,0.2145420927028514,4.637918502671134,991.5555555555555,0.2703197484815132,0.13020833333333334
7,91,2,33.183483287,35.58385752,06/05/2025,30,0.31312936514005413,0.4001250113997357,0.8189742655913501,0.22560649542109554,4.881866543182522,989.4444444444445,0.18392268965798378,0.11111111111111112
7,92,1,33.183333755,35.5837481,06/05/2025,30,0.29386280025443295,0.3853284367810115,0.81330563455655,0.1959927127851663,3.608355754981688,962.1111111111111,0.42279411764705876,0.1545138888888889
7,93,1,33.182895612,35.583563345,06/05/2025,30,0.30393998663166927,0.398713391901848,0.8054530478931956,0.20992343584224735,2.8341734230600863,634.2222222222222,0.47928742568830907,0.2482638888888889
7,94,1,33.18283631,35.583630807,06/05/2025,30,0.3252786194209986,0.40600511543117884,0.8300633420595208,0.23089481105731902,4.434153522439333,658.2222222222222,0.20324045591830664,0.1328125
7,95,3,33.183369293,35.583825388,06/05/2025,30,0.296506913550592,0.3847741212332299,0.8188421860923207,0.21879098486473664,3.79230695353988,972.2222222222222,0.4730580693815989,0.1484375
7,96,3,33.183387877,35.583818468,06/05/2025,30,0.296506913550592,0.3847741212332299,0.8188421860923207,0.21879098486473664,3.79230695353988,972.2222222222222,0.4730580693815989,0.1484375
7,98,2,33.183438402,35.583861482,06/05/2025,30,0.30360239525179267,0.39036577791944876,0.820849735221117,0.21742412149140133,3.9121885467451762,986.3333333333334,0.43529411764705883,0.1293402777777778
7,99,3,33.183423548,35.583878907,06/05/2025,30,0.3176149541815902,0.3993931654842541,0.8290320827994198,0.22365632632133853,4.4903416701725325,985.4444444444445,0.3221342383107089,0.11892361111111112
7,100,3,33.183427477,35.583948513,06/05/2025,30,0.34307766800930833,0.4240515404972641,0.8270887650387805,0.2327756160186097,4.4486750035058655,982.6666666666666,0.31107832946068237,0.1154513888888889
7,101,2,33.183420537,35.583963707,06/05/2025,30,0.34307766800930833,0.4240515404972641,0.8270887650387805,0.2327756160186097,4.4486750035058655,982.6666666666666,0.31107832946068237,0.1154513888888889
7,102,3,33.183504205,35.583903558,06/05/2025,30,0.3187067331076382,0.4079681985864222,0.813883767286872,0.23321064504287956,4.434153522439333,982.4444444444445,0.39693627450980395,0.1328125
7,103,3,33.183598177,35.583956563,06/05/2025,30,0.3005390352725369,0.40670809591443635,0.7843255898764889,0.2163544381752004,2.9699118602854653,976.8888888888889,0.6583333333333333,0.2230902777777778
7,104,3,33.183591233,35.583973528,06/05/2025,30,0.3005390352725369,0.40670809591443635,0.7843255898764889,0.2163544381752004,2.9699118602854653,976.8888888888889,0.6583333333333333,0.2230902777777778
7,105,3,33.183597428,35.584040553,06/05/2025,30,0.32778248378863517,0.42606325206223505,0.7951254930708868,0.22511505682756283,4.619239399499472,972.6666666666666,0.3118872549019608,0.1076388888888889
7,106,2,33.18359093,35.584060073,06/05/2025,30,0.32778248378863517,0.42606325206223505,0.7951254930708868,0.22511505682756283,4.619239399499472,972.6666666666666,0.3118872549019608,0.1076388888888889
7,107,3,33.183776647,35.584063913,06/05/2025,30,0.30243135334320437,0.3939584196746897,0.8118159381023228,0.20024020392368944,4.042829775237382,993.5555555555555,0.43333333333333335,0.1371527777777778
7,108,3,33.183783543,35.58408049,06/05/2025,30,0.31197688807503204,0.3992094520279654,0.8190023571286865,0.20866180330925707,4.186772210336683,1000.4444444444445,0.36002252252252254,0.12586805555555555
7,109,3,33.183765335,35.584140815,06/05/2025,30,0.32220400020022866,0.41144675393746133,0.8136102398017594,0.22197848881083682,4.186772210336684,997.6666666666666,0.3002940157351922,0.12586805555555555
7,110,3,33.183755443,35.584155257,06/05/2025,30,0.3406737341938774,0.42970239776300656,0.8114713106714428,0.23482962811555566,4.717354106677528,1002.7777777777778,0.17924432350902936,0.11197916666666669
7,111,3,33.183950983,35.584164983,06/05/2025,30,0.3186307412079616,0.40776909735201317,0.8145361114600504,0.2220445678638337,4.2448934896284065,1025.4444444444443,0.32052403081814845,0.17274305555555558
7,112,1,33.183954938,35.58417649,06/05/2025,30,0.3186307412079616,0.40776909735201317,0.8145361114600504,0.2220445678638337,4.2448934896284065,1025.4444444444443,0.32052403081814845,0.17274305555555558
7,113,2,33.183916327,35.584230625,06/05/2025,30,0.33720245513296415,0.4244923903210608,0.8152495588711806,0.24176808258496807,4.347534316583503,1014.3333333333334,0.22835009783539195,0.12239583333333334
7,114,2,33.1839172,35.584225688,06/05/2025,30,0.33720245513296415,0.4244923903210608,0.8152495588711806,0.24176808258496807,4.347534316583503,1014.3333333333334,0.22835009783539195,0.12239583333333334
7,115,2,33.18391148,35.584239988,06/05/2025,30,0.33720245513296415,0.4244923903210608,0.8152495588711806,0.24176808258496807,4.347534316583503,1014.3333333333334,0.22835009783539195,0.12239583333333334
7,116,3,33.184136002,35.584262307,06/05/2025,30,0.31353872243343456,0.4078963318579356,0.8049716737891954,0.23207865137089925,4.200825794518089,1034.2222222222222,0.32487745098039217,0.125
7,117,2,33.184130995,35.584280417,06/05/2025,30,0.31604474303620284,0.40779568190587523,0.8096802346027131,0.23102254020830917,4.20082579451809,1033.888888888889,0.2993872549019608,0.125
7,118,3,33.184066582,35.584331512,06/05/2025,30,0.3557548956758477,0.44433948409626967,0.8096789876405247,0.24403997977479547,3.9861806089179534,1016.7777777777778,0.33562405731523376,0.13802083333333331
7,119,2,33.184074793,35.584313375,06/05/2025,30,0.3557548956758477,0.44433948409626967,0.8096789876405247,0.24403997977479547,3.9861806089179534,1016.7777777777778,0.33562405731523376,0.13802083333333331
7,120,2,33.184297098,35.584346217,06/05/2025,30,0.299773333161381,0.4039403188517918,0.7883463406720486,0.21908406750574702,2.3042953426665553,1042.2222222222222,0.7479166666666667,0.3220486111111111
7,121,1,33.184274322,35.58437223,06/05/2025,30,0.303448394235004,0.4084246981905623,0.7862889070186717,0.21845035111759917,2.578986078834947,1034.7777777777778,0.6770833333333333,0.23784722222222227
7,122,2,33.184213238,35.584408378,06/05/2025,30,0.31610421674190614,0.4215268527933944,0.7833254746440351,0.22279041153945592,3.4541722720787553,1032.0,0.3850961538461538,0.19791666666666666
7,123,3,33.184208257,35.584427553,06/05/2025,30,0.3316233274541704,0.4369766086150178,0.7808172176786731,0.22779289022404217,4.1902054819279435,1034.2222222222222,0.30543929110105583,0.13628472222222224
7,124,3,33.184454693,35.584458557,06/05/2025,30,0.31854286633445233,0.41381372519096654,0.802310836684044,0.21559762151283118,3.425280148163905,1046.6666666666667,0.5958333333333334,0.16319444444444445
7,125,3,33.18445595,35.584484998,06/05/2025,30,0.3149345451220317,0.40870705782396843,0.805709284270391,0.21408225805256328,3.347591482472226,1059.7777777777778,0.5020833333333333,0.1519097222222222
7,126,3,33.184368415,35.584504552,06/05/2025,30,0.327755008378123,0.42485038377950035,0.7971671159996634,0.22691205392314995,5.292481250360577,1050.5555555555557,0.17641071501365618,0.10416666666666669
7,127,2,33.18436111,35.584522137,06/05/2025,30,0.3445643765053277,0.4442531119451979,0.7894475186406198,0.24243977699538904,4.675687440010859,1047.7777777777778,0.335588133382251,0.1154513888888889
7,128,2,33.184637052,35.584566185,06/05/2025,30,0.2986900828501416,0.40113642512209036,0.791548587301783,0.201503329557934,3.0047949849424147,1061.6666666666667,0.575,0.20572916666666669
7,129,2,33.184510735,35.584579917,06/05/2025,30,0.30863634667308903,0.41463440372461613,0.783265012130948,0.2054963973319439,3.476717444721476,1049.888888888889,0.45,0.1814236111111111
7,130,2,33.18450292,35.584604105,06/05/2025,30,0.31167672815290737,0.41427810735158477,0.7892203481788784,0.20722264643714008,4.240341670172532,1075.111111111111,0.3268996881496881,0.1293402777777778
7,131,2,33.184800562,35.584671052,06/05/2025,30,0.29938104014453415,0.409061600918615,0.7780104021020788,0.20900866159911535,3.7356996175366155,1070.888888888889,0.5125,0.1293402777777778
7,132,2,33.184661677,35.584694635,06/05/2025,30,0.3244000618193158,0.43334779612229235,0.7751129294210869,0.22822510293578657,4.221251836004466,1048.5555555555557,0.2885858709388121,0.1284722222222222
7,133,3,33.184672565,35.58468571,06/05/2025,30,0.3224666711485364,0.42533850088592196,0.7869787684694908,0.2270026342468724,3.996393629661142,1060.0,0.3890931372549019,0.1328125
7,134,3,33.184962885,35.584768473,06/05/2025,30,0.29252849949755577,0.40429523452987803,0.7750497962249406,0.20442230279502935,1.8389827611420677,1097.7777777777778,0.7395833333333333,0.3567708333333333
7,135,2,33.18495426,35.584782515,06/05/2025,30,0.29252849949755577,0.40429523452987803,0.7750497962249406,0.20442230279502935,1.8389827611420677,1097.7777777777778,0.7395833333333333,0.3567708333333333
7,136,3,33.184809337,35.58478054,06/05/2025,30,0.31421567597946076,0.41885694786967076,0.7851704580606856,0.2216544738859044,3.010824877547632,1077.4444444444443,0.5874999999999999,0.19704861111111113
7,137,2,33.184817277,35.584764663,06/05/2025,30,0.31421567597946076,0.41885694786967076,0.7851704580606856,0.2216544738859044,3.010824877547632,1077.4444444444443,0.5874999999999999,0.19704861111111113
7,138,3,33.184953912,35.584845518,06/05/2025,30,0.3195083256096225,0.42387386451531706,0.784817441277673,0.21560190856479,3.8998047621946546,1064.888888888889,0.4854166666666666,0.1328125
7,139,3,33.184956517,35.584875627,06/05/2025,30,0.3287260898036241,0.4327880701121695,0.7837909205065938,0.22733282626575121,4.821520773344195,1069.6666666666667,0.30943627450980393,0.10763888888888891
7,140,1,33.185109998,35.584940212,06/05/2025,30,0.3665442892220851,0.46252498657991065,0.7929290239596506,0.24290365903738861,4.586038815261277,1050.3333333333333,0.2831465798377563,0.1076388888888889
7,141,2,33.18506981,35.584887362,06/05/2025,30,0.34894387511203506,0.4518429734466779,0.7822839571519478,0.2502564461184908,4.347534316583505,1065.5555555555557,0.31748680241327304,0.12239583333333334
7,142,3,33.185051092,35.584958315,06/05/2025,30,0.3715579087142396,0.47767140707188055,0.771698761882762,0.2547488634357687,4.434153522439333,687.0,0.29210280270129707,0.1328125
7,143,2,33.185046362,35.584976137,06/05/2025,30,0.3715579087142396,0.47767140707188055,0.771698761882762,0.2547488634357687,4.434153522439333,687.0,0.29210280270129707,0.1328125
7,144,2,33.184892468,35.58479606,06/05/2025,30,0.31182038390640376,0.4185952401872146,0.7812741232007028,0.22159556581482756,1.8389827611420677,1074.4444444444443,0.7395833333333333,0.3567708333333333
7,145,2,33.18488005,35.584867878,06/05/2025,30,0.33306722750525347,0.43423832981680677,0.7886695874095002,0.23515611923664137,4.596251836004467,1093.0,0.25015648567119153,0.11805555555555555
7,146,2,33.184868562,35.584886468,06/05/2025,30,0.3376595978625431,0.4446873792738704,0.7768653390114825,0.23901344391954904,4.846251836004468,1120.111111111111,0.15292476866006283,0.10763888888888891
7,147,2,33.184792922,35.58475537,06/05/2025,30,0.31412268779677466,0.4200127109621936,0.7827273528292662,0.22370455550228577,3.3129072918469555,1077.5555555555557,0.48750000000000004,0.18923611111111113
7,148,2,33.184740833,35.584687648,06/05/2025,30,0.3154031797356536,0.4196969969041542,0.7854838368266815,0.22889998510002288,2.7862163915853477,1069.7777777777778,0.53125,0.23871527777777776
7,149,2,33.18456058,35.584584838,06/05/2025,30,0.3163678859444972,0.4208015418941539,0.7849713645111005,0.22554320060265884,3.43167846521006,1054.888888888889,0.32855392156862745,0.15885416666666669
7,150,2,33.184565495,35.584601172,06/05/2025,30,0.31400537708848647,0.42137574165713126,0.7798226352731078,0.2244582730517942,3.7350289937620214,1042.6666666666667,0.4372171945701358,0.14322916666666669
7,151,3,33.18457413,35.584677877,06/05/2025,30,0.327374692083239,0.4353070444005833,0.7766442157106141,0.23141654450289403,4.638589126445728,1053.2222222222222,0.2251149056296115,0.11458333333333334
7,152,2,33.184566543,35.584694765,06/05/2025,30,0.33021192576221886,0.44133586421210386,0.7699966246089525,0.2380218602933095,5.0485332098491895,1080.3333333333333,0.158262653725351,0.1076388888888889
7,153,2,33.184422298,35.584509087,06/05/2025,30,0.3176125002530429,0.4119833925583894,0.804151205834611,0.21129188274975222,3.444106650404331,1056.111111111111,0.4833333333333333,0.13368055555555555
7,154,2,33.184413273,35.58452042,06/05/2025,30,0.31590064454469613,0.42046217506078565,0.7850380112242338,0.2208280322253473,4.201219991868832,1051.6666666666667,0.3843476621417798,0.13368055555555555
7,155,2,33.184388993,35.584571983,06/05/2025,30,0.3367186880892612,0.44746333139373573,0.7694404972545343,0.24962308007991676,4.332141085934338,1051.6666666666667,0.29184766214177976,0.12239583333333334
7,156,3,33.184383627,35.584586525,06/05/2025,30,0.34487818135987797,0.45940004829553455,0.7605254050544811,0.25632566860327904,4.681127542695029,1078.888888888889,0.20042950507620522,0.11458333333333334
7,157,1,33.184253348,35.584405278,06/05/2025,30,0.31661667015346884,0.4100171815118618,0.8062911911494164,0.2151654107133423,3.431796565388194,1045.4444444444443,0.5229166666666667,0.1623263888888889
7,158,1,33.184250652,35.584426318,06/05/2025,30,0.32317309686583967,0.4188967681546353,0.800692321310571,0.2182124381217842,4.461038815261277,1048.5555555555557,0.3625,0.125
7,159,2,33.184233367,35.584476795,06/05/2025,30,0.34837454127686385,0.45583560259460676,0.7734472555856332,0.24569216780917738,5.0901998765158565,1071.6666666666667,0.11219935999347763,0.10416666666666669
7,160,2,33.18409682,35.584305142,06/05/2025,30,0.3362418481611664,0.42321672710630553,0.8158968036583618,0.2414188375862946,4.217090774749888,1028.3333333333333,0.3239064856711916,0.12847222222222224
7,161,2,33.184088425,35.584310077,06/05/2025,30,0.3362418481611664,0.42321672710630553,0.8158968036583618,0.2414188375862946,4.217090774749888,1028.3333333333333,0.3239064856711916,0.12847222222222224
7,162,2,33.184067373,35.584387057,06/05/2025,30,0.3514632605703707,0.4514977982587627,0.7875490209077014,0.24645995028048753,4.846251836004468,1055.3333333333333,0.27787814025260227,0.1076388888888889
7,163,2,33.184074752,35.584373145,06/05/2025,30,0.3524528889536753,0.44775661817418677,0.7968284258387149,0.24449149903842315,4.246393629661143,1028.2222222222222,0.3747171945701358,0.12239583333333334
7,164,2,33.183933948,35.584193735,06/05/2025,30,0.30805972007549265,0.3992442515972171,0.8116988196493988,0.22271790206131956,5.063314583693911,1025.6666666666667,0.18992534707204722,0.11197916666666669
7,165,3,33.183923218,35.584281862,06/05/2025,30,0.38854920043904945,0.4666838210336913,0.825811671577783,0.24392122023777954,4.802694271103768,1019.8888888888889,0.3256051017080429,0.1267361111111111
7,166,3,33.183761742,35.584100012,06/05/2025,30,0.3154344671653058,0.40107393599438185,0.8216394325495591,0.2108246922746294,4.206733794087382,1001.1111111111111,0.3848999735029147,0.13020833333333334
7,167,3,33.1837652,35.584187033,06/05/2025,30,0.34932059707741,0.4425515894641126,0.8016039284822128,0.24331593603814858,4.8045851693378,1007.3333333333334,0.1675386718248985,0.11111111111111112
7,168,3,33.183758943,35.584205178,06/05/2025,30,0.3633746568356312,0.4548949685699824,0.8027644937438194,0.2447357195912932,5.0485332098491895,1069.888888888889,0.14749082924866339,0.1076388888888889
7,169,3,33.183604362,35.584014462,06/05/2025,30,0.3134965582408436,0.41483769869969644,0.7913727449767048,0.2197606689285838,3.788060296327809,962.1111111111111,0.5145833333333333,0.13975694444444445
7,170,1,33.183600267,35.584025297,06/05/2025,30,0.3206067646131651,0.4201008309248358,0.7939292248156258,0.21995127602130157,3.7653581316438367,962.8888888888889,0.5145833333333333,0.14756944444444445
7,171,3,33.183614987,35.58410624,06/05/2025,30,0.337821339244647,0.44205937586234817,0.7818887760207267,0.2260454513122187,4.309284387862439,1001.7777777777778,0.1873597675144328,0.14756944444444445
7,172,3,33.183607487,35.584123942,06/05/2025,30,0.337821339244647,0.44205937586234817,0.7818887760207267,0.2260454513122187,4.309284387862439,1001.7777777777778,0.1873597675144328,0.14756944444444445
7,173,3,33.18343705,35.583901803,06/05/2025,30,0.3176149541815902,0.3993931654842541,0.8290320827994198,0.22365632632133853,4.4903416701725325,985.4444444444445,0.3221342383107089,0.11892361111111112
7,174,2,33.183429673,35.583919888,06/05/2025,30,0.3327210651672215,0.4113430993491163,0.8331888683614024,0.22800727790667225,4.463456377350587,980.1111111111111,0.3634067608332314,0.12673611111111113
7,175,3,33.183425703,35.58397777,06/05/2025,30,0.34309293071928987,0.43254743322658545,0.8100776256646051,0.23145670770354648,4.334295316096009,991.8888888888889,0.223802790346908,0.1076388888888889
7,176,3,33.183419873,35.583999983,06/05/2025,30,0.34309293071928987,0.43254743322658545,0.8100776256646051,0.23145670770354648,4.334295316096009,991.8888888888889,0.223802790346908,0.1076388888888889
8,24,2,33.183340975,35.583649787,13/05/2025,23,0.3211807712130489,0.4095660281960116,0.8157775086612175,0.2634569376359731,4.0575408886971704,1112.2222222222222,0.4531862745098039,0.13368055555555558
8,25,2,33.183405773,35.58365562,13/05/2025,23,0.2971568621053991,0.3909392753953488,0.8082872066047974,0.24220909196899,4.263329233667537,1121.2222222222222,0.3296574232603644,0.11892361111111113
8,26,2,33.18327882,35.583671265,13/05/2025,23,0.3394211982247135,0.4094169347037155,0.8498231711499719,0.27077737142042324,4.200829233667537,1113.4444444444443,0.41041666666666676,0.11979166666666669
8,27,1,33.183384408,35.583665087,13/05/2025,23,0.31159413032535976,0.40225389646358867,0.8125708716637481,0.2530238835898863,4.287448439523366,1112.4444444444443,0.36845776772247363,0.1388888888888889
8,28,3,33.183421907,35.58366474,13/05/2025,23,0.28211918122488744,0.3802136499853061,0.802124035894184,0.23254346424222364,4.544372148594611,1131.4444444444443,0.2917727059638824,0.12673611111111113
8,29,2,33.183413827,35.583749748,13/05/2025,23,0.3610933420183165,0.43596314448849643,0.8376858399461512,0.29920433185044715,3.579172272078755,1109.5555555555557,0.4479166666666667,0.19618055555555558
8,30,2,33.183419493,35.583754065,13/05/2025,23,0.350438221176274,0.42777202614675325,0.8341757461283071,0.281367595959115,4.008757441416554,1110.4444444444443,0.33422557172557177,0.15104166666666669
8,31,2,33.183444822,35.583677362,13/05/2025,23,0.28211918122488744,0.3802136499853061,0.802124035894184,0.23254346424222364,4.544372148594611,1131.4444444444443,0.2917727059638824,0.12673611111111113
8,32,2,33.183444093,35.5836959,13/05/2025,23,0.30918177430320076,0.40160281429159794,0.8091677829072444,0.25414285632393746,4.8193665431825226,1116.5555555555557,0.20968860829154945,0.11545138888888891
8,33,1,33.183472188,35.583696302,13/05/2025,23,0.2967622240540289,0.3911877088573044,0.8071535167020631,0.2427683336982268,3.514005390679865,1127.3333333333333,0.4021509009009009,0.17708333333333334
8,34,2,33.183494078,35.583708643,13/05/2025,23,0.28498390055861417,0.3831743715838249,0.8015528039021763,0.23114393960937368,2.8341734230600863,1134.111111111111,0.4923986486486487,0.2482638888888889
8,35,1,33.18349499,35.58372554,13/05/2025,23,0.31147226372108205,0.4087853898359461,0.7994759796988249,0.249370379338203,3.140476256279072,1109.3333333333333,0.5416666666666667,0.23958333333333334
8,36,2,33.18354211,35.583753632,13/05/2025,23,0.322362727465041,0.40973646507180045,0.8175207789666012,0.25277745853779376,4.846251836004468,1124.888888888889,0.2320838938485997,0.1076388888888889
8,38,2,33.183654748,35.58379738,13/05/2025,23,0.2940690516465523,0.39018062585823654,0.8045749196650045,0.23619454003990153,4.788320189106002,1128.111111111111,0.3224264705882353,0.1232638888888889
8,39,2,33.183649103,35.58381395,13/05/2025,23,0.2940690516465523,0.39018062585823654,0.8045749196650045,0.23619454003990153,4.788320189106002,1128.111111111111,0.3224264705882353,0.1232638888888889
8,40,3,33.18357413,35.58384302,13/05/2025,23,0.33428909078423336,0.42520423933116386,0.8087785137424374,0.2778093679189084,4.490341670172533,1109.111111111111,0.375051465492642,0.1189236111111111
8,41,2,33.183568927,35.583857708,13/05/2025,23,0.34226096767475306,0.42899497036177237,0.8160773743805548,0.2823443555546692,4.109898128338916,1097.3333333333333,0.3265803982715748,0.12847222222222224
8,42,2,33.183667175,35.583826202,13/05/2025,23,0.3110504585354624,0.4008686145159585,0.8140838211757493,0.2415113428560497,4.846251836004466,1117.3333333333333,0.29742647058823535,0.1076388888888889
8,43,3,33.183643803,35.583878668,13/05/2025,23,0.34057791574112983,0.414292470441502,0.8423090717874572,0.26563462276901273,3.2611750035058655,1121.4444444444443,0.5333333333333334,0.15798611111111113
8,44,3,33.183628637,35.583893978,13/05/2025,23,0.3542497455473399,0.4238595297402372,0.8488395213931335,0.28009407651665996,2.9733323666317553,1116.0,0.549730952672129,0.2152777777777777
8,45,2,33.183695452,35.583847187,13/05/2025,23,0.2978284262130552,0.3914921281003498,0.8083137746636089,0.23246014702424164,4.535906066166137,1126.2222222222222,0.31985294117647056,0.11458333333333334
8,46,2,33.183724567,35.583858615,13/05/2025,23,0.31571546020017827,0.4049489852596046,0.8146337244117572,0.24916036234862649,4.346251836004467,1118.2222222222222,0.30191365007541476,0.1284722222222222
8,47,2,33.183762173,35.583879683,13/05/2025,23,0.3060429181013204,0.39989039067418475,0.80703314962516,0.2440732590489116,3.9367722103366827,1120.111111111111,0.3342897762015409,0.13628472222222224
8,48,2,33.183774913,35.583871242,13/05/2025,23,0.2928473610695008,0.3925911302907161,0.797854903004845,0.24000555329939172,4.0575408886971704,1126.111111111111,0.37757408992703106,0.13368055555555558
8,49,3,33.183808437,35.583891458,13/05/2025,23,0.3051761377908195,0.3954615389562559,0.8141646844931547,0.25118847852313436,4.346251836004466,1134.7777777777778,0.27774377318494964,0.1284722222222222
8,50,2,33.183801752,35.583902875,13/05/2025,23,0.3051761377908195,0.3954615389562559,0.8141646844931547,0.25118847852313436,4.346251836004466,1134.7777777777778,0.27774377318494964,0.1284722222222222
8,51,3,33.183722155,35.58393322,13/05/2025,23,0.3463711768094294,0.4256547536749097,0.8300069947158136,0.2752967477995847,3.8418731152961887,1105.4444444444443,0.51875,0.1762152777777778
8,52,1,33.183709945,35.583942073,13/05/2025,23,0.3500568740360809,0.42267226976481215,0.8430119736304359,0.27356959373102563,3.3168787207082775,1113.7777777777778,0.5958333333333333,0.21180555555555558
8,53,1,33.183981722,35.583981352,13/05/2025,23,0.26933545160099515,0.38013231579183987,0.7806003021590402,0.2294862099291115,4.288060296327811,1195.2222222222222,0.3743495475113122,0.11892361111111112
8,54,3,33.183869465,35.584019592,13/05/2025,23,0.3563687163262179,0.4261537778651275,0.8483483077422785,0.2766471740038965,3.479387765269814,1117.0,0.31396727609962904,0.21180555555555555
8,55,3,33.18386289,35.584035335,13/05/2025,23,0.3563687163262179,0.4261537778651275,0.8483483077422785,0.2766471740038965,3.479387765269814,1117.0,0.31396727609962904,0.21180555555555555
8,56,2,33.184009975,35.584101383,13/05/2025,23,0.36971534111145626,0.45184000493654974,0.8205611226000301,0.29959701027275654,2.9895169140814692,1127.0,0.5618872549019608,0.2508680555555556
8,57,2,33.184005553,35.584117157,13/05/2025,23,0.37241217837683827,0.4584017816780743,0.8123170786566963,0.3056650640602862,2.7862163915853477,1117.7777777777778,0.6062500000000001,0.2387152777777778
8,58,2,33.184166042,35.584213185,13/05/2025,23,0.38596640335174986,0.4579589801738795,0.83943869781899,0.3039132722364918,3.9783851502640757,1124.888888888889,0.43370098039215693,0.1189236111111111
8,59,2,33.184327513,35.58428952,13/05/2025,23,0.35341995515890656,0.4303148156218411,0.8339479735461138,0.2807954160317689,3.985858913028491,1146.4444444444443,0.3663090069707716,0.1440972222222222
8,60,2,33.18431891,35.58430637,13/05/2025,23,0.3613938184750443,0.43403695641846757,0.8414357184132325,0.280823021156843,4.234898128338916,1139.2222222222222,0.33268288084464553,0.11805555555555557
8,61,2,33.184473012,35.584400473,13/05/2025,23,0.3582500769800618,0.4494337002993192,0.8040713574214063,0.29474023537283073,3.3129072918469555,1127.5555555555557,0.4708333333333334,0.1579861111111111
8,62,1,33.184480155,35.584383128,13/05/2025,23,0.35212110033343114,0.4421289003210317,0.807587790597973,0.29175628075532456,3.552286979256811,1141.111111111111,0.4791666666666667,0.1640625
8,63,1,33.18447918,35.584382615,13/05/2025,23,0.35212110033343114,0.4421289003210317,0.807587790597973,0.29175628075532456,3.552286979256811,1141.111111111111,0.4791666666666667,0.1640625
8,64,1,33.184649032,35.584476263,13/05/2025,23,0.3273715981434551,0.4132695837577474,0.8195993974456761,0.26895381440436217,4.840199876515855,1181.111111111111,0.1785710957362093,0.11458333333333334
8,65,2,33.18478571,35.584588918,13/05/2025,23,0.34802732495223593,0.43472572386741515,0.8146683136265018,0.2805003772495254,3.9015647950055823,1177.111111111111,0.45,0.13541666666666666
8,66,2,33.18495201,35.584663277,13/05/2025,23,0.33586921888074794,0.4237123362560083,0.8142950323299052,0.270562396947566,3.1258145836939115,1216.5555555555557,0.6187500000000001,0.1875
8,67,2,33.184944048,35.584676168,13/05/2025,23,0.33586921888074794,0.4237123362560083,0.8142950323299052,0.270562396947566,3.1258145836939115,1216.5555555555557,0.6187500000000001,0.1875
8,68,3,33.185211112,35.58473142,13/05/2025,23,,,,,,,,
8,69,1,33.185209163,35.584748317,13/05/2025,23,0.2923920776423812,0.3954848749653849,0.7915627214287554,0.23920189599403655,4.270512835516972,1290.111111111111,0.24588046757164403,0.1371527777777778
8,70,2,33.18522875,35.584785562,13/05/2025,23,,,,,,,,
8,71,2,33.18496718,35.584720162,13/05/2025,23,0.3346229648908507,0.41958116908372006,0.8202244007536696,0.2654606725665192,3.6128022150472985,1225.3333333333333,0.44375,0.1484375
8,72,1,33.184955002,35.584735952,13/05/2025,23,0.3440295395152952,0.4324102621552719,0.811928577885427,0.2748192539165161,3.4316784652100596,1188.2222222222222,0.49583333333333335,0.15885416666666669
8,73,3,33.184811513,35.584631455,13/05/2025,23,0.3517980389073451,0.43925718281132603,0.8125645325503082,0.2919967510783466,4.698527604437101,1170.5555555555557,0.30277149321266966,0.11892361111111112
8,74,1,33.184646417,35.584570203,13/05/2025,23,0.34842349752520896,0.44384401636432064,0.7971735102400515,0.2845233227863149,3.552694271103767,1136.0,0.44844457013574657,0.15104166666666669
8,75,1,33.18451505,35.584449657,13/05/2025,23,0.35835931111419417,0.44437595516434636,0.8146006369210974,0.2870411232824601,4.473406066166137,1133.2222222222222,0.3414969834087481,0.1154513888888889
8,76,1,33.184371233,35.584291258,13/05/2025,23,0.3446781955691056,0.4282294300796206,0.8218381163477696,0.28220724103004624,3.7527054819279435,1151.4444444444443,0.4159619970649383,0.1545138888888889
8,77,2,33.184355772,35.584358753,13/05/2025,23,0.3663998346549638,0.4419565382519133,0.8345909664595147,0.29721357185435776,4.626352740963973,1139.7777777777778,0.281447963800905,0.13368055555555555
8,78,3,33.184205282,35.584266892,13/05/2025,23,0.3709647930100778,0.4500231492959556,0.8270862850590749,0.30290040764669296,3.9963936296611426,1124.2222222222222,0.42291666666666666,0.12586805555555555
8,79,2,33.184194715,35.584289723,13/05/2025,23,0.3628370182193291,0.44581548085390377,0.819980239124543,0.3005833391457263,3.4040395229836156,1128.2222222222222,0.4625,0.19618055555555555
8,80,3,33.184060657,35.584179655,13/05/2025,23,0.3737441699055484,0.45010292006190006,0.8320147642703036,0.30373066105476126,3.55196648144045,1132.888888888889,0.4854166666666666,0.18229166666666669
8,81,2,33.183877972,35.58398514,13/05/2025,23,0.3485910303398427,0.418535868013844,0.8490223123125095,0.2743363734880273,4.008234619719053,1134.2222222222222,0.46825980392156863,0.1605902777777778
8,82,2,33.183755828,35.583902455,13/05/2025,23,0.3274205103387462,0.4139037317333801,0.8181131863826752,0.2587149784326209,4.042628649429343,1109.2222222222222,0.34678977620154083,0.1371527777777778
8,83,3,33.183739807,35.583988108,13/05/2025,23,0.35876017222415624,0.43843444319933506,0.8273737047211838,0.29063287548270533,4.410906066166137,1101.6666666666667,0.25561075781664017,0.13020833333333334
8,84,3,33.183786553,35.584016998,13/05/2025,23,0.3583367027311545,0.43760175975851595,0.828337358142941,0.290648379641885,4.02890865756051,1105.6666666666667,0.2967986425339366,0.12586805555555555
8,85,3,33.183785112,35.584018663,13/05/2025,23,0.3583367027311545,0.43760175975851595,0.828337358142941,0.290648379641885,4.02890865756051,1105.6666666666667,0.2967986425339366,0.12586805555555555
8,86,1,33.183586345,35.583825855,13/05/2025,23,0.3244288457727369,0.414658230169619,0.8117345474737294,0.2675910297114548,3.2508400897267533,1114.111111111111,0.53125,0.1701388888888889
8,87,1,33.183594508,35.583804277,13/05/2025,23,0.31290314840146555,0.4094775481910103,0.8008372923080501,0.25783760648553566,3.6889264404983546,1123.7777777777778,0.4724264705882353,0.16319444444444445
8,88,3,33.183627737,35.583942933,13/05/2025,23,0.3599550742952322,0.4291456209493551,0.8489624379539383,0.2805753312518795,4.343722183214058,1107.4444444444443,0.3088335167746933,0.14756944444444445
8,89,3,33.183634738,35.58392777,13/05/2025,23,0.36113751473378275,0.4259201322731182,0.8577559413861217,0.2799300509901005,4.519160094553,1119.6666666666667,0.2169800966124495,0.11458333333333333
8,90,2,33.183489682,35.58384219,13/05/2025,23,0.3567574948351307,0.43237288081889125,0.8359710494422115,0.28380028149156894,3.2508400897267533,1111.4444444444443,0.4479133545310016,0.18750000000000003
8,91,2,33.183483287,35.58385752,13/05/2025,23,0.36275045926600724,0.43897950674985203,0.833857888408938,0.2890259233732099,3.0687730580917587,1100.7777777777778,0.44546568627450983,0.2065972222222222
8,92,1,33.183333755,35.5837481,13/05/2025,23,0.3561731910678723,0.4212293081429432,0.8578726026830644,0.28701882126128886,4.042612115783682,1112.3333333333333,0.49375,0.14149305555555555
8,93,1,33.182895612,35.583563345,13/05/2025,23,0.355910105230542,0.43264852663724307,0.833660991933224,0.29389475869738674,3.476717444721476,724.4444444444445,0.31441299182499755,0.1814236111111111
8,94,1,33.18283631,35.583630807,13/05/2025,23,0.35619514467865243,0.44397648423546654,0.8113919781155096,0.28751821277143647,4.4193721485946105,726.2222222222222,0.23826069367391078,0.1284722222222222
8,95,3,33.183369293,35.583825388,13/05/2025,23,0.37359516074759075,0.4386970768183647,0.856008044849551,0.3002445065555425,4.275693045422949,1106.888888888889,0.2651927662957075,0.13020833333333331
8,96,3,33.183387877,35.583818468,13/05/2025,23,0.37359516074759075,0.4386970768183647,0.856008044849551,0.3002445065555425,4.275693045422949,1106.888888888889,0.2651927662957075,0.13020833333333331
8,98,2,33.183438402,35.583861482,13/05/2025,23,0.36788504781601306,0.442552394171564,0.8364663999105277,0.29913625058082427,4.804585169337801,1090.7777777777778,0.2571681749622926,0.11111111111111113
8,99,3,33.183423548,35.583878907,13/05/2025,23,0.3898433001703971,0.45721452052861966,0.8492026326613504,0.3126911620399912,4.68717950218364,1082.0,0.26130279034690795,0.1232638888888889
8,100,3,33.183427477,35.583948513,13/05/2025,23,0.4154669321192753,0.469533399631775,0.874229871300459,0.32919738641515645,4.802694271103766,1096.3333333333333,0.33367448330683624,0.1267361111111111
8,101,2,33.183420537,35.583963707,13/05/2025,23,0.4154669321192753,0.469533399631775,0.874229871300459,0.32919738641515645,4.802694271103766,1096.3333333333333,0.33367448330683624,0.1267361111111111
8,102,3,33.183504205,35.583903558,13/05/2025,23,0.3685450032298901,0.4395424566287016,0.8440441713500482,0.29651815758635297,2.119620502354003,1103.0,0.7229166666666665,0.3723958333333333
8,103,3,33.183598177,35.583956563,13/05/2025,23,0.36061086239733825,0.431164536424215,0.8459755519709634,0.2817474608951872,4.242370568148832,1097.7777777777778,0.25436463046757163,0.1371527777777778
8,104,3,33.183591233,35.583973528,13/05/2025,23,0.36061086239733825,0.431164536424215,0.8459755519709634,0.2817474608951872,4.242370568148832,1097.7777777777778,0.25436463046757163,0.1371527777777778
8,105,3,33.183597428,35.584040553,13/05/2025,23,0.39489232181805883,0.46878181280328274,0.8342531856897051,0.31557923744804145,4.574546753088499,1091.888888888889,0.37194570135746613,0.1154513888888889
8,106,2,33.18359093,35.584060073,13/05/2025,23,0.39489232181805883,0.46878181280328274,0.8342531856897051,0.31557923744804145,4.574546753088499,1091.888888888889,0.37194570135746613,0.1154513888888889
8,107,3,33.183776647,35.584063913,13/05/2025,23,0.3575491250879259,0.4345636827776835,0.8331015024235584,0.28482232861008844,3.87313712882641,1103.4444444444443,0.37818627450980397,0.12586805555555555
8,108,3,33.183783543,35.58408049,13/05/2025,23,0.3589806818894933,0.43719208521924324,0.8303564426679648,0.2834962741836498,4.36056875211351,1095.5555555555557,0.32852997227997227,0.11805555555555555
8,109,3,33.183765335,35.584140815,13/05/2025,23,0.3644526686008373,0.44816330931430975,0.8180678733995241,0.28955740093722954,5.292481250360577,1086.888888888889,0.21001742692919162,0.10416666666666669
8,110,3,33.183755443,35.584155257,13/05/2025,23,0.379752725137662,0.4646838453255855,0.8130172236697963,0.3068057720709626,5.0901998765158565,1090.888888888889,0.15911188903835963,0.10416666666666669
8,111,3,33.183950983,35.584164983,13/05/2025,23,0.36979827942798915,0.4496529922734999,0.8254052781888999,0.30784657339206345,3.75582049677919,1124.888888888889,0.4388197586726999,0.1796875
8,112,1,33.183954938,35.58417649,13/05/2025,23,0.36979827942798915,0.4496529922734999,0.8254052781888999,0.30784657339206345,3.75582049677919,1124.888888888889,0.4388197586726999,0.1796875
8,113,2,33.183916327,35.584230625,13/05/2025,23,0.37658008912409635,0.4579323411457092,0.8216168445046521,0.2962951561475524,5.063314583693912,1098.111111111111,0.21957069626187273,0.11197916666666669
8,114,2,33.1839172,35.584225688,13/05/2025,23,0.37658008912409635,0.4579323411457092,0.8216168445046521,0.2962951561475524,5.063314583693912,1098.111111111111,0.21957069626187273,0.11197916666666669
8,115,2,33.18391148,35.584239988,13/05/2025,23,0.37658008912409635,0.4579323411457092,0.8216168445046521,0.2962951561475524,5.063314583693912,1098.111111111111,0.21957069626187273,0.11197916666666669
8,116,3,33.184136002,35.584262307,13/05/2025,23,0.3771183559038461,0.4528804548698225,0.8327072512431662,0.31040259675723736,4.245374481009744,1125.111111111111,0.33641591251885367,0.14149305555555555
8,117,2,33.184130995,35.584280417,13/05/2025,23,0.37059694673730886,0.4528535398480191,0.8202674670185819,0.3085971604972312,3.498547859822814,1121.0,0.3911858974358975,0.15625
8,118,3,33.184066582,35.584331512,13/05/2025,23,0.3957536033229524,0.4725011104380586,0.8280295613657527,0.31800115452223354,4.776828126933222,1106.2222222222222,0.2124489931107578,0.1154513888888889
8,119,2,33.184074793,35.584313375,13/05/2025,23,0.3957536033229524,0.4725011104380586,0.8280295613657527,0.31800115452223354,4.776828126933222,1106.2222222222222,0.2124489931107578,0.1154513888888889
8,120,2,33.184297098,35.584346217,13/05/2025,23,0.3696957988963712,0.4394037662956657,0.846363246438417,0.29028302599953565,3.7119140039933596,1137.888888888889,0.5208333333333333,0.1527777777777778
8,121,1,33.184274322,35.58437223,13/05/2025,23,0.3719464322072202,0.4431736018256344,0.8429064062233742,0.29466564317222527,3.3644699205898982,1135.6666666666667,0.5378676470588235,0.1623263888888889
8,122,2,33.184213238,35.584408378,13/05/2025,23,0.38605485175700843,0.45546818428779967,0.844929447587488,0.31188945865810336,4.307002731427111,1139.888888888889,0.30798453996983405,0.13368055555555558
8,123,3,33.184208257,35.584427553,13/05/2025,23,0.39471873177871086,0.46451881915298215,0.8429807803577214,0.318793167148614,4.8193665431825226,1142.7777777777778,0.248245179568709,0.1154513888888889
8,124,3,33.184454693,35.584458557,13/05/2025,23,0.3745391760112673,0.4548561961048697,0.8235814314991345,0.30010731148418635,2.9005960789952034,1129.3333333333333,0.6979166666666665,0.2621527777777777
8,125,3,33.18445595,35.584484998,13/05/2025,23,0.3792231386426473,0.4582470712502284,0.8255322834375032,0.30387651356026146,4.110161460266555,1133.0,0.48492647058823535,0.1762152777777778
8,126,3,33.184368415,35.584504552,13/05/2025,23,0.3912259801768535,0.4681255958714396,0.8279928365975722,0.31317989260783397,4.265072732832805,1122.7777777777778,0.3097907239819005,0.13802083333333334
8,127,2,33.18436111,35.584522137,13/05/2025,23,0.3896357124735933,0.4670882978242731,0.8272448760597956,0.318868147797547,4.5923541066775275,1143.7777777777778,0.2863838612368024,0.1154513888888889
8,128,2,33.184637052,35.584566185,13/05/2025,23,0.35971500833919495,0.451928386566385,0.8017540413283856,0.2925288204169163,2.9029781410077256,1130.0,0.4752073906485671,0.18750000000000003
8,129,2,33.184510735,35.584579917,13/05/2025,23,0.37409459993251226,0.4550563117497987,0.8224113157823043,0.30144692809445545,4.616213419755166,1134.3333333333333,0.31483785822021115,0.11197916666666669
8,130,2,33.18450292,35.584604105,13/05/2025,23,0.37075223057199364,0.4583767883731529,0.8092181871561516,0.30353101873525096,4.261027604437101,1141.0,0.3218614202437732,0.140625
8,131,2,33.184800562,35.584671052,13/05/2025,23,0.3725303812970205,0.45225848719025386,0.8252148736713932,0.30561894081446644,4.519641085934339,1153.888888888889,0.32985482654600307,0.11805555555555555
8,132,2,33.184661677,35.584694635,13/05/2025,23,0.3738032889991689,0.45710913438640965,0.8176320080220226,0.30158971212105823,2.9133456951388417,1143.6666666666667,0.6270833333333333,0.2152777777777778
8,133,3,33.184672565,35.58468571,13/05/2025,23,0.37254040651656384,0.45570164404902225,0.8179892971520826,0.30428013661591313,2.128154386514085,1144.111111111111,0.7104166666666667,0.37326388888888884
8,134,3,33.184962885,35.584768473,13/05/2025,23,0.350651291634523,0.44182380183976533,0.8052994268893632,0.28265571337588224,2.534479625667783,1165.4444444444443,0.6520833333333333,0.2821180555555556
8,135,2,33.18495426,35.584782515,13/05/2025,23,0.350651291634523,0.44182380183976533,0.8052994268893632,0.28265571337588224,2.534479625667783,1165.4444444444443,0.6520833333333333,0.2821180555555556
8,136,3,33.184809337,35.58478054,13/05/2025,23,0.37879021028008286,0.45729231519834,0.8272159647196962,0.303099324062681,3.343356721683266,1156.4444444444443,0.5247780869104398,0.2152777777777778
8,137,2,33.184817277,35.584764663,13/05/2025,23,0.37879021028008286,0.45729231519834,0.8272159647196962,0.303099324062681,3.343356721683266,1156.4444444444443,0.5247780869104398,0.2152777777777778
8,138,3,33.184953912,35.584845518,13/05/2025,23,0.3825488230268654,0.46641209536991113,0.815011832255018,0.30996086045054777,3.152170691632976,1153.888888888889,0.4248986486486486,0.22395833333333331
8,139,3,33.184956517,35.584875627,13/05/2025,23,0.39366669320161546,0.4729729926959582,0.8226183682200807,0.3170616604109605,1.8660106928656977,1165.7777777777778,0.6875,0.3246527777777778
8,140,1,33.185109998,35.584940212,13/05/2025,23,0.4209642459155019,0.4966263843830403,0.8254037090906149,0.35066980864385777,4.819366543182522,1121.2222222222222,0.270096510537687,0.1154513888888889
8,141,2,33.18506981,35.584887362,13/05/2025,23,0.4274416548906131,0.4996406629827881,0.8319287955914134,0.3413463561294042,4.224774142702668,1121.6666666666667,0.2981617647058823,0.13368055555555555
8,142,3,33.185051092,35.584958315,13/05/2025,23,0.4341375927101536,0.5038108514983377,0.836238838103264,0.34058923454735357,4.4193721485946105,753.8888888888889,0.23815852776969998,0.1284722222222222
8,143,2,33.185046362,35.584976137,13/05/2025,23,0.4341375927101536,0.5038108514983377,0.836238838103264,0.34058923454735357,4.4193721485946105,753.8888888888889,0.23815852776969998,0.1284722222222222
8,144,2,33.184892468,35.58479606,13/05/2025,23,0.3722013374999002,0.4612992043464825,0.8058644308023633,0.31480526747843024,3.8130546909157204,1155.2222222222222,0.36264573396926336,0.1753472222222222
8,145,2,33.18488005,35.584867878,13/05/2025,23,0.38219199098464474,0.47280792711097785,0.8008453584268538,0.3213750004894983,4.776828126933221,1183.5555555555557,0.23608953976601033,0.1154513888888889
8,146,2,33.184868562,35.584886468,13/05/2025,23,0.3765754909771542,0.47701800669439226,0.7821734919372132,0.307741338054061,4.146996441904049,1212.4444444444443,0.2978114426643838,0.11892361111111112
8,147,2,33.184792922,35.58475537,13/05/2025,23,0.37650388490951703,0.45710185881182913,0.82322684179563,0.2989639576171261,1.8150499598292538,1157.0,0.78125,0.34635416666666663
8,148,2,33.184740833,35.584687648,13/05/2025,23,0.3714794718515922,0.4557286976520704,0.815943383062421,0.3025665719660999,2.5911220587395083,1142.6666666666667,0.7104166666666667,0.21006944444444448
8,149,2,33.18456058,35.584584838,13/05/2025,23,0.3801383044195611,0.4632626878614147,0.8170696669088814,0.3018250403283446,4.611033209849188,1128.2222222222222,0.3085142268965798,0.12239583333333334
8,150,2,33.184565495,35.584601172,13/05/2025,23,0.3908367454733719,0.4702928612695817,0.8226311967196842,0.3097196394535976,4.056258408118133,1125.2222222222222,0.35608974358974355,0.12586805555555555
8,151,3,33.18457413,35.584677877,13/05/2025,23,0.4007529858459872,0.4756444943512317,0.8309698625678323,0.31436785383543264,3.582019192898415,1145.4444444444443,0.4557598039215686,0.1519097222222222
8,152,2,33.184566543,35.584694765,13/05/2025,23,0.3886371335633388,0.47261172114783734,0.8145199318245943,0.30391491834796525,3.4219908364919602,1156.0,0.42034313725490197,0.1875
8,153,2,33.184422298,35.584509087,13/05/2025,23,0.3811914797437929,0.4596766228709472,0.8263939275572327,0.30616579611675065,4.161707555363837,1130.2222222222222,0.37869022869022867,0.12239583333333334
8,154,2,33.184413273,35.58452042,13/05/2025,23,0.3783480454923105,0.45944917306075805,0.8214469571482572,0.30759921272785795,4.492085169337799,1143.111111111111,0.3344500326117973,0.1310763888888889
8,155,2,33.184388993,35.584571983,13/05/2025,23,0.3840096810278799,0.46587880041457325,0.8189993829584403,0.3159045429454824,4.18643861802411,1162.7777777777778,0.24740252129958007,0.12239583333333333
8,156,3,33.184383627,35.584586525,13/05/2025,23,0.3792988554219482,0.46946423052954905,0.8026684777704466,0.3093536567429291,3.5044524202426603,1178.5555555555557,0.3733597285067873,0.14756944444444448
8,157,1,33.184253348,35.584405278,13/05/2025,23,0.38232500864773933,0.45384514006489,0.8408606814781409,0.30453707133801794,4.343722183214058,1129.2222222222222,0.2580599547511312,0.14756944444444442
8,158,1,33.184250652,35.584426318,13/05/2025,23,0.39273318253666223,0.46444336043318857,0.8390737453412238,0.3144915483740411,5.0901998765158565,1126.0,0.16292777506012798,0.10416666666666669
8,159,2,33.184233367,35.584476795,13/05/2025,23,0.4030786949794346,0.4816273535314343,0.8231641094892707,0.32405021934208783,4.274673896771551,1164.111111111111,0.3036996555378908,0.13020833333333334
8,160,2,33.18409682,35.584305142,13/05/2025,23,0.3791871912945415,0.4579206532704658,0.8265045224567342,0.3081761338023849,4.201219991868833,1114.7777777777778,0.3293495475113123,0.13368055555555555
8,161,2,33.184088425,35.584310077,13/05/2025,23,0.3791871912945415,0.4579206532704658,0.8265045224567342,0.3081761338023849,4.201219991868833,1114.7777777777778,0.3293495475113123,0.13368055555555555
8,162,2,33.184067373,35.584387057,13/05/2025,23,0.3766236878556236,0.4714530294342454,0.7934904859054773,0.3073111434005191,4.681127542695029,1137.111111111111,0.1861618610939883,0.11458333333333334
8,163,2,33.184074752,35.584373145,13/05/2025,23,0.3817892856176169,0.46952246259582114,0.8073593701178479,0.3073440510323914,4.332141085934338,1111.2222222222222,0.2640986914516326,0.12239583333333334
8,164,2,33.183933948,35.584193735,13/05/2025,23,0.365576112281577,0.45031477668695036,0.816362499213232,0.2969968834383196,4.4170739585136225,1109.7777777777778,0.33314102564102566,0.15711805555555555
8,165,3,33.183923218,35.584281862,13/05/2025,23,0.4135721838122856,0.484099615622306,0.8380802848927928,0.3327285324034921,4.818494793599888,1121.7777777777778,0.22076953953191575,0.11197916666666669
8,166,3,33.183761742,35.584100012,13/05/2025,23,0.3646496313835217,0.44029164226839873,0.8347603086414443,0.2868168837555138,3.9884728388218926,1091.7777777777778,0.43333333333333335,0.1449652777777778
8,167,3,33.1837652,35.584187033,13/05/2025,23,0.3769028258660131,0.4619983603307393,0.8132164206353487,0.30141867058239963,4.67568744001086,1113.3333333333333,0.30425150829562597,0.1154513888888889
8,168,3,33.183758943,35.584205178,13/05/2025,23,0.3818494428338364,0.4688778294225201,0.8083838732876966,0.30212201632685365,5.063314583693911,1170.111111111111,0.19958646254921864,0.11197916666666669
8,169,3,33.183604362,35.584014462,13/05/2025,23,0.3876267775756493,0.4638355270856539,0.8301292344525177,0.30702576774086066,4.287912897259044,1076.888888888889,0.39512631975867274,0.15538194444444445
8,170,1,33.183600267,35.584025297,13/05/2025,23,0.39334420321579594,0.46272523605670735,0.8440530728158738,0.31159383519688955,4.819366543182522,1086.2222222222222,0.334709653092006,0.1154513888888889
8,171,3,33.183614987,35.58410624,13/05/2025,23,0.37155142269296154,0.46206340092344456,0.8030323202922551,0.2948975783495623,4.245374481009744,1121.111111111111,0.34664024359365736,0.14149305555555558
8,172,3,33.183607487,35.584123942,13/05/2025,23,0.37155142269296154,0.46206340092344456,0.8030323202922551,0.2948975783495623,4.245374481009744,1121.111111111111,0.34664024359365736,0.14149305555555558
8,173,3,33.18343705,35.583901803,13/05/2025,23,0.3898433001703971,0.45721452052861966,0.8492026326613504,0.3126911620399912,4.68717950218364,1082.0,0.26130279034690795,0.1232638888888889
8,174,2,33.183429673,35.583919888,13/05/2025,23,0.4061870249210283,0.4659311694008732,0.8634508354653659,0.32597780207766286,4.763589126445728,1084.2222222222222,0.29027149321266965,0.11458333333333334
8,175,3,33.183425703,35.58397777,13/05/2025,23,0.4051310919586578,0.4684442209514689,0.8556418255582012,0.3228901201898165,3.3858533076164026,1116.6666666666667,0.4961744833068363,0.19010416666666669
8,176,3,33.183419873,35.583999983,13/05/2025,23,0.4051310919586578,0.4684442209514689,0.8556418255582012,0.3228901201898165,3.3858533076164026,1116.6666666666667,0.4961744833068363,0.19010416666666669
9,24,2,33.183340975,35.583649787,18/05/2025,18,0.2743084522705564,0.34821721614926227,0.8491244783752983,0.21949639776129048,3.9218753066414145,1529.3333333333333,0.4090686274509804,0.1371527777777778
9,25,2,33.183405773,35.58365562,18/05/2025,18,0.27158316961980683,0.3493727351996342,0.8418368472105058,0.22262168057589454,3.259485231079872,1534.4444444444443,0.48124999999999996,0.1545138888888889
9,26,2,33.18327882,35.583671265,18/05/2025,18,0.29703228868381637,0.3624203726727748,0.8635422390387781,0.23285195053540234,3.5027054819279444,1530.0,0.525,0.16493055555555558
9,27,1,33.183384408,35.583665087,18/05/2025,18,0.27123826621709496,0.34902863672571144,0.8419456623079982,0.2183266987891378,3.6183676499168373,1525.0,0.4545343137254902,0.140625
9,28,3,33.183421907,35.58366474,18/05/2025,18,0.27684395560754754,0.350247855792507,0.8497936542495128,0.23156135167682368,3.4749739455562074,1550.6666666666667,0.3831730769230769,0.1623263888888889
9,29,2,33.183413827,35.583749748,18/05/2025,18,0.2899997289432779,0.35955106849256613,0.8558944413833616,0.24446299830305898,4.43173939949947,1532.2222222222222,0.34260935143288085,0.11892361111111112
9,30,2,33.183419493,35.583754065,18/05/2025,18,0.29099455760956644,0.36073747637347636,0.8554260393238119,0.24900742927438665,4.18643861802411,1532.888888888889,0.41458333333333336,0.12239583333333334
9,31,2,33.183444822,35.583677362,18/05/2025,18,0.27684395560754754,0.350247855792507,0.8497936542495128,0.23156135167682368,3.4749739455562074,1550.6666666666667,0.3831730769230769,0.1623263888888889
9,32,2,33.183444093,35.5836959,18/05/2025,18,0.28153949659888555,0.35150565345827395,0.8559341836243389,0.23612186091718337,3.500095766417776,1545.3333333333333,0.34983974358974357,0.15885416666666669
9,33,1,33.183472188,35.583696302,18/05/2025,18,0.2825480480864213,0.34877525904298307,0.8631396738181877,0.24095786816505171,3.57064902376156,1553.2222222222222,0.4014328808446455,0.18229166666666669
9,34,2,33.183494078,35.583708643,18/05/2025,18,0.27971885778597394,0.3468999039964323,0.8615666961045252,0.23827175870986844,3.219768229617389,1550.888888888889,0.5177790346907993,0.1953125
9,35,1,33.18349499,35.58372554,18/05/2025,18,0.27901785948324737,0.3459419538500075,0.8621262626249006,0.2344189263324093,2.7656143292523137,1545.4444444444443,0.625,0.20225694444444448
9,36,2,33.18354211,35.583753632,18/05/2025,18,0.28246833018851264,0.35107003498537437,0.8584892588849057,0.23361984097167177,3.9525727328328046,1543.6666666666667,0.475,0.15798611111111113
9,38,2,33.183654748,35.58379738,18/05/2025,18,0.2644637185062737,0.34985999944805374,0.8282110162721854,0.23412355966405507,3.80700273142711,1531.111111111111,0.45759039582568994,0.15104166666666669
9,39,2,33.183649103,35.58381395,18/05/2025,18,0.2644637185062737,0.34985999944805374,0.8282110162721854,0.23412355966405507,3.80700273142711,1531.111111111111,0.45759039582568994,0.15104166666666669
9,40,3,33.18357413,35.58384302,18/05/2025,18,0.2829452059576056,0.36020854505109934,0.8415850825608115,0.23332463595947367,3.355878505976054,1521.3333333333333,0.4270833333333333,0.18489583333333331
9,41,2,33.183568927,35.583857708,18/05/2025,18,0.29049731793313815,0.36916187042661935,0.8381018596816948,0.24145152723750307,3.596822633626531,1519.7777777777778,0.36249999999999993,0.17708333333333337
9,42,2,33.183667175,35.583826202,18/05/2025,18,0.27395889361614717,0.3619280314870627,0.8221465668378404,0.24563650692551547,4.61318744001086,1516.7777777777778,0.2846737291590233,0.11458333333333334
9,43,3,33.183643803,35.583878668,18/05/2025,18,0.2957824981415744,0.3737178881692842,0.8389994661281804,0.2517294604601282,2.626736765917564,1517.5555555555557,0.6791666666666667,0.2690972222222222
9,44,3,33.183628637,35.583893978,18/05/2025,18,0.30011813480118227,0.3796759685959792,0.8354140818488411,0.25195483974608135,2.36580612790821,1504.4444444444443,0.7395833333333333,0.3524305555555555
9,45,2,33.183695452,35.583847187,18/05/2025,18,0.2698207109205605,0.3606754590145312,0.8171158709373173,0.24019115222825269,5.063314583693911,1510.3333333333333,0.3152055052790347,0.11197916666666669
9,46,2,33.183724567,35.583858615,18/05/2025,18,0.2788419394703044,0.36445713985093675,0.8260957305011872,0.24334574399936837,3.6186881477331987,1513.6666666666667,0.5583333333333333,0.17100694444444445
9,47,2,33.183762173,35.583879683,18/05/2025,18,0.2736737498189955,0.35844347460061,0.8282163160746494,0.2382814022583305,3.4669468148305715,1521.2222222222222,0.5562499999999999,0.18229166666666666
9,48,2,33.183774913,35.583871242,18/05/2025,18,0.26584305252087365,0.35192989970737537,0.8266027455988376,0.23293752941743653,3.75445242024266,1529.3333333333333,0.54375,0.1371527777777778
9,49,3,33.183808437,35.583891458,18/05/2025,18,0.26080099027748394,0.348537255769543,0.8241050347119511,0.22617998132543,3.89882421407231,1530.2222222222222,0.43958333333333327,0.15104166666666669
9,50,2,33.183801752,35.583902875,18/05/2025,18,0.26080099027748394,0.348537255769543,0.8241050347119511,0.22617998132543,3.89882421407231,1530.2222222222222,0.43958333333333327,0.15104166666666669
9,51,3,33.183722155,35.58393322,18/05/2025,18,0.2942928171438175,0.37128320661741754,0.8409898016333179,0.24810810978944872,2.82750247244787,1519.5555555555557,0.5854166666666667,0.22135416666666669
9,52,1,33.183709945,35.583942073,18/05/2025,18,0.2945411301293178,0.37120760314840195,0.8415347080486794,0.2454173669230599,2.7917624330844424,1520.5555555555557,0.5541666666666667,0.21788194444444448
9,53,1,33.183981722,35.583981352,18/05/2025,18,0.26314375788210664,0.34129545966984376,0.8419720716223834,0.22838586041435038,3.8969964419040486,1577.888888888889,0.37483974358974353,0.1293402777777778
9,54,3,33.183869465,35.584019592,18/05/2025,18,0.29347618500255307,0.3664491567884747,0.8488483936126712,0.24511390336460515,3.609506172064519,1544.2222222222222,0.3625,0.140625
9,55,3,33.18386289,35.584035335,18/05/2025,18,0.29347618500255307,0.3664491567884747,0.8488483936126712,0.24511390336460515,3.609506172064519,1544.2222222222222,0.3625,0.140625
9,56,2,33.184009975,35.584101383,18/05/2025,18,0.3002610420231815,0.36673481310237466,0.86123981007179,0.2509112944152075,3.3360994202994476,1553.7777777777778,0.5854166666666667,0.17361111111111113
9,57,2,33.184005553,35.584117157,18/05/2025,18,0.30439675341330485,0.37372567469634826,0.8551311497918557,0.2546008825783394,3.563054690915721,1544.111111111111,0.5479166666666666,0.1857638888888889
9,58,2,33.184166042,35.584213185,18/05/2025,18,0.3020638399587848,0.3707138528367598,0.8565541705782658,0.25408721476032325,4.163932045910443,1542.888888888889,0.4394607843137255,0.13802083333333334
9,59,2,33.184327513,35.58428952,18/05/2025,18,0.3073913983650505,0.3666884352054914,0.8750073205758699,0.2578648987731192,3.8825592338405097,1569.0,0.40625,0.15625
9,60,2,33.18431891,35.58430637,18/05/2025,18,0.31165585484232694,0.3680965885898197,0.8802167475902489,0.25637763847707234,3.4246832239236924,1567.111111111111,0.4979166666666667,0.18663194444444445
9,61,2,33.184473012,35.584400473,18/05/2025,18,0.31205320685255566,0.3784401478619156,0.8600476281525613,0.24740668956474007,2.534479625667783,1552.2222222222222,0.6583333333333333,0.2821180555555556
9,62,1,33.184480155,35.584383128,18/05/2025,18,0.30474069669002485,0.3752519600226847,0.85254408582168,0.24132408146776008,3.944366543182522,1546.3333333333333,0.44375,0.1328125
9,63,1,33.18447918,35.584382615,18/05/2025,18,0.30474069669002485,0.3752519600226847,0.85254408582168,0.24132408146776008,3.944366543182522,1546.3333333333333,0.44375,0.1328125
9,64,1,33.184649032,35.584476263,18/05/2025,18,0.296820530290524,0.3592936962172242,0.8694488698611601,0.24127416184034298,4.098669398093777,1580.5555555555557,0.45159313725490197,0.14930555555555555
9,65,2,33.18478571,35.584588918,18/05/2025,18,0.3028861600931101,0.36801018416009507,0.8634876336817447,0.2423444103444411,3.587724819286582,1571.888888888889,0.525,0.1875
9,66,2,33.18495201,35.584663277,18/05/2025,18,0.30057142015712257,0.3582253528460086,0.8786591629563328,0.24584610043743282,3.855112115783683,1618.111111111111,0.4164969834087482,0.140625
9,67,2,33.184944048,35.584676168,18/05/2025,18,0.30057142015712257,0.3582253528460086,0.8786591629563328,0.24584610043743282,3.855112115783683,1618.111111111111,0.4164969834087482,0.140625
9,68,3,33.185211112,35.58473142,18/05/2025,18,,,,,,,,
9,69,1,33.185209163,35.584748317,18/05/2025,18,0.2653375619277075,0.33833255476234814,0.851737467495183,0.22113100103613056,4.0256930454229485,1635.7777777777778,0.38750000000000007,0.12500000000000003
9,70,2,33.18522875,35.584785562,18/05/2025,18,,,,,,,,
9,71,2,33.18496718,35.584720162,18/05/2025,18,0.2999885355794998,0.36089970280875394,0.8724636521379098,0.2465306216013803,4.3852998147737825,1618.4444444444443,0.30980392156862746,0.1423611111111111
9,72,1,33.184955002,35.584735952,18/05/2025,18,0.29968810350324454,0.36664649046520387,0.8601846720553089,0.24077444929081734,3.6054140482403754,1596.4444444444443,0.5020833333333332,0.1701388888888889
9,73,3,33.184811513,35.584631455,18/05/2025,18,0.31400755705947625,0.3732794607475319,0.8741686788545876,0.25332319278512716,3.752705481927944,1571.4444444444443,0.4852941176470588,0.1545138888888889
9,74,1,33.184646417,35.584570203,18/05/2025,18,0.3154165433778106,0.375835867622989,0.8716909503919891,0.2514782145153578,4.389200983250171,1561.7777777777778,0.348604826546003,0.1189236111111111
9,75,1,33.18451505,35.584449657,18/05/2025,18,0.31671968071401924,0.3742029812233587,0.8776422871765713,0.2567864822808772,3.8860276044371003,1567.5555555555557,0.45159313725490197,0.1371527777777778
9,76,1,33.184371233,35.584291258,18/05/2025,18,0.30363750797991396,0.3686399074552769,0.863795484473678,0.25609444425133,3.9015647950055823,1559.111111111111,0.45,0.15104166666666666
9,77,2,33.184355772,35.584358753,18/05/2025,18,0.3064274204124223,0.37240518336899725,0.8615329480731507,0.25042067534768164,4.003987962506981,1552.3333333333333,0.4432598039215686,0.1293402777777778
9,78,3,33.184205282,35.584266892,18/05/2025,18,0.30830006901226326,0.3668893299893809,0.8760813387084183,0.24965908573001208,4.637918502671133,1551.4444444444443,0.3119927336839101,0.13020833333333334
9,79,2,33.184194715,35.584289723,18/05/2025,18,0.31332812671494886,0.3720418155133323,0.8753328556242457,0.2564836938700241,4.429585169337799,1546.3333333333333,0.28554864253393664,0.1371527777777778
9,80,3,33.184060657,35.584179655,18/05/2025,18,0.300959323794118,0.3632774901476578,0.8694595490140004,0.2534766835886908,4.092090774749888,1547.2222222222222,0.36862745098039207,0.1527777777777778
9,81,2,33.183877972,35.58398514,18/05/2025,18,0.2903337819629663,0.36572144665630635,0.8444721111325081,0.24602516695908194,4.396473620206547,1541.7777777777778,0.4019136500754148,0.1371527777777778
9,82,2,33.183755828,35.583902455,18/05/2025,18,0.28270970101343373,0.3655765085867561,0.8308861122037166,0.24078598415320376,4.188054690915721,1516.4444444444443,0.4770833333333333,0.13020833333333334
9,83,3,33.183739807,35.583988108,18/05/2025,18,0.30582136646673835,0.37839665957406454,0.8483516963317096,0.24785099236650066,3.6801233266078603,1518.111111111111,0.4791666666666667,0.1684027777777778
9,84,3,33.183786553,35.584016998,18/05/2025,18,0.30893652106361436,0.37973183774285624,0.8515149155245203,0.2506971752312461,3.547528993762021,1527.3333333333333,0.5312500000000001,0.1527777777777778
9,85,3,33.183785112,35.584018663,18/05/2025,18,0.30893652106361436,0.37973183774285624,0.8515149155245203,0.2506971752312461,3.547528993762021,1527.3333333333333,0.5312500000000001,0.1527777777777778
9,86,1,33.183586345,35.583825855,18/05/2025,18,0.2846116437399136,0.35910537676949084,0.8468524360107932,0.22874620260548817,4.4193721485946105,1525.7777777777778,0.3599264705882353,0.12847222222222224
9,87,1,33.183594508,35.583804277,18/05/2025,18,0.2737892888059956,0.35020996566008056,0.844294451648292,0.22335596998378257,3.9367184835974087,1533.7777777777778,0.42242647058823535,0.13802083333333337
9,88,3,33.183627737,35.583942933,18/05/2025,18,0.2994859727792034,0.37860076647742874,0.836344443244358,0.24632595260754434,2.2845300583088024,1500.6666666666667,0.6270833333333333,0.3046875
9,89,3,33.183634738,35.58392777,18/05/2025,18,0.2993102927731212,0.3751127194749176,0.8427391865359466,0.2419368579409466,1.6835024445205309,1509.3333333333333,0.7000000000000001,0.4201388888888889
9,90,2,33.183489682,35.58384219,18/05/2025,18,0.28845705885043205,0.36404926296986,0.8443257717526009,0.24199170744134724,2.7917624330844424,1526.0,0.6229166666666667,0.23350694444444448
9,91,2,33.183483287,35.58385752,18/05/2025,18,0.28931095908768856,0.36692725191815995,0.84028616621225,0.24164793552351732,3.252836347351049,1520.6666666666667,0.5458333333333333,0.2074652777777778
9,92,1,33.183333755,35.5837481,18/05/2025,18,0.2846244412438211,0.3612798537493418,0.8426866983271519,0.23499263965134917,3.4995576091477147,1520.4444444444443,0.5645833333333333,0.16927083333333331
9,93,1,33.182895612,35.583563345,18/05/2025,18,0.2987872949923039,0.36224597488396526,0.8671649400440892,0.23233107750903717,3.6054140482403754,1021.6666666666666,0.34588682983246716,0.1701388888888889
9,94,1,33.18283631,35.583630807,18/05/2025,18,0.30794784419209714,0.377051390992577,0.8550939614727726,0.2504317734758736,4.1902054819279435,1018.3333333333334,0.3250507076514147,0.13628472222222224
9,95,3,33.183369293,35.583825388,18/05/2025,18,0.2888257073948215,0.3609575721668074,0.8509641726136584,0.24059702288531795,3.5334182436918935,1525.5555555555557,0.4708333333333333,0.1918402777777778
9,96,3,33.183387877,35.583818468,18/05/2025,18,0.2888257073948215,0.3609575721668074,0.8509641726136584,0.24059702288531795,3.5334182436918935,1525.5555555555557,0.4708333333333333,0.1918402777777778
9,98,2,33.183438402,35.583861482,18/05/2025,18,0.29378988226831354,0.36760705837098734,0.8471527729528906,0.24805488157375166,3.816878720708277,1523.7777777777778,0.5149509803921569,0.1371527777777778
9,99,3,33.183423548,35.583878907,18/05/2025,18,0.29781234453812655,0.37285229484357413,0.8443236241090752,0.24838904625397257,4.41963548052225,1520.5555555555557,0.3457107843137255,0.11892361111111112
9,100,3,33.183427477,35.583948513,18/05/2025,18,0.30542570559774807,0.382278629713228,0.8399358502359693,0.25324307782407557,3.6716154138632233,1510.111111111111,0.45625,0.1831597222222222
9,101,2,33.183420537,35.583963707,18/05/2025,18,0.30542570559774807,0.382278629713228,0.8399358502359693,0.25324307782407557,3.6716154138632233,1510.111111111111,0.45625,0.1831597222222222
9,102,3,33.183504205,35.583903558,18/05/2025,18,0.2952140121088859,0.3731296838905697,0.8390426720806344,0.24539995184750588,4.2620467530885,1517.2222222222222,0.3974094003505768,0.1371527777777778
9,103,3,33.183598177,35.583956563,18/05/2025,18,0.2965449030447024,0.3754708855594755,0.8369768589913913,0.24005747882307724,3.9963936296611426,1503.888888888889,0.4833333333333333,0.1328125
9,104,3,33.183591233,35.583973528,18/05/2025,18,0.2965449030447024,0.3754708855594755,0.8369768589913913,0.24005747882307724,3.9963936296611426,1503.888888888889,0.4833333333333333,0.1328125
9,105,3,33.183597428,35.584040553,18/05/2025,18,0.30295160311516245,0.3780965945530443,0.8436410921216669,0.24494550306279791,3.444106650404331,1515.6666666666667,0.4875,0.13368055555555555
9,106,2,33.18359093,35.584060073,18/05/2025,18,0.30295160311516245,0.3780965945530443,0.8436410921216669,0.24494550306279791,3.444106650404331,1515.6666666666667,0.4875,0.13368055555555555
9,107,3,33.183776647,35.584063913,18/05/2025,18,0.3088359186710056,0.3809412957082872,0.8489511983525072,0.24646694406113565,4.1361750035058655,1519.5555555555557,0.4854166666666667,0.15798611111111113
9,108,3,33.183783543,35.58408049,18/05/2025,18,0.30105869070344227,0.3770741629036278,0.8420520696049905,0.240512240997603,3.8922269629944757,1512.7777777777778,0.47596586971586974,0.14583333333333334
9,109,3,33.183765335,35.584140815,18/05/2025,18,0.295108877387335,0.3747538846505331,0.8356155418426554,0.24179118213972867,3.8347597738316876,1517.3333333333333,0.409642340304105,0.15711805555555555
9,110,3,33.183755443,35.584155257,18/05/2025,18,0.2961294859814986,0.37241395067959676,0.842121494867856,0.24584372706965885,4.473406066166137,1538.2222222222222,0.28379524886877827,0.1154513888888889
9,111,3,33.183950983,35.584164983,18/05/2025,18,0.30050119852896257,0.37885211889234727,0.8376785911625542,0.25043789917730813,4.017617721195771,1517.888888888889,0.4068966817496229,0.13368055555555555
9,112,1,33.183954938,35.58417649,18/05/2025,18,0.30050119852896257,0.37885211889234727,0.8376785911625542,0.25043789917730813,4.017617721195771,1517.888888888889,0.4068966817496229,0.13368055555555555
9,113,2,33.183916327,35.584230625,18/05/2025,18,0.31548146761644136,0.38131990932411364,0.8607788795891219,0.24957936959341284,4.349467448142027,1541.0,0.3536764705882353,0.12239583333333334
9,114,2,33.1839172,35.584225688,18/05/2025,18,0.31548146761644136,0.38131990932411364,0.8607788795891219,0.24957936959341284,4.349467448142027,1541.0,0.3536764705882353,0.12239583333333334
9,115,2,33.18391148,35.584239988,18/05/2025,18,0.31548146761644136,0.38131990932411364,0.8607788795891219,0.24957936959341284,4.349467448142027,1541.0,0.3536764705882353,0.12239583333333334
9,116,3,33.184136002,35.584262307,18/05/2025,18,0.3058665788006791,0.37174950353304653,0.8618648674629493,0.25156607928683805,4.3865657617071605,1533.888888888889,0.36551659125188535,0.13020833333333334
9,117,2,33.184130995,35.584280417,18/05/2025,18,0.314933376503886,0.37591464206943137,0.8708871292429762,0.25248887397310305,3.258613481497238,1537.4444444444443,0.44816176470588237,0.14409722222222224
9,118,3,33.184066582,35.584331512,18/05/2025,18,0.31192940477794673,0.37708198225980133,0.8625611620311348,0.2443768715871644,4.047661460266554,1533.3333333333333,0.3444587970323264,0.14583333333333334
9,119,2,33.184074793,35.584313375,18/05/2025,18,0.31192940477794673,0.37708198225980133,0.8625611620311348,0.2443768715871644,4.047661460266554,1533.3333333333333,0.3444587970323264,0.14583333333333334
9,120,2,33.184297098,35.584346217,18/05/2025,18,0.32106273963995263,0.37716786555564474,0.8800583886349008,0.2596010167740815,3.9386631085707156,1552.4444444444443,0.3878676470588235,0.12586805555555555
9,121,1,33.184274322,35.58437223,18/05/2025,18,0.32426690046811324,0.38150652292969395,0.8774315280846733,0.2588885877295269,3.415214526489481,1545.2222222222222,0.5166666666666667,0.16319444444444445
9,122,2,33.184213238,35.584408378,18/05/2025,18,0.3223509695766802,0.38357120953416596,0.8694255543390884,0.2605342646886876,4.433746230592378,1538.111111111111,0.3946787228404876,0.13020833333333334
9,123,3,33.184208257,35.584427553,18/05/2025,18,0.3262220875581933,0.38662788799325487,0.8706868849536826,0.2567481392796174,3.784886917514739,1546.111111111111,0.4160022522522523,0.1371527777777778
9,124,3,33.184454693,35.584458557,18/05/2025,18,0.31685355620599226,0.3703769058032292,0.8857341307952142,0.24817275984951712,3.4758456951388412,1575.4444444444443,0.5166666666666666,0.1953125
9,125,3,33.18445595,35.584484998,18/05/2025,18,0.31735053634511207,0.37278408167786004,0.8818370255792105,0.2558187594113577,3.50445242024266,1574.111111111111,0.5958333333333333,0.15625
9,126,3,33.184368415,35.584504552,18/05/2025,18,0.3306599473733086,0.3858031584961085,0.8811716033574599,0.25974181814209696,2.516672272078755,1555.5555555555557,0.6229166666666667,0.2508680555555556
9,127,2,33.18436111,35.584522137,18/05/2025,18,0.3307434536490884,0.38719545513364617,0.8784637761494607,0.260650879968208,3.1234576266427716,1556.6666666666667,0.6354166666666667,0.1840277777777778
9,128,2,33.184637052,35.584566185,18/05/2025,18,0.3163011324282619,0.378160113229331,0.868689460779223,0.2556074360192981,4.821520773344193,1557.888888888889,0.27855392156862746,0.1076388888888889
9,129,2,33.184510735,35.584579917,18/05/2025,18,0.3195705975007226,0.3804865557516636,0.8704051629155289,0.2652611670470426,3.0489909343371635,1573.2222222222222,0.5875,0.2387152777777778
9,130,2,33.18450292,35.584604105,18/05/2025,18,0.3207047505461933,0.38676608208409324,0.8598976955071863,0.2644787172675035,3.5328800864218324,1563.111111111111,0.48958333333333337,0.1762152777777778
9,131,2,33.184800562,35.584671052,18/05/2025,18,0.32078492209749543,0.3763018808076566,0.8812621976310536,0.25978817863171205,4.2879128972590435,1571.2222222222222,0.3871512066365007,0.15538194444444442
9,132,2,33.184661677,35.584694635,18/05/2025,18,0.3165253296977571,0.3710731270181846,0.8836158248521178,0.25133977659819573,2.731464856747655,1574.2222222222222,0.5958333333333334,0.20659722222222224
9,133,3,33.184672565,35.58468571,18/05/2025,18,0.32041096024752774,0.3752939720461898,0.8825837126657677,0.2509129142310403,2.7902199731139583,1559.6666666666667,0.5229166666666667,0.2760416666666667
9,134,3,33.184962885,35.584768473,18/05/2025,18,0.30689908316298453,0.37118191057477495,0.8649849967419725,0.2429329624827331,3.896996441904049,1584.5555555555557,0.48125000000000007,0.1293402777777778
9,135,2,33.18495426,35.584782515,18/05/2025,18,0.30689908316298453,0.37118191057477495,0.8649849967419725,0.2429329624827331,3.896996441904049,1584.5555555555557,0.48125000000000007,0.1293402777777778
9,136,3,33.184809337,35.58478054,18/05/2025,18,0.32120155882972196,0.3706781387519393,0.8937720626116499,0.24944140463932696,4.001426440498355,1570.2222222222222,0.4816176470588235,0.1449652777777778
9,137,2,33.184817277,35.584764663,18/05/2025,18,0.32120155882972196,0.3706781387519393,0.8937720626116499,0.24944140463932696,4.001426440498355,1570.2222222222222,0.4816176470588235,0.1449652777777778
9,138,3,33.184953912,35.584845518,18/05/2025,18,0.32749523676848685,0.3814597001650227,0.8838669556018992,0.2664664906535937,3.0096897960373594,1572.888888888889,0.625,0.19270833333333334
9,139,3,33.184956517,35.584875627,18/05/2025,18,0.32311577711878015,0.38216378425203357,0.8739973330583075,0.2673120467106395,2.7917624330844424,1565.888888888889,0.5374999999999999,0.23350694444444442
9,140,1,33.185109998,35.584940212,18/05/2025,18,0.31200395145398824,0.3672174873097571,0.8828340584923766,0.23595794888366514,2.6602089476479382,1584.111111111111,0.5415441176470588,0.2604166666666667
9,141,2,33.18506981,35.584887362,18/05/2025,18,0.3232522934798754,0.37548709683676207,0.8881071419682414,0.24985704786797827,4.667481250360578,1566.3333333333333,0.2592665912518854,0.125
9,142,3,33.185051092,35.584958315,18/05/2025,18,0.3266770499264143,0.37957213161366415,0.8864658300822598,0.24685347584395415,4.454986855772666,1052.5555555555557,0.2370582326756928,0.13194444444444448
9,143,2,33.185046362,35.584976137,18/05/2025,18,0.3266770499264143,0.37957213161366415,0.8864658300822598,0.24685347584395415,4.454986855772666,1052.5555555555557,0.2370582326756928,0.13194444444444448
9,144,2,33.184892468,35.58479606,18/05/2025,18,0.31763770040236233,0.380858930949235,0.8659560887355147,0.25677096537201105,3.5044524202426603,1567.7777777777778,0.5958333333333333,0.14756944444444448
9,145,2,33.18488005,35.584867878,18/05/2025,18,0.3193961684251316,0.3844394032354939,0.8621505127177795,0.25588066930390574,4.175424108083221,1575.0,0.45625,0.13194444444444445
9,146,2,33.184868562,35.584886468,18/05/2025,18,0.31061467376625923,0.3814640656961075,0.8513847914351387,0.25826412937311577,4.040089194304109,1595.4444444444443,0.3832107843137255,0.1684027777777778
9,147,2,33.184792922,35.58475537,18/05/2025,18,0.3271002520391841,0.37605422962019364,0.8943793255703795,0.2554207212246704,4.292628649429343,1575.0,0.33161764705882346,0.1267361111111111
9,148,2,33.184740833,35.584687648,18/05/2025,18,0.3269919920300067,0.38135616044872994,0.8830795784520888,0.2667508246907588,4.186919609405448,1566.4444444444443,0.37487745098039205,0.1189236111111111
9,149,2,33.18456058,35.584584838,18/05/2025,18,0.3161937507895398,0.37957273212836035,0.8658866689897086,0.25984866681684654,1.9354322346176822,1568.888888888889,0.75,0.2881944444444445
9,150,2,33.184565495,35.584601172,18/05/2025,18,0.3230581113585033,0.3800042428377488,0.8782306284777995,0.2611410202776747,2.7965768113973013,1569.5555555555557,0.6458333333333333,0.21614583333333334
9,151,3,33.18457413,35.584677877,18/05/2025,18,0.32051425383295623,0.37568611335822544,0.8822191906276433,0.25177689741533604,2.5743440261990314,1576.111111111111,0.6875,0.24479166666666669
9,152,2,33.184566543,35.584694765,18/05/2025,18,0.3101113859795052,0.3750791265645699,0.8635081871657716,0.2472207184525496,2.078838679766182,1576.3333333333333,0.7708333333333333,0.328125
9,153,2,33.184422298,35.584509087,18/05/2025,18,0.3231142929583964,0.3776302687060718,0.8831231162807752,0.2579618708121553,4.142617721195771,1566.2222222222222,0.49374999999999997,0.13368055555555555
9,154,2,33.184413273,35.58452042,18/05/2025,18,0.32551002163751763,0.383983632749892,0.874792414974806,0.2647969302171221,3.724688546745176,1558.3333333333333,0.5354166666666667,0.14756944444444445
9,155,2,33.184388993,35.584571983,18/05/2025,18,0.33035170233363315,0.38908282095978924,0.8737569782387746,0.26479561276152724,4.230519407630639,1560.0,0.4232843137254902,0.12586805555555555
9,156,3,33.184383627,35.584586525,18/05/2025,18,0.3262102790469164,0.3887550325206764,0.8663424573505333,0.26123769455380075,4.038060296327809,1570.2222222222222,0.40808823529411764,0.1293402777777778
9,157,1,33.184253348,35.584405278,18/05/2025,18,0.3225874031289679,0.3864314286178207,0.8641335577202143,0.26499948297939085,2.4842148111395685,1537.0,0.70625,0.2803819444444444
9,158,1,33.184250652,35.584426318,18/05/2025,18,0.3194997587226159,0.385502649363036,0.8600451573705992,0.2583551015759198,2.4097279562666003,1536.7777777777778,0.73125,0.2881944444444445
9,159,2,33.184233367,35.584476795,18/05/2025,18,0.31489133430871286,0.3751839820122261,0.8720034162662631,0.24188806356418452,3.6071575474056434,1578.3333333333333,0.3202205882352942,0.16493055555555558
9,160,2,33.18409682,35.584305142,18/05/2025,18,0.31106169154050217,0.37260752429682215,0.8700057131670669,0.24349230536508026,2.849598313565133,1539.7777777777778,0.4431372549019608,0.23784722222222227
9,161,2,33.184088425,35.584310077,18/05/2025,18,0.31106169154050217,0.37260752429682215,0.8700057131670669,0.24349230536508026,2.849598313565133,1539.7777777777778,0.4431372549019608,0.23784722222222227
9,162,2,33.184067373,35.584387057,18/05/2025,18,0.3214735942332717,0.3852628908590588,0.864317246905077,0.2537045490512031,3.163345695138842,1554.7777777777778,0.5582107843137255,0.2048611111111111
9,163,2,33.184074752,35.584373145,18/05/2025,18,0.3178844051185549,0.38414578746141087,0.8597368781313297,0.24970317047866075,4.532880086421832,1529.5555555555557,0.3114931107578166,0.11892361111111112
9,164,2,33.183933948,35.584193735,18/05/2025,18,0.3040003481969244,0.37488070559172454,0.8519512790066143,0.24896927483665957,4.5745467530885,1531.111111111111,0.35110294117647056,0.1154513888888889
9,165,3,33.183923218,35.584281862,18/05/2025,18,0.3206475177154445,0.3902510217773153,0.8526421821157091,0.25049084959033924,3.861180608917954,1521.6666666666667,0.5045343137254902,0.13975694444444445
9,166,3,33.183761742,35.584100012,18/05/2025,18,0.30363790100309107,0.3800626036519235,0.8409348445569643,0.24164901639548417,4.02890865756051,1504.0,0.3091295197912845,0.12586805555555555
9,167,3,33.1837652,35.584187033,18/05/2025,18,0.3050504545061923,0.3836122203354726,0.8366633502554107,0.25469506815090937,4.349467448142027,1540.7777777777778,0.31605392156862744,0.12239583333333334
9,168,3,33.183758943,35.584205178,18/05/2025,18,0.30447139676958496,0.38698241429758407,0.8289894242143229,0.24623930290824697,4.823527604437102,1562.3333333333333,0.34362745098039216,0.11892361111111112
9,169,3,33.183604362,35.584014462,18/05/2025,18,0.29974192805561223,0.3760143925361352,0.8418075117302021,0.23885581232934364,3.688926440498354,1507.2222222222222,0.5291666666666666,0.16319444444444445
9,170,1,33.183600267,35.584025297,18/05/2025,18,0.29833254718997343,0.3741856262753458,0.8427694439476539,0.24278556089249154,3.9717481629583626,1516.2222222222222,0.38909313725490197,0.1362847222222222
9,171,3,33.183614987,35.58410624,18/05/2025,18,0.3121422672413499,0.38700465068252177,0.8430777552908473,0.25476496177911495,4.2680987125771095,1535.888888888889,0.34325980392156863,0.11805555555555557
9,172,3,33.183607487,35.584123942,18/05/2025,18,0.3121422672413499,0.38700465068252177,0.8430777552908473,0.25476496177911495,4.2680987125771095,1535.888888888889,0.34325980392156863,0.11805555555555557
9,173,3,33.18343705,35.583901803,18/05/2025,18,0.29781234453812655,0.37285229484357413,0.8443236241090752,0.24838904625397257,4.41963548052225,1520.5555555555557,0.3457107843137255,0.11892361111111112
9,174,2,33.183429673,35.583919888,18/05/2025,18,0.30453511115802984,0.37922940489739987,0.8442547263504945,0.24925637927587646,4.3082817728566996,1515.111111111111,0.3620098039215687,0.1467013888888889
9,175,3,33.183425703,35.58397777,18/05/2025,18,0.29796072616883423,0.38058065635193805,0.8296721556429393,0.2513262830304948,3.944192246361824,1518.5555555555557,0.4394607843137255,0.14756944444444445
9,176,3,33.183419873,35.583999983,18/05/2025,18,0.29796072616883423,0.38058065635193805,0.8296721556429393,0.2513262830304948,3.944192246361824,1518.5555555555557,0.4394607843137255,0.14756944444444445
10,24,2,33.183340975,35.583649787,23/05/2025,13,0.4840623921204801,0.5481379906705107,0.8398984840009294,0.34691766214291747,4.8193665431825226,963.5555555555555,0.2505126166890873,0.1154513888888889
10,25,2,33.183405773,35.58365562,23/05/2025,13,0.4528805303070751,0.5257919084137677,0.8276922391022012,0.33494056205616385,5.084147917027244,997.8888888888889,0.07800155855016147,0.11111111111111113
10,26,2,33.18327882,35.583671265,23/05/2025,13,0.5069036720066945,0.5640645868347518,0.8520389648366264,0.3699911497376904,4.532880086421833,962.1111111111111,0.3480359035506095,0.11892361111111112
10,27,1,33.183384408,35.583665087,23/05/2025,13,0.47116668945718426,0.5373123430647767,0.8381542271947535,0.34083002571551957,4.6811275426950285,981.0,0.17223783172312582,0.11458333333333334
10,28,3,33.183421907,35.58366474,23/05/2025,13,0.4305028950263072,0.5148910282421871,0.8069052190253457,0.3295236664887032,5.0901998765158565,1002.7777777777778,0.06835570158526039,0.10416666666666669
10,29,2,33.183413827,35.583749748,23/05/2025,13,0.5181118435118574,0.5612096585802392,0.885712736654659,0.3735825072067687,3.5706490237615593,999.2222222222222,0.4557598039215687,0.18229166666666669
10,30,2,33.183419493,35.583754065,23/05/2025,13,0.5148608522486225,0.5601349441666696,0.880692233292836,0.37659933352171265,4.0948990950404935,1004.7777777777778,0.32402903469079936,0.13368055555555555
10,31,2,33.183444822,35.583677362,23/05/2025,13,0.4305028950263072,0.5148910282421871,0.8069052190253457,0.3295236664887032,5.0901998765158565,1002.7777777777778,0.06835570158526039,0.10416666666666669
10,32,2,33.183444093,35.5836959,23/05/2025,13,0.4777680430831006,0.54030095031753,0.8478901049934274,0.35952862713456235,5.063314583693912,996.1111111111111,0.15456632010577848,0.11197916666666669
10,33,1,33.183472188,35.583696302,23/05/2025,13,0.4575266309770581,0.5281387614812196,0.832009383256621,0.3384691432608496,5.06331458369391,991.1111111111111,0.1398073386432443,0.11197916666666669
10,34,2,33.183494078,35.583708643,23/05/2025,13,0.43637461928180443,0.5143453000147806,0.8184052144574491,0.3233115466588031,5.0901998765158565,996.3333333333334,0.09178223472341118,0.10416666666666669
10,35,1,33.18349499,35.58372554,23/05/2025,13,0.4720029291109962,0.5394668377718697,0.8344115128079725,0.34658917752345847,4.804585169337801,987.6666666666666,0.0954788838612368,0.11111111111111112
10,36,2,33.18354211,35.583753632,23/05/2025,13,0.46544263887835907,0.5333613753797873,0.8347521988689233,0.3402693302477253,4.854981250360578,991.5555555555555,0.20583700216053158,0.11892361111111113
10,38,2,33.183654748,35.58379738,23/05/2025,13,0.454531902152272,0.5262246380491633,0.8294046085524855,0.3316325857406241,5.0485332098491895,1001.4444444444445,0.1906735355264767,0.1076388888888889
10,39,2,33.183649103,35.58381395,23/05/2025,13,0.454531902152272,0.5262246380491633,0.8294046085524855,0.3316325857406241,5.0485332098491895,1001.4444444444445,0.1906735355264767,0.1076388888888889
10,40,3,33.18357413,35.58384302,23/05/2025,13,0.5062055052575831,0.5619168711303928,0.8559482513119433,0.362968322590218,4.846251836004468,989.7777777777778,0.19453599527128937,0.1076388888888889
10,41,2,33.183568927,35.583857708,23/05/2025,13,0.5059849933227423,0.5637631908030987,0.8510693666262976,0.36741450930190994,4.18643861802411,995.5555555555555,0.2825037707390648,0.12239583333333333
10,42,2,33.183667175,35.583826202,23/05/2025,13,0.47338682340909016,0.536055844709567,0.8468025965469749,0.34536966820633386,4.596251836004467,1001.8888888888889,0.18073208389384862,0.11805555555555557
10,43,3,33.183643803,35.583878668,23/05/2025,13,0.502490665316955,0.555386550015977,0.8635603828141232,0.3594422537972651,3.9367722103366827,993.7777777777778,0.3469362745098039,0.1362847222222222
10,44,3,33.183628637,35.583893978,23/05/2025,13,0.5051182516913535,0.5617169875645718,0.8544355875577643,0.3612347426922985,4.538320189106,989.1111111111111,0.1704888712241653,0.11805555555555557
10,45,2,33.183695452,35.583847187,23/05/2025,13,0.4580325206489472,0.5258363117864687,0.8380175461566378,0.33948987331471997,5.292481250360577,1010.7777777777778,0.11412804509630368,0.10416666666666669
10,46,2,33.183724567,35.583858615,23/05/2025,13,0.48198483086919963,0.5400074503653007,0.8552615440477326,0.35854656493370846,4.663320189106001,1010.7777777777778,0.12204301976027651,0.125
10,47,2,33.183762173,35.583879683,23/05/2025,13,0.4614731599369851,0.52666141079059,0.8424760417656609,0.33555397763408557,5.048533209849189,1016.2222222222222,0.07308358810824751,0.1076388888888889
10,48,2,33.183774913,35.583871242,23/05/2025,13,0.43921187977435444,0.5129183733337948,0.8279240966512845,0.3118439045247164,4.881866543182522,1023.4444444444445,0.04522379374873762,0.11111111111111113
10,49,3,33.183808437,35.583891458,23/05/2025,13,0.46163151799882685,0.530931699725022,0.8329482653494231,0.3237293619644448,4.759892522926826,1011.4444444444445,0.11099756865013197,0.11197916666666669
10,50,2,33.183801752,35.583902875,23/05/2025,13,0.46163151799882685,0.530931699725022,0.8329482653494231,0.3237293619644448,4.759892522926826,1011.4444444444445,0.11099756865013197,0.11197916666666669
10,51,3,33.183722155,35.58393322,23/05/2025,13,0.5180775880250876,0.5713854108418129,0.8593436848631607,0.3811154603261086,3.6768445884045264,995.0,0.4107843137254902,0.1857638888888889
10,52,1,33.183709945,35.583942073,23/05/2025,13,0.5121395061891365,0.564766520928674,0.8624344511658715,0.37611029400411766,4.4332817728566996,995.3333333333334,0.3210312971342383,0.12239583333333334
10,53,1,33.183981722,35.583981352,23/05/2025,13,0.4031054874089046,0.49834068377297924,0.7883629668755012,0.31002551058490135,4.353846168850305,1052.0,0.23812629937629937,0.125
10,54,3,33.183869465,35.584019592,23/05/2025,13,0.507348765339072,0.5638352891245311,0.8536552218730805,0.3717997011086347,2.8149455891497537,1004.0,0.5208333333333335,0.2569444444444445
10,55,3,33.18386289,35.584035335,23/05/2025,13,0.507348765339072,0.5638352891245311,0.8536552218730805,0.3717997011086347,2.8149455891497537,1004.0,0.5208333333333335,0.2569444444444445
10,56,2,33.184009975,35.584101383,23/05/2025,13,0.5117731738990376,0.5755310160161902,0.8343452496568857,0.37384557599716656,3.958814324714672,998.6666666666666,0.39684200603318254,0.140625
10,57,2,33.184005553,35.584117157,23/05/2025,13,0.5174549154605067,0.5764675197350825,0.8449755462574063,0.3818660057756683,4.093633148107116,1003.3333333333334,0.33610482654600304,0.125
10,58,2,33.184166042,35.584213185,23/05/2025,13,0.5218671914440935,0.5784289272250327,0.8502026701521576,0.3861269382160098,3.760430680196888,1007.5555555555555,0.4395833333333333,0.13628472222222224
10,59,2,33.184327513,35.58428952,23/05/2025,13,0.5157914010916789,0.563250561467643,0.8750767675133726,0.37250471892685677,4.663320189106001,1026.4444444444443,0.17307167764287737,0.125
10,60,2,33.18431891,35.58430637,23/05/2025,13,0.5231208681137501,0.5684929838361461,0.8788598598269152,0.3796855904950497,4.223406066166138,1024.2222222222222,0.2789540305840539,0.1345486111111111
10,61,2,33.184473012,35.584400473,23/05/2025,13,0.5108835906122612,0.5616191537573942,0.8673171872532095,0.37026363852926225,4.8401998765158565,1035.888888888889,0.23169352044352043,0.11458333333333334
10,62,1,33.184480155,35.584383128,23/05/2025,13,0.5051994623357915,0.5634945021922304,0.8498935465331372,0.3706145640385442,4.643970462159744,1030.7777777777778,0.2304265521177286,0.1076388888888889
10,63,1,33.18447918,35.584382615,23/05/2025,13,0.5051994623357915,0.5634945021922304,0.8498935465331372,0.3706145640385442,4.643970462159744,1030.7777777777778,0.2304265521177286,0.1076388888888889
10,64,1,33.184649032,35.584476263,23/05/2025,13,0.49960807478898656,0.5619181494784368,0.8409684838596289,0.3743164587592155,3.803127068983564,1048.5555555555557,0.45625,0.1623263888888889
10,65,2,33.18478571,35.584588918,23/05/2025,13,0.489779391759193,0.5543515522264714,0.837426977190042,0.36834865928633354,3.8681720573465315,1067.111111111111,0.40036764705882355,0.1449652777777778
10,66,2,33.18495201,35.584663277,23/05/2025,13,0.48649751586699963,0.5516289848985213,0.8365604829436444,0.3514786600958116,2.1384893002931973,1087.2222222222222,0.7208333333333334,0.36111111111111116
10,67,2,33.184944048,35.584676168,23/05/2025,13,0.48649751586699963,0.5516289848985213,0.8365604829436444,0.3514786600958116,2.1384893002931973,1087.2222222222222,0.7208333333333334,0.36111111111111116
10,68,3,33.185211112,35.58473142,23/05/2025,13,,,,,,,,
10,69,1,33.185209163,35.584748317,23/05/2025,13,0.3886355105178111,0.4929784961046175,0.7721354224349839,0.2814802185805905,5.0485332098491895,1183.3333333333333,0.23878383473971712,0.1076388888888889
10,70,2,33.18522875,35.584785562,23/05/2025,13,,,,,,,,
10,71,2,33.18496718,35.584720162,23/05/2025,13,0.4890915643526803,0.5562279085865761,0.8312614025731363,0.357001081593876,3.0898790494482538,1072.2222222222222,0.5958333333333334,0.21614583333333331
10,72,1,33.184955002,35.584735952,23/05/2025,13,0.5011241700014257,0.5658581942046115,0.8343856294863728,0.3721335400504977,3.4995576091477156,1052.4444444444443,0.5333333333333333,0.16927083333333334
10,73,3,33.184811513,35.584631455,23/05/2025,13,0.5060059072515215,0.5637311530525809,0.8511958650418013,0.3733841491061616,3.422254168419599,1060.6666666666667,0.4915441176470588,0.20572916666666669
10,74,1,33.184646417,35.584570203,23/05/2025,13,0.5125089426437934,0.5683383916561009,0.8540529245494308,0.3887336981082597,3.61027256225689,1042.2222222222222,0.39375,0.15885416666666669
10,75,1,33.18451505,35.584449657,23/05/2025,13,0.5058877295313118,0.5590668158544175,0.8622480558243357,0.37277981102528746,4.159037234815498,1047.888888888889,0.28501131221719456,0.15104166666666669
10,76,1,33.184371233,35.584291258,23/05/2025,13,0.5009136197293517,0.5574378505541284,0.855049938134526,0.36121169513813794,5.0485332098491895,1028.2222222222222,0.18751121030532794,0.1076388888888889
10,77,2,33.184355772,35.584358753,23/05/2025,13,0.522661011855718,0.5722269533030612,0.8680006906369647,0.3912336082627246,3.6650891943041093,1034.4444444444443,0.4644607843137255,0.16493055555555555
10,78,3,33.184205282,35.584266892,23/05/2025,13,0.5316473258697751,0.5839443831036184,0.8590256303870443,0.385368803988424,4.596251836004466,999.2222222222222,0.26713291345644286,0.11805555555555555
10,79,2,33.184194715,35.584289723,23/05/2025,13,0.5295813770225499,0.5818664876706308,0.8595016358233425,0.3825676043162909,4.034037234815498,996.7777777777778,0.28404467816232526,0.14409722222222224
10,80,3,33.184060657,35.584179655,23/05/2025,13,0.5174210435235561,0.5720224269836538,0.8561310232652432,0.38942900918286244,3.936919609405448,1011.7777777777778,0.4625,0.12934027777777776
10,81,2,33.183877972,35.58398514,23/05/2025,13,0.5023790955213385,0.554414375568974,0.8655462733241178,0.36845622508522446,4.117014908952865,1017.8888888888889,0.4099094003505768,0.13020833333333331
10,82,2,33.183755828,35.583902455,23/05/2025,13,0.5007650363206415,0.5579431844400171,0.8529231398536748,0.36153350530301837,4.54437214859461,998.5555555555555,0.2151334493932545,0.12673611111111113
10,83,3,33.183739807,35.583988108,23/05/2025,13,0.5245518142702519,0.5740785645637301,0.8677083392332692,0.3869141356237493,2.078838679766182,1001.7777777777778,0.6458333333333333,0.32812499999999994
10,84,3,33.183786553,35.584016998,23/05/2025,13,0.526884435552696,0.5727572820225277,0.877030424501758,0.38577982687530077,3.580884111388143,996.3333333333334,0.2900702172760996,0.16145833333333331
10,85,3,33.183785112,35.584018663,23/05/2025,13,0.526884435552696,0.5727572820225277,0.877030424501758,0.38577982687530077,3.580884111388143,996.3333333333334,0.2900702172760996,0.16145833333333331
10,86,1,33.183586345,35.583825855,23/05/2025,13,0.5029744780771074,0.5567354477947801,0.8614434764526111,0.3585465790345475,4.8193665431825226,990.1111111111111,0.31561264318617266,0.1154513888888889
10,87,1,33.183594508,35.583804277,23/05/2025,13,0.4814628827330714,0.5434292628356769,0.8456511654393037,0.3446323155069771,5.292481250360577,987.5555555555555,0.13900488157841098,0.10416666666666669
10,88,3,33.183627737,35.583942933,23/05/2025,13,0.5098244666380838,0.5641305771207983,0.8593634082311152,0.37037219939321453,4.638589126445728,991.1111111111111,0.16076036443683503,0.11458333333333334
10,89,3,33.183634738,35.58392777,23/05/2025,13,0.5122728189990402,0.5623529749858143,0.8692665654044279,0.3695210100724045,4.038060296327809,995.3333333333334,0.37839366515837103,0.1293402777777778
10,90,2,33.183489682,35.58384219,23/05/2025,13,0.51193083270703,0.5775800549850002,0.8296958154931574,0.38979759595735114,3.782399095040494,985.5555555555555,0.39695945945945954,0.1293402777777778
10,91,2,33.183483287,35.58385752,23/05/2025,13,0.513552614639225,0.5775145590264896,0.8335888799162378,0.39199884486926706,4.099598313565133,985.0,0.4302790346907994,0.1371527777777778
10,92,1,33.183333755,35.5837481,23/05/2025,13,0.5229274932710087,0.5766413581505422,0.8573713007095064,0.380632731070037,3.8611806089179543,955.0,0.5083333333333333,0.13975694444444445
10,93,1,33.182895612,35.583563345,23/05/2025,13,0.5296112245328503,0.5867122866564343,0.8472174707304349,0.3987752786929275,4.192359712089616,639.1111111111111,0.20345949748077174,0.1284722222222222
10,94,1,33.18283631,35.583630807,23/05/2025,13,0.5124950872893878,0.577654420985526,0.8311749486502814,0.37486377927137887,3.5591790284721756,662.2222222222222,0.4167088550565321,0.1657986111111111
10,95,3,33.183369293,35.583825388,23/05/2025,13,0.5295886981378928,0.574672436523502,0.8784925020583141,0.399775823273197,2.6186779753360474,968.4444444444445,0.6083333333333332,0.25781249999999994
10,96,3,33.183387877,35.583818468,23/05/2025,13,0.5295886981378928,0.574672436523502,0.8784925020583141,0.399775823273197,2.6186779753360474,968.4444444444445,0.6083333333333332,0.25781249999999994
10,98,2,33.183438402,35.583861482,23/05/2025,13,0.5264316833369416,0.5832110829194566,0.8489212932909282,0.4109205799142521,3.0961078760851497,973.5555555555555,0.5458333333333334,0.1996527777777778
10,99,3,33.183423548,35.583878907,23/05/2025,13,0.5246278195106483,0.5851934118620792,0.839534061038936,0.4058642834860875,3.2342897106839215,963.7777777777778,0.5874999999999999,0.1814236111111111
10,100,3,33.183427477,35.583948513,23/05/2025,13,0.5021759514556172,0.5764540371923214,0.8115373365507812,0.37677775047180523,3.219768229617389,976.6666666666666,0.5503676470588235,0.1953125
10,101,2,33.183420537,35.583963707,23/05/2025,13,0.5021759514556172,0.5764540371923214,0.8115373365507812,0.37677775047180523,3.219768229617389,976.6666666666666,0.5503676470588235,0.1953125
10,102,3,33.183504205,35.583903558,23/05/2025,13,0.5115370148018923,0.5706408988067856,0.8462101730813864,0.3866880887991058,3.9015647950055823,987.3333333333334,0.29506033182503766,0.1423611111111111
10,103,3,33.183598177,35.583956563,23/05/2025,13,0.5217389129298237,0.5779085065284074,0.8523389148117011,0.3839207893063181,4.2615657617071605,968.7777777777778,0.3990290346907993,0.14583333333333334
10,104,3,33.183591233,35.583973528,23/05/2025,13,0.5217389129298237,0.5779085065284074,0.8523389148117011,0.3839207893063181,4.2615657617071605,968.7777777777778,0.3990290346907993,0.14583333333333334
10,105,3,33.183597428,35.584040553,23/05/2025,13,0.5081459833368613,0.5816989693176124,0.8113541184800633,0.3684844244520066,2.68514304294886,979.7777777777778,0.5625,0.23524305555555552
10,106,2,33.18359093,35.584060073,23/05/2025,13,0.5081459833368613,0.5816989693176124,0.8113541184800633,0.3684844244520066,2.68514304294886,979.7777777777778,0.5625,0.23524305555555552
10,107,3,33.183776647,35.584063913,23/05/2025,13,0.5270787799164974,0.5734801376940395,0.8757645731766144,0.387007483693437,3.4835453873749436,992.0,0.3567368839427662,0.14756944444444445
10,108,3,33.183783543,35.58408049,23/05/2025,13,0.5262422767970754,0.5734169771783422,0.8739404451675239,0.38528727595625323,3.8904216607179363,993.2222222222222,0.38492647058823537,0.1440972222222222
10,109,3,33.183765335,35.584140815,23/05/2025,13,0.5231638532066928,0.5745941586251972,0.8632957597156865,0.3828185904617252,4.099774142702668,1001.8888888888889,0.401593137254902,0.15104166666666669
10,110,3,33.183755443,35.584155257,23/05/2025,13,0.5062263103800351,0.5717971913275794,0.8314901433654444,0.3636827196124049,4.334295316096011,1025.4444444444443,0.3587009803921569,0.1076388888888889
10,111,3,33.183950983,35.584164983,23/05/2025,13,0.5217088534650254,0.5823111909236883,0.8399799652982862,0.39529358352259936,1.992248675112908,993.3333333333334,0.7291666666666667,0.30729166666666674
10,112,1,33.183954938,35.58417649,23/05/2025,13,0.5217088534650254,0.5823111909236883,0.8399799652982862,0.39529358352259936,1.992248675112908,993.3333333333334,0.7291666666666667,0.30729166666666674
10,113,2,33.183916327,35.584230625,23/05/2025,13,0.5311615411717653,0.583648433323275,0.85897488951242,0.3923978827861108,3.329115106190033,997.6666666666666,0.3042515082956259,0.1736111111111111
10,114,2,33.1839172,35.584225688,23/05/2025,13,0.5311615411717653,0.583648433323275,0.85897488951242,0.3923978827861108,3.329115106190033,997.6666666666666,0.3042515082956259,0.1736111111111111
10,115,2,33.18391148,35.584239988,23/05/2025,13,0.5311615411717653,0.583648433323275,0.85897488951242,0.3923978827861108,3.329115106190033,997.6666666666666,0.3042515082956259,0.1736111111111111
10,116,3,33.184136002,35.584262307,23/05/2025,13,0.5339660502928123,0.5805150670528431,0.8737331481699934,0.39177060613423603,3.4844371097526863,1016.6666666666666,0.4916666666666667,0.15538194444444445
10,117,2,33.184130995,35.584280417,23/05/2025,13,0.5344955911622168,0.581425663850974,0.8726209324404492,0.38910358336207074,3.93643861802411,1013.1111111111111,0.41735482654600303,0.14149305555555555
10,118,3,33.184066582,35.584331512,23/05/2025,13,0.5362097254433328,0.5908326170729481,0.8523013606943339,0.38233059583493606,3.4418914859532492,1000.6666666666666,0.5604166666666667,0.16927083333333337
10,119,2,33.184074793,35.584313375,23/05/2025,13,0.5362097254433328,0.5908326170729481,0.8523013606943339,0.38233059583493606,3.4418914859532492,1000.6666666666666,0.5604166666666667,0.16927083333333337
10,120,2,33.184297098,35.584346217,23/05/2025,13,0.5264820609652491,0.5720671666528945,0.8777284100984427,0.37904987704841275,3.3283289525648923,1021.8888888888889,0.4880656108597285,0.21875
10,121,1,33.184274322,35.58437223,23/05/2025,13,0.5284388390474827,0.5755839933813509,0.873331653219569,0.38013954747132794,3.5033850780897198,1013.0,0.5078431372549019,0.1796875
10,122,2,33.184213238,35.584408378,23/05/2025,13,0.5259651940792668,0.5814973104060371,0.8518998050940946,0.3898190921682176,4.519641085934339,1018.0,0.3464555052790347,0.11805555555555557
10,123,3,33.184208257,35.584427553,23/05/2025,13,0.518197834008906,0.578267916522924,0.8421145034065919,0.38073074809108853,4.431739399499471,1040.4444444444443,0.39486236802413266,0.1189236111111111
10,124,3,33.184454693,35.584458557,23/05/2025,13,0.531922373381075,0.5705165868442719,0.8950783801975553,0.3872751371809023,4.776828126933221,1042.0,0.24371963026374788,0.1154513888888889
10,125,3,33.18445595,35.584484998,23/05/2025,13,0.5396382912536457,0.5807282808199694,0.8870434080900355,0.38766986439310924,3.6600343165835043,1034.0,0.3832281093310505,0.14930555555555555
10,126,3,33.184368415,35.584504552,23/05/2025,13,0.5361106590915931,0.5864710174244232,0.8632111447137542,0.39655357472254227,3.692009586131382,1019.1111111111111,0.4639705882352941,0.1623263888888889
10,127,2,33.18436111,35.584522137,23/05/2025,13,0.5258071052361107,0.5832133413459558,0.8474971662042419,0.3835370475984394,3.291396601491325,1035.3333333333333,0.5620098039215686,0.23177083333333334
10,128,2,33.184637052,35.584566185,23/05/2025,13,0.5142032596495101,0.5713823525412377,0.8503467632728997,0.3858371317345932,3.375961982762677,1031.3333333333333,0.4833333333333334,0.14756944444444445
10,129,2,33.184510735,35.584579917,23/05/2025,13,0.5214141183603695,0.5723069500733776,0.8649028531120225,0.37607036825485074,3.336580411680787,1035.5555555555557,0.5958333333333333,0.15625
10,130,2,33.18450292,35.584604105,23/05/2025,13,0.5127707040186352,0.5719084466133034,0.8460486238277423,0.36634736722553074,3.78619146497717,1048.3333333333333,0.38541666666666663,0.15885416666666669
10,131,2,33.184800562,35.584671052,23/05/2025,13,0.5238772779511793,0.5787996243667652,0.854166215329549,0.3769405755508286,3.548680608917954,1036.2222222222222,0.4977941176470588,0.18055555555555558
10,132,2,33.184661677,35.584694635,23/05/2025,13,0.505372214833753,0.5706228244923652,0.8323788838253184,0.37870853800680654,3.252836347351049,1044.5555555555557,0.5229166666666666,0.2074652777777778
10,133,3,33.184672565,35.58468571,23/05/2025,13,0.5113975353629139,0.5760796396020182,0.8321394373566131,0.38255536305945087,3.43167846521006,1034.4444444444443,0.48958333333333337,0.15885416666666669
10,134,3,33.184962885,35.584768473,23/05/2025,13,0.5112121376968588,0.5728488606393101,0.8398760023168566,0.38318837861462457,3.8551121157836827,1044.6666666666667,0.4979166666666666,0.140625
10,135,2,33.18495426,35.584782515,23/05/2025,13,0.5112121376968588,0.5728488606393101,0.8398760023168566,0.38318837861462457,3.8551121157836827,1044.6666666666667,0.4979166666666666,0.140625
10,136,3,33.184809337,35.58478054,23/05/2025,13,0.5107121016381089,0.5688020290557986,0.8488324995310791,0.36629440851952916,4.175424108083221,1049.4444444444443,0.3671158432187844,0.13194444444444445
10,137,2,33.184817277,35.584764663,23/05/2025,13,0.5107121016381089,0.5688020290557986,0.8488324995310791,0.36629440851952916,4.175424108083221,1049.4444444444443,0.3671158432187844,0.13194444444444445
10,138,3,33.184953912,35.584845518,23/05/2025,13,0.5198828177046211,0.5793417095607056,0.8432970841990716,0.37662408083106247,2.254715752170299,1044.2222222222222,0.7625,0.3706597222222222
10,139,3,33.184956517,35.584875627,23/05/2025,13,0.513922276246257,0.5790136211321877,0.8307416561741344,0.3673544089737197,2.407472794574877,1052.5555555555557,0.6875,0.33333333333333326
10,140,1,33.185109998,35.584940212,23/05/2025,13,0.496757757114511,0.5742822865287548,0.8050059673444391,0.3699473927496416,4.532880086421832,1056.7777777777778,0.2633460753437457,0.11892361111111113
10,141,2,33.18506981,35.584887362,23/05/2025,13,0.5135869676800676,0.5879835349216802,0.8078060482328594,0.3788334330780857,4.575418502671132,1026.0,0.38059954751131225,0.11892361111111112
10,142,3,33.185051092,35.584958315,23/05/2025,13,0.49143210659967235,0.5738944765181843,0.7941833363857941,0.35599481677164135,4.246653522439334,710.7777777777778,0.1867964642385911,0.1388888888888889
10,143,2,33.185046362,35.584976137,23/05/2025,13,0.49143210659967235,0.5738944765181843,0.7941833363857941,0.35599481677164135,4.246653522439334,710.7777777777778,0.1867964642385911,0.1388888888888889
10,144,2,33.184892468,35.58479606,23/05/2025,13,0.5114359666443486,0.5677446939588235,0.853232000389496,0.37340257988502096,3.672487163445857,1055.2222222222222,0.5479166666666667,0.1796875
10,145,2,33.18488005,35.584867878,23/05/2025,13,0.47988946947711547,0.5621619616642364,0.7997739769930736,0.35519208939020497,3.6071575474056425,1100.4444444444443,0.3520833333333333,0.16493055555555555
10,146,2,33.184868562,35.584886468,23/05/2025,13,0.4433009557901332,0.5502940785164001,0.7542787758789209,0.3305243493928918,3.78619146497717,1161.4444444444443,0.44375000000000003,0.15885416666666669
10,147,2,33.184792922,35.58475537,23/05/2025,13,0.5104449408196083,0.571136642818559,0.8428148302978136,0.36715639841457903,4.560637128826409,1048.4444444444443,0.27993635603929723,0.11458333333333334
10,148,2,33.184740833,35.584687648,23/05/2025,13,0.5284523315944407,0.5853240755577176,0.8481066524321529,0.3764176312378518,2.714986977229236,1024.0,0.6770833333333334,0.2612847222222222
10,149,2,33.18456058,35.584584838,23/05/2025,13,0.5141334491918568,0.5707000955779407,0.8518696392164586,0.36963453600424767,2.655405029192559,1035.4444444444443,0.6666666666666667,0.3116319444444444
10,150,2,33.184565495,35.584601172,23/05/2025,13,0.5170777401876993,0.572694900707634,0.8536184329517625,0.36996820255037166,2.7863095896124044,1027.7777777777778,0.6520833333333333,0.2387152777777778
10,151,3,33.18457413,35.584677877,23/05/2025,13,0.4949202449945648,0.5678155839093055,0.8172435107781604,0.3580292605041475,2.4074727945748764,1053.2222222222222,0.71875,0.3333333333333333
10,152,2,33.184566543,35.584694765,23/05/2025,13,0.466184220493522,0.5563721922058191,0.7844874069866957,0.3392304840488719,2.4482537708610694,1097.0,0.73125,0.27951388888888884
10,153,2,33.184422298,35.584509087,23/05/2025,13,0.536062204064855,0.5787622816665965,0.8834390140721726,0.38644448052515296,3.43167846521006,1029.6666666666667,0.4351134788634788,0.15885416666666666
10,154,2,33.184413273,35.58452042,23/05/2025,13,0.5340731186823553,0.5853174087955265,0.8614577264453177,0.3828730646907635,4.575418502671133,1023.0,0.34876742692919166,0.11892361111111112
10,155,2,33.184388993,35.584571983,23/05/2025,13,0.508227057847388,0.5768310512001786,0.8247361293231693,0.367598009637201,4.1902054819279435,1052.0,0.42083333333333334,0.13628472222222224
10,156,3,33.184383627,35.584586525,23/05/2025,13,0.4712057743785294,0.5637080493904818,0.7799027708692903,0.34855496031335176,3.2349485609799356,1101.5555555555557,0.5625,0.17361111111111113
10,157,1,33.184253348,35.584405278,23/05/2025,13,0.5332396520459661,0.5850395084705685,0.8603380413468531,0.3881481814714145,4.055386658535499,1001.1111111111111,0.3015760670172435,0.12239583333333334
10,158,1,33.184250652,35.584426318,23/05/2025,13,0.5306092121273668,0.5882577120412508,0.8456811898240898,0.38509139216307964,4.195168032380222,1005.4444444444445,0.36824273368391014,0.140625
10,159,2,33.184233367,35.584476795,23/05/2025,13,0.4829402467936099,0.5648907659652537,0.7986680607837782,0.34906412366636985,3.471748162958363,1101.5555555555557,0.55625,0.1519097222222222
10,160,2,33.18409682,35.584305142,23/05/2025,13,0.5388699067775068,0.5854611178055781,0.8726686740370102,0.3903789393108001,3.2237163915853477,1008.1111111111111,0.5066176470588236,0.17708333333333334
10,161,2,33.184088425,35.584310077,23/05/2025,13,0.5388699067775068,0.5854611178055781,0.8726686740370102,0.3903789393108001,3.2237163915853477,1008.1111111111111,0.5066176470588236,0.17708333333333334
10,162,2,33.184067373,35.584387057,23/05/2025,13,0.498079142705732,0.5778995939195928,0.8002607336545003,0.3570466595890772,4.017617721195771,1058.888888888889,0.3806466817496229,0.13368055555555555
10,163,2,33.184074752,35.584373145,23/05/2025,13,0.5248371564462497,0.5871768141928001,0.8350252169256098,0.3716106168951348,4.03806029632781,1021.1111111111111,0.45245098039215687,0.1293402777777778
10,164,2,33.183933948,35.584193735,23/05/2025,13,0.5323651100541338,0.5888492042929754,0.8483507341098849,0.39856654379144063,2.8637255972809212,978.0,0.5837009803921569,0.23437500000000003
10,165,3,33.183923218,35.584281862,23/05/2025,13,0.5096036382625008,0.5883087931624496,0.7995319551498128,0.37120317437425654,3.0957005842381937,998.6666666666666,0.5750000000000001,0.18836805555555558
10,166,3,33.183761742,35.584100012,23/05/2025,13,0.5282840742856538,0.574676403219796,0.8754373955990032,0.3902351637124121,4.186772210336684,995.2222222222222,0.37230392156862746,0.12586805555555555
10,167,3,33.1837652,35.584187033,23/05/2025,13,0.49135606585072367,0.5622098668152686,0.8230648522653113,0.35078411848925295,4.071447073809812,1039.0,0.45416666666666666,0.12586805555555555
10,168,3,33.183758943,35.584205178,23/05/2025,13,0.44144209923412564,0.5432565138425609,0.7665237564948405,0.31928719826340535,2.7196861957538747,1105.3333333333333,0.6541666666666667,0.2543402777777778
10,169,3,33.183604362,35.584014462,23/05/2025,13,0.5211859422399482,0.5812308555878296,0.8420827158702091,0.3731009040210945,3.1297949849424147,960.7777777777778,0.4604166666666667,0.18836805555555558
10,170,1,33.183600267,35.584025297,23/05/2025,13,0.5218029032166668,0.5865706538390701,0.8298376447136593,0.3744889332064338,2.930790181981766,959.0,0.5354166666666667,0.19444444444444448
10,171,3,33.183614987,35.58410624,23/05/2025,13,0.47720655091187797,0.5701886917247775,0.7741897001291811,0.34308463668573635,3.9432314616722497,1031.3333333333333,0.34791666666666665,0.13194444444444445
10,172,3,33.183607487,35.584123942,23/05/2025,13,0.47720655091187797,0.5701886917247775,0.7741897001291811,0.34308463668573635,3.9432314616722497,1031.3333333333333,0.34791666666666665,0.13194444444444445
10,173,3,33.18343705,35.583901803,23/05/2025,13,0.5246278195106483,0.5851934118620792,0.839534061038936,0.4058642834860875,3.2342897106839215,963.7777777777778,0.5874999999999999,0.1814236111111111
10,174,2,33.183429673,35.583919888,23/05/2025,13,0.5191088796826655,0.5844763531382339,0.8287925356481483,0.39332896921165017,2.5703560636920493,960.4444444444445,0.7,0.27864583333333337
10,175,3,33.183425703,35.58397777,23/05/2025,13,0.47702104592803923,0.563242119434021,0.7900191728611391,0.35801770035070096,3.9567337940873823,1017.5555555555555,0.3598039215686275,0.1371527777777778
10,176,3,33.183419873,35.583999983,23/05/2025,13,0.47702104592803923,0.563242119434021,0.7900191728611391,0.35801770035070096,3.9567337940873823,1017.5555555555555,0.3598039215686275,0.1371527777777778
11,24,2,33.183340975,35.583649787,27/05/2025,9,0.4881551324920274,0.5381609121184225,0.8739438915523933,0.36173445380060026,4.698527604437102,1038.888888888889,0.2614051608169255,0.11892361111111112
11,25,2,33.183405773,35.58365562,27/05/2025,9,0.45942004086462923,0.515718852775373,0.8641269364040647,0.3533712534978133,5.084147917027245,1062.6666666666667,0.15502364486971432,0.11111111111111113
11,26,2,33.18327882,35.583671265,27/05/2025,9,0.5224517359389271,0.5579869678457454,0.9055085304269933,0.3864888961872216,4.804585169337799,1032.0,0.21378383473971713,0.11111111111111112
11,27,1,33.183384408,35.583665087,27/05/2025,9,0.4748500243412413,0.5296633315861451,0.8647678145244427,0.3594608844714902,5.0901998765158565,1047.5555555555557,0.19745143899555662,0.10416666666666669
11,28,3,33.183421907,35.58366474,27/05/2025,9,0.4346704096481966,0.49404944733476674,0.861264949372583,0.33640629304044234,5.292481250360577,1079.0,0.11226458841875674,0.10416666666666669
11,29,2,33.183413827,35.583749748,27/05/2025,9,0.5414045527375335,0.5675829727231254,0.9275123699436398,0.4098899546352237,4.637918502671134,1036.5555555555557,0.3228656597774245,0.11458333333333334
11,30,2,33.183419493,35.583754065,27/05/2025,9,0.5398325131974496,0.5687941316401444,0.9205563805547246,0.40935886530725385,4.102303795493077,1036.3333333333333,0.3053656597774246,0.13194444444444445
11,31,2,33.183444822,35.583677362,27/05/2025,9,0.4346704096481966,0.49404944733476674,0.861264949372583,0.33640629304044234,5.292481250360577,1079.0,0.11226458841875674,0.10416666666666669
11,32,2,33.183444093,35.5836959,27/05/2025,9,0.4817729909185747,0.5284008325314685,0.8831500533794477,0.36836311186275067,5.0485332098491895,1050.2222222222222,0.1387050052287916,0.1076388888888889
11,33,1,33.183472188,35.583696302,27/05/2025,9,0.4597252743581309,0.5129576717170702,0.8704745430419855,0.3588142029655981,4.821520773344194,1061.888888888889,0.11810711542543689,0.1076388888888889
11,34,2,33.183494078,35.583708643,27/05/2025,9,0.4371791413105519,0.49816916348716855,0.8556815516294605,0.3450250704118326,4.603846168850305,1076.4444444444443,0.12745546954672124,0.11458333333333334
11,35,1,33.18349499,35.58372554,27/05/2025,9,0.48375952704390124,0.5360256751749453,0.8685381953331842,0.38061760654137916,4.846251836004468,1049.6666666666667,0.09232965561889875,0.10763888888888891
11,36,2,33.18354211,35.583753632,27/05/2025,9,0.4862525502452077,0.5342559344720788,0.878392459151463,0.3717131328637811,4.846251836004468,1062.2222222222222,0.23633596265949205,0.1076388888888889
11,38,2,33.183654748,35.58379738,27/05/2025,9,0.4682444262806115,0.5237412216001087,0.8642455500089543,0.35302922415101284,4.8193665431825226,1068.4444444444443,0.20743248338836573,0.1154513888888889
11,39,2,33.183649103,35.58381395,27/05/2025,9,0.4682444262806115,0.5237412216001087,0.8642455500089543,0.35302922415101284,4.8193665431825226,1068.4444444444443,0.20743248338836573,0.1154513888888889
11,40,3,33.18357413,35.58384302,27/05/2025,9,0.5142824328054166,0.5654110914571168,0.8655376865360066,0.386256594929002,4.346251836004466,1028.5555555555557,0.2587015409074232,0.1284722222222222
11,41,2,33.183568927,35.583857708,27/05/2025,9,0.5238470975486246,0.5756583189228297,0.8619818121039788,0.39659797075317627,3.769172859797971,1016.5555555555555,0.3655920060331825,0.15885416666666669
11,42,2,33.183667175,35.583826202,27/05/2025,9,0.48150465959517835,0.5352103295156752,0.8674808767903497,0.361383429466026,4.959147917027244,1065.4444444444443,0.11053591936451977,0.11111111111111112
11,43,3,33.183643803,35.583878668,27/05/2025,9,0.5212328651732997,0.5612525391881463,0.8935840152641517,0.38912111127760485,4.490194271103766,1048.2222222222222,0.2540720924544454,0.14149305555555555
11,44,3,33.183628637,35.583893978,27/05/2025,9,0.5246649599807559,0.5705031400210397,0.8777692151826361,0.39855851247841484,3.552519974283069,1036.6666666666667,0.54375,0.15538194444444445
11,45,2,33.183695452,35.583847187,27/05/2025,9,0.4646610802074943,0.5280880389729744,0.8475286301916904,0.349122703137081,5.292481250360577,1067.0,0.08293660927758591,0.10416666666666669
11,46,2,33.183724567,35.583858615,27/05/2025,9,0.4905530458595476,0.5346550470504823,0.8889845933980034,0.35986096158467146,4.67568744001086,1076.6666666666667,0.20864600021010057,0.1154513888888889
11,47,2,33.183762173,35.583879683,27/05/2025,9,0.47055765348575346,0.5218405726091553,0.874519801171207,0.3432774443310606,5.048533209849189,1081.4444444444443,0.11020237933848148,0.1076388888888889
11,48,2,33.183774913,35.583871242,27/05/2025,9,0.44891705387947806,0.5088605787300693,0.8570529536318551,0.32616669439607965,4.881866543182522,1088.888888888889,0.10548778527804561,0.11111111111111113
11,49,3,33.183808437,35.583891458,27/05/2025,9,0.4638759558004938,0.5280634385233648,0.8440347511069418,0.35042459379063606,5.0901998765158565,1067.6666666666667,0.10945133786606022,0.10416666666666669
11,50,2,33.183801752,35.583902875,27/05/2025,9,0.4638759558004938,0.5280634385233648,0.8440347511069418,0.35042459379063606,5.0901998765158565,1067.6666666666667,0.10945133786606022,0.10416666666666669
11,51,3,33.183722155,35.58393322,27/05/2025,9,0.5211473373637782,0.5564245320805659,0.9056217728531387,0.3873820998764084,2.9175067563934194,1070.2222222222222,0.61875,0.19444444444444445
11,52,1,33.183709945,35.583942073,27/05/2025,9,0.5190777988890198,0.5568327448409733,0.8995178120800893,0.38954261708969434,2.9616506720657205,1068.111111111111,0.53125,0.1953125
11,53,1,33.183981722,35.583981352,27/05/2025,9,0.42713766748898074,0.4853075986239841,0.8637233704147294,0.3125933092973479,3.600560296327809,1152.888888888889,0.4607578681375327,0.171875
11,54,3,33.183869465,35.584019592,27/05/2025,9,0.5357590898397515,0.5769668287019964,0.8875622108097903,0.3998305453365967,3.9166315676613377,1032.5555555555557,0.36442307692307696,0.1579861111111111
11,55,3,33.18386289,35.584035335,27/05/2025,9,0.5357590898397515,0.5769668287019964,0.8875622108097903,0.3998305453365967,3.9166315676613377,1032.5555555555557,0.36442307692307696,0.1579861111111111
11,56,2,33.184009975,35.584101383,27/05/2025,9,0.5337099306612996,0.5739729885221774,0.890505512237223,0.4012359030639898,3.9759092242129412,1051.5555555555557,0.3835048000489176,0.1796875
11,57,2,33.184005553,35.584117157,27/05/2025,9,0.5436148144094234,0.5826300836322335,0.892149163547136,0.40976614892462493,4.417481250360577,1046.7777777777778,0.2657899698340875,0.15104166666666669
11,58,2,33.184166042,35.584213185,27/05/2025,9,0.5406982834197233,0.5840693502922469,0.880779540799553,0.4019158782871203,3.5656162129243483,1039.5555555555557,0.5109822775263951,0.16493055555555558
11,59,2,33.184327513,35.58428952,27/05/2025,9,0.5372436375410863,0.5747446649153475,0.8973713827582716,0.40396428972613785,3.8810519594886106,1066.111111111111,0.44166666666666665,0.1701388888888889
11,60,2,33.18431891,35.58430637,27/05/2025,9,0.5399562384231937,0.5782565666231635,0.8947354781293002,0.4068619403413026,3.4040395229836156,1058.7777777777778,0.4625,0.18055555555555558
11,61,2,33.184473012,35.584400473,27/05/2025,9,0.5353943531905205,0.5716868497686262,0.9008636552023458,0.3973209599616773,4.596251836004467,1079.2222222222222,0.27818627450980393,0.11805555555555555
11,62,1,33.184480155,35.584383128,27/05/2025,9,0.5216999564859196,0.5653840230676342,0.8837761955721866,0.3845502666962236,4.26809871257711,1077.5555555555557,0.3161764705882353,0.11805555555555555
11,63,1,33.18447918,35.584382615,27/05/2025,9,0.5216999564859196,0.5653840230676342,0.8837761955721866,0.3845502666962236,4.26809871257711,1077.5555555555557,0.3161764705882353,0.11805555555555555
11,64,1,33.184649032,35.584476263,27/05/2025,9,0.5211475342206034,0.5671862181763906,0.8775050359108574,0.39547911343650316,3.874272210336683,1096.111111111111,0.3524038461538462,0.14583333333333331
11,65,2,33.18478571,35.584588918,27/05/2025,9,0.5210314897885436,0.5688680488665957,0.872911856703005,0.387781366653795,4.603846168850305,1089.2222222222222,0.21047501121030532,0.11458333333333334
11,66,2,33.18495201,35.584663277,27/05/2025,9,0.5107003501609108,0.5611628482918252,0.8682853009278927,0.3807220680109047,4.663320189106001,1125.2222222222222,0.31132220455749865,0.125
11,67,2,33.184944048,35.584676168,27/05/2025,9,0.5107003501609108,0.5611628482918252,0.8682853009278927,0.3807220680109047,4.663320189106001,1125.2222222222222,0.31132220455749865,0.125
11,68,3,33.185211112,35.58473142,27/05/2025,9,,,,,,,,
11,69,1,33.185209163,35.584748317,27/05/2025,9,0.40336463607976764,0.4910815794304282,0.8027135997561742,0.2959211435556073,4.136175003505865,1241.7777777777778,0.3866156597774245,0.15798611111111113
11,70,2,33.18522875,35.584785562,27/05/2025,9,,,,,,,,
11,71,2,33.18496718,35.584720162,27/05/2025,9,0.5127118015833069,0.5637601100503905,0.8660926368673618,0.38854739435538477,3.3658061279082103,1129.2222222222222,0.5395833333333333,0.17534722222222224
11,72,1,33.184955002,35.584735952,27/05/2025,9,0.527076433689979,0.572700858724723,0.8780169239140343,0.4019060679699573,3.741213419755166,1117.4444444444443,0.43525641025641026,0.1449652777777778
11,73,3,33.184811513,35.584631455,27/05/2025,9,0.5436634942736172,0.5831704383507221,0.8912936189950043,0.41142881546241705,4.186772210336683,1085.111111111111,0.32519796380090493,0.12586805555555555
11,74,1,33.184646417,35.584570203,27/05/2025,9,0.532444513901284,0.5768559808523688,0.8800767226860544,0.39065697766563706,3.8130546909157204,1053.111111111111,0.4139950980392157,0.1753472222222222
11,75,1,33.18451505,35.584449657,27/05/2025,9,0.5388608207554713,0.5812029277668661,0.8839640803797768,0.41882034287944336,3.2651298987215265,1074.0,0.44791666666666674,0.1814236111111111
11,76,1,33.184371233,35.584291258,27/05/2025,9,0.5309965447469197,0.5708209751329125,0.8923873309802052,0.39529565587583754,3.6005602963278096,1071.888888888889,0.55625,0.171875
11,77,2,33.184355772,35.584358753,27/05/2025,9,0.5478007642191676,0.574466814088089,0.925462772992885,0.39820006305868755,3.996393629661142,1074.0,0.5149509803921568,0.1328125
11,78,3,33.184205282,35.584266892,27/05/2025,9,0.541088759064823,0.5854829467657808,0.8781397311936712,0.39414702181138295,4.4486750035058655,1033.888888888889,0.3931466817496229,0.12239583333333334
11,79,2,33.184194715,35.584289723,27/05/2025,9,0.5406764741157725,0.5853916021597483,0.8773400537185437,0.397714162450244,3.978586276072115,1033.2222222222222,0.3977941176470588,0.1189236111111111
11,80,3,33.184060657,35.584179655,27/05/2025,9,0.5598952856608002,0.5939351598995216,0.9034783613121261,0.41728129480990983,3.9167568998467095,1040.7777777777778,0.4185803167420814,0.14583333333333331
11,81,2,33.183877972,35.58398514,27/05/2025,9,0.5291405420423392,0.5711172022898907,0.8867157505433267,0.38954641618125846,4.846251836004466,1033.5555555555557,0.13606477820950738,0.1076388888888889
11,82,2,33.183755828,35.583902455,27/05/2025,9,0.5019505638074941,0.546041687200116,0.8861902986646121,0.3761502914105286,4.163932045910443,1068.111111111111,0.3209346178572311,0.13802083333333331
11,83,3,33.183739807,35.583988108,27/05/2025,9,0.5381146562000478,0.5682963301637227,0.9169059459662748,0.3982799861514734,3.913932045910443,1047.888888888889,0.5229166666666667,0.1484375
11,84,3,33.183786553,35.584016998,27/05/2025,9,0.5382313496316607,0.5729819667772336,0.9047090415106395,0.40197446757980654,1.4353074058019706,1035.111111111111,0.84375,0.4887152777777778
11,85,3,33.183785112,35.584018663,27/05/2025,9,0.5382313496316607,0.5729819667772336,0.9047090415106395,0.40197446757980654,1.4353074058019706,1035.111111111111,0.84375,0.4887152777777778
11,86,1,33.183586345,35.583825855,27/05/2025,9,0.5155860546415764,0.5628630348128669,0.8756729302450525,0.38258165069196653,2.707518749639422,1028.2222222222222,0.34705882352941175,0.2708333333333333
11,87,1,33.183594508,35.583804277,27/05/2025,9,0.49505637931662744,0.5456741745213564,0.8711920370005825,0.3714318355911473,3.152170691632976,1039.4444444444443,0.2913978741184623,0.22395833333333331
11,88,3,33.183627737,35.583942933,27/05/2025,9,0.5207825715733391,0.5690004138072149,0.8719534472766043,0.40135285584603,3.4311974738287216,1039.4444444444443,0.4875,0.1623263888888889
11,89,3,33.183634738,35.58392777,27/05/2025,9,0.5185941386299431,0.5674117694455599,0.8706256208810924,0.40161243366720256,4.015358131643837,1044.3333333333333,0.4024509803921569,0.1371527777777778
11,90,2,33.183489682,35.58384219,27/05/2025,9,0.5284460272348035,0.5754662509913178,0.8736594304094303,0.4173280250471118,4.352303795493078,1028.5555555555557,0.21717006033182504,0.12152777777777779
11,91,2,33.183483287,35.58385752,27/05/2025,9,0.5335286598391842,0.5806473998305979,0.8722428033776505,0.4142807643744826,4.352303795493077,1017.3333333333334,0.2415176205617382,0.12152777777777779
11,92,1,33.183333755,35.5837481,27/05/2025,9,0.5449903771444615,0.5745698968068281,0.9176174250881584,0.41530644580246423,3.0413966014913245,1033.111111111111,0.6645833333333333,0.2421875
11,93,1,33.182895612,35.583563345,27/05/2025,9,0.551994398304117,0.5929381950904827,0.8852927831399259,0.4106392951008497,4.434153522439333,662.2222222222222,0.270382417991796,0.1328125
11,94,1,33.18283631,35.583630807,27/05/2025,9,0.5437592819538867,0.5935141678922216,0.8634886270419649,0.4062561424286799,2.68514304294886,679.6666666666666,0.4687867574985296,0.23524305555555558
11,95,3,33.183369293,35.583825388,27/05/2025,9,0.5337799574181018,0.573058098426013,0.893107824570732,0.4010958421056068,4.43173939949947,1018.0,0.3425005605152664,0.11892361111111113
11,96,3,33.183387877,35.583818468,27/05/2025,9,0.5337799574181018,0.573058098426013,0.893107824570732,0.4010958421056068,4.43173939949947,1018.0,0.3425005605152664,0.11892361111111113
11,98,2,33.183438402,35.583861482,27/05/2025,9,0.5311950751179961,0.5751817297102231,0.8808899339388194,0.39201077695891745,4.5901998765158565,1012.8888888888889,0.32031664016958133,0.1371527777777778
11,99,3,33.183423548,35.583878907,27/05/2025,9,0.536249388120302,0.5784220052949792,0.8849074748841945,0.3985237233088167,3.556084111297435,1010.2222222222222,0.3541401695813461,0.17708333333333337
11,100,3,33.183427477,35.583948513,27/05/2025,9,0.5358446253798769,0.5754552203514272,0.8921491364312872,0.3903121328910135,3.8269863820612033,1036.0,0.4252450980392157,0.1449652777777778
11,101,2,33.183420537,35.583963707,27/05/2025,9,0.5358446253798769,0.5754552203514272,0.8921491364312872,0.3903121328910135,3.8269863820612033,1036.0,0.4252450980392157,0.1449652777777778
11,102,3,33.183504205,35.583903558,27/05/2025,9,0.5388462310396344,0.5815616981767203,0.8831535531692738,0.4106745500650907,4.840199876515856,1015.5555555555555,0.21890449838979253,0.11458333333333334
11,103,3,33.183598177,35.583956563,27/05/2025,9,0.5315500646540677,0.5722299945897151,0.8902129666272908,0.40438755877316285,4.186772210336684,1028.6666666666667,0.3697535771065183,0.12586805555555558
11,104,3,33.183591233,35.583973528,27/05/2025,9,0.5315500646540677,0.5722299945897151,0.8902129666272908,0.40438755877316285,4.186772210336684,1028.6666666666667,0.3697535771065183,0.12586805555555558
11,105,3,33.183597428,35.584040553,27/05/2025,9,0.542552848172442,0.580913109559756,0.895704255636151,0.40304902197496706,3.129794984942415,1036.4444444444443,0.5541666666666667,0.18836805555555558
11,106,2,33.18359093,35.584060073,27/05/2025,9,0.542552848172442,0.580913109559756,0.895704255636151,0.40304902197496706,3.129794984942415,1036.4444444444443,0.5541666666666667,0.18836805555555558
11,107,3,33.183776647,35.584063913,27/05/2025,9,0.5371929235498583,0.5791554962195844,0.8854366734968786,0.4059759124799855,1.7639415206106652,1021.5555555555555,0.7577300150829562,0.46267361111111105
11,108,3,33.183783543,35.58408049,27/05/2025,9,0.5399411622375894,0.5871278418196164,0.8708297371111642,0.4077801290463077,3.593764013530221,1012.8888888888889,0.44332426317720436,0.15711805555555555
11,109,3,33.183765335,35.584140815,27/05/2025,9,0.5454888045650587,0.5910797482836022,0.8742191950342587,0.4056388884619377,3.2195083368391986,1017.7777777777778,0.4996968121968122,0.1684027777777778
11,110,3,33.183755443,35.584155257,27/05/2025,9,0.5359660529081971,0.5849764330202434,0.8669516343385051,0.4032550710579053,3.7306502730537434,1039.5555555555557,0.42323717948717954,0.140625
11,111,3,33.183950983,35.584164983,27/05/2025,9,0.5427571689973095,0.5810611610061545,0.8939774707286237,0.40051417971502645,4.434153522439333,1039.6666666666667,0.33142146671558437,0.1328125
11,112,1,33.183954938,35.58417649,27/05/2025,9,0.5427571689973095,0.5810611610061545,0.8939774707286237,0.40051417971502645,4.434153522439333,1039.6666666666667,0.33142146671558437,0.1328125
11,113,2,33.183916327,35.584230625,27/05/2025,9,0.5554696485690768,0.5910063235365933,0.899766395899309,0.4014323377265413,1.8279538356873366,1024.0,0.7812500000000001,0.4019097222222223
11,114,2,33.1839172,35.584225688,27/05/2025,9,0.5554696485690768,0.5910063235365933,0.899766395899309,0.4014323377265413,1.8279538356873366,1024.0,0.7812500000000001,0.4019097222222223
11,115,2,33.18391148,35.584239988,27/05/2025,9,0.5554696485690768,0.5910063235365933,0.899766395899309,0.4014323377265413,1.8279538356873366,1024.0,0.7812500000000001,0.4019097222222223
11,116,3,33.184136002,35.584262307,27/05/2025,9,0.5380456320262584,0.58197454356158,0.8799282537411519,0.39826626658445585,3.7170205143649544,1046.7777777777778,0.48958333333333337,0.1293402777777778
11,117,2,33.184130995,35.584280417,27/05/2025,9,0.5430517472421964,0.5885530370605085,0.8747149471314903,0.40449385844659946,4.490341670172533,1036.111111111111,0.342618778280543,0.11892361111111113
11,118,3,33.184066582,35.584331512,27/05/2025,9,0.5619679061901138,0.6007045880379336,0.8896667750393489,0.4206330529290709,4.038060296327809,1026.7777777777778,0.33309435000611476,0.1293402777777778
11,119,2,33.184074793,35.584313375,27/05/2025,9,0.5619679061901138,0.6007045880379336,0.8896667750393489,0.4206330529290709,4.038060296327809,1026.7777777777778,0.33309435000611476,0.1293402777777778
11,120,2,33.184297098,35.584346217,27/05/2025,9,0.5430708828278794,0.5820767730255861,0.8922371086191521,0.4044415797064737,3.877968813855583,1045.7777777777778,0.4333333333333334,0.1484375
11,121,1,33.184274322,35.58437223,27/05/2025,9,0.5455905159065394,0.5838907230300205,0.893765309978792,0.4061524613448122,3.525823910846053,1044.7777777777778,0.5479166666666666,0.1779513888888889
11,122,2,33.184213238,35.584408378,27/05/2025,9,0.5568196420318992,0.5948555357433045,0.8926744724705684,0.426447585053077,3.886434896284056,1041.888888888889,0.4166401695813461,0.15538194444444445
11,123,3,33.184208257,35.584427553,27/05/2025,9,0.5485978531586847,0.5933015941911637,0.8769231823263686,0.42021295045673374,3.500095766417776,1054.7777777777778,0.5145833333333334,0.1519097222222222
11,124,3,33.184454693,35.584458557,27/05/2025,9,0.5535265097395868,0.5853411641051837,0.9101191731197211,0.41143735144000804,2.6009028854846648,1071.888888888889,0.5916666666666666,0.23350694444444442
11,125,3,33.18445595,35.584484998,27/05/2025,9,0.5572034671512971,0.5884350781933955,0.9112818609613034,0.41558735403456254,2.945288725406175,1060.6666666666667,0.6027714932126697,0.2387152777777778
11,126,3,33.184368415,35.584504552,27/05/2025,9,0.5636514306686724,0.6079079442229074,0.8738071019982647,0.4260280130830429,4.48818744001086,1018.1111111111111,0.2706577901430842,0.11979166666666669
11,127,2,33.18436111,35.584522137,27/05/2025,9,0.5590166313338284,0.6084147390313626,0.8607008868106025,0.42299718866781694,4.249272210336683,1025.0,0.28558813338225103,0.12673611111111113
11,128,2,33.184637052,35.584566185,27/05/2025,9,0.5380000919492495,0.5816480390473561,0.8811193286831849,0.39787969713185395,4.463456377350588,1051.7777777777778,0.3314459765195059,0.1267361111111111
11,129,2,33.184510735,35.584579917,27/05/2025,9,0.5589581461128988,0.5881258261101435,0.9172884137025932,0.41167233319087954,3.1297949849424147,1068.7777777777778,0.5541666666666667,0.18836805555555558
11,130,2,33.18450292,35.584604105,27/05/2025,9,0.5489633342041742,0.5851174475446131,0.9013208702562245,0.4128850140056725,2.5456530280922194,1085.6666666666667,0.6354166666666667,0.2725694444444445
11,131,2,33.184800562,35.584671052,27/05/2025,9,0.5453292158789084,0.5818985252385929,0.898844877112257,0.4079915525760275,3.390483463829209,1070.3333333333333,0.38157051282051285,0.171875
11,132,2,33.184661677,35.584694635,27/05/2025,9,0.530814510191557,0.5868243469689143,0.8501107148489666,0.3938357072556733,4.804585169337801,1042.3333333333333,0.1993179548326607,0.11111111111111112
11,133,3,33.184672565,35.58468571,27/05/2025,9,0.5381246439918242,0.5902694397037132,0.8581022976128004,0.3983500277143379,4.043093107165022,1039.888888888889,0.36750056051526636,0.12586805555555555
11,134,3,33.184962885,35.584768473,27/05/2025,9,0.5321174554799383,0.5759784808958937,0.8813922716112468,0.39727229763097766,4.560637128826409,1100.111111111111,0.2870593293602619,0.11458333333333334
11,135,2,33.18495426,35.584782515,27/05/2025,9,0.5321174554799383,0.5759784808958937,0.8813922716112468,0.39727229763097766,4.560637128826409,1100.111111111111,0.2870593293602619,0.11458333333333334
11,136,3,33.184809337,35.58478054,27/05/2025,9,0.5471834039569826,0.5962133800205758,0.8648223888536443,0.4125866112586544,4.352303795493078,1045.2222222222222,0.32774698340874814,0.12152777777777778
11,137,2,33.184817277,35.584764663,27/05/2025,9,0.5471834039569826,0.5962133800205758,0.8648223888536443,0.4125866112586544,4.352303795493078,1045.2222222222222,0.32774698340874814,0.12152777777777778
11,138,3,33.184953912,35.584845518,27/05/2025,9,0.5405041618296197,0.5904484662920955,0.8633718899586943,0.3991216019615528,3.731131264435082,1061.888888888889,0.4448717948717949,0.1371527777777778
11,139,3,33.184956517,35.584875627,27/05/2025,9,0.5335630424517912,0.590969980516276,0.8456480009367656,0.40272879970062075,3.2219796256677826,1069.6666666666667,0.55625,0.1736111111111111
11,140,1,33.185109998,35.584940212,27/05/2025,9,0.5374499818738474,0.5815395538108289,0.8805533360688516,0.39655206698232637,3.4494858187990878,1097.111111111111,0.42117448330683627,0.17447916666666666
11,141,2,33.18506981,35.584887362,27/05/2025,9,0.5407736462502661,0.5879307241788079,0.871314451903464,0.413896801649533,3.9907489620194876,1064.3333333333333,0.39791666666666664,0.14583333333333334
11,142,3,33.185051092,35.584958315,27/05/2025,9,0.527449616699783,0.5846926594380345,0.8477069018406139,0.3991575442689192,3.0841734230600863,726.3333333333334,0.5000338331249838,0.1996527777777778
11,143,2,33.185046362,35.584976137,27/05/2025,9,0.527449616699783,0.5846926594380345,0.8477069018406139,0.3991575442689192,3.0841734230600863,726.3333333333334,0.5000338331249838,0.1996527777777778
11,144,2,33.184892468,35.58479606,27/05/2025,9,0.5354560920175815,0.5905449159116354,0.8509650714165988,0.4127448739192449,3.5197872869300015,1059.3333333333333,0.5208333333333333,0.1597222222222222
11,145,2,33.18488005,35.584867878,27/05/2025,9,0.510984751022563,0.5749475123926707,0.8351627702860428,0.3905242817503904,3.7647462748393936,1116.5555555555557,0.41824273368391013,0.15885416666666666
11,146,2,33.184868562,35.584886468,27/05/2025,9,0.46812873506408287,0.5531231131235047,0.7973635131201599,0.35960563835025716,4.195168032380222,1201.888888888889,0.3557427336839102,0.140625
11,147,2,33.184792922,35.58475537,27/05/2025,9,0.5428770184986671,0.5941030132301489,0.8603082718190277,0.4059290311861365,4.151363669197544,1049.111111111111,0.21042986425339363,0.13194444444444445
11,148,2,33.184740833,35.584687648,27/05/2025,9,0.5424878195011122,0.5897898148810375,0.8700795073877394,0.4024380824281129,3.893114048149668,1047.3333333333333,0.45000000000000007,0.14149305555555555
11,149,2,33.18456058,35.584584838,27/05/2025,9,0.5532535653530777,0.5907473341132569,0.8949948654771664,0.4101588655121631,3.441487962506982,1060.0,0.5395833333333334,0.17534722222222224
11,150,2,33.184565495,35.584601172,27/05/2025,9,0.5489597042649554,0.5906745558407401,0.8838565251807535,0.4106785078025161,4.224774142702668,1050.4444444444443,0.38075980392156866,0.13368055555555555
11,151,3,33.18457413,35.584677877,27/05/2025,9,0.5266021823737396,0.5806780674081573,0.8562746357470735,0.3964090855999198,3.8845589306142543,1077.5555555555557,0.4125,0.14149305555555558
11,152,2,33.184566543,35.584694765,27/05/2025,9,0.49725404332155254,0.5696383973778189,0.8189555551306781,0.3750104875125506,4.332141085934339,1108.6666666666667,0.3682598039215686,0.12239583333333334
11,153,2,33.184422298,35.584509087,27/05/2025,9,0.5576687045643501,0.5915551277062279,0.9037881343120535,0.41692399063685825,4.4486750035058655,1048.4444444444443,0.3471574232603644,0.1154513888888889
11,154,2,33.184413273,35.58452042,27/05/2025,9,0.5533837801743906,0.593319316295818,0.8881229804157976,0.41714326504967714,4.663320189106001,1041.4444444444443,0.21434256654844885,0.1388888888888889
11,155,2,33.184388993,35.584571983,27/05/2025,9,0.5353121949226107,0.5869535150890728,0.8602117442827129,0.40744201717885525,5.0485332098491895,1071.4444444444443,0.22770040968570374,0.1076388888888889
11,156,3,33.184383627,35.584586525,27/05/2025,9,0.4977480237938992,0.5646721302400501,0.8315203950189678,0.37705044330166465,3.2913966014913245,1141.5555555555557,0.5606617647058822,0.23177083333333331
11,157,1,33.184253348,35.584405278,27/05/2025,9,0.5559843756745653,0.5935464973358802,0.8940989705200404,0.42500191383146113,4.193231461672249,1040.3333333333333,0.3668646304675717,0.1371527777777778
11,158,1,33.184250652,35.584426318,27/05/2025,9,0.5568202046949463,0.5970679147250278,0.8867071706559876,0.4248549277619325,3.291396601491324,1041.0,0.5272812971342383,0.23177083333333334
11,159,2,33.184233367,35.584476795,27/05/2025,9,0.5095770378268292,0.5783652346958084,0.8236841980533157,0.3813228631577959,3.596822633626531,1094.6666666666667,0.47083333333333327,0.17708333333333331
11,160,2,33.18409682,35.584305142,27/05/2025,9,0.5511348687480169,0.5894745535974086,0.8928496396256532,0.40915157576126504,3.7361806089179543,1037.3333333333333,0.35730249480249476,0.1484375
11,161,2,33.184088425,35.584310077,27/05/2025,9,0.5511348687480169,0.5894745535974086,0.8928496396256532,0.40915157576126504,3.7361806089179543,1037.3333333333333,0.35730249480249476,0.1484375
11,162,2,33.184067373,35.584387057,27/05/2025,9,0.522681625957421,0.5864962228333055,0.8331323781809021,0.3905445908662153,4.163932045910443,1068.2222222222222,0.3672246341363988,0.13802083333333331
11,163,2,33.184074752,35.584373145,27/05/2025,9,0.549283360131115,0.5977113778586071,0.8663499985164986,0.41350845621907717,3.9963936296611426,1039.3333333333333,0.37555796746973225,0.1328125
11,164,2,33.183933948,35.584193735,27/05/2025,9,0.5484087350222099,0.5843714635015935,0.8994561553685114,0.4026472577056879,4.4486750035058655,1030.0,0.4038239880151645,0.12239583333333334
11,165,3,33.183923218,35.584281862,27/05/2025,9,0.5528317174509384,0.6040648387461639,0.8583942658387326,0.41676715718309615,4.681127542695029,1023.2222222222222,0.1815314805755982,0.11458333333333334
11,166,3,33.183761742,35.584100012,27/05/2025,9,0.5401098138065136,0.5855117383529189,0.8754973658454415,0.4095299645110285,3.9445139422512874,1019.6666666666666,0.37336584321878435,0.14149305555555555
11,167,3,33.1837652,35.584187033,27/05/2025,9,0.5349428859880296,0.5813064010096048,0.874907431283509,0.39209970683801276,3.343356721683265,1064.111111111111,0.5791666666666667,0.1840277777777778
11,168,3,33.183758943,35.584205178,27/05/2025,9,0.47564367546994785,0.5561032236709939,0.80787219103284,0.34992350059659494,4.403501365713555,1134.888888888889,0.38524698340874813,0.13368055555555555
11,169,3,33.183604362,35.584014462,27/05/2025,9,0.5535090209098458,0.581002163591941,0.9222869571886191,0.4142408717966612,2.729182000302357,1025.888888888889,0.6124999999999999,0.2578125
11,170,1,33.183600267,35.584025297,27/05/2025,9,0.5533021282869444,0.581847016727212,0.91947315045249,0.41346740381754166,3.9090372348154983,1025.2222222222222,0.40693815987933635,0.16145833333333334
11,171,3,33.183614987,35.58410624,27/05/2025,9,0.4945169301659871,0.5589819707467224,0.8384621795287939,0.3630761822665852,3.4758456951388417,1100.111111111111,0.43333333333333335,0.1953125
11,172,3,33.183607487,35.584123942,27/05/2025,9,0.4945169301659871,0.5589819707467224,0.8384621795287939,0.3630761822665852,3.4758456951388417,1100.111111111111,0.43333333333333335,0.1953125
11,173,3,33.18343705,35.583901803,27/05/2025,9,0.536249388120302,0.5784220052949792,0.8849074748841945,0.3985237233088167,3.556084111297435,1010.2222222222222,0.3541401695813461,0.17708333333333337
11,174,2,33.183429673,35.583919888,27/05/2025,9,0.5415553732592353,0.5793879633362498,0.8956129166651885,0.3953685423598917,3.680312959001116,1016.0,0.35453431372549016,0.19618055555555558
11,175,3,33.183425703,35.58397777,27/05/2025,9,0.512874762710854,0.5654404183068193,0.864424472416296,0.36941881903458795,3.307874481009744,1069.111111111111,0.49057315233785814,0.16666666666666669
11,176,3,33.183419873,35.583999983,27/05/2025,9,0.512874762710854,0.5654404183068193,0.864424472416296,0.36941881903458795,3.307874481009744,1069.111111111111,0.49057315233785814,0.16666666666666669
12,24,2,33.183340975,35.583649787,01/06/2025,4,0.3800547761025225,0.4192653654057136,0.9112945171108334,0.304699002943281,3.5375056054120884,495.0,0.30404411764705885,0.1840277777777778
12,25,2,33.183405773,35.58365562,01/06/2025,4,0.3512141118395807,0.39705261353529897,0.8990374097932042,0.29549695601265885,3.386175003505865,507.77777777777777,0.5269607843137255,0.16493055555555555
12,26,2,33.18327882,35.583671265,01/06/2025,4,0.3938704029886043,0.41900353981623567,0.9416993719201004,0.3193229400638862,3.2789823570948933,504.8888888888889,0.5125000000000001,0.171875
12,27,1,33.183384408,35.583665087,01/06/2025,4,0.3693116868323949,0.41393005281939294,0.9003798285394349,0.30161854689381307,3.4492131607759258,496.44444444444446,0.3618872549019608,0.1953125
12,28,3,33.183421907,35.58366474,01/06/2025,4,0.33580068078790976,0.38235671392411796,0.8990081247327618,0.290964796773819,3.916756899846709,518.6666666666666,0.5208333333333333,0.14583333333333331
12,29,2,33.183413827,35.583749748,01/06/2025,4,0.4020269612581544,0.4416581267139994,0.9091188337580545,0.31567334445573025,2.5560422809812717,483.22222222222223,0.6854166666666667,0.3116319444444445
12,30,2,33.183419493,35.583754065,01/06/2025,4,0.4000382200512129,0.43963737609251763,0.9100631434854211,0.3051467417401274,1.6652417584851502,484.55555555555554,0.7708333333333334,0.41145833333333337
12,31,2,33.183444822,35.583677362,01/06/2025,4,0.33580068078790976,0.38235671392411796,0.8990081247327618,0.290964796773819,3.916756899846709,518.6666666666666,0.5208333333333333,0.14583333333333331
12,32,2,33.183444093,35.5836959,01/06/2025,4,0.36483665898342754,0.4109098976324328,0.8973250129309217,0.3095735933860866,3.9367184835974087,504.77777777777777,0.48958333333333326,0.13802083333333331
12,33,1,33.183472188,35.583696302,01/06/2025,4,0.3450387937334163,0.39262849419890866,0.895832624594283,0.2984259206881421,4.611033209849188,509.8888888888889,0.3331636500754148,0.1310763888888889
12,34,2,33.183494078,35.583708643,01/06/2025,4,0.32442499740614444,0.37555601837440056,0.8901710322829748,0.2876973164185594,3.9759092242129412,508.3333333333333,0.41649698340874797,0.1796875
12,35,1,33.18349499,35.58372554,01/06/2025,4,0.35250956220248697,0.40141440588325683,0.8922995102230722,0.2887825660127038,4.611033209849188,498.22222222222223,0.35367647058823537,0.12239583333333334
12,36,2,33.18354211,35.583753632,01/06/2025,4,0.3509928685222432,0.3993145562709166,0.8939265497552553,0.2776139182691947,4.577572732832804,496.22222222222223,0.3732843137254902,0.11111111111111113
12,38,2,33.183654748,35.58379738,01/06/2025,4,0.3648812747057719,0.40771110593481374,0.9048767025280829,0.33405256385948207,4.0575408886971704,495.1111111111111,0.49791666666666656,0.13368055555555558
12,39,2,33.183649103,35.58381395,01/06/2025,4,0.3648812747057719,0.40771110593481374,0.9048767025280829,0.33405256385948207,4.0575408886971704,495.1111111111111,0.49791666666666656,0.13368055555555558
12,40,3,33.18357413,35.58384302,01/06/2025,4,0.4093730943667986,0.4429090223203119,0.9215964630051631,0.33862118957277754,3.405405029192559,484.6666666666667,0.5104166666666667,0.1623263888888889
12,41,2,33.183568927,35.583857708,01/06/2025,4,0.40748244444364695,0.44671570440945263,0.9089844976797576,0.32935755473827305,2.9851597725718704,477.6666666666667,0.5708333333333333,0.2230902777777778
12,42,2,33.183667175,35.583826202,01/06/2025,4,0.35623502880724706,0.40517254090080246,0.8929036296659412,0.30854286598676434,4.1595533252021655,487.3333333333333,0.4677790346907994,0.1371527777777778
12,43,3,33.183643803,35.583878668,01/06/2025,4,0.39690443934002007,0.43054247596132855,0.922376809631658,0.3449673997088854,3.3508456951388417,485.6666666666667,0.5729166666666667,0.17274305555555558
12,44,3,33.183628637,35.583893978,01/06/2025,4,0.4079010914196482,0.4404596565477553,0.924277558432482,0.3562839852759336,2.8616450666536317,480.22222222222223,0.5895833333333333,0.2152777777777778
12,45,2,33.183695452,35.583847187,01/06/2025,4,0.3311021290606444,0.3893984515342317,0.8753096621371569,0.27938106478951336,4.586038815261277,489.77777777777777,0.29228883861236804,0.10763888888888891
12,46,2,33.183724567,35.583858615,01/06/2025,4,0.36613944524712877,0.40599297331222384,0.9120332314774456,0.2985250484814368,4.602303795493078,490.55555555555554,0.3531957013574661,0.1111111111111111
12,47,2,33.183762173,35.583879683,01/06/2025,4,0.3600860123298344,0.4012013120794764,0.9092056326936562,0.2933479378809257,3.23161225581642,493.44444444444446,0.5604166666666666,0.16145833333333334
12,48,2,33.183774913,35.583871242,01/06/2025,4,0.35413455241817576,0.3996434832252614,0.9001187186421569,0.28071100572406427,2.4382020899844856,496.8888888888889,0.6645833333333333,0.2690972222222222
12,49,3,33.183808437,35.583891458,01/06/2025,4,0.3619147865814776,0.3994603799698124,0.9167087269222295,0.2797998093842555,3.0841734230600863,498.77777777777777,0.60625,0.1996527777777778
12,50,2,33.183801752,35.583902875,01/06/2025,4,0.3619147865814776,0.3994603799698124,0.9167087269222295,0.2797998093842555,3.0841734230600863,498.77777777777777,0.60625,0.1996527777777778
12,51,3,33.183722155,35.58393322,01/06/2025,4,0.42825801416129794,0.4512138084803501,0.9446836952059277,0.32513984843421634,4.159037234815498,483.1111111111111,0.31825980392156866,0.15104166666666669
12,52,1,33.183709945,35.583942073,01/06/2025,4,0.43534303723432166,0.46104717202685563,0.9378563909207003,0.3334203314845956,4.305867649916837,480.22222222222223,0.4474264705882353,0.11892361111111112
12,53,1,33.183981722,35.583981352,01/06/2025,4,0.34853387151328263,0.3773551607322531,0.936164923093664,0.27980401640275265,2.7862163915853473,508.77777777777777,0.6541666666666667,0.25434027777777773
12,54,3,33.183869465,35.584019592,01/06/2025,4,0.43214056921672317,0.45158625234596095,0.9527608264228431,0.3512805912191885,4.137046753088499,480.6666666666667,0.41151960784313724,0.1388888888888889
12,55,3,33.18386289,35.584035335,01/06/2025,4,0.43214056921672317,0.45158625234596095,0.9527608264228431,0.3512805912191885,4.137046753088499,480.6666666666667,0.41151960784313724,0.1388888888888889
12,56,2,33.184009975,35.584101383,01/06/2025,4,0.41685726008168117,0.44583995460669684,0.9315097432041619,0.34799286996058226,2.4728548143998657,486.8888888888889,0.6875,0.24131944444444448
12,57,2,33.184005553,35.584117157,01/06/2025,4,0.4208768121904374,0.4517072203300272,0.9267552838350631,0.3496172762756918,2.8411220587395083,484.55555555555554,0.6270833333333334,0.1840277777777778
12,58,2,33.184166042,35.584213185,01/06/2025,4,0.4046434600568013,0.4369158393650406,0.924928943280659,0.3426592376295678,4.262046753088499,486.1111111111111,0.46041666666666664,0.1371527777777778
12,59,2,33.184327513,35.58428952,01/06/2025,4,0.40782726660512014,0.4379425288490042,0.9296232981824686,0.3276064522193743,3.0053241698252933,499.22222222222223,0.5833333333333333,0.1996527777777778
12,60,2,33.18431891,35.58430637,01/06/2025,4,0.4080888218341018,0.4408505035045343,0.923770733753902,0.34866285151449933,2.6608625481552894,500.6666666666667,0.5916666666666666,0.24739583333333334
12,61,2,33.184473012,35.584400473,01/06/2025,4,0.411434141770566,0.4396456782732805,0.93368531920557,0.3719824846354141,2.7927748504250074,514.0,0.575,0.2065972222222222
12,62,1,33.184480155,35.584383128,01/06/2025,4,0.41096950864056003,0.4393313697641958,0.9333289206217521,0.36372066584619117,2.3976023629885432,515.0,0.5708333333333333,0.25260416666666663
12,63,1,33.18447918,35.584382615,01/06/2025,4,0.41096950864056003,0.4393313697641958,0.9333289206217521,0.36372066584619117,2.3976023629885432,515.0,0.5708333333333333,0.25260416666666663
12,64,1,33.184649032,35.584476263,01/06/2025,4,0.3910606687827299,0.41931298109427506,0.9353395842590094,0.2994131192964714,4.594360937770434,507.8888888888889,0.3593891402714932,0.13368055555555558
12,65,2,33.18478571,35.584588918,01/06/2025,4,0.4061403330840807,0.43077939884921373,0.9424412194436699,0.31307934137534726,4.146996441904049,512.8888888888889,0.4291666666666667,0.11892361111111112
12,66,2,33.18495201,35.584663277,01/06/2025,4,0.3514118063745505,0.37547930547382746,0.946485027833515,0.2647983201547557,3.439269005198109,512.1111111111111,0.46458333333333335,0.17274305555555558
12,67,2,33.184944048,35.584676168,01/06/2025,4,0.3514118063745505,0.37547930547382746,0.946485027833515,0.2647983201547557,3.439269005198109,512.1111111111111,0.46458333333333335,0.17274305555555558
12,68,3,33.185211112,35.58473142,01/06/2025,4,,,,,,,,
12,69,1,33.185209163,35.584748317,01/06/2025,4,0.3973289048681092,0.40412246266696533,0.9846699382804663,0.2456701738963724,3.4219908364919602,535.4444444444445,0.5145833333333334,0.1875
12,70,2,33.18522875,35.584785562,01/06/2025,4,,,,,,,,
12,71,2,33.18496718,35.584720162,01/06/2025,4,0.35973402261694876,0.38239669180940195,0.9496344111380512,0.2617705979162475,3.4586246923214157,506.8888888888889,0.5166666666666667,0.1736111111111111
12,72,1,33.184955002,35.584735952,01/06/2025,4,0.35022840835210367,0.38132515632807756,0.9310483856325725,0.26114956094095,3.50685344868631,504.6666666666667,0.4916666666666667,0.1779513888888889
12,73,3,33.184811513,35.584631455,01/06/2025,4,0.38777983490037776,0.4091654222138687,0.9505431792082343,0.3033049167331818,2.5229773910978532,514.2222222222222,0.6791666666666667,0.3038194444444444
12,74,1,33.184646417,35.584570203,01/06/2025,4,0.41330082828789394,0.4445614828395693,0.9264219050387852,0.3381818910291291,3.0115785269521322,508.0,0.6291666666666667,0.2109375
12,75,1,33.18451505,35.584449657,01/06/2025,4,0.3986363272115163,0.4316760168041302,0.9235757195116696,0.3169423677410086,2.639591741451466,507.22222222222223,0.6583333333333334,0.23697916666666669
12,76,1,33.184371233,35.584291258,01/06/2025,4,0.3989058380256074,0.4297285232259827,0.9283973514822004,0.3074234794096519,3.4811312644350814,498.22222222222223,0.5770833333333334,0.14756944444444448
12,77,2,33.184355772,35.584358753,01/06/2025,4,0.4018871171433004,0.4234890359088409,0.949196805123345,0.3299852104234182,4.544372148594611,516.8888888888889,0.3640931372549019,0.1267361111111111
12,78,3,33.184205282,35.584266892,01/06/2025,4,0.41683312698441194,0.4448899074416375,0.9335697889563611,0.3567149011545883,3.5666188279300863,484.8888888888889,0.4149038461538462,0.1519097222222222
12,79,2,33.184194715,35.584289723,01/06/2025,4,0.41895367111843385,0.44946443064078984,0.9277509808696627,0.3702900494511133,3.2789823570948933,483.6666666666667,0.55625,0.171875
12,80,3,33.184060657,35.584179655,01/06/2025,4,0.4178601891329257,0.4474479334668533,0.9301589341518839,0.3410077252567707,2.9452887254061753,483.8888888888889,0.60625,0.2387152777777777
12,81,2,33.183877972,35.58398514,01/06/2025,4,0.41684398776146336,0.4274510596753482,0.9747176135224616,0.33182609956618475,3.255862327095355,487.1111111111111,0.47867647058823537,0.16666666666666669
12,82,2,33.183755828,35.583902455,01/06/2025,4,0.3922837736638124,0.421127586126573,0.9339171841923611,0.3084289181905363,3.259689796037359,490.55555555555554,0.5290064102564103,0.1736111111111111
12,83,3,33.183739807,35.583988108,01/06/2025,4,0.419026068702357,0.4507443079143585,0.9250575041032941,0.3450621877256505,3.9364386180241095,481.1111111111111,0.4219457013574661,0.15538194444444445
12,84,3,33.183786553,35.584016998,01/06/2025,4,0.4178843517404302,0.44218591075453884,0.9427730084714427,0.3396603871507088,3.7634566599411934,489.8888888888889,0.48541666666666666,0.1701388888888889
12,85,3,33.183785112,35.584018663,01/06/2025,4,0.4178843517404302,0.44218591075453884,0.9427730084714427,0.3396603871507088,3.7634566599411934,489.8888888888889,0.48541666666666666,0.1701388888888889
12,86,1,33.183586345,35.583825855,01/06/2025,4,0.41402591104400527,0.4435475770575257,0.9303771460375356,0.3583521017954448,2.8486693980937767,486.6666666666667,0.5958333333333333,0.1996527777777778
12,87,1,33.183594508,35.583804277,01/06/2025,4,0.39095340523955224,0.4244378276037881,0.9237502635936949,0.33776126475519397,3.9364386180241095,494.1111111111111,0.39350490196078425,0.1328125
12,88,3,33.183627737,35.583942933,01/06/2025,4,0.41454514122810826,0.4452489353056072,0.9279064385386633,0.3590889136187683,3.771388024249054,477.55555555555554,0.526593137254902,0.14756944444444445
12,89,3,33.183634738,35.58392777,01/06/2025,4,0.42294612211995997,0.45151860822673306,0.9320330790954809,0.36470803497154203,3.0047949849424147,479.44444444444446,0.625,0.20572916666666669
12,90,2,33.183489682,35.58384219,01/06/2025,4,0.40419151346394877,0.4381004965364935,0.9214862190807784,0.3355755528485236,1.7639415206106652,481.1111111111111,0.8104166666666666,0.46267361111111105
12,91,2,33.183483287,35.58385752,01/06/2025,4,0.4137201021585394,0.4467844021309817,0.9224370400834552,0.34271175129488757,3.0583072788895413,477.8888888888889,0.675,0.2230902777777778
12,92,1,33.183333755,35.5837481,01/06/2025,4,0.40975724647658907,0.4384347039619325,0.9330393362987898,0.33009409934611594,3.3658061279082094,491.22222222222223,0.5458333333333334,0.17534722222222224
12,93,1,33.182895612,35.583563345,01/06/2025,4,0.2751795096731191,0.44874806669108275,0.6701715910997512,0.36416671765032316,3.162505605412089,339.44444444444446,0.23933644189383074,0.21180555555555558
12,94,1,33.18283631,35.583630807,01/06/2025,4,0.23563412870702213,0.42747805985377424,0.64853015294845,0.3305630991162562,3.514005390679865,342.1111111111111,0.3498869012023357,0.17708333333333334
12,95,3,33.183369293,35.583825388,01/06/2025,4,0.4233109584381063,0.4409878392050681,0.958322779238902,0.3262881924370513,2.383888220226404,494.8888888888889,0.6333333333333333,0.2795138888888889
12,96,3,33.183387877,35.583818468,01/06/2025,4,0.4233109584381063,0.4409878392050681,0.958322779238902,0.3262881924370513,2.383888220226404,494.8888888888889,0.6333333333333333,0.2795138888888889
12,98,2,33.183438402,35.583861482,01/06/2025,4,0.4150897860381651,0.44648391935256004,0.926778768330621,0.33907184364828297,2.448253770861069,482.44444444444446,0.725,0.2795138888888889
12,99,3,33.183423548,35.583878907,01/06/2025,4,0.41539778642498454,0.45660279896707645,0.9036327638496656,0.3444485328532081,3.5676802099059772,477.8888888888889,0.575,0.1675347222222222
12,100,3,33.183427477,35.583948513,01/06/2025,4,0.41288763615943913,0.4604364905636768,0.8901165999863603,0.359663912655974,3.4444364743162157,482.3333333333333,0.5229166666666667,0.17013888888888892
12,101,2,33.183420537,35.583963707,01/06/2025,4,0.41288763615943913,0.4604364905636768,0.8901165999863603,0.359663912655974,3.4444364743162157,482.3333333333333,0.5229166666666667,0.17013888888888892
12,102,3,33.183504205,35.583903558,01/06/2025,4,0.4154804364493036,0.44825869881259006,0.9228501341222982,0.33230632717217845,1.66524175848515,478.8888888888889,0.7708333333333333,0.3645833333333333
12,103,3,33.183598177,35.583956563,01/06/2025,4,0.4053114862487022,0.4397586172812082,0.9203945927442803,0.332315113789409,3.801094731857816,477.6666666666667,0.4057598039215686,0.1736111111111111
12,104,3,33.183591233,35.583973528,01/06/2025,4,0.4053114862487022,0.4397586172812082,0.9203945927442803,0.332315113789409,3.801094731857816,477.6666666666667,0.4057598039215686,0.1736111111111111
12,105,3,33.183597428,35.584040553,01/06/2025,4,0.4080078402327277,0.4495470926364658,0.9034900418234704,0.3535246838686584,3.322270629890904,489.55555555555554,0.6104166666666667,0.17708333333333334
12,106,2,33.18359093,35.584060073,01/06/2025,4,0.4080078402327277,0.4495470926364658,0.9034900418234704,0.3535246838686584,3.322270629890904,489.55555555555554,0.6104166666666667,0.17708333333333334
12,107,3,33.183776647,35.584063913,01/06/2025,4,0.4185639538635889,0.4367851823542781,0.9573605318633359,0.3362962043500376,3.3291151061900326,495.55555555555554,0.4041666666666667,0.17361111111111113
12,108,3,33.183783543,35.58408049,01/06/2025,4,0.4215828467267173,0.444706030855177,0.9456025421766974,0.34397714457977935,3.2144755260019866,490.6666666666667,0.5041666666666667,0.18055555555555555
12,109,3,33.183765335,35.584140815,01/06/2025,4,0.4222472306295294,0.4594580454346422,0.9132638161810502,0.3572086864796783,2.393348103706909,481.55555555555554,0.60625,0.2751736111111111
12,110,3,33.183755443,35.584155257,01/06/2025,4,0.40358617860177576,0.4726748675847818,0.8433828582993621,0.3520557096528176,2.6541834829029325,468.22222222222223,0.5708333333333333,0.2170138888888889
12,111,3,33.183950983,35.584164983,01/06/2025,4,0.42384254309889613,0.4526831071840644,0.931310664741821,0.36667651986336214,1.0612781244591327,481.22222222222223,0.875,0.5989583333333334
12,112,1,33.183954938,35.58417649,01/06/2025,4,0.42384254309889613,0.4526831071840644,0.931310664741821,0.36667651986336214,1.0612781244591327,481.22222222222223,0.875,0.5989583333333334
12,113,2,33.183916327,35.584230625,01/06/2025,4,0.43197660054579357,0.46423906504712925,0.9226384345988142,0.3496387329568742,1.66524175848515,476.44444444444446,0.7708333333333333,0.3645833333333333
12,114,2,33.1839172,35.584225688,01/06/2025,4,0.43197660054579357,0.46423906504712925,0.9226384345988142,0.3496387329568742,1.66524175848515,476.44444444444446,0.7708333333333333,0.3645833333333333
12,115,2,33.18391148,35.584239988,01/06/2025,4,0.43197660054579357,0.46423906504712925,0.9226384345988142,0.3496387329568742,1.66524175848515,476.44444444444446,0.7708333333333333,0.3645833333333333
12,116,3,33.184136002,35.584262307,01/06/2025,4,0.4300005381004508,0.4536236087728265,0.9431667161349938,0.36054019005474736,3.2141254000437534,486.77777777777777,0.6145833333333334,0.1935763888888889
12,117,2,33.184130995,35.584280417,01/06/2025,4,0.43005729369956697,0.457802103629797,0.9335169837276146,0.3613007229739711,2.8585581526199153,487.77777777777777,0.6270833333333334,0.17795138888888892
12,118,3,33.184066582,35.584331512,01/06/2025,4,0.4040806483688393,0.45101217901105783,0.892204654712957,0.36694741197321235,3.0607214018294036,482.0,0.5854166666666667,0.19184027777777782
12,119,2,33.184074793,35.584313375,01/06/2025,4,0.4040806483688393,0.45101217901105783,0.892204654712957,0.36694741197321235,3.0607214018294036,482.0,0.5854166666666667,0.19184027777777782
12,120,2,33.184297098,35.584346217,01/06/2025,4,0.40995536232741037,0.4481681089179672,0.9110146164393742,0.36728693344337066,3.0162649802318,503.3333333333333,0.4708333333333333,0.2222222222222222
12,121,1,33.184274322,35.58437223,01/06/2025,4,0.40938395455192444,0.45692754159282334,0.8899132682307235,0.37696067361019164,2.9103548143998657,493.22222222222223,0.5708333333333333,0.2074652777777778
12,122,2,33.184213238,35.584408378,01/06/2025,4,0.41532006882823685,0.4671546492513403,0.8792300841342576,0.38268783040184606,2.808816161726071,483.6666666666667,0.6604166666666667,0.2508680555555556
12,123,3,33.184208257,35.584427553,01/06/2025,4,0.40010032109832583,0.4597299406703924,0.8641367076488206,0.3556615130023582,2.584627220713898,492.8888888888889,0.66875,0.2552083333333333
12,124,3,33.184454693,35.584458557,01/06/2025,4,0.42438079112641736,0.4454363967476045,0.9499987107900192,0.3570864516124893,3.445184566025882,505.0,0.4069381598793364,0.18489583333333334
12,125,3,33.18445595,35.584484998,01/06/2025,4,0.4270470506708855,0.4460314504352877,0.9548429923922045,0.35631612392178236,3.901363669197544,504.8888888888889,0.304854826546003,0.15625
12,126,3,33.184368415,35.584504552,01/06/2025,4,0.4075761831329909,0.44088291829366394,0.9227072178898467,0.34169106344177225,4.034159127851422,510.0,0.35453431372549016,0.1527777777777778
12,127,2,33.18436111,35.584522137,01/06/2025,4,0.38831478002721553,0.4294051299366457,0.9075087969308101,0.33019926235883384,2.98515977257187,522.7777777777778,0.5232843137254903,0.2230902777777778
12,128,2,33.184637052,35.584566185,01/06/2025,4,0.4107190274331973,0.44816810129016094,0.9126471377620535,0.3331511618464632,2.407472794574877,503.77777777777777,0.71875,0.33333333333333326
12,129,2,33.184510735,35.584579917,01/06/2025,4,0.42681378347667137,0.46192957625658543,0.9167816372784312,0.3434527831699134,2.98515977257187,492.44444444444446,0.5708333333333333,0.2230902777777778
12,130,2,33.18450292,35.584604105,01/06/2025,4,0.39421172778046887,0.44763365507701736,0.8788516733304821,0.31948054897575395,3.734157244179387,503.8888888888889,0.4375,0.1484375
12,131,2,33.184800562,35.584671052,01/06/2025,4,0.3881770281296435,0.4064323374055532,0.9577562445511033,0.30737188610154503,3.4097126206940414,522.6666666666666,0.5036764705882353,0.20225694444444445
12,132,2,33.184661677,35.584694635,01/06/2025,4,0.38467255379241466,0.4257634381792373,0.9070139886572035,0.32442630683825047,3.7162190251672547,517.5555555555555,0.37083333333333335,0.14756944444444445
12,133,3,33.184672565,35.58468571,01/06/2025,4,0.39403882617046193,0.4365504413366364,0.902910416999288,0.3315720787648195,3.6605306435374008,511.22222222222223,0.39583333333333337,0.13975694444444445
12,134,3,33.184962885,35.584768473,01/06/2025,4,0.359768847756053,0.3888875885659193,0.9347655915161215,0.27591377689001184,4.0180987125771095,505.3333333333333,0.4208333333333334,0.12847222222222224
12,135,2,33.18495426,35.584782515,01/06/2025,4,0.359768847756053,0.3888875885659193,0.9347655915161215,0.27591377689001184,4.0180987125771095,505.3333333333333,0.4208333333333334,0.12847222222222224
12,136,3,33.184809337,35.58478054,01/06/2025,4,0.33041169976608603,0.386304428597406,0.8815361330572864,0.2518306686547546,3.5328800864218324,507.0,0.39105392156862745,0.1762152777777778
12,137,2,33.184817277,35.584764663,01/06/2025,4,0.33041169976608603,0.386304428597406,0.8815361330572864,0.2518306686547546,3.5328800864218324,507.0,0.39105392156862745,0.1762152777777778
12,138,3,33.184953912,35.584845518,01/06/2025,4,0.3764181502477898,0.4154932390634086,0.9118873129189105,0.2960862696253357,3.2116506720657205,505.44444444444446,0.5416666666666666,0.2074652777777778
12,139,3,33.184956517,35.584875627,01/06/2025,4,0.3622888682882455,0.41825381185668614,0.8773358406127337,0.2986793166351772,3.580884111388143,508.6666666666667,0.4125,0.16145833333333331
12,140,1,33.185109998,35.584940212,01/06/2025,4,0.3733009358278949,0.3922187782618407,0.9577695530593261,0.2680750768899265,2.407472794574877,516.5555555555555,0.6436274509803921,0.3333333333333332
12,141,2,33.18506981,35.584887362,01/06/2025,4,0.3649340711353304,0.39298255165530727,0.9376708550115924,0.2784735830100181,4.160906066166138,513.6666666666666,0.31318815987933635,0.125
12,142,3,33.185051092,35.584958315,01/06/2025,4,0.3280739763508837,0.37966288039303553,0.8899056582618682,0.2535080171582982,2.472854814399865,345.77777777777777,0.5004453681710214,0.24131944444444445
12,143,2,33.185046362,35.584976137,01/06/2025,4,0.3280739763508837,0.37966288039303553,0.8899056582618682,0.2535080171582982,2.472854814399865,345.77777777777777,0.5004453681710214,0.24131944444444445
12,144,2,33.184892468,35.58479606,01/06/2025,4,0.34094066651920335,0.38818812269473546,0.8974679305432579,0.27726859811392146,2.5743440261990314,510.0,0.46875000000000006,0.2135416666666667
12,145,2,33.18488005,35.584867878,01/06/2025,4,0.291061954532557,0.3810278911170786,0.8174060973808147,0.24697123976358012,3.592354106677527,521.5555555555555,0.3958333333333333,0.15538194444444445
12,146,2,33.184868562,35.584886468,01/06/2025,4,0.2630768258122692,0.36955808608767365,0.7895644471663068,0.2191519908718409,4.188461982762677,543.4444444444445,0.35993589743589743,0.12239583333333334
12,147,2,33.184792922,35.58475537,01/06/2025,4,0.3526872708437079,0.40466876461467405,0.8883324052299807,0.2730085726598854,4.4193721485946105,508.55555555555554,0.3484822775263952,0.12847222222222224
12,148,2,33.184740833,35.584687648,01/06/2025,4,0.39751306950110166,0.4290807100459722,0.9271409428445015,0.3156854686878485,3.503580670660026,512.2222222222222,0.4786764705882353,0.13715277777777776
12,149,2,33.18456058,35.584584838,01/06/2025,4,0.406327411576447,0.4526319219820343,0.8929239988003127,0.32271606333969427,4.186772210336683,490.77777777777777,0.4139705882352941,0.12586805555555555
12,150,2,33.184565495,35.584601172,01/06/2025,4,0.3968573664023936,0.4448145154406827,0.8901823627725973,0.3231966824279806,3.6768445884045264,493.8888888888889,0.3096813725490196,0.1857638888888889
12,151,3,33.18457413,35.584677877,01/06/2025,4,0.3868481772258886,0.44363997824001017,0.8718534552482953,0.32724965277580315,3.3129072918469555,516.0,0.5208333333333334,0.1579861111111111
12,152,2,33.184566543,35.584694765,01/06/2025,4,0.36096815537420107,0.43927118546279265,0.8322509810183681,0.3197934527342655,3.046045387374944,525.7777777777778,0.5833333333333334,0.21093750000000003
12,153,2,33.184422298,35.584509087,01/06/2025,4,0.4368486684771478,0.45295620935738623,0.9608998611616618,0.36453069526599013,3.7064002017748097,506.3333333333333,0.36134992458521875,0.1440972222222222
12,154,2,33.184413273,35.58452042,01/06/2025,4,0.4217107431447154,0.442528269391293,0.950723056019424,0.35260133065748334,4.324546753088499,514.2222222222222,0.39448529411764705,0.12586805555555558
12,155,2,33.184388993,35.584571983,01/06/2025,4,0.38711962325952065,0.4308035220874293,0.9035118447221806,0.33762565238695036,3.4216572441793867,528.6666666666666,0.5625,0.1840277777777778
12,156,3,33.184383627,35.584586525,01/06/2025,4,0.351333415403726,0.42468077339736854,0.8450548087948649,0.32244595588373004,3.259151638767299,535.2222222222222,0.5250000000000001,0.1597222222222222
12,157,1,33.184253348,35.584405278,01/06/2025,4,0.406221996538879,0.46163263578140573,0.8724013408233098,0.3649233078973793,2.5432405062337864,480.0,0.6875,0.22135416666666669
12,158,1,33.184250652,35.584426318,01/06/2025,4,0.3964245930018911,0.459116581190711,0.8580377135473779,0.34995362434049676,2.4842148111395685,481.1111111111111,0.6375,0.2647569444444444
12,159,2,33.184233367,35.584476795,01/06/2025,4,0.34492800388375566,0.4321367563395159,0.8147420535177261,0.33877989951783777,3.4430303358642105,513.8888888888889,0.48750000000000004,0.2013888888888889
12,160,2,33.18409682,35.584305142,01/06/2025,4,0.42261751058048735,0.45125706883060157,0.9320578894508961,0.36037165233673263,3.471748162958363,488.55555555555554,0.5874999999999999,0.1519097222222222
12,161,2,33.184088425,35.584310077,01/06/2025,4,0.42261751058048735,0.45125706883060157,0.9320578894508961,0.36037165233673263,3.471748162958363,488.55555555555554,0.5874999999999999,0.1519097222222222
12,162,2,33.184067373,35.584387057,01/06/2025,4,0.38673536296937455,0.46353897662099225,0.8295648387692176,0.37092610576629015,4.387046753088499,489.0,0.2561317822347234,0.11458333333333334
12,163,2,33.184074752,35.584373145,01/06/2025,4,0.39755315608585434,0.4591336922457772,0.8601833403113989,0.36757536843438143,3.75951710029809,481.0,0.454854826546003,0.17708333333333337
12,164,2,33.183933948,35.584193735,01/06/2025,4,0.42856777573820426,0.45519927960221795,0.9360318291998699,0.3605059876056601,2.078838679766182,479.1111111111111,0.7708333333333334,0.32812500000000006
12,165,3,33.183923218,35.584281862,01/06/2025,4,0.411897336510297,0.45578233795909434,0.8978010910248452,0.3317637032836024,2.7209182436918926,488.1111111111111,0.6770833333333334,0.2222222222222222
12,166,3,33.183761742,35.584100012,01/06/2025,4,0.40770743093975675,0.443122274796948,0.917630395505962,0.3427132521698147,4.275693045422949,489.0,0.35992647058823535,0.12152777777777778
12,167,3,33.1837652,35.584187033,01/06/2025,4,0.39925039819435576,0.46777442894454224,0.8456024949492754,0.3398068714868905,2.060056248918266,476.77777777777777,0.7625,0.38628472222222227
12,168,3,33.183758943,35.584205178,01/06/2025,4,0.35980263782799493,0.45275515009089173,0.801076596657587,0.30557324831213156,1.1625311359020314,492.22222222222223,0.8541666666666666,0.546875
12,169,3,33.183604362,35.584014462,01/06/2025,4,0.407624908375651,0.4539233987816494,0.8925294540855,0.35527010731681563,3.7377064486295217,478.22222222222223,0.48958333333333337,0.1371527777777778
12,170,1,33.183600267,35.584025297,01/06/2025,4,0.4051849660496254,0.4476796618900646,0.9014287768121447,0.34408228339425734,4.042612115783682,484.22222222222223,0.49375,0.14149305555555558
12,171,3,33.183614987,35.58410624,01/06/2025,4,0.3817311318960091,0.4273574997080425,0.8994335592494822,0.33427167562394783,2.3684375810505314,512.7777777777778,0.6979166666666667,0.2404513888888889
12,172,3,33.183607487,35.584123942,01/06/2025,4,0.3817311318960091,0.4273574997080425,0.8994335592494822,0.33427167562394783,2.3684375810505314,512.7777777777778,0.6979166666666667,0.2404513888888889
12,173,3,33.18343705,35.583901803,01/06/2025,4,0.41539778642498454,0.45660279896707645,0.9036327638496656,0.3444485328532081,3.5676802099059772,477.8888888888889,0.575,0.1675347222222222
12,174,2,33.183429673,35.583919888,01/06/2025,4,0.4194950318909394,0.4636064201408432,0.8966379037670422,0.35772378119172493,3.5656162129243487,477.6666666666667,0.5104166666666666,0.16319444444444445
12,175,3,33.183425703,35.58397777,01/06/2025,4,0.3900944382267077,0.45056257893630747,0.8643565562679333,0.3479508748836708,3.830528452192175,488.1111111111111,0.4791666666666667,0.13368055555555558
12,176,3,33.183419873,35.583999983,01/06/2025,4,0.3900944382267077,0.45056257893630747,0.8643565562679333,0.3479508748836708,3.830528452192175,488.1111111111111,0.4791666666666667,0.13368055555555558
13,24,2,33.183340975,35.583649787,05/06/2025,0,0.5400013777530387,0.5872915011532096,0.8723468910383804,0.406336837168666,4.759892522926826,909.0,0.182145600782439,0.11197916666666669
13,25,2,33.183405773,35.58365562,05/06/2025,0,0.49688240273401685,0.5568353630026033,0.8502855384608039,0.37934386033130185,5.292481250360577,930.6666666666666,0.06322401931055295,0.10416666666666669
13,26,2,33.18327882,35.583671265,05/06/2025,0,0.572872928211897,0.6143104994339,0.8803599142722663,0.42367775554308507,4.353846168850305,883.0,0.23204975337328276,0.125
13,27,1,33.183384408,35.583665087,05/06/2025,0,0.5211242018030109,0.5731258272346138,0.864960208987501,0.3934856003242877,4.804585169337801,920.7777777777778,0.09501563904164512,0.11111111111111112
13,28,3,33.183421907,35.58366474,05/06/2025,0,0.4753798835835721,0.5410921236596793,0.8403820111525072,0.36310404011279807,5.0485332098491895,942.8888888888889,0.10429195073375522,0.10763888888888891
13,29,2,33.183413827,35.583749748,05/06/2025,0,0.5850858126993802,0.6157489440938444,0.9086488944765448,0.4274904551242711,3.9830072301048833,892.7777777777778,0.4770833333333334,0.14409722222222224
13,30,2,33.183419493,35.583754065,05/06/2025,0,0.5784572208936044,0.6119887356404686,0.9014125097148344,0.42042541935436994,4.347534316583503,897.8888888888889,0.39534313725490194,0.12239583333333334
13,31,2,33.183444822,35.583677362,05/06/2025,0,0.4753798835835721,0.5410921236596793,0.8403820111525072,0.36310404011279807,5.0485332098491895,942.8888888888889,0.10429195073375522,0.10763888888888891
13,32,2,33.183444093,35.5836959,05/06/2025,0,0.5275641334374458,0.573786495874826,0.8775797286102147,0.3887594342857175,5.292481250360577,926.5555555555555,0.09971036577367458,0.10416666666666669
13,33,1,33.183472188,35.583696302,05/06/2025,0,0.5091473059185927,0.5603190126996275,0.8683504570666073,0.3755477517919147,5.292481250360577,940.1111111111111,0.08226381854771558,0.10416666666666669
13,34,2,33.183494078,35.583708643,05/06/2025,0,0.49277379676205474,0.5488283179344776,0.8588452857407547,0.36381303616671246,5.292481250360577,949.6666666666666,0.07741475002217647,0.10416666666666669
13,35,1,33.18349499,35.58372554,05/06/2025,0,0.5340819324933547,0.5780568556911017,0.8819069714400802,0.38879812292008054,5.0901998765158565,928.3333333333334,0.10754055719443092,0.10416666666666669
13,36,2,33.18354211,35.583753632,05/06/2025,0,0.54243885909568,0.584322298680284,0.8859807238210435,0.39928687925676043,4.846251836004467,920.8888888888889,0.1795673294417914,0.1076388888888889
13,38,2,33.183654748,35.58379738,05/06/2025,0,0.49937560584020346,0.5581081168066333,0.8515574754422358,0.3764081252524568,5.0901998765158565,950.1111111111111,0.08648077898151373,0.10416666666666669
13,39,2,33.183649103,35.58381395,05/06/2025,0,0.49937560584020346,0.5581081168066333,0.8515574754422358,0.3764081252524568,5.0901998765158565,950.1111111111111,0.08648077898151373,0.10416666666666669
13,40,3,33.18357413,35.58384302,05/06/2025,0,0.5717008340508317,0.605753581843276,0.9011362145364217,0.41960556596020665,3.899804762194655,908.4444444444445,0.3573529411764706,0.1328125
13,41,2,33.183568927,35.583857708,05/06/2025,0,0.5744480885660229,0.6091639578356185,0.8986788331290398,0.41878294859383236,3.692009586131382,912.4444444444445,0.39534313725490194,0.1623263888888889
13,42,2,33.183667175,35.583826202,05/06/2025,0,0.5251783348617439,0.5768542581110854,0.866277299894025,0.3994056084656373,5.292481250360577,942.4444444444445,0.09947356332849286,0.10416666666666669
13,43,3,33.183643803,35.583878668,05/06/2025,0,0.5731093873316264,0.6004768084219081,0.9208389301920197,0.42013795089136474,5.048533209849189,937.3333333333334,0.25334183924571296,0.1076388888888889
13,44,3,33.183628637,35.583893978,05/06/2025,0,0.5799296972003708,0.6031933582241575,0.9311285497765529,0.4143364610596697,4.188663108570716,932.8888888888889,0.32279411764705884,0.1154513888888889
13,45,2,33.183695452,35.583847187,05/06/2025,0,0.5048245154146698,0.561208881415244,0.8575530636266442,0.3838534602959883,5.063314583693911,956.1111111111111,0.17244368623672784,0.11197916666666669
13,46,2,33.183724567,35.583858615,05/06/2025,0,0.5245000344538424,0.5641935153644307,0.8943148756916453,0.3863964341180986,4.8193665431825226,958.1111111111111,0.24078242835595776,0.1154513888888889
13,47,2,33.183762173,35.583879683,05/06/2025,0,0.5076864099279543,0.5507469335375071,0.8878181460056211,0.3722472629675189,4.846251836004466,971.4444444444445,0.16816410867881457,0.1076388888888889
13,48,2,33.183774913,35.583871242,05/06/2025,0,0.49000852177641896,0.540309833939284,0.8733306071333581,0.3649896811068419,5.0485332098491895,983.5555555555555,0.15694407076760022,0.10763888888888891
13,49,3,33.183808437,35.583891458,05/06/2025,0,0.5100661196958356,0.5589862155782658,0.8741457295942597,0.37962043544150137,5.0485332098491895,969.8888888888889,0.16450261913497208,0.1076388888888889
13,50,2,33.183801752,35.583902875,05/06/2025,0,0.5100661196958356,0.5589862155782658,0.8741457295942597,0.37962043544150137,5.0485332098491895,969.8888888888889,0.16450261913497208,0.1076388888888889
13,51,3,33.183722155,35.58393322,05/06/2025,0,0.5654739556668479,0.5968012782129909,0.9101363234480314,0.40746117484769884,3.793093107165021,922.3333333333334,0.382843137254902,0.1362847222222222
13,52,1,33.183709945,35.583942073,05/06/2025,0,0.5752318470991223,0.602634828393432,0.919720108787227,0.41228249604403805,4.8045851693378,919.1111111111111,0.32257220455749863,0.11111111111111112
13,53,1,33.183981722,35.583981352,05/06/2025,0,0.45681559544672345,0.5354838413565484,0.8123918983092264,0.3495570934897208,4.959147917027245,994.8888888888889,0.1846894745424157,0.11111111111111112
13,54,3,33.183869465,35.584019592,05/06/2025,0,0.5777848644123899,0.6189371158710206,0.8800325559493131,0.41989310072674574,4.377968813855583,901.6666666666666,0.36943815987933637,0.12239583333333334
13,55,3,33.18386289,35.584035335,05/06/2025,0,0.5777848644123899,0.6189371158710206,0.8800325559493131,0.41989310072674574,4.377968813855583,901.6666666666666,0.36943815987933637,0.12239583333333334
13,56,2,33.184009975,35.584101383,05/06/2025,0,0.585261854397639,0.6199248877459926,0.897000774845989,0.4194334271100016,3.0137771577575547,922.2222222222222,0.45416666666666666,0.2092013888888889
13,57,2,33.184005553,35.584117157,05/06/2025,0,0.5907355204380177,0.6239783138051257,0.9000688252240341,0.4207447352592652,2.472854814399865,921.7777777777778,0.5375,0.24131944444444445
13,58,2,33.184166042,35.584213185,05/06/2025,0,0.593838028954866,0.6220661456011458,0.9143901828008212,0.4390917897229559,2.061303984200316,930.8888888888889,0.64375,0.3628472222222222
13,59,2,33.184327513,35.58428952,05/06/2025,0,0.5781313824612515,0.6170824416801884,0.8860267494305943,0.4288503026975434,4.802694271103766,941.3333333333334,0.3576263197586727,0.1267361111111111
13,60,2,33.18431891,35.58430637,05/06/2025,0,0.5834057024619355,0.6195868765559065,0.8927541180310514,0.42942076204039364,4.819366543182522,935.8888888888889,0.32519796380090493,0.1154513888888889
13,61,2,33.184473012,35.584400473,05/06/2025,0,0.5860440042648783,0.6178560811177127,0.9054580755947474,0.42650522441918787,4.246393629661143,950.6666666666666,0.3911764705882353,0.12239583333333334
13,62,1,33.184480155,35.584383128,05/06/2025,0,0.5702671408190321,0.6109831341571166,0.8831174742266625,0.413677569494877,4.544372148594611,948.5555555555555,0.24746417797888387,0.12673611111111113
13,63,1,33.18447918,35.584382615,05/06/2025,0,0.5702671408190321,0.6109831341571166,0.8831174742266625,0.413677569494877,4.544372148594611,948.5555555555555,0.24746417797888387,0.12673611111111113
13,64,1,33.184649032,35.584476263,05/06/2025,0,0.56412050831868,0.6088922125108043,0.8727919501587849,0.4095023681859992,4.692623044017255,960.2222222222222,0.33313715299009417,0.11892361111111112
13,65,2,33.18478571,35.584588918,05/06/2025,0,0.5792524669885437,0.6139231330337942,0.8979922961665534,0.4170485124871346,4.29437214859461,958.5555555555555,0.2993872549019608,0.1371527777777778
13,66,2,33.18495201,35.584663277,05/06/2025,0,0.5471087389537186,0.5986419666209633,0.8578834698151718,0.40130058918827227,2.4389247528036693,998.0,0.675,0.3003472222222222
13,67,2,33.184944048,35.584676168,05/06/2025,0,0.5471087389537186,0.5986419666209633,0.8578834698151718,0.40130058918827227,2.4389247528036693,998.0,0.675,0.3003472222222222
13,68,3,33.185211112,35.58473142,05/06/2025,0,,,,,,,,
13,69,1,33.185209163,35.584748317,05/06/2025,0,0.4049853122868544,0.5140512353244149,0.7598384194088199,0.29727791920849966,4.2229250747848,1155.4444444444443,0.3669117647058824,0.13628472222222224
13,70,2,33.18522875,35.584785562,05/06/2025,0,,,,,,,,
13,71,2,33.18496718,35.584720162,05/06/2025,0,0.5470452790777107,0.5945760652730052,0.8684705428821147,0.39917265454696804,2.4342268927224753,1005.6666666666666,0.6583333333333333,0.359375
13,72,1,33.184955002,35.584735952,05/06/2025,0,0.5510511008389989,0.5983611704224593,0.8684652105454778,0.3985282004120482,3.024959295582582,989.5555555555555,0.3645833333333333,0.22309027777777782
13,73,3,33.184811513,35.584631455,05/06/2025,0,0.5852526540514578,0.6233612412244188,0.8868952506150871,0.42997849233546953,4.544372148594611,946.3333333333334,0.3311274509803921,0.1267361111111111
13,74,1,33.184646417,35.584570203,05/06/2025,0,0.5865350304897743,0.6214165094311298,0.8963543519265207,0.4330595430861261,2.6803278049520918,942.6666666666666,0.5729166666666667,0.2612847222222222
13,75,1,33.18451505,35.584449657,05/06/2025,0,0.5891949834432227,0.6220608949757432,0.9016736160078427,0.4272274498053766,4.230519407630638,942.1111111111111,0.36135935143288084,0.12586805555555555
13,76,1,33.184371233,35.584291258,05/06/2025,0,0.570092839171314,0.61349561796232,0.8753810987913149,0.4244447778431975,4.675687440010859,943.5555555555555,0.3392439668174962,0.1154513888888889
13,77,2,33.184355772,35.584358753,05/06/2025,0,0.586108258458336,0.6187519108009963,0.9026740526899926,0.42814434976642,3.6650891943041093,942.8888888888889,0.4916666666666667,0.16493055555555555
13,78,3,33.184205282,35.584266892,05/06/2025,0,0.5956238544454381,0.6212793610390402,0.921774440106902,0.43422315812589796,4.43173939949947,934.8888888888889,0.3064214667155844,0.11892361111111112
13,79,2,33.184194715,35.584289723,05/06/2025,0,0.5954659425703138,0.6231190472282608,0.9158681563456574,0.42841902389460046,4.128987962506982,932.2222222222222,0.3348039215686274,0.1345486111111111
13,80,3,33.184060657,35.584179655,05/06/2025,0,0.5856793690274666,0.6190714203627211,0.9004036530014774,0.427353516508678,3.4252801481639046,937.1111111111111,0.48700980392156856,0.16319444444444445
13,81,2,33.183877972,35.58398514,05/06/2025,0,0.5590649525458079,0.6058463511047812,0.8684809733463956,0.4155961738729889,3.992492461184755,922.0,0.35808823529411765,0.13194444444444445
13,82,2,33.183755828,35.583902455,05/06/2025,0,0.5379738317110312,0.5749213542966936,0.8985076867195736,0.39284502695672274,4.159037234815498,948.1111111111111,0.229602085116791,0.15104166666666669
13,83,3,33.183739807,35.583988108,05/06/2025,0,0.5720310176054499,0.6021739352324216,0.9120928302705349,0.4073252740185297,4.294372148594611,923.1111111111111,0.37916666666666665,0.1371527777777778
13,84,3,33.183786553,35.584016998,05/06/2025,0,0.5765510365535199,0.6123831656526152,0.8951100515582932,0.41775519538076306,4.596251836004467,918.1111111111111,0.36579175329175334,0.11805555555555555
13,85,3,33.183785112,35.584018663,05/06/2025,0,0.5765510365535199,0.6123831656526152,0.8951100515582932,0.41775519538076306,4.596251836004467,918.1111111111111,0.36579175329175334,0.11805555555555555
13,86,1,33.183586345,35.583825855,05/06/2025,0,0.563096012105036,0.5987785529291684,0.8983371577877652,0.4105459705553832,4.4486750035058655,915.0,0.329788838612368,0.1154513888888889
13,87,1,33.183594508,35.583804277,05/06/2025,0,0.5419771056580351,0.5847492685624694,0.8825789344234448,0.40152984450125184,4.804585169337801,923.4444444444445,0.15062650320003262,0.11111111111111112
13,88,3,33.183627737,35.583942933,05/06/2025,0,0.5759172905232726,0.6022769639307691,0.9227052373354289,0.4088003147109897,3.5964669744305637,933.5555555555555,0.4541666666666667,0.1597222222222222
13,89,3,33.183634738,35.58392777,05/06/2025,0,0.5788995212534661,0.6029812156879784,0.9288700192014065,0.40840231153870293,4.159553325202166,931.7777777777778,0.5062500000000001,0.1371527777777778
13,90,2,33.183489682,35.58384219,05/06/2025,0,0.5770939778386412,0.6089078673265756,0.9065217717878045,0.4192042016375497,4.396647917027245,916.5555555555555,0.44950980392156864,0.17274305555555555
13,91,2,33.183483287,35.58385752,05/06/2025,0,0.5784238726398891,0.6103873620862308,0.9059052060756821,0.4177428540740736,3.471748162958363,921.5555555555555,0.5874999999999999,0.1519097222222222
13,92,1,33.183333755,35.5837481,05/06/2025,0,0.5918527887384017,0.6219887482739065,0.9091118393416383,0.420366182125066,2.68514304294886,882.4444444444445,0.65625,0.23524305555555552
13,93,1,33.182895612,35.583563345,05/06/2025,0,0.6031617517286328,0.6308245153142503,0.9146478458463662,0.4613467361559398,4.434153522439333,593.2222222222222,0.31670472546156114,0.1328125
13,94,1,33.18283631,35.583630807,05/06/2025,0,0.5956114003621943,0.6194687848345865,0.9275253545937705,0.4383599424266477,3.163345695138842,627.3333333333334,0.43998682732677447,0.2048611111111111
13,95,3,33.183369293,35.583825388,05/06/2025,0,0.5865421417527288,0.6120592570830587,0.9236031138776936,0.42223386047142036,3.764746274839393,915.8888888888889,0.5104166666666667,0.15885416666666669
13,96,3,33.183387877,35.583818468,05/06/2025,0,0.5865421417527288,0.6120592570830587,0.9236031138776936,0.42223386047142036,3.764746274839393,915.8888888888889,0.5104166666666667,0.15885416666666669
13,98,2,33.183438402,35.583861482,05/06/2025,0,0.5816511130514829,0.608549860503671,0.9201085422150954,0.4211507801689193,3.6103088593353205,925.4444444444445,0.5333333333333333,0.15711805555555555
13,99,3,33.183423548,35.583878907,05/06/2025,0,0.5776360436037535,0.6047433747047349,0.9201236212152794,0.41765238272325955,3.6054140482403754,933.8888888888889,0.5020833333333332,0.1701388888888889
13,100,3,33.183427477,35.583948513,05/06/2025,0,0.5475722564853948,0.5923376872981387,0.8769035772120379,0.3946007405469676,3.9015647950055823,953.7777777777778,0.39791666666666664,0.13541666666666666
13,101,2,33.183420537,35.583963707,05/06/2025,0,0.5475722564853948,0.5923376872981387,0.8769035772120379,0.3946007405469676,3.9015647950055823,953.7777777777778,0.39791666666666664,0.13541666666666666
13,102,3,33.183504205,35.583903558,05/06/2025,0,0.5757157910752123,0.610572334474159,0.8980011065910135,0.41312190017759653,1.940963539728051,922.2222222222222,0.6875,0.3194444444444444
13,103,3,33.183598177,35.583956563,05/06/2025,0,0.5763634581198571,0.6054665288307635,0.9146072986784328,0.4104436798020812,2.4097279562666003,932.5555555555555,0.6224264705882353,0.2881944444444445
13,104,3,33.183591233,35.583973528,05/06/2025,0,0.5763634581198571,0.6054665288307635,0.9146072986784328,0.4104436798020812,2.4097279562666003,932.5555555555555,0.6224264705882353,0.2881944444444445
13,105,3,33.183597428,35.584040553,05/06/2025,0,0.5511990335647554,0.598009921827515,0.8706437036758629,0.3871739933294726,2.561047859822814,943.2222222222222,0.56875,0.22135416666666669
13,106,2,33.18359093,35.584060073,05/06/2025,0,0.5511990335647554,0.598009921827515,0.8706437036758629,0.3871739933294726,2.561047859822814,943.2222222222222,0.56875,0.22135416666666669
13,107,3,33.183776647,35.584063913,05/06/2025,0,0.5770765589174681,0.6106358664064296,0.90160732402941,0.41913309749018046,4.102303795493077,933.1111111111111,0.35329175329175333,0.16319444444444445
13,108,3,33.183783543,35.58408049,05/06/2025,0,0.5774938232877308,0.609443760319542,0.9062651876373704,0.41583353348573504,3.9192502555586874,939.8888888888889,0.36409313725490194,0.1736111111111111
13,109,3,33.183765335,35.584140815,05/06/2025,0,0.572429269352596,0.6047204542156822,0.906242527523914,0.40652046941174497,4.433281772856699,945.1111111111111,0.364093137254902,0.1310763888888889
13,110,3,33.183755443,35.584155257,05/06/2025,0,0.5468801683681442,0.5931483082431299,0.87335713861313,0.38247224470620345,3.556739399499471,960.2222222222222,0.5479166666666666,0.1796875
13,111,3,33.183950983,35.584164983,05/06/2025,0,0.5937776854893948,0.6251350630315806,0.9049992386380077,0.42417590585914294,3.819513942251288,928.5555555555555,0.5187499999999999,0.14322916666666669
13,112,1,33.183954938,35.58417649,05/06/2025,0,0.5937776854893948,0.6251350630315806,0.9049992386380077,0.42417590585914294,3.819513942251288,928.5555555555555,0.5187499999999999,0.14322916666666669
13,113,2,33.183916327,35.584230625,05/06/2025,0,0.5807631710018906,0.6189940444613486,0.887639186030917,0.42137045002318047,3.7910862760721145,947.2222222222222,0.457843137254902,0.13020833333333334
13,114,2,33.1839172,35.584225688,05/06/2025,0,0.5807631710018906,0.6189940444613486,0.887639186030917,0.42137045002318047,3.7910862760721145,947.2222222222222,0.457843137254902,0.13020833333333334
13,115,2,33.18391148,35.584239988,05/06/2025,0,0.5807631710018906,0.6189940444613486,0.887639186030917,0.42137045002318047,3.7910862760721145,947.2222222222222,0.457843137254902,0.13020833333333334
13,116,3,33.184136002,35.584262307,05/06/2025,0,0.5883056586729497,0.6181452146956233,0.9105755643896425,0.4235323244170071,3.9657380337859163,932.4444444444445,0.3620098039215686,0.11805555555555555
13,117,2,33.184130995,35.584280417,05/06/2025,0,0.5902899279884412,0.6200501436351572,0.9105639694017764,0.4166001029122365,4.273131523414322,938.3333333333334,0.3165441176470588,0.11458333333333334
13,118,3,33.184066582,35.584331512,05/06/2025,0,0.5802845681777553,0.6186219551718476,0.8874455906745887,0.4078148449910692,4.613187440010861,948.2222222222222,0.3631881598793364,0.11458333333333334
13,119,2,33.184074793,35.584313375,05/06/2025,0,0.5802845681777553,0.6186219551718476,0.8874455906745887,0.4078148449910692,4.613187440010861,948.2222222222222,0.3631881598793364,0.11458333333333334
13,120,2,33.184297098,35.584346217,05/06/2025,0,0.5916501079698835,0.621633302367159,0.9095962069819064,0.42364782439183246,3.8848925229268274,936.2222222222222,0.4458333333333333,0.1449652777777778
13,121,1,33.184274322,35.58437223,05/06/2025,0,0.5941908280435233,0.6197165624267825,0.9223685441841091,0.416898282092647,4.1902054819279435,947.1111111111111,0.4708333333333333,0.1362847222222222
13,122,2,33.184213238,35.584408378,05/06/2025,0,0.5861243662162576,0.6190553588433808,0.9026904174943385,0.41813655097515756,3.7306502730537434,949.1111111111111,0.426593137254902,0.140625
13,123,3,33.184208257,35.584427553,05/06/2025,0,0.5689133954306778,0.6079918828719656,0.8884166333012617,0.40778417672400546,4.4332817728566996,973.7777777777778,0.38026960784313724,0.12239583333333334
13,124,3,33.184454693,35.584458557,05/06/2025,0,0.5980314685395879,0.6256402663498982,0.9154940288953944,0.4312340172953145,3.0366622858982253,948.3333333333334,0.5479166666666667,0.2482638888888889
13,125,3,33.18445595,35.584484998,05/06/2025,0,0.5939795418470895,0.6223877311339362,0.9137340476649398,0.426790325237662,4.017617721195771,952.3333333333334,0.4419871794871795,0.13368055555555555
13,126,3,33.184368415,35.584504552,05/06/2025,0,0.582469154477304,0.6177558394343401,0.8955157187716972,0.420288288411989,1.4541978025686977,958.6666666666666,0.8541666666666666,0.532986111111111
13,127,2,33.18436111,35.584522137,05/06/2025,0,0.5733207775826314,0.6117366062744022,0.8883848329978159,0.40960946751722516,2.36580612790821,976.6666666666666,0.7395833333333333,0.3524305555555555
13,128,2,33.184637052,35.584566185,05/06/2025,0,0.5929487829684718,0.620347087971666,0.9176224021185361,0.43163688168946357,2.9616506720657205,950.5555555555555,0.5729166666666667,0.21788194444444445
13,129,2,33.184510735,35.584579917,05/06/2025,0,0.5903150518456971,0.6195255919162932,0.9126512379413497,0.4306404377025536,3.774340304458977,959.1111111111111,0.5224264705882353,0.1545138888888889
13,130,2,33.18450292,35.584604105,05/06/2025,0,0.5667357658278633,0.6110181834204643,0.8738633927220436,0.4032981921663588,4.3019664814404495,973.4444444444445,0.3437500000000001,0.13368055555555558
13,131,2,33.184800562,35.584671052,05/06/2025,0,0.5934501689607884,0.6256916815484536,0.9025623262651694,0.43187008152921974,3.716219025167254,949.4444444444445,0.2806372549019608,0.14756944444444445
13,132,2,33.184661677,35.584694635,05/06/2025,0,0.5559178652986141,0.600562516386678,0.8755130505969875,0.399045105589644,4.532008336839198,986.2222222222222,0.35110294117647056,0.1154513888888889
13,133,3,33.184672565,35.58468571,05/06/2025,0,0.5711948296281344,0.6106747107634489,0.8863995404787279,0.40592907162022623,3.5041188279300863,970.2222222222222,0.5062500000000001,0.1527777777777778
13,134,3,33.184962885,35.584768473,05/06/2025,0,0.5549562965075742,0.5994519610055643,0.8755723060423813,0.3970979897896525,3.6505711523870255,983.5555555555555,0.32708333333333334,0.17708333333333334
13,135,2,33.18495426,35.584782515,05/06/2025,0,0.5549562965075742,0.5994519610055643,0.8755723060423813,0.3970979897896525,3.6505711523870255,983.5555555555555,0.32708333333333334,0.17708333333333334
13,136,3,33.184809337,35.58478054,05/06/2025,0,0.5703091951787054,0.6140627132171335,0.87472923034209,0.4097049124648321,4.240341670172532,962.4444444444445,0.4583333333333333,0.1293402777777778
13,137,2,33.184817277,35.584764663,05/06/2025,0,0.5703091951787054,0.6140627132171335,0.87472923034209,0.4097049124648321,4.240341670172532,962.4444444444445,0.4583333333333333,0.1293402777777778
13,138,3,33.184953912,35.584845518,05/06/2025,0,0.5570535307221759,0.5970190708117382,0.8872751726943237,0.39789609244500823,2.766640612222875,992.6666666666666,0.65625,0.2387152777777778
13,139,3,33.184956517,35.584875627,05/06/2025,0,0.5492537947751372,0.5978214808657207,0.865604717407146,0.398394183434715,3.688926440498354,997.6666666666666,0.49325980392156865,0.16319444444444445
13,140,1,33.185109998,35.584940212,05/06/2025,0,0.5155093006552779,0.5763932446706899,0.8406187274453282,0.3788539633552529,4.602303795493077,1020.7777777777778,0.26229306795483265,0.1111111111111111
13,141,2,33.18506981,35.584887362,05/06/2025,0,0.5354388936866208,0.5916050816878949,0.8482832963912279,0.3944665174759573,3.873066868441476,995.4444444444445,0.5458333333333333,0.140625
13,142,3,33.185051092,35.584958315,05/06/2025,0,0.5100657210856958,0.5755928293684397,0.8303322658639528,0.37483117834622265,3.9090372348154983,688.5555555555555,0.34170667785864867,0.16145833333333334
13,143,2,33.185046362,35.584976137,05/06/2025,0,0.5100657210856958,0.5755928293684397,0.8303322658639528,0.37483117834622265,3.9090372348154983,688.5555555555555,0.34170667785864867,0.16145833333333334
13,144,2,33.184892468,35.58479606,05/06/2025,0,0.5673076615068768,0.6071230864384709,0.8858363011797271,0.4043032997297287,4.387918502671132,984.0,0.35245098039215694,0.125
13,145,2,33.18488005,35.584867878,05/06/2025,0,0.5282513953619142,0.5876631045139747,0.8419171043049803,0.3881577909680536,4.38920098325017,1031.3333333333333,0.3635086726998492,0.11892361111111112
13,146,2,33.184868562,35.584886468,05/06/2025,0,0.4863558289892897,0.5586123382510532,0.8211031198036255,0.3557826607944921,4.535906066166137,1096.6666666666667,0.19840864620276386,0.11458333333333334
13,147,2,33.184792922,35.58475537,05/06/2025,0,0.565750967500354,0.6123909366115837,0.8682941822498587,0.4075596867238244,4.406860937770433,968.6666666666666,0.3520833333333333,0.1328125
13,148,2,33.184740833,35.584687648,05/06/2025,0,0.5847772970899725,0.6161807050630738,0.9065420686234886,0.40879043123310993,3.6315329508699494,955.2222222222222,0.278186274509804,0.16145833333333337
13,149,2,33.18456058,35.584584838,05/06/2025,0,0.5931311443781352,0.6232217276572547,0.9099532686742532,0.43183811665549615,2.534479625667783,952.3333333333334,0.6270833333333333,0.2821180555555556
13,150,2,33.184565495,35.584601172,05/06/2025,0,0.5990204011373086,0.6203519319491937,0.9349396531712024,0.432935495442009,3.9759092242129412,956.5555555555555,0.5291666666666667,0.1796875
13,151,3,33.18457413,35.584677877,05/06/2025,0,0.5574524413082681,0.5977263230149742,0.8875374614575917,0.40045746676626737,5.06331458369391,990.3333333333334,0.28218325791855203,0.11197916666666669
13,152,2,33.184566543,35.584694765,05/06/2025,0,0.5161122152107865,0.5744515745911113,0.850144072798188,0.377996441359353,4.802694271103769,1040.111111111111,0.3664969834087481,0.1267361111111111
13,153,2,33.184422298,35.584509087,05/06/2025,0,0.5912195900302664,0.6224947121650265,0.9058765467833495,0.4192800565928528,4.332141085934337,947.0,0.37115384615384617,0.12239583333333334
13,154,2,33.184413273,35.58452042,05/06/2025,0,0.5807789246376159,0.6144996128975508,0.9007068093154368,0.40745346775050384,3.4911524854657547,959.1111111111111,0.40865384615384626,0.1623263888888889
13,155,2,33.184388993,35.584571983,05/06/2025,0,0.5602464914649857,0.6031159608368527,0.8796695659322129,0.38951363343325607,3.4584290997511093,992.2222222222222,0.4708333333333334,0.1623263888888889
13,156,3,33.184383627,35.584586525,05/06/2025,0,0.521252058140469,0.5833958685818232,0.8391533397029382,0.36964834092367777,3.600845695138842,1040.888888888889,0.37843137254901965,0.1623263888888889
13,157,1,33.184253348,35.584405278,05/06/2025,0,0.5946186071557784,0.6179131531487213,0.9292721921219201,0.41683843233805273,3.010824877547632,955.7777777777778,0.5286764705882353,0.1970486111111111
13,158,1,33.184250652,35.584426318,05/06/2025,0,0.5844947602324125,0.613903116465479,0.9129595973360476,0.4109231489795746,2.8637255972809204,965.6666666666666,0.5895833333333333,0.234375
13,159,2,33.184233367,35.584476795,05/06/2025,0,0.5167962687069733,0.5782895134529106,0.8408640911067176,0.3697817913446665,4.332141085934338,1036.6666666666667,0.36409313725490194,0.1310763888888889
13,160,2,33.18409682,35.584305142,05/06/2025,0,0.5858750127046863,0.618541277274194,0.9027709768844956,0.4122079847549298,4.804585169337801,937.3333333333334,0.2288744343891403,0.11111111111111112
13,161,2,33.184088425,35.584310077,05/06/2025,0,0.5858750127046863,0.618541277274194,0.9027709768844956,0.4122079847549298,4.804585169337801,937.3333333333334,0.2288744343891403,0.11111111111111112
13,162,2,33.184067373,35.584387057,05/06/2025,0,0.529239572344252,0.5889721848143801,0.8422997728284121,0.38758951460189944,4.37683373234531,1020.1111111111111,0.24382541478129716,0.11458333333333334
13,163,2,33.184074752,35.584373145,05/06/2025,0,0.5637974707003837,0.60846467040609,0.8736360525393692,0.4037108566788501,4.6811275426950285,976.3333333333334,0.2818156108597285,0.11458333333333334
13,164,2,33.183933948,35.584193735,05/06/2025,0,0.5923043729961542,0.6259293146967817,0.8986286998028916,0.42918081313101797,3.8130546909157204,932.5555555555555,0.46907051282051276,0.1753472222222222
13,165,3,33.183923218,35.584281862,05/06/2025,0,0.549407059290006,0.6001214580845661,0.8603808213876993,0.3951340015917511,5.048533209849189,987.3333333333334,0.2577186009538951,0.10763888888888891
13,166,3,33.183761742,35.584100012,05/06/2025,0,0.5753295580216221,0.6043439969565425,0.9152192467276488,0.40905333752955464,3.9789770342734108,947.3333333333334,0.43492647058823536,0.13975694444444448
13,167,3,33.1837652,35.584187033,05/06/2025,0,0.5400853363359932,0.5926326150562766,0.8585767165643081,0.3778080994928639,3.425280148163905,966.2222222222222,0.5145833333333334,0.16319444444444445
13,168,3,33.183758943,35.584205178,05/06/2025,0,0.4824068059011062,0.5658150505808403,0.7962033155493136,0.3393056498779074,2.438202089984486,1037.6666666666667,0.6645833333333333,0.26909722222222227
13,169,3,33.183604362,35.584014462,05/06/2025,0,0.5748176561490057,0.603302636302521,0.9172670322501327,0.4001186584984962,3.624679502183638,939.0,0.5208333333333334,0.15885416666666669
13,170,1,33.183600267,35.584025297,05/06/2025,0,0.5686952323393504,0.6029686283227225,0.9018267766366935,0.3953321989622197,3.5294468148305715,936.5555555555555,0.4625,0.14322916666666669
13,171,3,33.183614987,35.58410624,05/06/2025,0,0.5112208489583652,0.5831492468571582,0.81560664804798,0.3702500536085294,3.7484004607540484,981.0,0.5249999999999999,0.1684027777777778
13,172,3,33.183607487,35.584123942,05/06/2025,0,0.5112208489583652,0.5831492468571582,0.81560664804798,0.3702500536085294,3.7484004607540484,981.0,0.5249999999999999,0.1684027777777778
13,173,3,33.18343705,35.583901803,05/06/2025,0,0.5776360436037535,0.6047433747047349,0.9201236212152794,0.41765238272325955,3.6054140482403754,933.8888888888889,0.5020833333333332,0.1701388888888889
13,174,2,33.183429673,35.583919888,05/06/2025,0,0.5669048130048633,0.6006458987171739,0.9030938154798803,0.4098716780226896,3.8010947318578157,940.1111111111111,0.48125,0.1736111111111111
13,175,3,33.183425703,35.58397777,05/06/2025,0,0.5251654436608497,0.5794203756760118,0.8557827182989173,0.37147676042568006,3.8308841113881416,978.0,0.31433823529411764,0.15104166666666669
13,176,3,33.183419873,35.583999983,05/06/2025,0,0.5251654436608497,0.5794203756760118,0.8557827182989173,0.37147676042568006,3.8308841113881416,978.0,0.31433823529411764,0.15104166666666669
