image,Point_ID,Aleket_cnt,lat,long,date,Days_Before_Sample,ndvi,ndvi_std,gndvi,green_red_ratio,ndre,entropy,green,homogeneity,asm
1,1,0,33.141286912,35.604064998,04/06/2025,60,0.25685324266400467,0.022327703284680242,0.41397917945863627,0.7009354827870214,0.19545931315043838,4.434153522439333,853.8888888888889,0.2327452912943655,0.1328125
1,2,1,33.141094482,35.604051333,04/06/2025,60,0.3621786881666081,0.017053267067400884,0.48916703457084054,0.7328414655206877,0.27865809544989467,4.663320189106001,801.1111111111111,0.16383262841081686,0.125
1,3,0,33.141096643,35.60405209,04/06/2025,60,0.3556030503706722,0.01940094914789161,0.4834395151638933,0.7329309544044079,0.2758893932697928,4.461038815261277,799.5555555555555,0.22427841316532798,0.125
1,4,1,33.14089048,35.604042392,04/06/2025,60,0.3499768180795842,0.024543927286411946,0.483040737720901,0.7242843676077695,0.28224024255533814,3.9260947318578157,814.0,0.23791406909531662,0.14236111111111113
1,5,1,33.140682515,35.604029097,04/06/2025,60,0.36299447650413463,0.04691196475103008,0.4856955306135952,0.7418950705675267,0.2803480738663003,4.318959251335567,1237.6666666666667,0.3234652072887367,0.1371527777777778
1,6,1,33.140475232,35.60401586,04/06/2025,60,0.37076258092667086,0.03688048732100553,0.48988867239907397,0.7465174858997182,0.28853645869331374,1.9249935493429025,1275.4444444444443,0.7916666666666666,0.3315972222222222
1,7,1,33.14025896,35.604004345,04/06/2025,60,0.3490000884646979,0.03538796328429722,0.47268810008018725,0.7426561014305934,0.27167558156173705,4.431127542695028,1329.2222222222222,0.27809200603318257,0.12500000000000003
1,8,1,33.14006053,35.603991823,04/06/2025,60,0.34241410300916586,0.03070355953584019,0.4802627920694259,0.7173609326431477,0.2686383363194068,4.234898128338916,1327.7777777777778,0.32712104072398185,0.11805555555555555
1,9,1,33.139857173,35.603978323,04/06/2025,60,0.3364353715759036,0.04336383879814786,0.4719258599941031,0.7229771747507604,0.26805729311912735,4.85498125036058,1281.6666666666667,0.25707996651325205,0.12760416666666669
1,10,1,33.139658807,35.60396682,04/06/2025,60,0.37759752631529053,0.03890676667974844,0.49273331255452263,0.7520868818811444,0.2999914100118889,4.840199876515856,1181.6666666666667,0.1704568199421141,0.11458333333333334
1,11,1,33.139454662,35.603955217,04/06/2025,60,0.3625636847818633,0.047260603865426624,0.4865425156187562,0.7384461772509608,0.2763819222515776,3.9091591278514217,1162.4444444444443,0.1869352044352044,0.1388888888888889
1,12,1,33.13925451,35.603942585,04/06/2025,60,0.36310911285343905,0.05121934736777434,0.48079463682373613,0.7514903399313665,0.2980895689819516,4.846251836004468,1158.6666666666667,0.13286611838082424,0.1076388888888889
1,13,1,33.139058995,35.603930637,04/06/2025,60,0.3441540232951838,0.0507267059287686,0.465555043067616,0.7475666701327305,0.26886334523290933,3.8988242140723095,1188.6666666666667,0.19904151889446006,0.15104166666666669
1,14,1,33.138798595,35.603917333,04/06/2025,60,0.32357575772646086,0.04010043212953888,0.4507455935171275,0.7409291871100118,0.2539686346462625,4.596251836004467,1187.7777777777778,0.18578431372549015,0.11805555555555555
1,15,1,33.13859478,35.60390661,04/06/2025,60,0.34610886987456563,0.03996884426467259,0.46879951517905893,0.745442793023089,0.29085387541680185,3.760430680196888,1131.5555555555557,0.259712455668338,0.13628472222222224
1,16,0,33.138559323,35.603902088,04/06/2025,60,0.3426572368479797,0.03447823363869238,0.46952569509863434,0.7378691683509854,0.29315587170114704,3.600845695138842,752.1111111111111,0.2605613854411921,0.1623263888888889
1,17,0,33.138557745,35.603610512,04/06/2025,60,0.4570445511752123,0.007675779921607106,0.5411688244945622,0.7989588798115997,0.3570305525471458,3.78619146497717,676.2222222222222,0.2978079729368919,0.15885416666666666
1,18,0,33.138752198,35.603623265,04/06/2025,60,0.48575454338815693,0.009364920052406956,0.5722071743191365,0.7862447147858896,0.39381011460140364,3.7086246923214152,1051.7777777777778,0.4870098039215686,0.17708333333333334
1,19,0,33.138953912,35.603635937,04/06/2025,60,0.4914513401401095,0.009739396489477718,0.5669866240196452,0.8105173400681069,0.41126191264777406,4.292481250360579,1083.3333333333333,0.42708333333333337,0.13368055555555555
1,20,0,33.139149112,35.603646213,04/06/2025,60,0.4966883170059323,0.001827263783485114,0.5672438129346097,0.8211187223812915,0.37955961808450406,2.397274706395919,1091.7777777777778,0.6354166666666667,0.2552083333333333
1,21,0,33.139345078,35.603659013,04/06/2025,60,0.4981400074584601,0.0031957091046034133,0.5752577164536463,0.8049654457688744,0.3992625895550239,3.0738058689289702,1098.0,0.6145833333333333,0.20833333333333334
1,22,0,33.13955126,35.603671062,04/06/2025,60,0.4967124216021072,0.011917966783632423,0.5742006360624211,0.8047065344367513,0.39608526042756054,3.9015647950055827,1104.2222222222222,0.36610482654600307,0.15104166666666669
1,23,0,33.139754877,35.603683665,04/06/2025,60,0.49840718177472204,0.00509007685607124,0.5706273850385118,0.8167218583833842,0.38547408162781477,3.3051267657573082,1111.111111111111,0.5170343137254902,0.1909722222222222
1,24,1,33.139954508,35.603691305,04/06/2025,60,0.49282187435316616,0.004848802974503269,0.5723312906416089,0.8006843725833517,0.3760617085784166,2.7178220035626532,1118.3333333333333,0.65625,0.22743055555555555
1,25,0,33.140151657,35.603703738,04/06/2025,60,0.4571909571624891,0.019120481603387845,0.5489681161455541,0.782100760044684,0.37798743755664294,4.562907291846956,1195.0,0.40208333333333335,0.13368055555555558
1,26,0,33.140346113,35.603719147,04/06/2025,60,0.4918610727857349,0.0069831813313289874,0.5727177948923095,0.7979042346424666,0.39478574798341376,3.2596897960373594,1144.888888888889,0.51875,0.1736111111111111
1,27,0,33.140550507,35.603734958,04/06/2025,60,0.487826626139065,0.006229861737992635,0.5640001917123738,0.8100923061172095,0.38456509972640956,4.175424108083222,1143.5555555555557,0.42696078431372547,0.13194444444444448
1,28,1,33.140758675,35.603746657,04/06/2025,60,0.5005590074246474,0.005492647322106965,0.5687347558229807,0.8259839269101431,0.37847728903684813,4.317359712089615,1087.2222222222222,0.3316176470588235,0.1111111111111111
1,29,1,33.140959098,35.603758632,04/06/2025,60,0.4930214082616533,0.0058246297924067466,0.5661668693177508,0.81580604248774,0.37637190066380355,3.2284707462215683,1075.2222222222222,0.48683247727365375,0.19878472222222224
1,30,1,33.141164995,35.603769328,04/06/2025,60,0.4676514618693436,0.00842262395854755,0.5506573612321584,0.799061306601248,0.3633571552732794,2.7298687566511526,1101.3333333333333,0.60625,0.23958333333333334
1,31,1,33.141355642,35.603779397,04/06/2025,60,0.29437913474235694,0.04814305217543984,0.4364033061951634,0.7207817447723591,0.23817690522906376,4.317359712089615,1300.6666666666667,0.19939724226488934,0.1267361111111111
1,32,0,33.141362582,35.603782643,04/06/2025,60,0.29437913474235694,0.04814305217543984,0.4364033061951634,0.7207817447723591,0.23817690522906376,4.317359712089615,1300.6666666666667,0.19939724226488934,0.1267361111111111
1,33,0,33.14136001,35.603453605,04/06/2025,60,0.30610798743897155,0.040304916523127156,0.44446864505486006,0.7242095922614631,0.2346478578627521,4.532880086421832,1423.3333333333333,0.3182032428355958,0.11892361111111113
1,34,0,33.141170608,35.60342983,04/06/2025,60,0.46953652773184884,0.006852903572287303,0.5539884386757681,0.7951550076077837,0.3590677644949822,3.595437252310554,1142.888888888889,0.4979166666666666,0.1996527777777778
1,35,0,33.140905295,35.603415228,04/06/2025,60,0.4901618111102142,0.00908843418789949,0.5656439088259643,0.8110458480066012,0.3840839691783623,3.6889264404983546,1123.7777777777778,0.4281957013574661,0.14930555555555555
1,36,0,33.140694023,35.603406603,04/06/2025,60,0.49749222478518607,0.01085801935533245,0.5719766932029544,0.8115796074486662,0.389692634635745,4.376833732345311,1123.0,0.2993872549019608,0.11458333333333334
1,37,0,33.14049937,35.603392937,04/06/2025,60,0.4837681462689532,0.008195810559789435,0.5702170945711018,0.786886008606773,0.38255705779966953,4.105593107165021,1133.7777777777778,0.42242647058823524,0.1371527777777778
1,38,0,33.140300863,35.603382275,04/06/2025,60,0.4922220386491954,0.0033984457489568743,0.5740367180996632,0.7952845652729772,0.38467580332721846,4.433746230592377,1121.111111111111,0.40870098039215685,0.14583333333333334
1,39,0,33.140099232,35.603368717,04/06/2025,60,0.48300214256899643,0.01461420021381393,0.5627156099021405,0.802657954578933,0.367593611804079,5.0485332098491895,1109.4444444444443,0.22616036602765438,0.1076388888888889
1,40,0,33.139902152,35.60335784,04/06/2025,60,0.5012063025848179,0.00928123226196513,0.5706219262064377,0.8228987827131731,0.3949026920336992,4.414993427886333,1077.0,0.23547623415270472,0.11892361111111112
1,41,0,33.139703672,35.60334613,04/06/2025,60,0.5066866929306557,0.004483349484580127,0.5752317209706219,0.823577243544285,0.391094882981389,3.4831183320952186,1072.7777777777778,0.46862745098039216,0.17708333333333334
1,42,0,33.139498387,35.603332867,04/06/2025,60,0.49723573582149627,0.0029978443463998423,0.5682012136671184,0.8200127221567686,0.3991258525288105,1.9017529540140135,1088.7777777777778,0.6979166666666667,0.32552083333333337
1,43,0,33.139295938,35.603322305,04/06/2025,60,0.5101687103735038,0.0038888231967415046,0.5812030615839713,0.8166142879765105,0.3869984584573873,4.067359712089615,1058.7777777777778,0.3606240573152337,0.12152777777777779
1,44,0,33.139101065,35.603310657,04/06/2025,60,0.5106793952948192,0.00964157605846182,0.5750564915313284,0.8329986310079139,0.40183336270615905,4.117014908952864,1044.3333333333333,0.42483031674208144,0.1371527777777778
1,45,0,33.138908075,35.603298728,04/06/2025,60,0.5127538911440508,0.010019884489450577,0.5742816172652082,0.83978459383061,0.39844528195033035,2.9616506720657205,1034.3333333333333,0.5061274509803921,0.21788194444444442
1,46,0,33.13866311,35.603275047,04/06/2025,60,0.47577820415379296,0.007663167470096904,0.5500210670482625,0.8173330831267983,0.36652125157042215,4.047661460266555,1054.6666666666667,0.4604166666666667,0.14583333333333334
1,47,0,33.138581163,35.603280792,04/06/2025,60,0.431031399905519,0.012332836879250108,0.525270761865101,0.7827399862333417,0.3469224032682247,4.776828126933223,1022.7777777777778,0.30561493247468857,0.11545138888888891
1,48,0,33.138597765,35.60290721,04/06/2025,60,0.4358861003482691,0.00508020648114925,0.5245072026155004,0.7938849086458505,0.33941285159858336,3.9090372348154983,1004.5555555555555,0.2608360339977987,0.16145833333333334
1,49,0,33.138834982,35.602923243,04/06/2025,60,0.48183234682467524,0.0169092864144368,0.5592397652197038,0.8084380781726445,0.3827248227387075,3.89882421407231,1032.2222222222222,0.298929670620847,0.15104166666666669
1,50,0,33.139036682,35.602934995,04/06/2025,60,0.49601028257881574,0.009162693163220834,0.5777275610641252,0.7946445522695238,0.39386893737849304,3.9963936296611426,991.2222222222222,0.4416666666666666,0.12586805555555558
1,51,0,33.139241355,35.6029517,04/06/2025,60,0.4835549213513857,0.009055108067293958,0.5568411841712854,0.8178880461598771,0.3753995151807039,3.886434896284056,1051.2222222222222,0.4327205882352941,0.15538194444444445
1,52,0,33.139453945,35.602959962,04/06/2025,60,0.48185474387998195,0.004535393124955817,0.5629364249484113,0.7998051836278306,0.3725924893814222,2.9718226336265308,1051.0,0.3229166666666667,0.28125
1,53,0,33.139661677,35.602973688,04/06/2025,60,0.49977808190646555,0.007545341949052213,0.5669334550565295,0.828911132894809,0.3849882215676888,2.9691582108809653,1078.7777777777778,0.5958333333333333,0.20052083333333334
1,54,0,33.139872935,35.602986725,04/06/2025,60,0.4841431259314516,0.005363882451773456,0.561821614606252,0.807234374171366,0.39121293020022,2.4074727945748764,1113.3333333333333,0.6708333333333334,0.3333333333333333
1,55,0,33.140085903,35.60299451,04/06/2025,60,0.48717746036179554,0.010569384393744732,0.5643744987309487,0.8077055871872587,0.3641667809667052,3.3550067563934203,1128.5555555555557,0.31593137254901965,0.15190972222222224
1,56,0,33.14028589,35.603002758,04/06/2025,60,0.4621839223555812,0.016999775243902282,0.5470299119464446,0.79622216695387,0.346958975818631,4.5443721485946105,1176.4444444444443,0.336698717948718,0.1267361111111111
1,57,0,33.140491797,35.603008717,04/06/2025,60,0.479346161949481,0.006594247063650214,0.5582245586530464,0.8058645910128273,0.36485361965967933,4.071447073809811,1141.0,0.4125000000000001,0.12586805555555555
1,58,0,33.140701823,35.603020035,04/06/2025,60,0.47898933988051023,0.007976865374416121,0.5655260502877391,0.7879428057852241,0.3766126807012744,1.7908520829727552,1121.888888888889,0.39999999999999997,0.5138888888888888
1,59,0,33.1409083,35.603032117,04/06/2025,60,0.4666783953246554,0.002639121287770518,0.5595994035170805,0.7765851103593436,0.3633413297699111,3.6054140482403754,1143.7777777777778,0.5020833333333333,0.1701388888888889
1,60,0,33.141111607,35.60304688,04/06/2025,60,0.48189833187984743,0.005007806727028338,0.5613873378932716,0.8034622459207085,0.3707636857481732,3.9789770342734108,1155.4444444444443,0.46617647058823525,0.13975694444444445
1,61,0,33.141313127,35.60306078,04/06/2025,60,0.42914146498220496,0.02720431558525436,0.5293373517999606,0.7703620227039882,0.32963745491620955,4.923533209849188,1224.3333333333333,0.2977204863234275,0.1232638888888889
1,62,0,33.14139051,35.603068565,04/06/2025,60,0.287055052511498,0.030355238746204802,0.4328377215586592,0.714954919004934,0.22686066131338192,3.715738033785916,1543.0,0.41981548856548856,0.1527777777777778
1,63,0,33.141412005,35.602701403,04/06/2025,60,0.32502540960599274,0.0406647771305866,0.45908826180891477,0.72804384157526,0.2537509630930562,4.082141085934338,1402.7777777777778,0.43909313725490196,0.14149305555555558
1,64,0,33.141203282,35.602691407,04/06/2025,60,0.4759796465512397,0.014950252825811321,0.5617825455743092,0.7903793818760516,0.37858948578996643,4.2229250747848,1069.111111111111,0.3318028718764013,0.13628472222222224
1,65,0,33.140982287,35.602679077,04/06/2025,60,0.4639921613997864,0.008807687312888928,0.5448904792494595,0.8049293027819658,0.3613874716034011,1.3642943420934954,1090.7777777777778,0.8020833333333333,0.4609375
1,66,0,33.140769327,35.602664842,04/06/2025,60,0.45783435124576716,0.004218944420412803,0.5380168422804555,0.8078842571973716,0.3497002577613251,4.223406066166137,1099.111111111111,0.4169871794871795,0.12586805555555558
1,67,0,33.140495052,35.602649287,04/06/2025,60,0.4787946198579775,0.008471850550406277,0.5621593968030942,0.7952943248574742,0.37501048074173154,4.051094731857816,1108.5555555555557,0.30485482654600304,0.140625
1,68,0,33.140286277,35.602638978,04/06/2025,60,0.44212087981954684,0.016347760092243264,0.5305856846850544,0.7928140042864416,0.3466806599021439,4.610161460266555,1205.6666666666667,0.299483306836248,0.11892361111111112
1,69,0,33.140064585,35.602629978,04/06/2025,60,0.4725664187953246,0.006550714417748021,0.5536358725030502,0.8024109193610882,0.37202825189823335,3.6650891943041093,1150.4444444444443,0.3741044494720965,0.16493055555555555
1,70,0,33.139848443,35.60261067,04/06/2025,60,0.47485485883864187,0.005146440423519375,0.5592731238527747,0.7938714558676515,0.3791108825329943,3.068773058091759,1124.3333333333333,0.58125,0.1736111111111111
1,71,0,33.139635075,35.602597178,04/06/2025,60,0.47086255418155265,0.004137789657897964,0.5568015125469463,0.7914273455003032,0.36833864012023443,1.7639415206106652,1098.0,0.8104166666666667,0.46267361111111105
1,72,0,33.139425498,35.602584823,04/06/2025,60,0.48546063136210216,0.00652185004639347,0.5611940803876408,0.8115416978325386,0.3712358048927354,3.573194012124527,1070.4444444444443,0.3833333333333333,0.15190972222222224
1,73,0,33.139213838,35.602572743,04/06/2025,60,0.4897709851314988,0.009619013445026631,0.5670523043160993,0.806875736905532,0.3934676409969423,2.849598313565133,1014.5555555555555,0.5625,0.23784722222222227
1,74,0,33.139007128,35.602560708,04/06/2025,60,0.4952830272191031,0.005107461769088228,0.5638712563330127,0.8262205054337638,0.3855951692383235,3.238598171007265,990.0,0.6145833333333334,0.18315972222222227
1,75,0,33.138810023,35.602547602,04/06/2025,60,0.5015179723492891,0.007866823080097517,0.5665934053299804,0.8335422605227593,0.3917181369613785,3.431796565388193,982.8888888888889,0.5354166666666667,0.1623263888888889
1,76,0,33.138615217,35.602534878,04/06/2025,60,0.4329914950518708,0.0174189997711466,0.5255555134979673,0.786058816436728,0.33137491640017536,4.854981250360579,978.5555555555555,0.197168073050426,0.11892361111111113
1,77,0,33.138627787,35.602157915,04/06/2025,60,0.44584153665016873,0.021176589539312687,0.5337069578669627,0.793659700928038,0.3563494739195047,4.200825794518089,912.2222222222222,0.19752863723451963,0.125
1,78,0,33.138887292,35.602182118,04/06/2025,60,0.5016714942376292,0.004124909959274717,0.563548991730938,0.8413065939987707,0.4151565755887556,3.5630546909157204,955.0,0.5149509803921568,0.1857638888888889
1,79,0,33.139158382,35.602200713,04/06/2025,60,0.49074363330807635,0.008283373413968263,0.5663918366185609,0.8104395482217941,0.39086259417023955,3.593225856260161,982.7777777777778,0.3979166666666667,0.15885416666666669
1,80,0,33.139360385,35.602217213,04/06/2025,60,0.5039178214137121,0.009798721079113473,0.5706643259622851,0.8289026261647542,0.40048065607711847,4.846251836004468,1038.4444444444443,0.21783737923443808,0.1076388888888889
1,81,0,33.139586797,35.602228003,04/06/2025,60,0.4841812799685649,0.006867297444456112,0.5590734544526339,0.8137415329267808,0.37768951883667323,4.263329233667537,1083.3333333333333,0.38610482654600303,0.11892361111111112
1,82,0,33.139810333,35.602237327,04/06/2025,60,0.47861637870324825,0.006276770797590415,0.5633013353791134,0.792286716744378,0.3796801124618056,2.4479811128379074,1094.5555555555557,0.7395833333333333,0.3003472222222222
1,83,0,33.139996715,35.60226631,04/06/2025,60,0.4858355150241148,0.005876109712827858,0.5637625895533694,0.8065402449111366,0.3724812129147234,3.1401298987215265,1099.0,0.4708333333333333,0.1762152777777778
1,84,0,33.14019521,35.602263182,04/06/2025,60,0.4653217960145503,0.011776034327021291,0.546234337080094,0.8045390733367458,0.3604376060919365,3.8408117333202982,1116.0,0.39571078431372547,0.14149305555555555
1,85,0,33.140404598,35.602272378,04/06/2025,60,0.4939105242161964,0.01832565172050625,0.5714604959774028,0.8052685036925724,0.39326084053546095,4.846251836004468,1038.6666666666667,0.16874673509178528,0.1076388888888889
1,86,0,33.140615925,35.602280335,04/06/2025,60,0.4848839428460583,0.0038976416147251296,0.5601721025177855,0.8126492861073163,0.37173929169322617,3.1714616516090817,1032.888888888889,0.47916666666666663,0.18489583333333334
1,87,0,33.140818843,35.602289105,04/06/2025,60,0.47610871275825567,0.006568721663388429,0.5494556569152143,0.8192846615253192,0.3803104006809122,4.4486750035058655,1020.4444444444445,0.4019136500754148,0.12239583333333334
1,88,0,33.141022235,35.602301605,04/06/2025,60,0.4769673137906594,0.008780485005440708,0.5426277166194002,0.8374646252338211,0.36595818379287626,3.1969370375783313,1008.3333333333334,0.6333333333333333,0.21875
1,89,0,33.141244192,35.602314183,04/06/2025,60,0.4662969272091708,0.007890623948890478,0.5493587764183592,0.7992022228074007,0.3611973328672594,4.159553325202166,1011.1111111111111,0.48995098039215684,0.1371527777777778
1,90,0,33.141433223,35.602326745,04/06/2025,60,0.3150060306098322,0.03505391914723281,0.4492233002697813,0.7305487847260904,0.239211186683932,4.854981250360579,1402.888888888889,0.32145550527903466,0.11892361111111112
1,91,0,33.14145075,35.601956577,04/06/2025,60,0.3220673447154874,0.03052897905070218,0.4514811263980204,0.7367828565305808,0.23294809121207458,3.9367722103366827,1393.888888888889,0.41360294117647056,0.1362847222222222
1,92,0,33.141242393,35.601946688,04/06/2025,60,0.4612762321805919,0.008540481441242299,0.5451516203944344,0.7985826676546288,0.3538327156843295,3.6920095861313817,1062.6666666666667,0.325197963800905,0.1623263888888889
1,93,0,33.14103524,35.601935268,04/06/2025,60,0.46962970706616886,0.005545750920512703,0.5469155616819844,0.8117668165297073,0.36243948920394736,2.246507326436166,1031.2222222222222,0.6979166666666667,0.27864583333333337
1,94,0,33.140825837,35.601921853,04/06/2025,60,0.4763070793971149,0.007568200350808723,0.5582138719937584,0.7993162135270758,0.3794951429599117,4.142617721195771,1021.6666666666666,0.44571078431372557,0.13368055555555555
1,95,0,33.140610482,35.601909215,04/06/2025,60,0.4753123705126882,0.005913790260078286,0.5530017673378561,0.8094657259269251,0.36426091356651136,3.4049849721006313,1031.0,0.4708333333333333,0.1675347222222222
1,96,1,33.140401507,35.601895982,04/06/2025,60,0.4821378460469092,0.005231231542533904,0.5587400551626165,0.8104057251721852,0.3870872416449575,2.9133456951388417,1032.888888888889,0.5854166666666668,0.2152777777777778
1,97,0,33.14020589,35.601884077,04/06/2025,60,0.4688861401335884,0.02072663437009967,0.5489831921490878,0.8056985679866233,0.3722262642719785,3.8620523585005873,1048.6666666666667,0.36884273979862214,0.15711805555555555
1,98,0,33.14000206,35.601872723,04/06/2025,60,0.468852421738332,0.013365580249959383,0.554902688898495,0.791880175389819,0.3686926823321761,4.472794209361695,1047.5555555555557,0.2674019607843137,0.12152777777777778
1,99,0,33.139791972,35.601860572,04/06/2025,60,0.47309675255638794,0.0025058057115267527,0.5563113752199059,0.7970663061304085,0.37938058297956384,1.6835024445205309,1086.0,0.8125,0.4201388888888889
1,100,0,33.139583615,35.601845982,04/06/2025,60,0.47398249291212796,0.0062536252652429436,0.5538449594680936,0.8046412305476367,0.38134572510898684,3.2174240378112207,1066.7777777777778,0.5729166666666667,0.1840277777777778
1,101,0,33.139379935,35.601834952,04/06/2025,60,0.4863871674968544,0.007571140679611906,0.5619059985388399,0.8118561794886543,0.36765336483411815,3.741213419755166,1022.2222222222222,0.45612745098039215,0.1449652777777778
1,102,0,33.13918549,35.601823747,04/06/2025,60,0.4955158789617322,0.011583870856813415,0.5694232341866815,0.8138065551942899,0.3903382952066117,3.47346323205486,965.3333333333334,0.43161764705882355,0.15885416666666669
1,103,0,33.138985528,35.601811522,04/06/2025,60,0.4959118852819437,0.0073621679922433615,0.5633154743843988,0.829108883809177,0.39262165039990476,3.7170907747498876,947.8888888888889,0.4602941176470589,0.14930555555555555
1,104,0,33.138775373,35.601799308,04/06/2025,60,0.5020072801799336,0.011853933990010676,0.569779525611391,0.82649213661979,0.39227247438016144,5.292481250360577,935.4444444444445,0.16801761037055157,0.10416666666666669
1,105,0,33.138647572,35.60179156,04/06/2025,60,0.45268069648248105,0.013460595038038231,0.5383912666471691,0.7964783951403039,0.36134112893901665,4.353846168850305,903.0,0.19119333700216054,0.12500000000000003
1,106,0,33.138667807,35.601407053,04/06/2025,60,0.46994994112745014,0.010364620392999836,0.5521537204762055,0.8001575231753759,0.3662018956782876,4.596251836004467,916.5555555555555,0.2676205617382088,0.11805555555555555
1,107,0,33.13886883,35.601419228,04/06/2025,60,0.49800901291507377,0.006749941981870875,0.5617223511941248,0.8375416278187858,0.3942110998020658,3.6103088593353205,953.3333333333334,0.5333333333333333,0.15711805555555555
1,108,0,33.139074902,35.601434497,04/06/2025,60,0.4919232129457588,0.006826353576166473,0.5612228194511467,0.8253692029020591,0.38519421263120823,2.9696392022623037,973.5555555555555,0.5458333333333333,0.24392361111111113
1,109,0,33.139263995,35.601447725,04/06/2025,60,0.4838248372746476,0.015002978228586015,0.5575926992180781,0.8168854220199102,0.3685775725208379,3.45842909975111,985.6666666666666,0.47916666666666663,0.1623263888888889
1,110,0,33.139466282,35.601456147,04/06/2025,60,0.48091094429993003,0.005792066545451266,0.5510191330089371,0.825866325785805,0.3740644199192837,3.4687640135302216,1021.0,0.43333333333333335,0.15017361111111113
1,111,0,33.139682903,35.601474367,04/06/2025,60,0.47922033818194065,0.005494412787089161,0.554318755874347,0.8144808058726207,0.4042603240909924,3.6904908807389765,1019.5555555555555,0.34374999999999994,0.1736111111111111
1,112,0,33.139896577,35.601488797,04/06/2025,60,0.45985613356079086,0.0048876805801050345,0.5444048783632714,0.7973546225750523,0.36891620469909936,3.4496039189772216,1033.888888888889,0.5458333333333334,0.16927083333333334
1,113,0,33.140105433,35.60150685,04/06/2025,60,0.47871166280719024,0.012081955484140181,0.5468013374966912,0.8317508638939566,0.3701828175877424,2.6601042477171974,1025.0,0.6541666666666667,0.2265625
1,114,0,33.140302,35.601519018,04/06/2025,60,0.4101500103759041,0.018121738683914004,0.5071652708816473,0.7819635532726112,0.32670531957862203,3.581881193156147,1115.6666666666667,0.3953431372549019,0.1423611111111111
1,115,0,33.140519643,35.6015303,04/06/2025,60,0.4734402559384653,0.011896393659652236,0.5553568996377535,0.8004313079959228,0.37989148607775935,3.7604306801968876,1004.5555555555555,0.4286858974358974,0.1362847222222222
1,116,0,33.140717898,35.601546062,04/06/2025,60,0.4654541526771587,0.0067884003495857345,0.54848426749154,0.7994553216702317,0.363234505798271,2.9133456951388417,1010.6666666666666,0.6270833333333333,0.2152777777777778
1,117,0,33.140930147,35.601562102,04/06/2025,60,0.46765200655022315,0.005638914081597581,0.5477259120008164,0.8056864753526493,0.37276192763605875,2.973332366631755,1018.4444444444445,0.58125,0.2152777777777778
1,118,0,33.141096252,35.60156632,04/06/2025,60,0.46676470998207886,0.005592608467424367,0.5510657912406267,0.7962286506173262,0.3624900348596187,3.672487163445857,1024.111111111111,0.5062500000000001,0.1796875
1,119,0,33.141307538,35.601582055,04/06/2025,60,0.4658772415623006,0.010649588460474063,0.5454197572926205,0.807327720550894,0.3600771429536098,2.9616506720657205,1046.2222222222222,0.6041666666666667,0.19531250000000003
1,120,0,33.141473253,35.601592685,04/06/2025,60,0.2872984232501584,0.025473715925818895,0.42943723378253085,0.7211933535093616,0.22545153487411143,3.607157547405643,1483.7777777777778,0.25134803921568627,0.16493055555555555
1,121,0,33.141476053,35.601205358,04/06/2025,60,0.3412361933293372,0.03929683331992429,0.4668437185433686,0.740777123972111,0.2624539620883381,4.875814583693911,1263.5555555555557,0.19870653458888754,0.11805555555555558
1,122,0,33.141265283,35.601192873,04/06/2025,60,0.5193865295800264,0.0053264399306519675,0.5807419430263038,0.8385653899443759,0.40115019867136986,4.259428065191149,945.8888888888889,0.32230392156862747,0.1423611111111111
1,123,0,33.141060453,35.601175985,04/06/2025,60,0.5087049700990547,0.007394177297290883,0.5744239351224629,0.8301747265775835,0.38920120665035596,4.938314583693911,929.4444444444445,0.2621662895927602,0.12760416666666669
1,124,0,33.140853317,35.601165188,04/06/2025,60,0.5172193638345194,0.005190785790942475,0.5899503140653239,0.8105854431275504,0.40623700703558646,3.7158117333202982,908.2222222222222,0.4953431372549019,0.1657986111111111
1,125,0,33.140644383,35.601151265,04/06/2025,60,0.5207843399601406,0.004190669033914202,0.5864021809600983,0.8274423466592408,0.41664944682265603,3.9015647950055827,923.0,0.3511123680241327,0.13541666666666666
1,126,0,33.140442832,35.601149153,04/06/2025,60,0.5027257607807426,0.009001385234916424,0.5674573530243104,0.8338939936303341,0.3886286230730456,4.8401998765158565,964.5555555555555,0.19130513431984017,0.11458333333333334
1,127,0,33.140229845,35.601136568,04/06/2025,60,0.49012980127443,0.012121260664363226,0.5600489067733837,0.8243770896464246,0.3820229083325153,3.915089194304109,994.0,0.2698977761836442,0.1545138888888889
1,128,0,33.140024335,35.601123753,04/06/2025,60,0.5055951269720609,0.004345724721556977,0.5770792309959449,0.8167149182358331,0.40882933823328127,3.943231461672249,975.4444444444445,0.36249999999999993,0.14756944444444445
1,129,0,33.139818435,35.601111035,04/06/2025,60,0.49884105585115535,0.007234397879575335,0.5739743644375643,0.8096349949722335,0.39657127862362423,3.101361785525509,982.3333333333334,0.5625,0.1987847222222222
1,130,0,33.139614337,35.601098623,04/06/2025,60,0.5141488020645557,0.004737483565774222,0.5842036623959095,0.8180436373234907,0.3984354558338537,3.1714616516090812,984.8888888888889,0.5541666666666667,0.18489583333333334
1,131,0,33.139420042,35.601088313,04/06/2025,60,0.506450235404656,0.006408446845436123,0.5765601419133284,0.81990261653467,0.39408119511212836,3.1486850162569406,991.7777777777778,0.46875,0.19531250000000003
1,132,0,33.139215988,35.601075682,04/06/2025,60,0.5187978846681908,0.01188541006364054,0.587004101474397,0.8215655502626689,0.418475480542336,4.8045851693378,965.6666666666666,0.23845822632587332,0.1111111111111111
1,133,0,33.139019293,35.601063452,04/06/2025,60,0.5163637902824427,0.012871422281370016,0.5874474318079078,0.8156506382193741,0.41133121245668486,3.6005602963278096,927.1111111111111,0.5045343137254902,0.171875
1,134,0,33.138819787,35.601052053,04/06/2025,60,0.5311306722375764,0.008765074936836056,0.5886850358967644,0.8455296199385249,0.4092737990945033,3.9166315676613377,927.2222222222222,0.32916666666666666,0.1579861111111111
1,135,0,33.138685703,35.601043738,04/06/2025,60,0.49148752297745013,0.024448441699526206,0.5594716061929881,0.8287994434909443,0.38145988479946064,5.0485332098491895,916.7777777777778,0.1721791772478059,0.1076388888888889
1,136,0,33.138696937,35.600672637,04/06/2025,60,0.470491400149506,0.017832494423746407,0.5540940731358543,0.7973846646904449,0.37495503188154067,4.846251836004467,951.6666666666666,0.2076607150136562,0.1076388888888889
1,137,0,33.13891635,35.60068634,04/06/2025,60,0.5252473735255632,0.006457294938911627,0.5828328325420293,0.8469464067518004,0.4140672300138491,3.4380546909157212,982.6666666666666,0.5875,0.15798611111111113
1,138,0,33.139121617,35.600699377,04/06/2025,60,0.5083413843980427,0.004533926453969282,0.5812144269045946,0.8125959626973563,0.40209531869279297,3.6331490237615602,975.2222222222222,0.5125,0.1519097222222222
1,139,0,33.1393337,35.600712562,04/06/2025,60,0.5111192681787964,0.004909967770932598,0.5807309903624377,0.8199292818766017,0.39893654312671156,3.3058067156274262,982.4444444444445,0.4708333333333334,0.1675347222222222
1,140,0,33.139534923,35.600723458,04/06/2025,60,0.5088011278682419,0.005483309459067717,0.5681149967538767,0.8459888044521908,0.40020843028422237,4.430255793112394,1019.0,0.25976035424564836,0.1371527777777778
1,141,0,33.139738737,35.600736808,04/06/2025,60,0.5205959545755794,0.013530705105010173,0.5841440406402513,0.8332538428143914,0.4214865393109703,3.254859712089615,986.5555555555555,0.4707245424157188,0.2074652777777778
1,142,0,33.139948875,35.600750173,04/06/2025,60,0.5103525889688622,0.006270927363560637,0.5810441252265645,0.8173205162789263,0.40434735911150177,3.48161225581642,979.0,0.5252512127512128,0.15104166666666669
1,143,1,33.140144637,35.600762023,04/06/2025,60,0.5005601536388073,0.007944763025599863,0.5732080956840437,0.8153169179402489,0.40194781961562764,2.7862163915853473,1004.5555555555555,0.6541666666666667,0.25434027777777773
1,144,0,33.140341158,35.600774185,04/06/2025,60,0.4451575346985297,0.014535394047242859,0.5295140538972375,0.8012841734108039,0.35806279923147827,4.677694271103769,1070.888888888889,0.3218476621417798,0.1423611111111111
1,145,1,33.140545973,35.600785708,04/06/2025,60,0.5231665559021301,0.005513579827263785,0.585070149179011,0.8362837191990714,0.4078034693647354,3.563054690915721,937.1111111111111,0.545343137254902,0.1857638888888889
1,146,0,33.140749102,35.600797853,04/06/2025,60,0.5197868832463816,0.006879629419222712,0.5841986104766757,0.8306928646093839,0.4179806658336844,4.200825794518089,932.7777777777778,0.3540441176470588,0.125
1,147,0,33.140955428,35.600813163,04/06/2025,60,0.5144818185151094,0.005919019241614597,0.5827021987928621,0.8225757220540522,0.407069686143822,3.252836347351049,947.2222222222222,0.5229166666666667,0.2074652777777778
1,148,0,33.141156333,35.600825512,04/06/2025,60,0.5251944892232555,0.006814869821265087,0.5887767717439807,0.8314730319296549,0.41076764892249845,3.998400460754049,967.7777777777778,0.437697963800905,0.14930555555555555
1,149,0,33.141373655,35.600838453,04/06/2025,60,0.4900424742036445,0.012986619387514713,0.575150090685788,0.7880157069550668,0.38691301733731964,3.29780885933532,995.2222222222222,0.505731981981982,0.1753472222222222
1,150,0,33.141495348,35.600846943,04/06/2025,60,0.31963269311275566,0.04454142548490981,0.45104975849289697,0.7336498266217597,0.2416508414783964,4.30196648144045,1444.3333333333333,0.24093137254901958,0.13368055555555558
1,151,0,33.141495,35.600518333,04/06/2025,60,0.3157036360291763,0.03495329611109777,0.45507557338182875,0.7198497826781938,0.23713590935870224,4.274673896771551,1450.3333333333333,0.360466042966043,0.13020833333333334
1,152,0,33.141263333,35.600531667,04/06/2025,60,0.48890068960016325,0.0029464800737149933,0.5677335493627162,0.8032500096340799,0.37466998208018626,4.289602669685038,1054.2222222222222,0.395343137254902,0.1310763888888889
1,153,0,33.141045,35.600531667,04/06/2025,60,0.4998214689236005,0.005761275819123629,0.5735527879788432,0.812845012254455,0.38365350434465045,3.8848925229268274,1018.6666666666666,0.482843137254902,0.1449652777777778
1,154,0,33.140848333,35.6005,04/06/2025,60,0.4927585874312089,0.00670931482210408,0.5678506324491444,0.811124269422488,0.3830981103904358,4.306739399499471,998.6666666666666,0.3257182238799886,0.1345486111111111
1,155,0,33.140648333,35.600471667,04/06/2025,60,0.49663444622566566,0.006571869803763105,0.5687452730118125,0.8174665095729549,0.3880383382308865,3.1324174656975545,991.1111111111111,0.6458333333333333,0.17100694444444445
1,156,1,33.140461667,35.600471667,04/06/2025,60,0.48881290461378196,0.011261255777244277,0.5589680229090757,0.8240343912038746,0.371236793622361,4.180867649916837,1020.4444444444445,0.3781862745098039,0.12586805555555558
1,157,0,33.140243333,35.600458333,04/06/2025,60,0.4800211418657992,0.008405939346448463,0.5591120389311945,0.8050937686034588,0.3737166312050844,2.9641254000437534,1038.6666666666667,0.54375,0.21961805555555558
1,158,0,33.140033333,35.600441667,04/06/2025,60,0.4975150040317313,0.00763587333963693,0.5701775056550874,0.8158582756146003,0.39279658202785345,4.776828126933223,1037.888888888889,0.33498094248094257,0.1154513888888889
1,159,0,33.139836667,35.600428333,04/06/2025,60,0.49515415756653425,0.007836761458121701,0.5780799188320063,0.7918604770594888,0.3842101920992044,3.951786579207664,1005.4444444444445,0.4269607843137254,0.1527777777777778
1,160,0,33.139625,35.600426667,04/06/2025,60,0.49493495432039186,0.0051663359499480805,0.5745744910378077,0.7997985573202705,0.39969218268984397,3.552694271103767,1015.0,0.5145833333333333,0.15104166666666669
1,161,0,33.13943,35.60041,04/06/2025,60,0.49242726514432306,0.007935087540120025,0.5688664952379208,0.8080599275265204,0.38887178597825295,3.4420095861313826,1030.6666666666667,0.5497309526721292,0.17274305555555558
1,162,0,33.139238333,35.600401667,04/06/2025,60,0.505895356404239,0.00547632078919488,0.5804566875245991,0.8090592307273342,0.40829000600760845,4.532880086421833,1024.4444444444443,0.3655397762015409,0.1189236111111111
1,163,0,33.139026667,35.60037,04/06/2025,60,0.4961594308759751,0.0031112986300113376,0.5689047515238935,0.8160362427358545,0.3901128333874159,-0.0,1051.3333333333333,1.0,1.0
1,164,1,33.138808333,35.600365,04/06/2025,60,0.4934626710994624,0.016883516312273597,0.5616536096864405,0.8276935150857991,0.3975673118046942,3.9578909424810487,1064.2222222222222,0.44394796380090495,0.15885416666666669
1,165,0,33.138731667,35.600373333,04/06/2025,60,0.478237695068213,0.01400772524344355,0.5600391156822874,0.7991945226459551,0.3874537167714401,4.846251836004467,1034.6666666666667,0.19922853019678877,0.1076388888888889
1,166,0,33.13873998884879,35.60004385714451,04/06/2025,60,0.34075255655267617,0.02271615461405948,0.46896604805938225,0.7352503141528602,0.2578736710624603,4.217090774749888,817.6666666666666,0.19966537814048668,0.12847222222222224
1,167,0,33.13900409577885,35.60006273212911,04/06/2025,60,0.4126275678860286,0.028774638107604132,0.5225894999633727,0.7546539147523391,0.32452332362606273,4.079726962994476,1197.2222222222222,0.3620098039215686,0.1345486111111111
1,168,0,33.13922356945667,35.60007698444571,04/06/2025,60,0.3993954493920293,0.02196490602094614,0.5080216311383221,0.7604717365852397,0.3068694644618179,3.606131264435082,1202.0,0.45625,0.1371527777777778
1,169,0,33.13941330636254,35.60008225836661,04/06/2025,60,0.4037449766951114,0.03747807454488379,0.5159474882290402,0.7527495912407245,0.31292717930057234,4.109026378756282,1192.7777777777778,0.4083333333333334,0.14930555555555558
1,170,1,33.13962532476266,35.600100899878065,04/06/2025,60,0.4025793685352883,0.039395495168306836,0.510907899272351,0.7599634616399282,0.30548620509711844,4.276420835086266,1200.888888888889,0.3089195813460519,0.1371527777777778
1,171,0,33.13985226772052,35.600106340853756,04/06/2025,60,0.39313357504327123,0.04125336234538521,0.5088417552697759,0.7476897233299332,0.30966141790322843,3.7361806089179534,1209.7777777777778,0.4247549019607843,0.1484375
1,172,0,33.140034535297254,35.60012042646064,04/06/2025,60,0.38444074537939765,0.0395309855982013,0.49951423980369103,0.7515265966287519,0.29677206978228615,3.552286979256811,1242.888888888889,0.4599264705882353,0.1640625
1,173,0,33.14023916864876,35.60012134484122,04/06/2025,60,0.36556583412271143,0.049553380468287986,0.48626962793807443,0.7453090070103792,0.3005973099755963,3.61030885933532,1260.5555555555557,0.4854166666666667,0.15711805555555558
1,174,0,33.14045120106142,35.60013556413844,04/06/2025,60,0.40196103166159586,0.04513043202376372,0.512231599767527,0.7563654768782457,0.31082351366316696,3.8848925229268274,1182.888888888889,0.3073024948024948,0.1449652777777778
1,175,0,33.140595,35.600145,04/06/2025,60,0.40396950471864446,0.03996081397338179,0.5144745958177384,0.7561961945001174,0.3249218892826744,3.5723315886374163,1199.111111111111,0.50625,0.16319444444444448
1,176,0,33.140833333,35.60017,04/06/2025,60,0.38035513295446804,0.04076465758391192,0.490710057940754,0.761727299270351,0.29906287866563436,4.590199876515856,1258.2222222222222,0.38144796380090495,0.1371527777777778
1,177,0,33.141023333,35.600176667,04/06/2025,60,0.3691068709829559,0.03917232797719724,0.4980771828880871,0.727682001343019,0.29356870143535396,4.692623044017257,1236.2222222222222,0.37610294117647064,0.11892361111111113
1,178,0,33.141205,35.600185,04/06/2025,60,0.34752844367525015,0.04349287522951927,0.47946688970081097,0.7273948055407792,0.26317834291573655,3.7713880242490543,1289.888888888889,0.5099264705882353,0.14756944444444442
1,179,0,33.141415,35.600195,04/06/2025,60,0.33857210239169383,0.039313486130886664,0.4712534664103255,0.7278576468225073,0.26495544565391876,4.8215207733441945,1317.0,0.23986428847807822,0.1076388888888889
1,180,0,33.141525,35.600213333,04/06/2025,60,0.30549657808361685,0.030524901870952997,0.44897506096164636,0.7152011958720177,0.2297957764791819,4.159037234815499,920.3333333333334,0.246245222567208,0.15104166666666669
2,1,0,33.141286912,35.604064998,08/06/2025,56,0.23496747437728102,0.017331451102925992,0.3786057706381028,0.7276027078843151,0.1816570394622636,4.159037234815498,895.6666666666666,0.2398959118578453,0.15104166666666666
2,2,1,33.141094482,35.604051333,08/06/2025,56,0.38218776903255086,0.029414900399097884,0.4975961699941564,0.7506196453892221,0.2942329397476098,3.9549868557726664,767.7777777777778,0.21157083727274165,0.15277777777777782
2,3,0,33.141096643,35.60405209,08/06/2025,56,0.37754548071125466,0.02915928856038714,0.49601889727195214,0.7456048593358361,0.29209164683915584,4.454986855772666,771.7777777777778,0.23706051157298338,0.13194444444444448
2,4,1,33.14089048,35.604042392,08/06/2025,56,0.3884394569762444,0.03555410784428944,0.4987238028616605,0.7605203464499738,0.30912202164088204,3.632885691833921,781.7777777777778,0.3333812708663069,0.14583333333333331
2,5,1,33.140682515,35.604029097,08/06/2025,56,0.4015902062781454,0.04889770461938213,0.5098342612078821,0.7612318407160585,0.3085478332515764,4.846251836004468,1192.6666666666667,0.18418078075879543,0.1076388888888889
2,6,1,33.140475232,35.60401586,08/06/2025,56,0.3785797553822111,0.042742454465863465,0.49739741345165694,0.7453154596120596,0.29452448696551115,3.2728416967430776,1237.5555555555557,0.41874999999999996,0.2092013888888889
2,7,1,33.14025896,35.604004345,08/06/2025,56,0.377053460592983,0.05984243658300265,0.4880990040160854,0.7610114036155307,0.2919084739149703,4.596251836004467,1306.6666666666667,0.22246086584321875,0.11805555555555555
2,8,1,33.14006053,35.603991823,08/06/2025,56,0.3517464971845126,0.050505141452187,0.4756778741937894,0.7414971722498939,0.2781747141763949,4.271647917027244,1357.6666666666667,0.4031391402714932,0.14149305555555555
2,9,1,33.139857173,35.603978323,08/06/2025,56,0.3401347687741181,0.04853974791088715,0.46057441509222724,0.7496979042113617,0.2652384809223938,4.345380086421832,1308.7777777777778,0.22596005701098953,0.11805555555555555
2,10,1,33.139658807,35.60396682,08/06/2025,56,0.3841958354201653,0.06049735784877019,0.48448947071350673,0.7820046756399324,0.3067621610257318,5.0485332098491895,1193.888888888889,0.1431737240201196,0.1076388888888889
2,11,1,33.139454662,35.603955217,08/06/2025,56,0.38084383296945545,0.06038140137515398,0.48672859115497336,0.7714523080936089,0.30898371252005763,3.857157547405643,1176.4444444444443,0.2149830764160032,0.1701388888888889
2,12,1,33.13925451,35.603942585,08/06/2025,56,0.3788347295798038,0.05734094674189137,0.47139684011529176,0.7990645345512312,0.2926576529268051,4.596251836004467,1177.2222222222222,0.20570558680852793,0.11805555555555555
2,13,1,33.139058995,35.603930637,08/06/2025,56,0.358623113415267,0.05737855233172041,0.46571869313956715,0.7736784364560689,0.2767428209608078,4.681127542695028,1172.3333333333333,0.13321547225958988,0.11458333333333334
2,14,1,33.138798595,35.603917333,08/06/2025,56,0.3486865512675782,0.05798672555123156,0.45431180381062614,0.7779379610535886,0.26249689853330793,4.846251836004467,1164.888888888889,0.13108510341275942,0.1076388888888889
2,15,1,33.13859478,35.60390661,08/06/2025,56,0.3831902644973438,0.059802570934828624,0.49082369639785484,0.7662449020112769,0.32010485536824607,4.821520773344195,1012.0,0.2068995795094098,0.10763888888888891
2,16,0,33.138559323,35.603902088,08/06/2025,56,0.3799799394902011,0.05915600658282871,0.4861978241086253,0.7699529625140342,0.3047923776447791,4.4193721485946105,674.2222222222222,0.22774713643345657,0.1284722222222222
2,17,0,33.138557745,35.603610512,08/06/2025,56,0.5218627124687464,0.01746954228811754,0.5836948461987079,0.8371230313379047,0.4094610620155243,4.159037234815499,590.1111111111111,0.21066812696670556,0.15104166666666669
2,18,0,33.138752198,35.603623265,08/06/2025,56,0.5343216459983036,0.01111763661169629,0.5899353204875977,0.8498741674599658,0.42550418829057457,4.388719991868832,1016.2222222222222,0.25889292890727617,0.12239583333333333
2,19,0,33.138953912,35.603635937,08/06/2025,56,0.5387392018807771,0.0062436232818944,0.5926928183365615,0.8532881127221117,0.4261995231237656,4.403501365713555,1047.3333333333333,0.42813914027149325,0.13368055555555555
2,20,0,33.139149112,35.603646213,08/06/2025,56,0.550469054173079,0.0017938973032697529,0.6015875583057437,0.8580159259291844,0.43526536457925286,2.553700325258954,1031.2222222222222,0.7270833333333333,0.24739583333333334
2,21,0,33.139345078,35.603659013,08/06/2025,56,0.5318419218299982,0.011348234084381728,0.5870982389440775,0.8514030181107936,0.42654324708553076,3.6008456951388417,1065.0,0.3809671945701357,0.1623263888888889
2,22,0,33.13955126,35.603671062,08/06/2025,56,0.5334593634033503,0.005320349215545326,0.5904546155685249,0.8463907977403592,0.42612752293666567,3.129794984942415,1071.3333333333333,0.4958333333333333,0.18836805555555558
2,23,0,33.139754877,35.603683665,08/06/2025,56,0.5448495438891199,0.007008550104115366,0.5949249227489223,0.8621420852081285,0.42359578185023117,3.23161225581642,1070.4444444444443,0.5604166666666667,0.16145833333333334
2,24,1,33.139954508,35.603691305,08/06/2025,56,0.5250827389383657,0.011531710771242307,0.5860597088883658,0.838288085526465,0.4251686630710283,4.692623044017256,1090.0,0.3554907565936978,0.11892361111111112
2,25,0,33.140151657,35.603703738,08/06/2025,56,0.4729806629237744,0.014365543021403769,0.5499563368057149,0.8115059594634144,0.3861975173167169,3.0087574414165545,1187.5555555555557,0.47916666666666663,0.22916666666666666
2,26,0,33.140346113,35.603719147,08/06/2025,56,0.5255787945441791,0.008403460094096973,0.5854635863537545,0.840946079491913,0.4252308192377101,3.926094731857816,1108.888888888889,0.31155354449472095,0.1423611111111111
2,27,0,33.140550507,35.603734958,08/06/2025,56,0.5247621119615478,0.00960402263036269,0.5851030592249709,0.8398190942043632,0.42675978545634874,4.692623044017255,1107.0,0.3651884350413762,0.1189236111111111
2,28,1,33.140758675,35.603746657,08/06/2025,56,0.540982627140592,0.005109762026065745,0.5899279050854368,0.8660626877675376,0.4237644076517073,3.1297949849424143,1045.2222222222222,0.5541666666666666,0.18836805555555558
2,29,1,33.140959098,35.603758632,08/06/2025,56,0.5467468306743793,0.005521550609025244,0.5942158923670756,0.8686909303784341,0.41738699411341806,4.177286979256811,1033.888888888889,0.457843137254902,0.1484375
2,30,1,33.141164995,35.603769328,08/06/2025,56,0.5273274315944152,0.005908295271164687,0.5808488631795412,0.8568125821205261,0.4094467441031953,4.376833732345311,1048.3333333333333,0.3833333333333333,0.11458333333333334
2,31,1,33.141355642,35.603779397,08/06/2025,56,0.2555359936828555,0.04944898359521169,0.39460247421788824,0.7318939037254404,0.20961234108562735,5.048533209849189,1354.5555555555557,0.11021115695775126,0.1076388888888889
2,32,0,33.141362582,35.603782643,08/06/2025,56,0.2555359936828555,0.04944898359521169,0.39460247421788824,0.7318939037254404,0.20961234108562735,5.048533209849189,1354.5555555555557,0.11021115695775126,0.1076388888888889
2,33,0,33.14136001,35.603453605,08/06/2025,56,0.27209673574608395,0.05839828821992477,0.40229980504692336,0.7447704942762229,0.2039315372964159,4.818494793599888,1518.6666666666667,0.1932085122278364,0.11197916666666669
2,34,0,33.141170608,35.60342983,08/06/2025,56,0.5169829722329168,0.00683566501952029,0.5768007110452785,0.8430613406349712,0.4156001808575192,3.2728416967430776,1117.5555555555557,0.5061368778280543,0.2092013888888889
2,35,0,33.140905295,35.603415228,08/06/2025,56,0.5428070327300483,0.007157987208386541,0.5882437404540614,0.8749806287062478,0.4290545264275958,3.627227929696054,1086.4444444444443,0.43909313725490196,0.1440972222222222
2,36,0,33.140694023,35.603406603,08/06/2025,56,0.5499139517763351,0.011806799506761992,0.6020014516922673,0.855860603807524,0.43910782767197754,4.54437214859461,1077.5555555555557,0.2799740634299458,0.1267361111111111
2,37,0,33.14049937,35.603392937,08/06/2025,56,0.5450708651841811,0.0087724990901812,0.5910340438096207,0.8732923384007024,0.42547354640303037,3.3360994202994476,1113.5555555555557,0.5354166666666667,0.1736111111111111
2,38,0,33.140300863,35.603382275,08/06/2025,56,0.5408860259404258,0.007669289271943708,0.6006406642774547,0.8374550691773527,0.42306628437445093,3.943494793599888,1060.5555555555557,0.32761123680241333,0.1605902777777778
2,39,0,33.140099232,35.603368717,08/06/2025,56,0.537245131723036,0.01392599309306769,0.5941173779428585,0.8459871416821901,0.4335872654693468,4.262046753088499,1067.6666666666667,0.4082107843137255,0.1371527777777778
2,40,0,33.139902152,35.60335784,08/06/2025,56,0.5574623521123131,0.005645613187143349,0.6010961688428688,0.877017108887348,0.4438904856795911,3.8544580256547487,1030.2222222222222,0.4458333333333333,0.1605902777777778
2,41,0,33.139703672,35.60334613,08/06/2025,56,0.5491834964852167,0.016603006433471318,0.5979681438822637,0.864952330869013,0.425652945951092,3.7122849987618847,1008.0,0.3655490370725456,0.16927083333333331
2,42,0,33.139498387,35.603332867,08/06/2025,56,0.5408707356703606,0.007034267383201737,0.5948672951723283,0.8526713640450871,0.43357884158449406,3.3974071729004534,1039.6666666666667,0.5291666666666667,0.14756944444444445
2,43,0,33.139295938,35.603322305,08/06/2025,56,0.5575338303885141,0.00469725141565858,0.6032453029055503,0.8711409143980859,0.43366059780260263,3.421875306641414,1018.2222222222222,0.4770833333333334,0.17361111111111113
2,44,0,33.139101065,35.603310657,08/06/2025,56,0.5631630787508162,0.009795207024463055,0.5949477692836971,0.908982444634968,0.44803375128667206,4.0979250747848,1016.1111111111111,0.27613478863478863,0.12239583333333334
2,45,0,33.138908075,35.603298728,08/06/2025,56,0.5734494671269128,0.007083284608882717,0.6099059861286346,0.8938788553508739,0.4497955087821771,4.681127542695029,980.5555555555555,0.2538499245852187,0.11458333333333334
2,46,0,33.13866311,35.603275047,08/06/2025,56,0.5515345350524848,0.008776613873595395,0.6040814209068579,0.854006679735183,0.4509768533428367,4.535906066166137,915.8888888888889,0.18916951647044902,0.11458333333333334
2,47,0,33.138581163,35.603280792,08/06/2025,56,0.4987284548805104,0.028114290191874523,0.5655729514526295,0.8297687775217626,0.40043307748380574,4.461038815261277,886.6666666666666,0.21348064693652927,0.125
2,48,0,33.138597765,35.60290721,08/06/2025,56,0.4979127628211498,0.025960307969548825,0.5585190124490438,0.8456158512002393,0.3982240526164654,4.81849479359989,877.3333333333334,0.19643645361116574,0.11197916666666669
2,49,0,33.138834982,35.602923243,08/06/2025,56,0.5305445092970799,0.0046559268507092195,0.5879292750281233,0.8462193520870283,0.41990641992977357,3.4311974738287216,974.7777777777778,0.48541666666666666,0.1623263888888889
2,50,0,33.139036682,35.602934995,08/06/2025,56,0.5399694484772728,0.005736438557981116,0.5905399630148851,0.8618407412272371,0.4389391634868697,3.298680608917955,985.1111111111111,0.5221436651583711,0.19097222222222224
2,51,0,33.139241355,35.6029517,08/06/2025,56,0.527709018145234,0.00607566517722323,0.5840895079792006,0.8493859053721606,0.43199204730333557,4.251833732345311,998.7777777777778,0.2719500326117973,0.11458333333333334
2,52,0,33.139453945,35.602959962,08/06/2025,56,0.5354079842340103,0.005092233034742911,0.5881973748841338,0.8568845257543111,0.4338960697046654,3.2548597120896154,1022.4444444444445,0.5291666666666667,0.1918402777777778
2,53,0,33.139661677,35.602973688,08/06/2025,56,0.5384712689584819,0.013792099143676692,0.5870553340780496,0.8674658804434687,0.4222219745247004,4.437179502183638,1033.5555555555557,0.34719751382746433,0.13368055555555555
2,54,0,33.139872935,35.602986725,08/06/2025,56,0.536563402648518,0.006037704066003641,0.5932088145605863,0.8467611855708306,0.4267787597722278,2.709774706395919,1053.4444444444443,0.5833333333333334,0.2369791666666667
2,55,0,33.140085903,35.60299451,08/06/2025,56,0.529398477815213,0.008707542903636206,0.579889912163788,0.8644289899797292,0.413659053158249,3.992492461184755,1113.4444444444443,0.32156862745098036,0.125
2,56,0,33.14028589,35.603002758,08/06/2025,56,0.526740460775885,0.011132876830750354,0.5845123037399544,0.8458369006373251,0.4227363030605857,4.420507230104883,1126.0,0.23277128938893643,0.12239583333333334
2,57,0,33.140491797,35.603008717,08/06/2025,56,0.5351415117910163,0.008556108997166563,0.5909314833268213,0.8491396408652226,0.4298350543779267,3.913932045910443,1096.5555555555557,0.41777903469079947,0.1484375
2,58,0,33.140701823,35.603020035,08/06/2025,56,0.5359056433616112,0.006238419235648266,0.5909568866589522,0.8510837005048173,0.42005944787017185,3.3900117985433935,1083.6666666666667,0.5520833333333334,0.1779513888888889
2,59,0,33.1409083,35.603032117,08/06/2025,56,0.5173620150421585,0.010021155022987664,0.5825559212629671,0.8297359714033286,0.41867330737242603,3.79230695353988,1106.6666666666667,0.48610482654600307,0.1484375
2,60,0,33.141111607,35.60304688,08/06/2025,56,0.5302342536804203,0.007024699461790072,0.5806877877951117,0.8644317758386583,0.4171833535793516,4.042612115783683,1119.111111111111,0.4294871794871795,0.15711805555555555
2,61,0,33.141313127,35.60306078,08/06/2025,56,0.4451980330953293,0.04557446869504465,0.5317650651275501,0.7979022850914429,0.3454887131804774,4.186919609405448,1220.6666666666667,0.32311463046757166,0.1189236111111111
2,62,0,33.14139051,35.603068565,08/06/2025,56,0.2778903629312277,0.03070769413097129,0.41547109552874606,0.7306525060061695,0.22300622454433666,4.08429531609601,1632.111111111111,0.33284313725490194,0.11805555555555557
2,63,0,33.141412005,35.602701403,08/06/2025,56,0.29689069723401795,0.04102803857407127,0.4230633647486203,0.7481208840649337,0.23070195064150256,4.352303795493078,1513.4444444444443,0.24721438826532086,0.12152777777777778
2,64,0,33.141203282,35.602691407,08/06/2025,56,0.505722081112511,0.00954896627509872,0.5713088354251871,0.8313405677456694,0.407120388796127,4.4903416701725325,1050.5555555555557,0.3988731095348742,0.11892361111111112
2,65,0,33.140982287,35.602679077,08/06/2025,56,0.5048301397485698,0.0020651830830786953,0.5683801468543622,0.8363490497715559,0.393815727612622,1.66524175848515,1059.4444444444443,0.7708333333333333,0.4114583333333333
2,66,0,33.140769327,35.602664842,08/06/2025,56,0.5017854694434547,0.009366198793483374,0.5652142444574183,0.8374899625016302,0.41146780981355646,3.23161225581642,1070.0,0.5040441176470587,0.16145833333333331
2,67,0,33.140495052,35.602649287,08/06/2025,56,0.5208154877531664,0.008057211154510276,0.581107211496549,0.8410845272157037,0.4260527039147015,3.5384092242129412,1064.5555555555557,0.6104166666666667,0.2170138888888889
2,68,0,33.140286277,35.602638978,08/06/2025,56,0.4929581618092066,0.01274646704117355,0.5628968686938678,0.8235881619494881,0.38869430683570827,3.767079563925711,1140.4444444444443,0.4264189189189189,0.1440972222222222
2,69,0,33.140064585,35.602629978,08/06/2025,56,0.5119406141945688,0.00541444778919375,0.5758717851484767,0.8338320317888379,0.4034226869347215,3.1403360647604432,1098.7777777777778,0.5270833333333333,0.2013888888888889
2,70,0,33.139848443,35.60261067,08/06/2025,56,0.5137829397667218,0.005675513088452023,0.5768620999291089,0.8354602696573168,0.41368783207123405,3.4040395229836156,1095.0,0.55625,0.15972222222222224
2,71,0,33.139635075,35.602597178,08/06/2025,56,0.5224621151333678,0.007873774598684845,0.5804562018782886,0.846593208639443,0.42770492391055703,2.7645113086693804,1076.888888888889,0.5354166666666667,0.23784722222222224
2,72,0,33.139425498,35.602584823,08/06/2025,56,0.5276642966345341,0.004393571984558595,0.5804347802467021,0.8586394661723359,0.42137717381433293,3.013777157757555,1049.4444444444443,0.5208333333333334,0.2092013888888889
2,73,0,33.139213838,35.602572743,08/06/2025,56,0.5322842064210846,0.005008174295766559,0.589595902803216,0.845844966118192,0.42411835511935764,4.1361750035058655,977.1111111111111,0.5041666666666667,0.15798611111111113
2,74,0,33.139007128,35.602560708,08/06/2025,56,0.5492317020183253,0.010151815049864905,0.5923566694742847,0.8799310102585071,0.44200713645806544,4.403501365713555,957.7777777777778,0.3256127450980392,0.13368055555555555
2,75,0,33.138810023,35.602547602,08/06/2025,56,0.5580407570447911,0.007412207376484855,0.5937059587719394,0.898856850290842,0.4491776333333957,3.114600786013003,959.3333333333334,0.48958333333333337,0.25
2,76,0,33.138615217,35.602534878,08/06/2025,56,0.5244339920411851,0.026219941359154092,0.5736138517072962,0.868821775366741,0.4114186888905507,5.292481250360577,849.0,0.13453538007160676,0.10416666666666669
2,77,0,33.138627787,35.602157915,08/06/2025,56,0.4957940495341281,0.015297042608037723,0.5632573929163212,0.8287790813703362,0.3963872223654039,4.491213419755166,813.6666666666666,0.2536744833068363,0.11545138888888891
2,78,0,33.138887292,35.602182118,08/06/2025,56,0.5463526499095783,0.010964774359120927,0.5914754712802319,0.8750061032716082,0.4354102018776609,4.750814583693913,923.6666666666666,0.1889119379560556,0.13368055555555558
2,79,0,33.139158382,35.602200713,08/06/2025,56,0.5339626969581553,0.007724106430512895,0.5835799641893407,0.8655958899958232,0.4212905651800852,3.857157547405643,966.0,0.3952205882352941,0.1701388888888889
2,80,0,33.139360385,35.602217213,08/06/2025,56,0.5288798355520073,0.005328296501645267,0.5839138074473684,0.8527149899972657,0.42996093668697355,3.622191679709393,992.2222222222222,0.44791666666666663,0.1684027777777778
2,81,0,33.139586797,35.602228003,08/06/2025,56,0.510688163606619,0.013601082760005491,0.5724765414974367,0.8397407874576979,0.4046657412104098,4.2943721485946105,1048.5555555555557,0.30089356324650446,0.1371527777777778
2,82,0,33.139810333,35.602237327,08/06/2025,56,0.5000806779459684,0.0077488164596617864,0.5690114393187878,0.8243035900569406,0.4080678698409044,4.562907291846955,1066.7777777777778,0.37813914027149315,0.13368055555555555
2,83,0,33.139996715,35.60226631,08/06/2025,56,0.5123212238342488,0.003066978675647409,0.5751103626868689,0.8365613341093263,0.41501530024508493,2.930790181981766,1069.4444444444443,0.6479166666666667,0.19444444444444448
2,84,0,33.14019521,35.602263182,08/06/2025,56,0.4897071788609924,0.01862173945535903,0.5590104294222078,0.8262345867238408,0.39104220675263063,3.966219025167254,1092.111111111111,0.28688725490196076,0.14583333333333334
2,85,0,33.140404598,35.602272378,08/06/2025,56,0.5391946198962442,0.0060725527256859525,0.5938211135314214,0.8513614621623359,0.44033633737366484,3.298680608917954,1009.2222222222222,0.47487745098039214,0.16840277777777776
2,86,0,33.140615925,35.602280335,08/06/2025,56,0.5195819813395295,0.004513992030021545,0.5704274164380453,0.8652459126647959,0.413291445412083,3.138064703666797,1021.1111111111111,0.6031391402714932,0.21180555555555558
2,87,0,33.140818843,35.602289105,08/06/2025,56,0.5083609762395565,0.006732894990176038,0.5641321450622852,0.8551887691370464,0.40845427381347066,3.2548597120896154,995.7777777777778,0.4786858974358975,0.2074652777777778
2,88,0,33.141022235,35.602301605,08/06/2025,56,0.5231574202179728,0.004499156026864539,0.5759919662437473,0.8594229043514258,0.4202865081358734,3.0366622858982253,964.8888888888889,0.6041666666666667,0.2482638888888889
2,89,0,33.141244192,35.602314183,08/06/2025,56,0.5062959128176324,0.008154970602946328,0.5706163827854256,0.8344359923804986,0.4077250965702338,1.1625311359020314,1000.4444444444445,0.8541666666666666,0.546875
2,90,0,33.141433223,35.602326745,08/06/2025,56,0.280299071411062,0.03233348578028531,0.4203426222383764,0.7260093057732436,0.22350821024317435,4.338456377350588,1497.2222222222222,0.4207107843137255,0.1423611111111111
2,91,0,33.14145075,35.601956577,08/06/2025,56,0.28292571950329554,0.033411606150685294,0.41829816699144384,0.7338961573161865,0.23070710819919857,4.4193721485946105,1494.3333333333333,0.32397247360482656,0.12847222222222224
2,92,0,33.141242393,35.601946688,08/06/2025,56,0.4904675690435667,0.009766075731168158,0.5567510620930394,0.8329522449269081,0.3947651065026114,4.18643861802411,1027.5555555555557,0.41458333333333325,0.12239583333333333
2,93,0,33.14103524,35.601935268,08/06/2025,56,0.5018679552453995,0.007156960349907547,0.5658394842748082,0.8361029768925905,0.41380084133359857,2.9887383625258925,1011.5555555555555,0.5561274509803922,0.20052083333333334
2,94,0,33.140825837,35.601921853,08/06/2025,56,0.5153091016740221,0.005189155618956372,0.5743044524834472,0.8454355114942419,0.4229957747261206,2.5738496345702995,1005.4444444444445,0.6791666666666667,0.21788194444444448
2,95,0,33.140610482,35.601909215,08/06/2025,56,0.5136834879879019,0.002263563639292413,0.5753020024602022,0.8392685116464054,0.41623928283864653,1.9354322346176824,1005.6666666666666,0.75,0.4131944444444444
2,96,1,33.140401507,35.601895982,08/06/2025,56,0.5336552827975933,0.009245341472074935,0.579513720271382,0.8755996108249106,0.4247500046396395,4.561307752601005,1009.7777777777778,0.26429110105580694,0.11458333333333334
2,97,0,33.14020589,35.601884077,08/06/2025,56,0.49661048198745816,0.018893299963182824,0.5661904213195539,0.8240243693283448,0.4145898555632404,3.4683369582504966,1025.2222222222222,0.48124999999999996,0.17274305555555558
2,98,0,33.14000206,35.601872723,08/06/2025,56,0.5239086262067564,0.007430058684946935,0.5787590179798919,0.8541447250119605,0.43066457260849006,4.128987962506981,1031.7777777777778,0.4245098039215686,0.1345486111111111
2,99,0,33.139791972,35.601860572,08/06/2025,56,0.5139595344890228,0.005526333766696912,0.5790990151429115,0.8304548202698164,0.41650497950988546,2.68514304294886,1038.111111111111,0.65625,0.23524305555555558
2,100,0,33.139583615,35.601845982,08/06/2025,56,0.5255648371763777,0.005486899416967625,0.5812949279215048,0.8514871251269935,0.42371520221100395,3.2963824188369655,1027.5555555555557,0.5854166666666667,0.1814236111111111
2,101,0,33.139379935,35.601834952,08/06/2025,56,0.5278461348483887,0.0036705559637574756,0.5809797718908701,0.8576756717020262,0.43050097368542745,3.5213880242490543,995.8888888888889,0.5920343137254902,0.16666666666666669
2,102,0,33.13918549,35.601823747,08/06/2025,56,0.5347409045873671,0.0027150089659126447,0.5837020648423029,0.8671178605354319,0.43235344149159455,2.6924203171277865,954.6666666666666,0.7104166666666667,0.23437500000000003
2,103,0,33.138985528,35.601811522,08/06/2025,56,0.5402954485488166,0.0036937088741736115,0.583874009182585,0.8803536062879112,0.43734665108021153,4.1513636691975435,934.2222222222222,0.38750000000000007,0.13194444444444448
2,104,0,33.138775373,35.601799308,08/06/2025,56,0.5498481229681601,0.009944464433962187,0.5982454746427476,0.8659473573702552,0.4405134106422152,3.005872900563965,903.6666666666666,0.5895833333333333,0.17708333333333334
2,105,0,33.138647572,35.60179156,08/06/2025,56,0.49807682589278496,0.017931292317486996,0.5611354074980558,0.8392696813894999,0.40728159692957466,4.846251836004468,833.0,0.21882541478129705,0.1076388888888889
2,106,0,33.138667807,35.601407053,08/06/2025,56,0.5201573502449099,0.01173014591258712,0.5635714229650975,0.8842214395845954,0.40311111315841364,3.857157547405643,837.8888888888889,0.24702111613876324,0.1701388888888889
2,107,0,33.13886883,35.601419228,08/06/2025,56,0.5442215381829548,0.0041455842480513285,0.5885108166714601,0.8777694670821093,0.44231324632598445,4.124964900994671,918.6666666666666,0.39860482654600304,0.14930555555555555
2,108,0,33.139074902,35.601434497,08/06/2025,56,0.539442371844169,0.005774786405889476,0.592457119897495,0.8556254735862012,0.4337550835353745,3.7880602963278096,928.3333333333334,0.49374999999999997,0.13975694444444445
2,109,0,33.139263995,35.601447725,08/06/2025,56,0.5352419690221574,0.006129442941208955,0.5849000408131757,0.8651819647630169,0.4357465935649954,3.5044524202426603,955.3333333333334,0.5645833333333333,0.15625
2,110,0,33.139466282,35.601456147,08/06/2025,56,0.513219438698674,0.012847696783365692,0.5717709085812405,0.8473370725574768,0.41884375908291016,3.9215263787562824,980.6666666666666,0.44534313725490193,0.1449652777777778
2,111,0,33.139682903,35.601474367,08/06/2025,56,0.5385025306509634,0.007702549287574563,0.5838579009767856,0.8760442901778792,0.4371066014707515,3.230259514852448,986.7777777777778,0.575,0.1597222222222222
2,112,0,33.139896577,35.601488797,08/06/2025,56,0.4959349977139617,0.009234534235854732,0.5632769309590882,0.8292566339187656,0.4123781024548292,3.4380546909157212,999.3333333333334,0.5875,0.15798611111111113
2,113,0,33.140105433,35.60150685,08/06/2025,56,0.5139809756804251,0.004537462557129825,0.5750244604231377,0.8405612245028937,0.41305634551339443,2.339986977229236,976.1111111111111,0.7062499999999999,0.3029513888888889
2,114,0,33.140302,35.601519018,08/06/2025,56,0.432186157234976,0.014344163608129786,0.5078143639580224,0.8235155173404288,0.3512312921214329,3.4097126206940414,1118.0,0.5291666666666667,0.20225694444444445
2,115,0,33.140519643,35.6015303,08/06/2025,56,0.5193227035634641,0.007233245768602622,0.5700109945511443,0.8657419565858206,0.41912129210210547,2.729182000302357,985.8888888888889,0.6625000000000001,0.2578125
2,116,0,33.140717898,35.601546062,08/06/2025,56,0.5162380047740938,0.005063094510340778,0.5741527247582726,0.8480421202659125,0.4123184640108146,3.416762433084443,988.6666666666666,0.5604166666666667,0.1657986111111111
2,117,0,33.140930147,35.601562102,08/06/2025,56,0.5047766784116983,0.0059873216776086145,0.5641665493100185,0.8468378427101154,0.4009505100403562,3.760588652734264,999.8888888888889,0.4036764705882353,0.1484375
2,118,0,33.141096252,35.60156632,08/06/2025,56,0.5098696468723133,0.008450269951496042,0.5726397691728145,0.8372224952685378,0.41873440659329847,3.7902145264894807,994.7777777777778,0.3849358974358975,0.1267361111111111
2,119,0,33.141307538,35.601582055,08/06/2025,56,0.49752668244948545,0.006293798820390706,0.5585076166511211,0.8443246482743891,0.39885502902404896,3.296382418836966,1020.1111111111111,0.5920343137254902,0.18142361111111113
2,120,0,33.141473253,35.601592685,08/06/2025,56,0.26002263582268326,0.0266036625274438,0.4070853836160731,0.7176697975443286,0.2090278082189857,4.535906066166136,1552.0,0.2585048000489177,0.11458333333333334
2,121,0,33.141476053,35.601205358,08/06/2025,56,0.3194174430363525,0.06017983955550444,0.44947562128514407,0.7371939583679856,0.24966919167626533,4.19195242024266,1331.3333333333333,0.20342098786695087,0.12586805555555555
2,122,0,33.141265283,35.601192873,08/06/2025,56,0.5547985457825937,0.007608431145146665,0.6061217683873888,0.85677564690548,0.45205805608864513,3.633757441416555,913.4444444444445,0.4375,0.16319444444444445
2,123,0,33.141060453,35.601175985,08/06/2025,56,0.5574910861257144,0.0051307649169820176,0.6069266097981187,0.8611359614317087,0.44768442651778073,3.3858533076164026,897.0,0.6187499999999999,0.19010416666666669
2,124,0,33.140853317,35.601165188,08/06/2025,56,0.5643844756035719,0.011423171142304556,0.6056037644184422,0.8823999641035852,0.45644228362689643,4.574546753088499,899.3333333333334,0.3712009803921569,0.1154513888888889
2,125,0,33.140644383,35.601151265,08/06/2025,56,0.5681494661895056,0.010405533045450365,0.6099779927123713,0.8801990269848337,0.46373017104348396,2.4652770151996863,904.5555555555555,0.6041666666666666,0.2925347222222222
2,126,0,33.140442832,35.601149153,08/06/2025,56,0.5538259744705096,0.010078999590001927,0.5977026082732567,0.8773118160582052,0.44418169836481364,3.731394596362721,940.7777777777778,0.5562499999999999,0.15190972222222224
2,127,0,33.140229845,35.601136568,08/06/2025,56,0.5306718951851737,0.007318696731048525,0.5918017401055186,0.8366303967266767,0.44119488695096315,4.186772210336684,948.8888888888889,0.36402893277893283,0.12586805555555555
2,128,0,33.140024335,35.601123753,08/06/2025,56,0.5569116353913213,0.006066184889473829,0.6058941745727264,0.8625122572046937,0.457278767564332,4.099774142702668,935.4444444444445,0.407843137254902,0.15104166666666669
2,129,0,33.139818435,35.601111035,08/06/2025,56,0.5466321747917794,0.007448799521980049,0.5966054500173293,0.8620767663085567,0.45170560370265417,4.474467448142028,955.8888888888889,0.3344457013574661,0.12239583333333334
2,130,0,33.139614337,35.601098623,08/06/2025,56,0.5578445003320778,0.00756452710665561,0.6013901403392686,0.8770858224223507,0.44293051328759236,4.602303795493078,965.7777777777778,0.288146681749623,0.11111111111111113
2,131,0,33.139420042,35.601088313,08/06/2025,56,0.5526673814392229,0.00631290429702273,0.5966361757740537,0.8769612770533637,0.4467465594067604,3.9445139422512874,965.5555555555555,0.5104166666666667,0.14149305555555555
2,132,0,33.139215988,35.601075682,08/06/2025,56,0.5502181853212003,0.0106350003832269,0.6000256323598717,0.8618246325727577,0.4600692117205695,4.532880086421832,936.5555555555555,0.42696078431372547,0.11892361111111112
2,133,0,33.139019293,35.601063452,08/06/2025,56,0.5681200367399374,0.007397748792662298,0.6089291309631106,0.8826937542898428,0.4565321613552299,4.410906066166138,902.4444444444445,0.26846719457013574,0.11458333333333334
2,134,0,33.138819787,35.601052053,08/06/2025,56,0.5746780177598203,0.005520980345708537,0.6083412388199319,0.9018066315907947,0.4689475022286466,3.9062640135302216,900.6666666666666,0.40870098039215685,0.15104166666666666
2,135,0,33.138685703,35.601043738,08/06/2025,56,0.5269214291498988,0.029074129962117348,0.5732105590557958,0.876256234792195,0.4117584378929735,4.159037234815499,844.5555555555555,0.17906261092236697,0.15104166666666666
2,136,0,33.138696937,35.600672637,08/06/2025,56,0.4840517735856632,0.031437412697812556,0.5475713275206804,0.8418446663322776,0.3915660045771563,4.759892522926829,880.2222222222222,0.13675844435672627,0.11197916666666669
2,137,0,33.13891635,35.60068634,08/06/2025,56,0.5386947145505191,0.013230073190455697,0.5915125303537936,0.8565047175735478,0.4502451903130059,3.6889264404983546,962.7777777777778,0.3760035771065182,0.14930555555555555
2,138,0,33.139121617,35.600699377,08/06/2025,56,0.5553363457560294,0.007383254859272251,0.6014722904229707,0.8704501334850636,0.44992561533315534,3.8080218800785093,954.2222222222222,0.4786764705882352,0.14930555555555552
2,139,0,33.1393337,35.600712562,08/06/2025,56,0.5576918995904264,0.00466902345103009,0.6058817021675028,0.8645292085062899,0.4514119347247037,3.9369196094054484,952.2222222222222,0.49374999999999997,0.12239583333333333
2,140,0,33.139534923,35.600723458,08/06/2025,56,0.5507281327135438,0.008593819136239305,0.5980532465740254,0.8682614815382392,0.45345872399040815,3.9783851502640752,982.8888888888889,0.35273001508295626,0.1189236111111111
2,141,0,33.139738737,35.600736808,08/06/2025,56,0.561480203119643,0.005035384337450666,0.6139580736130212,0.8518150404070827,0.4790462511792215,3.6667624330844424,939.1111111111111,0.5291666666666666,0.15538194444444448
2,142,0,33.139948875,35.600750173,08/06/2025,56,0.5582855672916678,0.010528119283940875,0.595623244412383,0.8946203547412398,0.45430334884146106,3.234948560979935,968.3333333333334,0.5520833333333333,0.1736111111111111
2,143,1,33.140144637,35.600762023,08/06/2025,56,0.5447483593931655,0.0074701217710673555,0.6019840567947315,0.8432186639535286,0.45606102361605977,3.3508201891059994,958.4444444444445,0.4625,0.1814236111111111
2,144,0,33.140341158,35.600774185,08/06/2025,56,0.47565136388780505,0.021069257082449458,0.5420440980490224,0.8360275145186664,0.3877943965381579,3.678998818566198,1079.5555555555557,0.5333333333333333,0.15885416666666666
2,145,1,33.140545973,35.600785708,08/06/2025,56,0.5649751399771625,0.005546928211951046,0.6039501106180509,0.8883840088154434,0.4526037460949198,3.5651186878973498,913.2222222222222,0.5208333333333333,0.16753472222222224
2,146,0,33.140749102,35.600797853,08/06/2025,56,0.5530021511291676,0.006217852384940274,0.6050783154328238,0.8550362804290998,0.4538869981833801,3.6260928481857815,906.6666666666666,0.45784313725490194,0.1467013888888889
2,147,0,33.140955428,35.600813163,08/06/2025,56,0.5487258132194083,0.0077769834348678174,0.5950997976211757,0.8714790147638521,0.45229223308807787,3.1404762562790713,939.8888888888889,0.5604166666666668,0.23958333333333337
2,148,0,33.141156333,35.600825512,08/06/2025,56,0.5453184554404038,0.00793264356742912,0.5946455706005805,0.864205605100937,0.447256541591493,4.0549959003342035,956.7777777777778,0.3894607843137255,0.12586805555555555
2,149,0,33.141373655,35.600838453,08/06/2025,56,0.5176967200638001,0.009703283962331395,0.5905486825621574,0.8101596933774398,0.42737587950354,3.959147917027245,965.0,0.3922794117647059,0.21006944444444442
2,150,0,33.141495348,35.600846943,08/06/2025,56,0.29105248045483756,0.02611024546456226,0.42698793694005355,0.7310772573447811,0.23177694437524504,4.596251836004466,1541.888888888889,0.18341638777614389,0.11805555555555555
2,151,0,33.141495,35.600518333,08/06/2025,56,0.2808892706484774,0.04548926885822271,0.42757951040183834,0.714319933733702,0.23900703033210327,3.89882421407231,1568.888888888889,0.2638480392156863,0.15104166666666669
2,152,0,33.141263333,35.600531667,08/06/2025,56,0.5283672058809346,0.0035084943161177444,0.5941657065543572,0.8250089083310975,0.43331780518479684,1.9933241319059891,1019.0,0.7604166666666666,0.2873263888888889
2,153,0,33.141045,35.600531667,08/06/2025,56,0.5307857544291049,0.006335294473092493,0.5912333005946968,0.8383205529448359,0.4278163134199542,2.826986382061203,982.2222222222222,0.6145833333333334,0.2144097222222222
2,154,0,33.140848333,35.6005,08/06/2025,56,0.5289652750394895,0.004536263879029645,0.5928096719556228,0.8299689221656564,0.43562017569102324,3.618367649916837,973.3333333333334,0.46825980392156863,0.171875
2,155,0,33.140648333,35.600471667,08/06/2025,56,0.5312158520046895,0.009551395023081053,0.5856495358350826,0.8539342131832569,0.43072686004878724,3.454172272078755,975.5555555555555,0.49166666666666664,0.19791666666666669
2,156,1,33.140461667,35.600471667,08/06/2025,56,0.5336377354206817,0.017170141043485306,0.5836302959541251,0.865121731294635,0.41842552519866066,5.063314583693912,987.6666666666666,0.275197963800905,0.11197916666666669
2,157,0,33.140243333,35.600458333,08/06/2025,56,0.5303797711373428,0.005552223795670107,0.5904182872500332,0.8393795282395006,0.43255046373211814,3.692009586131382,1000.5555555555555,0.467288838612368,0.1623263888888889
2,158,0,33.140033333,35.600441667,08/06/2025,56,0.5352588466858803,0.005066152064069764,0.5877831846951374,0.8577530161825171,0.43823152786325764,2.7249446711226777,1014.6666666666666,0.7,0.22135416666666669
2,159,0,33.139836667,35.600428333,08/06/2025,56,0.5348430831812255,0.008138233500513048,0.5922454370709016,0.8451922942294516,0.43410903118311,3.216539522983615,997.5555555555555,0.5854166666666667,0.1831597222222222
2,160,0,33.139625,35.600426667,08/06/2025,56,0.5307863346249211,0.007546167207383145,0.5904203408079786,0.8405068885400021,0.4312024247660051,2.7462331360961656,994.0,0.5916666666666666,0.21180555555555558
2,161,0,33.13943,35.60041,08/06/2025,56,0.5267271492326699,0.005184453360952299,0.588634084310264,0.8355272151210507,0.4338442553791863,3.2285862760721153,1004.8888888888889,0.44375,0.1814236111111111
2,162,0,33.139238333,35.600401667,08/06/2025,56,0.533086467516259,0.002250766848174818,0.5965167570931381,0.82984206097464,0.44705162536313126,3.07380586892897,990.6666666666666,0.6145833333333333,0.20833333333333331
2,163,0,33.139026667,35.60037,08/06/2025,56,0.5323942949882241,0.0129565522078361,0.5940035425670291,0.8350096872049378,0.4392969321233937,3.8848925229268274,997.5555555555555,0.4020833333333333,0.1449652777777778
2,164,1,33.138808333,35.600365,08/06/2025,56,0.5442894228968085,0.0072785478228750145,0.5936487619379087,0.8641257973882637,0.4521553407796682,4.515072732832804,1011.6666666666666,0.26107832946068243,0.11197916666666669
2,165,0,33.138731667,35.600373333,08/06/2025,56,0.4827699098082806,0.023280329189646776,0.5482301207013116,0.8367300723528209,0.3871491131523369,4.663320189105999,986.4444444444445,0.17025518482835555,0.125
2,166,0,33.13873998884879,35.60004385714451,08/06/2025,56,0.34455554593357435,0.03247258527341778,0.4640244734261511,0.7512922298898808,0.27333561412718127,4.663320189106001,791.2222222222222,0.1402594001164845,0.125
2,167,0,33.13900409577885,35.60006273212911,08/06/2025,56,0.4313718508615777,0.028464049024304307,0.5266585620773573,0.780868829356336,0.3540018723208854,3.8860276044371003,1163.3333333333333,0.4708333333333333,0.1371527777777778
2,168,0,33.13922356945667,35.60007698444571,08/06/2025,56,0.4216642560709219,0.041796836462139955,0.5242830990358625,0.7683935084915162,0.34758272068249774,3.152170691632976,1166.2222222222222,0.36874999999999997,0.22395833333333331
2,169,0,33.13941330636254,35.60008225836661,08/06/2025,56,0.42158004842153296,0.0436552431409438,0.5248863690225654,0.7665249194589838,0.3410807818613091,4.681127542695029,1159.6666666666667,0.2479920814479638,0.11458333333333334
2,170,1,33.13962532476266,35.600100899878065,08/06/2025,56,0.4253190452874856,0.049277128607043884,0.5294927062565407,0.7643963065396279,0.3487443656511344,4.698527604437102,1154.4444444444443,0.2391968325791855,0.11892361111111112
2,171,0,33.13985226772052,35.600106340853756,08/06/2025,56,0.4026096130072039,0.04508189234946845,0.5050502543158351,0.7722815708636523,0.3273803871717054,4.333624692321415,1213.6666666666667,0.3351073641514818,0.11458333333333334
2,172,0,33.140034535297254,35.60012042646064,08/06/2025,56,0.3886776738968776,0.0518719448568157,0.49723746108775896,0.7638494742247722,0.31479556978805606,3.4866450666536326,1244.2222222222222,0.45196078431372544,0.19444444444444442
2,173,0,33.14023916864876,35.60012134484122,08/06/2025,56,0.3853984062370148,0.05634115274240391,0.48800072896137947,0.7760008468277431,0.3030778784010232,4.245374481009744,1239.7777777777778,0.406447963800905,0.14149305555555555
2,174,0,33.14045120106142,35.60013556413844,08/06/2025,56,0.42046937413407265,0.05060293112774612,0.5222550705489132,0.7696528867359224,0.33323813236706024,4.611033209849189,1138.6666666666667,0.29177214544861607,0.1310763888888889
2,175,0,33.140595,35.600145,08/06/2025,56,0.4256438951135896,0.05514295599495194,0.5203854943463492,0.7852415583407069,0.3568917333566369,2.9133456951388417,1195.4444444444443,0.6270833333333333,0.2152777777777778
2,176,0,33.140833333,35.60017,08/06/2025,56,0.42146720623458256,0.05183711025984213,0.5176024180431459,0.7822797702092916,0.3430163516510467,3.9549868557726664,1228.5555555555557,0.2955882352941177,0.15277777777777782
2,177,0,33.141023333,35.600176667,08/06/2025,56,0.3881282630816011,0.04826801217860238,0.5058443650100404,0.744975163940512,0.3178536751792786,4.334295316096011,1246.2222222222222,0.2969362745098039,0.1076388888888889
2,178,0,33.141205,35.600185,08/06/2025,56,0.36398613108327893,0.051520565629692504,0.48452326150935143,0.7452163247561318,0.3011102219678782,3.596822633626531,1304.2222222222222,0.2803921568627451,0.17708333333333331
2,179,0,33.141415,35.600195,08/06/2025,56,0.32789484666758206,0.0521613976154057,0.46250148058192775,0.7259276829595749,0.27855167266506214,4.230128649429343,1336.6666666666667,0.3541401695813461,0.11892361111111113
2,180,0,33.141525,35.600213333,08/06/2025,56,0.2843165519233659,0.013513346944779327,0.4321450805014632,0.7116181981973683,0.23844948336213032,4.246653522439333,972.4444444444445,0.22540958862298355,0.13888888888888892
3,1,0,33.141286912,35.604064998,12/06/2025,52,0.26978679809763106,0.03236163148945449,0.39939463436541356,0.7463526222021694,0.2103119669552083,4.217090774749888,933.8888888888889,0.2479718905700705,0.12847222222222224
3,2,1,33.141094482,35.604051333,12/06/2025,52,0.40635415024687616,0.03318636194764855,0.4907124535213196,0.8098674103351149,0.3156400796286714,4.1902054819279435,841.4444444444445,0.31413537270659203,0.1362847222222222
3,3,0,33.141096643,35.60405209,12/06/2025,52,0.4090000857114902,0.03270739681552734,0.49372408446108373,0.8084245530236478,0.3210652016878723,3.967090774749888,836.3333333333334,0.2727143466828855,0.1388888888888889
3,4,1,33.14089048,35.604042392,12/06/2025,52,0.3958382313908609,0.04062457716031702,0.49540121080913585,0.7807749145286964,0.32675189197025456,4.663320189106001,855.6666666666666,0.25420654613801874,0.125
3,5,1,33.140682515,35.604029097,12/06/2025,52,0.4285372392185189,0.06504548151453564,0.5115304315319229,0.812261143058308,0.33035507933615793,4.188461982762677,1263.7777777777778,0.27652893277893276,0.1310763888888889
3,6,1,33.140475232,35.60401586,12/06/2025,52,0.40543293266098757,0.05909901237418005,0.5068163076796519,0.7761104568387786,0.3147422790264475,4.273131523414322,1288.888888888889,0.33737745098039207,0.11458333333333333
3,7,1,33.14025896,35.604004345,12/06/2025,52,0.37427639818587455,0.06816937419218935,0.4868887535531246,0.7589581637807027,0.2957571367219691,4.017617721195771,1330.5555555555557,0.40796293465411104,0.13368055555555555
3,8,1,33.14006053,35.603991823,12/06/2025,52,0.35814024117186405,0.053711549830844016,0.4752453047567103,0.7541487008293889,0.2798374500569765,3.441808460323343,1381.5555555555557,0.43125,0.20399305555555558
3,9,1,33.139857173,35.603978323,12/06/2025,52,0.36189833467030685,0.06270856630621309,0.4762290180241809,0.7581659558674785,0.2810445724941293,5.292481250360577,1292.111111111111,0.13348462149932738,0.10416666666666669
3,10,1,33.139658807,35.60396682,12/06/2025,52,0.4232775859699034,0.06870389316232495,0.518147524761347,0.784001673929678,0.3328598876533928,3.9166315676613377,1148.4444444444443,0.16101026256164203,0.15798611111111113
3,11,1,33.139454662,35.603955217,12/06/2025,52,0.4219931067448624,0.06724541193355664,0.5227076888788507,0.7736163663014805,0.3401469591577662,4.389460876028361,1126.6666666666667,0.1608047470547471,0.12847222222222224
3,12,1,33.13925451,35.603942585,12/06/2025,52,0.4220875654627773,0.0717502802612476,0.5163159408816669,0.788934600129152,0.34418299584716927,4.40310716836281,1143.2222222222222,0.18403922214897822,0.11805555555555557
3,13,1,33.139058995,35.603930637,12/06/2025,52,0.3980749238129648,0.06473133282642776,0.5019315532567513,0.7725078352761405,0.3211592518853345,4.840199876515856,1153.7777777777778,0.13943602027156723,0.11458333333333334
3,14,1,33.138798595,35.603917333,12/06/2025,52,0.3863822772968961,0.0626674417750975,0.49756178659716827,0.759100255057633,0.298948073601056,3.596822633626531,1124.3333333333333,0.22590956340956336,0.17708333333333337
3,15,1,33.13859478,35.60390661,12/06/2025,52,0.4358638474336792,0.07024018734785624,0.5122174706972701,0.8235666914805583,0.3285656742610873,4.846251836004468,1004.7777777777778,0.10606839331464275,0.1076388888888889
3,16,0,33.138559323,35.603902088,12/06/2025,52,0.4275910179202456,0.06732127591136165,0.5083125223400968,0.8144261560413092,0.3224967830073338,4.217090774749888,668.8888888888889,0.14926188602530674,0.12847222222222224
3,17,0,33.138557745,35.603610512,12/06/2025,52,0.5333996124911337,0.0417427671192696,0.5777175803634187,0.8843574840196332,0.4272125012851029,4.4193721485946105,601.1111111111111,0.19154587152324468,0.12847222222222224
3,18,0,33.138752198,35.603623265,12/06/2025,52,0.6056950920019539,0.017392600340896715,0.6387070397224158,0.8988294428227479,0.4728402996571317,4.5587462305923765,957.5555555555555,0.3927696078431373,0.13020833333333334
3,19,0,33.138953912,35.603635937,12/06/2025,52,0.5854391626211028,0.006362868641385413,0.6287252972047207,0.8719874693096947,0.4678901458148829,4.590199876515856,991.0,0.40404411764705883,0.1371527777777778
3,20,0,33.139149112,35.603646213,12/06/2025,52,0.6116325273227541,0.0063766411002005126,0.6431397352279993,0.901588816050749,0.48545662823819785,4.001426440498355,972.8888888888889,0.3894607843137255,0.1449652777777778
3,21,0,33.139345078,35.603659013,12/06/2025,52,0.5791705311709843,0.015352520454446447,0.6249464178785993,0.866967001002405,0.46375020722355803,4.247936003018372,1015.6666666666666,0.36647991317108963,0.12586805555555555
3,22,0,33.13955126,35.603671062,12/06/2025,52,0.5904604177078101,0.007359740289258432,0.6288076085069996,0.8851271142303047,0.4720357568410396,4.403501365713555,1030.2222222222222,0.4568721719457013,0.13368055555555558
3,23,0,33.139754877,35.603683665,12/06/2025,52,0.5920657711823021,0.006100485305129238,0.6314517674892133,0.8817021381721688,0.4607685288783292,4.461038815261277,1020.6666666666666,0.3013763197586727,0.125
3,24,1,33.139954508,35.603691305,12/06/2025,52,0.5891221149833208,0.008859718673962928,0.6329834997603466,0.8694985588157836,0.47005706848498036,3.6120523585005877,1031.4444444444443,0.47916666666666674,0.16753472222222224
3,25,0,33.140151657,35.603703738,12/06/2025,52,0.5578799570341149,0.017569959319925773,0.6050185657638708,0.8684574059750605,0.43979216181126346,3.5041188279300863,1117.888888888889,0.54375,0.1527777777777778
3,26,0,33.140346113,35.603719147,12/06/2025,52,0.5676590465231102,0.009922640934437938,0.6114606835579084,0.8744909886835264,0.45488853483559194,3.4715372348154987,1078.0,0.5229166666666667,0.1623263888888889
3,27,0,33.140550507,35.603734958,12/06/2025,52,0.5557806631666209,0.014769806381046732,0.6098393186874514,0.8492098370531027,0.4514180089115569,3.632885691833921,1075.3333333333333,0.4708333333333333,0.14583333333333331
3,28,1,33.140758675,35.603746657,12/06/2025,52,0.614922796500851,0.009188730079291859,0.63950949302597,0.9225432067399237,0.48402908998326144,3.7297213575823873,998.1111111111111,0.4606146304675717,0.1527777777777778
3,29,1,33.140959098,35.603758632,12/06/2025,52,0.6224024909573026,0.00730612566687193,0.6362558586137038,0.9553026429006479,0.4752707645554452,4.61923939949947,993.1111111111111,0.23009661244955362,0.1076388888888889
3,30,1,33.141164995,35.603769328,12/06/2025,52,0.5890113200662535,0.007674738350256695,0.6212780007600692,0.903849498438714,0.463393329591035,3.1836852963029663,1011.2222222222222,0.5958333333333333,0.17708333333333334
3,31,1,33.141355642,35.603779397,12/06/2025,52,0.33914123096234056,0.06335291709317857,0.4545391206019784,0.7606779254172568,0.2669426415339278,5.0485332098491895,1325.3333333333333,0.15955841588194533,0.10763888888888891
3,32,0,33.141362582,35.603782643,12/06/2025,52,0.33914123096234056,0.06335291709317857,0.4545391206019784,0.7606779254172568,0.2669426415339278,5.0485332098491895,1325.3333333333333,0.15955841588194533,0.10763888888888891
3,33,0,33.14136001,35.603453605,12/06/2025,52,0.35180154287382337,0.0655798408507669,0.4576024199395069,0.7794099539729967,0.2724940684254573,3.9090372348154983,1457.0,0.2649038461538461,0.16145833333333334
3,34,0,33.141170608,35.60342983,12/06/2025,52,0.5827116659953623,0.009849709582540968,0.6243613120146875,0.8776516353453705,0.4678564729570965,3.9018281269332213,1042.5555555555557,0.4474264705882353,0.1484375
3,35,0,33.140905295,35.603415228,12/06/2025,52,0.6156088615775325,0.005059345463230893,0.6421513846260916,0.9159254101224437,0.48607508717246894,2.9696392022623037,1013.3333333333334,0.5019607843137255,0.2439236111111111
3,36,0,33.140694023,35.603406603,12/06/2025,52,0.6119303798021529,0.010983104561846981,0.6451384928386653,0.8962318503967109,0.47847910685643513,3.2913966014913245,1008.4444444444445,0.5514466389466389,0.2317708333333333
3,37,0,33.14049937,35.603392937,12/06/2025,52,0.6087086547952718,0.009073476437479876,0.6496633060629242,0.8732651708064133,0.4920117982194998,3.23161225581642,1010.8888888888889,0.48750000000000004,0.16145833333333334
3,38,0,33.140300863,35.603382275,12/06/2025,52,0.6152816076449757,0.008230340813246117,0.6423371884527134,0.914815273814139,0.4822495518213112,4.188054690915721,1027.111111111111,0.4354166666666667,0.13020833333333334
3,39,0,33.140099232,35.603368717,12/06/2025,52,0.6239288676269199,0.007366992633807717,0.6513658515947792,0.911895274951638,0.4903421048003792,2.4482537708610694,1000.5555555555555,0.7312500000000001,0.2795138888888889
3,40,0,33.139902152,35.60335784,12/06/2025,52,0.6299535862701575,0.0068132793321683295,0.6557582342958476,0.9157556174161784,0.4985332353458043,3.9962462305923774,957.7777777777778,0.4121417797888386,0.16927083333333334
3,41,0,33.139703672,35.60334613,12/06/2025,52,0.6284850610824597,0.005411200928950248,0.6469445296351739,0.9398134825173747,0.5068393119223487,5.048533209849189,982.4444444444445,0.25071822387998854,0.1076388888888889
3,42,0,33.139498387,35.603332867,12/06/2025,52,0.6090040327820079,0.008160868465462648,0.6427057421966867,0.8957297505679401,0.4823751128942637,2.9133456951388417,963.8888888888889,0.5375,0.2152777777777778
3,43,0,33.139295938,35.603322305,12/06/2025,52,0.6209723385079639,0.009893962095969317,0.6516272663790513,0.9024409384203332,0.5050379265371665,4.035034316583504,937.6666666666666,0.35654223227752635,0.1579861111111111
3,44,0,33.139101065,35.603310657,12/06/2025,52,0.6223185403545648,0.010438953306829398,0.6509144718787272,0.9087664257822943,0.49586182581267113,5.084147917027246,937.4444444444445,0.20392967062084708,0.11111111111111112
3,45,0,33.138908075,35.603298728,12/06/2025,52,0.6345446346453575,0.0061973824645519555,0.6544388412736128,0.934488804346264,0.49579792365794856,4.460167065678644,923.1111111111111,0.2579128959276018,0.1232638888888889
3,46,0,33.13866311,35.603275047,12/06/2025,52,0.5838810417886355,0.01863498490060805,0.6202356593105672,0.8926177617885074,0.4562596689415479,5.292481250360577,863.6666666666666,0.11500962694291245,0.10416666666666669
3,47,0,33.138581163,35.603280792,12/06/2025,52,0.5012363221116668,0.034632432271630126,0.5619076579258366,0.845109777114328,0.3870288954636966,4.819366543182522,884.2222222222222,0.20637447913093537,0.1154513888888889
3,48,0,33.138597765,35.60290721,12/06/2025,52,0.5232706151544688,0.03208019477306864,0.5668347386825574,0.8843847423827168,0.41041319827253214,5.0901998765158565,880.0,0.14486705596999713,0.10416666666666669
3,49,0,33.138834982,35.602923243,12/06/2025,52,0.6052297267902613,0.006799658826675222,0.6352046850576554,0.9073156526010323,0.4692250233025201,3.5770917414514662,926.1111111111111,0.4344097774244833,0.1892361111111111
3,50,0,33.139036682,35.602934995,12/06/2025,52,0.60789083786845,0.0065485194646724264,0.6332259795351592,0.9211928543706952,0.47668093725264993,4.231000399011976,934.4444444444445,0.3916666666666667,0.12239583333333334
3,51,0,33.139241355,35.6029517,12/06/2025,52,0.6047879352087431,0.008806063367641212,0.6345441754917129,0.9081593868992955,0.48119554921078905,3.5520973468635546,955.1111111111111,0.4229166666666667,0.15885416666666666
3,52,0,33.139453945,35.602959962,12/06/2025,52,0.6081404003631701,0.00641142417214736,0.6335315625296296,0.9209397550794675,0.47599281581754027,4.435900460754049,984.0,0.36313593004769473,0.12239583333333334
3,53,0,33.139661677,35.602973688,12/06/2025,52,0.606617335349419,0.0064748665374422115,0.6434470581578753,0.8861202957328779,0.48625058391586645,2.729182000302357,967.8888888888889,0.59375,0.2578125
3,54,0,33.139872935,35.602986725,12/06/2025,52,0.6023778124567791,0.006100323084253599,0.6323284156540756,0.9078954402041407,0.47082946228128136,4.534422459779061,998.2222222222222,0.3397812971342383,0.12239583333333336
3,55,0,33.140085903,35.60299451,12/06/2025,52,0.5924191030017936,0.009951730110977747,0.6330930723720191,0.878427465656748,0.4743735802349168,4.015358131643836,1029.111111111111,0.34443815987933635,0.1371527777777778
3,56,0,33.14028589,35.603002758,12/06/2025,52,0.582261497903186,0.013401272128132838,0.6203631630892067,0.8880290541664599,0.4532804505984001,4.218636587256565,1068.6666666666667,0.3794606824018589,0.1267361111111111
3,57,0,33.140491797,35.603008717,12/06/2025,52,0.5911461074639884,0.01030185139689151,0.6305819174485809,0.8819932346271024,0.45606565282545625,4.85498125036058,1024.888888888889,0.2892911010558069,0.12760416666666669
3,58,0,33.140701823,35.603020035,12/06/2025,52,0.6056570847564612,0.004823546168605588,0.6360930811180598,0.9057511254262801,0.47367918844775025,3.9015647950055827,1016.4444444444445,0.43124999999999997,0.1423611111111111
3,59,0,33.1409083,35.603032117,12/06/2025,52,0.5849824719724835,0.0065941545656403935,0.6209237561871264,0.8931041710644885,0.4568251067378451,4.417481250360577,1050.4444444444443,0.3621134992458522,0.15104166666666669
3,60,0,33.141111607,35.60304688,12/06/2025,52,0.5840149275292582,0.010305763154084796,0.623678753711862,0.8829797388500491,0.4646554773678501,4.260303253923232,1048.5555555555557,0.4458333333333334,0.12326388888888891
3,61,0,33.141313127,35.60306078,12/06/2025,52,0.5038901275664236,0.03189328738013406,0.5626737008698297,0.849406566550562,0.39110078593396574,4.0465263787562815,1207.3333333333333,0.35019796380090495,0.13628472222222224
3,62,0,33.14139051,35.603068565,12/06/2025,52,0.31391166994138786,0.056974018342017076,0.443148007138078,0.7396201438618897,0.24724325402207492,4.484289710683921,1555.111111111111,0.3481146304675717,0.12586805555555558
3,63,0,33.141412005,35.602701403,12/06/2025,52,0.34563709512705004,0.06347493497882681,0.4647093460631438,0.7533131661617599,0.268842233119973,4.188140286873214,1423.2222222222222,0.4337009803921568,0.1440972222222222
3,64,0,33.141203282,35.602691407,12/06/2025,52,0.5655591152358466,0.0057649168280484876,0.6050836867980258,0.8869512104466464,0.43897804305688337,2.6358147051504806,1025.888888888889,0.568627450980392,0.2387152777777777
3,65,0,33.140982287,35.602679077,12/06/2025,52,0.5715785535666944,0.0037591365921873132,0.6163612998544646,0.8707925304699964,0.4555818507378737,3.596466974430564,1017.5555555555555,0.5458333333333334,0.15972222222222224
3,66,0,33.140769327,35.602664842,12/06/2025,52,0.5838545114718394,0.006394275100925176,0.6224395654399624,0.8858221579054048,0.4602018995858419,3.219508336839199,1016.2222222222222,0.5541666666666667,0.22395833333333331
3,67,0,33.140495052,35.602649287,12/06/2025,52,0.5663255637007314,0.00454465551298226,0.6161896738663064,0.8577948050779596,0.4472888143994392,4.577572732832805,1025.7777777777778,0.2839555052790347,0.11111111111111112
3,68,0,33.140286277,35.602638978,12/06/2025,52,0.5333390856935529,0.026154502450212818,0.5909504856832035,0.8460065309425101,0.4146460066191114,4.804585169337801,1096.111111111111,0.25559012066365006,0.11111111111111112
3,69,0,33.140064585,35.602629978,12/06/2025,52,0.568240055009229,0.0054008925145059275,0.6156836020221967,0.8641512971843803,0.4563437016999699,3.2141254000437534,1052.3333333333333,0.5895833333333333,0.1935763888888889
3,70,0,33.139848443,35.60261067,12/06/2025,52,0.5765814789105314,0.007492751429233272,0.6236517816786808,0.8632269061959508,0.45660593796056165,4.160034316583504,1028.2222222222222,0.37385935143288085,0.12673611111111113
3,71,0,33.139635075,35.602597178,12/06/2025,52,0.5852803231132718,0.012365181376142438,0.6278407731997304,0.874480566465921,0.47128305325045083,3.8352979311017483,1021.1111111111111,0.40367647058823525,0.1484375
3,72,0,33.139425498,35.602584823,12/06/2025,52,0.5917429473564549,0.0040101274460443885,0.6270013573884818,0.8940083443872745,0.46770824111286263,3.0899869772292354,990.6666666666666,0.5895833333333333,0.1814236111111111
3,73,0,33.139213838,35.602572743,12/06/2025,52,0.5980682182649486,0.007498156432340855,0.6312715118999053,0.8990712121840302,0.47892835504328674,4.071447073809811,944.5555555555555,0.41250000000000003,0.12586805555555555
3,74,0,33.139007128,35.602560708,12/06/2025,52,0.6107534092885303,0.003391635238908005,0.6304003678191639,0.9381915648005089,0.48858236497185104,3.850560296327809,930.6666666666666,0.4583333333333333,0.14930555555555555
3,75,0,33.138810023,35.602547602,12/06/2025,52,0.6218615598106159,0.004231228859316615,0.6424667720865959,0.9338697356890822,0.49275496184425016,3.4687640135302216,891.5555555555555,0.48125000000000007,0.1501736111111111
3,76,0,33.138615217,35.602534878,12/06/2025,52,0.5496258693062781,0.03616949245593723,0.5872632951680319,0.8970600455671917,0.42876127621704146,5.0901998765158565,851.5555555555555,0.09800303324514228,0.10416666666666669
3,77,0,33.138627787,35.602157915,12/06/2025,52,0.5201375423750368,0.039887620781973714,0.5734634114785931,0.8612889338493928,0.4002812757689368,5.0485332098491895,813.5555555555555,0.21162753250988545,0.1076388888888889
3,78,0,33.138887292,35.602182118,12/06/2025,52,0.5983060840856749,0.006724961126363652,0.6286741984050678,0.9075692337520103,0.4760800701947099,2.792759514852448,887.0,0.6479166666666667,0.20225694444444448
3,79,0,33.139158382,35.602200713,12/06/2025,52,0.5857925018881477,0.01162608514884115,0.6177261073391646,0.9054240107067978,0.46608866735225774,4.223406066166138,945.0,0.38284313725490193,0.12586805555555555
3,80,0,33.139360385,35.602217213,12/06/2025,52,0.5792083083486275,0.01036395056230741,0.6168619906073014,0.8896790523555848,0.4586801051127428,3.808021880078509,959.2222222222222,0.4652055052790347,0.14930555555555558
3,81,0,33.139586797,35.602228003,12/06/2025,52,0.5635403857871972,0.003528925963267606,0.6034847692443738,0.8859115773620887,0.45696301993945493,2.534479625667783,1029.7777777777778,0.6520833333333333,0.2821180555555556
3,82,0,33.139810333,35.602237327,12/06/2025,52,0.5656888280761823,0.015651263449211902,0.6134024137654523,0.8640606455367204,0.4557512587090646,4.802694271103766,1027.6666666666667,0.26681362357832944,0.1267361111111111
3,83,0,33.139996715,35.60226631,12/06/2025,52,0.5659262462794009,0.010493373739833724,0.6161166384155943,0.8569622797275274,0.4504895846548897,4.750814583693911,1019.8888888888889,0.2260858709388121,0.13368055555555555
3,84,0,33.14019521,35.602263182,12/06/2025,52,0.5479453987843607,0.020325781061816654,0.6032128676629482,0.8485940070643967,0.4423607879679929,4.532880086421832,1037.888888888889,0.36825980392156865,0.11892361111111113
3,85,0,33.140404598,35.602272378,12/06/2025,52,0.5906521177951256,0.008838437905275586,0.6277254634960552,0.8887814939872906,0.478899005321829,4.819366543182522,980.2222222222222,0.2611586360115772,0.11545138888888891
3,86,0,33.140615925,35.602280335,12/06/2025,52,0.5784813165128645,0.007039068454059918,0.6185250772936512,0.8827302364937695,0.45548315676401263,3.6924905775127206,973.2222222222222,0.35159313725490193,0.1449652777777778
3,87,0,33.140818843,35.602289105,12/06/2025,52,0.5775757816609693,0.009526297443992596,0.6131541629405055,0.8960476307964768,0.4514067550496659,3.50157383956712,959.3333333333334,0.36875,0.13628472222222224
3,88,0,33.141022235,35.602301605,12/06/2025,52,0.5639712494798359,0.00944089897914668,0.6071922336927484,0.8770311029397782,0.449691980013371,3.793911130008381,948.5555555555555,0.48124999999999996,0.14149305555555558
3,89,0,33.141244192,35.602314183,12/06/2025,52,0.5527261367224134,0.012612245200965617,0.5976654941878234,0.8746621405532127,0.4384405142511304,2.3684375810505314,986.2222222222222,0.6104166666666667,0.2404513888888889
3,90,0,33.141433223,35.602326745,12/06/2025,52,0.30121288768479765,0.043036432122211137,0.43365690907505605,0.7362077359495794,0.23194382069566158,3.476717444721476,1447.3333333333333,0.48124999999999996,0.1814236111111111
3,91,0,33.14145075,35.601956577,12/06/2025,52,0.2980614004041008,0.04642027598794458,0.4413526420355182,0.7169489600386697,0.22337327085400402,3.7162190251672547,1406.3333333333333,0.2309294871794872,0.15625
3,92,0,33.141242393,35.601946688,12/06/2025,52,0.5312516756165664,0.012896655986080103,0.5846384003082187,0.8563579167245129,0.42307956530445295,4.306739399499471,1012.6666666666666,0.2861109412580001,0.1345486111111111
3,93,0,33.14103524,35.601935268,12/06/2025,52,0.5583479908811841,0.0023717385042318667,0.6056229729421932,0.8667697766878233,0.4473875598462741,3.9364386180241095,965.8888888888889,0.4729166666666667,0.15538194444444445
3,94,0,33.140825837,35.601921853,12/06/2025,52,0.5657851379523059,0.0032455351746243297,0.6165816294659053,0.8553149368034783,0.45082453489673113,3.6638583463760606,950.0,0.42083333333333334,0.17361111111111113
3,95,0,33.140610482,35.601909215,12/06/2025,52,0.5629715946291101,0.004586216943988136,0.6054435489103075,0.8790221054131433,0.44240774828318485,4.015358131643837,979.8888888888889,0.3482843137254902,0.1371527777777778
3,96,1,33.140401507,35.601895982,12/06/2025,52,0.5654452192466014,0.012704493380569311,0.606743890303163,0.8818476097197274,0.4490744898364556,4.294372148594611,985.0,0.3232578166401696,0.1371527777777778
3,97,0,33.14020589,35.601884077,12/06/2025,52,0.5629823068695942,0.01223718037389005,0.6110818381594579,0.8637686521087529,0.4584940080413477,3.7321575474056425,979.6666666666666,0.40036764705882355,0.1701388888888889
3,98,0,33.14000206,35.601872723,12/06/2025,52,0.5780855411914403,0.005080659288902572,0.6217940922481417,0.8724419473198969,0.46144456080325774,2.6602089476479382,972.6666666666666,0.5604166666666667,0.2604166666666667
3,99,0,33.139791972,35.601860572,12/06/2025,52,0.5629938440504547,0.010287119108620738,0.6101895597231838,0.8662328399396492,0.45533784465373245,4.141440809369335,1011.4444444444445,0.2968231523378582,0.14756944444444445
3,100,0,33.139583615,35.601845982,12/06/2025,52,0.5743691842125614,0.0071399451765272025,0.6109029666318003,0.8936021604722835,0.4559318270052757,3.708624692321415,998.7777777777778,0.4352941176470588,0.17708333333333331
3,101,0,33.139379935,35.601834952,12/06/2025,52,0.5763143706536815,0.008594151424856856,0.6170097232274547,0.8814980528446928,0.45874217952178803,2.430155966959864,943.8888888888889,0.6207107843137255,0.3472222222222222
3,102,0,33.13918549,35.601823747,12/06/2025,52,0.5902420698224078,0.0052764372274464845,0.625623159074226,0.8939130102147327,0.4717345157511263,2.36580612790821,913.1111111111111,0.7083333333333333,0.35243055555555547
3,103,0,33.138985528,35.601811522,12/06/2025,52,0.5980031443061233,0.005681164073825926,0.6311268780487355,0.8991043301085188,0.4756375099802037,3.776096568869216,891.7777777777778,0.42568815987933634,0.15538194444444445
3,104,0,33.138775373,35.601799308,12/06/2025,52,0.5951957883222642,0.005914453590987203,0.6261283645473348,0.9061932181454311,0.4717559293817744,4.431739399499471,848.7777777777778,0.3231146304675716,0.11892361111111112
3,105,0,33.138647572,35.60179156,12/06/2025,52,0.5232875774352781,0.025317789535398316,0.5710333537096385,0.8725234418525036,0.4099532297938325,4.603846168850306,832.3333333333334,0.14885548180903452,0.11458333333333334
3,106,0,33.138667807,35.601407053,12/06/2025,52,0.5530261089691146,0.03626558843222909,0.5809293360113688,0.923896590647054,0.40748612920945493,5.0485332098491895,829.6666666666666,0.18011780266084426,0.1076388888888889
3,107,0,33.13886883,35.601419228,12/06/2025,52,0.5940965597605686,0.011729587195126411,0.6321746820161661,0.8852017976324164,0.4777891885305737,3.986180608917954,872.0,0.38309766214177976,0.13802083333333331
3,108,0,33.139074902,35.601434497,12/06/2025,52,0.5903792707061828,0.008050560414971685,0.627933744262749,0.8878536812445563,0.46811851528047754,4.530725856260162,895.8888888888889,0.4015931372549019,0.13368055555555555
3,109,0,33.139263995,35.601447725,12/06/2025,52,0.5817738503863604,0.006181960301420221,0.6096612869476583,0.9174844343032298,0.45209625226347216,3.24134428517827,948.4444444444445,0.4729166666666667,0.16666666666666669
3,110,0,33.139466282,35.601456147,12/06/2025,52,0.5767471843843862,0.004201718673529459,0.6068936041711057,0.911434235932868,0.45238807826123545,3.127755914568963,954.0,0.5395833333333333,0.1736111111111111
3,111,0,33.139682903,35.601474367,12/06/2025,52,0.5806934622817166,0.008187506712287112,0.6166105316609866,0.8941411066552685,0.46374091597278977,4.265072732832805,948.5555555555555,0.29154411764705884,0.12239583333333334
3,112,0,33.139896577,35.601488797,12/06/2025,52,0.557974425983773,0.007945735579444002,0.6083544557157597,0.8584982738926593,0.4482350717870463,4.306739399499471,961.6666666666666,0.28691910236027884,0.1345486111111111
3,113,0,33.140105433,35.60150685,12/06/2025,52,0.5630886937911123,0.0062796991693128325,0.608047318090181,0.8722268475214212,0.4403710068561788,3.011578526952132,948.4444444444445,0.6312499999999999,0.2109375
3,114,0,33.140302,35.601519018,12/06/2025,52,0.47680312538492486,0.02014499901763591,0.5528413065439518,0.8130719183753006,0.37248776603858375,4.159553325202166,1055.888888888889,0.5066176470588235,0.1371527777777778
3,115,0,33.140519643,35.6015303,12/06/2025,52,0.5655037361205161,0.0028665711449923762,0.6092498397120719,0.8748861334748261,0.45195318275361124,2.6166778774908437,965.6666666666666,0.6333333333333333,0.20659722222222227
3,116,0,33.140717898,35.601546062,12/06/2025,52,0.5696469163599056,0.00778723571158783,0.6117256128643509,0.8789919525471995,0.44676267025546385,4.417073958513622,953.6666666666666,0.44999999999999996,0.15711805555555555
3,117,0,33.140930147,35.601562102,12/06/2025,52,0.5643551112325302,0.004393500343367527,0.6034682042151248,0.8880480416320625,0.4536756883376509,3.2033835481260273,977.2222222222222,0.54375,0.1909722222222222
3,118,0,33.141096252,35.60156632,12/06/2025,52,0.561553608682104,0.00931702751549891,0.6039748156193504,0.8795215120528357,0.42923478062704823,4.27467389677155,970.8888888888889,0.3130717255717256,0.13020833333333334
3,119,0,33.141307538,35.601582055,12/06/2025,52,0.5273677183547523,0.01508778742628171,0.5840156888175692,0.8489389144754096,0.41970862932452985,4.611033209849189,1005.6666666666666,0.3332352941176471,0.1310763888888889
3,120,0,33.141473253,35.601592685,12/06/2025,52,0.27199772063887095,0.03653609958965342,0.4197157633721286,0.7145272351310464,0.20180642977586472,4.596251836004467,1495.4444444444443,0.2957107843137255,0.11805555555555555
3,121,0,33.141476053,35.601205358,12/06/2025,52,0.36786006123494397,0.05530998436994492,0.48100814363294375,0.7604951748399863,0.25967680375423424,3.476717444721476,1284.2222222222222,0.48125,0.1814236111111111
3,122,0,33.141265283,35.601192873,12/06/2025,52,0.5883459730807034,0.008610461431254999,0.630769034221514,0.8738533001039451,0.4671521315562022,4.067359712089615,900.7777777777778,0.426593137254902,0.12152777777777779
3,123,0,33.141060453,35.601175985,12/06/2025,52,0.6051602020378232,0.004319448351997338,0.6421019261036021,0.8860778519902889,0.4848520050418468,4.087321295840315,876.7777777777778,0.46200980392156865,0.13802083333333331
3,124,0,33.140853317,35.601165188,12/06/2025,52,0.6103799903700052,0.0058289368085718985,0.6387808703384872,0.9112233489213065,0.4860670447602337,3.8258292336675366,885.7777777777778,0.4691176470588235,0.15625
3,125,0,33.140644383,35.601151265,12/06/2025,52,0.6145942334969399,0.007238968021676519,0.6450473230496206,0.9041606959331142,0.48160799902370816,4.249272210336683,863.8888888888889,0.3748303167420814,0.12673611111111113
3,126,0,33.140442832,35.601149153,12/06/2025,52,0.6044603604324973,0.010951839808703135,0.6279554427923082,0.9273848126533873,0.4831554566145447,4.490341670172532,930.1111111111111,0.28826224980636744,0.1189236111111111
3,127,0,33.140229845,35.601136568,12/06/2025,52,0.5832477668504005,0.00528362534862485,0.6209788015634338,0.888320334206853,0.4630337540926031,3.912188546745176,933.0,0.40830683624801273,0.1293402777777778
3,128,0,33.140024335,35.601123753,12/06/2025,52,0.5945355989645482,0.005076899629082089,0.6273589936449645,0.900613474763735,0.47804335924519176,3.1712088931500526,928.0,0.6166666666666667,0.20833333333333334
3,129,0,33.139818435,35.601111035,12/06/2025,52,0.5919635563141356,0.014291467993766063,0.6254330162202719,0.8998924015376547,0.471290629214485,4.8215207733441945,932.5555555555555,0.23353053279523867,0.1076388888888889
3,130,0,33.139614337,35.601098623,12/06/2025,52,0.6053985097896378,0.005817540953182451,0.6342295951003099,0.9107917373609232,0.4896100624168293,3.5972126206940414,938.5555555555555,0.4677696078431372,0.14756944444444445
3,131,0,33.139420042,35.601088313,12/06/2025,52,0.5848479683217346,0.0077503639804973245,0.6253885952272291,0.8802320757959836,0.46931883737743163,3.0583072788895413,931.1111111111111,0.6749999999999999,0.2230902777777778
3,132,0,33.139215988,35.601075682,12/06/2025,52,0.5851830008496423,0.006781239097839997,0.6290202682258184,0.8703618247182546,0.47073068206182217,4.613187440010861,911.8888888888889,0.2792420814479638,0.11458333333333334
3,133,0,33.139019293,35.601063452,12/06/2025,52,0.6234886441945334,0.007630690622378178,0.6499032158201538,0.9155943648053868,0.4946620069980701,3.3871039189772216,874.7777777777778,0.4479166666666667,0.1996527777777778
3,134,0,33.138819787,35.601052053,12/06/2025,52,0.6328161179725474,0.007747348493521134,0.651024190722072,0.9400465311240086,0.495872518199126,3.6650891943041093,844.8888888888889,0.3284313725490196,0.16493055555555555
3,135,0,33.138685703,35.601043738,12/06/2025,52,0.5413682320729374,0.03479298506131143,0.5815653980252359,0.8915484104589831,0.42711479783644246,4.473406066166137,833.6666666666666,0.24552173158701135,0.1154513888888889
3,136,0,33.138696937,35.600672637,12/06/2025,52,0.5265035521616037,0.036964051448568534,0.5743142118738215,0.8734288002869071,0.41955955080977136,5.048533209849189,859.3333333333334,0.1330473440642902,0.1076388888888889
3,137,0,33.13891635,35.60068634,12/06/2025,52,0.5930432301283051,0.004353584326105368,0.6283492032480018,0.8935486831638397,0.4749598917676028,3.1401298987215265,934.5555555555555,0.5645833333333334,0.1762152777777778
3,138,0,33.139121617,35.600699377,12/06/2025,52,0.5832755962247957,0.006012707300141947,0.6257296637398468,0.8748224554754205,0.470309943678769,4.18643861802411,929.0,0.43333333333333335,0.12239583333333334
3,139,0,33.1393337,35.600712562,12/06/2025,52,0.591045061432976,0.00456955944016638,0.6302981945940347,0.8824167495159086,0.4588425886104522,2.3684375810505314,928.8888888888889,0.6041666666666667,0.24045138888888892
3,140,0,33.139534923,35.600723458,12/06/2025,52,0.5793414222191106,0.007032735017248472,0.6262738812058013,0.8630632358074691,0.4688719552623986,3.7653581316438367,938.5555555555555,0.372671568627451,0.14756944444444445
3,141,0,33.139738737,35.600736808,12/06/2025,52,0.5959825635114289,0.005192615490943488,0.6341771166141297,0.8846461236184764,0.4841172818095395,2.712712054041611,925.2222222222222,0.6604166666666667,0.26822916666666663
3,142,0,33.139948875,35.600750173,12/06/2025,52,0.5993503514960122,0.007956310032538957,0.6363521220587859,0.8873849019808804,0.4829768311553085,2.119620502354003,930.5555555555555,0.6791666666666667,0.37239583333333337
3,143,1,33.140144637,35.600762023,12/06/2025,52,0.5958188741999473,0.0073122127275771455,0.6318803509052416,0.8906924602113082,0.4843343111760212,4.265072732832804,935.5555555555555,0.31125056051526645,0.13802083333333334
3,144,0,33.140341158,35.600774185,12/06/2025,52,0.5200342333223388,0.008943961342532012,0.5843248603677051,0.8311807709936748,0.4367781235998608,3.404984972100632,1029.3333333333333,0.5270833333333333,0.1675347222222222
3,145,1,33.140545973,35.600785708,12/06/2025,52,0.5978309746349608,0.010319921071696443,0.640262999208349,0.871617245768893,0.48481277219349866,4.763589126445728,886.7777777777778,0.2668776242305654,0.11458333333333333
3,146,0,33.140749102,35.600797853,12/06/2025,52,0.5957332270333868,0.006415523459570259,0.6340473864569979,0.8843113630278562,0.4663132056925075,3.219768229617389,890.3333333333334,0.5645833333333333,0.1953125
3,147,0,33.140955428,35.600813163,12/06/2025,52,0.5924250637271835,0.0074194605464426855,0.6300856579436468,0.886610557630263,0.48380685625571473,4.821520773344195,905.4444444444445,0.23107955240308178,0.1076388888888889
3,148,0,33.141156333,35.600825512,12/06/2025,52,0.5847721970625034,0.009298696457173338,0.6277373415865255,0.8730676251390332,0.46617976864742183,4.246393629661144,923.3333333333334,0.4245098039215686,0.12239583333333334
3,149,0,33.141373655,35.600838453,12/06/2025,52,0.542378312384775,0.014576171406374485,0.6048420149476729,0.8299050900719354,0.43046641298107224,4.759892522926826,982.0,0.292354826546003,0.11197916666666669
3,150,0,33.141495348,35.600846943,12/06/2025,52,0.3185855745898771,0.059271899505611264,0.45545782963457704,0.7251170104624649,0.22746193412462082,3.767617721195771,1430.5555555555557,0.4046097285067873,0.1440972222222222
3,151,0,33.141495,35.600518333,12/06/2025,52,0.32352988506009306,0.061291811014094186,0.4525792887979617,0.7384259350808481,0.22184389876434424,4.124964900994671,1473.111111111111,0.2977941176470588,0.14930555555555555
3,152,0,33.141263333,35.600531667,12/06/2025,52,0.5717550828320478,0.005379731983489201,0.6200551992281939,0.8609072491284646,0.45090850073675814,3.3168787207082775,1002.2222222222222,0.5770833333333334,0.18055555555555555
3,153,0,33.141045,35.600531667,12/06/2025,52,0.5769564604718137,0.006218101997683492,0.6229945187603612,0.865965472437621,0.45956803066492014,4.535906066166138,969.3333333333334,0.2774244833068363,0.11458333333333334
3,154,0,33.140848333,35.6005,12/06/2025,52,0.5703323838683577,0.006022920081937735,0.6136575455290365,0.8751094593710728,0.45387799255446076,4.284037234815498,953.2222222222222,0.24657239819004526,0.13368055555555558
3,155,0,33.140648333,35.600471667,12/06/2025,52,0.5781444163984335,0.007716183400415438,0.6258172961919788,0.8609961791108309,0.45618242436633416,4.637918502671133,929.3333333333334,0.2804907565936977,0.11458333333333334
3,156,1,33.140461667,35.600471667,12/06/2025,52,0.558379704734932,0.01217753744799011,0.5982979046486414,0.8873390300090109,0.46107218576728687,4.141745971613138,1005.3333333333334,0.4458333333333333,0.13020833333333334
3,157,0,33.140243333,35.600458333,12/06/2025,52,0.565298426572688,0.007889018159871856,0.6141771673433135,0.8608068048432518,0.44640473181308443,4.881866543182522,981.0,0.215865945130651,0.11111111111111113
3,158,0,33.140033333,35.600441667,12/06/2025,52,0.5667742080431963,0.009694485892681352,0.609317980918894,0.8782927714930682,0.44987495592828963,3.9256874400108597,1000.5555555555555,0.3314686009538951,0.14149305555555558
3,159,0,33.139836667,35.600428333,12/06/2025,52,0.5828616242016473,0.006714189203284181,0.6224067872077367,0.8834021655106113,0.4705265450097504,2.5743440261990314,973.1111111111111,0.59375,0.24479166666666669
3,160,0,33.139625,35.600426667,12/06/2025,52,0.573503580660381,0.011229880411103678,0.6096670034545435,0.8949379630349833,0.45854875410402496,4.217090774749888,999.4444444444445,0.38108974358974357,0.12847222222222224
3,161,0,33.13943,35.60041,12/06/2025,52,0.5682704585073908,0.005982765096241053,0.6167417886572479,0.8613484880326723,0.4597654083138914,3.0489494740833263,980.5555555555555,0.5083333333333334,0.20486111111111113
3,162,0,33.139238333,35.600401667,12/06/2025,52,0.5700645231233504,0.00987915938914426,0.6137251479368947,0.8745586633756164,0.4562095754675769,3.187721098603148,978.8888888888889,0.50625,0.22569444444444448
3,163,0,33.139026667,35.60037,12/06/2025,52,0.5658468455854486,0.01211669070886529,0.6092117690343665,0.8763406592323988,0.4530480675029499,3.4911524854657543,997.7777777777778,0.5291666666666666,0.1623263888888889
3,164,1,33.138808333,35.600365,12/06/2025,52,0.5840009278768261,0.00996164463102238,0.6224314493879737,0.8867567771848505,0.45791469556545017,4.346251836004465,952.4444444444445,0.21177769964534668,0.12847222222222224
3,165,0,33.138731667,35.600373333,12/06/2025,52,0.5183850334766518,0.03873207698235092,0.5629317233195656,0.8821080587256442,0.39075369539391525,5.048533209849189,925.6666666666666,0.13219410717629745,0.1076388888888889
3,166,0,33.13873998884879,35.60004385714451,12/06/2025,52,0.34509185737994136,0.03111651190618362,0.4675252984946658,0.745492709908365,0.26178505962871573,4.41937214859461,751.4444444444445,0.22057424213654836,0.1284722222222222
3,167,0,33.13900409577885,35.60006273212911,12/06/2025,52,0.44624757989797625,0.05002226830278697,0.5379788682191795,0.7864049466737055,0.3486870661359313,4.347534316583505,1186.2222222222222,0.25054716108338776,0.12239583333333334
3,168,0,33.13922356945667,35.60007698444571,12/06/2025,52,0.4413053516966581,0.04746686634834424,0.5351210073270933,0.7822483645008282,0.34227833228733917,4.171526378756282,1194.2222222222222,0.2691726794667971,0.13454861111111113
3,169,0,33.13941330636254,35.60008225836661,12/06/2025,52,0.43217735018703896,0.047682200725977876,0.5282552860492193,0.7793793133521105,0.340308040874797,4.0582817728566996,1197.4444444444443,0.3431372549019608,0.1293402777777778
3,170,1,33.13962532476266,35.600100899878065,12/06/2025,52,0.4208422779091156,0.06108768633743908,0.5176938006545941,0.7800326616152709,0.3229883043162199,4.804585169337801,1204.111111111111,0.20712470955118012,0.11111111111111112
3,171,0,33.13985226772052,35.600106340853756,12/06/2025,52,0.4140406522064302,0.064137785903615,0.5085148309360086,0.787071180936791,0.3067363636153029,4.675687440010862,1233.4444444444443,0.24923132974603562,0.1154513888888889
3,172,0,33.140034535297254,35.60012042646064,12/06/2025,52,0.4121032959250602,0.061608944185956326,0.504600681859023,0.7920169336191836,0.29400680019829833,4.432874481009743,1265.0,0.386104826546003,0.12673611111111113
3,173,0,33.14023916864876,35.60012134484122,12/06/2025,52,0.4024932401380099,0.07416717179488627,0.4929901470895768,0.7979014214198572,0.300846146467596,4.186772210336683,1275.6666666666667,0.2682778932778933,0.12586805555555558
3,174,0,33.14045120106142,35.60013556413844,12/06/2025,52,0.43668459306688157,0.06173920685190763,0.5296137678343589,0.7846449031310411,0.3422074207039337,4.637918502671133,1146.6666666666667,0.2810122396151808,0.13020833333333331
3,175,0,33.140595,35.600145,12/06/2025,52,0.44867029813820625,0.05954533253656454,0.5375978846096011,0.7907726475248099,0.34753453209412527,4.192359712089615,1189.3333333333333,0.40208333333333335,0.12847222222222224
3,176,0,33.140833333,35.60017,12/06/2025,52,0.4152483474684734,0.06944623598587363,0.5121727653360942,0.7826940978728701,0.32770677619948074,4.637918502671134,1257.888888888889,0.15419989047661392,0.11458333333333334
3,177,0,33.141023333,35.600176667,12/06/2025,52,0.3926146939975968,0.05756017425917984,0.49733789060293293,0.7704798764884135,0.3070670180816266,4.596251836004466,1295.3333333333333,0.268947963800905,0.11805555555555557
3,178,0,33.141205,35.600185,12/06/2025,52,0.37038603651262736,0.061462548629420674,0.4893930165599125,0.7475898016633099,0.2880011690992412,3.9826736377923098,1317.0,0.28529335330805916,0.14583333333333334
3,179,0,33.141415,35.600195,12/06/2025,52,0.3307493029959573,0.05055043142935982,0.4587279261342591,0.7380868883979191,0.24895842780696795,4.110161460266555,1365.7777777777778,0.46200980392156865,0.1762152777777778
3,180,0,33.141525,35.600213333,12/06/2025,52,0.30158323593945024,0.02396866210244219,0.42950199476612844,0.743749201596032,0.212704023126591,3.861180608917954,984.7777777777778,0.3521255373987657,0.13975694444444445
4,1,0,33.141286912,35.604064998,17/06/2025,47,0.2987217975889087,0.04090257162849784,0.4345117977626393,0.7304969308223166,0.23143599536506745,4.663320189106001,873.3333333333334,0.1694658863977274,0.125
4,2,1,33.141094482,35.604051333,17/06/2025,47,0.4580283766749302,0.0467006744367824,0.5429542856074416,0.7966458923354155,0.34822830696659873,4.4193721485946105,808.8888888888889,0.18245194589320238,0.12847222222222224
4,3,0,33.141096643,35.60405209,17/06/2025,47,0.4534890952068378,0.04538146398012618,0.5423042869383122,0.7894798624199604,0.3460514837434158,3.803127068983564,807.0,0.2675589673002776,0.1623263888888889
4,4,1,33.14089048,35.604042392,17/06/2025,47,0.4383628645133204,0.05263725383842663,0.5273465505186752,0.792924938095417,0.326351416701368,4.159037234815498,836.0,0.18413541263803215,0.15104166666666669
4,5,1,33.140682515,35.604029097,17/06/2025,47,0.46777195642736547,0.07241648163313168,0.555841334047134,0.7879003101011848,0.3604903275704878,5.0485332098491895,1236.3333333333333,0.1715073746906602,0.1076388888888889
4,6,1,33.140475232,35.60401586,17/06/2025,47,0.4320552852194685,0.07431535926728919,0.5338561256062248,0.7662110666324273,0.3356283287367955,4.681127542695029,1265.5555555555557,0.17198254249724834,0.11458333333333334
4,7,1,33.14025896,35.604004345,17/06/2025,47,0.4004560323056887,0.06400388854263087,0.5187974230928635,0.7404327704364682,0.31848271358719255,5.063314583693911,1317.6666666666667,0.2993872549019608,0.11197916666666669
4,8,1,33.14006053,35.603991823,17/06/2025,47,0.3650262415360839,0.0484281179084889,0.49674876579079363,0.7225704787301188,0.29165671519652947,4.596251836004466,1367.888888888889,0.27471719457013566,0.11805555555555555
4,9,1,33.139857173,35.603978323,17/06/2025,47,0.363690586260447,0.06381327769467272,0.49086713033691853,0.7320821614693958,0.28426597629229494,4.223406066166138,1260.7777777777778,0.19087109097851745,0.12586805555555555
4,10,1,33.139658807,35.60396682,17/06/2025,47,0.4361687916390532,0.07627585992480859,0.5404196470908563,0.7626674318131027,0.3580762396673613,5.048533209849189,1114.6666666666667,0.14149968542054162,0.1076388888888889
4,11,1,33.139454662,35.603955217,17/06/2025,47,0.42877041122785703,0.08157085419245237,0.531649074259387,0.7655700012652868,0.34586747855942723,4.8045851693378,1091.7777777777778,0.16342669017748362,0.11111111111111113
4,12,1,33.13925451,35.603942585,17/06/2025,47,0.42009960085262654,0.07079792692111425,0.527257933222987,0.758621825375946,0.34089947427519085,4.200825794518089,1084.111111111111,0.16805446088651121,0.125
4,13,1,33.139058995,35.603930637,17/06/2025,47,0.411461268500559,0.06559893626178989,0.5160850775670764,0.7653669569955929,0.32876674609280837,5.292481250360577,1110.5555555555557,0.10714261697723475,0.10416666666666669
4,14,1,33.138798595,35.603917333,17/06/2025,47,0.3814353466029505,0.06423487052676059,0.5030420320055552,0.7391333686244924,0.3013713304635705,4.596251836004467,1102.5555555555557,0.16537156576820908,0.11805555555555557
4,15,1,33.13859478,35.60390661,17/06/2025,47,0.3975873688602195,0.06445492024306529,0.503832802962292,0.7672627083069592,0.31315764588881134,5.048533209849189,1097.0,0.1406785459351786,0.10763888888888891
4,16,0,33.138559323,35.603902088,17/06/2025,47,0.38547280455644417,0.05296418834422085,0.49465075109228634,0.763052920914762,0.3026789028125199,4.663320189106001,743.6666666666666,0.16129802056490344,0.125
4,17,0,33.138557745,35.603610512,17/06/2025,47,0.5140672397336646,0.039357301916050684,0.5794195452831177,0.831260265180436,0.3833974055182341,4.663320189106001,676.7777777777778,0.13263281299573063,0.125
4,18,0,33.138752198,35.603623265,17/06/2025,47,0.6521798766528375,0.0067122208817527625,0.6871055096363672,0.8813098335852925,0.5208254616786706,3.6638583463760606,887.8888888888889,0.42083333333333334,0.15798611111111113
4,19,0,33.138953912,35.603635937,17/06/2025,47,0.6423922868228877,0.010009539938174331,0.6764100416678799,0.8869462441983136,0.5109416267780701,4.420507230104883,894.3333333333334,0.33112745098039215,0.12239583333333334
4,20,0,33.139149112,35.603646213,17/06/2025,47,0.6745783786426309,0.008647895968892342,0.6991142025455613,0.9115925111725814,0.5519429225575097,4.776828126933221,868.0,0.33402149321266966,0.1154513888888889
4,21,0,33.139345078,35.603659013,17/06/2025,47,0.6470442753970321,0.009480646826081846,0.679011729280954,0.8923866411068477,0.5146705804421904,3.9367722103366827,908.2222222222222,0.45036764705882354,0.1362847222222222
4,22,0,33.13955126,35.603671062,17/06/2025,47,0.6458037102242545,0.006694037389655506,0.6772595879972457,0.8946623052090009,0.5247156833825269,4.586038815261278,927.4444444444445,0.25902149321266965,0.1232638888888889
4,23,0,33.139754877,35.603683665,17/06/2025,47,0.659448637644077,0.005837519333997986,0.6857703008789012,0.908592854236645,0.5296066325222479,2.4150820599849467,917.1111111111111,0.6479166666666667,0.2829861111111111
4,24,1,33.139954508,35.603691305,17/06/2025,47,0.6554328728477753,0.007418365951558184,0.6837534900473328,0.9026357787485085,0.5150804236009761,3.607747337326693,918.0,0.4604166666666667,0.15538194444444445
4,25,0,33.140151657,35.603703738,17/06/2025,47,0.6117720924336192,0.018924443158978132,0.6492392426613905,0.8843300814797567,0.4955229488104778,1.740119098184558,1014.2222222222222,0.8020833333333333,0.42447916666666663
4,26,0,33.140346113,35.603719147,17/06/2025,47,0.6214321091227534,0.017436637598793134,0.6605860514507745,0.8760266303227772,0.49516912418072473,4.164195377838082,985.8888888888889,0.39522058823529416,0.13020833333333334
4,27,0,33.140550507,35.603734958,17/06/2025,47,0.6256674461216004,0.0072897038727794865,0.6618240957292266,0.883747349148885,0.4981579693919489,3.9320247983105037,988.2222222222222,0.401593137254902,0.15104166666666666
4,28,1,33.140758675,35.603746657,17/06/2025,47,0.6774292855595334,0.007926829962640745,0.7028452819310644,0.908030651042378,0.5429846986607798,3.741213419755166,866.3333333333334,0.4665064102564102,0.1605902777777778
4,29,1,33.140959098,35.603758632,17/06/2025,47,0.6819182053387832,0.00951656452202736,0.6992368212623451,0.9368259350545761,0.53455289618648,4.082141085934338,872.4444444444445,0.439093137254902,0.14149305555555558
4,30,1,33.141164995,35.603769328,17/06/2025,47,0.6611270904527485,0.005851088101987013,0.6833054096930563,0.9226329047233478,0.5235242703745749,2.930790181981766,894.1111111111111,0.6479166666666667,0.19444444444444448
4,31,1,33.141355642,35.603779397,17/06/2025,47,0.3706943778864917,0.06754875772190645,0.4860020524989118,0.7546139115607531,0.2984355094127567,4.603846168850305,1249.888888888889,0.1377992095119068,0.11458333333333334
4,32,0,33.141362582,35.603782643,17/06/2025,47,0.3706943778864917,0.06754875772190645,0.4860020524989118,0.7546139115607531,0.2984355094127567,4.603846168850305,1249.888888888889,0.1377992095119068,0.11458333333333334
4,33,0,33.14136001,35.603453605,17/06/2025,47,0.3824642426801701,0.06683281896701525,0.5001799983770192,0.7471904016739951,0.2996882494209603,5.0901998765158565,1327.3333333333333,0.21564270718682485,0.10416666666666669
4,34,0,33.141170608,35.60342983,17/06/2025,47,0.6580327301488472,0.008422348516492647,0.6853702718718382,0.9052966300487311,0.5273196891066604,3.6294524202426595,924.1111111111111,0.46318815987933637,0.1909722222222222
4,35,0,33.140905295,35.603415228,17/06/2025,47,0.6907557973199266,0.00449810225987245,0.7068518500540479,0.9391057620441211,0.5512550144157822,3.431796565388193,868.7777777777778,0.5229166666666667,0.1623263888888889
4,36,0,33.140694023,35.603406603,17/06/2025,47,0.6755122463070806,0.007524156937818991,0.6973784224161307,0.9207934840877642,0.5398398574329807,4.218636587256564,898.1111111111111,0.44950980392156864,0.1267361111111111
4,37,0,33.14049937,35.603392937,17/06/2025,47,0.6733262817780054,0.010403181365191751,0.6897166792628453,0.9408745654732673,0.5334646090148887,3.388489300293197,915.7777777777778,0.3621323529411764,0.1996527777777778
4,38,0,33.140300863,35.603382275,17/06/2025,47,0.6856780131967466,0.008684618546828895,0.703711727928828,0.9331457267428495,0.5400781060022848,4.67568744001086,877.7777777777778,0.2328693286046227,0.1154513888888889
4,39,0,33.140099232,35.603368717,17/06/2025,47,0.6920989600557905,0.004223354513627921,0.7032238538770673,0.957473255164865,0.553064061445252,4.06433373234531,878.4444444444445,0.38782051282051283,0.14149305555555558
4,40,0,33.139902152,35.60335784,17/06/2025,47,0.699271413369582,0.004776662910795473,0.7099479456176656,0.9587676039549401,0.5536808616215636,2.4721130839387078,856.2222222222222,0.675,0.2552083333333333
4,41,0,33.139703672,35.60334613,17/06/2025,47,0.6997159733145364,0.006220521685578401,0.7160353446706655,0.9366492669247918,0.5622866826953312,4.544372148594611,824.5555555555555,0.25453436522285333,0.1267361111111111
4,42,0,33.139498387,35.603332867,17/06/2025,47,0.6871359251095641,0.004099608078602211,0.7014996411899971,0.9461563683793143,0.5519506226073407,3.9670907747498876,855.6666666666666,0.47916666666666663,0.1388888888888889
4,43,0,33.139295938,35.603322305,17/06/2025,47,0.6907239356183246,0.005534236876665301,0.6980086876461041,0.9723337995685775,0.5466715845622887,2.4308241319059887,864.6666666666666,0.64375,0.24479166666666663
4,44,0,33.139101065,35.603310657,17/06/2025,47,0.6968517371897808,0.006424436474233274,0.7080158319717372,0.9572935825113008,0.5547106745474498,3.906264013530221,833.4444444444445,0.3227941176470588,0.15104166666666669
4,45,0,33.138908075,35.603298728,17/06/2025,47,0.6904889529027058,0.007959971330524772,0.7055987131581408,0.94322434340901,0.5390040245470473,3.6928241698252937,818.8888888888889,0.4875,0.16927083333333334
4,46,0,33.13866311,35.603275047,17/06/2025,47,0.6039482905295018,0.021652737247836746,0.6476422674806224,0.8662951695090393,0.47850991639811685,4.437179502183638,913.6666666666666,0.18986909047884656,0.13368055555555558
4,47,0,33.138581163,35.603280792,17/06/2025,47,0.5085775297463209,0.04673787606592129,0.5746320625380908,0.8312229720849743,0.3902152083442371,5.0485332098491895,1026.0,0.14581921481132387,0.10763888888888891
4,48,0,33.138597765,35.60290721,17/06/2025,47,0.5067281525808088,0.034986227224900156,0.5746366535937946,0.8259553709449131,0.38947838659378836,4.473406066166138,1030.7777777777778,0.21087858220211161,0.1154513888888889
4,49,0,33.138834982,35.602923243,17/06/2025,47,0.6715835910848649,0.013174354184535407,0.6986481979787231,0.9040563561754529,0.5442129946322003,4.846251836004467,842.4444444444445,0.23662763442175208,0.1076388888888889
4,50,0,33.139036682,35.602934995,17/06/2025,47,0.6784800167330031,0.00657384835775695,0.6955409301267462,0.9378521108588254,0.5430419827932536,3.4636575031586267,845.6666666666666,0.46825980392156863,0.1440972222222222
4,51,0,33.139241355,35.6029517,17/06/2025,47,0.6792431139659398,0.0101823301712796,0.6982065026008096,0.9317676118920905,0.5429374407102044,4.336038815261277,853.2222222222222,0.2997309526721291,0.14930555555555555
4,52,0,33.139453945,35.602959962,17/06/2025,47,0.6821274128932986,0.012183503455406076,0.6991746521108553,0.938223661804102,0.5388699247319656,4.854981250360579,851.0,0.2747077677224736,0.11892361111111113
4,53,0,33.139661677,35.602973688,17/06/2025,47,0.6910073674210557,0.006587376436772417,0.7042092686045742,0.9502946834610406,0.5483336511786783,4.251426440498354,860.2222222222222,0.3786764705882353,0.12239583333333334
4,54,0,33.139872935,35.602986725,17/06/2025,47,0.6818173751780645,0.005461231091753181,0.6946307208656932,0.9527627244008369,0.5375600290330247,4.4673541066775275,889.8888888888889,0.3786594003505769,0.12239583333333336
4,55,0,33.140085903,35.60299451,17/06/2025,47,0.675352292822557,0.004995140257940856,0.696153129091865,0.9244552005313875,0.5376027841608368,4.152525579695158,901.0,0.4223039215686274,0.140625
4,56,0,33.14028589,35.603002758,17/06/2025,47,0.6596033567163554,0.014390360399457746,0.6845094716558299,0.9135678574602518,0.525381685261565,4.763589126445728,931.6666666666666,0.312697963800905,0.11458333333333334
4,57,0,33.140491797,35.603008717,17/06/2025,47,0.6810629701085319,0.005774173072743247,0.7015779321168829,0.9244215816570716,0.5450842023061981,3.9013636691975435,889.5555555555555,0.43125,0.15625
4,58,0,33.140701823,35.603020035,17/06/2025,47,0.6918414151863421,0.0053813247587870565,0.7051187217616204,0.9497160795947485,0.5468976973907976,3.2913966014913245,877.5555555555555,0.5620098039215686,0.23177083333333331
4,59,0,33.1409083,35.603032117,17/06/2025,47,0.6685261782401921,0.003929490866258019,0.6921675463940516,0.9157406404161585,0.5397479185325039,5.048533209849189,922.4444444444445,0.26854826546003013,0.1076388888888889
4,60,0,33.141111607,35.60304688,17/06/2025,47,0.6631179826070345,0.010335894243324541,0.687196970556286,0.9156545579225323,0.5294197059698118,3.552841670172532,921.1111111111111,0.3521383657413069,0.14409722222222224
4,61,0,33.141313127,35.60306078,17/06/2025,47,0.5728840263354846,0.04131797471671902,0.6355277664968789,0.8237450296446099,0.44836812745537746,4.159037234815498,1018.2222222222222,0.24446812196812193,0.15104166666666669
4,62,0,33.14139051,35.603068565,17/06/2025,47,0.3605533993125352,0.0625363028482885,0.48260337818485943,0.7426490275479561,0.2801418758851678,4.171526378756282,1460.6666666666667,0.376791101055807,0.13454861111111113
4,63,0,33.141412005,35.602701403,17/06/2025,47,0.39221890028876044,0.05997081186544945,0.5045294588133657,0.7539058108962016,0.30012454578431613,3.441891485953249,1318.7777777777778,0.495343137254902,0.16927083333333334
4,64,0,33.141203282,35.602691407,17/06/2025,47,0.6423731211601041,0.006671200738872073,0.6783728321763017,0.8803278915644539,0.518207411952814,4.2479360030183715,885.6666666666666,0.3633201357466063,0.12586805555555555
4,65,0,33.140982287,35.602679077,17/06/2025,47,0.6501618948743895,0.006546724686698944,0.673013346481188,0.921948351228466,0.5035187896818303,3.375961982762677,907.1111111111111,0.45490196078431366,0.19444444444444445
4,66,0,33.140769327,35.602664842,17/06/2025,47,0.6524644292028096,0.004442803792631829,0.6849431763342796,0.8891107291517986,0.5269316387576732,3.5132039014821643,890.3333333333334,0.5708333333333334,0.16579861111111113
4,67,0,33.140495052,35.602649287,17/06/2025,47,0.6470541269838389,0.01043622900763742,0.6830060267592388,0.8793593178262022,0.521291162856742,4.2943721485946105,901.3333333333334,0.2594834087481146,0.13715277777777776
4,68,0,33.140286277,35.602638978,17/06/2025,47,0.6039922399138613,0.01769335561778023,0.651630847282348,0.8553905891093525,0.48464378449861706,4.159037234815499,973.3333333333334,0.3752073906485671,0.15104166666666669
4,69,0,33.140064585,35.602629978,17/06/2025,47,0.6391078817231356,0.004275976290418738,0.6729305316779046,0.8880683600979984,0.5042227001935908,1.66524175848515,928.1111111111111,0.7708333333333333,0.3645833333333333
4,70,0,33.139848443,35.60261067,17/06/2025,47,0.653993485526962,0.0066359335144425624,0.6796605874307675,0.9118050668850903,0.5203783739408958,3.2349485609799356,915.2222222222222,0.49375,0.17361111111111113
4,71,0,33.139635075,35.602597178,17/06/2025,47,0.6610423764422857,0.008229284021900702,0.6861693573933277,0.9126254036261431,0.5276840456696541,3.0311835807481353,897.6666666666666,0.5895833333333333,0.23177083333333331
4,72,0,33.139425498,35.602584823,17/06/2025,47,0.655300131089811,0.006304208029163195,0.6848170872307704,0.8984696203590923,0.5176955190965802,4.3865657617071605,867.1111111111111,0.3168381333822511,0.13020833333333334
4,73,0,33.139213838,35.602572743,17/06/2025,47,0.6662815776635446,0.007931122195086888,0.6919864652538347,0.9094033175217573,0.5307353983778385,4.152235418780177,836.3333333333334,0.29228883861236804,0.140625
4,74,0,33.139007128,35.602560708,17/06/2025,47,0.6664685506683299,0.0021311953649619853,0.6903446984846863,0.9153938420102862,0.5257281340375849,3.6183676499168373,825.2222222222222,0.4833333333333332,0.1527777777777778
4,75,0,33.138810023,35.602547602,17/06/2025,47,0.6815172206620038,0.006436420354694839,0.701200454800938,0.9275011906956334,0.5454805258100754,4.819366543182522,814.3333333333334,0.3553656597774245,0.11545138888888891
4,76,0,33.138615217,35.602534878,17/06/2025,47,0.5366222354892014,0.04156494694941324,0.5943772181364237,0.8450827993583699,0.41406400251818437,4.461038815261277,953.1111111111111,0.18032143002731238,0.125
4,77,0,33.138627787,35.602157915,17/06/2025,47,0.5234613263293393,0.0345616403775841,0.5900065103657638,0.8253149312121945,0.41801376680150704,4.846251836004468,916.6666666666666,0.18807294851412498,0.1076388888888889
4,78,0,33.138887292,35.602182118,17/06/2025,47,0.6404547198194039,0.006413808317679361,0.6697998175655021,0.902340424364102,0.508222968681737,3.818959251335566,830.7777777777778,0.4698058069381599,0.1701388888888889
4,79,0,33.139158382,35.602200713,17/06/2025,47,0.6460593666645423,0.0028108617629634012,0.6774473482411116,0.8942837088644515,0.5185122947921569,3.9369196094054484,837.2222222222222,0.4770833333333334,0.1293402777777778
4,80,0,33.139360385,35.602217213,17/06/2025,47,0.6457972569038926,0.0027989616642611105,0.6782189455530783,0.8909106853783779,0.5186883355848889,3.090521906649055,864.1111111111111,0.5458333333333334,0.20486111111111113
4,81,0,33.139586797,35.602228003,17/06/2025,47,0.6238153240621781,0.0052148180647903705,0.6667584174500928,0.8630850208509101,0.5076062381817805,4.403501365713555,897.3333333333334,0.4420343137254902,0.13368055555555555
4,82,0,33.139810333,35.602237327,17/06/2025,47,0.6227659771364592,0.005983287869668919,0.6662024564016451,0.8619247365875107,0.5055174531542455,3.5630546909157212,915.4444444444445,0.5085784313725491,0.1857638888888889
4,83,0,33.139996715,35.60226631,17/06/2025,47,0.6159289754828547,0.007434780850617445,0.6603699002668397,0.8609154631951491,0.49599206790089373,4.048125918002233,927.6666666666666,0.3642251131221719,0.1623263888888889
4,84,0,33.14019521,35.602263182,17/06/2025,47,0.5996110008944266,0.01054532799007832,0.6467982401349164,0.8569120449360594,0.4847422280389046,3.0311835807481358,939.7777777777778,0.5209525702172761,0.2317708333333333
4,85,0,33.140404598,35.602272378,17/06/2025,47,0.6381453394658855,0.00656906017058713,0.6726157475031708,0.8861182731218966,0.5150463745965536,4.776828126933223,881.2222222222222,0.2846234319243645,0.1154513888888889
4,86,0,33.140615925,35.602280335,17/06/2025,47,0.6440095684327729,0.005344830073523166,0.6734766462091166,0.9012465827354256,0.5138397014472451,1.7639415206106652,874.2222222222222,0.7437499999999999,0.46267361111111105
4,87,0,33.140818843,35.602289105,17/06/2025,47,0.627376321906482,0.0036884140558096053,0.6667480278357748,0.8732586201959953,0.49754800163827695,3.4340316294034103,860.8888888888889,0.5041666666666667,0.1657986111111111
4,88,0,33.141022235,35.602301605,17/06/2025,47,0.6181908257232874,0.00528945266712798,0.657260437144847,0.8765695451869983,0.48826382728353107,4.050424108083222,862.8888888888889,0.45833333333333326,0.140625
4,89,0,33.141244192,35.602314183,17/06/2025,47,0.6152320854762195,0.007319581976185777,0.6549963422405825,0.8752983357015495,0.48563330109455183,3.7713880242490543,879.4444444444445,0.3785186053783615,0.15625
4,90,0,33.141433223,35.602326745,17/06/2025,47,0.3576180397004991,0.04785254776213282,0.49040741055664916,0.7226858320372984,0.2708015690282322,3.496393629661143,1342.888888888889,0.520343137254902,0.18489583333333334
4,91,0,33.14145075,35.601956577,17/06/2025,47,0.36465326907709744,0.04097909660533216,0.48824310440537555,0.7383961857856096,0.2635539791223034,4.163932045910443,1320.4444444444443,0.3418312543312543,0.13802083333333334
4,92,0,33.141242393,35.601946688,17/06/2025,47,0.592711709577908,0.006086531043661811,0.6456753501730149,0.8419817542301647,0.4657229177746703,2.516672272078755,902.1111111111111,0.6645833333333333,0.2508680555555556
4,93,0,33.14103524,35.601935268,17/06/2025,47,0.6138597448120667,0.005660087596280043,0.6638827450684682,0.84447059775187,0.49768568834201,3.795654629173648,868.6666666666666,0.3557598039215686,0.13628472222222224
4,94,0,33.140825837,35.601921853,17/06/2025,47,0.621801951187191,0.005179212982958929,0.6632192147923744,0.8685491737397943,0.5051891594387931,1.9249935493429022,881.3333333333334,0.7916666666666667,0.3315972222222222
4,95,0,33.140610482,35.601909215,17/06/2025,47,0.6365699419094137,0.0049109608864963085,0.6633924019921276,0.9113808418754993,0.5088110123933502,2.9849485609799356,886.5555555555555,0.6145833333333334,0.1840277777777778
4,96,1,33.140401507,35.601895982,17/06/2025,47,0.6362148121358507,0.009289951393706197,0.6700330986496457,0.8890954539542246,0.5110726873100481,2.7917624330844424,869.2222222222222,0.6229166666666667,0.23350694444444448
4,97,0,33.14020589,35.601884077,17/06/2025,47,0.6297891297402622,0.010212410963993378,0.6643210783727161,0.8880916434286127,0.49381099972030973,3.6920095861313826,868.2222222222222,0.5291666666666667,0.1623263888888889
4,98,0,33.14000206,35.601872723,17/06/2025,47,0.6317174813421472,0.003007080542766631,0.6720974844673917,0.8689752401222175,0.510275226965236,3.064138139775004,872.0,0.5229166666666667,0.23090277777777782
4,99,0,33.139791972,35.601860572,17/06/2025,47,0.6235977210419228,0.00816668517056815,0.6646877334527668,0.8693946594515986,0.5011031553842725,3.4416188279300868,913.0,0.5125000000000001,0.1449652777777778
4,100,0,33.139583615,35.601845982,17/06/2025,47,0.6245290529741091,0.007120100041698035,0.6733277607741064,0.8450117122030636,0.5138595341356688,3.174202232542354,877.8888888888889,0.5790441176470588,0.2092013888888889
4,101,0,33.139379935,35.601834952,17/06/2025,47,0.635415881561529,0.009280190171808249,0.6717312500362405,0.8813637238029421,0.5019051177298427,4.448675003505866,856.0,0.3133446455505279,0.12239583333333334
4,102,0,33.13918549,35.601823747,17/06/2025,47,0.6463104010633721,0.006524678843263492,0.6754432960973246,0.9020114617546194,0.5201807570091748,4.473406066166137,837.3333333333334,0.3474264705882353,0.1154513888888889
4,103,0,33.138985528,35.601811522,17/06/2025,47,0.6485123570700456,0.006351571266557546,0.6813969656440296,0.8891295357532386,0.5224787213748965,4.27521205404161,808.8888888888889,0.36237745098039215,0.11805555555555555
4,104,0,33.138775373,35.601799308,17/06/2025,47,0.6426535513847623,0.008640818876335356,0.6755265483730908,0.8906180941568831,0.5235187168334242,3.8993403044589767,805.1111111111111,0.40551470588235294,0.1527777777777778
4,105,0,33.138647572,35.60179156,17/06/2025,47,0.5179848825681554,0.03664378689879125,0.5834178009692025,0.8294184503557607,0.40168931370583966,3.8611806089179543,912.3333333333334,0.40325230718523397,0.13975694444444445
4,106,0,33.138667807,35.601407053,17/06/2025,47,0.553497532537328,0.03799063539206756,0.5994764833982994,0.8720864120553388,0.4254325198313365,4.840199876515856,921.0,0.1857976579658789,0.11458333333333334
4,107,0,33.13886883,35.601419228,17/06/2025,47,0.6537605588731652,0.0047577502737937575,0.682524778331012,0.9016888650748535,0.5222750045277418,1.7895989012843492,799.0,0.8229166666666667,0.40885416666666674
4,108,0,33.139074902,35.601434497,17/06/2025,47,0.6571451616868637,0.0029766263313889944,0.6886963054865908,0.8912164679698255,0.5324079455397093,2.578986078834947,803.0,0.6770833333333333,0.2378472222222222
4,109,0,33.139263995,35.601447725,17/06/2025,47,0.6435375263434904,0.002758472967665223,0.6766139762476266,0.8893613630854263,0.5152968880640691,2.8986850162569406,832.2222222222222,0.625,0.20572916666666666
4,110,0,33.139466282,35.601456147,17/06/2025,47,0.6482110250572576,0.0068402658559779655,0.6752037251360984,0.9086967484496677,0.5203463781357899,3.611180608917954,856.7777777777778,0.54375,0.1501736111111111
4,111,0,33.139682903,35.601474367,17/06/2025,47,0.6380046384936279,0.006603120135945839,0.6738685056230387,0.8818792403196174,0.5040231969687504,5.090199876515856,845.8888888888889,0.13178875459721942,0.10416666666666669
4,112,0,33.139896577,35.601488797,17/06/2025,47,0.6239836304777236,0.00496685491719423,0.6605566316247833,0.8830047900022091,0.5012244491409463,4.186919609405448,886.1111111111111,0.32816920427214546,0.11892361111111112
4,113,0,33.140105433,35.60150685,17/06/2025,47,0.6332935529630241,0.0034411163838021373,0.6634704041045071,0.901061593498806,0.5049600967612468,3.5161596208415364,866.8888888888889,0.48492647058823524,0.1623263888888889
4,114,0,33.140302,35.601519018,17/06/2025,47,0.5617714072470098,0.02098958114862773,0.6099241919177429,0.8642362192798652,0.4533026929599613,3.6008456951388417,970.1111111111111,0.40404411764705883,0.1623263888888889
4,115,0,33.140519643,35.6015303,17/06/2025,47,0.6353504824943088,0.008636099831076166,0.6712531801743596,0.8826668190827931,0.49793203850392576,3.4202473373266935,855.3333333333334,0.5625,0.1597222222222222
4,116,0,33.140717898,35.601546062,17/06/2025,47,0.6351304245833904,0.007642593426018462,0.6649053116856634,0.9022301344151563,0.5064520552464858,4.389200983250171,869.6666666666666,0.3647812971342383,0.11892361111111112
4,117,0,33.140930147,35.601562102,17/06/2025,47,0.6242200930554814,0.007248765274515012,0.6608775771721475,0.8827417807614328,0.501889694285551,2.9005960789952026,880.2222222222222,0.6666666666666666,0.2621527777777778
4,118,0,33.141096252,35.60156632,17/06/2025,47,0.6157245495599312,0.006009327846202874,0.6570573393348752,0.8703885184395111,0.49632176647241955,4.3598981283389175,883.3333333333334,0.3458333333333332,0.11805555555555555
4,119,0,33.141307538,35.601582055,17/06/2025,47,0.5993158383735545,0.010149211621987796,0.6491625331343901,0.849061426985762,0.47486778436251925,4.343511255071193,911.3333333333334,0.21939397735667465,0.1371527777777778
4,120,0,33.141473253,35.601592685,17/06/2025,47,0.32057061560929456,0.04000062311465422,0.4612815695830672,0.7163847404134109,0.23186112408603166,4.223406066166137,1422.2222222222222,0.2363672496025437,0.12586805555555558
4,121,0,33.141476053,35.601205358,17/06/2025,47,0.406632224224165,0.0669762634656138,0.5289953936748811,0.7309004505899704,0.30964645027236626,4.519641085934339,1153.4444444444443,0.13440879090457494,0.11805555555555555
4,122,0,33.141265283,35.601192873,17/06/2025,47,0.650419147828814,0.006291533593774803,0.6850879964313191,0.8825167866634178,0.5167059097151578,3.9090372348154987,820.6666666666666,0.45208333333333334,0.16145833333333334
4,123,0,33.141060453,35.601175985,17/06/2025,47,0.6631443969305164,0.008398505976417728,0.6885200657532534,0.9109928325857487,0.5295113490514514,4.18643861802411,802.4444444444445,0.41458333333333325,0.12239583333333333
4,124,0,33.140853317,35.601165188,17/06/2025,47,0.6656693504793285,0.005836706798727184,0.693664831038536,0.9011884207221832,0.5369035721518158,4.616213419755167,793.0,0.33193815987933634,0.11197916666666669
4,125,0,33.140644383,35.601151265,17/06/2025,47,0.6698780385783761,0.0037414777097969972,0.698952315769986,0.8964295882746725,0.5399232695116527,1.9918457753075751,789.2222222222222,0.7291666666666666,0.3142361111111111
4,126,0,33.140442832,35.601149153,17/06/2025,47,0.64858436729626,0.0026167078710209388,0.6832295454913752,0.8829462343120807,0.5359710090662989,3.800424108083221,818.2222222222222,0.45208333333333334,0.1423611111111111
4,127,0,33.140229845,35.601136568,17/06/2025,47,0.6470379146893318,0.008268045776596665,0.6789487623615632,0.8927071106404778,0.5228792528769338,4.272667065678643,838.5555555555555,0.40821078431372537,0.1345486111111111
4,128,0,33.140024335,35.601123753,17/06/2025,47,0.6591946984351791,0.003995580911845994,0.687284463499135,0.902502512924173,0.5221140466274954,2.8585581526199153,825.0,0.6270833333333334,0.19357638888888892
4,129,0,33.139818435,35.601111035,17/06/2025,47,0.6500455742507865,0.00415698345117573,0.6848334623726395,0.8823449690314518,0.5293357084398271,3.0047949849424147,842.8888888888889,0.5333333333333333,0.20572916666666669
4,130,0,33.139614337,35.601098623,17/06/2025,47,0.6524961440356805,0.005937716148614257,0.6877713442699045,0.8800154795905644,0.5241595227975538,3.6650891943041093,839.6666666666666,0.49166666666666675,0.16493055555555558
4,131,0,33.139420042,35.601088313,17/06/2025,47,0.6466810622306798,0.006422320086475574,0.6777905152096989,0.8952932058682459,0.5189163458595492,3.7653581316438367,854.4444444444445,0.41617647058823537,0.14756944444444445
4,132,0,33.139215988,35.601075682,17/06/2025,47,0.6373867807069505,0.003589312237992201,0.6729807124028949,0.882771553164161,0.5146986299813149,3.187721098603148,844.2222222222222,0.48750000000000004,0.24131944444444448
4,133,0,33.139019293,35.601063452,17/06/2025,47,0.6571297684785953,0.0031541556852839616,0.6887387004486808,0.8908875573781313,0.5261460998320011,3.476717444721476,804.0,0.5416666666666666,0.1814236111111111
4,134,0,33.138819787,35.601052053,17/06/2025,47,0.6734031182684866,0.008866641684062286,0.6947778231701759,0.9234268293703565,0.537015478767247,3.6260928481857815,785.4444444444445,0.5062500000000001,0.1467013888888889
4,135,0,33.138685703,35.601043738,17/06/2025,47,0.5592079688385088,0.04820698627565448,0.6077963029092387,0.865700325540052,0.4167696625531599,3.9090372348154987,923.8888888888889,0.2463541539276833,0.16145833333333331
4,136,0,33.138696937,35.600672637,17/06/2025,47,0.5243541970776833,0.046645266372063315,0.5915533628820467,0.8234367833995311,0.4142334618949395,3.9090372348154983,983.5555555555555,0.20831615869815293,0.16145833333333334
4,137,0,33.13891635,35.60068634,17/06/2025,47,0.6395753394733359,0.007118427266204565,0.6760660429151337,0.8794773529859572,0.5094447577887183,3.469508336839199,839.5555555555555,0.575,0.17534722222222224
4,138,0,33.139121617,35.600699377,17/06/2025,47,0.6438320504239411,0.0075319994895409964,0.6824344229652445,0.8713394294723201,0.517411566504325,3.61027256225689,825.6666666666666,0.39375,0.15885416666666669
4,139,0,33.1393337,35.600712562,17/06/2025,47,0.6440996113224694,0.008996881276867666,0.6751848924041124,0.896168140067581,0.5198378790143101,3.3082080733223167,844.0,0.476593137254902,0.1579861111111111
4,140,0,33.139534923,35.600723458,17/06/2025,47,0.641884907440722,0.0028784990050791767,0.6771600269422233,0.8826431117010036,0.5194927834381723,4.184284387862438,856.8888888888889,0.37659313725490196,0.14756944444444445
4,141,0,33.139738737,35.600736808,17/06/2025,47,0.6528638956498003,0.006351526862772611,0.6863988171957589,0.8856190204266601,0.5308463737764524,3.716219025167254,831.8888888888889,0.5020833333333333,0.15625
4,142,0,33.139948875,35.600750173,17/06/2025,47,0.6540547274750165,0.0038940195322837924,0.68651932669714,0.8888251354920892,0.5238140293992847,3.2963824188369655,834.2222222222222,0.6166666666666667,0.1814236111111111
4,143,1,33.140144637,35.600762023,17/06/2025,47,0.6413595510492737,0.0036687810153560696,0.6812242080533496,0.8678485264863613,0.5210353709479334,3.798273317070998,831.8888888888889,0.5270833333333333,0.15885416666666666
4,144,0,33.140341158,35.600774185,17/06/2025,47,0.5880083387729554,0.007579716570089816,0.6382846379321662,0.8508698701910012,0.47885491534769986,3.499557609147716,929.7777777777778,0.45624999999999993,0.16927083333333331
4,145,1,33.140545973,35.600785708,17/06/2025,47,0.6658267832238993,0.004243279452039958,0.6922556176898074,0.906678505825008,0.5345935217869168,3.171461651609081,807.1111111111111,0.5041666666666667,0.18489583333333334
4,146,0,33.140749102,35.600797853,17/06/2025,47,0.648427917395205,0.007652366634674424,0.687323327131838,0.86928107053116,0.5288401388432681,3.5400891943041093,806.3333333333334,0.5062500000000001,0.15104166666666669
4,147,0,33.140955428,35.600813163,17/06/2025,47,0.6402756860322459,0.007121988144814056,0.6793455829864841,0.8709779608113922,0.5214399636547401,3.6714395847256878,817.8888888888889,0.5270833333333333,0.15190972222222224
4,148,0,33.141156333,35.600825512,17/06/2025,47,0.6343544552142207,0.004174188498002562,0.6742271548916429,0.869782748923914,0.5164607474803096,3.771388024249054,846.2222222222222,0.5123397435897435,0.15625
4,149,0,33.141373655,35.600838453,17/06/2025,47,0.595511477619492,0.015801794138413112,0.6528556257873959,0.8292151534929059,0.4800561998377536,4.190205481927944,884.1111111111111,0.47083333333333344,0.13628472222222224
4,150,0,33.141495348,35.600846943,17/06/2025,47,0.3550564967557564,0.06254366948564005,0.4806231136262875,0.7361963955565901,0.2882925275498065,3.958814324714672,1383.6666666666667,0.38769796380090504,0.140625
4,151,0,33.141495,35.600518333,17/06/2025,47,0.3648939843123601,0.06070171634386582,0.4983446257065663,0.71866427929885,0.3024406896282693,4.042829775237382,1372.5555555555557,0.4625,0.1371527777777778
4,152,0,33.141263333,35.600531667,17/06/2025,47,0.618988868672282,0.004977475442986373,0.672082083031647,0.8334253526394672,0.4987647475676156,3.1023037954930763,892.0,0.6020833333333333,0.2013888888888889
4,153,0,33.141045,35.600531667,17/06/2025,47,0.6330185760814389,0.0026148265564590644,0.68133130163443,0.8435501560995181,0.5192113751077817,2.8359813201213147,852.5555555555555,0.6895833333333332,0.3003472222222222
4,154,0,33.140848333,35.6005,17/06/2025,47,0.6243728858835875,0.006103606377756645,0.6726278260510843,0.8466736566983739,0.5071221433298932,4.2610276044371,861.0,0.3781391402714932,0.140625
4,155,0,33.140648333,35.600471667,17/06/2025,47,0.6373511483942602,0.00898056741829854,0.6751576059481224,0.8755542916593642,0.5086749920369746,4.490341670172533,847.5555555555555,0.30299498593616236,0.11892361111111113
4,156,1,33.140461667,35.600471667,17/06/2025,47,0.6228603418013823,0.018485607665243,0.6674452604740684,0.8590821960929595,0.4951005862784494,5.0901998765158565,865.1111111111111,0.16881267579796994,0.10416666666666669
4,157,0,33.140243333,35.600458333,17/06/2025,47,0.6281106063557937,0.009058664833474924,0.6749708057540379,0.8501526914745811,0.5104665810370014,2.119620502354003,870.7777777777778,0.7375,0.3723958333333333
4,158,0,33.140033333,35.600441667,17/06/2025,47,0.624682034203341,0.008967393408162588,0.6717424089477407,0.8500124230135586,0.507293483036278,4.846251836004468,889.1111111111111,0.2130014063837593,0.1076388888888889
4,159,0,33.139836667,35.600428333,17/06/2025,47,0.6290810007882637,0.009119235558474973,0.6691130534871168,0.8710320944572714,0.510124769765858,3.584147917027245,891.5555555555555,0.44485294117647056,0.22569444444444448
4,160,0,33.139625,35.600426667,17/06/2025,47,0.624412765703444,0.005891656586872092,0.6711542047716867,0.8511673552731251,0.5116564847050477,2.929905667154161,879.7777777777778,0.5286764705882353,0.1935763888888889
4,161,0,33.13943,35.60041,17/06/2025,47,0.6249562612908002,0.004779482509329506,0.6737598874686631,0.8446074605190542,0.5122351689684,3.5770917414514654,879.1111111111111,0.4344362745098039,0.14409722222222224
4,162,0,33.139238333,35.600401667,17/06/2025,47,0.6232501774487108,0.002168890990157778,0.6732199775499491,0.8415032021850317,0.5086683795272886,2.8262234310182808,879.1111111111111,0.5083333333333333,0.25
4,163,0,33.139026667,35.60037,17/06/2025,47,0.624977670275812,0.01362787786772405,0.6715152534181846,0.8519959549581543,0.5018473201054687,4.959147917027245,885.0,0.21027704740940034,0.11111111111111112
4,164,1,33.138808333,35.600365,17/06/2025,47,0.6243682023327599,0.00898279705706891,0.6727131656394192,0.8462354141434516,0.5048103064921973,4.431739399499471,888.0,0.3305995475113122,0.11892361111111113
4,165,0,33.138731667,35.600373333,17/06/2025,47,0.5450222149574877,0.0458441694047304,0.603614427809267,0.8397245769454702,0.43081443920572954,4.3019664814404495,1009.0,0.1915199645346704,0.13368055555555558
4,166,0,33.13873998884879,35.60004385714451,17/06/2025,47,0.3781952781908174,0.03500406492760287,0.5026612360631336,0.7331793343705848,0.29997608599016884,4.4193721485946105,809.4444444444445,0.19745237171413185,0.1284722222222222
4,167,0,33.13900409577885,35.60006273212911,17/06/2025,47,0.5033971001867656,0.04001578007600018,0.6036875218364046,0.7497143575750085,0.40748745798692887,3.8308841113881416,1043.888888888889,0.33794917655211776,0.15104166666666669
4,168,0,33.13922356945667,35.60007698444571,17/06/2025,47,0.4998653342111498,0.051377333250508854,0.6015408776167216,0.7484549268293356,0.4009718899806015,4.840199876515855,1043.111111111111,0.18493126044596633,0.11458333333333334
4,169,0,33.13941330636254,35.60008225836661,17/06/2025,47,0.5005187905027986,0.04288659457848767,0.6049253274864852,0.7407934262868762,0.4085169151654543,4.846251836004467,1038.0,0.24509803921568618,0.1076388888888889
4,170,1,33.13962532476266,35.600100899878065,17/06/2025,47,0.48453137118963396,0.0576740888032438,0.596567023299693,0.7297369393251157,0.4043277202485725,4.544372148594611,1051.111111111111,0.1899618302774687,0.12673611111111113
4,171,0,33.13985226772052,35.600106340853756,17/06/2025,47,0.4727776709652099,0.05543010367077175,0.5869698060764446,0.7279001397951169,0.3883158629066773,4.544372148594611,1086.3333333333333,0.2014578492519668,0.1267361111111111
4,172,0,33.140034535297254,35.60012042646064,17/06/2025,47,0.4612792525591885,0.05708715834743607,0.5742712356405052,0.7356945672787949,0.3679257026757568,4.603846168850306,1108.3333333333333,0.26025253760547884,0.11458333333333334
4,173,0,33.14023916864876,35.60012134484122,17/06/2025,47,0.4655537593808604,0.07534367948475991,0.5706605609058433,0.7529954587405565,0.37865533927352624,4.681127542695028,1085.7777777777778,0.20636312217194572,0.11458333333333334
4,174,0,33.14045120106142,35.60013556413844,17/06/2025,47,0.49555271738937123,0.04909083443978635,0.5910821663548549,0.7643588322519557,0.3970271806861004,4.5443721485946105,1000.4444444444445,0.26924962292609345,0.1267361111111111
4,175,0,33.140595,35.600145,17/06/2025,47,0.5129675113227093,0.06350819842610679,0.6031789580649471,0.7712645221851955,0.4132445934260705,5.063314583693912,1020.4444444444445,0.21018033506603687,0.11197916666666669
4,176,0,33.140833333,35.60017,17/06/2025,47,0.4912103934086766,0.05593623719398452,0.5951398602992032,0.7456732378535356,0.3946982382811206,4.804585169337799,1057.4444444444443,0.1844247584688761,0.11111111111111113
4,177,0,33.141023333,35.600176667,17/06/2025,47,0.4614024967244413,0.054619648219685644,0.5699335543570111,0.744819174890123,0.36327366050006693,5.292481250360577,1117.7777777777778,0.19907107333577923,0.10416666666666669
4,178,0,33.141205,35.600185,17/06/2025,47,0.43050908208921923,0.06128564815729457,0.5524325644787188,0.7247083396177847,0.35051902690535586,3.596822633626531,1161.5555555555557,0.22799289674289672,0.17708333333333337
4,179,0,33.141415,35.600195,17/06/2025,47,0.3990214595371984,0.05091305449986459,0.5301899252827276,0.7151778215202772,0.3212878877041784,4.201219991868832,1209.888888888889,0.43737745098039216,0.13368055555555555
4,180,0,33.141525,35.600213333,17/06/2025,47,0.3639157842850889,0.0387126838070131,0.5105837401821115,0.6953449539021818,0.2922381578959525,4.663320189106001,859.1111111111111,0.22822360233792027,0.125
5,1,0,33.141286912,35.604064998,21/06/2025,43,0.2699678157121743,0.0399886838018483,0.3890691786509195,0.7650193388658447,0.19163790090513924,3.9670907747498876,898.0,0.18969327501787842,0.1388888888888889
5,2,1,33.141094482,35.604051333,21/06/2025,43,0.4452478860907349,0.04773766692040742,0.5252002263487769,0.812025914060852,0.32722330339636496,4.4193721485946105,773.4444444444445,0.19256684870482693,0.12847222222222224
5,3,0,33.141096643,35.60405209,21/06/2025,43,0.4395305201722084,0.04993814000547101,0.5191084927099399,0.814349688690685,0.324167263143005,4.663320189106002,776.0,0.15871782016810237,0.125
5,4,1,33.14089048,35.604042392,21/06/2025,43,0.44777772253437825,0.04701525333118733,0.5248649222663294,0.8181747728539811,0.35566882699073826,4.159037234815499,797.7777777777778,0.20481740711830965,0.15104166666666669
5,5,1,33.140682515,35.604029097,21/06/2025,43,0.4906561366784057,0.07138613426730492,0.5543732392371672,0.8423584534243806,0.3651238262679337,4.881866543182522,1160.888888888889,0.25889894419306186,0.11111111111111113
5,6,1,33.140475232,35.60401586,21/06/2025,43,0.4669867192795125,0.07262782324116511,0.5253149648291917,0.8589128451661769,0.335462563343744,4.30196648144045,1225.6666666666667,0.2420720211161388,0.13368055555555558
5,7,1,33.14025896,35.604004345,21/06/2025,43,0.43059762618653613,0.07710594122589753,0.49732630154222385,0.8463429028673014,0.3201941948842021,4.221251836004466,1319.5555555555557,0.25855226200964143,0.12847222222222224
5,8,1,33.14006053,35.603991823,21/06/2025,43,0.40324411406937644,0.06827577527216583,0.4819478138940959,0.8237928664296579,0.29441730094896973,4.175424108083222,1361.4444444444443,0.34714366515837103,0.13194444444444445
5,9,1,33.139857173,35.603978323,21/06/2025,43,0.4003051537438828,0.07841530983498361,0.4812942658816278,0.8193911606310943,0.3057992704015864,4.8193665431825226,1276.888888888889,0.1737204789326678,0.1154513888888889
5,10,1,33.139658807,35.60396682,21/06/2025,43,0.4769579040166099,0.07567638637620107,0.5392325435520688,0.8477655785408058,0.36486811588793644,4.846251836004468,1088.4444444444443,0.14316879303115004,0.1076388888888889
5,11,1,33.139454662,35.603955217,21/06/2025,43,0.47672861415608175,0.08247140878741285,0.5266540797718173,0.8793732769095024,0.36024238880648246,4.40310716836281,1104.5555555555557,0.17550886855209677,0.11805555555555557
5,12,1,33.13925451,35.603942585,21/06/2025,43,0.4489096549241729,0.09337610907685613,0.5198474893553888,0.8358437755729393,0.3560374818557755,4.200825794518089,1105.7777777777778,0.1306716221765029,0.125
5,13,1,33.139058995,35.603930637,21/06/2025,43,0.40730098145863414,0.0864591273385423,0.4906217698778465,0.8132175875885856,0.3200398311756748,5.0485332098491895,1146.5555555555557,0.08488324716666705,0.10763888888888891
5,14,1,33.138798595,35.603917333,21/06/2025,43,0.37200513167222177,0.07339888686452206,0.47719605626854694,0.7739008894434124,0.30905618086120573,4.603846168850305,1134.3333333333333,0.12881554777568976,0.11458333333333334
5,15,1,33.13859478,35.60390661,21/06/2025,43,0.4133764255417541,0.07945473101310162,0.49917806769197426,0.8074272604994703,0.3383869105202828,5.292481250360577,1038.6666666666667,0.10788560820694097,0.10416666666666669
5,16,0,33.138559323,35.603902088,21/06/2025,43,0.4004533564968325,0.07583385657108895,0.48960636593659457,0.8035792762967429,0.3298733263926154,4.663320189106001,694.6666666666666,0.15175227487933463,0.125
5,17,0,33.138557745,35.603610512,21/06/2025,43,0.589517794621556,0.02347093881998781,0.6150612564364112,0.9236405408681346,0.47378746548048906,3.1625056054120884,577.5555555555555,0.21705184103568356,0.21180555555555558
5,18,0,33.138752198,35.603623265,21/06/2025,43,0.6852681284656413,0.011980876633958722,0.6860321812470622,0.9980334087691737,0.5421548157194342,3.4749739455562083,829.4444444444445,0.45000000000000007,0.1623263888888889
5,19,0,33.138953912,35.603635937,21/06/2025,43,0.6916970618948975,0.01793205347465066,0.6857122729422547,1.0250606683765835,0.5577978014070514,5.292481250360577,854.3333333333334,0.2165497737556561,0.10416666666666669
5,20,0,33.139149112,35.603646213,21/06/2025,43,0.7209969198364488,0.01077040677164973,0.7057834433478921,1.0641119610259206,0.5661410142010004,3.3508456951388417,811.1111111111111,0.4305147058823529,0.17274305555555555
5,21,0,33.139345078,35.603659013,21/06/2025,43,0.6832443272913249,0.014072056182408183,0.6835748658432463,0.9999711995305083,0.5559086761432274,4.473406066166138,866.8888888888889,0.3656862745098039,0.1154513888888889
5,22,0,33.13955126,35.603671062,21/06/2025,43,0.6951798517845076,0.008327985981736223,0.6906843514950283,1.018017827815316,0.5529966132812019,4.519641085934339,861.0,0.31537951979128453,0.11805555555555555
5,23,0,33.139754877,35.603683665,21/06/2025,43,0.7089840282427373,0.007398992502465642,0.6954224379204088,1.0552924576171945,0.5615100867617617,3.4444364743162157,855.4444444444445,0.5229166666666667,0.1701388888888889
5,24,1,33.139954508,35.603691305,21/06/2025,43,0.7034343199708553,0.016283334483971266,0.6922107463349064,1.048083781777967,0.5494483326149198,4.467354106677527,875.3333333333334,0.3629191125514655,0.12239583333333334
5,25,0,33.140151657,35.603703738,21/06/2025,43,0.6462907779954093,0.022370218952708142,0.6578055374075128,0.9625995027945766,0.5162193314320122,4.305867649916837,943.6666666666666,0.4474264705882353,0.11892361111111113
5,26,0,33.140346113,35.603719147,21/06/2025,43,0.6546270207761151,0.014364719453988798,0.6672315624225906,0.9573928843601062,0.525004726873268,3.5213880242490543,927.2222222222222,0.4932692307692308,0.16666666666666669
5,27,0,33.140550507,35.603734958,21/06/2025,43,0.633948750683634,0.0074957424016024055,0.6576696917292663,0.9219303537846429,0.5222327707320006,3.9508292336675366,936.6666666666666,0.3631881598793364,0.1440972222222222
5,28,1,33.140758675,35.603746657,21/06/2025,43,0.7259060699355848,0.006181049639212704,0.711779660221022,1.0605440741577405,0.568641846540361,3.6083557549816883,802.5555555555555,0.36458333333333337,0.1545138888888889
5,29,1,33.140959098,35.603758632,21/06/2025,43,0.7240678456079939,0.014580668248336072,0.7023982005136606,1.093724637777251,0.5737574549267962,3.6502857535759934,842.7777777777778,0.4211538461538462,0.13975694444444445
5,30,1,33.141164995,35.603769328,21/06/2025,43,0.6801634306290933,0.015090138349082812,0.6850706522962496,0.9836180902807615,0.5306760316661718,4.698527604437101,855.2222222222222,0.3207107843137255,0.11892361111111112
5,31,1,33.141355642,35.603779397,21/06/2025,43,0.340682977077004,0.0608044965415565,0.45791497584191976,0.756806977402515,0.27364858696385924,5.292481250360577,1285.0,0.0924764514432753,0.10416666666666669
5,32,0,33.141362582,35.603782643,21/06/2025,43,0.340682977077004,0.0608044965415565,0.45791497584191976,0.756806977402515,0.27364858696385924,5.292481250360577,1285.0,0.0924764514432753,0.10416666666666669
5,33,0,33.14136001,35.603453605,21/06/2025,43,0.36261455476642845,0.06599225431218095,0.45284885289509724,0.8080174314502843,0.2903191372654596,4.294372148594611,1418.3333333333333,0.25186885981003626,0.1371527777777778
5,34,0,33.141170608,35.60342983,21/06/2025,43,0.6940126826186995,0.0105902279563049,0.6841255275513709,1.0387327463915978,0.549683787354756,4.446520773344194,870.6666666666666,0.35100867269984914,0.1232638888888889
5,35,0,33.140905295,35.603415228,21/06/2025,43,0.7323489521115214,0.008241712812711842,0.7143208928943845,1.0801459544635574,0.5779688285608062,3.724688546745176,808.8888888888889,0.4791666666666667,0.14756944444444445
5,36,0,33.140694023,35.603406603,21/06/2025,43,0.7139903579952932,0.011902789530552032,0.7094885610619824,1.0197064922571983,0.573155600440566,4.5443721485946105,825.5555555555555,0.2187877073906486,0.1267361111111111
5,37,0,33.14049937,35.603392937,21/06/2025,43,0.7078593112456623,0.00967340864929114,0.6998168829963064,1.0335318728554288,0.5752816691110746,3.6246795021836387,846.8888888888889,0.5041666666666667,0.15885416666666669
5,38,0,33.140300863,35.603382275,21/06/2025,43,0.7337319343026557,0.0033455492407416234,0.71233058195259,1.093927924206429,0.5983511371272483,2.945288725406175,844.7777777777778,0.6107843137254902,0.23871527777777776
5,39,0,33.140099232,35.603368717,21/06/2025,43,0.7414231672106281,0.004747339831433484,0.7146275447916943,1.1213117948132283,0.5889274975302148,3.974774142702669,822.0,0.389093137254902,0.14409722222222224
5,40,0,33.139902152,35.60335784,21/06/2025,43,0.7530218231363189,0.007989283454258065,0.7263419715280273,1.1260583510565791,0.5907578466617149,4.681127542695027,781.8888888888889,0.2430070624923566,0.11458333333333334
5,41,0,33.139703672,35.60334613,21/06/2025,43,0.7541039743753754,0.0044953655574191086,0.7291858921464692,1.1175556067607664,0.5985691844516937,4.247936003018371,777.0,0.3204623741388447,0.12586805555555555
5,42,0,33.139498387,35.603332867,21/06/2025,43,0.7368676572882225,0.0056659162227756564,0.7158136428569182,1.0936276294111407,0.591466272490827,4.574546753088499,801.4444444444445,0.29383484162895923,0.11545138888888891
5,43,0,33.139295938,35.603322305,21/06/2025,43,0.7417575132233357,0.005711295630134929,0.7229715850522583,1.0849544455227877,0.5966468462314592,3.0464294123285365,786.7777777777778,0.5895833333333333,0.2578125
5,44,0,33.139101065,35.603310657,21/06/2025,43,0.7467069898327909,0.007549165108906833,0.7195023753926938,1.1259796753332827,0.5889105752271411,4.043093107165021,779.7777777777778,0.4420343137254902,0.14149305555555555
5,45,0,33.138908075,35.603298728,21/06/2025,43,0.740514177694187,0.007018427729083094,0.7136556400794274,1.1221721191498564,0.5810319784595693,2.707518749639422,790.2222222222222,0.625,0.2708333333333333
5,46,0,33.13866311,35.603275047,21/06/2025,43,0.6711409785556852,0.018294069595931575,0.6667609689692248,1.0159885336369798,0.5247935655209601,4.596251836004467,821.3333333333334,0.14491612956085875,0.11805555555555555
5,47,0,33.138581163,35.603280792,21/06/2025,43,0.5834142646826886,0.03179720648105088,0.5926545075440557,0.974099411925173,0.43846958447479123,5.292481250360577,891.4444444444445,0.14964723207370267,0.10416666666666669
5,48,0,33.138597765,35.60290721,21/06/2025,43,0.5830640840944268,0.03888838560590685,0.605661356862428,0.9343070081267659,0.4457509787598846,5.0485332098491895,843.2222222222222,0.09908058808187661,0.1076388888888889
5,49,0,33.138834982,35.602923243,21/06/2025,43,0.7144924395319653,0.013792937846038604,0.699577080314909,1.0633772287469887,0.5672708746429721,5.0485332098491895,806.1111111111111,0.17578599527128938,0.10763888888888891
5,50,0,33.139036682,35.602934995,21/06/2025,43,0.7283739757183605,0.006771970423385218,0.7125183059269529,1.0685887640254148,0.5771853302344376,3.741213419755166,781.6666666666666,0.35649509803921564,0.1605902777777778
5,51,0,33.139241355,35.6029517,21/06/2025,43,0.7251420187983701,0.007029714447675015,0.7118491131225528,1.0568931078032673,0.5760270127179097,3.254859712089615,789.3333333333334,0.5291666666666666,0.1918402777777778
5,52,0,33.139453945,35.602959962,21/06/2025,43,0.7397843535159888,0.0036484925561295193,0.7166863515070645,1.1037230644501639,0.5835357396492641,3.0666188279300863,798.3333333333334,0.5515931372549019,0.1953125
5,53,0,33.139661677,35.602973688,21/06/2025,43,0.748455812523548,0.00411850241100027,0.7216160598064948,1.1244643815813533,0.5961055897261824,3.7457817728566996,778.1111111111111,0.3139705882352941,0.1284722222222222
5,54,0,33.139872935,35.602986725,21/06/2025,43,0.7437881322075299,0.002152137061255512,0.7181649472277521,1.1164735935420207,0.5859831098357974,2.4150820599849467,809.8888888888889,0.6416666666666666,0.28298611111111105
5,55,0,33.140085903,35.60299451,21/06/2025,43,0.7230073316131133,0.009071612358692919,0.709649310310228,1.0568082429146695,0.5767262976615185,4.171526378756282,827.0,0.43125,0.1345486111111111
5,56,0,33.14028589,35.603002758,21/06/2025,43,0.7009856386626965,0.008390738790823757,0.703713350519394,0.9898621923761275,0.5718937323444643,4.346922459779062,839.4444444444445,0.38333333333333336,0.1284722222222222
5,57,0,33.140491797,35.603008717,21/06/2025,43,0.7180770877877571,0.009010474769144147,0.7065637767296704,1.048575026317754,0.5781854377877496,4.000640286873213,838.0,0.3291307427336839,0.17274305555555555
5,58,0,33.140701823,35.603020035,21/06/2025,43,0.7399336280346582,0.0050438853907680955,0.7235890109124425,1.0732231306547488,0.599903826928373,2.926559189593494,805.2222222222222,0.6145833333333334,0.1831597222222222
5,59,0,33.1409083,35.603032117,21/06/2025,43,0.7291898137578152,0.004731003175888437,0.7095079404467408,1.08527435660082,0.5719500477276733,3.764746274839393,839.5555555555555,0.5104166666666667,0.15885416666666669
5,60,0,33.141111607,35.60304688,21/06/2025,43,0.7041067836659854,0.009754131229204242,0.6937245047943711,1.0419818507780678,0.5634685453056343,2.91750675639342,861.7777777777778,0.5123774509803921,0.19444444444444442
5,61,0,33.141313127,35.60306078,21/06/2025,43,0.5793543094776696,0.042836039620950304,0.5962338839878163,0.9520999515573875,0.439553995867686,4.009892522926827,1111.7777777777778,0.432696638946639,0.15885416666666669
5,62,0,33.14139051,35.603068565,21/06/2025,43,0.3410196465738134,0.07054220821306359,0.4399159441829514,0.7947315535906695,0.24896308974368406,5.063314583693911,1513.111111111111,0.21394719946190535,0.11197916666666669
5,63,0,33.141412005,35.602701403,21/06/2025,43,0.3746447435907123,0.05961121140777032,0.4696003772802885,0.7951295124261836,0.2861778837434468,3.6556555958752273,1378.0,0.4011029411764706,0.17447916666666669
5,64,0,33.141203282,35.602691407,21/06/2025,43,0.674661476330003,0.009782919120396045,0.6751049415916932,0.9987329020288102,0.5301143471484776,4.776828126933221,864.4444444444445,0.31786565977742454,0.1154513888888889
5,65,0,33.140982287,35.602679077,21/06/2025,43,0.6898292630355052,0.0055180507843833725,0.6848293516998307,1.0194365616466436,0.5541359659952798,4.776828126933223,853.7777777777778,0.2931466817496229,0.11545138888888891
5,66,0,33.140769327,35.602664842,21/06/2025,43,0.6966872898146066,0.005589916761112253,0.68540509038351,1.0444882834625984,0.5590033288115417,4.240194271103767,858.5555555555555,0.4666666666666667,0.1640625
5,67,0,33.140495052,35.602649287,21/06/2025,43,0.6795350053468697,0.008938948792525254,0.681851542246249,0.9923800351844368,0.550924283232049,3.717020514364954,862.6666666666666,0.4645833333333333,0.1293402777777778
5,68,0,33.140286277,35.602638978,21/06/2025,43,0.6545277721625222,0.010482799164029777,0.6584044044808706,0.9868344209787637,0.5280086716717285,4.709147917027244,925.4444444444445,0.33315422322775257,0.15104166666666669
5,69,0,33.140064585,35.602629978,21/06/2025,43,0.6732068103174407,0.003448798576145244,0.6747516072700663,0.9944791453782982,0.5445211043518849,3.1483948553419605,889.3333333333334,0.5145833333333334,0.21267361111111113
5,70,0,33.139848443,35.60261067,21/06/2025,43,0.6900232245426037,0.006069852722343604,0.6908406475628843,0.9972160375344872,0.5536686710929121,3.748400460754049,851.5555555555555,0.3316948452977864,0.1684027777777778
5,71,0,33.139635075,35.602597178,21/06/2025,43,0.7055172756229209,0.008326936753208825,0.6995908389043134,1.0248842881732552,0.5633392126770198,3.95559871257711,829.4444444444445,0.41398001508295623,0.1449652777777778
5,72,0,33.139425498,35.602584823,21/06/2025,43,0.7084335683924908,0.00609280105449428,0.6931066286937506,1.0625177961688992,0.5586586894392851,4.8045851693378,837.8888888888889,0.2689705882352942,0.11111111111111112
5,73,0,33.139213838,35.602572743,21/06/2025,43,0.714717547300038,0.006544029110976626,0.6961126553389562,1.077406727021649,0.5630791231475452,4.0465263787562815,811.2222222222222,0.4895833333333333,0.13628472222222224
5,74,0,33.139007128,35.602560708,21/06/2025,43,0.7084162608146696,0.009301633026675395,0.6970634209316949,1.0470538081963716,0.556156521057431,2.7149869772292354,787.7777777777778,0.7083333333333335,0.2612847222222222
5,75,0,33.138810023,35.602547602,21/06/2025,43,0.7146210820518044,0.009189190697416845,0.7051713620616512,1.0401049435104808,0.5649991637381898,3.563054690915721,765.6666666666666,0.47867647058823526,0.1857638888888889
5,76,0,33.138615217,35.602534878,21/06/2025,43,0.6054648136919552,0.03367636815467122,0.6149011097292947,0.9729089410657265,0.4672782920480937,4.8045851693378,843.6666666666666,0.16295651420651422,0.11111111111111112
5,77,0,33.138627787,35.602157915,21/06/2025,43,0.5713278216291825,0.0453867840787165,0.5934396779430796,0.9411040652434216,0.44606353394395487,5.0485332098491895,824.6666666666666,0.1258150369662224,0.1076388888888889
5,78,0,33.138887292,35.602182118,21/06/2025,43,0.6799615456810916,0.006948528585178201,0.6821363354774226,0.9922327519481624,0.5448758350856142,3.7880602963278096,780.4444444444445,0.31506690514043456,0.13975694444444445
5,79,0,33.139158382,35.602200713,21/06/2025,43,0.669238504896804,0.00683563399315783,0.6774933813220608,0.9703459723868446,0.5396803385159701,4.433281772856699,801.0,0.3451828808446456,0.1310763888888889
5,80,0,33.139360385,35.602217213,21/06/2025,43,0.6747144335931318,0.0038733313911595317,0.679729525854524,0.9817735034329748,0.5384441486687478,3.9830072301048833,819.3333333333334,0.3677696078431373,0.14409722222222224
5,81,0,33.139586797,35.602228003,21/06/2025,43,0.653965437506455,0.0068326051692406,0.6667289279856958,0.9562006104464914,0.5269818446075316,2.863725597280921,862.4444444444445,0.63125,0.234375
5,82,0,33.139810333,35.602237327,21/06/2025,43,0.6379079677156968,0.006663525419365277,0.6625556899766781,0.9183933685927914,0.5209605856886564,3.3475914824722266,869.1111111111111,0.347143665158371,0.1519097222222222
5,83,0,33.139996715,35.60226631,21/06/2025,43,0.6334913465913201,0.010225378820533794,0.6639064303073064,0.9006043077026978,0.5250383553476812,3.332535283285082,872.7777777777778,0.6000000000000001,0.24392361111111113
5,84,0,33.14019521,35.602263182,21/06/2025,43,0.6330021377970918,0.012368799378303288,0.6457560890999425,0.9584245724563196,0.5116009996641949,3.499557609147715,911.6666666666666,0.5145833333333334,0.16927083333333334
5,85,0,33.140404598,35.602272378,21/06/2025,43,0.6796178898054892,0.012580198828837375,0.6791021671837326,1.002435988157888,0.5474937713709946,4.18643861802411,838.5555555555555,0.3039592760180995,0.12239583333333334
5,86,0,33.140615925,35.602280335,21/06/2025,43,0.6615880758348924,0.003507280679103654,0.6688293465122396,0.9744205153044793,0.5230742968753607,3.4492131607759258,831.4444444444445,0.5104166666666666,0.1953125
5,87,0,33.140818843,35.602289105,21/06/2025,43,0.6588161788908168,0.005141436359154225,0.6688897422451054,0.9649655295483589,0.5216998078956198,3.7923069535398803,825.8888888888889,0.4732843137254902,0.1484375
5,88,0,33.141022235,35.602301605,21/06/2025,43,0.6528514554373747,0.007190348887471899,0.6599319396553563,0.9757977230766992,0.5133588128507984,2.7342010098207163,829.8888888888889,0.43750000000000006,0.23090277777777782
5,89,0,33.141244192,35.602314183,21/06/2025,43,0.6321218510428265,0.01437419039768314,0.6488015719168331,0.9455107917423253,0.5025813462064493,3.9166315676613377,864.2222222222222,0.31478129713423836,0.15798611111111113
5,90,0,33.141433223,35.602326745,21/06/2025,43,0.31870098055133056,0.0489313168678036,0.4368200476729538,0.7595185799003027,0.23946273234913987,4.675687440010861,1385.111111111111,0.2534225062166238,0.1154513888888889
5,91,0,33.14145075,35.601956577,21/06/2025,43,0.338949047828077,0.05753294196656281,0.45105559449136073,0.7670901078378846,0.25193794819271775,4.332141085934338,1379.7777777777778,0.3706636500754148,0.12239583333333334
5,92,0,33.141242393,35.601946688,21/06/2025,43,0.6117408843698359,0.00707276340107196,0.6321757805692436,0.9355054664347002,0.4892188927177899,4.560637128826411,909.1111111111111,0.41569570135746603,0.11458333333333334
5,93,0,33.14103524,35.601935268,21/06/2025,43,0.6490035011608651,0.003034315131069956,0.6587164667715618,0.9667740966216418,0.515074983061295,1.992670531398638,855.3333333333334,0.7708333333333333,0.26041666666666663
5,94,0,33.140825837,35.601921853,21/06/2025,43,0.6418304145387503,0.00458956160730304,0.6665283547230997,0.9174768722628293,0.5228730959401763,3.6920095861313817,825.3333333333334,0.5212009803921568,0.1623263888888889
5,95,0,33.140610482,35.601909215,21/06/2025,43,0.6534797523997893,0.008596126007967742,0.6614688189240154,0.9726749174760546,0.5214900452406122,2.4074727945748764,857.6666666666666,0.6583333333333334,0.3020833333333333
5,96,1,33.140401507,35.601895982,21/06/2025,43,0.6679701158252456,0.004620503291656206,0.6698073366275286,0.99370668224479,0.5397678847399452,3.060721401829404,843.7777777777778,0.5541666666666667,0.19184027777777782
5,97,0,33.14020589,35.601884077,21/06/2025,43,0.6518777617572371,0.019618449478662148,0.6558633996964556,0.9899879404686784,0.5300292736754674,4.284037234815498,885.8888888888889,0.283578431372549,0.16493055555555555
5,98,0,33.14000206,35.601872723,21/06/2025,43,0.6621260638542653,0.005632183948473328,0.6730135615128358,0.9619735077382617,0.5381835154936101,2.9699118602854653,834.7777777777778,0.6583333333333332,0.2230902777777778
5,99,0,33.139791972,35.601860572,21/06/2025,43,0.644972117060335,0.0066707208872688545,0.6659057790932321,0.9294624454470033,0.5279165286378324,3.4420095861313817,861.3333333333334,0.58125,0.17274305555555555
5,100,0,33.139583615,35.601845982,21/06/2025,43,0.6543899981952808,0.00738333252763854,0.6616512310271715,0.9751459756071971,0.5260352378148506,3.3291151061900326,874.3333333333334,0.34644607843137254,0.17361111111111113
5,101,0,33.139379935,35.601834952,21/06/2025,43,0.6600516443194301,0.00959814511535714,0.6684095221111144,0.9715136839402138,0.5396865454642398,4.437179502183638,836.5555555555555,0.38529411764705884,0.13368055555555558
5,102,0,33.13918549,35.601823747,21/06/2025,43,0.6717296404831511,0.008660328106063726,0.6705259297019989,1.005053205353943,0.5409901604591093,4.473406066166138,823.8888888888889,0.34987745098039214,0.1154513888888889
5,103,0,33.138985528,35.601811522,21/06/2025,43,0.6794707909725861,0.005814911205517303,0.6821775278114093,0.9901850065941482,0.5413630602795311,4.68717950218364,787.3333333333334,0.28362734906852555,0.1232638888888889
5,104,0,33.138775373,35.601799308,21/06/2025,43,0.6672559099939737,0.005953589732913325,0.6643334937411356,1.0105711794284944,0.5283102051006905,4.36923939949947,804.1111111111111,0.2570701357466063,0.11805555555555555
5,105,0,33.138647572,35.60179156,21/06/2025,43,0.5687957154058796,0.03161691785281475,0.5861675753156506,0.9511114961528331,0.4321808360461049,5.292481250360577,825.2222222222222,0.09829499859996484,0.10416666666666669
5,106,0,33.138667807,35.601407053,21/06/2025,43,0.5874397918265735,0.028962378070820444,0.6051807791827514,0.9477696013952814,0.46469740916168856,3.9090372348154983,816.4444444444445,0.22313073254249724,0.16145833333333334
5,107,0,33.13886883,35.601419228,21/06/2025,43,0.6783323776681015,0.005482245159343386,0.6786709501894522,0.9988860625588794,0.5383471429008712,3.6573990950404944,777.4444444444445,0.4469362745098039,0.18489583333333334
5,108,0,33.139074902,35.601434497,21/06/2025,43,0.6768911237249615,0.005130854332542574,0.6840702536471404,0.9738339631466137,0.5442160616880571,4.000945449117016,783.8888888888889,0.4708333333333334,0.1449652777777778
5,109,0,33.139263995,35.601447725,21/06/2025,43,0.6722410239834048,0.010576400304076616,0.6796381663285005,0.9746205416399751,0.542629303871152,2.692215752170299,802.4444444444445,0.66875,0.3333333333333332
5,110,0,33.139466282,35.601456147,21/06/2025,43,0.6650292538352088,0.011244329032389075,0.6723161703779096,0.9753990685002416,0.5454172121355939,1.944381475746753,825.5555555555555,0.7395833333333333,0.2977430555555555
5,111,0,33.139682903,35.601474367,21/06/2025,43,0.6667471663427079,0.007990892006149468,0.6798182310905686,0.9537754153392916,0.5413006393353725,4.03806029632781,804.7777777777778,0.4686274509803921,0.1293402777777778
5,112,0,33.139896577,35.601488797,21/06/2025,43,0.6465455358726713,0.007808989590852031,0.6663763054899905,0.9330283171725477,0.52946706723918,3.1625056054120884,840.4444444444445,0.45416666666666666,0.21180555555555555
5,113,0,33.140105433,35.60150685,21/06/2025,43,0.6573761253037539,0.0040666282782958665,0.6629203618444832,0.980645227443445,0.5152327660636249,4.551559189593493,826.8888888888889,0.3503676470588235,0.11892361111111112
5,114,0,33.140302,35.601519018,21/06/2025,43,0.5766409297198098,0.010453368690567713,0.6091025092811766,0.9053541814466006,0.4697333557005688,4.265072732832805,951.1111111111111,0.35340742326036445,0.12239583333333334
5,115,0,33.140519643,35.6015303,21/06/2025,43,0.6576443292201039,0.014144676194755594,0.668922143769668,0.9620898886184754,0.5241305698706697,4.596251836004466,824.4444444444445,0.2833392982046157,0.11805555555555555
5,116,0,33.140717898,35.601546062,21/06/2025,43,0.6631389932646177,0.004167731830583135,0.6749674111900585,0.9581658618616574,0.5341613022512811,2.9450355658756875,810.6666666666666,0.6250000000000001,0.19097222222222224
5,117,0,33.140930147,35.601562102,21/06/2025,43,0.6488837133538371,0.007528405859986828,0.661704060403392,0.9560326254741808,0.5241349051425123,4.134020773344194,839.1111111111111,0.32708944804533036,0.17274305555555555
5,118,0,33.141096252,35.60156632,21/06/2025,43,0.6426464120493303,0.003851408647066481,0.6662859912003773,0.9207494341409816,0.5160785941363967,1.8389827611420677,834.0,0.7395833333333334,0.3567708333333333
5,119,0,33.141307538,35.601582055,21/06/2025,43,0.6006170333241938,0.009104815842038564,0.635469147729862,0.8932990911559734,0.4809715081269912,4.142617721195771,895.4444444444445,0.45000000000000007,0.13368055555555555
5,120,0,33.141473253,35.601592685,21/06/2025,43,0.2905796812682769,0.03227983769446073,0.4182708883039678,0.7465029832998069,0.22371146590538565,4.305867649916837,1482.888888888889,0.31907662753250987,0.1189236111111111
5,121,0,33.141476053,35.601205358,21/06/2025,43,0.37699739814822164,0.07101288274309721,0.47964585462349707,0.7786129960559671,0.2923656409615615,4.819366543182522,1267.2222222222222,0.24417599160246217,0.1154513888888889
5,122,0,33.141265283,35.601192873,21/06/2025,43,0.6673346102420459,0.013038365819268104,0.676344194895435,0.9680673425377062,0.5380555353340464,4.819366543182521,813.2222222222222,0.30226422689657984,0.1154513888888889
5,123,0,33.141060453,35.601175985,21/06/2025,43,0.6874931390873829,0.007263838913811806,0.6856102576137436,1.0073239468582231,0.5477696423458277,4.473406066166138,788.6666666666666,0.33316365007541476,0.1154513888888889
5,124,0,33.140853317,35.601165188,21/06/2025,43,0.6924749624273405,0.003647851526503341,0.6907922429169377,1.0067467467430444,0.5632867262913308,2.890476256279071,783.6666666666666,0.6041666666666666,0.18055555555555555
5,125,0,33.140644383,35.601151265,21/06/2025,43,0.6936843944706477,0.006023891859896182,0.6909024892581123,1.011060821010155,0.5625315958278588,3.765828952564892,781.1111111111111,0.47867647058823526,0.1449652777777778
5,126,0,33.140442832,35.601149153,21/06/2025,43,0.6787776387083034,0.008470071063709176,0.6771474155519418,1.0063338031098172,0.5496343224645593,4.596251836004467,826.3333333333334,0.31824273368391015,0.11805555555555555
5,127,0,33.140229845,35.601136568,21/06/2025,43,0.6663011823672366,0.005613605287084779,0.6748392541228875,0.9694999291178532,0.5345247843046704,4.046526378756282,828.8888888888889,0.39938725490196075,0.13628472222222224
5,128,0,33.140024335,35.601123753,21/06/2025,43,0.6779020437037118,0.003924142919023115,0.6853684176084287,0.9727458771477802,0.5451272201743577,3.45842909975111,801.5555555555555,0.5520833333333333,0.1623263888888889
5,129,0,33.139818435,35.601111035,21/06/2025,43,0.67313869510514,0.0025306468357318454,0.6806470526964734,0.9729335630742941,0.5492622102430392,4.834147917027245,824.7777777777778,0.3560803167420814,0.11979166666666669
5,130,0,33.139614337,35.601098623,21/06/2025,43,0.6860898878342947,0.005598132282845994,0.6853805414610524,1.0027839323484222,0.5547173864069566,4.294372148594611,812.2222222222222,0.34506033182503765,0.1371527777777778
5,131,0,33.139420042,35.601088313,21/06/2025,43,0.6789714001440595,0.005662668618924139,0.6801918740504055,0.9955508617742933,0.5483934089212208,3.382535565875688,820.6666666666666,0.4666666666666667,0.18489583333333334
5,132,0,33.139215988,35.601075682,21/06/2025,43,0.6551071418653371,0.007586163314585703,0.6713003189580655,0.9438254195971021,0.5299734554309087,4.376833732345311,813.7777777777778,0.2642911010558069,0.11458333333333334
5,133,0,33.139019293,35.601063452,21/06/2025,43,0.6902797012997879,0.007008575739461802,0.6874502559968141,1.0110577862956756,0.5467824469130652,4.430255793112394,785.5555555555555,0.28737745098039214,0.1371527777777778
5,134,0,33.138819787,35.601052053,21/06/2025,43,0.6940444831854178,0.0027385293797525198,0.6928375569077423,1.0047156300327436,0.5526435733775672,2.9963770960154825,765.1111111111111,0.5020833333333333,0.1892361111111111
5,135,0,33.138685703,35.601043738,21/06/2025,43,0.594221146923779,0.0415392874698229,0.6052287683368647,0.9687040232767978,0.46153023245646974,4.846251836004467,841.6666666666666,0.10738121308078619,0.1076388888888889
5,136,0,33.138696937,35.600672637,21/06/2025,43,0.55872971798115,0.03180124734530565,0.5876084802753853,0.9178867278219934,0.4240385199833831,4.840199876515855,873.4444444444445,0.12991597303840727,0.11458333333333334
5,137,0,33.13891635,35.60068634,21/06/2025,43,0.6580689940045994,0.008102297878794735,0.6699233794364852,0.9588609501080394,0.5323810453267458,2.6601042477171974,827.1111111111111,0.6541666666666667,0.2265625
5,138,0,33.139121617,35.600699377,21/06/2025,43,0.6681259641036161,0.00816594775428317,0.6743432377455902,0.9779196586193257,0.5409454637040383,2.061303984200316,827.1111111111111,0.7375,0.36284722222222227
5,139,0,33.1393337,35.600712562,21/06/2025,43,0.6627406451576666,0.0032171036484387123,0.6752274352003119,0.9559509554799247,0.5430132953051923,3.628099679278688,828.8888888888889,0.5479166666666666,0.19270833333333334
5,140,0,33.139534923,35.600723458,21/06/2025,43,0.663089844959713,0.007200599900557025,0.673265618169756,0.964276494143899,0.5387743725811917,1.6835024445205309,835.1111111111111,0.8125,0.4201388888888889
5,141,0,33.139738737,35.600736808,21/06/2025,43,0.6761442196081902,0.0053062686184029975,0.6808013089642901,0.9829648186048432,0.5483627639222862,3.782880086421832,815.5555555555555,0.35563725490196074,0.12586805555555555
5,142,0,33.139948875,35.600750173,21/06/2025,43,0.6702249523362712,0.009440866373015333,0.678696744063688,0.9696832697829846,0.5492525738327152,4.8045851693378,818.6666666666666,0.2834653092006033,0.11111111111111112
5,143,1,33.140144637,35.600762023,21/06/2025,43,0.6735218058639297,0.008441433811485329,0.6836536320571805,0.9642287981762855,0.5508095991814317,1.6225562489182659,809.0,0.8125,0.4375
5,144,0,33.140341158,35.600774185,21/06/2025,43,0.6034398375872763,0.010435017948661444,0.6351575517358072,0.9025266799038822,0.49011009765385716,3.886434896284056,903.0,0.45625000000000004,0.15538194444444445
5,145,1,33.140545973,35.600785708,21/06/2025,43,0.6835328685874359,0.007774702389046262,0.6855019452779061,0.9934413470825698,0.551368564790225,3.3108522672525083,794.6666666666666,0.5687500000000001,0.16666666666666669
5,146,0,33.140749102,35.600797853,21/06/2025,43,0.6718324911779443,0.00651924239537993,0.6823469054512304,0.9621285189402093,0.5496976459660837,3.8160806706600257,793.8888888888889,0.4729166666666667,0.1328125
5,147,0,33.140955428,35.600813163,21/06/2025,43,0.6581517233644679,0.007711943796869361,0.6758996358101672,0.9380787038459744,0.5233103680471812,3.788471027324213,800.1111111111111,0.3856617647058823,0.13020833333333331
5,148,0,33.141156333,35.600825512,21/06/2025,43,0.6579565986850491,0.005883964705744346,0.6754791793765981,0.939032884959398,0.5285018467883081,2.9912003252589536,813.0,0.5916666666666667,0.20486111111111113
5,149,0,33.141373655,35.600838453,21/06/2025,43,0.5994496872800532,0.0195860111292896,0.631987808715364,0.901173305233703,0.4705999785964133,4.577572732832804,903.7777777777778,0.28026960784313726,0.11111111111111112
5,150,0,33.141495348,35.600846943,21/06/2025,43,0.3305036342253114,0.0652200450542214,0.44389617145134713,0.76784989482702,0.25980503866630483,3.4049849721006322,1448.6666666666667,0.46458333333333335,0.16753472222222224
5,151,0,33.141495,35.600518333,21/06/2025,43,0.3301554550028853,0.06194103559952736,0.4491274941737392,0.7563265687773479,0.2532233745812904,4.41937214859461,1452.888888888889,0.2374633117280176,0.12847222222222224
5,152,0,33.141263333,35.600531667,21/06/2025,43,0.6252841706470877,0.0028946893393338386,0.6519211930019493,0.9139616008569794,0.5134450552815307,3.467090774749888,897.6666666666666,0.4708333333333333,0.16666666666666669
5,153,0,33.141045,35.600531667,21/06/2025,43,0.6431409646565803,0.002428922875693179,0.6658765752749712,0.9235245510191668,0.5267520431971472,3.97897703427341,844.8888888888889,0.44828431372549016,0.13975694444444445
5,154,0,33.140848333,35.6005,21/06/2025,43,0.6448964378864005,0.005667791879874469,0.6617760281129249,0.9428889985596144,0.5180301595879816,3.005872900563965,857.0,0.5895833333333333,0.19270833333333334
5,155,0,33.140648333,35.600471667,21/06/2025,43,0.6572965598678948,0.005697441191128157,0.6685102492104247,0.9609059034783775,0.5348277529880918,3.2913966014913245,841.5555555555555,0.6124999999999999,0.23177083333333326
5,156,1,33.140461667,35.600471667,21/06/2025,43,0.6291950506258263,0.01502921122553586,0.649367419885629,0.9350231629244151,0.5040763632985761,4.819366543182523,879.6666666666666,0.3457107843137255,0.1154513888888889
5,157,0,33.140243333,35.600458333,21/06/2025,43,0.6464917585309143,0.012151448077269318,0.6679143521173273,0.9282698690379997,0.5109576454989426,4.804585169337801,853.8888888888889,0.2897567873303168,0.11111111111111112
5,158,0,33.140033333,35.600441667,21/06/2025,43,0.6471933390509497,0.00840941000582322,0.671504480115147,0.917743135437132,0.5279790657989611,4.4727942093616955,848.1111111111111,0.3069852941176471,0.1371527777777778
5,159,0,33.139836667,35.600428333,21/06/2025,43,0.6384849700657662,0.0056027006349245135,0.6647468099864383,0.9128787317341048,0.5318571998075171,4.575418502671132,859.1111111111111,0.34811463046757163,0.11892361111111112
5,160,0,33.139625,35.600426667,21/06/2025,43,0.6465721565815759,0.007985558743441626,0.6628778028569328,0.9445370167788695,0.5230636346470704,3.670638095527989,862.2222222222222,0.5541666666666667,0.1545138888888889
5,161,0,33.13943,35.60041,21/06/2025,43,0.6301069989742062,0.006930042739841892,0.6629184423118692,0.8936056481639549,0.5255586745184383,4.602303795493078,866.0,0.30424819615996085,0.1111111111111111
5,162,0,33.139238333,35.600401667,21/06/2025,43,0.6464006104653658,0.00643131634697735,0.6664978055769626,0.9321994571078831,0.540950661909543,3.483619086909327,877.5555555555555,0.4229166666666667,0.1519097222222222
5,163,0,33.139026667,35.60037,21/06/2025,43,0.650416422481631,0.007620593785531392,0.6679904719742985,0.9399820461383201,0.5266803224281531,1.9918457753075751,862.2222222222222,0.7291666666666666,0.3142361111111111
5,164,1,33.138808333,35.600365,21/06/2025,43,0.6431411817668596,0.00987562838768288,0.6507936799285142,0.9744746533431959,0.5120362307493513,2.6601042477171974,888.8888888888889,0.5958333333333334,0.2265625
5,165,0,33.138731667,35.600373333,21/06/2025,43,0.5627948716708943,0.038639944491395385,0.5905949599402848,0.9229606212439534,0.4378106286900685,4.840199876515856,948.2222222222222,0.12931641869769564,0.11458333333333334
5,166,0,33.13873998884879,35.60004385714451,21/06/2025,43,0.3491781860290875,0.04196640619382596,0.4602158398641896,0.7669968772775668,0.28141698061742065,4.175424108083221,796.8888888888889,0.2081061901065213,0.13194444444444445
5,167,0,33.13900409577885,35.60006273212911,21/06/2025,43,0.4824156638202838,0.05476910204241155,0.5672514869968442,0.7932273662836514,0.4020526410103176,4.159037234815499,1083.3333333333333,0.22234621499327378,0.15104166666666669
5,168,0,33.13922356945667,35.60007698444571,21/06/2025,43,0.4836407323543712,0.054641992212408334,0.5643611541802153,0.8026965792718711,0.4032329545271403,4.846251836004466,1101.2222222222222,0.15067311200749,0.1076388888888889
5,169,0,33.13941330636254,35.60008225836661,21/06/2025,43,0.47947231043212024,0.060127909500836685,0.5656358985150309,0.7904668281530556,0.40508163105406303,4.81849479359989,1092.0,0.1971601779078483,0.11197916666666669
5,170,1,33.13962532476266,35.600100899878065,21/06/2025,43,0.4759116268387786,0.05895285787103723,0.5610929545668372,0.7921965529945021,0.4174258960819491,4.4903416701725325,1124.0,0.2580923627247157,0.1189236111111111
5,171,0,33.13985226772052,35.600106340853756,21/06/2025,43,0.45599021447740085,0.06989921820384289,0.5437745277341066,0.7949715757656589,0.37883928747092516,4.577572732832805,1141.6666666666667,0.3089704863234275,0.11111111111111112
5,172,0,33.140034535297254,35.60012042646064,21/06/2025,43,0.43743017748972207,0.07305862759230133,0.5388175557063213,0.7678437368239801,0.3788950495162447,5.292481250360577,1143.111111111111,0.15131588602176838,0.10416666666666669
5,173,0,33.14023916864876,35.60012134484122,21/06/2025,43,0.42520576474499605,0.07951357964150668,0.5250651556263134,0.7741120140805987,0.3590571590736446,4.532880086421833,1163.7777777777778,0.2707575581320202,0.11892361111111113
5,174,0,33.14045120106142,35.60013556413844,21/06/2025,43,0.4818243623132656,0.062306663042426,0.5653788963211008,0.7983216564656358,0.39782337830816106,4.709147917027246,1033.3333333333333,0.22398169662875544,0.15104166666666669
5,175,0,33.140595,35.600145,21/06/2025,43,0.49940528609100415,0.07800660657322411,0.5764808931258836,0.8076042506323938,0.42071182836219967,5.0485332098491895,1075.111111111111,0.13368202099887316,0.10763888888888891
5,176,0,33.140833333,35.60017,21/06/2025,43,0.48512350447860175,0.06350626362718718,0.567841028585157,0.7960093065609003,0.39850332336381383,4.596251836004467,1101.4444444444443,0.21355759039582564,0.11805555555555557
5,177,0,33.141023333,35.600176667,21/06/2025,43,0.44405248260023994,0.0665401230544392,0.5376418050878253,0.7833002401739004,0.3589988086508072,3.596822633626531,1151.4444444444443,0.25122549019607837,0.17708333333333337
5,178,0,33.141205,35.600185,21/06/2025,43,0.42763900274619837,0.061278494295420885,0.5315339866404902,0.7630237121457093,0.3495144946466088,5.0485332098491895,1190.3333333333333,0.22168556510378606,0.10763888888888891
5,179,0,33.141415,35.600195,21/06/2025,43,0.371504440474524,0.05660647849062273,0.4867437583741859,0.754342530059444,0.29597095129280493,4.346251836004466,1274.4444444444443,0.34154411764705883,0.1284722222222222
5,180,0,33.141525,35.600213333,21/06/2025,43,0.29848975852060944,0.03617713448151463,0.4400909758295816,0.7200014612382589,0.24512601143016968,4.663320189106001,955.6666666666666,0.25421005270083796,0.125
6,1,0,33.141286912,35.604064998,25/06/2025,39,0.31607804603273915,0.053446787041195765,0.45177084066973067,0.7267637888230433,0.24733216158407448,4.663320189106001,843.2222222222222,0.1252707092065208,0.125
6,2,1,33.141094482,35.604051333,25/06/2025,39,0.5202454305630182,0.045025808976459435,0.6036409953045208,0.7858266933049506,0.41312538034173807,4.159037234815499,716.0,0.2134883339750081,0.15104166666666669
6,3,0,33.141096643,35.60405209,25/06/2025,39,0.5125141571410844,0.044970421679331955,0.5992873853338031,0.7800806360500783,0.4121579183680771,4.159037234815498,714.3333333333334,0.19660557006860582,0.15104166666666669
6,4,1,33.14089048,35.604042392,25/06/2025,39,0.5180790343320533,0.052110222910947517,0.6090306660038021,0.7688408646138659,0.4186391011906007,4.4193721485946105,702.6666666666666,0.18121580182672137,0.12847222222222224
6,5,1,33.140682515,35.604029097,25/06/2025,39,0.5482511316420337,0.07464202217524114,0.6257387925540027,0.7938466440946088,0.44316920147606703,4.603846168850304,1045.0,0.1221630221988902,0.11458333333333334
6,6,1,33.140475232,35.60401586,25/06/2025,39,0.5277318444069499,0.07669109170508721,0.6145192643509065,0.7770161158362593,0.4292144428932567,5.048533209849189,1073.2222222222222,0.10859777005589268,0.10763888888888891
6,7,1,33.14025896,35.604004345,25/06/2025,39,0.4930537027095482,0.07310689236220086,0.5864410740052991,0.7702349740911378,0.39003653487559414,4.846251836004468,1150.2222222222222,0.15448605472816374,0.10763888888888891
6,8,1,33.14006053,35.603991823,25/06/2025,39,0.4588263525450411,0.06547286635708777,0.5642181855462134,0.7514563793377544,0.37008074301385313,4.846251836004468,1188.888888888889,0.15999760507113447,0.1076388888888889
6,9,1,33.139857173,35.603978323,25/06/2025,39,0.47698931206066675,0.08407170622386283,0.5722191442753212,0.7700467741695438,0.3754850226782447,4.346251836004467,1137.7777777777778,0.14746668668804108,0.1284722222222222
6,10,1,33.139658807,35.60396682,25/06/2025,39,0.5522875601828122,0.07620728250257286,0.6274359613867335,0.8003967460415677,0.4375745094830985,5.0485332098491895,983.6666666666666,0.11717201435467252,0.1076388888888889
6,11,1,33.139454662,35.603955217,25/06/2025,39,0.5575465608139645,0.07941594649388746,0.6320015712180205,0.8010627901820409,0.4528772729490962,5.048533209849189,967.3333333333334,0.12496031767668464,0.10763888888888891
6,12,1,33.13925451,35.603942585,25/06/2025,39,0.5466994922075283,0.07834305155931673,0.6253452136529476,0.7936302653242457,0.4387176586909841,4.663320189106001,972.8888888888889,0.14694907731992546,0.125
6,13,1,33.139058995,35.603930637,25/06/2025,39,0.5307122312454473,0.08050153629781782,0.6146393028585355,0.7831838955302737,0.4327088221835047,5.0485332098491895,991.6666666666666,0.1369719368763682,0.1076388888888889
6,14,1,33.138798595,35.603917333,25/06/2025,39,0.49283173655656526,0.07492785820426721,0.5927214866872909,0.7546275863851315,0.40071543475158994,4.6811275426950285,1010.2222222222222,0.12318863729077391,0.11458333333333334
6,15,1,33.13859478,35.60390661,25/06/2025,39,0.5138706611469883,0.06732451208934287,0.5984469972768478,0.7864614045567494,0.41428741261325286,4.8193665431825226,998.1111111111111,0.13845622948808,0.1154513888888889
6,16,0,33.138559323,35.603902088,25/06/2025,39,0.5007750770706032,0.06268644091254291,0.5894629673544877,0.7805821637383626,0.4025712883053964,4.434153522439333,674.3333333333334,0.16244913005475484,0.1328125
6,17,0,33.138557745,35.603610512,25/06/2025,39,0.6255368950831816,0.04188388386194565,0.6539047238833714,0.910555007839677,0.48714233725041556,4.4193721485946105,618.3333333333334,0.17821057957407693,0.12847222222222224
6,18,0,33.138752198,35.603623265,25/06/2025,39,0.757512801223662,0.007373805142389105,0.7517305672849097,1.028111165605914,0.5960037068402659,3.733619086909327,732.3333333333334,0.3927790346907994,0.14149305555555555
6,19,0,33.138953912,35.603635937,25/06/2025,39,0.7498877389146119,0.01841008184397148,0.7515229535401536,0.9935813433376318,0.5944295780276846,4.403501365713556,725.6666666666666,0.30045901407433145,0.13368055555555558
6,20,0,33.139149112,35.603646213,25/06/2025,39,0.7909054006506429,0.008868007767994554,0.7685114254378895,1.1222349679976134,0.6244387810492334,4.109898128338916,695.1111111111111,0.43125,0.12847222222222224
6,21,0,33.139345078,35.603659013,25/06/2025,39,0.7614892540698991,0.00984402772430425,0.7549173457949658,1.0323091684269246,0.6001488155879705,4.336038815261277,726.2222222222222,0.2709087481146305,0.14930555555555555
6,22,0,33.13955126,35.603671062,25/06/2025,39,0.7619054310566227,0.00386846293896129,0.7567525344196628,1.0246760666769625,0.6070639191470648,3.2913966014913245,726.4444444444445,0.5522812971342382,0.23177083333333331
6,23,0,33.139754877,35.603683665,25/06/2025,39,0.7793651430179541,0.01360479664482164,0.7706861482747502,1.0468258336374388,0.6142406456441788,4.637918502671133,704.2222222222222,0.2668325791855204,0.11458333333333334
6,24,1,33.139954508,35.603691305,25/06/2025,39,0.7617640391734972,0.013336558997955852,0.7494649227363284,1.0606264134635637,0.5949567693121804,4.846251836004468,756.6666666666666,0.19988178223472342,0.1076388888888889
6,25,0,33.140151657,35.603703738,25/06/2025,39,0.7234678640736277,0.019143225999526038,0.7261618820935136,0.9911183264244428,0.5730167814423175,4.3523037954930786,815.3333333333334,0.3021587481146305,0.12152777777777778
6,26,0,33.140346113,35.603719147,25/06/2025,39,0.7146810055689475,0.018820045181401863,0.7237319222382019,0.9654841346215659,0.5650323952443337,3.7262143864567436,811.8888888888889,0.4310803167420814,0.15885416666666669
6,27,0,33.140550507,35.603734958,25/06/2025,39,0.6981526606630273,0.017854332120890607,0.7234368009545866,0.9050134680211487,0.5643470115313411,4.109898128338916,795.1111111111111,0.3313837593249358,0.12847222222222224
6,28,1,33.140758675,35.603746657,25/06/2025,39,0.7844464260822303,0.003889291388217684,0.7654473983700487,1.1001034639354346,0.6075575480059188,4.06433373234531,722.0,0.3753205128205128,0.14149305555555555
6,29,1,33.140959098,35.603758632,25/06/2025,39,0.776267951004107,0.010731862082704666,0.7644036356561468,1.0609649353826598,0.600837968668792,4.171526378756282,715.6666666666666,0.39374999999999993,0.13454861111111113
6,30,1,33.141164995,35.603769328,25/06/2025,39,0.7444112464124076,0.006239378517594663,0.7364569588369652,1.036207352992837,0.5722384329177577,3.770105543670017,773.1111111111111,0.5104166666666667,0.1657986111111111
6,31,1,33.141355642,35.603779397,25/06/2025,39,0.4019808369417086,0.06695032932271001,0.5215020094068132,0.7394176599015263,0.31900485561278985,4.5443721485946105,1177.5555555555557,0.15627440789205496,0.1267361111111111
6,32,0,33.141362582,35.603782643,25/06/2025,39,0.4019808369417086,0.06695032932271001,0.5215020094068132,0.7394176599015263,0.31900485561278985,4.5443721485946105,1177.5555555555557,0.15627440789205496,0.1267361111111111
6,33,0,33.14136001,35.603453605,25/06/2025,39,0.4310128137391612,0.06698841509211781,0.5325451350609698,0.7684661162740886,0.34020372360290213,4.403501365713556,1303.6666666666667,0.36172638756193454,0.13368055555555555
6,34,0,33.141170608,35.60342983,25/06/2025,39,0.7483150429399126,0.011088095201191712,0.7436837114240574,1.0225691267118044,0.5818853575406293,4.881866543182522,758.1111111111111,0.23765648567119155,0.11111111111111112
6,35,0,33.140905295,35.603415228,25/06/2025,39,0.7939195878340857,0.006967402475664486,0.7761453070371833,1.0982662602286293,0.6299313947150954,3.7663552134118428,694.4444444444445,0.4332107843137255,0.14583333333333331
6,36,0,33.140694023,35.603406603,25/06/2025,39,0.7798004843819052,0.008972528194908676,0.767621329207505,1.0632174587638894,0.6092358855663454,4.546789710683922,710.1111111111111,0.27262876564347155,0.11979166666666669
6,37,0,33.14049937,35.603392937,25/06/2025,39,0.7810555421416099,0.008267235699194053,0.7701825649818583,1.056305481270235,0.6059996957934347,3.5937640135302216,700.3333333333334,0.46862745098039216,0.15711805555555555
6,38,0,33.140300863,35.603382275,25/06/2025,39,0.8060170145622366,0.00986397859280532,0.7776186282833307,1.1670771308457757,0.6322976461030213,3.7578856918339216,699.1111111111111,0.3202205882352941,0.1597222222222222
6,39,0,33.140099232,35.603368717,25/06/2025,39,0.8098737593295826,0.004097351157278976,0.7817065597019885,1.1664997824854502,0.6327823558974184,4.776828126933223,682.0,0.2849264705882353,0.11545138888888891
6,40,0,33.139902152,35.60335784,25/06/2025,39,0.8172103843289881,0.0030760029861789315,0.7798805975622971,1.2299284922733413,0.637918086317892,2.8986850162569406,687.1111111111111,0.625,0.20572916666666666
6,41,0,33.139703672,35.60334613,25/06/2025,39,0.8235080406054741,0.004554512286353263,0.7906576330290378,1.2088471534771568,0.6420402250396052,2.8858414111932924,653.2222222222222,0.64375,0.2065972222222222
6,42,0,33.139498387,35.603332867,25/06/2025,39,0.8113689643018188,0.005040200273661784,0.7809875388715801,1.1817203502630325,0.6357311850386866,3.7778472755846204,668.1111111111111,0.3558446455505279,0.15364583333333334
6,43,0,33.139295938,35.603322305,25/06/2025,39,0.8115195340275969,0.0048350027527966745,0.7820466587307808,1.1769778214913438,0.6380308921087711,3.4601670656786436,669.6666666666666,0.4833333333333333,0.19618055555555555
6,44,0,33.139101065,35.603310657,25/06/2025,39,0.818498738639862,0.004536495204242251,0.7799572668496325,1.2389930920008496,0.6269865987499741,3.5972126206940414,679.5555555555555,0.41250000000000003,0.14756944444444445
6,45,0,33.138908075,35.603298728,25/06/2025,39,0.8054131208991028,0.005972249984026814,0.7766048878118998,1.167220575421561,0.6343316692175315,4.124964900994671,684.8888888888889,0.3508068362480127,0.13368055555555558
6,46,0,33.13866311,35.603275047,25/06/2025,39,0.7338607155893301,0.020080109576476914,0.7304840967994095,1.0177314226293415,0.5667101372187461,4.818494793599889,770.7777777777778,0.19879015327544736,0.11197916666666669
6,47,0,33.138581163,35.603280792,25/06/2025,39,0.6062760390412694,0.05575855413822974,0.6442010615790069,0.8876426540256012,0.4695753901712295,5.048533209849189,924.6666666666666,0.11979335836034216,0.1076388888888889
6,48,0,33.138597765,35.60290721,25/06/2025,39,0.6142285015364567,0.059117409817484645,0.6521858103302368,0.8870103125248623,0.4922041320826259,5.292481250360577,911.3333333333334,0.08543859249476714,0.10416666666666669
6,49,0,33.138834982,35.602923243,25/06/2025,39,0.7951692194608747,0.007095663261714917,0.7718081554850849,1.1291619374033248,0.6216743102303747,4.692623044017256,684.2222222222222,0.29338413639884225,0.11892361111111112
6,50,0,33.139036682,35.602934995,25/06/2025,39,0.8096529819708058,0.0034211514556277225,0.7815076127541558,1.166178571377587,0.634931855048563,3.600560296327809,666.6666666666666,0.5066176470588235,0.171875
6,51,0,33.139241355,35.6029517,25/06/2025,39,0.8162358143404571,0.005622506959451918,0.782546824087349,1.2065919767400546,0.6328614773707603,3.013777157757555,669.4444444444445,0.4916666666666667,0.2092013888888889
6,52,0,33.139453945,35.602959962,25/06/2025,39,0.8169900313493141,0.0036678752111758252,0.7856128552965083,1.1926972608864876,0.6399286717679052,2.8858414111932924,662.3333333333334,0.6375000000000001,0.2065972222222222
6,53,0,33.139661677,35.602973688,25/06/2025,39,0.8215227319433409,0.003984330610662007,0.7833632438257074,1.2404314839384816,0.6341351102931521,3.483619086909327,670.6666666666666,0.4958333333333334,0.13628472222222224
6,54,0,33.139872935,35.602986725,25/06/2025,39,0.8132439983526866,0.00742567992783995,0.7830766795218481,1.1834206010127182,0.6299835846935024,4.194773835029478,685.1111111111111,0.3460312971342383,0.14756944444444445
6,55,0,33.140085903,35.60299451,25/06/2025,39,0.7989029837405948,0.005720338991796367,0.7753015212834784,1.1324779287409898,0.6235119152536126,4.352303795493078,692.3333333333334,0.3806372549019609,0.12152777777777778
6,56,0,33.14028589,35.603002758,25/06/2025,39,0.7909491147825487,0.01337302083364754,0.7704161983251689,1.11395852792669,0.6130250721209194,2.8341479170272446,703.2222222222222,0.6500000000000001,0.20138888888888892
6,57,0,33.140491797,35.603008717,25/06/2025,39,0.7965501800052972,0.007376763041691224,0.7742729220164293,1.1239850184301061,0.6329052176452505,4.8045851693378,703.7777777777778,0.2738593514328808,0.11111111111111113
6,58,0,33.140701823,35.603020035,25/06/2025,39,0.8168009041164974,0.003964396457108855,0.7829091190378802,1.2080182211238686,0.6246201607391364,2.2465073264361655,678.1111111111111,0.6979166666666666,0.2786458333333333
6,59,0,33.1409083,35.603032117,25/06/2025,39,0.793508546641199,0.0043500724185407255,0.7751974927017913,1.100599464165303,0.6151883752066397,3.486427407199933,701.0,0.5625,0.1657986111111111
6,60,0,33.141111607,35.60304688,25/06/2025,39,0.7825824071704601,0.010335159793496194,0.7626856146831948,1.104151872465037,0.6030619779587698,3.5986693980937767,733.6666666666666,0.42152154471003284,0.1579861111111111
6,61,0,33.141313127,35.60306078,25/06/2025,39,0.6305045575705225,0.051124155030335565,0.6687350222270653,0.8800137864660814,0.4854912080802134,5.292481250360577,954.2222222222222,0.13310556031144266,0.10416666666666669
6,62,0,33.14139051,35.603068565,25/06/2025,39,0.37601894168820377,0.06189061387178642,0.4965506192350841,0.743138413045428,0.28950046470954793,4.242492461184755,1428.4444444444443,0.301998491704374,0.14583333333333334
6,63,0,33.141412005,35.602701403,25/06/2025,39,0.417957177226113,0.07251647870987402,0.5253435796649306,0.7622246676896889,0.32247279389917477,3.382404700452583,1288.7777777777778,0.49791666666666673,0.16145833333333331
6,64,0,33.141203282,35.602691407,25/06/2025,39,0.7477804353120394,0.007097045741457103,0.7369351801020022,1.0499949092263767,0.5738190980871404,4.532880086421832,756.8888888888889,0.3870098039215687,0.11892361111111112
6,65,0,33.140982287,35.602679077,25/06/2025,39,0.7685860259871858,0.010063033152826424,0.7541748624074203,1.0726653084300752,0.5970059681240432,4.188054690915721,718.1111111111111,0.3606146304675716,0.13020833333333334
6,66,0,33.140769327,35.602664842,25/06/2025,39,0.7694904256940913,0.005297552556107244,0.7567800323312968,1.0630299516227038,0.6021735347791792,4.387918502671132,709.8888888888889,0.27369909502262446,0.125
6,67,0,33.140495052,35.602649287,25/06/2025,39,0.7639560720853898,0.009102128628813506,0.7510411228021344,1.0633702555890054,0.6017429857268379,4.4332817728566996,731.7777777777778,0.3269136500754148,0.1310763888888889
6,68,0,33.140286277,35.602638978,25/06/2025,39,0.7212738321392712,0.01683942907806057,0.7320913537430035,0.9570844495263268,0.5698319393453476,4.050222982275182,774.0,0.36825980392156865,0.13368055555555558
6,69,0,33.140064585,35.602629978,25/06/2025,39,0.7560011646309165,0.010034921242606206,0.7502234591212479,1.0282628680238661,0.5978636710606241,4.881866543182522,730.4444444444445,0.1767563453808073,0.11111111111111112
6,70,0,33.139848443,35.60261067,25/06/2025,39,0.7719564800559122,0.00900435997166286,0.7592676227772199,1.0642667632890483,0.6052760279723608,3.900285753575993,708.5555555555555,0.3977564102564102,0.1293402777777778
6,71,0,33.139635075,35.602597178,25/06/2025,39,0.7833641348804808,0.00953229501999944,0.7680786076865389,1.08166259504304,0.6170850324640798,3.125840089726753,686.7777777777778,0.43737745098039216,0.21875
6,72,0,33.139425498,35.602584823,25/06/2025,39,0.792069635065505,0.005282601394913613,0.7701286997888612,1.1196166316345613,0.6157311713541305,4.538320189106001,688.8888888888889,0.24804920304920308,0.11805555555555557
6,73,0,33.139213838,35.602572743,25/06/2025,39,0.7899788605594642,0.008876334212368317,0.7690493182065763,1.1133460184851731,0.615567641789151,4.3865657617071605,672.3333333333334,0.38273434633728753,0.13020833333333334
6,74,0,33.139007128,35.602560708,25/06/2025,39,0.7837846744426169,0.009183470599295767,0.7600172619968869,1.1268279073651397,0.6123461400999826,4.164602669685038,689.3333333333334,0.3974264705882353,0.13454861111111113
6,75,0,33.138810023,35.602547602,25/06/2025,39,0.7924126318704625,0.006488575152243222,0.7647060560685142,1.1516677047492865,0.6213408968515943,3.596822633626531,690.0,0.36237745098039215,0.17708333333333331
6,76,0,33.138615217,35.602534878,25/06/2025,39,0.65202966904197,0.04584018173094137,0.6729564087120532,0.9334226872311235,0.4961153969436253,5.292481250360577,838.4444444444445,0.07391732946763642,0.10416666666666669
6,77,0,33.138627787,35.602157915,25/06/2025,39,0.6042167443366392,0.04443407069617744,0.6418935846905557,0.8860802003324737,0.4651882017328922,4.804585169337799,852.3333333333334,0.19808171293465412,0.11111111111111112
6,78,0,33.138887292,35.602182118,25/06/2025,39,0.7463189831152159,0.008196672780575173,0.7409596492251729,1.0246932313718478,0.5818450298474305,4.02890865756051,691.6666666666666,0.3965214932126697,0.12586805555555555
6,79,0,33.139158382,35.602200713,25/06/2025,39,0.7473472618375623,0.0031640217524969826,0.7455080119488895,1.0086035895827166,0.5856959357862568,4.596251836004467,689.0,0.29086028902205374,0.11805555555555555
6,80,0,33.139360385,35.602217213,25/06/2025,39,0.7555627026118892,0.0040219929479842305,0.7479535812015619,1.0356297655854831,0.5901508951071478,4.634892522926828,699.2222222222222,0.3285539215686274,0.12760416666666669
6,81,0,33.139586797,35.602228003,25/06/2025,39,0.7337479876374328,0.009376148201093925,0.7373613286403204,0.9855619167508143,0.5766870380079019,3.6384893002931973,731.4444444444445,0.358578431372549,0.1736111111111111
6,82,0,33.139810333,35.602237327,25/06/2025,39,0.7262522186834653,0.004732763758000724,0.7382616105808351,0.9496761154835901,0.5856055736787749,4.0999484395233665,730.8888888888889,0.36816043985161634,0.12586805555555558
6,83,0,33.139996715,35.60226631,25/06/2025,39,0.7229560069494325,0.005443019859863021,0.73385113539682,0.9547566297932123,0.5759161602145679,3.2068811931561476,746.5555555555555,0.5351476193387958,0.16145833333333334
6,84,0,33.14019521,35.602263182,25/06/2025,39,0.7033578501453114,0.01070293586793593,0.7230982102343125,0.9234187475660378,0.5681961120739553,3.461914003993359,761.0,0.5770833333333333,0.171875
6,85,0,33.140404598,35.602272378,25/06/2025,39,0.751395796882719,0.003292056583353197,0.7448063402382009,1.0306662242983824,0.5947958285813653,1.7872572060486802,712.4444444444445,0.7395833333333333,0.40885416666666663
6,86,0,33.140615925,35.602280335,25/06/2025,39,0.7395985564153347,0.005793237763246377,0.741675079202389,0.9912329089832865,0.5960407570013736,3.6667624330844424,714.3333333333334,0.5208333333333333,0.15538194444444445
6,87,0,33.140818843,35.602289105,25/06/2025,39,0.7228294695126575,0.0024095169806214144,0.72751286961844,0.9805428233984637,0.5701336162410257,4.596251836004467,726.1111111111111,0.3677696078431373,0.11805555555555555
6,88,0,33.141022235,35.602301605,25/06/2025,39,0.7172943279647002,0.003181068059094354,0.7270772279252478,0.9600988445666945,0.5617742159400952,1.4353074058019706,720.1111111111111,0.84375,0.4887152777777778
6,89,0,33.141244192,35.602314183,25/06/2025,39,0.6948000548425567,0.00801899905746745,0.7102336116839703,0.9410606832513406,0.5337744293679101,3.552694271103767,770.2222222222222,0.4458333333333333,0.15104166666666669
6,90,0,33.141433223,35.602326745,25/06/2025,39,0.3709023647063706,0.04898477232530415,0.49592551824606634,0.7349952638236669,0.28942799495729293,3.87313712882641,1339.5555555555557,0.39852609962904084,0.12586805555555558
6,91,0,33.14145075,35.601956577,25/06/2025,39,0.3998119821769859,0.05600549254955804,0.5131170148716077,0.7513479256159448,0.3012422277122653,3.7438639768707342,1298.3333333333333,0.40625,0.15538194444444445
6,92,0,33.141242393,35.601946688,25/06/2025,39,0.6808484384271677,0.00875117681908007,0.7010042040699976,0.9259669357623532,0.5277433712630446,4.001426440498355,794.3333333333334,0.3790441176470588,0.1449652777777778
6,93,0,33.14103524,35.601935268,25/06/2025,39,0.7167813928415188,0.004294520023514043,0.7278773592985338,0.954804056789757,0.5733917367320036,3.428232428373827,741.5555555555555,0.5375000000000001,0.14409722222222224
6,94,0,33.140825837,35.601921853,25/06/2025,39,0.7288101366988641,0.004621009248853304,0.7329547763728557,0.9825171075136314,0.571706757098939,3.9369196094054475,726.3333333333334,0.4249735029146794,0.13802083333333334
6,95,0,33.140610482,35.601909215,25/06/2025,39,0.7326597304772523,0.0028834969342466823,0.7344701813145368,0.9923517395228318,0.577185965926544,4.230519407630638,713.4444444444445,0.3311274509803922,0.12586805555555558
6,96,1,33.140401507,35.601895982,25/06/2025,39,0.7441554169835474,0.006378956000510435,0.7424597184253645,1.0079020473042721,0.580958677967377,4.109289710683921,706.2222222222222,0.49742647058823525,0.1640625
6,97,0,33.14020589,35.601884077,25/06/2025,39,0.7335297066270605,0.008896052095685097,0.7368302639570676,0.9863722428533342,0.5719571183480792,4.336038815261277,725.2222222222222,0.3548548265460029,0.11805555555555555
6,98,0,33.14000206,35.601872723,25/06/2025,39,0.7454696187305034,0.0059951903875664955,0.7475564905348858,0.9910348306149575,0.5909092683186,4.389200983250171,698.0,0.3585312971342383,0.11892361111111112
6,99,0,33.139791972,35.601860572,25/06/2025,39,0.7251168679768243,0.0065326718806689174,0.7334659922637613,0.9653541915273252,0.5698973280358679,3.7930931071650207,738.4444444444445,0.4620098039215686,0.1519097222222222
6,100,0,33.139583615,35.601845982,25/06/2025,39,0.7343200161924703,0.004019447221134974,0.7430835227866,0.9624649910276902,0.5801859624371741,4.034886917514738,708.5555555555555,0.42115384615384616,0.1371527777777778
6,101,0,33.139379935,35.601834952,25/06/2025,39,0.7384829314382964,0.0032766734828705104,0.7424293097372893,0.9828399858203828,0.5908497864197494,1.4541978025686977,709.8888888888889,0.8541666666666666,0.532986111111111
6,102,0,33.13918549,35.601823747,25/06/2025,39,0.7475622822152329,0.003366663787630155,0.7474302963175801,1.0006581916092352,0.5899500676356271,3.8674924611847543,690.5555555555555,0.3958333333333333,0.16319444444444442
6,103,0,33.138985528,35.601811522,25/06/2025,39,0.7462855830489121,0.0068911497332411024,0.74094334327467,1.0246374486190457,0.5871426079691253,3.291396601491325,695.8888888888889,0.5359822775263952,0.23177083333333337
6,104,0,33.138775373,35.601799308,25/06/2025,39,0.7263711314126637,0.005148999854008868,0.7293091405160541,0.9876214116192207,0.5667587015427986,3.4816122558164206,708.3333333333334,0.4791666666666667,0.15104166666666669
6,105,0,33.138647572,35.60179156,25/06/2025,39,0.5900803773089817,0.052625176547724056,0.6360777934658032,0.8662551099544238,0.46296696833281625,4.596251836004467,850.6666666666666,0.19441655393604693,0.11805555555555555
6,106,0,33.138667807,35.601407053,25/06/2025,39,0.6391777495593058,0.03961451845208514,0.663943536462285,0.920960462739656,0.49064089507974606,4.596251836004467,810.3333333333334,0.18257765684236268,0.11805555555555555
6,107,0,33.13886883,35.601419228,25/06/2025,39,0.7439762697930127,0.004447872335795366,0.7381771094549041,1.0261738149094297,0.581781246940201,3.152170691632976,699.4444444444445,0.47916666666666674,0.22395833333333334
6,108,0,33.139074902,35.601434497,25/06/2025,39,0.7550522327371666,0.0040644337422111165,0.7524008376665683,1.0125595651423782,0.5954216954661755,3.9783851502640752,679.2222222222222,0.45416666666666666,0.11892361111111112
6,109,0,33.139263995,35.601447725,25/06/2025,39,0.749730468597101,0.004501429888393563,0.7500601088402814,0.9990126523026819,0.5828661505320887,4.338456377350588,681.4444444444445,0.4128676470588235,0.13541666666666669
6,110,0,33.139466282,35.601456147,25/06/2025,39,0.7413457620055934,0.007595039694882816,0.7395952061581892,1.0081659755400922,0.5855474111720453,4.40310716836281,704.8888888888889,0.2998774509803921,0.11805555555555557
6,111,0,33.139682903,35.601474367,25/06/2025,39,0.750288892993113,0.002324024900228692,0.7478638595735385,1.011081343854844,0.5814476033844761,2.078838679766182,687.1111111111111,0.7708333333333333,0.359375
6,112,0,33.139896577,35.601488797,25/06/2025,39,0.7347984827049893,0.003701698417284019,0.7374931867442471,0.9882168049903345,0.5898061772764069,3.559179028472175,712.1111111111111,0.51875,0.16579861111111113
6,113,0,33.140105433,35.60150685,25/06/2025,39,0.7423503586137916,0.002015492195793781,0.7418659548603386,1.0023148559898185,0.5779248035206236,4.5587462305923765,702.3333333333334,0.3931372549019608,0.13020833333333334
6,114,0,33.140302,35.601519018,25/06/2025,39,0.6485129980654034,0.021726089384332493,0.6766372810903079,0.9059930832209376,0.5136388802959382,4.846251836004468,830.7777777777778,0.16982257144021842,0.1076388888888889
6,115,0,33.140519643,35.6015303,25/06/2025,39,0.7382983894360511,0.004569066093476039,0.7357260062685771,1.011425479257482,0.584658728501212,3.4639429019696593,719.8888888888889,0.55625,0.17274305555555558
6,116,0,33.140717898,35.601546062,25/06/2025,39,0.7460609434460661,0.007325872626271277,0.7427923787901096,1.0156806588932747,0.5858095033027602,3.3304031200068045,703.3333333333334,0.48750000000000004,0.17708333333333331
6,117,0,33.140930147,35.601562102,25/06/2025,39,0.7312012228162968,0.004269160956929517,0.7331904084908871,0.9917236020447839,0.5822200517878023,2.438202089984486,732.0,0.6645833333333333,0.2534722222222222
6,118,0,33.141096252,35.60156632,25/06/2025,39,0.7180421630885119,0.0019073940174673327,0.7290587118523743,0.954854348532883,0.5711295253300962,3.8551121157836827,731.7777777777778,0.4229166666666667,0.140625
6,119,0,33.141307538,35.601582055,25/06/2025,39,0.6820018761094677,0.01470006497935188,0.7005932676905889,0.9324610691797167,0.5337504316490604,3.886434896284056,803.5555555555555,0.3690911499735029,0.13975694444444445
6,120,0,33.141473253,35.601592685,25/06/2025,39,0.3362312734295563,0.04617769183341367,0.469546813120108,0.7274434774989657,0.26544603986200066,3.913932045910443,1417.2222222222222,0.40367647058823525,0.1484375
6,121,0,33.141476053,35.601205358,25/06/2025,39,0.44612769711718525,0.07315878546967527,0.541033851627396,0.7787208547787947,0.3392105949666287,4.577572732832804,1185.3333333333333,0.2542288838612368,0.11111111111111112
6,122,0,33.141265283,35.601192873,25/06/2025,39,0.720982563456849,0.008697370706955615,0.7299402055966581,0.9633304816926436,0.5644056324173617,3.431796565388193,735.3333333333334,0.5041666666666667,0.1623263888888889
6,123,0,33.141060453,35.601175985,25/06/2025,39,0.7384536370553281,0.004130532536036928,0.7474379279966986,0.9610575462056499,0.5913368181470695,3.1380647036667964,692.1111111111111,0.61875,0.21180555555555555
6,124,0,33.140853317,35.601165188,25/06/2025,39,0.7527905518360171,0.005758315968017338,0.7490006905729644,1.017835996466612,0.592455131418697,3.97897703427341,688.1111111111111,0.3617684766214178,0.13975694444444445
6,125,0,33.140644383,35.601151265,25/06/2025,39,0.7622411899450312,0.0029683120085630356,0.7570870439618018,1.024851195202172,0.6028650771656058,3.0053241698252937,678.0,0.49583333333333335,0.21527777777777776
6,126,0,33.140442832,35.601149153,25/06/2025,39,0.7489450360006987,0.006519514284757742,0.7513866836335862,0.9893391098414974,0.5952440504036524,4.186919609405448,691.4444444444445,0.3084087481146305,0.11892361111111112
6,127,0,33.140229845,35.601136568,25/06/2025,39,0.7400121142482061,0.004492828022764543,0.7418893511371645,0.9920600428526719,0.5916900796082437,3.873066868441476,708.5555555555555,0.5458333333333333,0.140625
6,128,0,33.140024335,35.601123753,25/06/2025,39,0.7474568052868685,0.0034225435941831993,0.7466254249938387,1.004017685545669,0.5920412090561665,3.8228032539232313,695.1111111111111,0.44191176470588234,0.1762152777777778
6,129,0,33.139818435,35.601111035,25/06/2025,39,0.7438725990233576,0.0065136273426491705,0.7478503930113488,0.982930312490731,0.5917847493502534,3.463657503158627,706.8888888888889,0.4566176470588235,0.1440972222222222
6,130,0,33.139614337,35.601098623,25/06/2025,39,0.7518878115708977,0.006006216064835145,0.749347448299189,1.0123162123900373,0.5857761250935192,4.544372148594611,705.2222222222222,0.2761368778280543,0.1267361111111111
6,131,0,33.139420042,35.601088313,25/06/2025,39,0.7367244849429727,0.0066694746886716925,0.7439947478729778,0.968490024920833,0.5816559691274337,4.818494793599889,712.0,0.2523019342872284,0.11197916666666669
6,132,0,33.139215988,35.601075682,25/06/2025,39,0.7257229138773089,0.004860103258173508,0.7363726864796096,0.9557212338460513,0.5763919215375741,3.711914003993359,716.5555555555555,0.4123509538950715,0.1527777777777778
6,133,0,33.139019293,35.601063452,25/06/2025,39,0.7502754210514256,0.001152679604666379,0.7452085504386846,1.0233129115371655,0.5886220138663649,3.152170691632976,698.7777777777778,0.48124999999999996,0.22395833333333331
6,134,0,33.138819787,35.601052053,25/06/2025,39,0.7518197684637536,0.0039781016793489,0.7388783356373165,1.0601859235283542,0.5762541907719672,3.1969370375783313,712.3333333333334,0.6128676470588235,0.21875
6,135,0,33.138685703,35.601043738,25/06/2025,39,0.625345338647656,0.06414897065436971,0.6558379661773328,0.913833340333472,0.48805376180507465,4.2943721485946105,850.5555555555555,0.18901339005027723,0.1371527777777778
6,136,0,33.138696937,35.600672637,25/06/2025,39,0.5910507606694344,0.04719337602377739,0.6343230428570883,0.873052043529025,0.4525443360646674,4.3598981283389175,897.6666666666666,0.23037554522848633,0.11805555555555555
6,137,0,33.13891635,35.60068634,25/06/2025,39,0.7151442378531312,0.006754045952950151,0.7245627272436332,0.9619909653861686,0.5650192817617694,3.7139429019696593,750.7777777777778,0.48769796380090497,0.1623263888888889
6,138,0,33.139121617,35.600699377,25/06/2025,39,0.7206806166684071,0.006031279911619077,0.7314036150454838,0.9561732256944491,0.5743547820088869,3.9549868557726664,726.4444444444445,0.325,0.1527777777777778
6,139,0,33.1393337,35.600712562,25/06/2025,39,0.7242416022642088,0.008001678451676592,0.7361905255073281,0.9507036142739074,0.5733329473088553,2.7917624330844424,722.7777777777778,0.6229166666666667,0.21788194444444448
6,140,0,33.139534923,35.600723458,25/06/2025,39,0.726443344720205,0.0016638067159869426,0.7335460195465374,0.9700618578211634,0.5737308112835979,3.7848387240131975,733.1111111111111,0.475,0.15885416666666669
6,141,0,33.139738737,35.600736808,25/06/2025,39,0.7398006461254842,0.0054435423049501675,0.7408145920806406,0.9961463452626439,0.5855746838285715,4.246393629661144,714.3333333333334,0.4328431372549021,0.12239583333333333
6,142,0,33.139948875,35.600750173,25/06/2025,39,0.7357098860347178,0.004300258306713356,0.7436106719260718,0.9663882077350644,0.5883128457305565,3.579172272078755,717.4444444444445,0.4875,0.18055555555555558
6,143,1,33.140144637,35.600762023,25/06/2025,39,0.7319417138965263,0.002475386990404593,0.7391142907519793,0.9692862708303177,0.5834708362494416,3.935436003018371,718.6666666666666,0.5041666666666667,0.15625
6,144,0,33.140341158,35.600774185,25/06/2025,39,0.6708968201251326,0.01281726680239204,0.6937722711898535,0.9180496424236841,0.5337947879353424,4.071806172155226,822.4444444444445,0.20254326158737923,0.1449652777777778
6,145,1,33.140545973,35.600785708,25/06/2025,39,0.7477403803625831,0.00515275983517239,0.7465229472403127,1.005790309893293,0.5882356963370738,3.6071575474056434,706.6666666666666,0.33125000000000004,0.16493055555555558
6,146,0,33.140749102,35.600797853,25/06/2025,39,0.7340580744434635,0.00862127670474866,0.7364387454197201,0.9901209752151594,0.5830843896921889,3.291396601491325,710.3333333333334,0.5510280869104398,0.23177083333333331
6,147,0,33.140955428,35.600813163,25/06/2025,39,0.7168047442688316,0.005286387224621021,0.7303216493580258,0.9449201632430763,0.57590036539537,2.729182000302357,727.7777777777778,0.5979166666666667,0.2578125
6,148,0,33.141156333,35.600825512,25/06/2025,39,0.7162077099067908,0.007621405631840269,0.7312710057403423,0.9392935328353611,0.5723097678853268,5.0901998765158565,734.5555555555555,0.16166391504626798,0.10416666666666669
6,149,0,33.141373655,35.600838453,25/06/2025,39,0.660500553244748,0.023376840634330334,0.6860877690067899,0.912831341075675,0.5001112889653037,4.129715752170299,831.4444444444445,0.3856146304675716,0.14149305555555558
6,150,0,33.141495348,35.600846943,25/06/2025,39,0.39682649131032854,0.06155496377916156,0.5089168746175972,0.755038504540107,0.29617569681324496,4.575418502671132,1353.6666666666667,0.40821078431372554,0.11892361111111113
6,151,0,33.141495,35.600518333,25/06/2025,39,0.3776402793291215,0.05841782881706739,0.4993759971089902,0.7416936321462426,0.27670260237418254,4.477974419267671,1363.0,0.2666628959276018,0.11458333333333334
6,152,0,33.141263333,35.600531667,25/06/2025,39,0.6873517091807129,0.009743261718347319,0.7064860746600573,0.9288034184010245,0.5391080247892845,4.19323146167225,811.1111111111111,0.278723604826546,0.1371527777777778
6,153,0,33.141045,35.600531667,25/06/2025,39,0.7123571515557333,0.00833349792428459,0.7276114432793163,0.9394183647845282,0.5616872189325944,4.412912897259044,747.4444444444445,0.4168646304675716,0.15538194444444445
6,154,0,33.140848333,35.6005,25/06/2025,39,0.7020198524935485,0.004850627157785668,0.7164663686242356,0.9435260553698449,0.5620915800730981,4.159037234815498,771.2222222222222,0.2390082956259427,0.15104166666666666
6,155,0,33.140648333,35.600471667,25/06/2025,39,0.720908131035868,0.005629959897877778,0.7290702143318846,0.966779959422348,0.5743732649295687,4.558746230592377,746.5555555555555,0.376800527903469,0.13020833333333334
6,156,1,33.140461667,35.600471667,25/06/2025,39,0.6988347231558293,0.013924960461346947,0.7205272798896999,0.9174506399273084,0.5683401657835867,3.9860332098491886,764.7777777777778,0.4479166666666667,0.1467013888888889
6,157,0,33.140243333,35.600458333,25/06/2025,39,0.7056022593810755,0.006806280467775536,0.7208972947663539,0.9398837793520942,0.5637640474421166,4.2229250747848,772.1111111111111,0.41397058823529415,0.13628472222222224
6,158,0,33.140033333,35.600441667,25/06/2025,39,0.7115549908432295,0.006324667071340316,0.7273345870550174,0.9369755923108358,0.5749935025695486,3.3365804116807865,768.0,0.5416666666666667,0.15625
6,159,0,33.139836667,35.600428333,25/06/2025,39,0.7152499697406273,0.006183650072771002,0.7262031409410599,0.9555341718064896,0.5781432416835754,3.2124521612634203,762.7777777777778,0.5979166666666667,0.1875
6,160,0,33.139625,35.600426667,25/06/2025,39,0.7098004985407522,0.0072739089090272865,0.7264477304890062,0.9340548493796752,0.5661216302523252,3.1714616516090812,765.7777777777778,0.41250000000000003,0.18489583333333334
6,161,0,33.13943,35.60041,25/06/2025,39,0.7023303551127353,0.006107393138867418,0.7226688963838777,0.9210225982594158,0.5532202885418753,4.188926440498355,759.3333333333334,0.45870098039215684,0.14583333333333334
6,162,0,33.139238333,35.600401667,25/06/2025,39,0.7006717146824594,0.0023125801825177716,0.7197411143955539,0.9259687291357692,0.5559482486890545,3.1277559145689637,768.8888888888889,0.575,0.17361111111111113
6,163,0,33.139026667,35.60037,25/06/2025,39,0.7050836035552308,0.009850451417574796,0.7194216460042521,0.944128513184813,0.5564857158273201,3.494893489628405,783.5555555555555,0.5875,0.1814236111111111
6,164,1,33.138808333,35.600365,25/06/2025,39,0.6949069869967904,0.0108746560438572,0.7118993172342907,0.9350791005605371,0.5434346300997105,4.637918502671133,791.6666666666666,0.2567878908320085,0.11458333333333334
6,165,0,33.138731667,35.600373333,25/06/2025,39,0.6203477882324338,0.042490215208891104,0.6545147240517962,0.8940730634119733,0.4722397773881622,5.292481250360577,901.3333333333334,0.07928348956317063,0.10416666666666669
6,166,0,33.13873998884879,35.60004385714451,25/06/2025,39,0.4142637114470733,0.036858382634410373,0.5125557695026894,0.7786314524632446,0.32145387611204673,3.803127068983564,794.6666666666666,0.3021003714692918,0.1623263888888889
6,167,0,33.13900409577885,35.60006273212911,25/06/2025,39,0.5498635141660032,0.045739812826503544,0.6153515971500569,0.8215178444001784,0.42551864003853107,4.6985276044371,1009.8888888888889,0.18896442256736373,0.11892361111111112
6,168,0,33.13922356945667,35.60007698444571,25/06/2025,39,0.5375023962601236,0.043136397094602964,0.6182394628183157,0.7845487944979669,0.4170331972881013,4.246653522439334,1006.4444444444445,0.25044306184012066,0.1388888888888889
6,169,0,33.13941330636254,35.60008225836661,25/06/2025,39,0.5481434677555583,0.051931901702469654,0.6184969599766128,0.8085506245928789,0.4230139553635403,4.4193721485946105,1026.4444444444443,0.2455435369979846,0.12847222222222224
6,170,1,33.13962532476266,35.600100899878065,25/06/2025,39,0.5308400339332113,0.05506875447490046,0.6087219796507617,0.7946405256602529,0.4106772247122986,4.596251836004467,1033.6666666666667,0.21230381965676082,0.11805555555555555
6,171,0,33.13985226772052,35.600106340853756,25/06/2025,39,0.5144476785830828,0.06655790785885086,0.5985690654232008,0.7876850091556219,0.40126876120210553,4.596251836004466,1072.111111111111,0.17420854871536365,0.11805555555555557
6,172,0,33.140034535297254,35.60012042646064,25/06/2025,39,0.4958652971145374,0.06034170545464695,0.5883046414451953,0.7699521490009831,0.3896176285784689,4.346251836004466,1095.3333333333333,0.18899876686641395,0.12847222222222224
6,173,0,33.14023916864876,35.60012134484122,25/06/2025,39,0.47451239786055066,0.07827677256044382,0.5689065909321877,0.7755678315747893,0.37413848431921953,4.3019664814404495,1090.2222222222222,0.18393333944804535,0.13368055555555558
6,174,0,33.14045120106142,35.60013556413844,25/06/2025,39,0.5240883871165792,0.05522643303156252,0.6065054833138576,0.7852941271453786,0.4203927209060745,5.0901998765158565,992.1111111111111,0.1337874488824991,0.10416666666666669
6,175,0,33.140595,35.600145,25/06/2025,39,0.5413206731814149,0.06586551657462457,0.6234941631846771,0.7822775588789713,0.4249272098603058,3.4718226336265308,1011.6666666666666,0.26874668786433487,0.19444444444444445
6,176,0,33.140833333,35.60017,25/06/2025,39,0.5140108424786383,0.06537751973290908,0.6074319533708584,0.7634497012803035,0.4018517219962215,4.389460876028361,1037.111111111111,0.1392529860176919,0.12847222222222224
6,177,0,33.141023333,35.600176667,25/06/2025,39,0.46984925765713115,0.06862217162775143,0.5753253177723446,0.7482765583089888,0.3768703301774511,4.854981250360577,1096.6666666666667,0.2291668866839984,0.11892361111111113
6,178,0,33.141205,35.600185,25/06/2025,39,0.44611891029044975,0.06819734112600015,0.5599963664351614,0.7387634943505614,0.34710191182932826,5.292481250360577,1140.5555555555557,0.13664673543977704,0.10416666666666669
6,179,0,33.141415,35.600195,25/06/2025,39,0.40028933175972903,0.05501730150338943,0.5186850495768509,0.7396944485081263,0.30357848214881655,4.67568744001086,1218.5555555555557,0.22907418164771104,0.1154513888888889
6,180,0,33.141525,35.600213333,25/06/2025,39,0.3458863096862969,0.03686655175079689,0.4798417387745244,0.7235713422579426,0.2636624843666256,4.034159127851422,899.3333333333334,0.2814975603171498,0.14583333333333337
7,1,0,33.141286912,35.604064998,29/06/2025,35,0.33542663390223076,0.05331907267385133,0.4598767290599906,0.7436529887036817,0.2560427386131147,4.663320189106001,898.3333333333334,0.16449379150746107,0.125
7,2,1,33.141094482,35.604051333,29/06/2025,35,0.5203863320051135,0.0570443731538578,0.5873564363742808,0.8291563135301971,0.3944662850890162,4.246653522439334,769.3333333333334,0.16430272604878837,0.1388888888888889
7,3,0,33.141096643,35.60405209,29/06/2025,35,0.5202681689206056,0.05603637361840808,0.5871270277457348,0.8285046865274946,0.39492029013414215,4.4193721485946105,766.8888888888889,0.18422932127344327,0.12847222222222224
7,4,1,33.14089048,35.604042392,29/06/2025,35,0.5107234071840213,0.060860005532798064,0.577467076305859,0.8329197269141279,0.38563696370803613,3.9166315676613372,780.1111111111111,0.20132193381627783,0.15798611111111113
7,5,1,33.140682515,35.604029097,29/06/2025,35,0.535565123884347,0.08438829503214029,0.6088244610404542,0.8106315215848778,0.4309590305778769,4.596251836004467,1130.4444444444443,0.15686763142872778,0.11805555555555555
7,6,1,33.140475232,35.60401586,29/06/2025,35,0.5165316725186337,0.09218716833856128,0.5885376090064905,0.8183253116915208,0.41592279128888077,5.292481250360577,1180.7777777777778,0.09142743584620854,0.10416666666666669
7,7,1,33.14025896,35.604004345,29/06/2025,35,0.47661158013876803,0.08694450288587326,0.5644797038738454,0.7892613316059882,0.38104806027065535,5.0485332098491895,1248.5555555555557,0.12720028457110646,0.1076388888888889
7,8,1,33.14006053,35.603991823,29/06/2025,35,0.4478083076809863,0.08304819231294625,0.544561197100959,0.778700396219149,0.35274304892218156,5.292481250360577,1287.7777777777778,0.09316130912956774,0.10416666666666669
7,9,1,33.139857173,35.603978323,29/06/2025,35,0.4682830433789749,0.0943813858578876,0.5545439091544863,0.7984289494745486,0.36284714420325015,4.846251836004468,1213.7777777777778,0.08488670838101207,0.1076388888888889
7,10,1,33.139658807,35.60396682,29/06/2025,35,0.549393075497617,0.07892497024675864,0.6081496847592881,0.8456837168708328,0.42088410074612614,4.881866543182522,1031.2222222222222,0.08719966357138235,0.11111111111111113
7,11,1,33.139454662,35.603955217,29/06/2025,35,0.5504011186324207,0.0887197738617982,0.6079357370741723,0.8479814086697804,0.430494855628722,4.840199876515856,1027.111111111111,0.10025652442321012,0.11458333333333334
7,12,1,33.13925451,35.603942585,29/06/2025,35,0.5416282667318385,0.09480983057087816,0.6062207696998594,0.8332971060605919,0.4169271728321307,4.389460876028362,1029.5555555555557,0.11376959774098315,0.12847222222222224
7,13,1,33.139058995,35.603930637,29/06/2025,35,0.5192705105288149,0.09106216977576437,0.597544558310757,0.8019773514509404,0.42300995529618673,5.084147917027244,1044.888888888889,0.10794442823115022,0.11111111111111113
7,14,1,33.138798595,35.603917333,29/06/2025,35,0.48154979477290905,0.09383725235119636,0.5653603723990916,0.7998658148177336,0.37863806290255386,5.292481250360577,1093.6666666666667,0.053218453541868806,0.10416666666666669
7,15,1,33.13859478,35.60390661,29/06/2025,35,0.4818595177954195,0.08179123511188105,0.5686804488625384,0.7896522569924721,0.3783358012742087,5.292481250360577,1086.111111111111,0.05339927712750821,0.10416666666666669
7,16,0,33.138559323,35.603902088,29/06/2025,35,0.4653685429586038,0.07544384038085457,0.5553992173889603,0.7869327143461892,0.36567231329349653,4.663320189106001,745.8888888888889,0.10652643192191422,0.125
7,17,0,33.138557745,35.603610512,29/06/2025,35,0.5844666363374095,0.05635124725709503,0.6158965456450562,0.9125137495964067,0.4388736771588433,4.663320189106001,731.7777777777778,0.12383345985160839,0.125
7,18,0,33.138752198,35.603623265,29/06/2025,35,0.764676997264347,0.007705755976250698,0.7439902346924618,1.1019896578706472,0.5881336116344165,3.876964597768415,801.7777777777778,0.3837009803921569,0.1762152777777778
7,19,0,33.138953912,35.603635937,29/06/2025,35,0.7522733676308303,0.017684698854830577,0.7395978475311403,1.0610953559910044,0.5868205320558234,4.549815690428227,800.2222222222222,0.19533513344488956,0.11545138888888891
7,20,0,33.139149112,35.603646213,29/06/2025,35,0.7905257813764079,0.006083079235455734,0.7626362451171118,1.152116248740355,0.6117536109477415,3.4040395229836156,761.3333333333334,0.4895833333333333,0.19618055555555555
7,21,0,33.139345078,35.603659013,29/06/2025,35,0.7743840189513301,0.01670632994998359,0.7537705811013623,1.1075360841854982,0.5970108079669552,4.596251836004467,779.0,0.29105392156862747,0.11805555555555555
7,22,0,33.13955126,35.603671062,29/06/2025,35,0.7765071359666114,0.012704854535694081,0.7501458001964286,1.136791155122471,0.6034960488614134,4.834147917027244,787.7777777777778,0.3452205882352941,0.13368055555555555
7,23,0,33.139754877,35.603683665,29/06/2025,35,0.778973170652647,0.0106348189848952,0.7527187883699749,1.1370650835520644,0.6089793334654707,4.603846168850305,784.2222222222222,0.3118872549019608,0.11458333333333334
7,24,1,33.139954508,35.603691305,29/06/2025,35,0.763998696762518,0.012845315812928346,0.7451474424797352,1.0941300336394784,0.586073873936796,4.352303795493078,803.4444444444445,0.27495286576168926,0.12152777777777778
7,25,0,33.140151657,35.603703738,29/06/2025,35,0.7328519246105838,0.01609932310279949,0.7269957369704225,1.0272407825547156,0.5597564381443341,4.4673541066775275,846.5555555555555,0.34727742448330684,0.12239583333333333
7,26,0,33.140346113,35.603719147,29/06/2025,35,0.7173364640244417,0.02517396522649373,0.7203916859806053,0.9918243094415872,0.5655625210870266,4.846251836004467,856.5555555555555,0.2002794932941992,0.1076388888888889
7,27,0,33.140550507,35.603734958,29/06/2025,35,0.7084906999252086,0.01346517459613586,0.7161630167021732,0.9704494929000889,0.5625652923794422,2.5494198919960533,863.1111111111111,0.6354166666666666,0.2482638888888889
7,28,1,33.140758675,35.603746657,29/06/2025,35,0.7859286955278493,0.007452775524491911,0.7551226797219338,1.1648113170836008,0.6057209878967157,4.18643861802411,784.3333333333334,0.35480381965676083,0.12239583333333334
7,29,1,33.140959098,35.603758632,29/06/2025,35,0.7799170479123577,0.012047442716348711,0.7531701324603307,1.1395510241268143,0.5907627157395302,4.544372148594611,793.4444444444445,0.2462386877828054,0.12673611111111113
7,30,1,33.141164995,35.603769328,29/06/2025,35,0.7504744636052652,0.01155093133929951,0.7329790738761146,1.0818380382875663,0.5746411858911937,4.473406066166137,821.1111111111111,0.3198529411764706,0.1154513888888889
7,31,1,33.141355642,35.603779397,29/06/2025,35,0.40043102950311166,0.079922768835925,0.507433193468288,0.7650649458764156,0.3118591459423128,4.5443721485946105,1273.6666666666667,0.1676201695091117,0.1267361111111111
7,32,0,33.141362582,35.603782643,29/06/2025,35,0.40043102950311166,0.079922768835925,0.507433193468288,0.7650649458764156,0.3118591459423128,4.5443721485946105,1273.6666666666667,0.1676201695091117,0.1267361111111111
7,33,0,33.14136001,35.603453605,29/06/2025,35,0.4170493691818707,0.08587516202565003,0.5233534215671656,0.7647343845903645,0.29485192357773515,5.0485332098491895,1349.7777777777778,0.17786380079251168,0.1076388888888889
7,34,0,33.141170608,35.60342983,29/06/2025,35,0.7638354333080568,0.01034115030438906,0.7476127275070861,1.0790138592496348,0.5895134367168586,4.846251836004468,804.0,0.23298494388881763,0.1076388888888889
7,35,0,33.140905295,35.603415228,29/06/2025,35,0.8037727073235397,0.005485994166125233,0.7738105505793011,1.1725867214529906,0.6237556788594669,4.292829775237383,746.7777777777778,0.33979072398190047,0.12673611111111113
7,36,0,33.140694023,35.603406603,29/06/2025,35,0.7803277632832815,0.019291253189018018,0.7553706955968774,1.1346555388465793,0.6141345972976134,4.221251836004466,789.8888888888889,0.25396493212669685,0.12847222222222224
7,37,0,33.14049937,35.603392937,29/06/2025,35,0.7910949083526626,0.0053024461289384855,0.7594765735313809,1.1728170981030606,0.6126067380844628,5.0485332098491895,770.0,0.23322021116138764,0.1076388888888889
7,38,0,33.140300863,35.603382275,29/06/2025,35,0.8055429481125798,0.004756811983304825,0.766960099044518,1.225143560077309,0.6157237252750662,4.387918502671132,754.0,0.22963724471077412,0.12500000000000003
7,39,0,33.140099232,35.603368717,29/06/2025,35,0.8104475134348902,0.00494990789703943,0.7711843904585577,1.2348987872641042,0.6219784672687497,3.5410862760721145,759.6666666666666,0.3905976621417797,0.16145833333333331
7,40,0,33.139902152,35.60335784,29/06/2025,35,0.8195043477355327,0.0068740080183970044,0.7715870577701682,1.3010741692641146,0.6120853445763449,3.7305931071650207,743.4444444444445,0.45205683624801274,0.14409722222222224
7,41,0,33.139703672,35.60334613,29/06/2025,35,0.8232117398568535,0.004959182294881083,0.7789095624916171,1.2825676256871943,0.6326338096431967,2.6425695521513313,737.0,0.6458333333333333,0.2300347222222222
7,42,0,33.139498387,35.603332867,29/06/2025,35,0.8122908429348744,0.004301938720145014,0.7749072685678888,1.2252546531348523,0.6241700982091893,3.6280996792786877,738.2222222222222,0.59375,0.19270833333333334
7,43,0,33.139295938,35.603322305,29/06/2025,35,0.813186682107211,0.007034629308784357,0.7775082822661079,1.216943374801855,0.6252334533915215,4.484289710683921,723.6666666666666,0.3885558069381599,0.12586805555555558
7,44,0,33.139101065,35.603310657,29/06/2025,35,0.8189402915408868,0.004639768407236722,0.7750841326042459,1.2736029556825188,0.6297667464887424,3.7335581526199157,738.4444444444445,0.38517768333944813,0.1484375
7,45,0,33.138908075,35.603298728,29/06/2025,35,0.806686034344369,0.004620933827255202,0.7699383239765876,1.2156804377225683,0.6320571362371734,4.519160094553,744.8888888888889,0.3021210407239819,0.11458333333333334
7,46,0,33.13866311,35.603275047,29/06/2025,35,0.7163833205855638,0.029107999220473236,0.7091325899674522,1.0350405386568646,0.5378453237956717,5.084147917027245,875.5555555555555,0.12005554180733875,0.11111111111111112
7,47,0,33.138581163,35.603280792,29/06/2025,35,0.5617889065869122,0.07110572727147832,0.6110563846753168,0.8675673687090341,0.4353360027964766,5.0485332098491895,1091.5555555555557,0.13177600727316918,0.1076388888888889
7,48,0,33.138597765,35.60290721,29/06/2025,35,0.5555776809824016,0.07968719444219262,0.6046749942969071,0.8711530707690107,0.42542033615676145,5.0901998765158565,1113.7777777777778,0.05959360258382701,0.10416666666666669
7,49,0,33.138834982,35.602923243,29/06/2025,35,0.7963834409788889,0.0029600175641197545,0.7609856697863572,1.1973870434864307,0.6135989889219521,4.307874481009744,773.6666666666666,0.3355486425339367,0.13020833333333334
7,50,0,33.139036682,35.602934995,29/06/2025,35,0.8095508566724631,0.010238830341054354,0.7698430615317028,1.2390618938534859,0.6217456956770122,4.300687440010861,742.2222222222222,0.3568594329623741,0.12239583333333334
7,51,0,33.139241355,35.6029517,29/06/2025,35,0.8194948406040897,0.005465573553786181,0.775918832395726,1.2731428159752831,0.6281360100336806,3.632417465697554,733.5555555555555,0.44987745098039217,0.1484375
7,52,0,33.139453945,35.602959962,29/06/2025,35,0.8222722738671421,0.0031911001885273865,0.7798662966388125,1.2685797371692449,0.634892714146488,2.68514304294886,729.0,0.65625,0.23524305555555558
7,53,0,33.139661677,35.602973688,29/06/2025,35,0.8212542514420338,0.003952281532001204,0.7783224792046384,1.2701577944273579,0.6363562524961934,4.4486750035058655,732.1111111111111,0.4011544066691125,0.12239583333333334
7,54,0,33.139872935,35.602986725,29/06/2025,35,0.8158423565310372,0.0025284535657041354,0.7728481235458876,1.2634674966557626,0.6212878397864077,3.9090372348154987,743.7777777777778,0.38259803921568625,0.16145833333333331
7,55,0,33.140085903,35.60299451,29/06/2025,35,0.810769957181942,0.005799925180583082,0.7707896057298027,1.2399366670618557,0.6111858841359368,2.9985478598228146,751.6666666666666,0.6270833333333332,0.17881944444444445
7,56,0,33.14028589,35.603002758,29/06/2025,35,0.7844076722405781,0.0165423128927284,0.7542213693368591,1.1644784898977418,0.6021349970304686,3.43167846521006,794.4444444444445,0.4520833333333333,0.15885416666666669
7,57,0,33.140491797,35.603008717,29/06/2025,35,0.8013971575530774,0.00805488564026837,0.7681004184163395,1.1915615592291364,0.6216673175041421,2.964986977229236,750.6666666666666,0.64375,0.2508680555555556
7,58,0,33.140701823,35.603020035,29/06/2025,35,0.8200412338542171,0.0028932476559798905,0.7777342727295268,1.2647839885746772,0.6343401189419468,3.50445242024266,739.5555555555555,0.5583333333333333,0.15625
7,59,0,33.1409083,35.603032117,29/06/2025,35,0.8178486073976392,0.00436600102856694,0.7729500276016226,1.27890853219514,0.6241949277692966,2.078838679766182,746.3333333333334,0.7708333333333334,0.35937500000000006
7,60,0,33.141111607,35.60304688,29/06/2025,35,0.7826712790543877,0.01568129975072302,0.7546701838987205,1.151537709123198,0.6036996094337707,4.429585169337799,792.7777777777778,0.2042420814479638,0.125
7,61,0,33.141313127,35.60306078,29/06/2025,35,0.6529952618451937,0.04542201407322466,0.6754125531485923,0.9267740396585149,0.48554043222432397,3.9367722103366827,993.5555555555555,0.2380611807206158,0.1362847222222222
7,62,0,33.14139051,35.603068565,29/06/2025,35,0.373639463033445,0.07195237549907382,0.4931923527970896,0.7454430948270327,0.2830571636548798,4.28806029632781,1539.0,0.37855769230769226,0.1189236111111111
7,63,0,33.141412005,35.602701403,29/06/2025,35,0.42267496881336775,0.08159206718558905,0.5125161340928825,0.7973533352326608,0.3331960728831974,4.81849479359989,1425.111111111111,0.2730636235783295,0.11197916666666669
7,64,0,33.141203282,35.602691407,29/06/2025,35,0.7645936247030217,0.011527363979947743,0.7411733395585063,1.115781386986069,0.5846193629811426,4.881866543182522,802.7777777777778,0.17066930618401205,0.11111111111111112
7,65,0,33.140982287,35.602679077,29/06/2025,35,0.7806063722251473,0.010597370747073318,0.7529914926663428,1.1463270200277735,0.5932140684637791,2.68514304294886,772.1111111111111,0.41874999999999996,0.23524305555555558
7,66,0,33.140769327,35.602664842,29/06/2025,35,0.7820071851848165,0.006126051468699341,0.7551118985077596,1.140858066493985,0.6036587507437324,4.4332817728566996,766.3333333333334,0.28929854062207006,0.12239583333333334
7,67,0,33.140495052,35.602649287,29/06/2025,35,0.7710103350504328,0.010115167184449037,0.7479463386762638,1.1172416022884701,0.5957965938707966,4.663320189106001,785.2222222222222,0.31569570135746605,0.125
7,68,0,33.140286277,35.602638978,29/06/2025,35,0.7218084704170439,0.020889866953490918,0.7213364522482656,1.0053020287566312,0.5585823456373914,4.094899095040494,850.5555555555555,0.3570593840446782,0.13368055555555555
7,69,0,33.140064585,35.602629978,29/06/2025,35,0.7686014788242667,0.0074595282833431805,0.7477285516722187,1.1041119371907622,0.5908598537714003,4.8045851693378,781.4444444444445,0.2786499735029147,0.11111111111111112
7,70,0,33.139848443,35.60261067,29/06/2025,35,0.7828304855307358,0.00775123203344911,0.7521121445273065,1.1627082492088565,0.5963142439521985,3.45842909975111,777.4444444444445,0.5291666666666667,0.1623263888888889
7,71,0,33.139635075,35.602597178,29/06/2025,35,0.7956343265415643,0.009130607397596892,0.7589459588322526,1.2060800542237056,0.6144237408660251,3.004676884764281,767.0,0.6041666666666667,0.20225694444444445
7,72,0,33.139425498,35.602584823,29/06/2025,35,0.7988348561963374,0.00381818451682609,0.7628422402090824,1.2030394577235823,0.6059238662346693,4.0693665431825226,751.8888888888889,0.33373868778280547,0.15364583333333334
7,73,0,33.139213838,35.602572743,29/06/2025,35,0.7969080633505722,0.009565420808124425,0.7583235516005122,1.2178108756356483,0.6061379275212634,4.456733794087382,751.6666666666666,0.34948330683624795,0.1267361111111111
7,74,0,33.139007128,35.602560708,29/06/2025,35,0.7821262968918152,0.006796625647032145,0.7489068432585522,1.1753594377172507,0.5985877526149563,4.602303795493078,772.7777777777778,0.28254759284171044,0.1111111111111111
7,75,0,33.138810023,35.602547602,29/06/2025,35,0.7944285374382134,0.005705789802739801,0.7520750320857361,1.2357174725143756,0.6088954753386798,3.6071575474056434,780.6666666666666,0.2848039215686275,0.16493055555555558
7,76,0,33.138615217,35.602534878,29/06/2025,35,0.6088774132380022,0.07152280877109653,0.6315672187839323,0.9393237416392402,0.46548742534261733,5.292481250360577,1022.3333333333334,0.051128918156336516,0.10416666666666669
7,77,0,33.138627787,35.602157915,29/06/2025,35,0.5508342230711336,0.060144701927160364,0.5959153914823436,0.8781132418416756,0.4132576843955615,4.8045851693378,1047.6666666666667,0.15723329664506136,0.11111111111111112
7,78,0,33.138887292,35.602182118,29/06/2025,35,0.7364518261431677,0.0035733600644659524,0.7222632248036684,1.0626251159452085,0.5658059326154985,3.50445242024266,789.0,0.5958333333333333,0.14756944444444445
7,79,0,33.139158382,35.602200713,29/06/2025,35,0.7453596242636392,0.00305912398581736,0.7285445689895346,1.0765128290442922,0.5704635886542219,2.959173423060087,779.3333333333334,0.43125,0.1840277777777778
7,80,0,33.139360385,35.602217213,29/06/2025,35,0.7566008940774273,0.005816160445430806,0.7380319650001874,1.088411550741522,0.579444515111412,2.162505605412089,779.0,0.6414215686274509,0.3090277777777778
7,81,0,33.139586797,35.602228003,29/06/2025,35,0.7265482606329843,0.008977760638930151,0.7220989444130811,1.019434150247745,0.5784528392523808,3.187721098603148,817.1111111111111,0.47104072398190044,0.24131944444444445
7,82,0,33.139810333,35.602237327,29/06/2025,35,0.7344021719014254,0.0026161887549921476,0.7288252697748716,1.0243528225260763,0.5749021108927194,4.6756874400108615,808.2222222222222,0.2858785822021116,0.1154513888888889
7,83,0,33.139996715,35.60226631,29/06/2025,35,0.7186966471556034,0.007731644108854462,0.7209117101816096,0.9917773964038569,0.5701508517416498,3.385003624917162,817.7777777777778,0.4979166666666667,0.1623263888888889
7,84,0,33.14019521,35.602263182,29/06/2025,35,0.7105432785156225,0.014501194228310938,0.7053721875523131,1.0221425072977894,0.5448700990210189,3.5999739455562083,854.1111111111111,0.36875,0.1449652777777778
7,85,0,33.140404598,35.602272378,29/06/2025,35,0.7479831049520949,0.0038988839051584817,0.7373877845505906,1.0486063533185819,0.5714473939174334,2.6009028854846648,766.1111111111111,0.6666666666666666,0.3272569444444444
7,86,0,33.140615925,35.602280335,29/06/2025,35,0.7384696866592947,0.00787449454413688,0.7270291291484772,1.0507789890115904,0.5762877180343694,4.218636587256564,793.6666666666666,0.3659431905970643,0.1267361111111111
7,87,0,33.140818843,35.602289105,29/06/2025,35,0.726001292115647,0.004782802079341375,0.7231610393351269,1.0123914040934605,0.5634752504587188,3.438663108570716,784.1111111111111,0.4290441176470588,0.1779513888888889
7,88,0,33.141022235,35.602301605,29/06/2025,35,0.7272985391320188,0.004986490640763298,0.7230947529658378,1.0184804843651765,0.5656277838749157,3.2596897960373585,778.1111111111111,0.59375,0.17361111111111113
7,89,0,33.141244192,35.602314183,29/06/2025,35,0.7061628088975392,0.011225229985661613,0.7044174312428289,1.0071092813310525,0.5305150919116,4.8045851693378,830.5555555555555,0.29008351677469324,0.11111111111111112
7,90,0,33.141433223,35.602326745,29/06/2025,35,0.35928442540678274,0.06655226960355591,0.4649145510631362,0.7770191015685095,0.27921073002396996,4.035034316583504,1507.3333333333333,0.431591149973503,0.1579861111111111
7,91,0,33.14145075,35.601956577,29/06/2025,35,0.38093135054908045,0.06015889807881486,0.49332221626084355,0.7579733836826451,0.29563640047665285,3.483118332095219,1408.111111111111,0.5165441176470589,0.17708333333333334
7,92,0,33.141242393,35.601946688,29/06/2025,35,0.6950990185526035,0.010105563177651858,0.7030725984702494,0.9696925404211747,0.539951317848129,3.9090372348154983,836.6666666666666,0.3345417532917533,0.16145833333333334
7,93,0,33.14103524,35.601935268,29/06/2025,35,0.7185719506332311,0.013686831214129615,0.7118416004731878,1.0288537970586533,0.5518358942405128,5.0485332098491895,800.0,0.18017970570526015,0.1076388888888889
7,94,0,33.140825837,35.601921853,29/06/2025,35,0.72305867151216,0.006549164221933828,0.7250840658897684,0.9920397497434144,0.5609772506572843,3.8552595148524484,775.0,0.48749999999999993,0.13368055555555555
7,95,0,33.140610482,35.601909215,29/06/2025,35,0.7361082110522614,0.005279750891681993,0.7267325725448681,1.0411232003061948,0.5734883321392518,4.4332817728566996,790.2222222222222,0.34848227752639527,0.12239583333333336
7,96,1,33.140401507,35.601895982,29/06/2025,35,0.7444699857193722,0.004673553639908363,0.7320479550767867,1.0562753145518196,0.575185440239803,3.9260947318578157,782.2222222222222,0.2219076392933411,0.1423611111111111
7,97,0,33.14020589,35.601884077,29/06/2025,35,0.7311616784758855,0.011223579954988286,0.7277067251153017,1.0157657018566693,0.5543981631711787,3.552841670172532,789.4444444444445,0.4397609147609147,0.14409722222222224
7,98,0,33.14000206,35.601872723,29/06/2025,35,0.7394226479831758,0.003616039246737503,0.7277947159244891,1.0518353218140004,0.5799791779758008,2.7196861957538743,797.5555555555555,0.63125,0.2543402777777777
7,99,0,33.139791972,35.601860572,29/06/2025,35,0.7279336000106926,0.005746148165402519,0.731588438762114,0.9847046890637279,0.5733206353823251,4.042628649429343,788.1111111111111,0.3661764705882352,0.1371527777777778
7,100,0,33.139583615,35.601845982,29/06/2025,35,0.736031547796703,0.004832264178545363,0.7304847138063472,1.0246525904902326,0.5750847546563533,3.7484225276374423,786.7777777777778,0.4186274509803921,0.19791666666666669
7,101,0,33.139379935,35.601834952,29/06/2025,35,0.7376335055477681,0.003914003376148901,0.7275058332743505,1.0449183885441335,0.5605983674944081,4.015358131643837,788.8888888888889,0.3506881598793363,0.1371527777777778
7,102,0,33.13918549,35.601823747,29/06/2025,35,0.7427788186547843,0.008273353392062246,0.731707417085821,1.050454624406722,0.557379256963804,4.159037234815499,766.6666666666666,0.35063715299009424,0.15104166666666669
7,103,0,33.138985528,35.601811522,29/06/2025,35,0.74141006089248,0.006097619695579049,0.7258734984119629,1.0699128896492234,0.5669077048636773,4.287912897259044,787.2222222222222,0.4566176470588236,0.15538194444444445
7,104,0,33.138775373,35.601799308,29/06/2025,35,0.7212624504720869,0.009668289650907286,0.7093710479807362,1.0503869682970242,0.5491936199409762,3.642226962994476,822.1111111111111,0.3995946455505279,0.17708333333333334
7,105,0,33.138647572,35.60179156,29/06/2025,35,0.5453303672576624,0.0611120677175277,0.5894091036884501,0.8814081006784573,0.4241272711378492,4.574546753088499,1072.4444444444443,0.14115491424517637,0.1154513888888889
7,106,0,33.138667807,35.601407053,29/06/2025,35,0.585481125963924,0.05446668691006589,0.6063526551581495,0.9404642450655489,0.4448865692332158,3.454172272078755,1042.3333333333333,0.23901212236608274,0.19791666666666669
7,107,0,33.13886883,35.601419228,29/06/2025,35,0.7336353566640792,0.0029307055891314117,0.72203502155162,1.0506373513313496,0.5632333575053742,4.067359712089615,791.6666666666666,0.37728129713423836,0.12152777777777779
7,108,0,33.139074902,35.601434497,29/06/2025,35,0.7530413136543102,0.0035117727788052133,0.7366607564020072,1.07646875091349,0.5909476194312501,3.439269005198109,763.8888888888889,0.45625,0.17274305555555558
7,109,0,33.139263995,35.601447725,29/06/2025,35,0.7511239390543185,0.006442922727038978,0.7302292920604461,1.0978607972462058,0.5687944290432028,4.300687440010861,777.7777777777778,0.40870098039215685,0.12239583333333334
7,110,0,33.139466282,35.601456147,29/06/2025,35,0.7364324575603458,0.0056447982040157465,0.7287790195964441,1.0340322704880858,0.5651253625155878,3.782399095040494,776.2222222222222,0.3719329623741388,0.1293402777777778
7,111,0,33.139682903,35.601474367,29/06/2025,35,0.7417892269683765,0.0048533421390349165,0.7316042246757364,1.0457686823993155,0.5724776013611602,4.230519407630638,780.4444444444445,0.39154411764705876,0.12586805555555555
7,112,0,33.139896577,35.601488797,29/06/2025,35,0.7333509409847017,0.006086067285569765,0.7204294186471043,1.0567103229768944,0.5584393730986249,3.5680875017529323,800.8888888888889,0.5052790346907994,0.18229166666666669
7,113,0,33.140105433,35.60150685,29/06/2025,35,0.7406751898388093,0.008976445495357487,0.7229101233985029,1.0801303744715725,0.5747881162130961,3.6071575474056434,795.2222222222222,0.372671568627451,0.16493055555555558
7,114,0,33.140302,35.601519018,29/06/2025,35,0.6368710780251511,0.021569328603762816,0.6674265908982862,0.9002175109164882,0.49951409722380685,3.842354106677527,913.6666666666666,0.4457107843137255,0.1293402777777778
7,115,0,33.140519643,35.6015303,29/06/2025,35,0.735224933726889,0.009864006817148063,0.7259649352028128,1.0419738635124456,0.5655410424800444,3.6008456951388417,785.0,0.4769607843137255,0.1623263888888889
7,116,0,33.140717898,35.601546062,29/06/2025,35,0.742974978187647,0.0038545053053136557,0.7378394681975929,1.0231682746530528,0.5776986825494879,4.213847135551883,759.7777777777778,0.44620098039215683,0.1371527777777778
7,117,0,33.140930147,35.601562102,29/06/2025,35,0.7305184059278467,0.008249213344562462,0.7259494746265358,1.0203848518423935,0.5730026492078093,4.410906066166138,782.7777777777778,0.18450954541341913,0.13020833333333334
7,118,0,33.141096252,35.60156632,29/06/2025,35,0.7213453206637062,0.0062640489845192755,0.72255878317631,0.9957705677900913,0.5633551004163709,3.43167846521006,784.1111111111111,0.5125000000000001,0.15885416666666669
7,119,0,33.141307538,35.601582055,29/06/2025,35,0.6888825806056229,0.013171105965242246,0.6983602058290332,0.9650670676321167,0.5278325032655974,3.644381193156148,855.3333333333334,0.42916666666666664,0.11892361111111112
7,120,0,33.141473253,35.601592685,29/06/2025,35,0.3257839670059235,0.05825302008763306,0.45258035554568704,0.7427881249275095,0.25844947977270416,3.4584290997511093,1543.3333333333333,0.49138386123680233,0.16232638888888887
7,121,0,33.141476053,35.601205358,29/06/2025,35,0.43718562175724895,0.0785589577232666,0.5388031787286026,0.7661025236344813,0.3383700570773056,4.596251836004466,1250.888888888889,0.22867040683217152,0.11805555555555555
7,122,0,33.141265283,35.601192873,29/06/2025,35,0.7213846298181963,0.0044771135440895855,0.7223153500668984,0.9962800648600313,0.5601538572118928,3.2913966014913245,808.0,0.49299075659369773,0.23177083333333331
7,123,0,33.141060453,35.601175985,29/06/2025,35,0.7425464448276363,0.00601575784071164,0.7347676829210882,1.0352287372073132,0.5704129937419993,3.5213880242490543,775.0,0.404642340304105,0.2048611111111111
7,124,0,33.140853317,35.601165188,29/06/2025,35,0.7436966062660046,0.006025743077329422,0.7312168178741909,1.056954577630369,0.57115616553568,3.0929050291925586,769.6666666666666,0.55,0.1597222222222222
7,125,0,33.140644383,35.601151265,29/06/2025,35,0.7572360265742165,0.003048812189323095,0.7435847145444386,1.064646985292256,0.5896693860119924,3.6183676499168373,761.6666666666666,0.371078431372549,0.171875
7,126,0,33.140442832,35.601149153,29/06/2025,35,0.7419153308148969,0.009824739152906357,0.7304262589070012,1.0525814066300734,0.5821546473510877,4.819366543182523,801.3333333333334,0.29606136113489057,0.1154513888888889
7,127,0,33.140229845,35.601136568,29/06/2025,35,0.7376609805378117,0.005595632017000956,0.7289752188341334,1.0383373092283843,0.577916521905631,3.9556140481496684,797.4444444444445,0.37777149321266973,0.13368055555555555
7,128,0,33.140024335,35.601123753,29/06/2025,35,0.741799291740405,0.004481513746900504,0.7300936668219583,1.052712551499857,0.5915060775481046,3.499218483597409,800.4444444444445,0.5625,0.1753472222222222
7,129,0,33.139818435,35.601111035,29/06/2025,35,0.7448955587944377,0.006503703843007873,0.7318161126067234,1.059722958905831,0.5739027866983982,4.681127542695028,788.7777777777778,0.29325980392156864,0.11458333333333334
7,130,0,33.139614337,35.601098623,29/06/2025,35,0.7394157886996893,0.009210165127230331,0.73391634946668,1.0251730543604867,0.5727868234665059,4.3245467530885,789.1111111111111,0.4253676470588235,0.12586805555555555
7,131,0,33.139420042,35.601088313,29/06/2025,35,0.7339652828253191,0.007283368094615456,0.7275600221243228,1.0285414164818805,0.573130656353148,3.3602923256896595,810.5555555555555,0.5750000000000001,0.15104166666666669
7,132,0,33.139215988,35.601075682,29/06/2025,35,0.7145672893374463,0.013959714688141276,0.7073033850751472,1.0311833988598829,0.5306213947756458,4.549815690428226,837.4444444444445,0.265841839245713,0.1154513888888889
7,133,0,33.139019293,35.601063452,29/06/2025,35,0.7395328452121838,0.0038087333860425112,0.7328695093855155,1.0296486756863787,0.5653796635399564,4.818494793599889,780.2222222222222,0.23094069748481516,0.11197916666666669
7,134,0,33.138819787,35.601052053,29/06/2025,35,0.7275677786380235,0.0033525125604666776,0.7160213310979298,1.0496480898544953,0.5557411302165602,3.2342897106839215,830.1111111111111,0.5458333333333334,0.1657986111111111
7,135,0,33.138685703,35.601043738,29/06/2025,35,0.5669226022957284,0.06814624571167195,0.6032316287600793,0.9010703166084897,0.4263462926162264,5.292481250360577,1064.111111111111,0.09055360356431982,0.10416666666666669
7,136,0,33.138696937,35.600672637,29/06/2025,35,0.5326854365878941,0.05940285816416661,0.5743354753059827,0.8904115823887297,0.4057353731041375,4.959147917027245,1157.3333333333333,0.13021655898807982,0.11111111111111112
7,137,0,33.13891635,35.60068634,29/06/2025,35,0.7082668041211944,0.009643266870496705,0.7039314959517818,1.0182327958593644,0.5398620484662209,1.6835024445205309,857.6666666666666,0.8125,0.4201388888888889
7,138,0,33.139121617,35.600699377,29/06/2025,35,0.7172844679249949,0.005491740495174249,0.7076222232765716,1.0404641514051993,0.5523696266926357,3.4376758291375356,848.6666666666666,0.45625000000000004,0.18663194444444448
7,139,0,33.1393337,35.600712562,29/06/2025,35,0.7153463507931493,0.005885603228830524,0.7158360552922878,0.9980862907638741,0.5646852053263473,4.6943665431825226,818.3333333333334,0.2666383861236802,0.1310763888888889
7,140,0,33.139534923,35.600723458,29/06/2025,35,0.7250922024528613,0.001634917774789972,0.7176424057005582,1.031680329638396,0.5681346362003089,3.7170205143649544,836.0,0.4645833333333333,0.1293402777777778
7,141,0,33.139738737,35.600736808,29/06/2025,35,0.7367067497024793,0.006107494728740561,0.7233925744286909,1.0589769931930708,0.5673799174618998,2.987924108083221,807.8888888888889,0.5729166666666667,0.21614583333333334
7,142,0,33.139948875,35.600750173,29/06/2025,35,0.7347155776172597,0.005220497895202501,0.7261450180689181,1.0377782480151359,0.5608553618616798,2.9649869772292354,806.4444444444445,0.6333333333333333,0.2508680555555555
7,143,1,33.140144637,35.600762023,29/06/2025,35,0.7304749208770129,0.0026785208239367723,0.7243219569559677,1.0267621534130076,0.5714692118613822,3.645907032867716,817.5555555555555,0.4745098039215686,0.21180555555555558
7,144,0,33.140341158,35.600774185,29/06/2025,35,0.6548350645440099,0.011607671971958035,0.6734002665360199,0.9357674916323973,0.5173542009729668,4.352303795493077,910.7777777777778,0.21118874723967979,0.12152777777777778
7,145,1,33.140545973,35.600785708,29/06/2025,35,0.7399341237548438,0.007381157718950439,0.7245037243729195,1.0702576006892923,0.5629775127428496,4.3312693363517045,803.3333333333334,0.42867647058823527,0.1345486111111111
7,146,0,33.140749102,35.600797853,29/06/2025,35,0.7312416371193201,0.00984447009168498,0.7249463300801418,1.0287105725707626,0.5638360974680057,3.2713880242490543,792.6666666666666,0.4995098039215686,0.2152777777777778
7,147,0,33.140955428,35.600813163,29/06/2025,35,0.7093020578073393,0.010429071185540385,0.7117857626374957,0.9903043285083969,0.5554786672410428,4.846251836004467,803.5555555555555,0.16668541526307126,0.1076388888888889
7,148,0,33.141156333,35.600825512,29/06/2025,35,0.7163608263781356,0.004702846810730386,0.7158975153012043,1.0022527112001862,0.5500727557277636,2.988738362525892,813.1111111111111,0.5060897435897436,0.20052083333333331
7,149,0,33.141373655,35.600838453,29/06/2025,35,0.6608750896305251,0.014331798137977287,0.6867995100615211,0.910264587069088,0.5167765981019643,3.767079563925711,885.8888888888889,0.4791666666666667,0.14409722222222224
7,150,0,33.141495348,35.600846943,29/06/2025,35,0.37312238143004484,0.06952484676969725,0.48682541840345017,0.7571080168780728,0.28611706506100504,3.483619086909327,1463.2222222222222,0.4958333333333334,0.15190972222222224
7,151,0,33.141495,35.600518333,29/06/2025,35,0.35901183251087143,0.06790602071421939,0.485049653323165,0.7358271254253572,0.2794144202582209,3.6904908807389765,1480.4444444444443,0.2997549019607843,0.1579861111111111
7,152,0,33.141263333,35.600531667,29/06/2025,35,0.682486993886381,0.01101001750324318,0.7027790993790828,0.9258476429585448,0.5392636569891873,4.575418502671132,860.2222222222222,0.3870098039215687,0.11892361111111112
7,153,0,33.141045,35.600531667,29/06/2025,35,0.7174463956839696,0.005838887942446026,0.7198844074170476,0.9900418958347148,0.5506843448093446,4.376833732345311,815.2222222222222,0.19533982511923687,0.11458333333333334
7,154,0,33.140848333,35.6005,29/06/2025,35,0.7062369606953731,0.006564500231044444,0.7147597977429135,0.9664971925023765,0.5549066989595456,4.57957956392571,824.4444444444445,0.2755956748603807,0.12239583333333334
7,155,0,33.140648333,35.600471667,29/06/2025,35,0.7211719676844012,0.007226825364397496,0.719833202171317,1.0058270846250756,0.544871988270224,4.223406066166138,804.6666666666666,0.3416666666666667,0.12586805555555558
7,156,1,33.140461667,35.600471667,29/06/2025,35,0.7146703367563404,0.00880809352938908,0.7141714611397569,1.002431514290706,0.5529925799697017,3.7433676499168373,840.5555555555555,0.4361048265460031,0.15625
7,157,0,33.140243333,35.600458333,29/06/2025,35,0.7067402523594385,0.00331076515522091,0.7140052826035648,0.971269946731108,0.545169970988443,4.054995900334204,834.8888888888889,0.38930052790346914,0.12586805555555555
7,158,0,33.140033333,35.600441667,29/06/2025,35,0.713086563720125,0.005797873002966767,0.7132181913954744,0.9998619588679831,0.5562048840385578,3.6055194076306387,839.7777777777778,0.5708333333333333,0.18142361111111113
7,159,0,33.139836667,35.600428333,29/06/2025,35,0.7202584667086729,0.006998503293020009,0.7240007043718533,0.9850855197210938,0.5642855325077789,2.6166778774908437,813.5555555555555,0.6333333333333333,0.2065972222222222
7,160,0,33.139625,35.600426667,29/06/2025,35,0.7068750539607194,0.008652669240868306,0.7149114549713151,0.9686576048407277,0.5457944008608087,4.26809871257711,834.0,0.24415769842240428,0.11805555555555555
7,161,0,33.13943,35.60041,29/06/2025,35,0.704220812486023,0.007413251948412243,0.7073166961117344,0.988200956709939,0.5405052997707708,3.503580670660026,851.6666666666666,0.3472491439403204,0.1684027777777778
7,162,0,33.139238333,35.600401667,29/06/2025,35,0.7042406854477365,0.0037992250632505075,0.7118185241711835,0.9700953643036512,0.5480997534647466,3.8712462305923774,839.4444444444445,0.3697586726998492,0.1467013888888889
7,163,0,33.139026667,35.60037,29/06/2025,35,0.7014536385324104,0.012074836645544259,0.7085366146311668,0.9743007995767695,0.5437351653474007,2.902978141007726,847.2222222222222,0.6354166666666666,0.1875
7,164,1,33.138808333,35.600365,29/06/2025,35,0.6925996086933646,0.01251990136631627,0.6946876836803373,0.9927908855294599,0.5493333132406951,4.271647917027245,898.4444444444445,0.4099264705882353,0.14149305555555555
7,165,0,33.138731667,35.600373333,29/06/2025,35,0.5751549133812472,0.06063712024748032,0.6019912285681956,0.9263070597370314,0.44474395324417126,4.519641085934338,1116.5555555555557,0.23496469258335886,0.11805555555555555
7,166,0,33.13873998884879,35.60004385714451,29/06/2025,35,0.3928699596889779,0.05269200181205286,0.49211102915125576,0.7825483264895704,0.2973921943813728,4.663320189106001,902.1111111111111,0.1311206363024742,0.125
7,167,0,33.13900409577885,35.60006273212911,29/06/2025,35,0.5298087962808108,0.04142947979303421,0.5952050564656279,0.8269147556937583,0.4049593581349101,4.403107168362811,1114.111111111111,0.20379901960784313,0.11805555555555557
7,168,0,33.13922356945667,35.60007698444571,29/06/2025,35,0.5272103619669893,0.04935524137209457,0.5969099628766168,0.8172838374190724,0.3942583187503924,4.603846168850306,1113.0,0.20743778280542977,0.11458333333333334
7,169,0,33.13941330636254,35.60008225836661,29/06/2025,35,0.5220525258041727,0.05615935061018249,0.6005731105173499,0.7963299183170334,0.39521935126467533,3.1521706916329766,1097.3333333333333,0.25062803187803184,0.22395833333333331
7,170,1,33.13962532476266,35.600100899878065,29/06/2025,35,0.5210542044734449,0.0594449198414586,0.5883376424443115,0.8258556506998308,0.38782117108270453,5.0485332098491895,1146.6666666666667,0.19918419550772493,0.1076388888888889
7,171,0,33.13985226772052,35.600106340853756,29/06/2025,35,0.48901606588241314,0.06252541351075126,0.568731872171107,0.8038262052736784,0.3611477043498319,5.048533209849189,1171.888888888889,0.1720572948514125,0.1076388888888889
7,172,0,33.140034535297254,35.60012042646064,29/06/2025,35,0.4907576920816512,0.07078215949135301,0.5726463523889237,0.7995640991825468,0.3782411963967066,5.084147917027244,1197.6666666666667,0.1905133810280869,0.11111111111111112
7,173,0,33.14023916864876,35.60012134484122,29/06/2025,35,0.46762597308516063,0.07407318573611808,0.5566306272547814,0.7891398788418171,0.3579972462557089,3.1625056054120884,1189.3333333333333,0.3625,0.21180555555555555
7,174,0,33.14045120106142,35.60013556413844,29/06/2025,35,0.5285663210403997,0.058251432499370114,0.591323968415312,0.8343972845121826,0.40197318689520356,5.063314583693911,1087.2222222222222,0.1911122684379535,0.11197916666666669
7,175,0,33.140595,35.600145,29/06/2025,35,0.5365985686994144,0.07102788914861626,0.608355380464182,0.8137448844415731,0.41777357665782067,4.099948439523366,1092.888888888889,0.2902096327096327,0.12586805555555558
7,176,0,33.140833333,35.60017,29/06/2025,35,0.5099256263984765,0.07239162416122344,0.5888777634047999,0.7999869127101911,0.40765604109975206,5.292481250360577,1144.111111111111,0.09350318938113322,0.10416666666666669
7,177,0,33.141023333,35.600176667,29/06/2025,35,0.46881899763548784,0.07211281843081958,0.5629904905722845,0.7755515252483703,0.3837554053445298,4.5443721485946105,1190.5555555555557,0.18741872528637235,0.1267361111111111
7,178,0,33.141205,35.600185,29/06/2025,35,0.4501188666048642,0.07524114953052252,0.5499477418740681,0.7689270794872857,0.36828313554396613,4.596251836004467,1240.888888888889,0.19020229505523623,0.11805555555555557
7,179,0,33.141415,35.600195,29/06/2025,35,0.3969385536510568,0.06945828907806104,0.5077424408257866,0.757876035506844,0.3151601043882663,4.159037234815499,1326.5555555555557,0.20812288532876763,0.15104166666666669
7,180,0,33.141525,35.600213333,29/06/2025,35,0.33873104060206916,0.03706950079245997,0.47148017374672885,0.7268562045664652,0.2652545501800831,4.434153522439333,959.3333333333334,0.2499391975240378,0.1328125
8,1,0,33.141286912,35.604064998,03/07/2025,31,0.3047557434777695,0.050604395969652265,0.4225677886231165,0.7624230149906662,0.22449157630718308,4.434153522439333,844.6666666666666,0.20813079574187995,0.1328125
8,2,1,33.141094482,35.604051333,03/07/2025,31,0.4933792852996853,0.05106930111001692,0.5416943205619777,0.8776396307128635,0.3418126220431273,4.461038815261277,763.3333333333334,0.1455399351374178,0.125
8,3,0,33.141096643,35.60405209,03/07/2025,31,0.4872564244625524,0.05361702914498251,0.5411471819801387,0.865216952760066,0.34281440198852914,4.663320189106001,751.7777777777778,0.13787176892511796,0.125
8,4,1,33.14089048,35.604042392,03/07/2025,31,0.476319606358851,0.052685246552195086,0.532541819563062,0.8621285054251541,0.3600623638077705,4.434153522439333,775.8888888888889,0.22847348737926035,0.1328125
8,5,1,33.140682515,35.604029097,03/07/2025,31,0.5279989365905532,0.08441407522387684,0.5756565886452051,0.8774102560368385,0.4081839162245189,4.596251836004467,1123.0,0.15699245883664195,0.11805555555555557
8,6,1,33.140475232,35.60401586,03/07/2025,31,0.5049212644493096,0.0813303613792246,0.5637592183469835,0.8511545326318264,0.40545871845499876,4.846251836004468,1161.3333333333333,0.18233280736867538,0.1076388888888889
8,7,1,33.14025896,35.604004345,03/07/2025,31,0.4658576991937069,0.08331724731545286,0.5348009588144556,0.8349671413026456,0.3501373825511122,5.048533209849189,1235.5555555555557,0.13514006152154737,0.10763888888888891
8,8,1,33.14006053,35.603991823,03/07/2025,31,0.42883663640817793,0.07580008964901315,0.5123818022361626,0.8089173657878832,0.33498600857122135,4.568494793599888,1284.6666666666667,0.24391382332558809,0.12239583333333334
8,9,1,33.139857173,35.603978323,03/07/2025,31,0.4313781311763607,0.08137719618567092,0.5067965371688055,0.8270979181440921,0.36680606166744206,5.0485332098491895,1212.5555555555557,0.07157474192410725,0.1076388888888889
8,10,1,33.139658807,35.60396682,03/07/2025,31,0.529112054524798,0.08562076892603188,0.5957932724317497,0.8307461489638529,0.42640346026337117,4.663320189106001,992.2222222222222,0.16075632088462719,0.125
8,11,1,33.139454662,35.603955217,03/07/2025,31,0.5315233856173041,0.09472088403388125,0.5889343089229953,0.8561016990863428,0.425685303267701,4.846251836004467,994.4444444444445,0.13778850071263168,0.1076388888888889
8,12,1,33.13925451,35.603942585,03/07/2025,31,0.509527679971185,0.09263450202874397,0.5721072837895806,0.8445429529105939,0.40284638302771797,5.0485332098491895,1021.3333333333334,0.10891334756689208,0.10763888888888891
8,13,1,33.139058995,35.603930637,03/07/2025,31,0.483714365645578,0.09264755189142804,0.5631140047834585,0.8096468101548157,0.40722993764399984,5.0485332098491895,1023.6666666666666,0.1051653773737652,0.10763888888888891
8,14,1,33.138798595,35.603917333,03/07/2025,31,0.46409576371735933,0.07706845676427242,0.5530133127929556,0.788200603482804,0.3871505820330091,4.6811275426950285,1036.7777777777778,0.11827078309287646,0.11458333333333334
8,15,1,33.13859478,35.60390661,03/07/2025,31,0.4759985228106425,0.08369257504008071,0.56317061546566,0.7922941409118541,0.405191472926702,5.0485332098491895,1030.6666666666667,0.09723378653447153,0.10763888888888891
8,16,0,33.138559323,35.603902088,03/07/2025,31,0.4643972091796929,0.07850267802565551,0.5553165854864631,0.7854026626221339,0.39463445366543065,4.4193721485946105,694.4444444444445,0.1609920025588387,0.1284722222222222
8,17,0,33.138557745,35.603610512,03/07/2025,31,0.5819529204650707,0.058761680865435185,0.6175319700790448,0.9014323691225824,0.4665684358308173,4.454986855772666,664.0,0.14025875721442244,0.13194444444444448
8,18,0,33.138752198,35.603623265,03/07/2025,31,0.7429869127279919,0.007721089947546865,0.734204639164467,1.0398432242007027,0.6043962276405475,3.9668731152961887,765.4444444444445,0.4055392156862745,0.1605902777777778
8,19,0,33.138953912,35.603635937,03/07/2025,31,0.7542343981109292,0.0069034747269928545,0.7326477197716655,1.102444265709579,0.6221322862599689,4.26809871257711,781.5555555555555,0.27544306184012063,0.11805555555555555
8,20,0,33.139149112,35.603646213,03/07/2025,31,0.7808207345966828,0.007574290228326324,0.7436843037411466,1.1954607169613825,0.6320397654101173,3.642226962994476,774.6666666666666,0.41001131221719456,0.17708333333333334
8,21,0,33.139345078,35.603659013,03/07/2025,31,0.7613558320528447,0.01724129940883912,0.7334234020658336,1.1381211139746994,0.6093781858676324,4.596251836004467,791.1111111111111,0.2500377073906485,0.11805555555555555
8,22,0,33.13955126,35.603671062,03/07/2025,31,0.7594553916042641,0.010553526484043714,0.730769461113314,1.139571804578248,0.6117694445116961,3.4167624330844424,802.7777777777778,0.5604166666666667,0.1657986111111111
8,23,0,33.139754877,35.603683665,03/07/2025,31,0.7727750921468822,0.008839066454812682,0.7412681894319666,1.1591065158984617,0.6161470786438525,4.596251836004467,786.0,0.22443540080197183,0.11805555555555555
8,24,1,33.139954508,35.603691305,03/07/2025,31,0.7546669653689889,0.015648565289234893,0.7308326822290977,1.1154289701565256,0.6187847571285924,5.063314583693912,804.3333333333334,0.2779694570135746,0.11197916666666669
8,25,0,33.140151657,35.603703738,03/07/2025,31,0.7197742164820535,0.013780116144552105,0.7083459393703128,1.0495704064593188,0.5738380237329713,4.164602669685038,855.0,0.4120098039215686,0.1345486111111111
8,26,0,33.140346113,35.603719147,03/07/2025,31,0.7163319488659243,0.01612038522670559,0.7061644739832147,1.0442502362699608,0.5799692323457609,3.3602923256896595,864.8888888888889,0.5125000000000001,0.15104166666666669
8,27,0,33.140550507,35.603734958,03/07/2025,31,0.7069697800095803,0.011187880329343092,0.7067668558268737,1.00118466271305,0.5738038928729758,4.61318744001086,852.3333333333334,0.27818627450980393,0.11458333333333334
8,28,1,33.140758675,35.603746657,03/07/2025,31,0.7729035130951757,0.0058279829815726355,0.7385886622413612,1.1745289212655967,0.6147181529127237,3.6062857978230087,798.2222222222222,0.20980850760262523,0.15625
8,29,1,33.140959098,35.603758632,03/07/2025,31,0.7551296232838364,0.010641742336614734,0.7322703983994192,1.1082380698321244,0.6033352458017172,5.0485332098491895,800.8888888888889,0.13472866673277661,0.10763888888888891
8,30,1,33.141164995,35.603769328,03/07/2025,31,0.7248423517925757,0.008272738447946525,0.7126814086961584,1.0520236587564968,0.5757870039852232,3.795654629173649,820.7777777777778,0.4606617647058824,0.13628472222222224
8,31,1,33.141355642,35.603779397,03/07/2025,31,0.36703992351349624,0.07052319106090495,0.4644535381151532,0.7919140965010327,0.2876659566121976,5.084147917027246,1205.3333333333333,0.1404012596176319,0.11111111111111112
8,32,0,33.141362582,35.603782643,03/07/2025,31,0.36703992351349624,0.07052319106090495,0.4644535381151532,0.7919140965010327,0.2876659566121976,5.084147917027246,1205.3333333333333,0.1404012596176319,0.11111111111111112
8,33,0,33.14136001,35.603453605,03/07/2025,31,0.4052244174854469,0.07362819981037817,0.5059059379509201,0.778632848703314,0.3319356791242535,3.898824214072309,1267.7777777777778,0.4458333333333333,0.15104166666666669
8,34,0,33.141170608,35.60342983,03/07/2025,31,0.7450967373530994,0.016525744468553035,0.7184698485912033,1.1237352016698996,0.6020935722063752,5.0485332098491895,830.2222222222222,0.21135797189419855,0.1076388888888889
8,35,0,33.140905295,35.603415228,03/07/2025,31,0.7869437361581374,0.00673211755752585,0.751315878047062,1.1908964276945986,0.643810910942585,4.596251836004467,774.4444444444445,0.2754945273327626,0.11805555555555555
8,36,0,33.140694023,35.603406603,03/07/2025,31,0.7787764813738087,0.00981196328494512,0.7451746555035995,1.1758290002334713,0.6374810058670763,3.9091591278514217,788.5555555555555,0.3158936651583711,0.13888888888888892
8,37,0,33.14049937,35.603392937,03/07/2025,31,0.7729426697202155,0.005859490488781252,0.7421652898185706,1.1565491317782355,0.6246352590642906,4.3006874400108615,782.5555555555555,0.2915176205617382,0.12239583333333334
8,38,0,33.140300863,35.603382275,03/07/2025,31,0.7871396138268906,0.0034356641766025453,0.7469477368038383,1.2166867957685896,0.6421256932868069,4.512918502671134,789.0,0.18058777420506258,0.11458333333333333
8,39,0,33.140099232,35.603368717,03/07/2025,31,0.7964098793810401,0.004891869280273823,0.7491377696366464,1.2663104195944965,0.6388325849595636,3.896996441904049,793.6666666666666,0.33406862745098037,0.1449652777777778
8,40,0,33.139902152,35.60335784,03/07/2025,31,0.7959369452835632,0.0035520665591867707,0.7559797729745009,1.223640363703237,0.6406765495079773,3.277170691632976,760.1111111111111,0.38942307692307687,0.2065972222222222
8,41,0,33.139703672,35.60334613,03/07/2025,31,0.8060169043267145,0.005756604220750238,0.758081633732973,1.2818565611935346,0.6480096161462667,4.061047859822814,756.2222222222222,0.4312500000000001,0.11892361111111113
8,42,0,33.139498387,35.603332867,03/07/2025,31,0.8004777117661005,0.004977083435107027,0.7556760010994038,1.2563997969262217,0.6453069404779003,4.4903416701725325,760.5555555555555,0.3523773490685255,0.1189236111111111
8,43,0,33.139295938,35.603322305,03/07/2025,31,0.8006806772477956,0.004024726312592511,0.7600494040048014,1.2317666542947787,0.6456816946315423,4.289993427886333,756.3333333333334,0.28139695691166283,0.12239583333333336
8,44,0,33.139101065,35.603310657,03/07/2025,31,0.7953683769523363,0.00293306361029522,0.7591617243826166,1.2013085995771544,0.6417751749314934,3.247575704662986,749.6666666666666,0.5066176470588235,0.2048611111111111
8,45,0,33.138908075,35.603298728,03/07/2025,31,0.7887150817429132,0.004684679409764985,0.7566403671720097,1.1729058614741046,0.6368584303093687,4.717354106677527,751.0,0.30475668541845014,0.11197916666666669
8,46,0,33.13866311,35.603275047,03/07/2025,31,0.7030442460946156,0.021025584034957544,0.6967010085493275,1.0269468970289877,0.5642900179380081,4.804585169337801,857.8888888888889,0.12903448697566344,0.11111111111111112
8,47,0,33.138581163,35.603280792,03/07/2025,31,0.5622598506172911,0.06539491996296938,0.6035884847957087,0.8882899380765333,0.4468899131428165,4.454986855772666,1012.1111111111111,0.17420584758329977,0.13194444444444448
8,48,0,33.138597765,35.60290721,03/07/2025,31,0.5564028351514343,0.06831399417502619,0.6015348277524332,0.879034709930955,0.4123360740412938,5.0901998765158565,1005.2222222222222,0.07642205912821079,0.10416666666666669
8,49,0,33.138834982,35.602923243,03/07/2025,31,0.7838689558211734,0.008679361418888669,0.7528837353523357,1.1658216273761732,0.6350211056383411,2.9696392022623037,764.6666666666666,0.6270833333333333,0.2439236111111111
8,50,0,33.139036682,35.602934995,03/07/2025,31,0.797909746228217,0.007290656229705698,0.7616148525949806,1.2057691070002856,0.6490351335549124,4.195168032380222,739.5555555555555,0.3233829134564429,0.140625
8,51,0,33.139241355,35.6029517,03/07/2025,31,0.8098225741022886,0.004929507756206986,0.7598064215166582,1.2994085085222609,0.6457765108714484,4.490341670172532,754.5555555555555,0.37914016958134605,0.11892361111111112
8,52,0,33.139453945,35.602959962,03/07/2025,31,0.807318518001066,0.006158952904060551,0.7647295065321995,1.2521551222732055,0.6546490717981235,3.776754427398839,742.2222222222222,0.31527526395173455,0.1440972222222222
8,53,0,33.139661677,35.602973688,03/07/2025,31,0.8048014263776598,0.0048067632760870555,0.7599071499107535,1.261642023901303,0.6502794697493475,3.2913966014913245,757.5555555555555,0.5095471566387408,0.23177083333333331
8,54,0,33.139872935,35.602986725,03/07/2025,31,0.8119397172375059,0.0049447008417558,0.7677556969187329,1.2667361267670556,0.661581079382527,3.264486382061203,740.0,0.5229166666666666,0.171875
8,55,0,33.140085903,35.60299451,03/07/2025,31,0.800083053233839,0.00421619998329488,0.7629550072064413,1.2116346695580544,0.6476824630225816,4.072888849880725,748.1111111111111,0.4078431372549019,0.1293402777777778
8,56,0,33.14028589,35.603002758,03/07/2025,31,0.7828013938062977,0.006415466981247148,0.7460357528438801,1.1947734149437723,0.6268219950467024,4.428232428373827,790.5555555555555,0.3497171945701357,0.1267361111111111
8,57,0,33.140491797,35.603008717,03/07/2025,31,0.802133236068913,0.0047545218486472664,0.7582194972646484,1.2524544498747288,0.644247400672188,3.6561365872565648,769.3333333333334,0.5208333333333333,0.1484375
8,58,0,33.140701823,35.603020035,03/07/2025,31,0.8098053145089598,0.005339395808097427,0.7694820127272815,1.2402635039632817,0.6591438422939286,4.643970462159745,743.4444444444445,0.15270514485901862,0.10763888888888891
8,59,0,33.1409083,35.603032117,03/07/2025,31,0.7967093182481271,0.006643632819226287,0.757718699122078,1.2194708907772445,0.6517601132810388,3.856464856747655,765.3333333333334,0.39166666666666666,0.1284722222222222
8,60,0,33.141111607,35.60304688,03/07/2025,31,0.7697641009743018,0.01016569899264012,0.743875803842499,1.1301508392812742,0.630887413944288,4.491213419755165,789.6666666666666,0.3477676205617382,0.11545138888888891
8,61,0,33.141313127,35.60306078,03/07/2025,31,0.6259391745168799,0.05307978068211771,0.6447437733420784,0.9461294019082307,0.4972905739660306,5.048533209849189,969.7777777777778,0.13462112505390217,0.10763888888888891
8,62,0,33.14139051,35.603068565,03/07/2025,31,0.3756506615979395,0.06868091358582001,0.4897821086407739,0.7561227683589167,0.31146077526422583,3.857157547405643,1397.6666666666667,0.4395833333333333,0.1701388888888889
8,63,0,33.141412005,35.602701403,03/07/2025,31,0.4292786806072207,0.0800767832004324,0.5161018793270473,0.8060467540379428,0.3481064064623852,4.547661460266554,1275.2222222222222,0.3939479638009049,0.1232638888888889
8,64,0,33.141203282,35.602691407,03/07/2025,31,0.7572549180137185,0.005136239889248153,0.7238914543851117,1.1598212321669579,0.5980373216357262,3.678998818566198,796.0,0.5019607843137255,0.15885416666666666
8,65,0,33.140982287,35.602679077,03/07/2025,31,0.7740977398031395,0.00946385582322167,0.7367954072562607,1.1914820501633714,0.6203806329771595,4.186919609405448,772.7777777777778,0.32537763442175205,0.1189236111111111
8,66,0,33.140769327,35.602664842,03/07/2025,31,0.7830979736707161,0.009396774848526565,0.7499715223687494,1.1766067461107732,0.6248698624016904,4.038060296327809,746.8888888888889,0.3573623680241328,0.1293402777777778
8,67,0,33.140495052,35.602649287,03/07/2025,31,0.7665839218196342,0.004631628226903381,0.7390775785123629,1.1357126958330264,0.6063886215462376,4.040352526231748,777.8888888888889,0.39949273368391014,0.1449652777777778
8,68,0,33.140286277,35.602638978,03/07/2025,31,0.7306745327132376,0.012693544799075212,0.7159931295994185,1.065295913261239,0.5859578699780728,2.9522829061615607,822.3333333333334,0.5645833333333333,0.2126736111111111
8,69,0,33.140064585,35.602629978,03/07/2025,31,0.7607400156344496,0.008767593201024949,0.7350446713871128,1.1249153348378509,0.6080816080235716,4.698527604437101,771.2222222222222,0.22348793363499242,0.11892361111111113
8,70,0,33.139848443,35.60261067,03/07/2025,31,0.7835941064529952,0.012294991525667728,0.7483700310131657,1.188531801742116,0.6291319943335556,4.596251836004467,749.1111111111111,0.3085035771065182,0.11805555555555555
8,71,0,33.139635075,35.602597178,03/07/2025,31,0.7818083594955746,0.010852772948305299,0.756278195064798,1.1345854651983451,0.6310800431958946,5.167481250360579,731.1111111111111,0.19190213403448697,0.11979166666666669
8,72,0,33.139425498,35.602584823,03/07/2025,31,0.7983900663358844,0.01167811190024967,0.7485379829043153,1.2851554421051656,0.6400103941946784,4.391207814343076,761.5555555555555,0.29502751620398676,0.13020833333333334
8,73,0,33.139213838,35.602572743,03/07/2025,31,0.7773425228634813,0.012107892438453685,0.7436411795541963,1.1757598665445106,0.631844455967227,4.353846168850305,752.7777777777778,0.1890257697825847,0.125
8,74,0,33.139007128,35.602560708,03/07/2025,31,0.771354857108914,0.006647388867187534,0.7420177213971406,1.1476196375634862,0.6266252844197693,5.063314583693911,757.7777777777778,0.20674508784802903,0.11197916666666669
8,75,0,33.138810023,35.602547602,03/07/2025,31,0.7746354179534412,0.009762933260964253,0.7444462645385944,1.1548915049792794,0.6198600452001024,4.294372148594611,755.0,0.24127252252252251,0.1371527777777778
8,76,0,33.138615217,35.602534878,03/07/2025,31,0.5949294921179963,0.07560482890720069,0.6250088737985527,0.9206696376822828,0.44832736683567515,4.246653522439334,936.5555555555555,0.11177690962951085,0.1388888888888889
8,77,0,33.138627787,35.602157915,03/07/2025,31,0.52422613600619,0.05406834988287506,0.5746343126135914,0.8723417987305526,0.3955837339000781,4.579579563925711,1003.7777777777778,0.27042976234152705,0.12239583333333334
8,78,0,33.138887292,35.602182118,03/07/2025,31,0.7208949503383367,0.004923541904631637,0.7070246068211854,1.0584065166452308,0.5702485014764478,4.017617721195771,781.7777777777778,0.4022812971342383,0.13368055555555555
8,79,0,33.139158382,35.602200713,03/07/2025,31,0.7320424639357493,0.0054044026007740685,0.7185679501400607,1.0589119258654296,0.5971959217871902,3.4609169222253544,768.6666666666666,0.37916666666666665,0.1597222222222222
8,80,0,33.139360385,35.602217213,03/07/2025,31,0.7406497433410646,0.004103902092578002,0.7207586172553578,1.0891021161532415,0.5959136105320735,4.001426440498355,773.8888888888889,0.4878676470588236,0.1449652777777778
8,81,0,33.139586797,35.602228003,03/07/2025,31,0.7120175301432518,0.006148002378865642,0.710206814129041,1.0076587480063923,0.5873429280926694,3.755820496779191,792.8888888888889,0.51875,0.1796875
8,82,0,33.139810333,35.602237327,03/07/2025,31,0.720367604528921,0.004402202315884643,0.7130519000069867,1.0311358078580612,0.5838178625268763,3.0165716747924396,786.2222222222222,0.5625,0.20572916666666669
8,83,0,33.139996715,35.60226631,03/07/2025,31,0.7196666688685797,0.009076205736147858,0.7055101736753883,1.0600712732262683,0.5858113895690022,4.788320189106001,816.8888888888889,0.15312694344625688,0.1232638888888889
8,84,0,33.14019521,35.602263182,03/07/2025,31,0.6958582577440281,0.0158097870833191,0.69689974555435,0.9984211747089198,0.5735914218337986,4.4486750035058655,828.6666666666666,0.35473227752639513,0.12239583333333334
8,85,0,33.140404598,35.602272378,03/07/2025,31,0.7378195364857498,0.0031137714344670136,0.7128393741169404,1.111243576356185,0.5879405156937018,4.08429531609601,790.3333333333334,0.2575226244343891,0.11805555555555555
8,86,0,33.140615925,35.602280335,03/07/2025,31,0.7380833910571312,0.00554592272981672,0.7193826027328236,1.083904009649436,0.5952696384179011,2.603508808137043,772.7777777777778,0.53125,0.21006944444444448
8,87,0,33.140818843,35.602289105,03/07/2025,31,0.7159653939133863,0.005171660034390994,0.7011756505749638,1.061413006274792,0.5735515919684857,2.5743440261990314,801.7777777777778,0.6875,0.21354166666666669
8,88,0,33.141022235,35.602301605,03/07/2025,31,0.7152704863930027,0.005521263434346726,0.7020548219199686,1.0549895907290627,0.5644955481397992,3.339458992356326,788.3333333333334,0.5604166666666668,0.1484375
8,89,0,33.141244192,35.602314183,03/07/2025,31,0.6911501430355073,0.01445786706738224,0.6792655051867,1.0466148977770422,0.5521548947576798,4.821520773344195,844.1111111111111,0.2209237291590233,0.10763888888888891
8,90,0,33.141433223,35.602326745,03/07/2025,31,0.35961052330563803,0.05508705680878302,0.4779464662348442,0.7509932302130683,0.2930460459317216,4.818494793599887,1337.888888888889,0.20203599527128938,0.11197916666666669
8,91,0,33.14145075,35.601956577,03/07/2025,31,0.3841675512286251,0.05833632027151443,0.4900874211802491,0.7706904599054074,0.3049055325887784,2.6970716958592256,1294.7777777777778,0.5729166666666667,0.2144097222222222
8,92,0,33.141242393,35.601946688,03/07/2025,31,0.693225713741623,0.0029257673672087284,0.6869578730675011,1.0242077902408393,0.5586267454853501,2.5911220587395083,831.4444444444445,0.7104166666666666,0.21006944444444448
8,93,0,33.14103524,35.601935268,03/07/2025,31,0.7208832536573581,0.005246166212964001,0.7073880178920743,1.0566327509306965,0.5776443816089735,4.846251836004467,788.4444444444445,0.2154730239289063,0.1076388888888889
8,94,0,33.140825837,35.601921853,03/07/2025,31,0.7275794523192163,0.010245716193791228,0.7143780321934526,1.0573864786663345,0.5879304915439381,4.846251836004467,777.6666666666666,0.2854737882679059,0.1076388888888889
8,95,0,33.140610482,35.601909215,03/07/2025,31,0.7220767562901483,0.009154847807954242,0.7083260790886613,1.058759023075102,0.575957532606957,3.2268427769068473,783.1111111111111,0.5587009803921569,0.20225694444444445
8,96,1,33.140401507,35.601895982,03/07/2025,31,0.7399841909836103,0.010204231911851115,0.7176482149195068,1.1017341903135582,0.5807810915905873,4.446520773344194,764.8888888888889,0.38432315233785824,0.1232638888888889
8,97,0,33.14020589,35.601884077,03/07/2025,31,0.7188799963095914,0.009991916394044929,0.710278075514896,1.036480306391509,0.5935180315616737,4.532880086421833,782.3333333333334,0.4145833333333333,0.11892361111111112
8,98,0,33.14000206,35.601872723,03/07/2025,31,0.7374521610723392,0.0068633937470042716,0.712639621916677,1.111162612586104,0.6001501845097097,2.753448117542236,790.4444444444445,0.6041666666666667,0.2265625
8,99,0,33.139791972,35.601860572,03/07/2025,31,0.7209494274814214,0.008106213086510376,0.7131823560951669,1.0331662231179135,0.5923057136780822,3.6186881477331987,785.2222222222222,0.5833333333333333,0.17100694444444445
8,100,0,33.139583615,35.601845982,03/07/2025,31,0.7326912970623047,0.005682152674521236,0.7185233453989587,1.0617253499254038,0.5872086801227725,3.2789823570948933,783.5555555555555,0.5786764705882352,0.171875
8,101,0,33.139379935,35.601834952,03/07/2025,31,0.7276966030393947,0.0037120337553776263,0.7108868683903506,1.0724396570360781,0.5821498228197517,4.032008336839199,778.6666666666666,0.44950980392156864,0.13628472222222224
8,102,0,33.13918549,35.601823747,03/07/2025,31,0.7270922468443505,0.006801781615684985,0.7139214105917507,1.0569426186743816,0.5816911441694935,3.3143337323453097,774.1111111111111,0.49824095022624426,0.1970486111111111
8,103,0,33.138985528,35.601811522,03/07/2025,31,0.7222955592613931,0.011313693029480832,0.7109261352611866,1.0498560709513265,0.5927923052844244,3.9369196094054484,769.6666666666666,0.40784313725490196,0.13802083333333334
8,104,0,33.138775373,35.601799308,03/07/2025,31,0.7003966466028705,0.013939515998915712,0.6855337004143104,1.0595492408522325,0.5536767240919531,3.596822633626531,828.6666666666666,0.22500000000000003,0.17708333333333334
8,105,0,33.138647572,35.60179156,03/07/2025,31,0.5048835652061072,0.052519764149580296,0.5645064446349131,0.8505919487669198,0.3910898102170671,3.9789770342734103,1010.4444444444445,0.37263386123680237,0.13975694444444445
8,106,0,33.138667807,35.601407053,03/07/2025,31,0.5498910838643772,0.04683074553167429,0.589623623188126,0.8920390762482532,0.4310197569152561,3.6071575474056434,972.3333333333334,0.35271396396396404,0.16493055555555558
8,107,0,33.13886883,35.601419228,03/07/2025,31,0.7220744867302155,0.002730227174682127,0.7101993129093636,1.050007244961974,0.5778376526539553,3.63314902376156,784.6666666666666,0.4916666666666667,0.1519097222222222
8,108,0,33.139074902,35.601434497,03/07/2025,31,0.7386591815119512,0.008448074919033703,0.7146505608285784,1.108670963580472,0.5787348974520631,4.240341670172532,781.2222222222222,0.3899835921894745,0.1293402777777778
8,109,0,33.139263995,35.601447725,03/07/2025,31,0.7381234867171563,0.004333872999226991,0.7185204180068729,1.087698580787372,0.5904252739612785,2.3708644692353644,771.4444444444445,0.70625,0.3385416666666667
8,110,0,33.139466282,35.601456147,03/07/2025,31,0.7362200419112735,0.011052603217752067,0.7202445939118468,1.0717772725437265,0.5886124242661946,4.366213419755166,773.4444444444445,0.2759256145285557,0.12239583333333334
8,111,0,33.139682903,35.601474367,03/07/2025,31,0.742621235246143,0.003981693176252423,0.7200657763323407,1.1021193735756896,0.5838851422171787,3.622550778054809,771.4444444444445,0.42745098039215695,0.17361111111111113
8,112,0,33.139896577,35.601488797,03/07/2025,31,0.7230114952561785,0.002887952461979608,0.7153444568156767,1.0324211966960675,0.5801447010955963,2.6424259214832553,775.4444444444445,0.6479166666666667,0.2300347222222222
8,113,0,33.140105433,35.60150685,03/07/2025,31,0.7378143890591463,0.0030216499875340224,0.7124480521209657,1.1131171888675129,0.5936942552784117,3.584147917027245,788.6666666666666,0.5125,0.22569444444444445
8,114,0,33.140302,35.601519018,03/07/2025,31,0.6488447223811389,0.012259171754970712,0.6613959439223495,0.9573322277404679,0.5311798704267781,4.4193721485946105,872.0,0.28897058823529415,0.12847222222222224
8,115,0,33.140519643,35.6015303,03/07/2025,31,0.7241381166805545,0.00752020012244381,0.7056932897742063,1.078451775194998,0.5898864866646958,3.9090372348154983,797.1111111111111,0.38688725490196085,0.16145833333333331
8,116,0,33.140717898,35.601546062,03/07/2025,31,0.7313267073593976,0.004122136847472404,0.7208487617207856,1.0454486253595459,0.5962811721472145,3.8904834638292085,760.7777777777778,0.4915441176470588,0.13368055555555558
8,117,0,33.140930147,35.601562102,03/07/2025,31,0.7216875343210508,0.004458169786120092,0.7111682186552333,1.0442737925128016,0.5868809232917901,4.519641085934339,787.4444444444445,0.2905637254901961,0.12673611111111113
8,118,0,33.141096252,35.60156632,03/07/2025,31,0.7205952900869755,0.0061628041222312946,0.7087491806589362,1.050062386315864,0.5768434873936324,4.596251836004466,785.7777777777778,0.2529266540295952,0.11805555555555555
8,119,0,33.141307538,35.601582055,03/07/2025,31,0.6745513006258386,0.014518279498169095,0.6743682420963294,1.0010157012065355,0.5379088487657983,4.5923541066775275,843.2222222222222,0.26318833613674497,0.1154513888888889
8,120,0,33.141473253,35.601592685,03/07/2025,31,0.3296509781098156,0.05071399457766664,0.4616039581920902,0.7318263874051225,0.26207604460304035,3.8761631085707156,1401.2222222222222,0.4099264705882353,0.125
8,121,0,33.141476053,35.601205358,03/07/2025,31,0.433652194245608,0.0587061413953091,0.5218611418036537,0.7985452291646992,0.34571828312138364,4.36056875211351,1211.5555555555557,0.29216628959276014,0.11805555555555555
8,122,0,33.141265283,35.601192873,03/07/2025,31,0.7069492709229707,0.008424757212430845,0.6984272599027596,1.0353746636931014,0.5752779690067489,4.4673541066775275,828.5555555555555,0.38561463046757166,0.12239583333333334
8,123,0,33.141060453,35.601175985,03/07/2025,31,0.7330207186838206,0.007143321363329267,0.7178222601734736,1.067234635195792,0.5951959539176301,3.6186881477331987,788.3333333333334,0.6041666666666666,0.17100694444444445
8,124,0,33.140853317,35.601165188,03/07/2025,31,0.7424045444782199,0.006953411446372633,0.719760969024193,1.1028517450244317,0.5962399102493916,3.463942901969659,784.6666666666666,0.5740290346907994,0.17274305555555555
8,125,0,33.140644383,35.601151265,03/07/2025,31,0.748384875272676,0.0018716842791058703,0.730938417482469,1.0802258974697874,0.6013041789205485,3.9192502555586874,767.1111111111111,0.3461538461538462,0.1736111111111111
8,126,0,33.140442832,35.601149153,03/07/2025,31,0.7361973222318431,0.007586137120704305,0.7135741221127463,1.1003605273668726,0.5879323498635955,4.300424108083222,800.7777777777778,0.2998774509803921,0.13020833333333334
8,127,0,33.140229845,35.601136568,03/07/2025,31,0.7248052460376941,0.010967293445985756,0.7131212297758645,1.0503441438207415,0.5839135556685853,4.324546753088498,794.6666666666666,0.29637244710774124,0.12586805555555558
8,128,0,33.140024335,35.601123753,03/07/2025,31,0.7438595577308532,0.007194489055354017,0.7226489352089748,1.0971990394792672,0.5969861756940419,3.7139429019696593,782.5555555555555,0.4977941176470588,0.1623263888888889
8,129,0,33.139818435,35.601111035,03/07/2025,31,0.7374222281540977,0.004277434839482683,0.716421668276752,1.0935859460526387,0.5928017853981647,4.532880086421832,804.7777777777778,0.4090214932126697,0.11892361111111112
8,130,0,33.139614337,35.601098623,03/07/2025,31,0.7384731714648921,0.005385608694739952,0.7208625078614322,1.078467067099841,0.6030756071152212,4.188461982762676,793.1111111111111,0.3842897762015409,0.13802083333333334
8,131,0,33.139420042,35.601088313,03/07/2025,31,0.722090982132171,0.008279902737526261,0.7110053530375351,1.0474980949958173,0.5797122326835383,2.061303984200316,812.2222222222222,0.7375,0.36284722222222227
8,132,0,33.139215988,35.601075682,03/07/2025,31,0.7096303814821564,0.002983645058811751,0.7012686916471829,1.0339143207024462,0.5753857151309395,3.514005390679865,821.5555555555555,0.5645833333333333,0.17708333333333334
8,133,0,33.139019293,35.601063452,03/07/2025,31,0.7255491163324682,0.0043942373136157545,0.7122492430854445,1.0566586371756275,0.5876914467395026,5.0485332098491895,797.2222222222222,0.20931041335453096,0.1076388888888889
8,134,0,33.138819787,35.601052053,03/07/2025,31,0.7114127771656258,0.004040993856948912,0.694997626829778,1.0671689754819425,0.5600337805066863,2.2845300583088024,842.1111111111111,0.7395833333333333,0.3046875
8,135,0,33.138685703,35.601043738,03/07/2025,31,0.5383054654153084,0.05925319694140021,0.5699517297248098,0.9158091260437325,0.4144551168245598,4.596251836004466,1033.888888888889,0.20464660817422647,0.11805555555555555
8,136,0,33.138696937,35.600672637,03/07/2025,31,0.49365886968518385,0.0572548748303083,0.5560084659839871,0.8465275669140089,0.39414416734184715,3.986180608917954,1061.7777777777778,0.33304822867233197,0.13802083333333334
8,137,0,33.13891635,35.60068634,03/07/2025,31,0.6963902560187775,0.005357901044287986,0.691405647447726,1.0197040090044283,0.5640496790093474,3.8408117333202982,848.8888888888889,0.45625000000000004,0.14149305555555555
8,138,0,33.139121617,35.600699377,03/07/2025,31,0.7065119406780394,0.007032437063218192,0.7020218460658573,1.0181164262788298,0.579684485445664,4.638589126445728,821.1111111111111,0.22000244588479878,0.11458333333333334
8,139,0,33.1393337,35.600712562,03/07/2025,31,0.7056765875751404,0.005871706629032761,0.7005306748084368,1.0209612880637065,0.572137857098846,3.3505602963278096,825.3333333333334,0.5628676470588235,0.18229166666666669
8,140,0,33.139534923,35.600723458,03/07/2025,31,0.7068484421324222,0.007003024349058019,0.6975476347866016,1.038350200156791,0.5677291789452218,2.078838679766182,827.3333333333334,0.7708333333333333,0.359375
8,141,0,33.139738737,35.600736808,03/07/2025,31,0.722350534375486,0.007357434355763305,0.7155772428224688,1.0297745329239423,0.5887600572422812,3.613472838821892,807.7777777777778,0.33259803921568626,0.16579861111111113
8,142,0,33.139948875,35.600750173,03/07/2025,31,0.7261117750159795,0.007003733246499233,0.7083335641981185,1.0766315171455978,0.5919207891285971,4.579579563925711,815.8888888888889,0.3506881598793364,0.12239583333333334
8,143,1,33.140144637,35.600762023,03/07/2025,31,0.7212076636702565,0.009334382832531397,0.7074525214438092,1.0584294062332116,0.5843654272278879,4.201219991868832,816.8888888888889,0.39198717948717954,0.13368055555555555
8,144,0,33.140341158,35.600774185,03/07/2025,31,0.6487931067769964,0.012050166051654513,0.6666511766271448,0.9398403001231317,0.5217749848289703,4.312907291846955,866.2222222222222,0.2734331560066854,0.13368055555555558
8,145,1,33.140545973,35.600785708,03/07/2025,31,0.7256886835190409,0.004558510644398747,0.7129542929304252,1.0544597957431978,0.5960467633458978,3.7311312644350814,806.6666666666666,0.5020833333333333,0.1371527777777778
8,146,0,33.140749102,35.600797853,03/07/2025,31,0.7269389975984931,0.011574249247536599,0.7108055919847894,1.0700449382440507,0.5873520900895943,4.078855213411842,800.1111111111111,0.2971681749622926,0.12586805555555555
8,147,0,33.140955428,35.600813163,03/07/2025,31,0.7060789075904667,0.0039994117926254276,0.6989749490803902,1.028487200839675,0.5767631082022604,4.804585169337801,827.0,0.3190911499735029,0.11111111111111113
8,148,0,33.141156333,35.600825512,03/07/2025,31,0.6992603805570864,0.004477849860845155,0.701077239241522,0.9930632238390557,0.5665820154718798,5.063314583693911,813.8888888888889,0.30686274509803924,0.11197916666666669
8,149,0,33.141373655,35.600838453,03/07/2025,31,0.6513194961755739,0.015402399588063356,0.6598335780683418,0.9708203413392056,0.5264290574452809,3.7246885467451754,897.7777777777778,0.3126470588235294,0.14756944444444445
8,150,0,33.141495348,35.600846943,03/07/2025,31,0.3568434900600949,0.06594795823002042,0.47162589173152647,0.7582172210224686,0.2822083917734697,3.7939801923202134,1389.888888888889,0.4750000000000001,0.1701388888888889
8,151,0,33.141495,35.600518333,03/07/2025,31,0.36808836769742803,0.05205966764257678,0.49451008414348696,0.7330545720759072,0.29393124391500935,5.063314583693911,1401.111111111111,0.2411549124999627,0.11197916666666669
8,152,0,33.141263333,35.600531667,03/07/2025,31,0.6822187688556851,0.008181353082290484,0.6831810321611109,0.9973075329055856,0.5466421053383126,4.048125918002233,865.3333333333334,0.4152055052790346,0.1779513888888889
8,153,0,33.141045,35.600531667,03/07/2025,31,0.7137877668987653,0.006524906843634605,0.7055722305992426,1.0341045419113566,0.5780715701512239,3.64882421407231,820.6666666666666,0.32120098039215694,0.16145833333333337
8,154,0,33.140848333,35.6005,03/07/2025,31,0.6967827534909234,0.004468245785748403,0.6948147473627392,1.0079312865501873,0.5640488810827384,4.164602669685038,829.8888888888889,0.4099264705882353,0.13454861111111113
8,155,0,33.140648333,35.600471667,03/07/2025,31,0.7163576760059143,0.006849566087192262,0.7077867598337411,1.0359947446173543,0.5872218031207136,3.873066868441476,824.6666666666666,0.5333333333333333,0.140625
8,156,1,33.140461667,35.600471667,03/07/2025,31,0.69906978202062,0.01234400225853811,0.6966505787694117,1.0110174732807478,0.5664094039712179,4.6811275426950285,837.5555555555555,0.2837995801231095,0.11458333333333334
8,157,0,33.140243333,35.600458333,03/07/2025,31,0.6887960620575877,0.008355739877480783,0.687955087339296,1.0036467325684175,0.5502410902777665,3.074154796814102,837.6666666666666,0.6604166666666667,0.25260416666666663
8,158,0,33.140033333,35.600441667,03/07/2025,31,0.6976270452365005,0.008521960116618417,0.6990050034726722,0.9950621133841493,0.5624545271947712,4.190205481927944,828.4444444444445,0.4395833333333333,0.1362847222222222
8,159,0,33.139836667,35.600428333,03/07/2025,31,0.7027152479137947,0.00992102705380719,0.702044347343406,1.0029442312276038,0.5642999800466283,4.265072732832804,805.3333333333334,0.2636143583326169,0.12239583333333334
8,160,0,33.139625,35.600426667,03/07/2025,31,0.7024211503680107,0.0023758284954567715,0.702320792652405,1.0004529395124646,0.5588654541077342,3.2119140039933596,822.2222222222222,0.5375,0.16666666666666669
8,161,0,33.13943,35.60041,03/07/2025,31,0.6948827464272944,0.006180006564434139,0.6934991541228007,1.005796995038973,0.5578948159506226,4.48818744001086,844.5555555555555,0.3644607843137255,0.11979166666666669
8,162,0,33.139238333,35.600401667,03/07/2025,31,0.6927950829953192,0.006552471816493653,0.6932730629791644,0.9986641388311376,0.5642782977832829,4.477974419267671,849.3333333333334,0.2527055052790347,0.12152777777777779
8,163,0,33.139026667,35.60037,03/07/2025,31,0.6871740415277967,0.0076149933785634736,0.6855391976880195,1.0063885662555174,0.5468848181412435,2.4308241319059887,863.4444444444445,0.6875,0.24479166666666669
8,164,1,33.138808333,35.600365,03/07/2025,31,0.6676183013709,0.010424291248194967,0.6666144636519241,1.0037123004388122,0.530660268179236,4.603846168850305,901.8888888888889,0.2829246667481962,0.11458333333333334
8,165,0,33.138731667,35.600373333,03/07/2025,31,0.5458643502629934,0.06281152311394154,0.5788386516197103,0.9131289249800028,0.421154027555923,4.596251836004467,1044.111111111111,0.17236312987747707,0.11805555555555557
8,166,0,33.13873998884879,35.60004385714451,03/07/2025,31,0.3796511973904518,0.03844104066805273,0.47954952046143146,0.7822881608695315,0.2821270434004,3.9090372348154987,831.3333333333334,0.23914961009214047,0.16145833333333331
8,167,0,33.13900409577885,35.60006273212911,03/07/2025,31,0.523665466288109,0.05003943765729978,0.5945531770468709,0.8169332181759877,0.4022986380484389,5.048533209849189,1006.2222222222222,0.1662593249357955,0.1076388888888889
8,168,0,33.13922356945667,35.60007698444571,03/07/2025,31,0.5227773071678197,0.05220558395213799,0.5907203305444216,0.8221517523228805,0.40331956704374616,5.048533209849189,1004.7777777777778,0.16867672536790182,0.10763888888888891
8,169,0,33.13941330636254,35.60008225836661,03/07/2025,31,0.5258682676919972,0.05433360347047377,0.5899701190044807,0.8316679957948654,0.391716442025786,5.063314583693911,995.2222222222222,0.2144108984550161,0.11197916666666669
8,170,1,33.13962532476266,35.600100899878065,03/07/2025,31,0.5102450006962874,0.06255882467361641,0.591706117296178,0.7930965090356669,0.39438298225587576,4.577572732832804,1025.3333333333333,0.29047475526164246,0.11111111111111113
8,171,0,33.13985226772052,35.600106340853756,03/07/2025,31,0.48186663218050046,0.0625871776534487,0.5689426458166765,0.7889307473921869,0.36851440305647426,4.577572732832805,1048.6666666666667,0.2204053544494721,0.11111111111111113
8,172,0,33.140034535297254,35.60012042646064,03/07/2025,31,0.4696907730535896,0.06821180468971409,0.5614505233601752,0.7818529944698026,0.35923612349331435,4.603846168850306,1085.6666666666667,0.2182975113122172,0.11458333333333334
8,173,0,33.14023916864876,35.60012134484122,03/07/2025,31,0.44132591992840753,0.06708297250183724,0.5483360025309226,0.7534476687931637,0.35279575098083454,4.186772210336684,1085.7777777777778,0.3710312971342383,0.12586805555555555
8,174,0,33.14045120106142,35.60013556413844,03/07/2025,31,0.4887282614960227,0.05599538728593449,0.5713376934509727,0.7982293864196771,0.38770335200247563,5.063314583693912,1007.8888888888889,0.2384784048754637,0.11197916666666669
8,175,0,33.140595,35.600145,03/07/2025,31,0.5260020818048805,0.06659013500589481,0.5980910793850014,0.8151043001849737,0.4069086852826083,4.36923939949947,1008.4444444444445,0.17734529778647426,0.11805555555555557
8,176,0,33.140833333,35.60017,03/07/2025,31,0.4985437749329022,0.06398323802533072,0.5842811771116433,0.7864763012383995,0.4016219147680449,4.846251836004468,1045.5555555555557,0.17414261546614482,0.1076388888888889
8,177,0,33.141023333,35.600176667,03/07/2025,31,0.45694701275405286,0.06325393272043185,0.5505402337717433,0.7789514884895872,0.35985101231311,4.846251836004468,1116.2222222222222,0.1489353267294444,0.10763888888888891
8,178,0,33.141205,35.600185,03/07/2025,31,0.43893552264862534,0.07490076990925501,0.53247524333619,0.7853671672759254,0.3376544406308958,4.818494793599889,1160.888888888889,0.19320436039860128,0.11197916666666669
8,179,0,33.141415,35.600195,03/07/2025,31,0.37324393666024747,0.05836703824325802,0.49458826064096556,0.7422626781038524,0.2937336646832859,4.5587462305923765,1222.0,0.37901762056173816,0.13020833333333334
8,180,0,33.141525,35.600213333,03/07/2025,31,0.32304998520847916,0.03837096491248234,0.4535772001052734,0.7354623671724004,0.24839205270910467,3.9090372348154983,906.0,0.30073240205438745,0.16145833333333331
9,1,0,33.141286912,35.604064998,08/07/2025,26,0.31606738306678084,0.046956724319837995,0.4494276239259661,0.7307471438936514,0.2667161204583261,4.663320189106001,892.8888888888889,0.15215758861563475,0.125
9,2,1,33.141094482,35.604051333,08/07/2025,26,0.49538344760414194,0.054893791458494434,0.5809584282794774,0.7875211491056117,0.4075341933457442,3.857157547405643,749.0,0.18265342934878637,0.1701388888888889
9,3,0,33.141096643,35.60405209,08/07/2025,26,0.49464853256120245,0.05613175634584261,0.5826873704124821,0.7818463845956632,0.40928573113704675,4.4193721485946105,750.4444444444445,0.1789500262499023,0.12847222222222224
9,4,1,33.14089048,35.604042392,08/07/2025,26,0.49017306087538914,0.05321164180101054,0.5795881077049516,0.7802027249873383,0.40656413219233406,3.4541722720787553,758.7777777777778,0.20251708693659096,0.19791666666666666
9,5,1,33.140682515,35.604029097,08/07/2025,26,0.5288511155176412,0.08813534100444163,0.6115336756873336,0.7913154590420766,0.4355991984600539,4.804585169337799,1084.888888888889,0.15000402046113123,0.11111111111111113
9,6,1,33.140475232,35.60401586,08/07/2025,26,0.5211733195383811,0.09210285428540574,0.6036392009717283,0.794667402839839,0.4351847776939628,4.667481250360579,1126.888888888889,0.0898159394779702,0.125
9,7,1,33.14025896,35.604004345,08/07/2025,26,0.4739684873632995,0.08570341185897784,0.5785677604613781,0.7536145433696554,0.39104847403903137,3.89882421407231,1179.7777777777778,0.19473451958746074,0.15104166666666666
9,8,1,33.14006053,35.603991823,08/07/2025,26,0.44272293772700394,0.08381603397954614,0.5543281313629298,0.7453860283460593,0.35802829152389215,4.30196648144045,1222.888888888889,0.17816524045786675,0.13368055555555558
9,9,1,33.139857173,35.603978323,08/07/2025,26,0.4946934022903112,0.07990109638971361,0.5756551315702872,0.7992612830885767,0.396601109034838,4.5443721485946105,1104.4444444444443,0.11188346662531809,0.1267361111111111
9,10,1,33.139658807,35.60396682,08/07/2025,26,0.5738496209315743,0.08102386368888138,0.6311342166204025,0.8484197261150751,0.45549031578210436,5.0485332098491895,957.3333333333334,0.0902657337310904,0.1076388888888889
9,11,1,33.139454662,35.603955217,08/07/2025,26,0.5886459347660271,0.07687574893630969,0.6370806431161709,0.867482691328803,0.4714589408371398,5.0485332098491895,933.1111111111111,0.08705973916241916,0.1076388888888889
9,12,1,33.13925451,35.603942585,08/07/2025,26,0.573941758612641,0.07987892662801434,0.6212730294320258,0.8691754500319513,0.45017883713695184,5.084147917027244,984.4444444444445,0.05119720277546176,0.11111111111111113
9,13,1,33.139058995,35.603930637,08/07/2025,26,0.5373077951146641,0.08704509363370569,0.6026425272536714,0.8315819943795115,0.43387715772525476,4.5443721485946105,1023.1111111111111,0.15965092860426564,0.1267361111111111
9,14,1,33.138798595,35.603917333,08/07/2025,26,0.4915837847730904,0.08510414560974433,0.5716226835526584,0.8058665739245794,0.3940106710782916,4.846251836004467,1060.2222222222222,0.1320226591838638,0.1076388888888889
9,15,1,33.13859478,35.60390661,08/07/2025,26,0.4970164305901089,0.07544329698136057,0.567446910561589,0.8236245783518372,0.3822928999454721,5.292481250360577,1086.888888888889,0.0719468913266097,0.10416666666666669
9,16,0,33.138559323,35.603902088,08/07/2025,26,0.48329706753965657,0.07237670049197537,0.5579631745020434,0.8170313433720086,0.37074377993001734,4.663320189106001,741.1111111111111,0.10317789984974134,0.125
9,17,0,33.138557745,35.603610512,08/07/2025,26,0.5782888629338535,0.05222144952967481,0.6291299469545265,0.8549439548165246,0.44275630007721184,4.159037234815499,710.4444444444445,0.17947095923188694,0.15104166666666666
9,18,0,33.138752198,35.603623265,08/07/2025,26,0.7606551731116179,0.0066895362446327405,0.7423095804106336,1.0887942916960838,0.6076608346824653,4.57957956392571,794.6666666666666,0.32802601809954757,0.12239583333333334
9,19,0,33.138953912,35.603635937,08/07/2025,26,0.7734756358132976,0.014872853907545166,0.7465799320783325,1.1385060411405385,0.6041516539855034,4.854981250360577,787.4444444444445,0.23267146671558436,0.12760416666666669
9,20,0,33.139149112,35.603646213,08/07/2025,26,0.793833570041902,0.008668860775366511,0.7633957723639152,1.1692121272883964,0.6269398808321135,3.422254168419599,755.6666666666666,0.5286764705882353,0.20572916666666669
9,21,0,33.139345078,35.603659013,08/07/2025,26,0.7708861382286071,0.012162100881118888,0.7419396079709727,1.1462607482714695,0.6047413215824735,5.084147917027244,789.8888888888889,0.1218500533421624,0.11111111111111113
9,22,0,33.13955126,35.603671062,08/07/2025,26,0.7687994721380544,0.009380445365450532,0.7460065197893319,1.114392687285849,0.6038591606302538,4.544372148594611,781.2222222222222,0.2194844750942312,0.1267361111111111
9,23,0,33.139754877,35.603683665,08/07/2025,26,0.7915673421774226,0.0047547704571941265,0.7566560064415317,1.190898215735646,0.6175747572527228,3.9657380337859154,782.2222222222222,0.35416666666666674,0.11805555555555557
9,24,1,33.139954508,35.603691305,08/07/2025,26,0.7695591639023659,0.011248625512148265,0.7383456078644152,1.1562212366519466,0.6024652043849632,4.759892522926826,814.4444444444445,0.23651762056173822,0.11197916666666669
9,25,0,33.140151657,35.603703738,08/07/2025,26,0.7379579478674506,0.022507010611474813,0.7203407262448152,1.0825338522876953,0.5742032755574075,3.89882421407231,861.7777777777778,0.2562466878643349,0.15104166666666669
9,26,0,33.140346113,35.603719147,08/07/2025,26,0.7190286608614391,0.016405138457494108,0.7118390884234232,1.0306459179360414,0.5618604958032243,4.759892522926829,867.3333333333334,0.2191082202111614,0.11197916666666669
9,27,0,33.140550507,35.603734958,08/07/2025,26,0.715729940399571,0.015191403698022724,0.7059044235750507,1.0414247654520434,0.5634965653167142,4.36056875211351,885.3333333333334,0.2239824609677551,0.11805555555555555
9,28,1,33.140758675,35.603746657,08/07/2025,26,0.7794262998589075,0.01045064984473886,0.7493056926554433,1.15743390713117,0.6190629695731145,3.936919609405448,799.8888888888889,0.35551470588235295,0.12934027777777776
9,29,1,33.140959098,35.603758632,08/07/2025,26,0.7631997495942818,0.01021504575462295,0.7359837761732305,1.1332466548766973,0.5971897046461249,4.473406066166138,824.5555555555555,0.2749151583710407,0.1154513888888889
9,30,1,33.141164995,35.603769328,08/07/2025,26,0.7270142051357212,0.01505484593077663,0.7064502887451178,1.0894963139385128,0.5532905911542154,5.090199876515856,868.2222222222222,0.198736802413273,0.10416666666666669
9,31,1,33.141355642,35.603779397,08/07/2025,26,0.39986891220684095,0.08890431378119591,0.49887076665633373,0.7820199627353503,0.31190014298890717,4.603846168850304,1248.111111111111,0.12146691317370864,0.11458333333333334
9,32,0,33.141362582,35.603782643,08/07/2025,26,0.39986891220684095,0.08890431378119591,0.49887076665633373,0.7820199627353503,0.31190014298890717,4.603846168850304,1248.111111111111,0.12146691317370864,0.11458333333333334
9,33,0,33.14136001,35.603453605,08/07/2025,26,0.43108024610458373,0.08265124171388447,0.5116484039991736,0.8165226346275145,0.3273221258213873,4.294372148594611,1361.888888888889,0.2332351922057804,0.1371527777777778
9,34,0,33.141170608,35.60342983,08/07/2025,26,0.7612435581943353,0.009822991085904696,0.7311428269157183,1.1464599747841437,0.5867250640885154,4.5587462305923765,832.4444444444445,0.32546624678977615,0.13020833333333334
9,35,0,33.140905295,35.603415228,08/07/2025,26,0.8054394529391402,0.0032580434315265332,0.7647306336354484,1.2374617462084103,0.6293322094207249,3.221979625667783,761.5555555555555,0.5645833333333333,0.17361111111111113
9,36,0,33.140694023,35.603406603,08/07/2025,26,0.7851058783024862,0.012117636357082878,0.7582799630793265,1.1436611157261192,0.6127403221089488,5.084147917027246,778.5555555555555,0.1652305209138064,0.11111111111111112
9,37,0,33.14049937,35.603392937,08/07/2025,26,0.7878920873889609,0.009122418835347002,0.7580101230617066,1.1634372110693265,0.6277050911606321,1.1625311359020314,784.6666666666666,0.8541666666666666,0.59375
9,38,0,33.140300863,35.603382275,08/07/2025,26,0.8007258458122494,0.004363949341289944,0.7621697945180319,1.2204548555964594,0.6276428365069067,4.28806029632781,776.1111111111111,0.34003582202111615,0.11892361111111112
9,39,0,33.140099232,35.603368717,08/07/2025,26,0.8072584603588415,0.004482786184044685,0.7700064433292686,1.2188414321476393,0.6382412136731218,3.7262143864567436,757.2222222222222,0.5003205128205128,0.15885416666666666
9,40,0,33.139902152,35.60335784,08/07/2025,26,0.8157231244763311,0.0012714014506481478,0.7728996940471821,1.262362198106163,0.640751308552017,2.307180590341786,751.3333333333334,0.71875,0.2647569444444445
9,41,0,33.139703672,35.60334613,08/07/2025,26,0.8179963371019915,0.002264806236365074,0.7739524693242538,1.2729355773945188,0.6432708183159541,3.5799868557726664,742.2222222222222,0.4458333333333333,0.17361111111111113
9,42,0,33.139498387,35.603332867,08/07/2025,26,0.815026328715617,0.002019714978517829,0.7711155247529238,1.2681540076841007,0.6332098563135392,3.250840089726753,751.2222222222222,0.5041666666666667,0.1701388888888889
9,43,0,33.139295938,35.603322305,08/07/2025,26,0.8158355871806097,0.004485398807931516,0.769576167096258,1.2841986269794128,0.6331285153828188,3.97897703427341,755.0,0.34819182870653453,0.13975694444444448
9,44,0,33.139101065,35.603310657,08/07/2025,26,0.8171236535088833,0.004065809373605071,0.7733005793476372,1.2710248260108306,0.6434262817486758,4.6756874400108615,746.0,0.3279694570135746,0.1154513888888889
9,45,0,33.138908075,35.603298728,08/07/2025,26,0.8068347320473038,0.007505590534146626,0.7670905045794731,1.2351886298352606,0.6277929878993498,4.823527604437101,745.4444444444445,0.19841307936896171,0.11892361111111112
9,46,0,33.13866311,35.603275047,08/07/2025,26,0.7214146498040972,0.025880123241492112,0.7189550607793657,1.0138970575258641,0.5638925895257556,4.8193665431825226,856.7777777777778,0.21606248216542334,0.11545138888888891
9,47,0,33.138581163,35.603280792,08/07/2025,26,0.5747376935028424,0.06555748033801859,0.624368315012688,0.8625563016901058,0.42714781241863853,4.603846168850306,1056.2222222222222,0.1516031246178305,0.11458333333333334
9,48,0,33.138597765,35.60290721,08/07/2025,26,0.5515747087454397,0.08714294093403632,0.6148136293504279,0.8353431019877935,0.4239116816061662,5.292481250360577,1077.4444444444443,0.05764717379997374,0.10416666666666669
9,49,0,33.138834982,35.602923243,08/07/2025,26,0.8131951530704283,0.0057615952442382655,0.7767144672950403,1.2205818553086252,0.6426377639382156,3.6071575474056434,742.8888888888889,0.3895833333333334,0.16493055555555558
9,50,0,33.139036682,35.602934995,08/07/2025,26,0.8208514858496194,0.00536041834884158,0.774133779413991,1.2948176041399633,0.6488212794340401,4.638589126445728,743.7777777777778,0.23332568994333702,0.11458333333333334
9,51,0,33.139241355,35.6029517,08/07/2025,26,0.8213311607599997,0.00561543422936699,0.7762378201697324,1.285358553985009,0.6471023330142479,4.072888849880725,749.5555555555555,0.3599264705882353,0.1293402777777778
9,52,0,33.139453945,35.602959962,08/07/2025,26,0.8227824407130201,0.004995883454478023,0.7745671513791684,1.307534287266091,0.6449407054482554,3.259485231079872,743.4444444444445,0.5458333333333333,0.1701388888888889
9,53,0,33.139661677,35.602973688,08/07/2025,26,0.8311199807054175,0.002369139846119089,0.7771234469484551,1.3601374197049383,0.6546677231719893,4.346251836004467,753.6666666666666,0.4566176470588236,0.140625
9,54,0,33.139872935,35.602986725,08/07/2025,26,0.822123088854481,0.0065765880153517975,0.7747624289073941,1.3013684292177095,0.6410874364365983,4.2874484395233665,738.7777777777778,0.3993872549019608,0.1388888888888889
9,55,0,33.140085903,35.60299451,08/07/2025,26,0.8148314536876237,0.0034971025676680196,0.7710342240667543,1.2675574938653313,0.6423487122056577,3.967090774749888,764.4444444444445,0.3957107843137254,0.1388888888888889
9,56,0,33.14028589,35.603002758,08/07/2025,26,0.7972668189958809,0.015078663960863261,0.7636150742790169,1.1925193722782468,0.6341877146815289,3.9090372348154987,768.6666666666666,0.34375,0.16145833333333331
9,57,0,33.140491797,35.603008717,08/07/2025,26,0.8089608143614574,0.0037740107611348955,0.7658277668080413,1.256093344458476,0.628460282574677,3.8947719513574426,760.2222222222222,0.4557598039215687,0.14322916666666669
9,58,0,33.140701823,35.603020035,08/07/2025,26,0.8224558447205462,0.0024548288479769222,0.7754666801800757,1.2987702994192203,0.6491586328144762,4.406860937770434,748.3333333333334,0.32120098039215694,0.13281250000000003
9,59,0,33.1409083,35.603032117,08/07/2025,26,0.8102815413540736,0.0033543574849358286,0.7664291945403412,1.2619875803141205,0.6346827482105659,2.9851597725718704,766.7777777777778,0.5125000000000002,0.2230902777777778
9,60,0,33.141111607,35.60304688,08/07/2025,26,0.7885269200246902,0.0054805940224807986,0.7505565853403635,1.2057054018764202,0.605807456401208,3.9555987125771095,797.8888888888889,0.3402714932126697,0.1449652777777778
9,61,0,33.141313127,35.60306078,08/07/2025,26,0.6403516138496855,0.0463773134182239,0.6674255070148423,0.914720117837255,0.4920008931174195,4.959147917027245,980.7777777777778,0.11433894246304574,0.11111111111111112
9,62,0,33.14139051,35.603068565,08/07/2025,26,0.37388557988045484,0.07758484451542837,0.4884391001435426,0.75578144915478,0.28735970174339887,4.8193665431825226,1487.111111111111,0.2786737189678366,0.1154513888888889
9,63,0,33.141412005,35.602701403,08/07/2025,26,0.43144768004034684,0.07632594819812812,0.5292968190413297,0.7774211507274333,0.32526118839969476,3.855112115783683,1320.111111111111,0.39276960784313725,0.140625
9,64,0,33.141203282,35.602691407,08/07/2025,26,0.7712989193800611,0.008270301701003306,0.7355358064432519,1.1808384933728775,0.5939500967147525,4.619239399499472,800.3333333333334,0.23593748726101663,0.1076388888888889
9,65,0,33.140982287,35.602679077,08/07/2025,26,0.7863817325105316,0.004631152586039668,0.7520182163375391,1.183783657354019,0.6087530112180405,4.4193721485946105,761.2222222222222,0.2420437405731523,0.12847222222222224
9,66,0,33.140769327,35.602664842,08/07/2025,26,0.8007914073653738,0.007275641358042068,0.7573548519532095,1.2484308718132004,0.622759099534619,4.819366543182522,759.3333333333334,0.23509793730381967,0.1154513888888889
9,67,0,33.140495052,35.602649287,08/07/2025,26,0.7828201117359288,0.014207768476322522,0.754636709169594,1.1507871017482596,0.6144499152560954,5.292481250360577,770.5555555555555,0.1675211976682565,0.10416666666666669
9,68,0,33.140286277,35.602638978,08/07/2025,26,0.7460239679363521,0.013088131486400154,0.7313313625503669,1.0680049818891797,0.5908770679446178,4.353846168850305,820.4444444444445,0.25743192287309935,0.125
9,69,0,33.140064585,35.602629978,08/07/2025,26,0.7912790546881526,0.0047939226402907925,0.7507920061019074,1.2217186265641862,0.6107849904418283,3.1483948553419605,774.3333333333334,0.40291289592760177,0.2126736111111111
9,70,0,33.139848443,35.60261067,08/07/2025,26,0.7961834288507381,0.011011319907175665,0.7577690131421174,1.2163818021136197,0.6215758320735261,5.292481250360577,753.5555555555555,0.20927280787574903,0.10416666666666669
9,71,0,33.139635075,35.602597178,08/07/2025,26,0.8034700806021174,0.00837677602783377,0.7636572549723843,1.2314574368382212,0.6268791337746571,5.090199876515856,753.5555555555555,0.1349444033482771,0.10416666666666669
9,72,0,33.139425498,35.602584823,08/07/2025,26,0.8132997819996325,0.003399830470548108,0.7670774005763289,1.280531357275755,0.6344688655637479,4.434153522439333,748.6666666666666,0.32589223839223835,0.1328125
9,73,0,33.139213838,35.602572743,08/07/2025,26,0.7983520648603898,0.013431766825795919,0.7565368390050433,1.239817350801627,0.6222742641720594,4.596251836004467,765.7777777777778,0.180070115364233,0.11805555555555555
9,74,0,33.139007128,35.602560708,08/07/2025,26,0.7892838125396496,0.00508072144890852,0.7555230127588318,1.1829289866428205,0.6190818465093554,3.803127068983564,757.2222222222222,0.39926470588235297,0.1623263888888889
9,75,0,33.138810023,35.602547602,08/07/2025,26,0.7947198717925874,0.010992458823856915,0.7536487520339518,1.2299474234400642,0.6207305095867971,5.292481250360577,787.3333333333334,0.1199657029284002,0.10416666666666669
9,76,0,33.138615217,35.602534878,08/07/2025,26,0.6012522080000239,0.07081371033540558,0.6425493990775036,0.8829726259844863,0.46334503244433556,4.846251836004467,1003.0,0.09372316960887576,0.1076388888888889
9,77,0,33.138627787,35.602157915,08/07/2025,26,0.5258966537241563,0.06905450790779291,0.5950503020317752,0.8218720423112161,0.40415886953855007,5.292481250360577,1039.5555555555557,0.10020238614072456,0.10416666666666669
9,78,0,33.138887292,35.602182118,08/07/2025,26,0.7318694330290154,0.004040036228461453,0.7136393408012337,1.0795327854398298,0.560756575850176,4.8193665431825226,816.5555555555555,0.3419871794871795,0.1154513888888889
9,79,0,33.139158382,35.602200713,08/07/2025,26,0.7477697845220939,0.005281551886632301,0.729247666495684,1.0854340922080772,0.5706874306470557,2.68012332660786,785.7777777777778,0.625,0.21874999999999994
9,80,0,33.139360385,35.602217213,08/07/2025,26,0.759125751710892,0.008243869273321196,0.73082668455363,1.1367852184661036,0.5848128864052844,3.6715263787562824,789.4444444444445,0.3715214932126697,0.1640625
9,81,0,33.139586797,35.602228003,08/07/2025,26,0.7369844545314149,0.006083700172143376,0.7250065773299127,1.0529723574610115,0.5751658435940578,3.899804762194655,795.8888888888889,0.42904411764705874,0.1328125
9,82,0,33.139810333,35.602237327,08/07/2025,26,0.7349078932639714,0.009333769827077525,0.7225996583444899,1.0547327544158251,0.5764133026071033,5.06331458369391,801.5555555555555,0.2380674962292609,0.11197916666666669
9,83,0,33.139996715,35.60226631,08/07/2025,26,0.731199254774211,0.00598434544184857,0.716807853660984,1.0628288376912387,0.56736489172775,3.775823910846054,824.5555555555555,0.4895833333333333,0.1762152777777778
9,84,0,33.14019521,35.602263182,08/07/2025,26,0.7203487000876737,0.01462135991966639,0.7064802347384427,1.0600823009610076,0.5519165666827796,3.724688546745176,849.2222222222222,0.3414969834087481,0.14756944444444445
9,85,0,33.140404598,35.602272378,08/07/2025,26,0.7517701648993236,0.007230960785448917,0.736675230913129,1.071807252774364,0.5826227865161059,3.5932258562601613,769.7777777777778,0.5125,0.15885416666666666
9,86,0,33.140615925,35.602280335,08/07/2025,26,0.7490519823646182,0.0046266596312219,0.7263867665098638,1.1048357893864673,0.5807082160017801,3.767312558951969,787.3333333333334,0.4498774509803921,0.1579861111111111
9,87,0,33.140818843,35.602289105,08/07/2025,26,0.7370168061029023,0.006619871225661079,0.7135612391699864,1.1045447757071498,0.5680848154926272,4.188314583693911,809.2222222222222,0.3370001732501732,0.17274305555555558
9,88,0,33.141022235,35.602301605,08/07/2025,26,0.7335126850708662,0.004535089729258512,0.7168643889908671,1.073365177623655,0.5626050343742335,1.4353074058019708,800.6666666666666,0.84375,0.4887152777777778
9,89,0,33.141244192,35.602314183,08/07/2025,26,0.7037990240389688,0.006391610458333385,0.695492349706595,1.0329958075974977,0.5367857145673063,3.936772210336683,837.6666666666666,0.42740384615384613,0.1362847222222222
9,90,0,33.141433223,35.602326745,08/07/2025,26,0.3490287010420406,0.06559997961134423,0.4787468412753074,0.7319180972318099,0.2787639685540654,4.312907291846955,1403.3333333333333,0.3423583934613346,0.14930555555555555
9,91,0,33.14145075,35.601956577,08/07/2025,26,0.372390660747676,0.05919324702982324,0.4929114097261216,0.743637435490166,0.2835171811809124,4.0322937356502315,1342.888888888889,0.29443815987933636,0.16493055555555558
9,92,0,33.141242393,35.601946688,08/07/2025,26,0.6965462973081009,0.011103889799946195,0.697415773977995,0.9969289289665824,0.5436999731837749,3.6889264404983546,843.3333333333334,0.46703431372549015,0.14930555555555555
9,93,0,33.14103524,35.601935268,08/07/2025,26,0.7319891204392923,0.0081538579048143,0.7144066788826928,1.077073521599219,0.5645743038648819,3.7781071683628107,808.6666666666666,0.3810620235620235,0.17708333333333334
9,94,0,33.140825837,35.601921853,08/07/2025,26,0.7342670726683289,0.0026829258830901375,0.7169976292826388,1.0757092046071113,0.5652488840720006,4.602303795493078,798.0,0.30180052790346906,0.11111111111111112
9,95,0,33.140610482,35.601909215,08/07/2025,26,0.7449055005714483,0.005281187376914605,0.7240586101565689,1.095270448938032,0.5853263853633215,3.9320247983105037,797.7777777777778,0.39583333333333337,0.15104166666666666
9,96,1,33.140401507,35.601895982,08/07/2025,26,0.7471416055003641,0.008191782794287892,0.7246714637672049,1.1038760069001197,0.5751448538989927,4.8401998765158565,789.1111111111111,0.25160312461783046,0.11458333333333334
9,97,0,33.14020589,35.601884077,08/07/2025,26,0.7366666450986519,0.005074467817794393,0.7187645983334289,1.0795791633378675,0.5737943481627858,4.637918502671134,821.8888888888889,0.3073358709388121,0.11458333333333334
9,98,0,33.14000206,35.601872723,08/07/2025,26,0.7472492203467567,0.004066137539379522,0.7268590726608574,1.0934963149075612,0.5843860386425241,4.02890865756051,787.5555555555555,0.34764761933879584,0.12586805555555555
9,99,0,33.139791972,35.601860572,08/07/2025,26,0.7311695501626887,0.005142801490828588,0.7157547683320685,1.0671246531940652,0.5680395210696322,3.1633456951388426,809.6666666666666,0.6145833333333333,0.20486111111111113
9,100,0,33.139583615,35.601845982,08/07/2025,26,0.7459460938024134,0.004475949491850906,0.7245603077812853,1.0979951354372792,0.5867786422454826,4.477974419267672,806.4444444444445,0.24427413273001508,0.11458333333333334
9,101,0,33.139379935,35.601834952,08/07/2025,26,0.7362982524219286,0.0030555305057768756,0.7223963538971003,1.0613029038890913,0.5843348764684344,3.1297949849424147,798.8888888888889,0.6041666666666666,0.18836805555555555
9,102,0,33.13918549,35.601823747,08/07/2025,26,0.7494884840115041,0.003812211557375286,0.7256147735052623,1.1110621660143598,0.5774072779372117,3.4420095861313817,794.0,0.5354166666666667,0.17274305555555555
9,103,0,33.138985528,35.601811522,08/07/2025,26,0.7389034884992812,0.0049206336033935805,0.7192375349814074,1.0882505757687928,0.5788591259299065,2.383888220226404,811.7777777777778,0.65625,0.2795138888888889
9,104,0,33.138775373,35.601799308,08/07/2025,26,0.7136499710146845,0.011673445685555067,0.7031893494864839,1.044506639480132,0.5512104203842954,3.4741622858982253,835.5555555555555,0.5270833333333333,0.15885416666666669
9,105,0,33.138647572,35.60179156,08/07/2025,26,0.4896547681564843,0.08092018857930829,0.5714379090979445,0.8016309593774184,0.37184444781643017,3.9090372348154983,1091.7777777777778,0.20494664540934268,0.16145833333333334
9,106,0,33.138667807,35.601407053,08/07/2025,26,0.55327180311154,0.06544118929374004,0.6108078401168608,0.8451418293524927,0.41992158416497394,4.159037234815499,1023.0,0.1829270579485787,0.15104166666666666
9,107,0,33.13886883,35.601419228,08/07/2025,26,0.7359013020731244,0.0033224939709966526,0.716112701030454,1.0876458091359946,0.5729549278646504,2.254715752170299,811.0,0.7312500000000001,0.3706597222222222
9,108,0,33.139074902,35.601434497,08/07/2025,26,0.7523300400744624,0.0046494963237078335,0.7251265003901467,1.1275526230935446,0.5689377538126416,3.9693609377704338,792.6666666666666,0.43333333333333335,0.1545138888888889
9,109,0,33.139263995,35.601447725,08/07/2025,26,0.7506500828422336,0.006117275805224749,0.7268603047227401,1.1113180305810408,0.5857691372349062,2.5738496345702995,800.5555555555555,0.6729166666666666,0.23350694444444445
9,110,0,33.139466282,35.601456147,08/07/2025,26,0.7507804583012221,0.0036599584414688563,0.7310112863351412,1.091893140842588,0.585811848595172,3.4687640135302216,787.8888888888889,0.4479166666666667,0.1501736111111111
9,111,0,33.139682903,35.601474367,08/07/2025,26,0.7511447366767452,0.0037125226625433286,0.7196868406163269,1.1470705217835733,0.5767768149334541,3.4222541684195993,808.6666666666666,0.5245098039215687,0.20572916666666669
9,112,0,33.139896577,35.601488797,08/07/2025,26,0.7505608182834953,0.005751769120136655,0.7253779058040108,1.1175664497695674,0.5783892663886158,3.2689002017748097,796.3333333333334,0.51875,0.16579861111111113
9,113,0,33.140105433,35.60150685,08/07/2025,26,0.7476069899557558,0.0013514804191877984,0.7263540989115423,1.097555959708337,0.5800783982452583,3.9367722103366827,798.5555555555555,0.44375000000000003,0.13628472222222224
9,114,0,33.140302,35.601519018,08/07/2025,26,0.6527635191346866,0.020107246900135586,0.6674350733836628,0.9501895638152378,0.5146045147717315,4.2874484395233665,902.4444444444445,0.3310482654600302,0.1388888888888889
9,115,0,33.140519643,35.6015303,08/07/2025,26,0.7450170173266366,0.01092335031240377,0.7188139273361713,1.1204058797700922,0.5686663347020968,4.532880086421832,792.3333333333334,0.25878638253638253,0.11892361111111113
9,116,0,33.140717898,35.601546062,08/07/2025,26,0.7494964093932074,0.005444333358779976,0.7255979829173136,1.110938568804543,0.5837937347196414,4.675687440010861,786.5555555555555,0.2747737556561086,0.11545138888888891
9,117,0,33.140930147,35.601562102,08/07/2025,26,0.7411551867370166,0.006154211123922869,0.7234976513990375,1.079451985041253,0.5776584078469094,4.516134114808694,790.4444444444445,0.18726045615751497,0.14149305555555555
9,118,0,33.141096252,35.60156632,08/07/2025,26,0.7248729254932162,0.002658628819560984,0.7157676945751252,1.038671050324382,0.5603106518481096,4.249272210336684,799.0,0.3694852941176471,0.1267361111111111
9,119,0,33.141307538,35.601582055,08/07/2025,26,0.6913150617064509,0.01298046701456614,0.6932943415776893,0.9934783125820024,0.5335059553386389,3.0258676764873833,851.4444444444445,0.5499999999999999,0.2170138888888889
9,120,0,33.141473253,35.601592685,08/07/2025,26,0.3114479834734591,0.0546139252227021,0.45608290285044856,0.7114390291716732,0.25451610233360633,4.5443721485946105,1489.888888888889,0.33306428600546245,0.1267361111111111
9,121,0,33.141476053,35.601205358,08/07/2025,26,0.43198760702109573,0.07420474813268596,0.5363521757091005,0.7635955361337823,0.3455258969100807,4.558746230592377,1237.5555555555557,0.34832202111613875,0.13020833333333334
9,122,0,33.141265283,35.601192873,08/07/2025,26,0.7191677968062846,0.007894986525697895,0.7101275906220647,1.0377719401304706,0.557136686758778,4.188461982762676,832.7777777777778,0.31486659736659733,0.13802083333333334
9,123,0,33.141060453,35.601175985,08/07/2025,26,0.7496050722678129,0.004067531773352195,0.7270995607553283,1.1044309868265376,0.5867264286869742,2.246507326436166,804.0,0.6979166666666667,0.27864583333333337
9,124,0,33.140853317,35.601165188,08/07/2025,26,0.7535561540250157,0.0054145220557073655,0.7342697049462679,1.0911700773177644,0.5777360470957922,3.1836852963029663,778.3333333333334,0.407696638946639,0.17708333333333331
9,125,0,33.140644383,35.601151265,08/07/2025,26,0.7554037579839382,0.008583455071141534,0.7343683501483987,1.0991631924089726,0.6020452126872788,4.846251836004467,781.4444444444445,0.10926930480416364,0.10763888888888891
9,126,0,33.140442832,35.601149153,08/07/2025,26,0.7428261763413029,0.008486459435126692,0.7234010549265241,1.0884553008999558,0.5920657914619888,4.221251836004465,801.8888888888889,0.2740196078431373,0.12847222222222224
9,127,0,33.140229845,35.601136568,08/07/2025,26,0.7426563383127787,0.006580827438871723,0.7244331895760207,1.0824817420507553,0.5801166575004116,3.9937584081181323,816.0,0.4753676470588235,0.1440972222222222
9,128,0,33.140024335,35.601123753,08/07/2025,26,0.7600043095915079,0.0036664466586260437,0.7325825080558104,1.1319775576639117,0.5957316570271262,4.818494793599889,795.0,0.30061274509803926,0.11197916666666669
9,129,0,33.139818435,35.601111035,08/07/2025,26,0.7531183523284319,0.006674691457190714,0.7325183379218774,1.0970018242473545,0.5932473833291957,3.692009586131382,794.6666666666666,0.4385858709388122,0.1623263888888889
9,130,0,33.139614337,35.601098623,08/07/2025,26,0.7485470576520862,0.004749968208827344,0.734548415499365,1.0643181433198678,0.5923074570582216,3.47346323205486,795.7777777777778,0.4060049019607843,0.15885416666666669
9,131,0,33.139420042,35.601088313,08/07/2025,26,0.7337705410090446,0.009329831385107155,0.7186902905917025,1.0669267221606342,0.573616373825256,3.9002857535759934,826.4444444444445,0.45625000000000004,0.1293402777777778
9,132,0,33.139215988,35.601075682,08/07/2025,26,0.7143971856863746,0.004204186133096276,0.7095052525237614,1.020110366680414,0.5560335441745248,3.2960581526199157,837.8888888888889,0.5604166666666667,0.203125
9,133,0,33.139019293,35.601063452,08/07/2025,26,0.7373368768843194,0.007602684672266034,0.7172076627687718,1.0898302135502027,0.5764399021587763,4.001426440498355,821.0,0.3377073906485671,0.1449652777777778
9,134,0,33.138819787,35.601052053,08/07/2025,26,0.7190178257447695,0.007697704871161166,0.7107540096044443,1.0346599722977965,0.5493956788946988,3.3143337323453097,834.8888888888889,0.519683257918552,0.1970486111111111
9,135,0,33.138685703,35.601043738,08/07/2025,26,0.5292646160910988,0.07892611824710319,0.5887527145436816,0.8459647957474347,0.400010761849681,5.292481250360577,1098.111111111111,0.0720085014549912,0.10416666666666669
9,136,0,33.138696937,35.600672637,08/07/2025,26,0.4905078567418695,0.07900645381067141,0.5707284936609653,0.8051349592563084,0.3809926264652746,4.5745467530885,1147.2222222222222,0.16273756955984067,0.1154513888888889
9,137,0,33.13891635,35.60068634,08/07/2025,26,0.6972336389953493,0.010337234048143502,0.6969498193289534,1.001892870930177,0.5459726602552618,5.063314583693912,870.5555555555555,0.23862668664139253,0.11197916666666669
9,138,0,33.139121617,35.600699377,08/07/2025,26,0.7129661033223829,0.00767180340811149,0.7048770885072928,1.0333736778010583,0.5504627321785724,3.9015647950055827,840.1111111111111,0.4120098039215686,0.1423611111111111
9,139,0,33.1393337,35.600712562,08/07/2025,26,0.722072354281158,0.003082296944528358,0.7142813715079339,1.0327018208813088,0.5650032212919804,1.4541978025686977,827.7777777777778,0.8541666666666666,0.532986111111111
9,140,0,33.139534923,35.600723458,08/07/2025,26,0.7197543437955131,0.004936597442823733,0.7111149129749396,1.0362852203874904,0.5574774077744462,4.586038815261277,835.3333333333334,0.22892768333944807,0.1076388888888889
9,141,0,33.139738737,35.600736808,08/07/2025,26,0.735659795928989,0.0054497990252198305,0.7231284341766452,1.0552821339651557,0.5701797224380589,3.7297213575823878,811.2222222222222,0.45612745098039215,0.1527777777777778
9,142,0,33.139948875,35.600750173,08/07/2025,26,0.7350720004179646,0.00613049110445811,0.7198069710286994,1.067559463503529,0.5718957722179208,1.5366514948526366,819.6666666666666,0.5666666666666667,0.3645833333333333
9,143,1,33.140144637,35.600762023,08/07/2025,26,0.7332790173624876,0.004935610025805889,0.7153410430104122,1.0785977554552337,0.5671055203645171,3.97897703427341,829.3333333333334,0.4573623680241327,0.13975694444444445
9,144,0,33.140341158,35.600774185,08/07/2025,26,0.6578452058902639,0.012330818581425245,0.6719859147345887,0.9508163982704411,0.5151128017212594,4.854981250360579,917.0,0.24547220490549043,0.12760416666666669
9,145,1,33.140545973,35.600785708,08/07/2025,26,0.7451618182781855,0.0053728595941348635,0.7351995089350074,1.0456467617205953,0.5819973294931291,3.916756899846709,787.5555555555555,0.5208333333333334,0.14583333333333334
9,146,0,33.140749102,35.600797853,08/07/2025,26,0.7341984167607893,0.010168015583090469,0.7189811927431348,1.0677926206792216,0.5664820715663795,3.724688546745176,809.3333333333334,0.5354166666666667,0.14756944444444445
9,147,0,33.140955428,35.600813163,08/07/2025,26,0.7227010097577846,0.005847289074270472,0.7102399158232651,1.0526753533353947,0.5661916837245311,2.8108522672525087,829.6666666666666,0.49583333333333346,0.18750000000000003
9,148,0,33.141156333,35.600825512,08/07/2025,26,0.704861616697833,0.010486362286143051,0.7021767321723961,1.010929645790736,0.5456682827559595,4.223406066166138,837.8888888888889,0.27577967673555903,0.12586805555555555
9,149,0,33.141373655,35.600838453,08/07/2025,26,0.6512728709385298,0.016932252076068445,0.6747094229907808,0.9215886731894598,0.4993567388019317,2.6851430429488605,893.4444444444445,0.5437500000000001,0.23524305555555558
9,150,0,33.141495348,35.600846943,08/07/2025,26,0.3692989517402253,0.07287961285432282,0.4977822701486331,0.728078877610241,0.2854418447489636,3.214475526001987,1394.5555555555557,0.48149509803921564,0.18055555555555555
9,151,0,33.141495,35.600518333,08/07/2025,26,0.35246942018437655,0.07297025326725592,0.48043852378085916,0.7341141861110658,0.27778275798043767,4.512918502671133,1452.888888888889,0.13482562382490645,0.11458333333333334
9,152,0,33.141263333,35.600531667,08/07/2025,26,0.6829726916338456,0.007927557611308514,0.6933482254472925,0.9613627159378686,0.5217839152085205,3.8551121157836827,859.7777777777778,0.4682598039215686,0.140625
9,153,0,33.141045,35.600531667,08/07/2025,26,0.7138527512139881,0.005415168123905888,0.7178150619249999,0.9838849059913295,0.5541360272889911,5.084147917027246,804.1111111111111,0.20451546003016594,0.11111111111111113
9,154,0,33.140848333,35.6005,08/07/2025,26,0.7121307275524663,0.0047144782907101775,0.7083161106218057,1.0158168948234536,0.550952238043079,2.6425695521513317,837.2222222222222,0.6144607843137255,0.2300347222222222
9,155,0,33.140648333,35.600471667,08/07/2025,26,0.7269889267769637,0.0044143580130679766,0.7114303607754073,1.066702619384965,0.5604720723506287,4.5191600945529995,835.0,0.2532239819004525,0.11458333333333334
9,156,1,33.140461667,35.600471667,08/07/2025,26,0.7110322660224477,0.016276289079247712,0.7062409871213072,1.021041148579775,0.5490229828862576,5.048533209849189,838.7777777777778,0.20940779014308428,0.1076388888888889
9,157,0,33.140243333,35.600458333,08/07/2025,26,0.7056534127706269,0.007862020324410007,0.7061718093069238,0.9981676541587304,0.5567513005236902,4.009892522926827,844.7777777777778,0.4556372549019608,0.15885416666666669
9,158,0,33.140033333,35.600441667,08/07/2025,26,0.7117555140466166,0.0066122486045909,0.7082312284308833,1.014551586730477,0.5583394700665173,3.932024798310503,847.5555555555555,0.37083333333333324,0.15104166666666669
9,159,0,33.139836667,35.600428333,08/07/2025,26,0.7175595875515414,0.0066946553565486264,0.7116252411339485,1.024809744497628,0.5637906578205305,4.532880086421833,842.0,0.2695196893726305,0.11892361111111112
9,160,0,33.139625,35.600426667,08/07/2025,26,0.7101240963183365,0.006013502140857783,0.7078757760250938,1.0098626584418584,0.5517162191409352,-0.0,843.4444444444445,1.0,1.0
9,161,0,33.13943,35.60041,08/07/2025,26,0.6991929824390639,0.00440312550533228,0.7005012199881491,0.9949342291655994,0.5516985481551999,4.3360388152612765,855.5555555555555,0.34411764705882353,0.11805555555555557
9,162,0,33.139238333,35.600401667,08/07/2025,26,0.6989133411987368,0.009307084784094623,0.7017730418341558,0.9896709477505934,0.5458435421915223,3.896996441904049,850.7777777777778,0.2756359300476947,0.1449652777777778
9,163,0,33.139026667,35.60037,08/07/2025,26,0.7067335943268203,0.006821170604840198,0.707027606796856,0.9991763214394358,0.5447168459352659,3.6966516387672983,861.2222222222222,0.41985294117647054,0.1623263888888889
9,164,1,33.138808333,35.600365,08/07/2025,26,0.6695673359350138,0.010669631380892655,0.6813682617540502,0.9576219427909852,0.5200491542628544,4.352303795493078,909.2222222222222,0.3254430618401207,0.12152777777777778
9,165,0,33.138731667,35.600373333,08/07/2025,26,0.5361640795480326,0.06742698556192063,0.5992489261395673,0.8366943745711515,0.406973457935197,2.707518749639422,1086.2222222222222,0.2821939586645469,0.2708333333333333
9,166,0,33.13873998884879,35.60004385714451,08/07/2025,26,0.345973070842354,0.03365255150086892,0.47893926551705834,0.7250933952652788,0.26429127115472,3.803127068983564,879.1111111111111,0.37712450500228795,0.1623263888888889
9,167,0,33.13900409577885,35.60006273212911,08/07/2025,26,0.5102130936349538,0.04398742225015736,0.5984138782547519,0.7766827304538049,0.39318630321857945,4.18643861802411,1029.7777777777778,0.24949660633484166,0.12239583333333334
9,168,0,33.13922356945667,35.60007698444571,08/07/2025,26,0.5089551630225633,0.05127579803950249,0.5942951756466421,0.7845153652066044,0.3979458385442036,4.8193665431825226,1053.888888888889,0.2323144694468224,0.1154513888888889
9,169,0,33.13941330636254,35.60008225836661,08/07/2025,26,0.5083740686121814,0.058169490478731566,0.5998209484995036,0.7714671455765373,0.4071025219544703,4.159037234815499,1027.5555555555557,0.21594135991194807,0.15104166666666666
9,170,1,33.13962532476266,35.600100899878065,08/07/2025,26,0.5002227433278573,0.06100339676032798,0.5914138632953102,0.7740325398882422,0.3979778150394151,5.063314583693913,1065.3333333333333,0.22169433627988328,0.11197916666666669
9,171,0,33.13985226772052,35.600106340853756,08/07/2025,26,0.48264298332968003,0.06099479776764754,0.570259691703212,0.7843862663824412,0.37231386112715414,4.389200983250171,1116.2222222222222,0.2392015745080684,0.11892361111111112
9,172,0,33.140034535297254,35.60012042646064,08/07/2025,26,0.46053193911747936,0.06263510736244576,0.5557479815968033,0.7755737891183403,0.3518446881597879,3.89882421407231,1136.2222222222222,0.3679769984917043,0.15104166666666666
9,173,0,33.14023916864876,35.60012134484122,08/07/2025,26,0.44720773280001525,0.07846295725566854,0.5443056423394679,0.7755627809595979,0.33630105828405926,4.804585169337799,1151.0,0.1885736924707513,0.11111111111111113
9,174,0,33.14045120106142,35.60013556413844,08/07/2025,26,0.501216205361683,0.05639609785379147,0.5719329272749628,0.8233025419045907,0.36810383669482305,5.0901998765158565,1063.888888888889,0.20164969834087482,0.10416666666666669
9,175,0,33.140595,35.600145,08/07/2025,26,0.5229645494686507,0.064621855211752,0.594478786355177,0.8146462661511086,0.39365932220534483,4.603846168850304,1056.0,0.1624528657616893,0.11458333333333334
9,176,0,33.140833333,35.60017,08/07/2025,26,0.501764824064303,0.061616950049233794,0.5847002964926309,0.7930037584888947,0.3887845267021478,5.0485332098491895,1097.3333333333333,0.1651556194203253,0.1076388888888889
9,177,0,33.141023333,35.600176667,08/07/2025,26,0.45146828550174306,0.06728870833217762,0.5445298183493512,0.7834597356289641,0.3422394756491379,4.615194271103767,1183.3333333333333,0.23795116383351678,0.12586805555555558
9,178,0,33.141205,35.600185,08/07/2025,26,0.4364909678223409,0.06881343350675687,0.5421198984190356,0.7596818809106666,0.3190845902334663,5.084147917027245,1184.2222222222222,0.16360849537320124,0.11111111111111113
9,179,0,33.141415,35.600195,08/07/2025,26,0.39112605118977317,0.05950289580965967,0.5045925081728462,0.7535532280910882,0.3021194776985999,4.663320189106001,1286.888888888889,0.23042043740573154,0.125
9,180,0,33.141525,35.600213333,08/07/2025,26,0.3167390723617151,0.040084607949377106,0.45885124110793213,0.7157762702338274,0.2482206555115143,3.5591790284721756,943.4444444444445,0.4167068958217234,0.1657986111111111
10,1,0,33.141286912,35.604064998,14/07/2025,20,0.23035375585297505,0.022167337490525633,0.37522730087704687,0.7263088537013577,0.1765486681027152,3.7170907747498885,919.0,0.2917299755982778,0.14930555555555558
10,2,1,33.141094482,35.604051333,14/07/2025,20,0.38853042615942424,0.039743057406618626,0.5128004897119124,0.73175061423886,0.3026241151310258,3.1521706916329766,771.5555555555555,0.277129623914743,0.22395833333333331
10,3,0,33.141096643,35.60405209,14/07/2025,20,0.3874320839822749,0.042160660376369626,0.510046604162442,0.7361025125670487,0.2970692697268038,3.152170691632976,775.5555555555555,0.29379629058140966,0.22395833333333331
10,4,1,33.14089048,35.604042392,14/07/2025,20,0.3752727821158472,0.04939312827645557,0.5046173134423299,0.7259468059395155,0.3009700646524492,2.707518749639422,783.8888888888889,0.2644714952574862,0.2708333333333333
10,5,1,33.140682515,35.604029097,14/07/2025,20,0.4373326847475182,0.0710374164244483,0.5358436854222711,0.775900730652346,0.34292873449734035,3.8571575474056425,1155.6666666666667,0.2790441176470588,0.1701388888888889
10,6,1,33.140475232,35.60401586,14/07/2025,20,0.42578378258285693,0.08292497052973875,0.529236612709276,0.7688392740832907,0.3352361552049325,3.8571575474056425,1184.4444444444443,0.24362413884472703,0.1701388888888889
10,7,1,33.14025896,35.604004345,14/07/2025,20,0.39050213671676054,0.0627285441168745,0.502937769384934,0.7562307115939032,0.31445196690260047,3.4718226336265308,1264.888888888889,0.27545248868778277,0.19444444444444445
10,8,1,33.14006053,35.603991823,14/07/2025,20,0.36145581416006034,0.05882053349484081,0.476403302773156,0.7573643718128387,0.28897163792399144,3.4718226336265308,1329.3333333333333,0.3102941176470588,0.19444444444444445
10,9,1,33.139857173,35.603978323,14/07/2025,20,0.3763136840502795,0.055623222195666795,0.4880008167164266,0.7594409028635005,0.30364145775765344,3.9090372348154987,1288.2222222222222,0.2565251620398679,0.16145833333333334
10,10,1,33.139658807,35.60396682,14/07/2025,20,0.4430768111376642,0.0697180907594848,0.5354911529370328,0.7854088429624493,0.354134006938769,5.292481250360577,1147.7777777777778,0.13887076183345914,0.10416666666666669
10,11,1,33.139454662,35.603955217,14/07/2025,20,0.44091786758919205,0.06995735043703906,0.5433055670505954,0.7647604977240076,0.35547190134387985,3.9090372348154983,1129.5555555555557,0.23741872528637226,0.16145833333333331
10,12,1,33.13925451,35.603942585,14/07/2025,20,0.42850330506279116,0.06615650369188092,0.5322317771977634,0.7637607718986091,0.3482983847771288,3.9090372348154983,1129.111111111111,0.22680786555786553,0.16145833333333337
10,13,1,33.139058995,35.603930637,14/07/2025,20,0.41768145802431156,0.06273936681604252,0.5231987987544922,0.7625378631083697,0.3461643223972941,3.5968226336265317,1159.6666666666667,0.22906271656271654,0.17708333333333334
10,14,1,33.138798595,35.603917333,14/07/2025,20,0.3764645108740114,0.06572248779436252,0.49814171021651593,0.7400177867046075,0.31207736583765,3.4718226336265308,1189.0,0.24751212751212753,0.19444444444444448
10,15,1,33.13859478,35.60390661,14/07/2025,20,0.4055533977619572,0.07681146750734769,0.514901085827261,0.761258038150196,0.32345170695104747,4.596251836004467,1117.5555555555557,0.1816379237917975,0.11805555555555555
10,16,0,33.138559323,35.603902088,14/07/2025,20,0.39646477776734373,0.07496922751497338,0.509025179095688,0.75648263520626,0.3160374194238029,3.9670907747498876,750.2222222222222,0.2048254545966577,0.1388888888888889
10,17,0,33.138557745,35.603610512,14/07/2025,20,0.5528599703946099,0.025473659700954308,0.6163713599914976,0.8244701856881868,0.41561956880705736,3.8571575474056425,631.7777777777778,0.2226717869080562,0.1701388888888889
10,18,0,33.138752198,35.603623265,14/07/2025,20,0.6404154837350815,0.007967406871268574,0.6675034892195307,0.9099280411494105,0.5033305002804427,2.2845300583088024,889.5555555555555,0.7395833333333333,0.3046875
10,19,0,33.138953912,35.603635937,14/07/2025,20,0.6605519521798173,0.013706329459648885,0.6785010391453492,0.9376136800277359,0.5064149260054909,3.9090372348154987,868.4444444444445,0.40208333333333335,0.16145833333333331
10,20,0,33.139149112,35.603646213,14/07/2025,20,0.6736830452085241,0.013341711537625402,0.6850260129961379,0.959496049906257,0.5184107258559719,4.422661460266555,862.3333333333334,0.43075980392156865,0.1545138888888889
10,21,0,33.139345078,35.603659013,14/07/2025,20,0.6563942893277435,0.00953426118094766,0.6661038935317282,0.9664465028293474,0.5040504021339515,2.707518749639422,909.8888888888889,0.5125,0.2708333333333333
10,22,0,33.13955126,35.603671062,14/07/2025,20,0.6583026434220896,0.012585253909214278,0.6722685257336635,0.9518122189676228,0.5054656506277291,2.254715752170299,890.6666666666666,0.7625,0.3706597222222222
10,23,0,33.139754877,35.603683665,14/07/2025,20,0.6731402585999737,0.0074692750565216294,0.6755097978405059,0.9916166063923154,0.5109792146556278,0.7451475706431423,900.5555555555555,0.9270833333333333,0.7526041666666667
10,24,1,33.139954508,35.603691305,14/07/2025,20,0.6449581274624392,0.016448603649184598,0.6633531027981859,0.938251390775154,0.5012412693515749,3.9907489620194876,923.1111111111111,0.44999999999999996,0.14583333333333334
10,25,0,33.140151657,35.603703738,14/07/2025,20,0.6114332837865294,0.017723171182516675,0.6351706346425282,0.9262349614638341,0.4712828119606168,3.6715263787562824,1004.6666666666666,0.5145833333333334,0.1640625
10,26,0,33.140346113,35.603719147,14/07/2025,20,0.5860648782525127,0.013698790899280932,0.6278530832872692,0.8763701921594671,0.45265032619926326,3.9367722103366827,991.2222222222222,0.4286764705882353,0.1362847222222222
10,27,0,33.140550507,35.603734958,14/07/2025,20,0.5984849590406017,0.010813728924160155,0.6330439262968296,0.8949228241301468,0.4624497568410755,2.5738496345702995,971.1111111111111,0.6791666666666666,0.21788194444444445
10,28,1,33.140758675,35.603746657,14/07/2025,20,0.6710453958764829,0.010298820243859651,0.6793301328481918,0.9702918419388897,0.5117447049923805,4.3865657617071605,878.0,0.3703431372549019,0.13020833333333334
10,29,1,33.140959098,35.603758632,14/07/2025,20,0.6411658169493398,0.017328908202526683,0.6541032339890579,0.9571919069827604,0.48089235008416104,4.596251836004466,918.4444444444445,0.30575980392156865,0.11805555555555557
10,30,1,33.141164995,35.603769328,14/07/2025,20,0.5940138567561035,0.00984976069117782,0.6287845502100651,0.8948628561420711,0.4446116484970229,4.709147917027246,945.8888888888889,0.32850678733031674,0.15104166666666669
10,31,1,33.141355642,35.603779397,14/07/2025,20,0.27621574967099627,0.04203302576407499,0.40746485763976564,0.7423477671698643,0.21534344347508527,5.292481250360577,1363.888888888889,0.19921757164404225,0.10416666666666669
10,32,0,33.141362582,35.603782643,14/07/2025,20,0.27621574967099627,0.04203302576407499,0.40746485763976564,0.7423477671698643,0.21534344347508527,5.292481250360577,1363.888888888889,0.19921757164404225,0.10416666666666669
10,33,0,33.14136001,35.603453605,14/07/2025,20,0.2809455965916011,0.06075482110900485,0.41623871886340547,0.7345735802867721,0.22216773717193203,5.048533209849189,1512.4444444444443,0.18909492071256775,0.1076388888888889
10,34,0,33.141170608,35.60342983,14/07/2025,20,0.6504924978087981,0.015071689523237796,0.6664793487391854,0.9459478206285917,0.49981304640250573,3.4584290997511093,900.0,0.5020833333333333,0.1623263888888889
10,35,0,33.140905295,35.603415228,14/07/2025,20,0.6964942947866037,0.007239984926166029,0.695663787345289,1.0033838441775176,0.5339252107670548,3.152170691632976,855.7777777777778,0.5729166666666666,0.22395833333333331
10,36,0,33.140694023,35.603406603,14/07/2025,20,0.6791440729827333,0.011556229939923793,0.6855961600899572,0.9765209414906482,0.5251965469813881,3.983007230104883,876.0,0.4604166666666667,0.14409722222222224
10,37,0,33.14049937,35.603392937,14/07/2025,20,0.6622952093706377,0.009265271425806028,0.6696100760456546,0.9741859480546646,0.5050805804448666,2.729182000302357,908.7777777777778,0.6875,0.2578125
10,38,0,33.140300863,35.603382275,14/07/2025,20,0.688433873522686,0.005625118232784265,0.6909939635814679,0.9906981862612653,0.5216503191149563,-0.0,871.1111111111111,1.0,1.0
10,39,0,33.140099232,35.603368717,14/07/2025,20,0.7029878901263572,0.005653779096197527,0.6955372223465489,1.0295435572629563,0.5364222868725467,3.3233414111932924,861.4444444444445,0.5645833333333333,0.1640625
10,40,0,33.139902152,35.60335784,14/07/2025,20,0.7265463214968084,0.0033557894347713284,0.7067428966330415,1.085115097974081,0.5521617236679802,1.4353074058019708,834.0,0.84375,0.4887152777777778
10,41,0,33.139703672,35.60334613,14/07/2025,20,0.7231616544021837,0.004974229190372641,0.7090115789195484,1.0601911822378396,0.5520949624251595,1.061278124459133,829.3333333333334,0.875,0.5989583333333334
10,42,0,33.139498387,35.603332867,14/07/2025,20,0.7185061500006336,0.007904594975176182,0.7029789264078261,1.0657203285568235,0.5530121295446752,2.707518749639422,844.3333333333334,0.625,0.2708333333333333
10,43,0,33.139295938,35.603322305,14/07/2025,20,0.7276423916712844,0.006295976026176582,0.7093774323419599,1.0790844757106661,0.5549123023619017,1.9922486751129083,827.1111111111111,0.7291666666666667,0.2604166666666667
10,44,0,33.139101065,35.603310657,14/07/2025,20,0.73338351488301,0.0022555105259678652,0.7196620582023396,1.059921072780888,0.5562894464976862,-0.0,790.7777777777778,1.0,1.0
10,45,0,33.138908075,35.603298728,14/07/2025,20,0.7208118147138967,0.008395845341481158,0.7080868243583258,1.0542997020822429,0.5568030831821439,2.959173423060087,815.8888888888889,0.6145833333333333,0.18402777777777776
10,46,0,33.13866311,35.603275047,14/07/2025,20,0.6634448354693223,0.019410354748456073,0.6704015307908624,0.9764027490426671,0.5046891915408406,4.40310716836281,864.4444444444445,0.2155542986425339,0.11805555555555557
10,47,0,33.138581163,35.603280792,14/07/2025,20,0.5447817872402021,0.04637473431402196,0.6068753538187827,0.8327459474112551,0.4080081831980768,4.294372148594611,975.2222222222222,0.23508672699849167,0.1371527777777778
10,48,0,33.138597765,35.60290721,14/07/2025,20,0.5629233324605674,0.054656859102713826,0.6157117643162829,0.8551765953293945,0.4278356546605597,3.9090372348154987,988.4444444444445,0.26490384615384616,0.16145833333333334
10,49,0,33.138834982,35.602923243,14/07/2025,20,0.7339368673923323,0.00303081601132155,0.7190608118573096,1.0652277002073143,0.5693040812743932,-0.0,798.7777777777778,1.0,1.0
10,50,0,33.139036682,35.602934995,14/07/2025,20,0.7361006731581673,0.00519243368008787,0.7153487355078627,1.0921274386378539,0.559911656804551,2.2845300583088024,811.1111111111111,0.7395833333333333,0.3046875
10,51,0,33.139241355,35.6029517,14/07/2025,20,0.7460346090485885,0.004438452344147877,0.7210087930280819,1.1145663568431212,0.5690889935931698,3.152170691632976,798.1111111111111,0.5729166666666666,0.22395833333333331
10,52,0,33.139453945,35.602959962,14/07/2025,20,0.7421488922388091,0.004042219837910688,0.7209461546527731,1.09584123107501,0.5687895344697718,2.4308241319059887,802.8888888888889,0.6875,0.24479166666666669
10,53,0,33.139661677,35.602973688,14/07/2025,20,0.7509212286484419,0.0013382456223002413,0.7274188892101152,1.1092677870526457,0.5757766521365172,1.7647892265554195,792.0,0.6979166666666666,0.3289930555555555
10,54,0,33.139872935,35.602986725,14/07/2025,20,0.7401323631240518,0.0033912547898001318,0.7167968968926188,1.1048053938696074,0.5576384997655109,1.6835024445205309,816.5555555555555,0.8125,0.4201388888888889
10,55,0,33.140085903,35.60299451,14/07/2025,20,0.7159074809754552,0.00208694389740315,0.7020339403388682,1.0574565982801962,0.5517568627398179,0.7451475706431423,855.5555555555555,0.9270833333333333,0.7526041666666667
10,56,0,33.14028589,35.603002758,14/07/2025,20,0.7131158046733631,0.005234160658222398,0.7076787119562391,1.0225994015433768,0.5462406889656324,2.5743440261990314,836.6666666666666,0.6875,0.21354166666666669
10,57,0,33.140491797,35.603008717,14/07/2025,20,0.7035029527186099,0.0072240198395451816,0.6979995480173693,1.0218638215667781,0.5425179274703055,1.6835024445205309,855.8888888888889,0.8125,0.4201388888888889
10,58,0,33.140701823,35.603020035,14/07/2025,20,0.733862728036267,0.0032721591659755148,0.7158559540486364,1.0788919468942066,0.5596573797767419,1.7586169206466868,816.2222222222222,0.7083333333333333,0.37673611111111105
10,59,0,33.1409083,35.603032117,14/07/2025,20,0.7113046380831839,0.0043199867288156975,0.698395254537618,1.0528595699002712,0.5518878603277875,2.4482537708610694,870.1111111111111,0.7312500000000001,0.2795138888888889
10,60,0,33.141111607,35.60304688,14/07/2025,20,0.6744989794823149,0.01328504409953301,0.6800502511634652,0.9804587985859347,0.5254714748663547,2.9985478598228146,897.3333333333334,0.6270833333333332,0.17881944444444445
10,61,0,33.141313127,35.60306078,14/07/2025,20,0.4858214675941993,0.05582603034248126,0.568007639944175,0.7975753545605158,0.35220953784107484,3.5968226336265317,1152.5555555555557,0.3375,0.17708333333333331
10,62,0,33.14139051,35.603068565,14/07/2025,20,0.25910290714586665,0.03982378075442346,0.40728766036247704,0.71563696871776,0.21048641561451845,2.128154386514085,1687.7777777777778,0.7604166666666665,0.3732638888888889
10,63,0,33.141412005,35.602701403,14/07/2025,20,0.29892761374359034,0.0583324401016237,0.4302079188764578,0.7386515704188774,0.23722544699691012,2.078838679766182,1592.4444444444443,0.7708333333333334,0.35937500000000006
10,64,0,33.141203282,35.602691407,14/07/2025,20,0.6844066409388129,0.014152277027398635,0.6785099257175377,1.0233153882148889,0.5063231127510226,4.846251836004468,866.5555555555555,0.3229166666666667,0.1076388888888889
10,65,0,33.140982287,35.602679077,14/07/2025,20,0.6947498249705526,0.00863172542407744,0.6961192751292964,0.9953030722845081,0.5314310333214733,2.729182000302357,827.2222222222222,0.5958333333333333,0.2578125
10,66,0,33.140769327,35.602664842,14/07/2025,20,0.7059352133484946,0.012429739412507385,0.6977135294122189,1.0341955306060595,0.5398735388282272,4.577572732832804,835.3333333333334,0.33700980392156865,0.11111111111111113
10,67,0,33.140495052,35.602649287,14/07/2025,20,0.6923166195674074,0.006577979453403093,0.6901123284563565,1.0087301039365757,0.5311460101380353,4.294372148594611,856.1111111111111,0.39999999999999997,0.1371527777777778
10,68,0,33.140286277,35.602638978,14/07/2025,20,0.6640364419532083,0.00879860882991444,0.6711457049631282,0.9747677983727606,0.5122472990669983,3.152170691632976,903.5555555555555,0.4604166666666666,0.22395833333333331
10,69,0,33.140064585,35.602629978,14/07/2025,20,0.6842447358526238,0.011102967851128324,0.6820791905260157,1.0083859072162522,0.5119589058659175,3.788861785525509,868.5555555555555,0.5375,0.1371527777777778
10,70,0,33.139848443,35.60261067,14/07/2025,20,0.7015014125872794,0.01235710048622681,0.6941820932123203,1.0289747667352653,0.542389579076244,3.4718226336265308,856.7777777777778,0.4916666666666667,0.19444444444444448
10,71,0,33.139635075,35.602597178,14/07/2025,20,0.7193595416837992,0.00881828478090281,0.70238178286862,1.0712851211562178,0.5439006868296408,3.3901298987215265,833.7777777777778,0.5729166666666666,0.1814236111111111
10,72,0,33.139425498,35.602584823,14/07/2025,20,0.7245014304349413,0.007743327443675253,0.710272682182405,1.060624765543123,0.5544975936249394,3.4718226336265308,816.8888888888889,0.49166666666666664,0.19444444444444445
10,73,0,33.139213838,35.602572743,14/07/2025,20,0.7182914390856623,0.013239525815949886,0.7065903057232865,1.0498328153433922,0.5509611929530842,2.68514304294886,820.1111111111111,0.50625,0.23524305555555558
10,74,0,33.139007128,35.602560708,14/07/2025,20,0.707090334022847,0.00856792406377817,0.6985344751800766,1.034991988800347,0.5384192375561959,3.8848925229268274,815.1111111111111,0.4833333333333333,0.1449652777777778
10,75,0,33.138810023,35.602547602,14/07/2025,20,0.7160433999417289,0.012284382646360196,0.7070492527560398,1.037779276639788,0.5489351393981461,3.9166315676613377,804.0,0.3806372549019608,0.1579861111111111
10,76,0,33.138615217,35.602534878,14/07/2025,20,0.5959024482318193,0.043374504893930334,0.634243810720426,0.886562854800995,0.4449130347008745,4.846251836004468,931.2222222222222,0.17867371896783654,0.1076388888888889
10,77,0,33.138627787,35.602157915,14/07/2025,20,0.5159047665890183,0.043647092529593104,0.5882586016860354,0.8144142517399356,0.40541715028243985,3.9090372348154987,984.4444444444445,0.27585784313725487,0.16145833333333331
10,78,0,33.138887292,35.602182118,14/07/2025,20,0.6421300435113461,0.007014633420491215,0.6466447050708993,0.985032719730854,0.48562716524384225,1.0612781244591327,902.5555555555555,0.875,0.5989583333333334
10,79,0,33.139158382,35.602200713,14/07/2025,20,0.6567850884232753,0.004145937490611263,0.663911110767827,0.9752479962464182,0.49767991685105767,1.6835024445205309,873.8888888888889,0.8125,0.4201388888888889
10,80,0,33.139360385,35.602217213,14/07/2025,20,0.6585023648254169,0.005121619775565494,0.6639346686643643,0.9810530405416044,0.5006897519136846,1.6835024445205309,887.8888888888889,0.8125,0.4201388888888889
10,81,0,33.139586797,35.602228003,14/07/2025,20,0.6245547871677911,0.007239492785352179,0.6443273957364102,0.9363374311928432,0.4714537873689772,2.078838679766182,927.4444444444445,0.7708333333333333,0.359375
10,82,0,33.139810333,35.602237327,14/07/2025,20,0.633475201832408,0.0036985425944235785,0.6498093931637116,0.9461753523496732,0.48333262148921424,1.6835024445205309,927.4444444444445,0.8125,0.4201388888888889
10,83,0,33.139996715,35.60226631,14/07/2025,20,0.6292960297522409,0.004822721879368983,0.6477330416624719,0.9398740935480673,0.48052367733665186,1.0612781244591327,928.1111111111111,0.875,0.5989583333333334
10,84,0,33.14019521,35.602263182,14/07/2025,20,0.597703001430712,0.016365327319846815,0.6176494843813471,0.9399926136764319,0.4669109808320076,1.6835024445205309,1003.1111111111111,0.8125,0.4201388888888889
10,85,0,33.140404598,35.602272378,14/07/2025,20,0.6471608732493617,0.002773748566974286,0.6565288926472431,0.9679628780908168,0.48743324121791215,0.7451475706431423,892.6666666666666,0.9270833333333333,0.7526041666666667
10,86,0,33.140615925,35.602280335,14/07/2025,20,0.6382874251776028,0.004134473688581942,0.6494898905297136,0.9627350050405641,0.48524768834467896,2.472854814399865,896.0,0.6875,0.24131944444444445
10,87,0,33.140818843,35.602289105,14/07/2025,20,0.6393990692232324,0.007153320815230836,0.6475117203270124,0.9729415368969825,0.48356865254962006,1.6835024445205309,896.6666666666666,0.8125,0.4201388888888889
10,88,0,33.141022235,35.602301605,14/07/2025,20,0.6391297311230396,0.0024380659303674035,0.6498567828827755,0.9640273481431474,0.49208905523714946,-0.0,885.3333333333334,1.0,1.0
10,89,0,33.141244192,35.602314183,14/07/2025,20,0.6020193541424037,0.007523315092665621,0.6306111366315421,0.9120765219052337,0.44549953616783255,1.7401190981845582,926.5555555555555,0.8020833333333334,0.4244791666666667
10,90,0,33.141433223,35.602326745,14/07/2025,20,0.26660454598055083,0.037380203520078085,0.41035617389812823,0.7220715302075874,0.2121330681152518,1.9933241319059891,1609.6666666666667,0.7604166666666666,0.2873263888888889
10,91,0,33.14145075,35.601956577,14/07/2025,20,0.29483480547708113,0.04990071335645382,0.43357814976796505,0.7256285612522932,0.23111747189631016,2.2845300583088024,1518.3333333333333,0.7395833333333334,0.3046875
10,92,0,33.141242393,35.601946688,14/07/2025,20,0.6085885573362536,0.008436766082529662,0.6274556590745303,0.9409655472998156,0.45489772507707915,2.4466516387672983,944.1111111111111,0.71875,0.2751736111111111
10,93,0,33.14103524,35.601935268,14/07/2025,20,0.6396199272692702,0.00208174813459853,0.6506632817792266,0.9629119479777137,0.48397108625275526,0.7451475706431423,881.6666666666666,0.9270833333333334,0.7526041666666667
10,94,0,33.140825837,35.601921853,14/07/2025,20,0.6384615663833615,0.003301329029220938,0.6553402398716957,0.9437986037875228,0.47847276647016135,2.2845300583088024,866.4444444444445,0.7395833333333333,0.3046875
10,95,0,33.140610482,35.601909215,14/07/2025,20,0.6471915904060583,0.0037701563388480115,0.6568378406810917,0.9671638644126195,0.49187119862725326,2.370864469235365,883.3333333333334,0.7500000000000001,0.3385416666666667
10,96,1,33.140401507,35.601895982,14/07/2025,20,0.6590519455739346,0.0031157457198889398,0.6618713320699396,0.9900817328963929,0.4928425277706486,2.4728548143998657,872.0,0.6875,0.24131944444444448
10,97,0,33.14020589,35.601884077,14/07/2025,20,0.633533429725165,0.008894844843270085,0.642036065684629,0.9718756970228812,0.48063473837790827,3.4380546909157212,909.3333333333334,0.5875,0.15798611111111113
10,98,0,33.14000206,35.601872723,14/07/2025,20,0.6512667601324382,0.008276973980722474,0.6516993840566276,0.998953759100726,0.4808577535845302,3.4380546909157212,892.8888888888889,0.5875,0.1579861111111111
10,99,0,33.139791972,35.601860572,14/07/2025,20,0.6386502118668155,0.005506299850837773,0.6530573536288287,0.9520471749088993,0.4801327937954467,1.789598901284349,899.1111111111111,0.8229166666666666,0.40885416666666663
10,100,0,33.139583615,35.601845982,14/07/2025,20,0.6434778786672911,0.005300527777749085,0.6558842415620796,0.9581667055340751,0.48884508275813915,1.9249935493429022,906.0,0.7916666666666667,0.3315972222222222
10,101,0,33.139379935,35.601834952,14/07/2025,20,0.6435465687229179,0.003928300147628777,0.6504345643630233,0.976829935327573,0.4867178068817704,1.0612781244591327,900.5555555555555,0.875,0.5989583333333334
10,102,0,33.13918549,35.601823747,14/07/2025,20,0.6532602750840875,0.0034572537114599755,0.6592375130268144,0.9794554475039514,0.4844860621262602,1.9249935493429025,869.2222222222222,0.7916666666666666,0.3315972222222222
10,103,0,33.138985528,35.601811522,14/07/2025,20,0.6476074082394749,0.006630750748995822,0.6522363982065164,0.9844750632739669,0.48899949342005145,1.9249935493429022,883.4444444444445,0.7916666666666667,0.3315972222222222
10,104,0,33.138775373,35.601799308,14/07/2025,20,0.6212043097091278,0.0074625178479036935,0.6448199905224251,0.9244598355903426,0.4828221954297458,2.9699118602854653,895.6666666666666,0.6583333333333333,0.2230902777777778
10,105,0,33.138647572,35.60179156,14/07/2025,20,0.5196044182434425,0.04531759419709379,0.5810213012033729,0.8401508630278509,0.40282420630436305,4.544372148594611,997.2222222222222,0.24460784313725492,0.12673611111111113
10,106,0,33.138667807,35.601407053,14/07/2025,20,0.5396663505469202,0.03156663655572442,0.5927472054843419,0.8570940647606231,0.4122477342202652,3.4718226336265308,964.4444444444445,0.32009803921568625,0.19444444444444445
10,107,0,33.13886883,35.601419228,14/07/2025,20,0.6347854090962016,0.004175256333255156,0.6482500483869947,0.9554905645865621,0.49183293651552823,2.886175003505865,894.0,0.6166666666666667,0.1857638888888889
10,108,0,33.139074902,35.601434497,14/07/2025,20,0.6474395184457864,0.0031442511929354335,0.655465000337005,0.972537245516203,0.49470681246051157,2.5911220587395083,887.4444444444445,0.7104166666666667,0.21006944444444448
10,109,0,33.139263995,35.601447725,14/07/2025,20,0.649576673426358,0.0043895139024404594,0.6587342269671351,0.9687378782180096,0.49216308310507373,1.9249935493429025,878.3333333333334,0.7916666666666666,0.3315972222222222
10,110,0,33.139466282,35.601456147,14/07/2025,20,0.6441290635781609,0.007747359731923221,0.6583409916703606,0.9524494316910201,0.4957250190741412,1.6835024445205309,879.4444444444445,0.8125,0.4201388888888889
10,111,0,33.139682903,35.601474367,14/07/2025,20,0.6543088870075191,0.004084127809093851,0.655924373050036,0.9944833559980117,0.4942413626063217,2.5743440261990314,883.3333333333334,0.6875,0.21354166666666669
10,112,0,33.139896577,35.601488797,14/07/2025,20,0.6520805507612905,0.004331538054951036,0.6586883765141985,0.9773201853863984,0.49453625344886754,1.0612781244591327,882.5555555555555,0.875,0.5989583333333334
10,113,0,33.140105433,35.60150685,14/07/2025,20,0.6641551036024281,0.005845417383949013,0.6618881377023946,1.0084658716066859,0.5026837744907914,-0.0,873.5555555555555,1.0,1.0
10,114,0,33.140302,35.601519018,14/07/2025,20,0.5845389415619118,0.014904033240984682,0.6084125177973407,0.9289640724949896,0.44779621668868863,3.0311835807481353,956.5555555555555,0.5625,0.23177083333333331
10,115,0,33.140519643,35.6015303,14/07/2025,20,0.6609976566428504,0.011690217685835823,0.6678334341252269,0.976683987600117,0.5045255724573762,3.514005390679865,847.2222222222222,0.5958333333333333,0.17708333333333331
10,116,0,33.140717898,35.601546062,14/07/2025,20,0.6661155360023916,0.004796438424258945,0.6675348283505654,0.9951775580153845,0.5007527318640617,2.707518749639422,856.0,0.625,0.2708333333333333
10,117,0,33.140930147,35.601562102,14/07/2025,20,0.6474041007434557,0.008596309202280675,0.6591372205198043,0.960494018175172,0.49359515036022483,2.5738496345702995,872.4444444444445,0.6791666666666667,0.23350694444444442
10,118,0,33.141096252,35.60156632,14/07/2025,20,0.6392797853866907,0.001606211424398492,0.6558591610011538,0.94454896823316,0.48920991040457057,0.7451475706431423,875.6666666666666,0.9270833333333333,0.7526041666666667
10,119,0,33.141307538,35.601582055,14/07/2025,20,0.5969905925118313,0.011887018354779047,0.6259721413029227,0.9115663990038284,0.4391971074398231,2.68514304294886,927.2222222222222,0.65625,0.23524305555555552
10,120,0,33.141473253,35.601592685,14/07/2025,20,0.2528272907661249,0.02833908055716461,0.3960039359070173,0.7254368933173764,0.19634690795028212,2.68514304294886,1661.0,0.65625,0.23524305555555555
10,121,0,33.141476053,35.601205358,14/07/2025,20,0.32324982739138275,0.06561087726187537,0.4520988681304234,0.7384550782287058,0.2320366374563386,2.604182000302357,1420.6666666666667,0.7083333333333335,0.27517361111111116
10,122,0,33.141265283,35.601192873,14/07/2025,20,0.6324090785297298,0.014415582162874597,0.6504466012018189,0.9422168378566871,0.4757859582871752,3.899804762194655,879.8888888888889,0.4854166666666666,0.1328125
10,123,0,33.141060453,35.601175985,14/07/2025,20,0.6613395557010701,0.006342028774895196,0.6743396994407836,0.9546119713024882,0.5104828944305921,1.709282221599798,840.7777777777778,0.78125,0.3671875
10,124,0,33.140853317,35.601165188,14/07/2025,20,0.6708480630815925,0.010132845551079775,0.678693403293797,0.9724851074448672,0.5335826273276685,1.6835024445205309,831.6666666666666,0.8125,0.4201388888888889
10,125,0,33.140644383,35.601151265,14/07/2025,20,0.6760783782812773,0.001789255363697556,0.6783843029622177,0.991576566854676,0.5192354209932171,1.9354322346176822,834.1111111111111,0.75,0.4131944444444445
10,126,0,33.140442832,35.601149153,14/07/2025,20,0.6727219672637921,0.005671224362531519,0.6762645198305524,0.9873695366780844,0.5131316039567866,1.4541978025686977,837.4444444444445,0.8541666666666666,0.564236111111111
10,127,0,33.140229845,35.601136568,14/07/2025,20,0.65128551525451,0.00811873576560796,0.6640388946385032,0.9563513329083355,0.4983983838841613,2.707518749639422,865.3333333333334,0.625,0.2708333333333333
10,128,0,33.140024335,35.601123753,14/07/2025,20,0.671937321685804,0.0034223666924542494,0.6768641982106902,0.9822191819518794,0.5157949390469428,1.9249935493429022,854.7777777777778,0.7916666666666667,0.3315972222222222
10,129,0,33.139818435,35.601111035,14/07/2025,20,0.6720917775042919,0.001366484975464707,0.678725022627405,0.9759341197574608,0.5122109198230722,1.1625311359020314,846.6666666666666,0.8541666666666667,0.546875
10,130,0,33.139614337,35.601098623,14/07/2025,20,0.6564621459073811,0.006780749185481826,0.6680127357524843,0.9599225069251128,0.5075494673886691,2.68514304294886,877.6666666666666,0.65625,0.23524305555555555
10,131,0,33.139420042,35.601088313,14/07/2025,20,0.6492547918884485,0.00401843448240196,0.6593796095832226,0.9654468767135421,0.49874953700754904,2.370864469235365,891.0,0.7500000000000001,0.3385416666666667
10,132,0,33.139215988,35.601075682,14/07/2025,20,0.6230966167516006,0.006800126751971259,0.6478344615137664,0.9205355121489541,0.4848947978434761,3.4202473373266935,902.3333333333334,0.5375000000000001,0.1597222222222222
10,133,0,33.139019293,35.601063452,14/07/2025,20,0.6492066320013057,0.0014578277626408754,0.6589890216200435,0.9664163568661885,0.5012893683983203,1.6835024445205309,878.3333333333334,0.8125,0.4201388888888889
10,134,0,33.138819787,35.601052053,14/07/2025,20,0.6332308200174782,0.009616382935251454,0.6475837618222772,0.9531268387399074,0.49325691399233484,2.9699118602854653,896.5555555555555,0.6583333333333332,0.2230902777777778
10,135,0,33.138685703,35.601043738,14/07/2025,20,0.5252863261132605,0.04391132709127326,0.5895817453289054,0.8311454738964027,0.3989177849324385,3.4718226336265308,992.8888888888889,0.28872549019607835,0.19444444444444445
10,136,0,33.138696937,35.600672637,14/07/2025,20,0.49426669354049285,0.042177387682635244,0.5607097045027809,0.8343798105636767,0.3719938476551883,3.9090372348154987,1053.111111111111,0.3221813725490196,0.16145833333333331
10,137,0,33.13891635,35.60068634,14/07/2025,20,0.6241616056210691,0.0056165452933502,0.6481837040109116,0.9224089216696589,0.48316605576368576,3.514005390679865,901.5555555555555,0.5958333333333333,0.17708333333333334
10,138,0,33.139121617,35.600699377,14/07/2025,20,0.6344943802717049,0.004410495236188599,0.6555767615459726,0.9304639073556888,0.4988170176354713,1.66524175848515,889.6666666666666,0.7708333333333333,0.4114583333333333
10,139,0,33.1393337,35.600712562,14/07/2025,20,0.6269052133192239,0.006465867085678402,0.6473259596088101,0.9339940526523183,0.48088919453237605,1.4353074058019708,911.6666666666666,0.84375,0.4887152777777778
10,140,0,33.139534923,35.600723458,14/07/2025,20,0.6370296981518279,0.003940046871133361,0.6560024142838417,0.9369766477783299,0.48767539633510926,0.7451475706431423,890.1111111111111,0.9270833333333334,0.7526041666666667
10,141,0,33.139738737,35.600736808,14/07/2025,20,0.6563226515628655,0.006139128673759484,0.65941934142515,0.9894090101110486,0.5066020337366606,2.128154386514085,889.7777777777778,0.7791666666666668,0.37326388888888895
10,142,0,33.139948875,35.600750173,14/07/2025,20,0.648710409843665,0.0019038187505993026,0.6632445196040655,0.9502607997168516,0.4927717327052101,2.68514304294886,876.2222222222222,0.65625,0.23524305555555558
10,143,1,33.140144637,35.600762023,14/07/2025,20,0.6428639655482397,0.006434556994136059,0.6675094890742428,0.9175291134575416,0.4950115077635719,0.7451475706431423,863.3333333333334,0.9270833333333334,0.7526041666666667
10,144,0,33.140341158,35.600774185,14/07/2025,20,0.6007295724727558,0.014410701538336877,0.6352276728628864,0.894909525818147,0.47725840794464486,1.7639415206106652,936.3333333333334,0.7916666666666667,0.4626736111111111
10,145,1,33.140545973,35.600785708,14/07/2025,20,0.6616185179126952,0.007273625728006552,0.6739654411802786,0.9567512904979351,0.5065986976687205,2.9307901819817657,846.1111111111111,0.6479166666666667,0.19444444444444448
10,146,0,33.140749102,35.600797853,14/07/2025,20,0.6506216927269792,0.006742021346040973,0.6684941043443757,0.9388990344660275,0.5029930205702972,2.930790181981766,843.7777777777778,0.6479166666666667,0.19444444444444448
10,147,0,33.140955428,35.600813163,14/07/2025,20,0.6366291730566602,0.004223616218475666,0.6574910276991117,0.9307163940018152,0.4895456481583996,1.4353074058019706,870.3333333333334,0.84375,0.4887152777777778
10,148,0,33.141156333,35.600825512,14/07/2025,20,0.6231409808564075,0.0054186066430815995,0.6508255084816097,0.911028141999781,0.48533930301239636,1.4353074058019706,889.8888888888889,0.84375,0.4887152777777778
10,149,0,33.141373655,35.600838453,14/07/2025,20,0.5690534738040426,0.015493136271431288,0.6050994502728955,0.8961153333606872,0.4147167296824454,3.499557609147716,984.7777777777778,0.5145833333333333,0.16927083333333331
10,150,0,33.141495348,35.600846943,14/07/2025,20,0.2693581978860627,0.056649233086576205,0.3999908520198396,0.7455423323061825,0.21055113764595895,3.4040395229836156,1671.4444444444443,0.5562499999999999,0.1597222222222222
10,151,0,33.141495,35.600518333,14/07/2025,20,0.257731577715688,0.0433301707745199,0.3902074891162784,0.7437191669512228,0.20260328275289158,3.857157547405643,1709.4444444444443,0.4229166666666666,0.1701388888888889
10,152,0,33.141263333,35.600531667,14/07/2025,20,0.6013174019859889,0.008557490552381138,0.6378311850630958,0.8883429958506119,0.45911573576876585,2.5743440261990314,932.5555555555555,0.6875,0.21354166666666669
10,153,0,33.141045,35.600531667,14/07/2025,20,0.6351468191338937,0.004745022368521978,0.660236614171196,0.917280722398184,0.4917581338854203,3.3858533076164026,872.4444444444445,0.61875,0.19010416666666669
10,154,0,33.140848333,35.6005,14/07/2025,20,0.6258569355657636,0.004270105980223695,0.6569210729032612,0.8998411404904102,0.47841453239356546,2.4466516387672983,869.6666666666666,0.71875,0.2751736111111111
10,155,0,33.140648333,35.600471667,14/07/2025,20,0.6306946930321947,0.0066029990058068975,0.6570967845841199,0.9138767341099217,0.4827129760741387,2.4466516387672983,875.4444444444445,0.71875,0.27517361111111116
10,156,1,33.140461667,35.600471667,14/07/2025,20,0.6257284739981144,0.00911050637941073,0.6444617245948385,0.9395398179076149,0.476175892084758,2.729182000302357,906.4444444444445,0.6375000000000001,0.2578125
10,157,0,33.140243333,35.600458333,14/07/2025,20,0.6133312751122966,0.006237368198338562,0.6394953953254408,0.9175748546961747,0.4615489286699227,3.1297949849424147,915.8888888888889,0.5541666666666666,0.18836805555555558
10,158,0,33.140033333,35.600441667,14/07/2025,20,0.6223413665546345,0.004404102027568265,0.6469754095919167,0.9207892262735293,0.48136367183116263,1.9933241319059891,925.5555555555555,0.7604166666666666,0.2873263888888889
10,159,0,33.139836667,35.600428333,14/07/2025,20,0.6252223579990017,0.005911852819563986,0.6498508986524505,0.9204894614581183,0.47874223135976557,3.140129898721527,905.1111111111111,0.5645833333333334,0.1762152777777778
10,160,0,33.139625,35.600426667,14/07/2025,20,0.6233360173111109,0.0045584761438884755,0.6497663096589419,0.9151894497640328,0.4818065178260227,2.2845300583088024,901.6666666666666,0.7395833333333333,0.3046875
10,161,0,33.13943,35.60041,14/07/2025,20,0.6152553194036601,0.0027170730290774084,0.6430996059406728,0.9119445601227417,0.4707564588669722,1.6835024445205309,920.0,0.8125,0.4201388888888889
10,162,0,33.139238333,35.600401667,14/07/2025,20,0.6179200517408382,0.005561522528933113,0.6485078457230654,0.9031160583536381,0.46905631747002435,1.4353074058019708,900.3333333333334,0.84375,0.4887152777777778
10,163,0,33.139026667,35.60037,14/07/2025,20,0.6038972392866503,0.00678899116140089,0.6367005768107238,0.8991386945505874,0.4670909502353486,2.2845300583088024,942.2222222222222,0.7395833333333333,0.3046875
10,164,1,33.138808333,35.600365,14/07/2025,20,0.5830643527384334,0.006077669791282884,0.623657953816867,0.8800783893570245,0.4455678990448049,4.456733794087382,952.5555555555555,0.4374999999999999,0.1267361111111111
10,165,0,33.138731667,35.600373333,14/07/2025,20,0.5173165774533524,0.03303553898451493,0.5843230928824954,0.8270627912608846,0.39501393475795454,4.802694271103769,1020.0,0.33524698340874803,0.1267361111111111
10,166,0,33.13873998884879,35.60004385714451,14/07/2025,20,0.3609714642082671,0.027393625855964908,0.47383997174664255,0.7607642148876872,0.2658707321250524,3.6134728388218926,798.6666666666666,0.3563027935063531,0.16579861111111113
10,167,0,33.13900409577885,35.60006273212911,14/07/2025,20,0.4507912875646589,0.03708626616067725,0.5435939819289906,0.7821713693455162,0.3363853468741347,2.707518749639422,1079.7777777777778,0.36250000000000004,0.2708333333333333
10,168,0,33.13922356945667,35.60007698444571,14/07/2025,20,0.4532909888147536,0.039642632173237206,0.547974638993114,0.7773543375344159,0.3459419696195975,3.596822633626531,1073.4444444444443,0.36249999999999993,0.17708333333333337
10,169,0,33.13941330636254,35.60008225836661,14/07/2025,20,0.4597896576142247,0.04588086981961801,0.5551762460546317,0.774911318599624,0.3451449331675847,3.857157547405643,1059.4444444444443,0.36875,0.1701388888888889
10,170,1,33.13962532476266,35.600100899878065,14/07/2025,20,0.4487783256001753,0.055519781889375966,0.5476040146049224,0.7708176664571411,0.32773521408154443,3.9090372348154983,1071.888888888889,0.3557598039215686,0.16145833333333337
10,171,0,33.13985226772052,35.600106340853756,14/07/2025,20,0.4337549814998131,0.05438913907080513,0.5354563129373198,0.7681285761306967,0.32507220390261515,4.078855213411842,1117.6666666666667,0.38700980392156864,0.12586805555555555
10,172,0,33.140034535297254,35.60012042646064,14/07/2025,20,0.42051842855350824,0.05276247479447791,0.5267885620469361,0.7610586767514698,0.3131885677779639,3.390129898721527,1125.2222222222222,0.5729166666666667,0.1814236111111111
10,173,0,33.14023916864876,35.60012134484122,14/07/2025,20,0.40390443301650186,0.06691433038012938,0.5167447898014337,0.7526292930888174,0.2978110585886378,4.396647917027245,1111.5555555555557,0.46875,0.17274305555555555
10,174,0,33.14045120106142,35.60013556413844,14/07/2025,20,0.47583079198724043,0.04983001653926571,0.5557613240541013,0.8058119531430543,0.35014927838193743,4.802694271103769,1037.4444444444443,0.2571134992458522,0.1267361111111111
10,175,0,33.140595,35.600145,14/07/2025,20,0.47943300302548914,0.048213504974312295,0.5548333232262803,0.8155185240242114,0.3528079356442127,4.667481250360577,1076.7777777777778,0.2941176470588236,0.125
10,176,0,33.140833333,35.60017,14/07/2025,20,0.44764033984361135,0.05236245048397704,0.5427954910418037,0.7778705608467149,0.34459942003237337,4.596251836004466,1133.111111111111,0.23708521870286572,0.11805555555555557
10,177,0,33.141023333,35.600176667,14/07/2025,20,0.40634519483534154,0.05320346713679995,0.5098129576490767,0.7704024895151524,0.30429587168008587,3.1521706916329766,1201.5555555555557,0.3145833333333333,0.22395833333333331
10,178,0,33.141205,35.600185,14/07/2025,20,0.39704370610663037,0.051229767383905944,0.5115237674458263,0.7496992042280988,0.31439559254781513,2.707518749639422,1213.888888888889,0.3625,0.2708333333333333
10,179,0,33.141415,35.600195,14/07/2025,20,0.3417206845728013,0.04764176373589263,0.4659748335591861,0.742948969682486,0.26066552551436284,3.932024798310503,1310.5555555555557,0.37083333333333324,0.15104166666666666
10,180,0,33.141525,35.600213333,14/07/2025,20,0.26149972986412934,0.029619867355893646,0.4043816507193583,0.7244042104181738,0.19738488484504893,4.1902054819279435,1041.7777777777778,0.3250424672481853,0.1362847222222222
11,1,0,33.141286912,35.604064998,19/07/2025,15,0.2865255025437819,0.04326270817189978,0.42163191950717743,0.7336244064688312,0.22528464661375835,4.663320189106001,895.1111111111111,0.18439655146455744,0.125
11,2,1,33.141094482,35.604051333,19/07/2025,15,0.4229604917430681,0.04300647992705436,0.5195333342343748,0.7804842972480966,0.3091269038638345,3.857157547405643,771.1111111111111,0.2667116736795053,0.1701388888888889
11,3,0,33.141096643,35.60405209,19/07/2025,15,0.41831002574605664,0.042918607265091155,0.5211227548544396,0.7681513241231475,0.3077243241999514,3.1625056054120884,765.4444444444445,0.2625452789181357,0.21180555555555558
11,4,1,33.14089048,35.604042392,19/07/2025,15,0.42034918440664937,0.05880053732487373,0.5162442451911022,0.7844061211192747,0.3213799285350702,2.707518749639422,785.7777777777778,0.26446835584121264,0.2708333333333333
11,5,1,33.140682515,35.604029097,19/07/2025,15,0.46887869168325097,0.06692855149454621,0.5557592534554668,0.7942560711589545,0.3604088013813403,3.4718226336265308,1127.111111111111,0.2970211161387632,0.19444444444444448
11,6,1,33.140475232,35.60401586,19/07/2025,15,0.47167013771410116,0.06978153787697175,0.5528430857774246,0.8044134771732018,0.36511213133009707,3.1521706916329766,1151.6666666666667,0.26993778280542985,0.22395833333333331
11,7,1,33.14025896,35.604004345,19/07/2025,15,0.4311345492750949,0.06630095135264816,0.5270879998331395,0.780592731498122,0.3318484885034813,4.200825794518089,1201.3333333333333,0.23452111613876317,0.125
11,8,1,33.14006053,35.603991823,19/07/2025,15,0.410767532365462,0.07152825861374593,0.5127609721381208,0.773357766113071,0.3197799139558073,3.9090372348154983,1236.2222222222222,0.24823717948717947,0.16145833333333337
11,9,1,33.139857173,35.603978323,19/07/2025,15,0.4318605966678546,0.06473740641246517,0.5208241072810849,0.7953982436713649,0.34426185818167593,2.707518749639422,1224.6666666666667,0.3019230769230769,0.2708333333333333
11,10,1,33.139658807,35.60396682,19/07/2025,15,0.4846661893421701,0.05957050449014205,0.5687584243273571,0.7930532197356539,0.37550972771974345,3.5968226336265317,1084.111111111111,0.25287034772328887,0.17708333333333334
11,11,1,33.139454662,35.603955217,19/07/2025,15,0.4868337157330857,0.06820663889108082,0.5656823803774007,0.8076549941323956,0.37276650830641683,3.1521706916329766,1092.6666666666667,0.2549159736659736,0.22395833333333331
11,12,1,33.13925451,35.603942585,19/07/2025,15,0.471068305484081,0.0725318097549609,0.5475343943044738,0.8158560409618681,0.3593257879816053,4.294372148594611,1114.2222222222222,0.22145397660103538,0.1371527777777778
11,13,1,33.139058995,35.603930637,19/07/2025,15,0.45716130500484,0.07189539987162674,0.5425689781580509,0.7986114673094559,0.3570008366873662,3.857157547405643,1135.888888888889,0.23408264033264026,0.1701388888888889
11,14,1,33.138798595,35.603917333,19/07/2025,15,0.40878187455706055,0.06185487019875158,0.511082178514507,0.7718550327459736,0.32296464150575255,4.346251836004465,1198.4444444444443,0.2258407728995964,0.12847222222222224
11,15,1,33.13859478,35.60390661,19/07/2025,15,0.4083930616061926,0.05831320384562119,0.52474770212584,0.7425434652433106,0.3215612457854411,4.535906066166137,1107.7777777777778,0.28144796380090503,0.11458333333333334
11,16,0,33.138559323,35.603902088,19/07/2025,15,0.3948642790614902,0.05233935183617626,0.5186316435947572,0.730638847348399,0.3104827265095769,4.4193721485946105,744.7777777777778,0.25213070972684304,0.1284722222222222
11,17,0,33.138557745,35.603610512,19/07/2025,15,0.4783095856020327,0.04408454550387458,0.5583358714486112,0.8051875924075255,0.3662422411749004,4.663320189106001,708.5555555555555,0.17739704613434806,0.125
11,18,0,33.138752198,35.603623265,19/07/2025,15,0.6593075012157668,0.004072789052637302,0.6761956630650997,0.9409084708443464,0.5091784897304803,1.6835024445205309,873.2222222222222,0.8125,0.4201388888888889
11,19,0,33.138953912,35.603635937,19/07/2025,15,0.6530673466815995,0.013308984366501646,0.6714638033413439,0.9368675645376252,0.5057470600310583,3.9668731152961887,891.2222222222222,0.5270833333333333,0.1605902777777778
11,20,0,33.139149112,35.603646213,19/07/2025,15,0.6871021071418404,0.006480106248908855,0.6864237836886171,1.002896108365707,0.5278403456924876,2.4482537708610694,867.2222222222222,0.73125,0.2795138888888889
11,21,0,33.139345078,35.603659013,19/07/2025,15,0.6602577405776144,0.009440371765750105,0.6741170102283436,0.9516202796855292,0.5093104164625966,3.1625056054120884,891.1111111111111,0.5208333333333335,0.21180555555555558
11,22,0,33.13955126,35.603671062,19/07/2025,15,0.6658577973529574,0.007982949509755368,0.6734558720915768,0.9733925523355974,0.5120870451977864,2.68514304294886,908.8888888888889,0.65625,0.23524305555555555
11,23,0,33.139754877,35.603683665,19/07/2025,15,0.6824944302698202,0.011820521499179431,0.6870386655598215,0.9837191165115464,0.524444985884787,3.4380546909157212,880.7777777777778,0.5875,0.15798611111111113
11,24,1,33.139954508,35.603691305,19/07/2025,15,0.6611216267250545,0.010168245836272944,0.6740530308034051,0.9546361534131018,0.5165779152694899,2.8861750035058655,913.4444444444445,0.6166666666666667,0.1857638888888889
11,25,0,33.140151657,35.603703738,19/07/2025,15,0.6353569285264996,0.008804166154872364,0.6597112958758777,0.9195780460861823,0.49548341412731783,3.5384092242129412,935.4444444444445,0.6104166666666667,0.2170138888888889
11,26,0,33.140346113,35.603719147,19/07/2025,15,0.6199644125325701,0.014342192735627595,0.6430871112019598,0.9263990081935733,0.47131784288197337,3.9367722103366827,968.1111111111111,0.475,0.13628472222222224
11,27,0,33.140550507,35.603734958,19/07/2025,15,0.6054051823017733,0.012467647968792014,0.6372874832978093,0.9016471298541509,0.4752906619971157,2.2845300583088024,975.2222222222222,0.7395833333333333,0.3046875
11,28,1,33.140758675,35.603746657,19/07/2025,15,0.6720961978579516,0.014785417305254843,0.683962084770394,0.9584476719710455,0.5113401942401539,3.3508456951388417,868.7777777777778,0.5104166666666666,0.17274305555555555
11,29,1,33.140959098,35.603758632,19/07/2025,15,0.6400051679765875,0.015323542893503508,0.6531275254416405,0.9564951051691,0.48513521906563883,3.9367722103366827,950.1111111111111,0.42867647058823527,0.13628472222222224
11,30,1,33.141164995,35.603769328,19/07/2025,15,0.6043496914815236,0.015263164167731179,0.6294199898188075,0.9226081852556008,0.44847386478377715,4.18643861802411,970.7777777777778,0.4333333333333333,0.12239583333333333
11,31,1,33.141355642,35.603779397,19/07/2025,15,0.34097663859814986,0.061466346068908446,0.46050795317251825,0.753261141977582,0.2614836820763515,5.292481250360577,1287.2222222222222,0.19451357466063346,0.10416666666666669
11,32,0,33.141362582,35.603782643,19/07/2025,15,0.34097663859814986,0.061466346068908446,0.46050795317251825,0.753261141977582,0.2614836820763515,5.292481250360577,1287.2222222222222,0.19451357466063346,0.10416666666666669
11,33,0,33.14136001,35.603453605,19/07/2025,15,0.3514700988793651,0.07159561861828753,0.4628114482355002,0.7669439208776324,0.27339877625314574,4.544372148594611,1418.5555555555557,0.26188725490196074,0.1267361111111111
11,34,0,33.141170608,35.60342983,19/07/2025,15,0.6664102625466151,0.012568374427800217,0.6777699697931989,0.9601562483807502,0.5106793906087076,4.456733794087382,891.2222222222222,0.4375,0.1267361111111111
11,35,0,33.140905295,35.603415228,19/07/2025,15,0.7081465457315423,0.008820252729728272,0.6998264912588815,1.0340610388201312,0.5530249227098932,3.442490577512721,859.5555555555555,0.5645833333333334,0.15538194444444445
11,36,0,33.140694023,35.603406603,19/07/2025,15,0.6797605043989595,0.014862840629681157,0.6813160683733037,0.9955364182582489,0.5278971948489204,3.9090372348154987,896.8888888888889,0.40208333333333335,0.16145833333333331
11,37,0,33.14049937,35.603392937,19/07/2025,15,0.6760556409283205,0.007515781853425354,0.6836462915488892,0.9722707200137902,0.5204952795812291,3.8848925229268274,886.8888888888889,0.5125,0.1449652777777778
11,38,0,33.140300863,35.603382275,19/07/2025,15,0.693934042557201,0.004737990001395396,0.6989450576229579,0.9810787770188595,0.5383292921362139,2.078838679766182,851.4444444444445,0.7708333333333334,0.35937500000000006
11,39,0,33.140099232,35.603368717,19/07/2025,15,0.7164589411856539,0.005946944885451014,0.7066087829101808,1.0412507131019348,0.5512255846298378,2.0760038647319714,846.2222222222222,0.7291666666666667,0.2916666666666667
11,40,0,33.139902152,35.60335784,19/07/2025,15,0.7200937774656535,0.004222911596741049,0.7055302193331773,1.0612600650689121,0.5544586552639501,2.254715752170299,833.4444444444445,0.7625,0.3706597222222222
11,41,0,33.139703672,35.60334613,19/07/2025,15,0.7218259634469226,0.004668257171897741,0.7080012170009827,1.0585385952237665,0.5572907391294489,2.5743440261990314,827.1111111111111,0.6875,0.24479166666666669
11,42,0,33.139498387,35.603332867,19/07/2025,15,0.7204974372004974,0.004971605055133183,0.7085205043434653,1.0503402439273413,0.5602182318758112,1.7401190981845582,833.2222222222222,0.8020833333333334,0.4244791666666667
11,43,0,33.139295938,35.603322305,19/07/2025,15,0.7215454362663926,0.0010538977355075204,0.7083706329588842,1.0554157937494937,0.5528396143906387,1.4541978025686977,825.7777777777778,0.8541666666666666,0.564236111111111
11,44,0,33.139101065,35.603310657,19/07/2025,15,0.7300940535174272,0.003958974726620656,0.7114977815331972,1.0807097904136498,0.5644356513435623,1.9249935493429025,820.1111111111111,0.7916666666666666,0.3315972222222222
11,45,0,33.138908075,35.603298728,19/07/2025,15,0.7172616079256622,0.0060239562831992536,0.7043763821469466,1.0538502610982148,0.5505164622160779,2.2845300583088024,831.8888888888889,0.7395833333333333,0.3046875
11,46,0,33.13866311,35.603275047,19/07/2025,15,0.6262006191758673,0.026153467649792855,0.6515226296333753,0.9201522071794632,0.48710822324757114,3.9166315676613372,897.4444444444445,0.24432503770739064,0.15798611111111113
11,47,0,33.138581163,35.603280792,19/07/2025,15,0.48705210811676625,0.0666264294706953,0.5601762487301629,0.820834821658104,0.36917183210114746,4.159037234815498,1073.888888888889,0.2281936121642004,0.15104166666666669
11,48,0,33.138597765,35.60290721,19/07/2025,15,0.4933864589575065,0.07171538276779796,0.5708566041565319,0.8107329711315095,0.3823888857476912,2.707518749639422,1078.4444444444443,0.2864819004524887,0.2708333333333333
11,49,0,33.138834982,35.602923243,19/07/2025,15,0.7275975566530314,0.007315632770379745,0.7167887781276973,1.0467571757404825,0.5662047936701914,2.6425695521513317,802.2222222222222,0.6458333333333333,0.23003472222222224
11,50,0,33.139036682,35.602934995,19/07/2025,15,0.7419588516418466,0.005321099334196335,0.7221786324388803,1.089596808590163,0.5704810799389849,2.078838679766182,793.5555555555555,0.7708333333333333,0.359375
11,51,0,33.139241355,35.6029517,19/07/2025,15,0.7482842412595736,0.004895737285571133,0.7230811740800526,1.1168470754400852,0.5823225138927458,-0.0,802.7777777777778,1.0,1.0
11,52,0,33.139453945,35.602959962,19/07/2025,15,0.7486955872073238,0.0025596220849785976,0.7289489171577126,1.09117778761357,0.5785862192327555,1.1625311359020314,793.2222222222222,0.8541666666666666,0.546875
11,53,0,33.139661677,35.602973688,19/07/2025,15,0.7501746961057632,0.0032739797731355306,0.7248897026852501,1.117398005325447,0.5809847948242074,2.9307901819817657,798.6666666666666,0.6479166666666667,0.19444444444444448
11,54,0,33.139872935,35.602986725,19/07/2025,15,0.74249072660285,0.001606976926938462,0.7237129139542756,1.0847342310354346,0.5790432712173038,2.078838679766182,802.0,0.7708333333333334,0.35937500000000006
11,55,0,33.140085903,35.60299451,19/07/2025,15,0.7223841038523364,0.0026428699870325576,0.7107225644691246,1.0492040812367487,0.554609552190385,-0.0,833.3333333333334,1.0,1.0
11,56,0,33.14028589,35.603002758,19/07/2025,15,0.7199935922092686,0.004447582409129405,0.7089741614927247,1.046313943819276,0.5485669470779511,2.128154386514085,833.8888888888889,0.7104166666666667,0.3732638888888889
11,57,0,33.140491797,35.603008717,19/07/2025,15,0.7144166875487846,0.006345674683447922,0.7036004319102193,1.0444370028298862,0.5478682881563575,2.707518749639422,848.1111111111111,0.625,0.2708333333333333
11,58,0,33.140701823,35.603020035,19/07/2025,15,0.744207347305241,0.009278582353324297,0.7246309156120243,1.0902646562823215,0.5822955738813355,2.9133456951388417,810.2222222222222,0.6770833333333333,0.2152777777777778
11,59,0,33.1409083,35.603032117,19/07/2025,15,0.7180122236789288,0.009645769808863197,0.7133014780075937,1.0204047849939897,0.5575338574897879,0.7451475706431423,830.3333333333334,0.9270833333333333,0.7526041666666667
11,60,0,33.141111607,35.60304688,19/07/2025,15,0.6987258941507151,0.014800261903482954,0.6992080537962538,0.998782591201759,0.5433356747404462,4.36923939949947,870.1111111111111,0.3729166666666667,0.11805555555555557
11,61,0,33.141313127,35.60306078,19/07/2025,15,0.5467995255823953,0.04910069846808321,0.6049736256167203,0.8426559860748875,0.4029606162060127,5.292481250360577,1052.5555555555557,0.1945135746606335,0.10416666666666669
11,62,0,33.14139051,35.603068565,19/07/2025,15,0.3149285777085288,0.05411800850095175,0.44808740042017003,0.7313327523578421,0.25269618874634325,1.4353074058019708,1553.5555555555557,0.84375,0.4887152777777778
11,63,0,33.141412005,35.602701403,19/07/2025,15,0.36762869119755087,0.06499438473028807,0.4830930768521395,0.7538458440216491,0.28173477093437843,2.407472794574877,1409.6666666666667,0.71875,0.30208333333333326
11,64,0,33.141203282,35.602691407,19/07/2025,15,0.6851907856210905,0.011426072112114664,0.6759429879222864,1.0353422608542584,0.5179618098781716,3.5041188279300863,890.3333333333334,0.4786764705882353,0.1527777777777778
11,65,0,33.140982287,35.602679077,19/07/2025,15,0.7050772784503513,0.015382788198910625,0.6907710306457255,1.0590334426158852,0.5361185401282191,3.6071575474056425,857.1111111111111,0.2895833333333333,0.16493055555555558
11,66,0,33.140769327,35.602664842,19/07/2025,15,0.7061525770307597,0.01025940454058129,0.6918702903266465,1.0581532207638944,0.5406282204301367,4.619239399499472,849.8888888888889,0.27818627450980393,0.1076388888888889
11,67,0,33.140495052,35.602649287,19/07/2025,15,0.6807605340785504,0.009377190909869403,0.680565646913079,1.0011310677231153,0.5228964394492357,3.5968226336265317,880.3333333333334,0.42916666666666664,0.17708333333333331
11,68,0,33.140286277,35.602638978,19/07/2025,15,0.66292547346234,0.011881236662823265,0.6663771816122794,0.9880440189587253,0.5100889714037695,4.456733794087382,905.1111111111111,0.37401960784313726,0.1267361111111111
11,69,0,33.140064585,35.602629978,19/07/2025,15,0.6794188831516618,0.013763512142519044,0.6834955372431172,0.9854182459322668,0.5245808160700254,3.9320247983105037,873.3333333333334,0.3708333333333333,0.15104166666666669
11,70,0,33.139848443,35.60261067,19/07/2025,15,0.7067032660116905,0.013800306613862875,0.7016388484846252,1.0206665419721546,0.5364299796728189,5.0901998765158565,831.6666666666666,0.2698529411764706,0.10416666666666669
11,71,0,33.139635075,35.602597178,19/07/2025,15,0.7104213499804685,0.014316865801223384,0.70337879365312,1.0298625882109467,0.5481913014710028,2.707518749639422,827.6666666666666,0.36250000000000004,0.2708333333333333
11,72,0,33.139425498,35.602584823,19/07/2025,15,0.7248687552303611,0.011302533963190278,0.7062693083299079,1.0802711776866125,0.5511835582085542,4.596251836004467,820.6666666666666,0.33124999999999993,0.11805555555555555
11,73,0,33.139213838,35.602572743,19/07/2025,15,0.7038842815428157,0.013370400661426099,0.7003743672029773,1.0147387201012528,0.5376714501168828,4.558746230592377,817.0,0.3952205882352941,0.13020833333333334
11,74,0,33.139007128,35.602560708,19/07/2025,15,0.7016017741132271,0.008089406043347984,0.6934453773250617,1.0326561900185993,0.5354545584567618,4.242492461184756,836.2222222222222,0.37083333333333335,0.14583333333333334
11,75,0,33.138810023,35.602547602,19/07/2025,15,0.7047051079591398,0.00704999025358688,0.6961265258240882,1.034365177038984,0.5412123160141247,3.9367722103366827,841.1111111111111,0.34742647058823534,0.13628472222222224
11,76,0,33.138615217,35.602534878,19/07/2025,15,0.542191198655514,0.059073924625935276,0.6031217591406269,0.8379887534406284,0.39955694697778377,5.292481250360577,993.5555555555555,0.09461028902205372,0.10416666666666669
11,77,0,33.138627787,35.602157915,19/07/2025,15,0.4735546245890984,0.047098713190447714,0.558813258596224,0.7939287888995146,0.35684879879205483,3.857157547405643,1059.2222222222222,0.29987745098039215,0.1701388888888889
11,78,0,33.138887292,35.602182118,19/07/2025,15,0.6290959839884309,0.00377962486630726,0.6453632366795904,0.9468312424634381,0.4792672753953353,1.6835024445205309,913.3333333333334,0.8125,0.4201388888888889
11,79,0,33.139158382,35.602200713,19/07/2025,15,0.6440463248418228,0.007010097571256104,0.6582126680431105,0.9524023247348552,0.4858638443906331,1.6835024445205309,888.1111111111111,0.8125,0.4201388888888889
11,80,0,33.139360385,35.602217213,19/07/2025,15,0.647955492527487,0.005604096052530467,0.6555283227952932,0.9743103474169781,0.48631274106299816,1.4353074058019706,899.5555555555555,0.84375,0.4887152777777778
11,81,0,33.139586797,35.602228003,19/07/2025,15,0.6207678626376766,0.0063009594354022005,0.6402873177550931,0.9374292411186966,0.46927652153833044,2.078838679766182,934.0,0.7708333333333334,0.32812500000000006
11,82,0,33.139810333,35.602237327,19/07/2025,15,0.6253881690629085,0.0033568346886939477,0.6458130877369889,0.9337803623060954,0.4774670183146599,1.9249935493429025,928.5555555555555,0.7916666666666666,0.3315972222222222
11,83,0,33.139996715,35.60226631,19/07/2025,15,0.6196264821050976,0.007651808512202208,0.6363782883508535,0.9465898732425404,0.4649142345228224,2.9402089210773927,946.8888888888889,0.6791666666666667,0.21267361111111113
11,84,0,33.14019521,35.602263182,19/07/2025,15,0.6068196406272403,0.011420553090070791,0.6309043568035774,0.9255380953288339,0.4627849942673687,2.8359813201213147,957.6666666666666,0.6895833333333332,0.3003472222222222
11,85,0,33.140404598,35.602272378,19/07/2025,15,0.6432376924235064,0.0029976450505665685,0.6593632427308497,0.9455707781587487,0.4805550687523818,1.9249935493429022,877.6666666666666,0.7916666666666667,0.3315972222222222
11,86,0,33.140615925,35.602280335,19/07/2025,15,0.6383048573908279,0.004271212665694214,0.6477494856262364,0.9684331824657977,0.48257132895343563,1.4353074058019708,920.4444444444445,0.84375,0.4887152777777778
11,87,0,33.140818843,35.602289105,19/07/2025,15,0.6296222212060564,0.006159560745140426,0.6493933440733644,0.935585877836352,0.4786137334775487,2.5743440261990314,904.7777777777778,0.6875,0.24479166666666669
11,88,0,33.141022235,35.602301605,19/07/2025,15,0.6256272251263967,0.004060601126903921,0.6397643784041839,0.954129656987695,0.47389991396856573,0.7451475706431423,918.7777777777778,0.9270833333333333,0.7526041666666667
11,89,0,33.141244192,35.602314183,19/07/2025,15,0.6136980131561443,0.01196773050825532,0.6333018919692885,0.937906801697064,0.45729241380047075,3.573194012124527,942.3333333333334,0.525,0.15190972222222224
11,90,0,33.141433223,35.602326745,19/07/2025,15,0.31968193667436584,0.052644150864517236,0.4529076539108627,0.7313376360366325,0.24028569242985942,3.499557609147716,1467.0,0.5145833333333333,0.16927083333333331
11,91,0,33.14145075,35.601956577,19/07/2025,15,0.3379414712669633,0.05566680492486297,0.47081729970543645,0.7271855524854917,0.25019890421995616,1.4353074058019706,1405.3333333333333,0.84375,0.4887152777777778
11,92,0,33.141242393,35.601946688,19/07/2025,15,0.6062694229665377,0.006188785506113568,0.6362487737506314,0.9070539637013771,0.46227214028731045,2.8359813201213147,931.3333333333334,0.6895833333333332,0.3003472222222222
11,93,0,33.14103524,35.601935268,19/07/2025,15,0.6382151354257339,0.0021499937984612557,0.6514085968798109,0.9559514922035617,0.4787005719949568,1.9922486751129083,894.7777777777778,0.7291666666666667,0.3072916666666667
11,94,0,33.140825837,35.601921853,19/07/2025,15,0.6266875924488763,0.005370849561544949,0.6419907734443615,0.9501574373793452,0.4727988887281044,1.7895989012843492,914.1111111111111,0.8229166666666667,0.40885416666666674
11,95,0,33.140610482,35.601909215,19/07/2025,15,0.6491586200618628,0.007883278181680707,0.65657577677841,0.9750094965740429,0.4921194349024296,1.9249935493429025,895.3333333333334,0.7916666666666667,0.3315972222222222
11,96,1,33.140401507,35.601895982,19/07/2025,15,0.6454256724445062,0.008877535200884802,0.6522272537948512,0.977122642206451,0.4818412329060516,1.4353074058019708,889.2222222222222,0.84375,0.4887152777777778
11,97,0,33.14020589,35.601884077,19/07/2025,15,0.6317500214244037,0.009226232701317005,0.6505758548811307,0.9384801968495649,0.47471314911740564,2.2845300583088024,891.0,0.7395833333333333,0.3046875
11,98,0,33.14000206,35.601872723,19/07/2025,15,0.6377139954607721,0.005151766529307455,0.6530950943884599,0.9488318600329512,0.48492526214675824,2.6186779753360474,911.6666666666666,0.66875,0.2578125
11,99,0,33.139791972,35.601860572,19/07/2025,15,0.6238692621044063,0.007781129428427858,0.6443343462567674,0.9342082278812206,0.4746246395163937,2.370864469235365,930.0,0.7500000000000001,0.3385416666666667
11,100,0,33.139583615,35.601845982,19/07/2025,15,0.6387407803902208,0.00800519501112923,0.6613363557586226,0.9249856486891732,0.47452955821962445,1.6835024445205309,893.1111111111111,0.8125,0.4201388888888889
11,101,0,33.139379935,35.601834952,19/07/2025,15,0.6323815764075992,0.0032753591601350144,0.6484726739350836,0.9471026971218356,0.4800824920736303,1.4353074058019708,925.3333333333334,0.84375,0.4887152777777778
11,102,0,33.13918549,35.601823747,19/07/2025,15,0.6307840486461443,0.003728395913894597,0.654359099805809,0.9229854789182801,0.4808887173167489,1.7908520829727552,893.7777777777778,0.625,0.5138888888888888
11,103,0,33.138985528,35.601811522,19/07/2025,15,0.6341895102594243,0.0074467197620009164,0.6490907561479107,0.9509289253641116,0.470540402148931,2.4482537708610694,901.8888888888889,0.73125,0.27951388888888884
11,104,0,33.138775373,35.601799308,19/07/2025,15,0.6019268551649285,0.01429483078283431,0.6344380429633589,0.9012223645010996,0.46162778067014315,3.499557609147716,924.8888888888889,0.5645833333333333,0.16927083333333334
11,105,0,33.138647572,35.60179156,19/07/2025,15,0.4667423697392057,0.0542597196335545,0.5501637667602373,0.8005754860200898,0.33839898381782324,3.78619146497717,1095.6666666666667,0.4041666666666667,0.15885416666666669
11,106,0,33.138667807,35.601407053,19/07/2025,15,0.5051682710085035,0.04522044116150798,0.5686178335986617,0.8382818424113871,0.36141368731308854,4.346251836004465,1046.5555555555557,0.2698529411764706,0.12847222222222224
11,107,0,33.13886883,35.601419228,19/07/2025,15,0.6219035535331552,0.004953215046811872,0.6434761906084548,0.9307080234145039,0.4703186512131255,2.5743440261990314,907.0,0.6875,0.21354166666666669
11,108,0,33.139074902,35.601434497,19/07/2025,15,0.6385164880358154,0.0059459945688157155,0.6491768816532273,0.9646339342645207,0.4820061070820157,1.9249935493429022,910.6666666666666,0.7916666666666667,0.3315972222222222
11,109,0,33.139263995,35.601447725,19/07/2025,15,0.6358405021113576,0.003972334568549968,0.648936993842042,0.956515890458362,0.475616129015703,0.7451475706431423,908.3333333333334,0.9270833333333333,0.7526041666666667
11,110,0,33.139466282,35.601456147,19/07/2025,15,0.6447974516342091,0.005970168583739276,0.6560683595634463,0.9619621497247149,0.48310999510190794,-0.0,890.4444444444445,1.0,1.0
11,111,0,33.139682903,35.601474367,19/07/2025,15,0.6478087433039236,0.006279725262271002,0.6560967921935439,0.9718828076955711,0.4851039041899783,-0.0,899.2222222222222,1.0,1.0
11,112,0,33.139896577,35.601488797,19/07/2025,15,0.6397914703626754,0.010689670334259752,0.649453766374342,0.9685557977264069,0.4823447340621777,1.944381475746753,908.7777777777778,0.7395833333333333,0.2977430555555555
11,113,0,33.140105433,35.60150685,19/07/2025,15,0.6478918630055733,0.005129555893751635,0.6585002693906098,0.9639284983981717,0.4979264616792741,1.7586169206466868,893.7777777777778,0.7083333333333333,0.37673611111111105
11,114,0,33.140302,35.601519018,19/07/2025,15,0.5721708157553057,0.013199284863039777,0.6035709552599973,0.9083929718421496,0.43830786601518534,3.8598278679539817,1008.3333333333334,0.47291666666666665,0.14149305555555552
11,115,0,33.140519643,35.6015303,19/07/2025,15,0.6451214035118965,0.008661565198621416,0.6570065102176623,0.9601435161529468,0.49161186178653415,3.152170691632976,881.6666666666666,0.5729166666666666,0.22395833333333331
11,116,0,33.140717898,35.601546062,19/07/2025,15,0.6581911065161801,0.004425703712230302,0.6633613704559311,0.9819943222015907,0.49543789731147786,1.6835024445205309,871.5555555555555,0.8125,0.4201388888888889
11,117,0,33.140930147,35.601562102,19/07/2025,15,0.6483607028426254,0.0023884007026271636,0.6638707679960137,0.9470454084080568,0.49980187098832235,1.6835024445205309,879.1111111111111,0.8125,0.4201388888888889
11,118,0,33.141096252,35.60156632,19/07/2025,15,0.6373246510512772,0.004302696662540279,0.6566334746300814,0.9358338579459183,0.4891949336329533,2.4308241319059887,887.6666666666666,0.6875,0.24479166666666669
11,119,0,33.141307538,35.601582055,19/07/2025,15,0.5921124102923628,0.007793913982852317,0.6250251485400786,0.9008687578749753,0.44995042456061124,1.6835024445205309,960.2222222222222,0.8125,0.4201388888888889
11,120,0,33.141473253,35.601592685,19/07/2025,15,0.2904819962802667,0.04501528662471121,0.4303973497289222,0.7246060060844547,0.22767858343687683,1.9249935493429025,1550.4444444444443,0.7916666666666666,0.3315972222222222
11,121,0,33.141476053,35.601205358,19/07/2025,15,0.368100573028369,0.06279111454950191,0.4949762985603791,0.7327127462521796,0.2851364720970511,1.9933241319059891,1304.111111111111,0.7604166666666666,0.2873263888888889
11,122,0,33.141265283,35.601192873,19/07/2025,15,0.6272347733034148,0.010175017988879088,0.6477142219121722,0.9338533884753935,0.4791045934416296,2.68514304294886,907.8888888888889,0.65625,0.23524305555555558
11,123,0,33.141060453,35.601175985,19/07/2025,15,0.6595893793203511,0.0069961660839063435,0.6707863766927937,0.9611202410579084,0.5075624201395628,1.4353074058019708,862.6666666666666,0.84375,0.4887152777777778
11,124,0,33.140853317,35.601165188,19/07/2025,15,0.6684126965021816,0.007306921609580846,0.6727320856814069,0.9856453801145297,0.5049183672306589,1.4353074058019708,857.3333333333334,0.84375,0.4887152777777778
11,125,0,33.140644383,35.601151265,19/07/2025,15,0.6724991913108683,0.0013148638514107174,0.6783893746863634,0.9785775543500422,0.5201052250604864,1.4353074058019708,847.6666666666666,0.84375,0.4887152777777778
11,126,0,33.140442832,35.601149153,19/07/2025,15,0.6590852912291009,0.008759953678433574,0.6727874062996069,0.9522817604362257,0.5144176507310515,2.930790181981766,859.8888888888889,0.6479166666666667,0.19444444444444448
11,127,0,33.140229845,35.601136568,19/07/2025,15,0.6461115378378163,0.011022871424766503,0.6617303905822047,0.9475136956120096,0.4997990782185442,2.4482537708610694,893.5555555555555,0.73125,0.27951388888888884
11,128,0,33.140024335,35.601123753,19/07/2025,15,0.6679698469316426,0.0014819996069165525,0.6721311636466152,0.9850494443606723,0.5137682374371011,1.9249935493429022,869.5555555555555,0.7916666666666667,0.3315972222222222
11,129,0,33.139818435,35.601111035,19/07/2025,15,0.6698214990924618,0.003124714167232878,0.6761296476736045,0.9772880991004281,0.5197419842340698,1.9354322346176824,871.4444444444445,0.75,0.2881944444444444
11,130,0,33.139614337,35.601098623,19/07/2025,15,0.6533600979680736,0.002751892858111975,0.6662301314884624,0.9555038186072848,0.4962555876798176,1.0612781244591327,891.4444444444445,0.875,0.5989583333333334
11,131,0,33.139420042,35.601088313,19/07/2025,15,0.6437181336885529,0.007151585404687001,0.6576859003306623,0.9530095339892619,0.491906662790273,1.1625311359020314,902.1111111111111,0.8541666666666666,0.546875
11,132,0,33.139215988,35.601075682,19/07/2025,15,0.6177654215868071,0.005561174216353177,0.6426695250800241,0.9206599197656781,0.48734530186179126,2.3684375810505314,933.7777777777778,0.6979166666666667,0.24045138888888892
11,133,0,33.139019293,35.601063452,19/07/2025,15,0.6381457240200482,0.0020611380548293118,0.6516111900727286,0.9550559087933548,0.4785393710079313,2.9307901819817657,907.8888888888889,0.6479166666666667,0.19444444444444448
11,134,0,33.138819787,35.601052053,19/07/2025,15,0.6096992353275709,0.0023989322389482057,0.6416614720266259,0.9003065427167889,0.47060378574111006,1.8389827611420677,917.0,0.7395833333333333,0.3567708333333333
11,135,0,33.138685703,35.601043738,19/07/2025,15,0.4838042442821606,0.0554510221109801,0.5561971403803427,0.8224230808037825,0.35111218370756053,3.152170691632976,1096.111111111111,0.2991421568627451,0.22395833333333334
11,136,0,33.138696937,35.600672637,19/07/2025,15,0.46370525495375414,0.04969703086399682,0.5371392940240394,0.8251323931298803,0.33691829447541827,2.9699118602854653,1145.4444444444443,0.6583333333333332,0.2230902777777778
11,137,0,33.13891635,35.60068634,19/07/2025,15,0.6127935427521238,0.006696373893132896,0.6363149875596613,0.9259044913423831,0.46934355757458096,1.9249935493429022,941.4444444444445,0.7916666666666666,0.3315972222222222
11,138,0,33.139121617,35.600699377,19/07/2025,15,0.6275841370052295,0.002052555246344725,0.6482504253685023,0.9327412552267632,0.4833899825493513,0.7451475706431423,915.6666666666666,0.9270833333333334,0.7526041666666667
11,139,0,33.1393337,35.600712562,19/07/2025,15,0.6229657867785574,0.002513700532493496,0.6516345318806208,0.9079578185293867,0.48454881319114773,0.7451475706431423,905.8888888888889,0.9270833333333334,0.7526041666666667
11,140,0,33.139534923,35.600723458,19/07/2025,15,0.6272456663443504,0.0068421772942094386,0.6559668684010673,0.9074769210570791,0.4826781548853369,1.1625311359020314,895.1111111111111,0.8541666666666667,0.59375
11,141,0,33.139738737,35.600736808,19/07/2025,15,0.6376274751435632,0.003827901606574401,0.6475559027025057,0.966767399865328,0.4870883786164252,2.8584649545928587,917.4444444444445,0.6187500000000001,0.19531250000000003
11,142,0,33.139948875,35.600750173,19/07/2025,15,0.6467179411179949,0.0036437549265672447,0.6601695524572136,0.9541634156125005,0.4991006314607225,0.7451475706431423,896.5555555555555,0.9270833333333333,0.7526041666666667
11,143,1,33.140144637,35.600762023,19/07/2025,15,0.634149667083949,0.0067480830625402015,0.657518921290903,0.9232480008116882,0.49374924718715296,1.789598901284349,899.2222222222222,0.8229166666666666,0.40885416666666663
11,144,0,33.140341158,35.600774185,19/07/2025,15,0.5804935640666522,0.009647299350252618,0.6175420675541766,0.8909392010531386,0.45927310773240226,2.6963618120960544,990.2222222222222,0.6791666666666667,0.27777777777777773
11,145,1,33.140545973,35.600785708,19/07/2025,15,0.6432558437143688,0.006762259374984382,0.663290638103645,0.9327864215573192,0.5033287741136391,2.4308241319059887,880.8888888888889,0.6875,0.24479166666666669
11,146,0,33.140749102,35.600797853,19/07/2025,15,0.6404335218669943,0.0036550132713452205,0.6598947594982838,0.9350836094545151,0.499497667901285,2.7249446711226777,879.2222222222222,0.7,0.22135416666666669
11,147,0,33.140955428,35.600813163,19/07/2025,15,0.6362402542623822,0.008215619571556377,0.6534168963841801,0.9433755633851614,0.49077991471884214,1.4353074058019706,897.1111111111111,0.84375,0.4887152777777778
11,148,0,33.141156333,35.600825512,19/07/2025,15,0.6242538786134031,0.00470559957850972,0.6481583254662762,0.9228991684672404,0.48488571124274915,1.4353074058019706,921.3333333333334,0.84375,0.4887152777777778
11,149,0,33.141373655,35.600838453,19/07/2025,15,0.5671925710683726,0.016772036319736904,0.6165236160952152,0.8596271468642577,0.4303046152955592,3.9367722103366827,975.8888888888889,0.475,0.13628472222222224
11,150,0,33.141495348,35.600846943,19/07/2025,15,0.3185481108077303,0.05772650511318983,0.45666158531704315,0.7216017367776104,0.2574818826745122,1.9249935493429025,1480.111111111111,0.7916666666666666,0.3315972222222222
11,151,0,33.141495,35.600518333,19/07/2025,15,0.30933781936097965,0.05451896068941407,0.4541941170558348,0.7113980068935475,0.24788936336180642,2.2845300583088024,1499.111111111111,0.7395833333333334,0.3046875
11,152,0,33.141263333,35.600531667,19/07/2025,15,0.5965185228011787,0.01502057358389509,0.6378236596739943,0.8760885724848733,0.447867140241059,1.9249935493429022,937.8888888888889,0.7916666666666667,0.3315972222222222
11,153,0,33.141045,35.600531667,19/07/2025,15,0.6253015440494959,0.005490656889859255,0.652047476080043,0.9136502320190559,0.48446550359056356,2.707518749639422,911.4444444444445,0.625,0.2708333333333333
11,154,0,33.140848333,35.6005,19/07/2025,15,0.6147797329621473,0.005431626190034337,0.6367762860086733,0.9304607147757952,0.4683318697011972,1.7895989012843492,938.3333333333334,0.8229166666666667,0.40885416666666674
11,155,0,33.140648333,35.600471667,19/07/2025,15,0.6311701688485907,0.0077324011711912026,0.646571014214658,0.9495630541945024,0.48676949787796975,2.4466516387672987,919.0,0.71875,0.2751736111111111
11,156,1,33.140461667,35.600471667,19/07/2025,15,0.6128101920609966,0.010847749573410942,0.6416392917814817,0.909452652341386,0.46409891157705474,3.788861785525509,926.2222222222222,0.5375,0.1371527777777778
11,157,0,33.140243333,35.600458333,19/07/2025,15,0.6077831359568207,0.007861088153869024,0.6414481002384506,0.8957209725144588,0.4721523891133541,1.4541978025686977,928.8888888888889,0.8541666666666666,0.532986111111111
11,158,0,33.140033333,35.600441667,19/07/2025,15,0.6089926571477856,0.006743603354560567,0.6413064554431016,0.8994982855392242,0.46839833728325747,2.4482537708610694,934.7777777777778,0.73125,0.27951388888888884
11,159,0,33.139836667,35.600428333,19/07/2025,15,0.6171723144536575,0.007462712347689865,0.6423754879828144,0.9198621560871477,0.4697440348411884,2.128154386514085,930.4444444444445,0.7104166666666667,0.3732638888888889
11,160,0,33.139625,35.600426667,19/07/2025,15,0.6143846645263218,0.007564461348828881,0.6417727630109142,0.9136931490837085,0.47243621784099193,1.7895989012843492,931.0,0.8229166666666667,0.40885416666666674
11,161,0,33.13943,35.60041,19/07/2025,15,0.6005594362355874,0.005253383575719597,0.633856759204365,0.8980233949389699,0.463571880277037,1.9249935493429025,948.4444444444445,0.7916666666666667,0.3315972222222222
11,162,0,33.139238333,35.600401667,19/07/2025,15,0.6007073662777518,0.008408810333124987,0.6345562994102321,0.8968753864534931,0.45800140734995526,2.561047859822814,944.3333333333334,0.7,0.22135416666666666
11,163,0,33.139026667,35.60037,19/07/2025,15,0.6008860492247339,0.004541511165310626,0.6316430514147774,0.9055339579229579,0.460961994753714,1.7401190981845582,962.1111111111111,0.8020833333333334,0.4244791666666667
11,164,1,33.138808333,35.600365,19/07/2025,15,0.5576858036958771,0.011766035201071624,0.6022494015129658,0.8746621038641513,0.42170933266967864,4.0575408886971704,1001.5555555555555,0.4979166666666666,0.13368055555555558
11,165,0,33.138731667,35.600373333,19/07/2025,15,0.47456893251730353,0.04187098180996382,0.5538209169075466,0.8075267541979968,0.3510287338294503,4.346251836004467,1093.3333333333333,0.3161764705882353,0.1284722222222222
11,166,0,33.13873998884879,35.60004385714451,19/07/2025,15,0.3285974333999258,0.034319804467069656,0.4438257662302272,0.7622971168743283,0.2457052361156867,2.2845300583088024,872.6666666666666,0.5521340295615339,0.3046875
11,167,0,33.13900409577885,35.60006273212911,19/07/2025,15,0.43461171202482946,0.04062088011508461,0.5270493069351497,0.7875039129744601,0.3232909164247618,3.6071575474056425,1130.0,0.2660539215686274,0.16493055555555555
11,168,0,33.13922356945667,35.60007698444571,19/07/2025,15,0.4403911517213893,0.04548907559190583,0.5356814670724002,0.7794432830823915,0.33397372708865863,4.294372148594611,1126.3333333333333,0.33333333333333326,0.1371527777777778
11,169,0,33.13941330636254,35.60008225836661,19/07/2025,15,0.43494671635296256,0.0465425621341938,0.5393969030903422,0.7625441733091971,0.3320812345570615,3.9090372348154987,1115.3333333333333,0.3395833333333333,0.16145833333333334
11,170,1,33.13962532476266,35.600100899878065,19/07/2025,15,0.42892523115210807,0.054967503356791514,0.5261905849102297,0.7797198631373773,0.32927009750078784,3.857157547405643,1154.5555555555557,0.3312499999999999,0.1701388888888889
11,171,0,33.13985226772052,35.600106340853756,19/07/2025,15,0.41591349400524297,0.05500760355436707,0.5190309897846508,0.76933837705375,0.3134506613614753,3.9090372348154987,1166.7777777777778,0.45208333333333334,0.16145833333333334
11,172,0,33.140034535297254,35.60012042646064,19/07/2025,15,0.3921519773717945,0.05752364686850785,0.5040073596688303,0.7568945389778396,0.30223738320743804,3.4718226336265308,1193.3333333333333,0.4,0.19444444444444448
11,173,0,33.14023916864876,35.60012134484122,19/07/2025,15,0.37963520267405804,0.06013984855038194,0.4946450307655766,0.7524918472461621,0.2863247492627743,2.9985478598228146,1197.888888888889,0.6270833333333332,0.17881944444444445
11,174,0,33.14045120106142,35.60013556413844,19/07/2025,15,0.4277409071671067,0.05016863358706439,0.5197409027981624,0.7903834522830732,0.31277479903605265,3.013777157757555,1119.2222222222222,0.41875,0.2092013888888889
11,175,0,33.140595,35.600145,19/07/2025,15,0.4354441054104939,0.055284796092011805,0.5325722821693223,0.7768474586069242,0.3216688715054856,4.36923939949947,1121.2222222222222,0.32659313725490197,0.11805555555555557
11,176,0,33.140833333,35.60017,19/07/2025,15,0.4103026920325847,0.0578163798531667,0.5211486929564979,0.7552574438903945,0.3127953094244429,3.9090372348154987,1178.7777777777778,0.3557598039215686,0.16145833333333334
11,177,0,33.141023333,35.600176667,19/07/2025,15,0.37818815950912027,0.048296899018714624,0.4912767271577167,0.7567979950553312,0.28958168736019174,3.9367722103366827,1251.888888888889,0.4286764705882353,0.1362847222222222
11,178,0,33.141205,35.600185,19/07/2025,15,0.3739785955870084,0.049795514832928045,0.48880857693144225,0.7538199313890677,0.2754946211523535,3.152170691632976,1253.0,0.4645833333333333,0.22395833333333331
11,179,0,33.141415,35.600195,19/07/2025,15,0.3252256373785612,0.05032377403475133,0.4700579596319042,0.7082610724564231,0.2444519202217904,3.2174240378112207,1295.111111111111,0.5958333333333333,0.1840277777777778
11,180,0,33.141525,35.600213333,19/07/2025,15,0.28267429307329145,0.028038635296861368,0.4297865355652857,0.7131565770013061,0.21077274383573022,4.434153522439333,955.3333333333334,0.29747124060656804,0.1328125
12,1,0,33.141286912,35.604064998,23/07/2025,11,0.2769386581624262,0.04099952006423443,0.4166010844792378,0.7273214880767336,0.20966693666913647,4.663320189106001,879.3333333333334,0.20532724373059172,0.125
12,2,1,33.141094482,35.604051333,23/07/2025,11,0.37062252494070425,0.04339533782233329,0.48910038078599993,0.7479508635382078,0.26539428339005605,2.707518749639422,806.0,0.2875484183344093,0.2708333333333333
12,3,0,33.141096643,35.60405209,23/07/2025,11,0.37067289582559554,0.04005856867472228,0.48658807573244206,0.7524755904350305,0.2675875906467093,2.707518749639422,812.1111111111111,0.2875484183344093,0.2708333333333333
12,4,1,33.14089048,35.604042392,23/07/2025,11,0.37311843315181537,0.03795954839273351,0.49048035589728173,0.748874559622093,0.27189921826279934,3.9090372348154983,808.0,0.24955792175508057,0.16145833333333334
12,5,1,33.140682515,35.604029097,23/07/2025,11,0.4155741342697865,0.061150377503885016,0.5275935955683557,0.7506643354114018,0.31537770395485676,3.9090372348154987,1160.5555555555557,0.2580411010558069,0.16145833333333334
12,6,1,33.140475232,35.60401586,23/07/2025,11,0.4274941000092312,0.06871473379001185,0.5316522129901241,0.7642388742534827,0.32169841273943234,3.9090372348154983,1179.7777777777778,0.29627639517345394,0.16145833333333334
12,7,1,33.14025896,35.604004345,23/07/2025,11,0.3837260681339496,0.06193808826600723,0.5022172087075236,0.7440846360303165,0.2961855216964999,3.152170691632976,1226.2222222222222,0.28443627450980385,0.22395833333333331
12,8,1,33.14006053,35.603991823,23/07/2025,11,0.36772270682721836,0.05704826412439666,0.49525554787076703,0.7308531060080299,0.29128266016190113,4.346251836004467,1244.5555555555557,0.2520361990950226,0.1284722222222222
12,9,1,33.139857173,35.603978323,23/07/2025,11,0.3980168767701197,0.055890289004462815,0.5102795279581073,0.7535719855568627,0.32029662481255383,3.152170691632976,1217.4444444444443,0.2998774509803921,0.22395833333333331
12,10,1,33.139658807,35.60396682,23/07/2025,11,0.46048956677231867,0.05657796402556764,0.5490744657266287,0.7891250430411607,0.35036966320053303,3.4718226336265308,1096.4444444444443,0.26043067954832655,0.19444444444444445
12,11,1,33.139454662,35.603955217,23/07/2025,11,0.45489630603155173,0.061783885847211464,0.5472343665782294,0.7831804416798316,0.36297644664611883,4.346251836004467,1101.888888888889,0.2212703314173902,0.1284722222222222
12,12,1,33.13925451,35.603942585,23/07/2025,11,0.45180623340629567,0.06881140660738613,0.5443792589680158,0.7838735762066399,0.35835526392692224,4.5443721485946105,1093.4444444444443,0.18718738534914997,0.1267361111111111
12,13,1,33.139058995,35.603930637,23/07/2025,11,0.44528881947660337,0.0662167498221211,0.5322420513262143,0.7958272791267428,0.33981702619281384,3.454172272078755,1110.4444444444443,0.24098640495699317,0.19791666666666669
12,14,1,33.138798595,35.603917333,23/07/2025,11,0.39491705294241974,0.06390513496585613,0.5031785789805421,0.7633302444385685,0.3053503496354098,3.152170691632976,1177.4444444444443,0.2635275263951734,0.22395833333333331
12,15,1,33.13859478,35.60390661,23/07/2025,11,0.41484189671756105,0.053572263475111986,0.5149379279824714,0.7745182682479892,0.3203345518152294,5.292481250360577,1126.7777777777778,0.20801460397048632,0.10416666666666669
12,16,0,33.138559323,35.603902088,23/07/2025,11,0.4030389790230476,0.04791145721726803,0.5050082946649724,0.7726142236164817,0.31084499405503685,4.663320189106001,765.6666666666666,0.20531840113419939,0.125
12,17,0,33.138557745,35.603610512,23/07/2025,11,0.4987605534452902,0.04811603864988757,0.5745476553160985,0.8116309231500599,0.3782909954087723,3.9166315676613377,677.6666666666666,0.19914531363560697,0.15798611111111113
12,18,0,33.138752198,35.603623265,23/07/2025,11,0.6526901547220104,0.005662824133363006,0.6738955650509199,0.9270860998729779,0.5035848605866978,2.9450355658756875,868.1111111111111,0.625,0.19097222222222224
12,19,0,33.138953912,35.603635937,23/07/2025,11,0.6557917219585329,0.016648976736428612,0.6761207483436613,0.9304034810395101,0.4984797340789105,3.2366450666536317,855.5555555555555,0.6041666666666666,0.2048611111111111
12,20,0,33.139149112,35.603646213,23/07/2025,11,0.6829332217484338,0.01082180401068532,0.6806061026394911,1.0097477349288952,0.5189738445531941,3.476717444721476,857.4444444444445,0.5229166666666667,0.1814236111111111
12,21,0,33.139345078,35.603659013,23/07/2025,11,0.6587065327810764,0.009055354004539525,0.6744666746730402,0.9454779534702499,0.5019117185685311,2.8359813201213147,876.4444444444445,0.6895833333333332,0.3003472222222222
12,22,0,33.13955126,35.603671062,23/07/2025,11,0.6613505826419526,0.013233242380082185,0.6778128863759683,0.9430511019638436,0.5042314848090194,4.396647917027245,870.7777777777778,0.46875,0.17274305555555555
12,23,0,33.139754877,35.603683665,23/07/2025,11,0.669626583400898,0.01018676199760188,0.6849840460165524,0.9453332587401575,0.5172148058723072,3.573194012124527,863.5555555555555,0.5249999999999999,0.1519097222222222
12,24,1,33.139954508,35.603691305,23/07/2025,11,0.65714429904228,0.012550276925867014,0.6786941739095981,0.9257466946546743,0.5182126729372942,2.707518749639422,883.6666666666666,0.625,0.2708333333333333
12,25,0,33.140151657,35.603703738,23/07/2025,11,0.6268147519962007,0.0156279994238854,0.6566490870508725,0.9043852039009121,0.49018227510372125,3.511175003505865,930.5555555555555,0.5166666666666666,0.19444444444444445
12,26,0,33.140346113,35.603719147,23/07/2025,11,0.6146437785216885,0.016467089007041996,0.6534434561556712,0.8787799539640502,0.47490269585553985,4.396647917027245,922.5555555555555,0.46875,0.17274305555555555
12,27,0,33.140550507,35.603734958,23/07/2025,11,0.6058970083541132,0.005459968563239658,0.6394862403815904,0.8962175533484563,0.47108603188045944,2.68514304294886,951.0,0.65625,0.23524305555555558
12,28,1,33.140758675,35.603746657,23/07/2025,11,0.667757309171567,0.009939028882104356,0.6759138680853697,0.9712762935412689,0.5147999123528816,2.4482537708610694,880.1111111111111,0.73125,0.2795138888888889
12,29,1,33.140959098,35.603758632,23/07/2025,11,0.6291887444519797,0.020275758880666798,0.6535174688795471,0.9216554401471052,0.470418275229755,4.8045851693378,915.0,0.3208333333333333,0.11111111111111112
12,30,1,33.141164995,35.603769328,23/07/2025,11,0.5878229573284989,0.014709021878605904,0.6234349483669686,0.8939672409972244,0.4406196730516771,4.821520773344194,965.0,0.30943627450980393,0.1076388888888889
12,31,1,33.141355642,35.603779397,23/07/2025,11,0.3428695613738824,0.0654985241064777,0.46901793106358153,0.7400418396297201,0.2662888461185462,4.596251836004467,1219.2222222222222,0.20712848029024494,0.11805555555555555
12,32,0,33.141362582,35.603782643,23/07/2025,11,0.3428695613738824,0.0654985241064777,0.46901793106358153,0.7400418396297201,0.2662888461185462,4.596251836004467,1219.2222222222222,0.20712848029024494,0.11805555555555555
12,33,0,33.14136001,35.603453605,23/07/2025,11,0.36383615408054165,0.06972858669456074,0.47797392301878383,0.7587971797809706,0.2803012276885911,4.346251836004465,1340.111111111111,0.3161764705882353,0.12847222222222224
12,34,0,33.141170608,35.60342983,23/07/2025,11,0.6718685502022645,0.014117736159579152,0.680995249349894,0.9675965753769835,0.5222640802528382,4.804585169337801,875.2222222222222,0.3057598039215686,0.11111111111111112
12,35,0,33.140905295,35.603415228,23/07/2025,11,0.715261836094517,0.01449746145570056,0.7096894666673276,1.0239101532531443,0.5596197529124383,3.9686331481071164,824.6666666666666,0.32291666666666663,0.14236111111111113
12,36,0,33.140694023,35.603406603,23/07/2025,11,0.6865915160982471,0.016192155415660187,0.6874510171577051,0.9986127298266582,0.5332932372485751,3.152170691632976,869.2222222222222,0.4604166666666666,0.22395833333333331
12,37,0,33.14049937,35.603392937,23/07/2025,11,0.68857799328481,0.01017267848059408,0.6910582054319839,0.9913852982164167,0.5233976477372242,3.0957005842381937,849.8888888888889,0.6479166666666667,0.18836805555555555
12,38,0,33.140300863,35.603382275,23/07/2025,11,0.7063296820501885,0.0034504135995685084,0.7030507233496146,1.0134513825735703,0.5395027269115364,2.2845300583088024,833.2222222222222,0.7395833333333334,0.3046875
12,39,0,33.140099232,35.603368717,23/07/2025,11,0.7306058091194237,0.003568008958128927,0.7120938606526022,1.0804011026308127,0.552470357203848,2.2845300583088024,813.3333333333334,0.7395833333333333,0.3046875
12,40,0,33.139902152,35.60335784,23/07/2025,11,0.7260111764633929,0.004539226696548266,0.7127752004010339,1.0566098602956868,0.5531187837272128,2.374480214443619,804.0,0.7083333333333333,0.2586805555555555
12,41,0,33.139703672,35.60334613,23/07/2025,11,0.7335804262892842,0.006201195500246846,0.7188579133333042,1.0649103615264828,0.5556075564677261,1.6835024445205309,790.5555555555555,0.8125,0.4201388888888889
12,42,0,33.139498387,35.603332867,23/07/2025,11,0.7231536183055796,0.004289150743298113,0.7062754764172741,1.0717718351313819,0.5526579068611037,1.8389827611420677,822.8888888888889,0.7395833333333333,0.3567708333333333
12,43,0,33.139295938,35.603322305,23/07/2025,11,0.7297090914405849,0.004527239539976332,0.7131653132697343,1.0717999228763764,0.56274112139468,-0.0,810.2222222222222,1.0,1.0
12,44,0,33.139101065,35.603310657,23/07/2025,11,0.7360652919833525,0.0039127596311434405,0.7199446193171668,1.0712257463074655,0.5637710942666928,0.7451475706431423,789.2222222222222,0.9270833333333334,0.7526041666666667
12,45,0,33.138908075,35.603298728,23/07/2025,11,0.7167628884747201,0.007701323556145045,0.7108141278703486,1.0250574433985458,0.5590794526115487,3.3858533076164026,806.6666666666666,0.6187499999999999,0.19010416666666669
12,46,0,33.13866311,35.603275047,23/07/2025,11,0.6409970776677745,0.017710150192406137,0.6617174987815343,0.9313788970305352,0.49392580613647485,3.998807752601005,869.7777777777778,0.3596436651583711,0.14149305555555558
12,47,0,33.138581163,35.603280792,23/07/2025,11,0.5024208738017732,0.06726756691849738,0.5755668845653946,0.8191078624694222,0.3871802133608516,3.1625056054120884,1027.888888888889,0.2726351351351352,0.21180555555555558
12,48,0,33.138597765,35.60290721,23/07/2025,11,0.5047506816168311,0.06662296070625863,0.5868595663415899,0.7951967629427498,0.3845828751933309,4.596251836004466,1033.111111111111,0.21767533936651584,0.11805555555555555
12,49,0,33.138834982,35.602923243,23/07/2025,11,0.7317578449785921,0.007658562179765842,0.7219059961145009,1.043621388070691,0.571460698052448,1.4353074058019708,783.3333333333334,0.84375,0.4887152777777778
12,50,0,33.139036682,35.602934995,23/07/2025,11,0.7455248387755499,0.003126487619916434,0.7294775859364239,1.0732083035561,0.5796198124494669,2.707518749639422,769.0,0.625,0.2708333333333333
12,51,0,33.139241355,35.6029517,23/07/2025,11,0.7523583057879744,0.0056218970890956925,0.7293950227749684,1.108041199179357,0.573490203768682,1.992670531398638,767.6666666666666,0.7708333333333333,0.26041666666666663
12,52,0,33.139453945,35.602959962,23/07/2025,11,0.7519274326920095,0.0029845289040347257,0.7321541705100771,1.092195375616201,0.5879518587611593,2.307180590341786,767.2222222222222,0.71875,0.2647569444444445
12,53,0,33.139661677,35.602973688,23/07/2025,11,0.757417273576525,0.0022525293463175502,0.7333337764434544,1.1145957379490374,0.5916638951555221,0.7451475706431423,769.6666666666666,0.9270833333333333,0.7526041666666667
12,54,0,33.139872935,35.602986725,23/07/2025,11,0.747892681817989,0.001245795490699745,0.7277996878445216,1.0922720603080818,0.5732571676904299,1.789598901284349,773.4444444444445,0.8229166666666666,0.40885416666666663
12,55,0,33.140085903,35.60299451,23/07/2025,11,0.731663530437499,0.002538105802231378,0.7162808876479606,1.067195044472828,0.5667776882413585,1.8389827611420677,809.6666666666666,0.7395833333333333,0.3567708333333333
12,56,0,33.14028589,35.603002758,23/07/2025,11,0.7223357609588881,0.006371314248538155,0.7168455080276833,1.02354045860686,0.5593137152066394,2.5738496345702995,790.5555555555555,0.6791666666666666,0.21788194444444445
12,57,0,33.140491797,35.603008717,23/07/2025,11,0.7167712663752934,0.009668846774306728,0.7086868108340099,1.0343016041267932,0.5515169470069693,0.7451475706431423,825.0,0.9270833333333334,0.7526041666666667
12,58,0,33.140701823,35.603020035,23/07/2025,11,0.7547043472629436,0.004836888171025788,0.7320911599145191,1.1068558396660422,0.5869792046513067,2.8584649545928587,780.6666666666666,0.6187500000000001,0.19531250000000006
12,59,0,33.1409083,35.603032117,23/07/2025,11,0.7344760014525419,0.01018208656400468,0.7170851725752468,1.0779706774598425,0.5662326547917645,3.6054140482403754,814.4444444444445,0.5020833333333333,0.1701388888888889
12,60,0,33.141111607,35.60304688,23/07/2025,11,0.7110370100929488,0.014298794181651375,0.7119625988762572,0.9970581258165391,0.554655744362059,2.7249446711226777,821.6666666666666,0.7,0.22135416666666669
12,61,0,33.141313127,35.60306078,23/07/2025,11,0.5616529372215774,0.043363238267992765,0.6109488950164349,0.863437132605378,0.4168046266412742,4.159037234815498,1039.888888888889,0.2797322775263952,0.15104166666666669
12,62,0,33.14139051,35.603068565,23/07/2025,11,0.3331601264384333,0.06390091408517837,0.4647900469738812,0.7312810244188418,0.2612765961992109,4.558746230592377,1463.6666666666667,0.4354166666666667,0.13020833333333334
12,63,0,33.141412005,35.602701403,23/07/2025,11,0.3908079921175837,0.07315558944073275,0.5037236196595224,0.7555188695372328,0.2928448266262855,2.2845300583088024,1315.3333333333333,0.5895833333333333,0.3046875
12,64,0,33.141203282,35.602691407,23/07/2025,11,0.6930470853764769,0.010890417559928466,0.6928958880662696,1.0009415977667442,0.5374519436770101,4.389460876028361,836.8888888888889,0.28272058823529417,0.12847222222222224
12,65,0,33.140982287,35.602679077,23/07/2025,11,0.718193125453885,0.008673848356775258,0.7123802958213192,1.0249748832263748,0.5509780013900304,3.6054140482403754,795.4444444444445,0.5020833333333332,0.1701388888888889
12,66,0,33.140769327,35.602664842,23/07/2025,11,0.7225083642176835,0.01481317424475269,0.7121630392570231,1.0464376890828992,0.5534292341639542,3.932024798310503,800.7777777777778,0.37083333333333324,0.15104166666666669
12,67,0,33.140495052,35.602649287,23/07/2025,11,0.697534466056988,0.008064692843828549,0.7003882819770103,0.9890446092405895,0.5413592560729733,4.456733794087382,828.1111111111111,0.40625,0.1267361111111111
12,68,0,33.140286277,35.602638978,23/07/2025,11,0.6698388218819571,0.011960002516346336,0.6854262815951429,0.944562490018404,0.5243912232851751,3.9367722103366827,852.3333333333334,0.47500000000000003,0.1362847222222222
12,69,0,33.140064585,35.602629978,23/07/2025,11,0.6986824821291014,0.015806667687115618,0.6921407409551998,1.0277234081932096,0.5317056078316112,3.152170691632976,843.4444444444445,0.4604166666666666,0.22395833333333331
12,70,0,33.139848443,35.60261067,23/07/2025,11,0.7190816782972214,0.012785014782859993,0.7134601995218719,1.0245386689943803,0.5525510537230877,2.707518749639422,802.5555555555555,0.39999999999999997,0.2708333333333333
12,71,0,33.139635075,35.602597178,23/07/2025,11,0.7304357875973587,0.01270897638943642,0.718167852326423,1.0544718494325354,0.5540739268239941,3.152170691632976,784.6666666666666,0.42291666666666666,0.22395833333333331
12,72,0,33.139425498,35.602584823,23/07/2025,11,0.7413452821996069,0.014044098095759119,0.7211997130082604,1.0935320710478225,0.555516514394808,3.8598278679539817,788.2222222222222,0.47291666666666665,0.14149305555555555
12,73,0,33.139213838,35.602572743,23/07/2025,11,0.7210926422062607,0.012753667052073684,0.7100974821855115,1.0473345257245377,0.5563893445763544,4.596251836004467,803.1111111111111,0.2849264705882352,0.11805555555555557
12,74,0,33.139007128,35.602560708,23/07/2025,11,0.7163423049926609,0.0071296374020490706,0.7072476198925145,1.038039708147801,0.543467912168015,3.9090372348154983,794.7777777777778,0.4520833333333333,0.16145833333333334
12,75,0,33.138810023,35.602547602,23/07/2025,11,0.7135347700034684,0.011806916995813346,0.7064404861219203,1.0299483156060216,0.5477723782504496,4.109898128338916,800.2222222222222,0.42083333333333334,0.12847222222222224
12,76,0,33.138615217,35.602534878,23/07/2025,11,0.5565310430189987,0.057280059035472244,0.6160994193698506,0.8377797096586891,0.4179238572491046,5.292481250360577,954.1111111111111,0.12198452977864742,0.10416666666666669
12,77,0,33.138627787,35.602157915,23/07/2025,11,0.4643289366015488,0.05713489818027261,0.5393240141645645,0.8217515835591284,0.35179488019114175,2.707518749639422,1054.7777777777778,0.3095588235294117,0.2708333333333333
12,78,0,33.138887292,35.602182118,23/07/2025,11,0.6330069553279415,0.0022765390615041266,0.649656741189408,0.9449928578131332,0.47574796818381443,1.9249935493429022,891.5555555555555,0.7916666666666667,0.3315972222222222
12,79,0,33.139158382,35.602200713,23/07/2025,11,0.6534159680010252,0.0031851369349260614,0.6680061904931072,0.9495349549936266,0.4903603414392896,1.4353074058019706,861.4444444444445,0.84375,0.4887152777777778
12,80,0,33.139360385,35.602217213,23/07/2025,11,0.6517084906897519,0.0067306136570238154,0.6648826409833245,0.9550623081375755,0.4909417087528096,-0.0,871.8888888888889,1.0,1.0
12,81,0,33.139586797,35.602228003,23/07/2025,11,0.620293093675793,0.0059941346356693105,0.6442789730455484,0.9233730493226852,0.4698003110479183,1.6835024445205309,916.0,0.8125,0.4201388888888889
12,82,0,33.139810333,35.602237327,23/07/2025,11,0.6269200834886095,0.003331404466884557,0.6564906654753339,0.9045272366461088,0.4782975849962624,1.6835024445205309,894.4444444444445,0.8125,0.4201388888888889
12,83,0,33.139996715,35.60226631,23/07/2025,11,0.6255643556223113,0.005450283368519594,0.651289756260176,0.9170628205319356,0.47831142791063236,1.7895989012843492,910.1111111111111,0.8229166666666667,0.40885416666666674
12,84,0,33.14019521,35.602263182,23/07/2025,11,0.6133457693884989,0.01146181375303226,0.6327324185948859,0.939083667192492,0.45972464926043954,3.6054140482403754,942.2222222222222,0.5020833333333332,0.1701388888888889
12,85,0,33.140404598,35.602272378,23/07/2025,11,0.6474987853037536,0.0028520830652905456,0.6638421366866952,0.9444067224260966,0.49295399924709254,1.4353074058019708,869.2222222222222,0.84375,0.4887152777777778
12,86,0,33.140615925,35.602280335,23/07/2025,11,0.6403259130308663,0.007061159914096948,0.6562591631307817,0.9470011089655903,0.47906185928543277,1.7895989012843492,884.6666666666666,0.8229166666666667,0.40885416666666674
12,87,0,33.140818843,35.602289105,23/07/2025,11,0.6328166693505299,0.0015594762741264808,0.6486422095187985,0.947735184669813,0.47543843778364486,-0.0,890.1111111111111,1.0,1.0
12,88,0,33.141022235,35.602301605,23/07/2025,11,0.6450344981377202,0.007455224821612613,0.6584344563989841,0.9552582418241836,0.4822869543414,0.7451475706431423,874.6666666666666,0.9270833333333334,0.7526041666666667
12,89,0,33.141244192,35.602314183,23/07/2025,11,0.6090238921721202,0.006547309547193409,0.6285935349859243,0.9386947011601746,0.45491634657269475,1.4353074058019708,935.8888888888889,0.84375,0.4887152777777778
12,90,0,33.141433223,35.602326745,23/07/2025,11,0.3354099047912262,0.05144668490604504,0.4595793026493611,0.7448540571389946,0.2501521989887167,3.4380546909157212,1427.111111111111,0.55625,0.15798611111111113
12,91,0,33.14145075,35.601956577,23/07/2025,11,0.36256641528268246,0.05504334696901043,0.4815035278819528,0.749073669347799,0.2669935918752971,2.593333454789902,1340.6666666666667,0.6583333333333333,0.23697916666666669
12,92,0,33.141242393,35.601946688,23/07/2025,11,0.614600679370637,0.00703844007722467,0.644363620467022,0.9063886196536965,0.46330292122037886,1.4353074058019708,896.0,0.84375,0.4887152777777778
12,93,0,33.14103524,35.601935268,23/07/2025,11,0.6422933307152441,0.005094912404972914,0.6552184535938604,0.9566605408499816,0.47578025722151973,1.709282221599798,878.4444444444445,0.78125,0.3671875
12,94,0,33.140825837,35.601921853,23/07/2025,11,0.6291882717876601,0.0058496438533013305,0.6513075568529894,0.928037504412899,0.4756667917882536,0.7451475706431423,882.4444444444445,0.9270833333333333,0.7526041666666667
12,95,0,33.140610482,35.601909215,23/07/2025,11,0.6469382723204055,0.004965015544532472,0.6598356083940058,0.9561815894601443,0.4864736789623024,0.7451475706431423,873.4444444444445,0.9270833333333333,0.7526041666666667
12,96,1,33.140401507,35.601895982,23/07/2025,11,0.6488705396752528,0.0064652928402709085,0.665711056058431,0.9427480757396448,0.49482265454475105,3.724688546745176,850.7777777777778,0.5354166666666667,0.14756944444444445
12,97,0,33.14020589,35.601884077,23/07/2025,11,0.6379234804710655,0.004702248438525071,0.6524911241556928,0.9515749938032216,0.47942149043353893,2.68514304294886,881.0,0.65625,0.23524305555555555
12,98,0,33.14000206,35.601872723,23/07/2025,11,0.6372195982311954,0.006953247354696148,0.6521071765943884,0.950876905008311,0.47986658547822664,1.9933241319059891,893.7777777777778,0.7604166666666666,0.2873263888888889
12,99,0,33.139791972,35.601860572,23/07/2025,11,0.6338695667147904,0.005596173697630513,0.6498492008716591,0.9472643633077631,0.472255150726514,1.6835024445205309,905.4444444444445,0.8125,0.4201388888888889
12,100,0,33.139583615,35.601845982,23/07/2025,11,0.6370428917360732,0.007347918823497355,0.6544633493160206,0.9424091605947249,0.481432416360603,0.7451475706431423,895.1111111111111,0.9270833333333334,0.7526041666666667
12,101,0,33.139379935,35.601834952,23/07/2025,11,0.635194507550944,0.006848130005039368,0.6473831742807253,0.9596980704928123,0.4711838614012177,3.5384092242129417,904.4444444444445,0.6104166666666666,0.2170138888888889
12,102,0,33.13918549,35.601823747,23/07/2025,11,0.642917320160135,0.0035783928703505613,0.6517199513088974,0.9702488312717344,0.47046412095030987,0.7451475706431423,891.4444444444445,0.9270833333333333,0.7526041666666667
12,103,0,33.138985528,35.601811522,23/07/2025,11,0.6427741190910957,0.0042337357908073196,0.6533959578701309,0.9641504653225049,0.4748458638375527,1.9933241319059891,886.7777777777778,0.7604166666666666,0.2873263888888889
12,104,0,33.138775373,35.601799308,23/07/2025,11,0.6017690531041575,0.0040946259577267835,0.6247505126691117,0.9290425582299053,0.4485920301693529,3.936919609405448,935.0,0.48124999999999996,0.1293402777777778
12,105,0,33.138647572,35.60179156,23/07/2025,11,0.4532841628020393,0.050773188694781216,0.5424596971513149,0.7911593975691253,0.3426017696438627,4.284037234815498,1070.888888888889,0.4229166666666667,0.13368055555555555
12,106,0,33.138667807,35.601407053,23/07/2025,11,0.5074607996763194,0.04177758522541024,0.5706859394486543,0.8391173474023701,0.36452567072154596,3.9090372348154983,1030.888888888889,0.40208333333333335,0.16145833333333334
12,107,0,33.13886883,35.601419228,23/07/2025,11,0.6144710463780051,0.009659945524868424,0.6428129057173836,0.9110539186063752,0.4611948509178893,2.6186779753360474,894.2222222222222,0.6687500000000001,0.2578125
12,108,0,33.139074902,35.601434497,23/07/2025,11,0.6405341062089829,0.007151991035346347,0.6542474526002456,0.9542068872572553,0.472816970529946,2.514521481066532,879.1111111111111,0.6666666666666667,0.23090277777777782
12,109,0,33.139263995,35.601447725,23/07/2025,11,0.6500803830487848,0.0036412393578849614,0.6581940205164198,0.9721660631518717,0.4786531033842927,1.944381475746753,872.0,0.7395833333333334,0.2977430555555556
12,110,0,33.139466282,35.601456147,23/07/2025,11,0.6410906445149259,0.005749382881849273,0.6549816274111463,0.9534475114639969,0.48376051914922136,1.9249935493429025,875.6666666666666,0.7916666666666666,0.3315972222222222
12,111,0,33.139682903,35.601474367,23/07/2025,11,0.650248395936426,0.004516042670039021,0.6631393877220568,0.9558861397055745,0.4874838565740901,0.7451475706431423,869.5555555555555,0.9270833333333334,0.7526041666666667
12,112,0,33.139896577,35.601488797,23/07/2025,11,0.6439371795638597,0.003144024884118695,0.659581244838834,0.9471389215417069,0.4865868717025657,1.9249935493429025,876.1111111111111,0.7916666666666666,0.3315972222222222
12,113,0,33.140105433,35.60150685,23/07/2025,11,0.6569425298264417,0.0020959507824870457,0.6660262804362281,0.9682324468326764,0.4876967991299379,-0.0,846.2222222222222,1.0,1.0
12,114,0,33.140302,35.601519018,23/07/2025,11,0.5879828301246158,0.014530949378817637,0.6262986872858071,0.8861580964955191,0.46002542214234254,4.284037234815498,928.3333333333334,0.4229166666666667,0.13368055555555555
12,115,0,33.140519643,35.6015303,23/07/2025,11,0.6574461614131039,0.006525380822272669,0.6663109560313214,0.9692916750610361,0.5027596484568809,2.254715752170299,850.7777777777778,0.7625,0.3706597222222222
12,116,0,33.140717898,35.601546062,23/07/2025,11,0.6493275956764947,0.002962745610146124,0.6641935515333386,0.949080287760141,0.49733664180929466,1.9933241319059891,862.0,0.7604166666666666,0.2873263888888889
12,117,0,33.140930147,35.601562102,23/07/2025,11,0.6535144170856549,0.004756452271570159,0.6617645664512697,0.9714521233460659,0.49607491094290296,1.7586169206466868,869.2222222222222,0.7083333333333333,0.3767361111111111
12,118,0,33.141096252,35.60156632,23/07/2025,11,0.6409582890048701,0.004721798978782648,0.6591023747304452,0.9391471181326403,0.48689070594103345,2.7342010098207163,866.6666666666666,0.5875000000000001,0.2309027777777778
12,119,0,33.141307538,35.601582055,23/07/2025,11,0.6033430019472813,0.009422929282391208,0.6325228304761512,0.9098688933979161,0.45338608403090064,2.707518749639422,932.4444444444445,0.625,0.2708333333333333
12,120,0,33.141473253,35.601592685,23/07/2025,11,0.3226836648752129,0.05370734663981095,0.44978080694632155,0.7423156195384961,0.24685018434322595,-0.0,1480.5555555555557,1.0,1.0
12,121,0,33.141476053,35.601205358,23/07/2025,11,0.4059193066822326,0.06762888377310923,0.509018133519661,0.772278715426964,0.2989290212299847,3.4380546909157212,1240.5555555555557,0.5875,0.1579861111111111
12,122,0,33.141265283,35.601192873,23/07/2025,11,0.6362348755165245,0.007496738783413606,0.656332516385828,0.9333786712565865,0.4810573364080432,2.8858414111932924,885.3333333333334,0.6375000000000001,0.2065972222222222
12,123,0,33.141060453,35.601175985,23/07/2025,11,0.6714092385858029,0.0038482539621740694,0.6777604027936526,0.9770508512668806,0.5084347954730919,0.7451475706431423,838.2222222222222,0.9270833333333334,0.7526041666666667
12,124,0,33.140853317,35.601165188,23/07/2025,11,0.671502713966431,0.007081717524233061,0.6822110392265655,0.9617951514525424,0.5131725934943755,1.6835024445205309,820.4444444444445,0.8125,0.4201388888888889
12,125,0,33.140644383,35.601151265,23/07/2025,11,0.6772688968084799,0.0035191632348709335,0.6844865049799194,0.973625474742083,0.5203448713050718,0.7451475706431423,820.3333333333334,0.9270833333333333,0.7526041666666667
12,126,0,33.140442832,35.601149153,23/07/2025,11,0.664798200373898,0.006460521454519987,0.6779878379354396,0.9535147570188435,0.5115181923159836,1.9249935493429022,835.7777777777778,0.7916666666666667,0.3315972222222222
12,127,0,33.140229845,35.601136568,23/07/2025,11,0.6646594604200002,0.007502397261725018,0.6717565056599447,0.9752590550923187,0.5037684350593917,0.7451475706431423,858.4444444444445,0.9270833333333334,0.7526041666666667
12,128,0,33.140024335,35.601123753,23/07/2025,11,0.6737579797265877,0.0032330976613391123,0.6785740194542869,0.982589380220879,0.5214554611906643,2.5738496345702995,842.4444444444445,0.6791666666666667,0.21788194444444445
12,129,0,33.139818435,35.601111035,23/07/2025,11,0.6682451102742422,0.004130455930464655,0.6876441979233934,0.9309539208738755,0.5113936631875082,2.4728548143998657,823.1111111111111,0.6875,0.24131944444444448
12,130,0,33.139614337,35.601098623,23/07/2025,11,0.6598498909415617,0.002067527049209719,0.6702439140559632,0.9634698620458059,0.49787466888250886,2.472854814399865,866.1111111111111,0.6875,0.24131944444444445
12,131,0,33.139420042,35.601088313,23/07/2025,11,0.6430472899594663,0.004085728970447986,0.6619286079029716,0.9364880239735146,0.4847531720165996,1.1625311359020314,883.7777777777778,0.8541666666666667,0.546875
12,132,0,33.139215988,35.601075682,23/07/2025,11,0.617005105799749,0.00505643076929474,0.6504827748312145,0.8942811212309034,0.475355993797342,1.9249935493429022,889.7777777777778,0.7916666666666667,0.3315972222222222
12,133,0,33.139019293,35.601063452,23/07/2025,11,0.6401816552459175,0.003049444508496118,0.6565544219008198,0.945174596262589,0.47918134008100527,1.9922486751129083,879.1111111111111,0.7291666666666667,0.3072916666666667
12,134,0,33.138819787,35.601052053,23/07/2025,11,0.6071330990089238,0.011413814639610786,0.6405813560061344,0.8967623064636396,0.45847272051077304,2.2845300583088024,900.0,0.7395833333333334,0.3046875
12,135,0,33.138685703,35.601043738,23/07/2025,11,0.4738498209852346,0.049368428856010754,0.5550945522664789,0.8043239865046998,0.33939615112473853,3.3508456951388417,1069.888888888889,0.5541666666666667,0.17274305555555555
12,136,0,33.138696937,35.600672637,23/07/2025,11,0.4484827880991642,0.05113112991470869,0.5417702394940549,0.7822980400396481,0.32778578775494155,4.292628649429344,1113.2222222222222,0.38125,0.1267361111111111
12,137,0,33.13891635,35.60068634,23/07/2025,11,0.609098963376854,0.004229831360949348,0.6442289229383085,0.8907520318941994,0.4659558490712777,1.4541978025686977,904.3333333333334,0.8541666666666666,0.532986111111111
12,138,0,33.139121617,35.600699377,23/07/2025,11,0.6321430462088524,0.0030198724589376017,0.657207705732484,0.9179641617305643,0.48308421732560564,0.7451475706431423,884.5555555555555,0.9270833333333334,0.7526041666666667
12,139,0,33.1393337,35.600712562,23/07/2025,11,0.6220275292304246,0.0036447903853071644,0.6587289917578873,0.8830027372648134,0.4827504903648607,2.68514304294886,876.2222222222222,0.65625,0.23524305555555555
12,140,0,33.139534923,35.600723458,23/07/2025,11,0.6349097922336622,0.0020512868072917437,0.6570630562371966,0.9267639485336014,0.48329000796556865,2.561047859822814,882.8888888888889,0.7,0.22135416666666666
12,141,0,33.139738737,35.600736808,23/07/2025,11,0.6464054441874144,0.0028670763077339096,0.6663706519283191,0.9323511871012818,0.4970867718423444,-0.0,868.5555555555555,1.0,1.0
12,142,0,33.139948875,35.600750173,23/07/2025,11,0.6507863113527972,0.011517534936914717,0.6719230418430144,0.9285997379870162,0.5024555587158815,2.561047859822814,861.1111111111111,0.7,0.22135416666666666
12,143,1,33.140144637,35.600762023,23/07/2025,11,0.6463396082400387,0.002474481646709951,0.6668342543407788,0.930630643260817,0.49390937755685776,2.128154386514085,866.5555555555555,0.7791666666666668,0.37326388888888895
12,144,0,33.140341158,35.600774185,23/07/2025,11,0.5921444755854035,0.006047787479728347,0.629377103780084,0.8881246287435306,0.4633486464759262,1.4353074058019706,948.0,0.84375,0.4887152777777778
12,145,1,33.140545973,35.600785708,23/07/2025,11,0.6603152346634882,0.006805911335523048,0.6721793414626132,0.95851075560036,0.508701135370117,-0.0,840.2222222222222,1.0,1.0
12,146,0,33.140749102,35.600797853,23/07/2025,11,0.6573283241355204,0.00466808380162927,0.6688879698306232,0.9596508723260249,0.5095600129372628,2.4482537708610694,854.6666666666666,0.73125,0.27951388888888884
12,147,0,33.140955428,35.600813163,23/07/2025,11,0.6458612244869266,0.009610604248431527,0.6617459613642986,0.9466090858016956,0.4967427091814792,1.6835024445205309,872.1111111111111,0.8125,0.4201388888888889
12,148,0,33.141156333,35.600825512,23/07/2025,11,0.6255326520254892,0.006970225790210906,0.6551571810483869,0.9047674596406482,0.4784882241443989,-0.0,878.6666666666666,1.0,1.0
12,149,0,33.141373655,35.600838453,23/07/2025,11,0.5911702503532401,0.02161288145021504,0.6269619054572706,0.8944498358746521,0.44509130090358234,3.4775061931313047,956.1111111111111,0.5062500000000001,0.17274305555555558
12,150,0,33.141495348,35.600846943,23/07/2025,11,0.36380365819853316,0.0705323222487276,0.48464144311668256,0.746373660216343,0.26916172742669725,2.4728548143998657,1382.5555555555557,0.6875,0.24131944444444448
12,151,0,33.141495,35.600518333,23/07/2025,11,0.3270939920951266,0.06313462114248773,0.45962816911957866,0.7303965269428413,0.24357236993843795,2.898685016256941,1425.2222222222222,0.54375,0.20572916666666666
12,152,0,33.141263333,35.600531667,23/07/2025,11,0.6234033834218642,0.0086202860986527,0.6477568903348722,0.9218178605864983,0.4745707852804645,2.68514304294886,917.7777777777778,0.65625,0.23524305555555558
12,153,0,33.141045,35.600531667,23/07/2025,11,0.6361535092566553,0.010104335862136774,0.6593624549793362,0.923717036584657,0.48417073332789445,3.5384092242129412,871.7777777777778,0.6104166666666667,0.2170138888888889
12,154,0,33.140848333,35.6005,23/07/2025,11,0.6226298613197139,0.0067881131132895775,0.6538498268559909,0.9001583515868143,0.48079151219978655,2.68514304294886,876.2222222222222,0.65625,0.23524305555555555
12,155,0,33.140648333,35.600471667,23/07/2025,11,0.6435364520054158,0.009955325714569642,0.6573902180379777,0.9531993675914047,0.49056348328354665,3.2174240378112207,880.1111111111111,0.5958333333333333,0.1840277777777778
12,156,1,33.140461667,35.600471667,23/07/2025,11,0.6250132176532899,0.0074762673678251184,0.6498995369654654,0.919740473853394,0.4738512773629616,3.3901298987215265,894.1111111111111,0.5729166666666666,0.1814236111111111
12,157,0,33.140243333,35.600458333,23/07/2025,11,0.6220806511981987,0.0060264234032285655,0.6448774025131019,0.9270408439628129,0.4715996325888516,2.707518749639422,910.6666666666666,0.625,0.2708333333333333
12,158,0,33.140033333,35.600441667,23/07/2025,11,0.6236452708112872,0.009152156923161119,0.6552779914528787,0.8987001856406024,0.47614051013271436,2.4466516387672987,891.1111111111111,0.71875,0.2751736111111111
12,159,0,33.139836667,35.600428333,23/07/2025,11,0.6245173459406081,0.005805272175407934,0.6529897249618332,0.9082933342477593,0.47452682950475633,2.8359813201213147,895.3333333333334,0.6895833333333332,0.3003472222222222
12,160,0,33.139625,35.600426667,23/07/2025,11,0.6248387562062906,0.005048421662000695,0.6511510701926727,0.9152458964351644,0.47247343658736085,2.5743440261990314,890.1111111111111,0.6875,0.21354166666666669
12,161,0,33.13943,35.60041,23/07/2025,11,0.6188998521336418,0.008008676248415328,0.6485610241159212,0.9059605654317215,0.4662138671680584,1.4353074058019706,897.6666666666666,0.84375,0.4887152777777778
12,162,0,33.139238333,35.600401667,23/07/2025,11,0.6147492472703667,0.006717274115635891,0.6438541657145953,0.9083863089477308,0.4636450099095252,1.9249935493429025,917.4444444444445,0.7916666666666667,0.3315972222222222
12,163,0,33.139026667,35.60037,23/07/2025,11,0.5941206344653721,0.008983282403640026,0.6313362936622886,0.8878912429988027,0.45040931826077873,2.9307901819817657,937.2222222222222,0.6479166666666667,0.19444444444444448
12,164,1,33.138808333,35.600365,23/07/2025,11,0.5607424264675073,0.01259158705862071,0.6026816121877746,0.8811391925515368,0.41681811348265235,3.95559871257711,982.1111111111111,0.5062499999999999,0.1293402777777778
12,165,0,33.138731667,35.600373333,23/07/2025,11,0.4622198281564613,0.047013902082157756,0.5545970795307786,0.7821562593538629,0.33673216591324534,4.346251836004465,1072.888888888889,0.3161764705882353,0.12847222222222224
12,166,0,33.13873998884879,35.60004385714451,23/07/2025,11,0.31689950274427664,0.03551346155591414,0.4627875880852544,0.7084224146577037,0.24922134948198227,3.4718226336265308,814.8888888888889,0.38547016316580063,0.19444444444444448
12,167,0,33.13900409577885,35.60006273212911,23/07/2025,11,0.4333940325453824,0.03494052731616505,0.5377071334644763,0.7618733806037041,0.32690697010242475,4.596251836004467,1078.7777777777778,0.3276489441930618,0.11805555555555555
12,168,0,33.13922356945667,35.60007698444571,23/07/2025,11,0.4454597752025251,0.03846032016111579,0.544656139967217,0.7690463588180901,0.3324839805346103,4.663320189106001,1079.0,0.2551470588235294,0.125
12,169,0,33.13941330636254,35.60008225836661,23/07/2025,11,0.4456423973406572,0.04903771268340519,0.5515593835617515,0.7567678239945406,0.3322454527482034,3.1521706916329766,1066.5555555555557,0.46458333333333335,0.22395833333333331
12,170,1,33.13962532476266,35.600100899878065,23/07/2025,11,0.44059870691774977,0.04725222240548836,0.5477795359855163,0.7533253009113304,0.32200587043798085,3.6071575474056434,1099.3333333333333,0.3457107843137255,0.16493055555555558
12,171,0,33.13985226772052,35.600106340853756,23/07/2025,11,0.41304323589683933,0.055715622483004774,0.526542292056793,0.7484759643227656,0.28957238921043466,3.857157547405643,1129.5555555555557,0.33124999999999993,0.1701388888888889
12,172,0,33.140034535297254,35.60012042646064,23/07/2025,11,0.4068254828379301,0.0553923933969901,0.5326291333176619,0.7235267358353948,0.30147262936552427,3.9090372348154987,1115.5555555555557,0.3604166666666666,0.16145833333333334
12,173,0,33.14023916864876,35.60012134484122,23/07/2025,11,0.3951000406639153,0.06512754198975204,0.5049339175684396,0.7610403970461949,0.2837780735897609,2.561047859822814,1153.888888888889,0.7,0.22135416666666669
12,174,0,33.14045120106142,35.60013556413844,23/07/2025,11,0.4522134395763545,0.046734568174311264,0.5464942338837235,0.7788560699011551,0.32453201219643596,5.063314583693911,1044.7777777777778,0.30686274509803924,0.11197916666666669
12,175,0,33.140595,35.600145,23/07/2025,11,0.4624183857603513,0.05299564062057121,0.5548158517174951,0.7806894223845091,0.3546873512213419,5.0901998765158565,1065.888888888889,0.28394607843137254,0.10416666666666669
12,176,0,33.140833333,35.60017,23/07/2025,11,0.4509487371460398,0.052763883334088046,0.5469014252168518,0.7752341102117518,0.3485269215356796,4.846251836004467,1105.5555555555557,0.23431372549019608,0.1076388888888889
12,177,0,33.141023333,35.600176667,23/07/2025,11,0.41582304304134904,0.05587044940070907,0.5246091873363903,0.7571026745427956,0.3176317929431658,4.353846168850305,1161.2222222222222,0.25943627450980394,0.125
12,178,0,33.141205,35.600185,23/07/2025,11,0.4046892337935998,0.04884724974699799,0.5228850280934011,0.7401729194022151,0.3170769254095962,3.857157547405643,1156.5555555555557,0.38125,0.1701388888888889
12,179,0,33.141415,35.600195,23/07/2025,11,0.35923489497132266,0.04623440408090112,0.4919974177509081,0.7223333958118158,0.2774894549562744,3.9090372348154983,1233.0,0.40208333333333335,0.16145833333333337
12,180,0,33.141525,35.600213333,23/07/2025,11,0.3230874897345429,0.03213653868216695,0.4641650196027667,0.7153381083457075,0.23934388735749623,4.434153522439333,898.1111111111111,0.28545913391485195,0.1328125
13,1,0,33.141286912,35.604064998,28/07/2025,6,0.2321337462501065,0.04250069545173737,0.3680421556047977,0.7415852702269797,0.18626570569983805,4.663320189106001,964.3333333333334,0.1949131627608203,0.125
13,2,1,33.141094482,35.604051333,28/07/2025,6,0.3279685529857999,0.04000991138133974,0.43464460204083055,0.7795371146870531,0.24190217444325016,3.4718226336265308,872.3333333333334,0.3354707356004074,0.19444444444444445
13,3,0,33.141096643,35.60405209,28/07/2025,6,0.3304880855552626,0.04133528757940914,0.4380764429098623,0.7777539573510032,0.24697549032555724,4.4193721485946105,872.6666666666666,0.29380281802710506,0.12847222222222224
13,4,1,33.14089048,35.604042392,28/07/2025,6,0.33306624925084816,0.038488839539250023,0.44419207250652654,0.7703263288216379,0.2532590023193284,3.9090372348154983,868.8888888888889,0.2495625974279216,0.16145833333333334
13,5,1,33.140682515,35.604029097,28/07/2025,6,0.37689779943907653,0.06321307934800845,0.4812229898383202,0.7773786817822281,0.2934837522006931,4.159037234815498,1240.6666666666667,0.2723039215686274,0.15104166666666669
13,6,1,33.140475232,35.60401586,28/07/2025,6,0.3920460411295561,0.06914658133738974,0.4839590768402233,0.7997577050178941,0.2961909594142237,4.596251836004467,1258.6666666666667,0.21287885736415144,0.11805555555555555
13,7,1,33.14025896,35.604004345,28/07/2025,6,0.3562320618389389,0.06873267899268785,0.4645713644009897,0.7733679456143405,0.2783155923038336,3.5968226336265317,1312.2222222222222,0.2747549019607843,0.17708333333333331
13,8,1,33.14006053,35.603991823,28/07/2025,6,0.33427815052209775,0.061056464366752015,0.4491557183019234,0.7623931317537551,0.26398946386229294,3.9090372348154983,1350.111111111111,0.27960972850678734,0.16145833333333337
13,9,1,33.139857173,35.603978323,28/07/2025,6,0.3709266672340876,0.05955945740724268,0.47173421850713126,0.784466773122739,0.3009409468762882,4.346251836004467,1279.2222222222222,0.2698529411764705,0.1284722222222222
13,10,1,33.139658807,35.60396682,28/07/2025,6,0.4364224923691828,0.06069712224150078,0.5100107650726828,0.8301903180512098,0.33334898449539957,3.8988242140723095,1174.2222222222222,0.221599251966899,0.15104166666666669
13,11,1,33.139454662,35.603955217,28/07/2025,6,0.4233433705122058,0.0674864960967787,0.4990300648764073,0.827614680423913,0.3375539683738127,3.9090372348154983,1187.3333333333333,0.2359218437894908,0.16145833333333334
13,12,1,33.13925451,35.603942585,28/07/2025,6,0.41481731169819586,0.06893679060937048,0.4885381989714071,0.8341087697521188,0.3283159664260241,4.5443721485946105,1196.5555555555557,0.18546476533922734,0.1267361111111111
13,13,1,33.139058995,35.603930637,28/07/2025,6,0.398778917928605,0.06298238321838887,0.481442615343226,0.8178420224519863,0.32195205182224496,4.596251836004467,1215.888888888889,0.234886011577188,0.11805555555555555
13,14,1,33.138798595,35.603917333,28/07/2025,6,0.35602984596959314,0.06307239239301252,0.4560113328350856,0.78941099691475,0.29221098433400367,4.596251836004466,1270.4444444444443,0.19324940891117362,0.11805555555555557
13,15,1,33.13859478,35.60390661,28/07/2025,6,0.3778040994252985,0.058715298657600556,0.45936698124151576,0.8229266256360943,0.29315851089114237,4.846251836004468,1252.4444444444443,0.2271322510293099,0.1076388888888889
13,16,0,33.138559323,35.603902088,28/07/2025,6,0.36525009311190404,0.05266758254631539,0.4500688085622253,0.8175723031773887,0.28288300400963345,4.663320189106001,849.2222222222222,0.20370284064024935,0.125
13,17,0,33.138557745,35.603610512,28/07/2025,6,0.42271323789180926,0.05175923238999235,0.5048226855344969,0.8130589703843777,0.3364292088898106,3.9090372348154983,774.6666666666666,0.20804285813103957,0.16145833333333334
13,18,0,33.138752198,35.603623265,28/07/2025,6,0.6168640803719091,0.006415768450253667,0.6261052642532209,0.9703912858150764,0.4790640887118085,2.68514304294886,976.6666666666666,0.65625,0.23524305555555558
13,19,0,33.138953912,35.603635937,28/07/2025,6,0.6153002837634527,0.012925958635998264,0.6220631781543475,0.9791889845731867,0.48127004080729324,3.9512199918688324,999.8888888888889,0.50625,0.1440972222222222
13,20,0,33.139149112,35.603646213,28/07/2025,6,0.6411380408885335,0.010963350165652735,0.6321054386239955,1.0312280574699475,0.4957880551244829,3.514005390679865,977.7777777777778,0.5958333333333333,0.17708333333333334
13,21,0,33.139345078,35.603659013,28/07/2025,6,0.6202058100525103,0.00871555846226061,0.6260825525614758,0.9813500259159846,0.48258131809787685,3.724688546745176,998.8888888888889,0.5041666666666667,0.14756944444444445
13,22,0,33.13955126,35.603671062,28/07/2025,6,0.6223851160574563,0.011478303739657096,0.6229197391321644,0.9984579939358331,0.4818661755481167,4.324546753088498,1020.1111111111111,0.39742647058823527,0.12586805555555555
13,23,0,33.139754877,35.603683665,28/07/2025,6,0.6461393811901585,0.016619370662549163,0.63911659608046,1.025847531502774,0.49576788286822954,3.9907489620194876,990.5555555555555,0.4499999999999999,0.14583333333333334
13,24,1,33.139954508,35.603691305,28/07/2025,6,0.6171487130090103,0.013237602794958468,0.6191411904219264,0.9938410617021552,0.4742350930001416,2.707518749639422,1024.888888888889,0.5125,0.2708333333333333
13,25,0,33.140151657,35.603703738,28/07/2025,6,0.5929157536621525,0.013530518647644405,0.6075227579401276,0.9556494236306151,0.4597991654807123,4.456733794087382,1050.0,0.4375,0.1267361111111111
13,26,0,33.140346113,35.603719147,28/07/2025,6,0.5791447977798068,0.012063327083237695,0.604998176461229,0.9238065383049745,0.45290528938881724,2.604182000302357,1056.2222222222222,0.6,0.2751736111111111
13,27,0,33.140550507,35.603734958,28/07/2025,6,0.5616055142246728,0.010940995962692043,0.5907850033530009,0.9168094336356012,0.4355165178947936,3.4380546909157212,1069.0,0.5875,0.1579861111111111
13,28,1,33.140758675,35.603746657,28/07/2025,6,0.6219228847439127,0.008980559196066985,0.6230070941403398,0.9965649181823968,0.4700551611859603,3.6654744192676714,1000.5555555555555,0.49375,0.15017361111111113
13,29,1,33.140959098,35.603758632,28/07/2025,6,0.5765947538790005,0.02188006214957551,0.5951973155837865,0.9460605810453673,0.43891706385458745,4.759892522926826,1050.888888888889,0.3495098039215686,0.11197916666666669
13,30,1,33.141164995,35.603769328,28/07/2025,6,0.5379448877226287,0.017581076208931703,0.5698485242457882,0.9125894633614153,0.40407857305274425,4.396647917027245,1087.7777777777778,0.37610294117647053,0.17274305555555555
13,31,1,33.141355642,35.603779397,28/07/2025,6,0.30684255221891915,0.06496899031421491,0.40513111967491494,0.8004883906063037,0.24003131681367704,5.063314583693912,1408.111111111111,0.2517740308181485,0.11197916666666669
13,32,0,33.141362582,35.603782643,28/07/2025,6,0.30684255221891915,0.06496899031421491,0.40513111967491494,0.8004883906063037,0.24003131681367704,5.063314583693912,1408.111111111111,0.2517740308181485,0.11197916666666669
13,33,0,33.14136001,35.603453605,28/07/2025,6,0.33836196619523173,0.06863805459646377,0.42458641240496714,0.8211033307185115,0.26369927755729433,4.818494793599889,1501.6666666666667,0.35625000000000007,0.11197916666666669
13,34,0,33.141170608,35.60342983,28/07/2025,6,0.6346335882869341,0.019427898093995474,0.6324710423773172,1.008737157750582,0.489209069156282,4.171526378756282,995.7777777777778,0.39374999999999993,0.13454861111111113
13,35,0,33.140905295,35.603415228,28/07/2025,6,0.6793383114729518,0.006724906984616129,0.6573914591250022,1.0826620330673995,0.5181633304817367,2.707518749639422,958.5555555555555,0.5125,0.2708333333333333
13,36,0,33.140694023,35.603406603,28/07/2025,6,0.6410137405183948,0.008314309092742804,0.6416045706376793,0.9981428559320905,0.5008475992250153,2.8359813201213147,986.4444444444445,0.6895833333333332,0.3003472222222222
13,37,0,33.14049937,35.603392937,28/07/2025,6,0.6464402769586322,0.00526260023689203,0.6380495652328493,1.0289905910865473,0.49736362453187727,3.899804762194655,996.0,0.4854166666666666,0.1328125
13,38,0,33.140300863,35.603382275,28/07/2025,6,0.6627516402305691,0.0056021532984701,0.643673764272539,1.068887629639681,0.5131113428087891,2.6924203171277865,988.4444444444445,0.7104166666666667,0.234375
13,39,0,33.140099232,35.603368717,28/07/2025,6,0.6822586841336098,0.006814286046877903,0.6615850565644769,1.0789871507528874,0.5246133167443251,2.4482537708610694,950.5555555555555,0.73125,0.27951388888888884
13,40,0,33.139902152,35.60335784,28/07/2025,6,0.685738878879952,0.0030669549513012598,0.6607584988254709,1.0959947858955843,0.5227622647088602,1.4353074058019708,943.1111111111111,0.84375,0.4887152777777778
13,41,0,33.139703672,35.60334613,28/07/2025,6,0.6844409970226514,0.004057163080885084,0.6666191659507881,1.0679632651997581,0.5249753638179011,2.2845300583088024,924.4444444444445,0.7395833333333333,0.3046875
13,42,0,33.139498387,35.603332867,28/07/2025,6,0.6859092286417995,0.005991829087436983,0.6634461829268248,1.0870056604975442,0.5260283965798342,3.330403120006803,942.6666666666666,0.5458333333333334,0.17708333333333334
13,43,0,33.139295938,35.603322305,28/07/2025,6,0.6840000723469808,0.005179083277479496,0.6587593693121353,1.0965431085335886,0.5290262965652305,2.561047859822814,946.0,0.7,0.22135416666666669
13,44,0,33.139101065,35.603310657,28/07/2025,6,0.691973491683759,0.004407104982951496,0.665440898127836,1.1034111687886117,0.5353594035136394,3.1297949849424147,920.5555555555555,0.6041666666666666,0.18836805555555555
13,45,0,33.138908075,35.603298728,28/07/2025,6,0.6868979295341611,0.00534133722287003,0.6713602208358349,1.0594439821448152,0.5261369515563163,1.6835024445205309,907.8888888888889,0.7000000000000001,0.4201388888888889
13,46,0,33.13866311,35.603275047,28/07/2025,6,0.5912253564982387,0.026696342833213385,0.6026458556077936,0.9679700533499744,0.463612373298903,4.804585169337801,1005.3333333333334,0.3057598039215686,0.11111111111111112
13,47,0,33.138581163,35.603280792,28/07/2025,6,0.42028913156534925,0.06834141360872767,0.5007965616034248,0.8193041040250656,0.3314322280089137,3.9090372348154983,1188.6666666666667,0.24492504382210262,0.16145833333333334
13,48,0,33.138597765,35.60290721,28/07/2025,6,0.4272957652271961,0.06984929478629685,0.5020011290392632,0.8313052048050747,0.3288343979376674,5.0485332098491895,1229.0,0.19173265460030164,0.1076388888888889
13,49,0,33.138834982,35.602923243,28/07/2025,6,0.6994260643207375,0.010879019237194146,0.6760983432335256,1.0937563519670117,0.5525832066072925,2.792759514852448,914.6666666666666,0.6479166666666667,0.20225694444444445
13,50,0,33.139036682,35.602934995,28/07/2025,6,0.7087099179708672,0.0041964678325313014,0.6766930827460537,1.1315379310431537,0.5495015801291365,1.9933241319059891,913.6666666666666,0.7604166666666666,0.2873263888888889
13,51,0,33.139241355,35.6029517,28/07/2025,6,0.7211293020067624,0.002798161938034874,0.6847636692776948,1.1548869094842265,0.5582318186421023,2.68514304294886,898.6666666666666,0.65625,0.23524305555555558
13,52,0,33.139453945,35.602959962,28/07/2025,6,0.7162242842100722,0.004340727913148829,0.6861435411970231,1.1259296818231133,0.5563698831281529,2.128154386514085,905.2222222222222,0.7604166666666665,0.3732638888888889
13,53,0,33.139661677,35.602973688,28/07/2025,6,0.7103882797356756,0.008328543242982902,0.6810640720180968,1.121917219256954,0.5509137908831778,2.078838679766182,904.4444444444445,0.7708333333333333,0.328125
13,54,0,33.139872935,35.602986725,28/07/2025,6,0.7124814563324279,0.005450320910853465,0.6785997411645887,1.1408789967267647,0.5535242342999144,2.2845300583088024,918.5555555555555,0.7395833333333333,0.3046875
13,55,0,33.140085903,35.60299451,28/07/2025,6,0.6946562478508133,0.004724156239986439,0.6689774021885486,1.1010487289665547,0.5416564807918955,0.7451475706431423,950.7777777777778,0.9270833333333334,0.7526041666666667
13,56,0,33.14028589,35.603002758,28/07/2025,6,0.6862150603645947,0.010303634672373182,0.6644591273018007,1.084112312684724,0.5350111884602687,4.042829775237382,955.1111111111111,0.4625,0.1371527777777778
13,57,0,33.140491797,35.603008717,28/07/2025,6,0.671958653657764,0.00788303750343452,0.6582450684394456,1.0509838324423855,0.5202415164981675,2.9402089210773927,956.4444444444445,0.6791666666666667,0.21267361111111113
13,58,0,33.140701823,35.603020035,28/07/2025,6,0.7102404622676994,0.004862077642401642,0.6805918586812054,1.1221324969781148,0.5497952970807417,2.128154386514085,917.3333333333334,0.7104166666666666,0.37326388888888884
13,59,0,33.1409083,35.603032117,28/07/2025,6,0.7017092433924087,0.005942089437554568,0.677086205024312,1.0990519998184054,0.545166472516774,2.078838679766182,925.0,0.7708333333333334,0.32812500000000006
13,60,0,33.141111607,35.60304688,28/07/2025,6,0.671317576112225,0.013142117211648633,0.6638571408295666,1.0278328700977433,0.5225935046804274,4.709147917027246,944.7777777777778,0.39117647058823535,0.15104166666666669
13,61,0,33.141313127,35.60306078,28/07/2025,6,0.5253461583252937,0.0389459301196025,0.5515169503950957,0.9301334336900273,0.39666201263014994,4.675687440010859,1208.3333333333333,0.33470965309200607,0.1154513888888889
13,62,0,33.14139051,35.603068565,28/07/2025,6,0.3045930221266458,0.06605438512390079,0.41408804214981193,0.780380129094497,0.24644843911043557,3.3858533076164026,1622.4444444444443,0.5875,0.19010416666666669
13,63,0,33.141412005,35.602701403,28/07/2025,6,0.3652744009863944,0.07773925250973471,0.4515894007862155,0.8185881944684585,0.2824849350262305,3.8598278679539817,1503.4444444444443,0.47291666666666665,0.14149305555555558
13,64,0,33.141203282,35.602691407,28/07/2025,6,0.6483536436433509,0.014079028032569212,0.6408979538178592,1.0276674546952236,0.4889424528492144,3.0096897960373594,967.4444444444445,0.65625,0.19270833333333334
13,65,0,33.140982287,35.602679077,28/07/2025,6,0.6712205181022425,0.009746652714994518,0.6524402913217404,1.069524560195447,0.5172379158921644,3.152170691632976,957.5555555555555,0.42291666666666666,0.22395833333333331
13,66,0,33.140769327,35.602664842,28/07/2025,6,0.6722682509166191,0.014087705575164887,0.6556287495491316,1.0622710049578725,0.5136274486099978,3.152170691632976,955.7777777777778,0.4604166666666666,0.22395833333333331
13,67,0,33.140495052,35.602649287,28/07/2025,6,0.6420494178352364,0.010852768799208655,0.6344650410387287,1.0263656797504277,0.49925802932070695,4.188054690915721,1001.1111111111111,0.4458333333333333,0.13020833333333334
13,68,0,33.140286277,35.602638978,28/07/2025,6,0.6242639364710126,0.009948932550119128,0.6173920933567962,1.02315727050251,0.47586330536811566,4.292628649429344,1034.4444444444443,0.38125,0.12673611111111113
13,69,0,33.140064585,35.602629978,28/07/2025,6,0.6369230730532596,0.015006650438956135,0.6287866799556212,1.0283814641130786,0.4914508403986139,3.5968226336265317,1002.0,0.4291666666666666,0.17708333333333331
13,70,0,33.139848443,35.60261067,28/07/2025,6,0.6757897435051036,0.01392887505471527,0.6575225229804676,1.0686845417069104,0.5189762029234378,2.707518749639422,960.0,0.39999999999999997,0.2708333333333333
13,71,0,33.139635075,35.602597178,28/07/2025,6,0.6754063242655887,0.01497177268499405,0.6576597644967765,1.066912594160344,0.510272708366744,4.577572732832804,940.2222222222222,0.33700980392156865,0.11111111111111113
13,72,0,33.139425498,35.602584823,28/07/2025,6,0.6940747028411498,0.007818845229174316,0.6702407243906556,1.0934935667528523,0.5425627738420584,3.8848925229268274,931.4444444444445,0.5125,0.1449652777777778
13,73,0,33.139213838,35.602572743,28/07/2025,6,0.6743373670660483,0.01319416036609343,0.6551118164549495,1.0721564556575605,0.5161773830261723,4.346251836004467,945.2222222222222,0.36249999999999993,0.1284722222222222
13,74,0,33.139007128,35.602560708,28/07/2025,6,0.6648051561097633,0.0039209137860785215,0.6543195876134899,1.0378505100350306,0.5225060254408318,3.8620523585005877,948.0,0.5208333333333333,0.15711805555555555
13,75,0,33.138810023,35.602547602,28/07/2025,6,0.6668221000586141,0.014912943109464507,0.6557131279762707,1.0414022311022688,0.5134331120498012,4.85498125036058,929.2222222222222,0.3219362745098039,0.12760416666666669
13,76,0,33.138615217,35.602534878,28/07/2025,6,0.4697832350442836,0.05936815476841416,0.5261771519793746,0.8629209523788121,0.3504864843530932,5.292481250360577,1143.3333333333333,0.12587093881211528,0.10416666666666669
13,77,0,33.138627787,35.602157915,28/07/2025,6,0.37411750425811513,0.052911133066555,0.4520105790478597,0.8311281469785496,0.2756365406454475,3.0137771577575547,1223.111111111111,0.4387254901960784,0.2092013888888889
13,78,0,33.138887292,35.602182118,28/07/2025,6,0.5899763532796025,0.007669176562505795,0.5953108678070728,0.9843864213353702,0.4339151124310265,2.707518749639422,1025.3333333333333,0.5125000000000001,0.2708333333333333
13,79,0,33.139158382,35.602200713,28/07/2025,6,0.5913202752238705,0.003842584630176817,0.6014833590951734,0.9689620598324069,0.44637381157034156,2.254715752170299,1016.6666666666666,0.7625,0.3706597222222222
13,80,0,33.139360385,35.602217213,28/07/2025,6,0.6058515941935801,0.007883140973778029,0.605351309905405,1.001848006601652,0.45992129575414364,2.9307901819817657,1030.0,0.6479166666666667,0.19444444444444448
13,81,0,33.139586797,35.602228003,28/07/2025,6,0.5742691846017692,0.009317337329809883,0.5952210759902942,0.9386883439121405,0.431716659242014,2.729182000302357,1045.5555555555557,0.6375,0.2578125
13,82,0,33.139810333,35.602237327,28/07/2025,6,0.5753184532946864,0.004747393800570448,0.5927228019351761,0.9488132010050175,0.43347490413425793,1.8279538356873366,1049.3333333333333,0.7812500000000001,0.4019097222222223
13,83,0,33.139996715,35.60226631,28/07/2025,6,0.5808167678894038,0.007823922953050082,0.5886097676424643,0.9770032487170683,0.43355716654822163,1.7497003066827859,1068.6666666666667,0.71875,0.3394097222222222
13,84,0,33.14019521,35.602263182,28/07/2025,6,0.5657742956264171,0.00973108163053733,0.58504525088889,0.9443846018544311,0.4330926869916984,2.707518749639422,1064.4444444444443,0.625,0.2708333333333333
13,85,0,33.140404598,35.602272378,28/07/2025,6,0.5908522779654553,0.009308232751013697,0.6011197383394046,0.9693972297105762,0.45032884376251503,2.3684375810505314,1039.888888888889,0.6979166666666666,0.2404513888888889
13,86,0,33.140615925,35.602280335,28/07/2025,6,0.5929181786424533,0.009094995445056642,0.5984527221531484,0.9835658447265154,0.4520222957951032,-0.0,1038.5555555555557,1.0,1.0
13,87,0,33.140818843,35.602289105,28/07/2025,6,0.5822760357765119,0.005685308018494504,0.5921576144782956,0.97051691180167,0.440609782609617,1.9354322346176824,1045.0,0.75,0.4131944444444444
13,88,0,33.141022235,35.602301605,28/07/2025,6,0.5828728115256858,0.0032662427838656962,0.5954663527641645,0.9622862884980553,0.44077487526309617,1.9249935493429022,1025.3333333333333,0.7916666666666667,0.3315972222222222
13,89,0,33.141244192,35.602314183,28/07/2025,6,0.563889734940203,0.012715463912227441,0.5856072818414917,0.9378497159284169,0.4210567471232623,2.5743440261990314,1049.111111111111,0.6875,0.21354166666666669
13,90,0,33.141433223,35.602326745,28/07/2025,6,0.3027189438716344,0.057565035257240896,0.4151441773412398,0.7737247935491491,0.24415614935525765,1.4353074058019706,1544.5555555555557,0.84375,0.4887152777777778
13,91,0,33.14145075,35.601956577,28/07/2025,6,0.3248460659794388,0.05348713052464585,0.4383267002131357,0.7677035733458947,0.2565681380232145,1.3965354233178195,1468.3333333333333,0.7916666666666667,0.43750000000000006
13,92,0,33.141242393,35.601946688,28/07/2025,6,0.5690282982722247,0.007600224209158991,0.5891944852392852,0.9414655167697509,0.4281776035527357,3.6054140482403754,1046.6666666666667,0.5020833333333333,0.1701388888888889
13,93,0,33.14103524,35.601935268,28/07/2025,6,0.5969335952114556,0.003443764616910932,0.6012863705615064,0.9866853603506769,0.4485663021699629,1.9933241319059891,1025.6666666666667,0.7604166666666666,0.2873263888888889
13,94,0,33.140825837,35.601921853,28/07/2025,6,0.5752456241110644,0.007538080898219769,0.5871978152192656,0.9648711428914312,0.42492804352863156,1.6652417584851502,1029.7777777777778,0.7708333333333334,0.41145833333333337
13,95,0,33.140610482,35.601909215,28/07/2025,6,0.5951485876350301,0.006106220990783975,0.6045758466334842,0.9713115679179665,0.4599891721951599,1.4353074058019706,1007.4444444444445,0.84375,0.4887152777777778
13,96,1,33.140401507,35.601895982,28/07/2025,6,0.6093032395978544,0.005577586081619668,0.6107307155429383,0.9957582236122112,0.4535013046030731,2.68514304294886,998.1111111111111,0.65625,0.23524305555555558
13,97,0,33.14020589,35.601884077,28/07/2025,6,0.5873460191811366,0.00766633457967328,0.5990562277331815,0.9648845514164175,0.4432933169367871,3.3858533076164026,1009.5555555555555,0.6187499999999999,0.19010416666666669
13,98,0,33.14000206,35.601872723,28/07/2025,6,0.5785134323033762,0.00249094458739229,0.5934941916718175,0.9555335354335851,0.43143522007752666,2.761635692840854,1038.2222222222222,0.6791666666666667,0.20225694444444448
13,99,0,33.139791972,35.601860572,28/07/2025,6,0.5769329593392332,0.005276150773346919,0.5929223938649584,0.9527838721805372,0.42083569897799816,2.2845300583088024,1048.111111111111,0.7395833333333333,0.3046875
13,100,0,33.139583615,35.601845982,28/07/2025,6,0.5895138767848681,0.004008509039046166,0.6011187878400435,0.9647985266375887,0.4483105434152354,2.078838679766182,1031.6666666666667,0.7708333333333334,0.35937500000000006
13,101,0,33.139379935,35.601834952,28/07/2025,6,0.5785755508486387,0.007665293560396083,0.591481639383166,0.9617418196256945,0.431321459486363,3.1486850162569406,1044.7777777777778,0.5729166666666666,0.1953125
13,102,0,33.13918549,35.601823747,28/07/2025,6,0.5760165202806227,0.00839898348909011,0.5888921338921455,0.9624375621967479,0.42808612834785165,1.6835024445205309,1032.3333333333333,0.8125,0.4201388888888889
13,103,0,33.138985528,35.601811522,28/07/2025,6,0.5877190869775948,0.003427317819651235,0.5974400213829204,0.9706022535040879,0.4436200693998463,2.9133456951388417,1031.7777777777778,0.6270833333333332,0.2152777777777778
13,104,0,33.138775373,35.601799308,28/07/2025,6,0.5472328455168947,0.0069346165706959005,0.5755896695055838,0.9206922976693078,0.4064501248996043,2.707518749639422,1031.111111111111,0.5125000000000001,0.2708333333333333
13,105,0,33.138647572,35.60179156,28/07/2025,6,0.37016664966601887,0.048607724199256776,0.4590263998374718,0.8085192598865457,0.2721412761139398,3.8042097467090623,1239.5555555555557,0.4541666666666667,0.1328125
13,106,0,33.138667807,35.601407053,28/07/2025,6,0.41231907709858795,0.04823978271369145,0.4872394219485741,0.8309271960662593,0.30877162639011185,3.9166315676613377,1205.6666666666667,0.4125000000000001,0.15798611111111113
13,107,0,33.13886883,35.601419228,28/07/2025,6,0.5691859060399619,0.0037722872618178075,0.5935878886127844,0.9291388244183576,0.4379471906199033,3.125840089726753,1011.1111111111111,0.5854166666666667,0.21875
13,108,0,33.139074902,35.601434497,28/07/2025,6,0.5833776122085743,0.0037053943199585335,0.5923982721668377,0.9730843406538767,0.4329127410339214,2.6924203171277865,1036.5555555555557,0.7104166666666667,0.234375
13,109,0,33.139263995,35.601447725,28/07/2025,6,0.5838891912862008,0.007868399924176954,0.5994725888410609,0.953524439282499,0.4466830360590541,1.4353074058019708,1018.4444444444445,0.84375,0.4887152777777778
13,110,0,33.139466282,35.601456147,28/07/2025,6,0.5845979148377218,0.004668546197711565,0.5995901721024093,0.9549054954144331,0.44250504959934145,1.9836173992146415,1013.2222222222222,0.7604166666666667,0.2838541666666667
13,111,0,33.139682903,35.601474367,28/07/2025,6,0.5989825513749458,0.0024207531985876106,0.6004342691741513,0.9956119312737367,0.45509103872183726,1.4261994082884974,1040.4444444444443,0.78125,0.4296875
13,112,0,33.139896577,35.601488797,28/07/2025,6,0.5918742903429978,0.00590020762731689,0.6023882161106475,0.9680233218689521,0.4429016070202817,1.7586169206466866,1015.7777777777778,0.7083333333333333,0.3767361111111111
13,113,0,33.140105433,35.60150685,28/07/2025,6,0.6010312271900385,0.0034539806395216064,0.6057265374224299,0.9854718827958833,0.45716326708821015,2.5743440261990314,1006.5555555555555,0.6875,0.21354166666666669
13,114,0,33.140302,35.601519018,28/07/2025,6,0.5451202045528186,0.016476052132020833,0.5774510259261902,0.9105023278093165,0.4306483010922309,2.9699118602854653,1051.7777777777778,0.6145833333333335,0.2230902777777778
13,115,0,33.140519643,35.6015303,28/07/2025,6,0.6029559458573123,0.0057753956974192,0.6041565795425572,0.9964220861980522,0.4549973697796788,1.6835024445205309,1008.8888888888889,0.8125,0.4201388888888889
13,116,0,33.140717898,35.601546062,28/07/2025,6,0.6072101758156823,0.0032361701749658136,0.6116602509924717,0.9859800424326447,0.455657001607788,0.7451475706431423,997.0,0.9270833333333334,0.7526041666666667
13,117,0,33.140930147,35.601562102,28/07/2025,6,0.6003276338050332,0.004343400629310789,0.6066228786232558,0.9804008599380913,0.45429152074275453,1.4353074058019706,1011.0,0.84375,0.4887152777777778
13,118,0,33.141096252,35.60156632,28/07/2025,6,0.5942342599763871,0.006291179130709841,0.6060532197354331,0.9638637219229569,0.45261638642471014,2.561047859822814,1008.7777777777778,0.7,0.22135416666666666
13,119,0,33.141307538,35.601582055,28/07/2025,6,0.5558167844804917,0.012473430883447718,0.583983995587913,0.9203207882686518,0.42244316812995664,1.9249935493429022,1049.7777777777778,0.7916666666666667,0.3315972222222222
13,120,0,33.141473253,35.601592685,28/07/2025,6,0.28140505543458066,0.05318431277592322,0.4137300304534262,0.7400959572408291,0.23354003352664188,2.7249446711226777,1558.2222222222222,0.7,0.22135416666666669
13,121,0,33.141476053,35.601205358,28/07/2025,6,0.36473829517459805,0.06346273853429978,0.4693168094819694,0.7788356052956377,0.282038303545712,2.604182000302357,1349.5555555555557,0.6583333333333333,0.2751736111111111
13,122,0,33.141265283,35.601192873,28/07/2025,6,0.5865017554325289,0.008726220032980816,0.5984757141133755,0.9639842369710911,0.44810034570254254,1.6835024445205309,1032.4444444444443,0.8125,0.4201388888888889
13,123,0,33.141060453,35.601175985,28/07/2025,6,0.6169226639637216,0.001798122561661064,0.6182324361230567,0.9958788047850469,0.47791717587890287,3.322270629890904,999.1111111111111,0.6104166666666667,0.17708333333333334
13,124,0,33.140853317,35.601165188,28/07/2025,6,0.6238051478599452,0.0030671192703367782,0.6200422872927494,1.0123935022435515,0.4831289156960076,2.707518749639422,978.4444444444445,0.625,0.2708333333333333
13,125,0,33.140644383,35.601151265,28/07/2025,6,0.6219987873621537,0.00841074216810906,0.6269319934081853,0.9844793896907577,0.4878779747640929,1.789598901284349,965.3333333333334,0.8229166666666666,0.40885416666666663
13,126,0,33.140442832,35.601149153,28/07/2025,6,0.6130201225962254,0.00685700036058824,0.6163080782704802,0.9900334537823627,0.4778624555055596,1.6835024445205309,998.6666666666666,0.8125,0.4201388888888889
13,127,0,33.140229845,35.601136568,28/07/2025,6,0.6163092716032522,0.005487660116265721,0.6130502353582676,1.0107133977011515,0.46683647322381217,2.128154386514085,997.4444444444445,0.7604166666666667,0.3732638888888889
13,128,0,33.140024335,35.601123753,28/07/2025,6,0.6295239311747095,0.005058567469694748,0.6273449697258751,1.0075008977283257,0.4861527766831192,1.4353074058019706,982.7777777777778,0.84375,0.4887152777777778
13,129,0,33.139818435,35.601111035,28/07/2025,6,0.627227988305896,0.005519736140775895,0.6195071761845264,1.0259203025412778,0.48002764996011826,-0.0,999.4444444444445,1.0,1.0
13,130,0,33.139614337,35.601098623,28/07/2025,6,0.6063498164739999,0.007088574936896418,0.6100840974107222,0.9885884420656521,0.4657113669675543,1.7895989012843492,1016.1111111111111,0.8229166666666667,0.40885416666666674
13,131,0,33.139420042,35.601088313,28/07/2025,6,0.589464387583019,0.0033267369924080328,0.6039131795824884,0.956206832618838,0.45669155268060585,-0.0,1031.0,1.0,1.0
13,132,0,33.139215988,35.601075682,28/07/2025,6,0.5704469779065161,0.003826003976870381,0.5893051519427538,0.9448030960598339,0.4448304929071315,1.9249935493429025,1044.4444444444443,0.7916666666666666,0.3315972222222222
13,133,0,33.139019293,35.601063452,28/07/2025,6,0.5929610363954598,0.0031287809538024713,0.6042382219084432,0.9655253085351705,0.4461685502268577,2.930790181981766,1008.8888888888889,0.6479166666666667,0.19444444444444448
13,134,0,33.138819787,35.601052053,28/07/2025,6,0.5677303879945641,0.008552722246226782,0.5875218455205942,0.9424277284925693,0.4265851422077894,3.788861785525509,1029.3333333333333,0.5375,0.1371527777777778
13,135,0,33.138685703,35.601043738,28/07/2025,6,0.39494140399685285,0.06174128734337414,0.4742245057839999,0.8260895680934311,0.2862871676894663,3.152170691632976,1261.2222222222222,0.42291666666666666,0.22395833333333331
13,136,0,33.138696937,35.600672637,28/07/2025,6,0.37103678221953973,0.050866465955688216,0.4646011266920993,0.7992658928108108,0.2709587531346584,3.442009586131382,1299.7777777777778,0.5354166666666667,0.17274305555555558
13,137,0,33.13891635,35.60068634,28/07/2025,6,0.5771122408002386,0.0015707874647716347,0.5917453196791951,0.9566237919855288,0.4435875881279637,2.078838679766182,1039.2222222222222,0.7708333333333333,0.328125
13,138,0,33.139121617,35.600699377,28/07/2025,6,0.5774435019620748,0.007791997822359054,0.5953008322631336,0.9472020171380259,0.45078629093717715,2.2845300583088024,1038.5555555555557,0.7395833333333333,0.3046875
13,139,0,33.1393337,35.600712562,28/07/2025,6,0.5800352573404286,0.007045471016803255,0.5945977140184024,0.9567775774844919,0.44005434448190006,2.898685016256941,1039.111111111111,0.625,0.2057291666666667
13,140,0,33.139534923,35.600723458,28/07/2025,6,0.5822416545402415,0.0017344337216355318,0.6013936120629875,0.9427712257404909,0.45670529449084474,1.4353074058019708,1022.6666666666666,0.84375,0.4887152777777778
13,141,0,33.139738737,35.600736808,28/07/2025,6,0.5949072278787341,0.006880166576683321,0.6085461090890069,0.9584987745833686,0.4610302996937452,2.078838679766182,1014.6666666666666,0.7708333333333333,0.359375
13,142,0,33.139948875,35.600750173,28/07/2025,6,0.6017713383512846,0.006120140147766677,0.6112584061342505,0.9705377291153526,0.45965490049179064,1.66524175848515,1014.8888888888889,0.7708333333333333,0.4114583333333333
13,143,1,33.140144637,35.600762023,28/07/2025,6,0.5980455651155691,0.003350011345184835,0.6062111100054024,0.9747480841843998,0.4561859961626087,1.992670531398638,1018.5555555555555,0.7708333333333333,0.2604166666666667
13,144,0,33.140341158,35.600774185,28/07/2025,6,0.5473901937178418,0.009542581144201229,0.5813737751935687,0.9052862143423095,0.42860520279721714,2.561047859822814,1059.5555555555557,0.7,0.22135416666666669
13,145,1,33.140545973,35.600785708,28/07/2025,6,0.6040284109596542,0.008308528588881084,0.6147422718884141,0.9669040007418696,0.4745029845952874,3.6654744192676714,991.2222222222222,0.49375,0.15017361111111113
13,146,0,33.140749102,35.600797853,28/07/2025,6,0.6033405263917713,0.007668152292054503,0.6108436277780197,0.976895578190017,0.4661832529490078,2.5738496345702995,1009.4444444444445,0.6791666666666667,0.21788194444444448
13,147,0,33.140955428,35.600813163,28/07/2025,6,0.5866938021969307,0.009162506284784674,0.6041900884872828,0.9478712241344103,0.46400628571740665,1.9249935493429025,1016.1111111111111,0.7916666666666666,0.3315972222222222
13,148,0,33.141156333,35.600825512,28/07/2025,6,0.5754002299600035,0.003483332928366628,0.6008808054044821,0.9250984476295044,0.4448715310567127,2.078838679766182,1022.1111111111111,0.7708333333333334,0.35937500000000006
13,149,0,33.141373655,35.600838453,28/07/2025,6,0.5384262485252252,0.016401635197500167,0.571319153376865,0.9097088958137538,0.411475086901917,3.1297949849424147,1092.888888888889,0.6041666666666666,0.18836805555555555
13,150,0,33.141495348,35.600846943,28/07/2025,6,0.311822700186666,0.06585577412198436,0.4288127162560614,0.7646091043517087,0.2529019315041459,2.561047859822814,1511.2222222222222,0.7,0.22135416666666669
13,151,0,33.141495,35.600518333,28/07/2025,6,0.2949587200276879,0.05967390091435269,0.4204384302502342,0.7508911543485686,0.24154366906463964,2.128154386514085,1538.0,0.7604166666666667,0.37326388888888884
13,152,0,33.141263333,35.600531667,28/07/2025,6,0.5664357359850907,0.008384010570595936,0.5932774816232755,0.922515000867008,0.4392128957173822,1.9933241319059891,1051.6666666666667,0.7604166666666666,0.2873263888888889
13,153,0,33.141045,35.600531667,28/07/2025,6,0.5839642983079091,0.004708018538817679,0.5991568355778497,0.9544519241394028,0.4352604944582544,3.1176705313986384,1027.3333333333333,0.6708333333333334,0.22395833333333337
13,154,0,33.140848333,35.6005,28/07/2025,6,0.5683523691057069,0.006121355875263103,0.5899237837910554,0.9373737649343293,0.4461565911555184,3.5384092242129417,1036.3333333333333,0.6104166666666666,0.2170138888888889
13,155,0,33.140648333,35.600471667,28/07/2025,6,0.5959884545333087,0.009572463147714056,0.6032499981141041,0.978238319744109,0.4631865541944486,0.7451475706431423,1021.0,0.9270833333333334,0.7526041666666667
13,156,1,33.140461667,35.600471667,28/07/2025,6,0.5687778755719755,0.011422279068425006,0.5856006815978534,0.9511011279244403,0.43702110550773016,3.9907489620194876,1049.3333333333333,0.44999999999999996,0.14583333333333334
13,157,0,33.140243333,35.600458333,28/07/2025,6,0.5721421225684645,0.004163530390710792,0.5891975203265377,0.949930058982445,0.4377619239780842,1.6835024445205309,1055.4444444444443,0.8125,0.4201388888888889
13,158,0,33.140033333,35.600441667,28/07/2025,6,0.5756630961322166,0.0058619830565331595,0.5959608810162406,0.9401511948561334,0.4397940753024472,3.0666188279300863,1046.888888888889,0.6166666666666667,0.1953125
13,159,0,33.139836667,35.600428333,28/07/2025,6,0.578939189689621,0.008612438009958787,0.5982811884379121,0.9429711790278942,0.44894348202899664,2.707518749639422,1036.888888888889,0.625,0.2708333333333333
13,160,0,33.139625,35.600426667,28/07/2025,6,0.565264273076735,0.006269572486909751,0.5918563430535358,0.9233767313250895,0.43396700829226315,1.9249935493429022,1035.888888888889,0.7916666666666667,0.3315972222222222
13,161,0,33.13943,35.60041,28/07/2025,6,0.5633833276824824,0.0067260412545493056,0.5870646205074652,0.9319149137569825,0.42864776996080817,2.8359813201213147,1050.2222222222222,0.6895833333333332,0.3003472222222222
13,162,0,33.139238333,35.600401667,28/07/2025,6,0.5458222410752454,0.008377468651309172,0.5778461462338503,0.9109800112991648,0.4245349998506325,1.7895989012843492,1070.0,0.8229166666666667,0.40885416666666674
13,163,0,33.139026667,35.60037,28/07/2025,6,0.5593883376267786,0.010354665573353522,0.5824289975363349,0.9342441207065507,0.4249472282585392,3.4380546909157212,1068.7777777777778,0.5875,0.15798611111111113
13,164,1,33.138808333,35.600365,28/07/2025,6,0.511540454884515,0.02022687468728566,0.5521557516386796,0.8934300050651411,0.38771054067358457,4.294372148594611,1097.5555555555557,0.39999999999999997,0.1371527777777778
13,165,0,33.138731667,35.600373333,28/07/2025,6,0.3981443890666533,0.05092153849364589,0.47523877577054996,0.8284807328095645,0.29550899556228205,3.1521706916329766,1259.3333333333333,0.46458333333333335,0.22395833333333331
13,166,0,33.13873998884879,35.60004385714451,28/07/2025,6,0.25810822277772955,0.030014876982990674,0.3898424362811166,0.7454671274037111,0.2107469131234997,3.774340304458977,938.0,0.4396404950599686,0.1545138888888889
13,167,0,33.13900409577885,35.60006273212911,28/07/2025,6,0.3751083681592237,0.03498166471080633,0.462852302280802,0.8090050767671618,0.2756255444400621,4.535906066166137,1246.111111111111,0.3645833333333333,0.11458333333333334
13,168,0,33.13922356945667,35.60007698444571,28/07/2025,6,0.38832665707011443,0.040318216977312187,0.46856802404343867,0.8220768389890142,0.3015802117566822,5.063314583693912,1270.7777777777778,0.28218325791855203,0.11197916666666669
13,169,0,33.13941330636254,35.60008225836661,28/07/2025,6,0.39033239618771715,0.04249014107019351,0.4798956983205953,0.8023740507159608,0.30348718765926286,4.294372148594611,1252.4444444444443,0.3708333333333333,0.1371527777777778
13,170,1,33.13962532476266,35.600100899878065,28/07/2025,6,0.39336384005758707,0.04814397455000012,0.46690036910229904,0.8362839863201956,0.30075546816604626,3.596822633626531,1304.5555555555557,0.3208333333333333,0.17708333333333331
13,171,0,33.13985226772052,35.600106340853756,28/07/2025,6,0.3700957549423372,0.04449402625358399,0.4702766345868991,0.7847715977040307,0.2871050233102273,3.442009586131382,1298.7777777777778,0.489093137254902,0.17274305555555558
13,172,0,33.140034535297254,35.60012042646064,28/07/2025,6,0.3549069631089302,0.04751164762787104,0.4558569250269784,0.7856336984303827,0.2630648758491176,3.857157547405643,1304.4444444444443,0.33124999999999993,0.1701388888888889
13,173,0,33.14023916864876,35.60012134484122,28/07/2025,6,0.34601916623724244,0.06170544829427914,0.452842893027225,0.7779248511801001,0.25378144579271145,4.3865657617071605,1294.2222222222222,0.44583333333333336,0.13020833333333334
13,174,0,33.14045120106142,35.60013556413844,28/07/2025,6,0.3809033122500773,0.043154268513081136,0.47230009971809594,0.8007709186317109,0.2722177004247553,4.854981250360577,1193.6666666666667,0.2905920060331825,0.12760416666666669
13,175,0,33.140595,35.600145,28/07/2025,6,0.40678834429606,0.04788362004558977,0.4859994947956565,0.8225778603320765,0.31025263022334,3.152170691632976,1253.111111111111,0.4604166666666666,0.22395833333333331
13,176,0,33.140833333,35.60017,28/07/2025,6,0.39897631135863226,0.05604958207080875,0.48688871024460856,0.8053989164584561,0.30481276325404133,3.9090372348154987,1278.111111111111,0.3221813725490196,0.16145833333333334
13,177,0,33.141023333,35.600176667,28/07/2025,6,0.35806929893427664,0.04401321120067677,0.4595528185949173,0.7839393890852018,0.27853709958264805,3.596822633626531,1342.4444444444443,0.37916666666666665,0.17708333333333331
13,178,0,33.141205,35.600185,28/07/2025,6,0.33629971296496053,0.052210389289681094,0.4466068140913468,0.7712933345946182,0.26996851144150874,3.5968226336265317,1362.7777777777778,0.4291666666666667,0.17708333333333331
13,179,0,33.141415,35.600195,28/07/2025,6,0.29757020642690246,0.044010170522452846,0.4206922524007532,0.7539390102321512,0.2464379272249576,4.403501365713556,1433.2222222222222,0.40943627450980397,0.13368055555555558
13,180,0,33.141525,35.600213333,28/07/2025,6,0.27431299663224723,0.029618922487320638,0.3989330411904217,0.7548615894684693,0.21366453674038433,4.217090774749888,1016.5555555555555,0.31254602820013927,0.12847222222222224
14,1,0,33.141286912,35.604064998,01/08/2025,2,0.07132512519598207,0.01049751872812233,0.23288147642033152,0.7179312331153374,0.13553554377659197,2.2845300583088024,636.6666666666666,0.5523297196671048,0.3046875
14,2,1,33.141094482,35.604051333,01/08/2025,2,0.16802492955325468,0.020528679069833907,0.22397197595523907,0.8914093942866037,0.14022991607942653,3.6054140482403754,705.5555555555555,0.34603874767118387,0.1701388888888889
14,3,0,33.141096643,35.60405209,01/08/2025,2,0.16497300189069478,0.023727647593693457,0.22654618533863888,0.8813335670583271,0.1442695602724771,3.476717444721476,703.2222222222222,0.4168720810045172,0.1814236111111111
14,4,1,33.14089048,35.604042392,01/08/2025,2,0.20368969159615094,0.02308231154296502,0.26063535117314945,0.886867070285081,0.13982376652177284,4.663320189106001,748.4444444444445,0.2543232208349486,0.125
14,5,1,33.140682515,35.604029097,01/08/2025,2,0.2808294300070564,0.018648064184242318,0.30481951501637233,0.9498317412903344,0.18122168728847518,2.9699118602854653,1231.7777777777778,0.6583333333333333,0.2230902777777778
14,6,1,33.140475232,35.60401586,01/08/2025,2,0.2682388745678538,0.011660598001037043,0.3184166535875652,0.896185828831324,0.18071251415964384,3.4584290997511093,1212.888888888889,0.5020833333333333,0.1623263888888889
14,7,1,33.14025896,35.604004345,01/08/2025,2,0.24123676800414995,0.010186879205811267,0.30075910585237914,0.8797219091641435,0.18838160029731463,4.36923939949947,1237.0,0.30943627450980393,0.11805555555555557
14,8,1,33.14006053,35.603991823,01/08/2025,2,0.25041966464392995,0.007818665857740752,0.3120229998068609,0.8749703091175314,0.1826513149051456,3.4380546909157212,1189.3333333333333,0.5874999999999999,0.1579861111111111
14,9,1,33.139857173,35.603978323,01/08/2025,2,0.22364416721655436,0.006241685469050448,0.2645086272109769,0.9168287741036905,0.17171430183090827,5.292481250360577,1765.0,0.1697869532428356,0.10416666666666669
14,10,1,33.139658807,35.60396682,01/08/2025,2,0.149643197139885,0.0037136143829072142,0.174003257250416,0.951218544961401,0.12093140032914539,4.078855213411842,2862.8888888888887,0.45416666666666666,0.12586805555555555
14,11,1,33.139454662,35.603955217,01/08/2025,2,0.11612738372354386,0.0043294113264854195,0.14203313380205712,0.9487436537983095,0.09458197906363003,2.707518749639422,3355.5555555555557,0.5125000000000001,0.2708333333333333
14,12,1,33.13925451,35.603942585,01/08/2025,2,0.10584937846819005,0.0032841659710575915,0.12589530974034582,0.960209713960073,0.09024809681360439,3.0957005842381937,3722.222222222222,0.6479166666666667,0.18836805555555558
14,13,1,33.139058995,35.603930637,01/08/2025,2,0.08131809037100932,0.004301247888492822,0.10194088026440364,0.9593087456489895,0.07086569630962268,4.186772210336683,4238.666666666667,0.4182598039215686,0.12586805555555555
14,14,1,33.138798595,35.603917333,01/08/2025,2,0.06357194978992034,0.006370612494576524,0.08559181266798736,0.9567685922010194,0.053051599147798584,4.456733794087382,4685.444444444444,0.43749999999999994,0.1267361111111111
14,15,1,33.13859478,35.60390661,01/08/2025,2,0.06964490587255522,0.0010395439435791477,0.08813423030306194,0.9634853997130217,0.05900364574921064,2.561047859822814,4894.333333333333,0.7,0.22135416666666666
14,16,0,33.138559323,35.603902088,01/08/2025,2,0.07010289415265326,0.0009011266022350954,0.0904028637425429,0.9599616165510442,0.0595155680848918,2.9133456951388417,3254.8888888888887,0.5208502873171537,0.2152777777777778
14,17,0,33.138557745,35.603610512,01/08/2025,2,0.06669480184123018,0.0014228179334331015,0.08723606989594392,0.9595149516638127,0.06124607775290596,3.125840089726753,3148.8888888888887,0.47918493357785175,0.21875
14,18,0,33.138752198,35.603623265,01/08/2025,2,0.069809710725157,0.0033680606622739397,0.09137418226227939,0.9575202923932081,0.06465148271874005,4.171526378756282,4574.333333333333,0.33333333333333337,0.13454861111111113
14,19,0,33.138953912,35.603635937,01/08/2025,2,0.0755054560828547,0.0015426183111612087,0.09500464569737686,0.961487515787291,0.06769156128379084,3.6422269629944766,4260.444444444444,0.5166666666666667,0.1579861111111111
14,20,0,33.139149112,35.603646213,01/08/2025,2,0.10515887206904476,0.0043856923392332214,0.1207175623128774,0.9689972544776317,0.0886302345305863,4.18805469091572,3772.0,0.4458333333333333,0.13020833333333331
14,21,0,33.139345078,35.603659013,01/08/2025,2,0.13010573675669804,0.003728044896617001,0.16399665018267645,0.9331423591476516,0.11447693693342129,4.18643861802411,3078.0,0.3578431372549019,0.12239583333333333
14,22,0,33.13955126,35.603671062,01/08/2025,2,0.14798284230155034,0.007149194721977967,0.17771292009981965,0.9408891658005819,0.12231659190613835,4.535906066166137,2789.3333333333335,0.31985294117647056,0.11458333333333334
14,23,0,33.139754877,35.603683665,01/08/2025,2,0.17597879426718055,0.00713857121107548,0.21585630665706038,0.9204211281611051,0.15546617679991867,3.9367722103366827,2284.6666666666665,0.5208333333333333,0.13628472222222224
14,24,1,33.139954508,35.603691305,01/08/2025,2,0.2161635971307327,0.0050689294109885,0.2538955715391684,0.9232558811387724,0.17270229999902117,4.417073958513622,1856.888888888889,0.39693627450980384,0.15711805555555555
14,25,0,33.140151657,35.603703738,01/08/2025,2,0.2479031487658575,0.008389482320148313,0.28924826272997245,0.914860510681391,0.18350225339785664,4.36923939949947,1617.2222222222222,0.37291666666666656,0.11805555555555555
14,26,0,33.140346113,35.603719147,01/08/2025,2,0.34245948505591084,0.0200582741613202,0.3734705553608377,0.9315886233976346,0.23998561700938215,3.2174240378112207,1291.888888888889,0.5958333333333333,0.1840277777777778
14,27,0,33.140550507,35.603734958,01/08/2025,2,0.4142272570729405,0.017435040600434402,0.3889049475596622,1.0634339545583973,0.24754556348056334,4.192359712089615,1161.4444444444443,0.2931372549019608,0.12847222222222224
14,28,1,33.140758675,35.603746657,01/08/2025,2,0.4518559130600413,0.024106318932497556,0.4340759717300179,1.04690122264168,0.2619981811515804,4.40310716836281,1009.7777777777778,0.2953431372549019,0.11805555555555557
14,29,1,33.140959098,35.603758632,01/08/2025,2,0.3387503166481381,0.03969996190850885,0.32921532241456086,1.0249873397200653,0.16033835014707432,4.846251836004468,999.6666666666666,0.27818627450980393,0.1076388888888889
14,30,1,33.141164995,35.603769328,01/08/2025,2,0.20107201050613224,0.009597939681231706,0.21949790647411457,0.9622716618644159,0.14129009621300628,2.3708644692353644,1039.7777777777778,0.75,0.33854166666666663
14,31,1,33.141355642,35.603779397,01/08/2025,2,0.19742975978916932,0.018569590918801546,0.35626574708012254,0.7082996156638571,0.16013280245258754,4.417073958513622,936.3333333333334,0.3417892156862745,0.15711805555555555
14,32,0,33.141362582,35.603782643,01/08/2025,2,0.19742975978916932,0.018569590918801546,0.35626574708012254,0.7082996156638571,0.16013280245258754,4.417073958513622,936.3333333333334,0.3417892156862745,0.15711805555555555
14,33,0,33.14136001,35.603453605,01/08/2025,2,0.14735041553338946,0.03288285997223201,0.2670147012646384,0.7810428600321956,0.13130218635854837,3.4380546909157212,1071.2222222222222,0.5875,0.15798611111111113
14,34,0,33.141170608,35.60342983,01/08/2025,2,0.4243008603172033,0.012022256787114091,0.26038331572493806,1.4529366608876242,0.136014098858292,1.6835024445205309,1112.111111111111,0.8125,0.4201388888888889
14,35,0,33.140905295,35.603415228,01/08/2025,2,0.5811223043897545,0.017807354283719344,0.5118837525331792,1.2189128980731117,0.2673940254839018,4.596251836004467,828.4444444444445,0.21443428722840485,0.11805555555555555
14,36,0,33.140694023,35.603406603,01/08/2025,2,0.6028028819126935,0.022463576694454864,0.5861764457802535,1.055338855552248,0.42580774224385665,3.454172272078755,875.4444444444445,0.37916666666666665,0.19791666666666669
14,37,0,33.14049937,35.603392937,01/08/2025,2,0.49121804473439984,0.017178586346398017,0.5066066526656896,0.9599229601275153,0.38597540139392655,4.2055987125771095,1028.7777777777778,0.4541666666666667,0.1189236111111111
14,38,0,33.140300863,35.603382275,01/08/2025,2,0.4912556313026861,0.030334481185902956,0.5038731593308738,0.9696549627663535,0.37839185767203154,3.9668731152961887,1016.5555555555555,0.5270833333333333,0.1605902777777778
14,39,0,33.140099232,35.603368717,01/08/2025,2,0.2789836503538897,0.012462646241519352,0.32790244640760097,0.8978388799251985,0.2341225920501206,3.9907489620194876,1557.4444444444443,0.44999999999999996,0.14583333333333334
14,40,0,33.139902152,35.60335784,01/08/2025,2,0.2145011950037274,0.006191612804717035,0.2619275442219275,0.9044929879159364,0.17985245699356425,2.4482537708610694,1950.5555555555557,0.7312500000000001,0.2795138888888889
14,41,0,33.139703672,35.60334613,01/08/2025,2,0.18704116820499458,0.005392382060070268,0.2276788272088609,0.9185727571985289,0.16123112234676296,4.520105543670017,2237.4444444444443,0.37083333333333335,0.11892361111111112
14,42,0,33.139498387,35.603332867,01/08/2025,2,0.1611972886612046,0.0034828053282792595,0.19245992244464138,0.9375398804546813,0.14315046272224669,3.8993403044589767,2585.8888888888887,0.54375,0.1527777777777778
14,43,0,33.139295938,35.603322305,01/08/2025,2,0.1364109798560885,0.01174449477765664,0.16421135307842286,0.9447333317282409,0.1130896176438906,4.287448439523366,2826.4444444444443,0.4041666666666667,0.1388888888888889
14,44,0,33.139101065,35.603310657,01/08/2025,2,0.09977540190748943,0.008147815271800411,0.12488293327747317,0.9504807359582903,0.08691777161597407,4.188054690915721,3603.3333333333335,0.38909313725490197,0.13020833333333334
14,45,0,33.138908075,35.603298728,01/08/2025,2,0.08651951324274179,0.005282532939385684,0.11162969195680776,0.9506085764867724,0.07786686307700744,3.3858533076164026,3987.6666666666665,0.61875,0.19010416666666669
14,46,0,33.13866311,35.603275047,01/08/2025,2,0.08330522947142359,0.00236570080969751,0.10773397530483615,0.9519154700390641,0.0760012986991963,3.1297949849424147,4176.888888888889,0.6041666666666667,0.18836805555555555
14,47,0,33.138581163,35.603280792,01/08/2025,2,0.08183595082932177,0.00648149126706708,0.10651472896213965,0.9514490559936932,0.07070102703635756,3.959147917027245,4190.444444444444,0.55,0.21006944444444445
14,48,0,33.138597765,35.60290721,01/08/2025,2,0.09889320757551366,0.004299092128249969,0.12337354011518394,0.9516801123304641,0.08121345846160796,1.66524175848515,3889.777777777778,0.7708333333333333,0.4114583333333333
14,49,0,33.138834982,35.602923243,01/08/2025,2,0.09881527519818332,0.004115548781427086,0.12449516330962962,0.9493397265820032,0.08660163826946174,1.6835024445205309,3810.777777777778,0.7000000000000001,0.4201388888888889
14,50,0,33.139036682,35.602934995,01/08/2025,2,0.11057381109665765,0.0036314083745103264,0.13411902419218677,0.9533437308467669,0.09147713166781027,4.456733794087382,3501.3333333333335,0.4375,0.1267361111111111
14,51,0,33.139241355,35.6029517,01/08/2025,2,0.12085927516953622,0.004289932455895718,0.14500722811977326,0.9520397842497652,0.1045501841453301,4.102303795493077,3178.4444444444443,0.4208333333333333,0.13194444444444445
14,52,0,33.139453945,35.602959962,01/08/2025,2,0.1625749200192319,0.012147387394853517,0.1843902586275463,0.9560618369796239,0.1316451359458736,3.514005390679865,2470.3333333333335,0.5958333333333333,0.17708333333333334
14,53,0,33.139661677,35.602973688,01/08/2025,2,0.20568375464790287,0.008793499503879018,0.24380471849864335,0.9230784782337759,0.16536613009277826,3.152170691632976,2010.5555555555557,0.5729166666666666,0.22395833333333331
14,54,0,33.139872935,35.602986725,01/08/2025,2,0.2948978815112269,0.008965692871890479,0.33041239694203434,0.9244364552425375,0.2340452247194414,2.9307901819817657,1474.0,0.6479166666666667,0.19444444444444448
14,55,0,33.140085903,35.60299451,01/08/2025,2,0.35658388376395095,0.017246058696646877,0.3938148505958278,0.9171881735356825,0.28880699246658603,2.128154386514085,1280.2222222222222,0.7604166666666667,0.3732638888888889
14,56,0,33.14028589,35.603002758,01/08/2025,2,0.4492358661788322,0.0064330676331630764,0.44652735714303293,1.0070001654915428,0.33762351461657225,3.499557609147716,1001.2222222222222,0.47291666666666665,0.16927083333333334
14,57,0,33.140491797,35.603008717,01/08/2025,2,0.5001423654070164,0.01592897025762306,0.5155581999585623,0.9600030031427562,0.44318665173872823,0.7451475706431423,756.3333333333334,0.9270833333333334,0.7526041666666667
14,58,0,33.140701823,35.603020035,01/08/2025,2,0.5723099789745905,0.007953425545724271,0.569160220949608,1.0099062835527282,0.45618940949204884,2.561047859822814,623.8888888888889,0.7,0.22135416666666666
14,59,0,33.1409083,35.603032117,01/08/2025,2,0.5428904496881215,0.008713910001933516,0.5165966955838426,1.0759809728217276,0.2955116882481572,3.3858533076164026,609.2222222222222,0.6187499999999999,0.19010416666666669
14,60,0,33.141111607,35.60304688,01/08/2025,2,0.47451975927175294,0.02071592857826389,0.3370063087011952,1.3936021917783377,0.15456809842961342,3.1521706916329766,787.8888888888889,0.4104166666666666,0.22395833333333331
14,61,0,33.141313127,35.60306078,01/08/2025,2,0.3159862349626894,0.040741369118733446,0.2674342364837756,1.1208661644165934,0.14655064559091685,1.4541978025686977,874.2222222222222,0.8541666666666666,0.564236111111111
14,62,0,33.14139051,35.603068565,01/08/2025,2,0.14498267705118725,0.0363180646745115,0.28213350422280636,0.752195124547042,0.1415765895432482,2.2845300583088024,842.8888888888889,0.7395833333333333,0.3046875
14,63,0,33.141412005,35.602701403,01/08/2025,2,0.15782980286858156,0.04001245155659283,0.2626842910014901,0.8064623705106794,0.1514472181239555,2.307180590341786,837.1111111111111,0.71875,0.2647569444444444
14,64,0,33.141203282,35.602691407,01/08/2025,2,0.4297548441506139,0.014541009529670225,0.24514778737028242,1.5213020409458442,0.15951201928039413,3.499557609147716,926.8888888888889,0.5145833333333333,0.16927083333333331
14,65,0,33.140982287,35.602679077,01/08/2025,2,0.4773644032452064,0.01843286795693239,0.46867323182001347,1.023258521790522,0.24612993188819565,3.1297949849424147,703.4444444444445,0.6041666666666665,0.18836805555555558
14,66,0,33.140769327,35.602664842,01/08/2025,2,0.41576040429152583,0.030566145978292877,0.43633538673729233,0.952294376886965,0.34533952652802,3.855112115783683,903.5555555555555,0.47034313725490196,0.140625
14,67,0,33.140495052,35.602649287,01/08/2025,2,0.4873235013790913,0.014707000039218052,0.5128275821876129,0.9349409676068083,0.4402356869916774,2.6186779753360474,722.7777777777778,0.66875,0.25781249999999994
14,68,0,33.140286277,35.602638978,01/08/2025,2,0.47100560109152334,0.012603682540678639,0.45431546575933296,1.0445474120040263,0.3828294349028616,3.152170691632976,986.8888888888889,0.33737745098039207,0.22395833333333331
14,69,0,33.140064585,35.602629978,01/08/2025,2,0.24008416017983647,0.012863426184182476,0.2863039245778159,0.9056175724870855,0.20572146639259561,3.1521706916329766,1881.4444444444443,0.4104166666666666,0.22395833333333331
14,70,0,33.139848443,35.60261067,01/08/2025,2,0.18674439445201108,0.007187214899948858,0.22479036996292853,0.9236580268192657,0.1485667090605619,3.5341591278514217,2324.4444444444443,0.3916666666666666,0.16666666666666669
14,71,0,33.139635075,35.602597178,01/08/2025,2,0.1747804812875338,0.00781531428992838,0.2038389025799151,0.941602651948627,0.1481349805699016,3.3233414111932924,2496.4444444444443,0.5645833333333333,0.1640625
14,72,0,33.139425498,35.602584823,01/08/2025,2,0.1460686617256591,0.005901820128087956,0.1737151321842258,0.9448717169878184,0.12599204835254185,3.6499521612634203,2604.0,0.525,0.1449652777777778
14,73,0,33.139213838,35.602572743,01/08/2025,2,0.12484349763403646,0.002208256529810627,0.14401959541155873,0.9617188894069923,0.11594601805729117,2.707518749639422,3074.777777777778,0.5125000000000001,0.2708333333333333
14,74,0,33.139007128,35.602560708,01/08/2025,2,0.10998428077169702,0.008784031507517836,0.13511469671279175,0.9504691951078618,0.09605649375834893,4.532008336839198,3595.0,0.3958333333333333,0.1154513888888889
14,75,0,33.138810023,35.602547602,01/08/2025,2,0.10348762496699125,0.006339558415037322,0.13485960995618093,0.9384055238749826,0.09220012899095581,1.6835024445205309,3732.6666666666665,0.8125,0.4201388888888889
14,76,0,33.138615217,35.602534878,01/08/2025,2,0.10787409018956208,0.0024574687163387266,0.13800119997002283,0.9406855506136176,0.08899023926899363,3.1403360647604432,3746.3333333333335,0.5958333333333333,0.20138888888888887
14,77,0,33.138627787,35.602157915,01/08/2025,2,0.10224521338649059,0.006337768912199863,0.1340699440641394,0.937554170513082,0.08439776632543576,4.396647917027245,4092.3333333333335,0.46875,0.17274305555555555
14,78,0,33.138887292,35.602182118,01/08/2025,2,0.1216106996891213,0.0035273574293383557,0.1535620183068295,0.936952492145432,0.09307603117789916,2.9985478598228146,3738.1111111111113,0.5833333333333333,0.17881944444444445
14,79,0,33.139158382,35.602200713,01/08/2025,2,0.12095805418432409,0.007724169023706868,0.15135175025386746,0.9399981269870555,0.09718541924135288,4.0582817728566996,3448.0,0.4333333333333334,0.1293402777777778
14,80,0,33.139360385,35.602217213,01/08/2025,2,0.13470886728811693,0.007804644466660097,0.1657284058874455,0.9385278171698014,0.11654408228644171,4.821520773344194,3089.222222222222,0.30943627450980393,0.1076388888888889
14,81,0,33.139586797,35.602228003,01/08/2025,2,0.14693807248562024,0.0031909892458945664,0.18136432367718178,0.9317319864132136,0.12162151971888432,1.8389827611420677,2932.3333333333335,0.7395833333333334,0.3567708333333333
14,82,0,33.139810333,35.602237327,01/08/2025,2,0.20817419903656545,0.024394599451118718,0.2420113782418506,0.9313160414985983,0.1670658611773148,5.292481250360577,2102.6666666666665,0.16275055032407973,0.10416666666666669
14,83,0,33.139996715,35.60226631,01/08/2025,2,0.3020521939735482,0.007979739776474131,0.3438413886023143,0.9109133717146205,0.24682336764869486,4.804585169337801,1412.2222222222222,0.30575980392156865,0.11111111111111112
14,84,0,33.14019521,35.602263182,01/08/2025,2,0.3197840169362845,0.011605374318439159,0.3618431384756213,0.9093189121844207,0.26487146427254105,3.7336190869093264,1217.4444444444443,0.4724264705882352,0.12586805555555555
14,85,0,33.140404598,35.602272378,01/08/2025,2,0.42065753185182597,0.01887775670139347,0.44922473540720187,0.9330338320546763,0.3361300348826581,2.707518749639422,834.4444444444445,0.47500000000000003,0.2708333333333333
14,86,0,33.140615925,35.602280335,01/08/2025,2,0.4524217796353931,0.008009414198821015,0.45856007856663233,0.9847282906562876,0.35174443053339677,4.417073958513622,743.1111111111111,0.44999999999999996,0.15711805555555555
14,87,0,33.140818843,35.602289105,01/08/2025,2,0.40401595096787063,0.013006221221694746,0.44837566881917656,0.8975075215339717,0.3215804645468433,4.347534316583503,796.4444444444445,0.4145833333333333,0.12239583333333334
14,88,0,33.141022235,35.602301605,01/08/2025,2,0.39441435406007186,0.01215149231569885,0.40715746917519074,0.9705623975636473,0.22689560712121562,4.535906066166136,898.3333333333334,0.36458333333333337,0.11458333333333334
14,89,0,33.141244192,35.602314183,01/08/2025,2,0.3094846766721214,0.014479170895763538,0.27242075147792594,1.0846398269230273,0.1790279435264563,4.854981250360577,1067.4444444444443,0.3039969834087481,0.12760416666666669
14,90,0,33.141433223,35.602326745,01/08/2025,2,0.1621270384945627,0.018421455459780904,0.2535553295953471,0.8267016059507892,0.19383810483983394,3.322270629890904,930.7777777777778,0.6104166666666667,0.17708333333333334
14,91,0,33.14145075,35.601956577,01/08/2025,2,0.1412509731269308,0.04453809384590803,0.2079233876837277,0.8743404934175418,0.14099976823638014,1.9249935493429022,822.8888888888889,0.7916666666666666,0.3315972222222222
14,92,0,33.141242393,35.601946688,01/08/2025,2,0.42503250389880415,0.016404024072286746,0.36020383651610605,1.167213793367051,0.1683651769016445,3.4380546909157212,760.1111111111111,0.5875,0.15798611111111113
14,93,0,33.14103524,35.601935268,01/08/2025,2,0.4730323571971038,0.013506419324387446,0.4798982545606788,0.9831922601963348,0.24291197230229708,2.930790181981766,580.4444444444445,0.6479166666666667,0.19444444444444448
14,94,0,33.140825837,35.601921853,01/08/2025,2,0.473786613726385,0.0021961396500003406,0.4906912132947667,0.9569263812073027,0.37477343112259576,2.4479811128379074,577.1111111111111,0.7395833333333333,0.3003472222222222
14,95,0,33.140610482,35.601909215,01/08/2025,2,0.4671979048462674,0.010593475554143568,0.4720679152852023,0.9878883556946734,0.36964450297595103,1.6835024445205309,675.4444444444445,0.8125,0.4201388888888889
14,96,1,33.140401507,35.601895982,01/08/2025,2,0.45958168147553113,0.014189130331113723,0.48702091134421593,0.9319741403105257,0.3609143393612301,3.628099679278688,680.6666666666666,0.5458333333333334,0.1545138888888889
14,97,0,33.14020589,35.601884077,01/08/2025,2,0.41683065211349446,0.019378605546033587,0.44793187487491654,0.9269459965861563,0.33586009827747143,2.079111337789344,757.0,0.73125,0.3315972222222222
14,98,0,33.14000206,35.601872723,01/08/2025,2,0.3599169902034386,0.014973864476085206,0.3830771602718375,0.9480330687458507,0.2968868690569583,4.802694271103768,1070.3333333333333,0.3448529411764706,0.1267361111111111
14,99,0,33.139791972,35.601860572,01/08/2025,2,0.2903295538148075,0.02133004867220949,0.3420098972263379,0.8917706828537957,0.23674660664263986,4.535906066166137,1310.6666666666667,0.3043646304675717,0.11458333333333334
14,100,0,33.139583615,35.601845982,01/08/2025,2,0.20685726793148027,0.016936671319007685,0.2502543787670401,0.9124651970893033,0.16783534473479536,5.292481250360577,2026.4444444444443,0.1176609090200395,0.10416666666666669
14,101,0,33.139379935,35.601834952,01/08/2025,2,0.1601567895181635,0.007096996482980634,0.193589485965414,0.9334970791509191,0.13033488412455363,4.186772210336683,2868.4444444444443,0.42696078431372547,0.12586805555555555
14,102,0,33.13918549,35.601823747,01/08/2025,2,0.1762914350327338,0.0015385877229943687,0.2059831908462118,0.9402486058466448,0.14561650901907391,4.804585169337801,2676.1111111111113,0.325,0.11111111111111112
14,103,0,33.138985528,35.601811522,01/08/2025,2,0.1235125474882769,0.00976916624538663,0.16083036750605612,0.9267262237976978,0.10303172748432067,4.846251836004468,3232.0,0.20284690799396674,0.1076388888888889
14,104,0,33.138775373,35.601799308,01/08/2025,2,0.08905001339499707,0.004331866246086002,0.11959387581259372,0.9401552329726451,0.07186711278491102,2.4482537708610694,4040.222222222222,0.73125,0.2795138888888889
14,105,0,33.138647572,35.60179156,01/08/2025,2,0.08501237782384846,0.006335090779219487,0.10967310653339088,0.9514380149866422,0.0640308194845439,3.4380546909157212,4276.888888888889,0.5875,0.15798611111111113
14,106,0,33.138667807,35.601407053,01/08/2025,2,0.09086062583054708,0.005534486276700931,0.12282793765121346,0.9374149064288498,0.07625621956724012,4.317359712089617,4006.0,0.4104166666666666,0.1267361111111111
14,107,0,33.13886883,35.601419228,01/08/2025,2,0.11637042555456076,0.0033638557598365177,0.15000177591685068,0.9338213827086123,0.09838561687149314,3.8988242140723095,3477.5555555555557,0.3373774509803922,0.15104166666666669
14,108,0,33.139074902,35.601434497,01/08/2025,2,0.20851289540765947,0.012721727196620574,0.24123698069882143,0.9334988372591374,0.153736964606424,5.063314583693912,2282.3333333333335,0.2242438649056296,0.11197916666666669
14,109,0,33.139263995,35.601447725,01/08/2025,2,0.21788500810648884,0.00784628591254193,0.2578308217896695,0.918786743899969,0.17908623085485437,4.802694271103768,2001.3333333333333,0.3076263197586726,0.1267361111111111
14,110,0,33.139466282,35.601456147,01/08/2025,2,0.2878753594890804,0.016006543314986937,0.33040677990810274,0.9103605762099577,0.24201729182908605,4.596251836004467,1346.0,0.23089356324650442,0.11805555555555555
14,111,0,33.139682903,35.601474367,01/08/2025,2,0.43321506233674534,0.0055848174637441695,0.45863834582397345,0.9386317081425699,0.34299075131182705,1.4541978025686977,720.3333333333334,0.8541666666666666,0.564236111111111
14,112,0,33.139896577,35.601488797,01/08/2025,2,0.4476780681869731,0.008800296419578659,0.4688683190498668,0.94794606614025,0.3609504765701719,1.992670531398638,693.5555555555555,0.7708333333333333,0.2604166666666667
14,113,0,33.140105433,35.60150685,01/08/2025,2,0.4899471930713928,0.005498267320576347,0.5011660082102607,0.9713479576007568,0.39528883847261465,1.992670531398638,588.6666666666666,0.7708333333333333,0.26041666666666663
14,114,0,33.140302,35.601519018,01/08/2025,2,0.5003747517796944,0.009395224017701235,0.5041013441226906,0.9905816986876488,0.39278034534529715,1.4353074058019708,552.2222222222222,0.84375,0.4887152777777778
14,115,0,33.140519643,35.6015303,01/08/2025,2,0.5084517596105365,0.009225805275668917,0.5213390523358526,0.9660091860330579,0.40282511238703383,1.9354322346176824,530.7777777777778,0.75,0.2881944444444444
14,116,0,33.140717898,35.601546062,01/08/2025,2,0.5057150925240074,0.00539142268415235,0.5284671593206539,0.9401175130510205,0.40628176064642696,2.8858414111932924,530.4444444444445,0.6375,0.2065972222222222
14,117,0,33.140930147,35.601562102,01/08/2025,2,0.48850180020980105,0.006772288469016391,0.48790774246146057,1.001798480301595,0.3519599969910502,2.2845300583088024,536.3333333333334,0.7395833333333334,0.3046875
14,118,0,33.141096252,35.60156632,01/08/2025,2,0.4923404612794598,0.013215069841436486,0.4814468237996883,1.0292746814299705,0.2106760917880806,-0.0,542.8888888888889,1.0,1.0
14,119,0,33.141307538,35.601582055,01/08/2025,2,0.4677143496714789,0.018355532266068935,0.42437961170814137,1.1146249000507562,0.1552227269309763,1.9249935493429025,617.3333333333334,0.7916666666666666,0.3315972222222222
14,120,0,33.141473253,35.601592685,01/08/2025,2,0.12464667665866123,0.03138087311007227,0.19100741184073736,0.8740342418610232,0.12498451594938441,1.9249935493429025,823.5555555555555,0.7916666666666666,0.3315972222222222
14,121,0,33.141476053,35.601205358,01/08/2025,2,0.300409450801654,0.05978226344525843,0.3645127551470813,0.868793563039741,0.12799441532695915,3.6103088593353205,640.4444444444445,0.5333333333333333,0.15711805555555555
14,122,0,33.141265283,35.601192873,01/08/2025,2,0.4991303978402483,0.005999241506412662,0.5008563577653373,0.9955462449423664,0.17308478156027987,0.7451475706431423,504.3333333333333,0.9270833333333333,0.7526041666666667
14,123,0,33.141060453,35.601175985,01/08/2025,2,0.5139092300132911,0.01580369721237033,0.49754764687610487,1.0463317117012962,0.30983244128900583,2.9402089210773927,507.8888888888889,0.6791666666666667,0.21267361111111113
14,124,0,33.140853317,35.601165188,01/08/2025,2,0.5337201813944148,0.00761409060295421,0.5327734555975806,1.0033943734582982,0.4116419869836381,2.8359813201213147,499.77777777777777,0.6895833333333332,0.3003472222222222
14,125,0,33.140644383,35.601151265,01/08/2025,2,0.52611959554712,0.008821235517102703,0.5347554488952091,0.9767534332743265,0.4316593593883277,1.4353074058019708,507.6666666666667,0.84375,0.4887152777777778
14,126,0,33.140442832,35.601149153,01/08/2025,2,0.5269780569542901,0.014704522204428628,0.5274143395345375,0.9997178084016257,0.4279318688424245,1.3642943420934954,519.5555555555555,0.8020833333333334,0.4609375
14,127,0,33.140229845,35.601136568,01/08/2025,2,0.49831547091165745,0.011599070358503579,0.5206567824702224,0.9429273515332315,0.4186136311419186,1.9017529540140132,533.4444444444445,0.6979166666666667,0.3255208333333333
14,128,0,33.140024335,35.601123753,01/08/2025,2,0.4990025393311024,0.0070126478170530445,0.4998826628418582,0.9978353459257205,0.40369418091691966,2.4482537708610694,562.8888888888889,0.73125,0.27951388888888884
14,129,0,33.139818435,35.601111035,01/08/2025,2,0.46851667625358456,0.017836303084182305,0.4842383988204829,0.9612141280386326,0.37634588540056435,2.886175003505865,577.2222222222222,0.6166666666666667,0.1857638888888889
14,130,0,33.139614337,35.601098623,01/08/2025,2,0.42179331872073567,0.027255627019683443,0.4412318192716511,0.9535422025768909,0.3351680695126598,3.8551121157836827,790.4444444444445,0.42034313725490197,0.140625
14,131,0,33.139420042,35.601088313,01/08/2025,2,0.3170324831551279,0.012450465253331617,0.3594557806504354,0.9086920660944264,0.27040914814470407,3.959147917027245,1170.111111111111,0.4536764705882353,0.21006944444444445
14,132,0,33.139215988,35.601075682,01/08/2025,2,0.32240701333165167,0.010911757816727336,0.3697009014944318,0.8980524707705838,0.2632644488738453,4.201219991868832,1213.2222222222222,0.47500000000000003,0.13368055555555555
14,133,0,33.139019293,35.601063452,01/08/2025,2,0.26677987889466687,0.01796227707191442,0.30594952269098297,0.9181900803972081,0.20210670435323658,4.596251836004467,1722.0,0.23536188903835956,0.11805555555555555
14,134,0,33.138819787,35.601052053,01/08/2025,2,0.1351934717345273,0.010050355982435859,0.1786714212701484,0.9147667874434595,0.12073020811414234,4.456733794087382,2934.222222222222,0.3531862745098039,0.1267361111111111
14,135,0,33.138685703,35.601043738,01/08/2025,2,0.1351963492537023,0.006284706852549549,0.1766819782852659,0.9185499064327449,0.12068476319370165,3.152170691632976,3012.777777777778,0.4104166666666666,0.22395833333333331
14,136,0,33.138696937,35.600672637,01/08/2025,2,0.22797894799632396,0.016025286481403722,0.28632589602828695,0.882557625325583,0.21063871966764613,4.596251836004466,1675.888888888889,0.16064433404820777,0.11805555555555557
14,137,0,33.13891635,35.60068634,01/08/2025,2,0.284023046958457,0.04122344636483899,0.3273933420061383,0.9086538966115838,0.2349959548575598,5.0901998765158565,1456.6666666666667,0.1255575591208679,0.10416666666666669
14,138,0,33.139121617,35.600699377,01/08/2025,2,0.44524827671968964,0.010804147010767892,0.48757884131805185,0.8975738437295789,0.35825988361354766,4.188054690915721,711.3333333333334,0.327724358974359,0.13020833333333334
14,139,0,33.1393337,35.600712562,01/08/2025,2,0.4729755087773144,0.004891001809924761,0.48288706696675,0.9748910857026437,0.3821520999210562,3.0047949849424143,624.0,0.625,0.20572916666666669
14,140,0,33.139534923,35.600723458,01/08/2025,2,0.4577448577389817,0.012195709112506354,0.49341621828833,0.9125180698396425,0.4026128534469883,2.4466516387672983,584.1111111111111,0.71875,0.27517361111111116
14,141,0,33.139738737,35.600736808,01/08/2025,2,0.4816474399766109,0.006027601600154286,0.5105178171987917,0.9264227730790355,0.40010271406956865,2.4482537708610694,533.7777777777778,0.73125,0.2795138888888889
14,142,0,33.139948875,35.600750173,01/08/2025,2,0.508126765060838,0.008225577857552152,0.5159890747126138,0.9793362821868361,0.4145771182539314,0.7451475706431423,532.7777777777778,0.9270833333333333,0.7526041666666667
14,143,1,33.140144637,35.600762023,01/08/2025,2,0.4873519265362229,0.011217612067731423,0.5076825044983464,0.9484235704335009,0.4216883597694927,1.9933241319059891,537.8888888888889,0.7604166666666666,0.2873263888888889
14,144,0,33.140341158,35.600774185,01/08/2025,2,0.49572010752874185,0.007944141376811277,0.5317607361279324,0.9072944044897265,0.4345962275075796,-0.0,510.0,1.0,1.0
14,145,1,33.140545973,35.600785708,01/08/2025,2,0.5203613394354445,0.008142909752217785,0.5313640927966816,0.9703315256650306,0.4327682341729758,2.4308241319059887,503.3333333333333,0.6875,0.24479166666666663
14,146,0,33.140749102,35.600797853,01/08/2025,2,0.536461121007044,0.011644754436006004,0.544947790097461,0.9770926271749472,0.44507290651795967,1.9822367178034823,493.6666666666667,0.71875,0.34982638888888895
14,147,0,33.140955428,35.600813163,01/08/2025,2,0.5119260487234408,0.0059711476839347764,0.5212280909339669,0.9750499991049186,0.40892937698475673,1.4541978025686977,500.22222222222223,0.8541666666666666,0.564236111111111
14,148,0,33.141156333,35.600825512,01/08/2025,2,0.48997360118324185,0.00496259707409857,0.496701740180143,0.9824692925542576,0.2905841376150007,-0.0,507.8888888888889,1.0,1.0
14,149,0,33.141373655,35.600838453,01/08/2025,2,0.46506113064299126,0.027210452950210254,0.45504316214710855,1.0287262839028564,0.15755346560880346,2.4466516387672983,558.2222222222222,0.71875,0.27517361111111116
14,150,0,33.141495348,35.600846943,01/08/2025,2,0.27056205296495445,0.06914107636323359,0.33736229121195227,0.8694738211381554,0.13605743909759677,2.078838679766182,693.1111111111111,0.7708333333333334,0.32812500000000006
14,151,0,33.141495,35.600518333,01/08/2025,2,0.2716722767498023,0.05455159312036678,0.29599552149072017,0.9534087697394177,0.1288874261692971,1.9354322346176824,745.4444444444445,0.75,0.2881944444444444
14,152,0,33.141263333,35.600531667,01/08/2025,2,0.4734919885423502,0.007930744316385845,0.47306327406308607,1.0014988536154104,0.20069582927342114,-0.0,531.2222222222222,1.0,1.0
14,153,0,33.141045,35.600531667,01/08/2025,2,0.5084196609357614,0.009892315858862664,0.5003735084504357,1.0226420819552033,0.38668972157923887,0.7451475706431423,518.4444444444445,0.9270833333333333,0.7526041666666667
14,154,0,33.140848333,35.6005,01/08/2025,2,0.5182810933677119,0.010741620170088584,0.5271176405172112,0.9768029969712823,0.41519228362533533,-0.0,503.22222222222223,1.0,1.0
14,155,0,33.140648333,35.600471667,01/08/2025,2,0.49844598268321644,0.012945187788896015,0.5058534512626511,0.9814319851341897,0.3944130661325514,-0.0,519.8888888888889,1.0,1.0
14,156,1,33.140461667,35.600471667,01/08/2025,2,0.49285645488451824,0.009198613003398179,0.513749182155788,0.9459553809975088,0.39166863919374983,-0.0,509.3333333333333,1.0,1.0
14,157,0,33.140243333,35.600458333,01/08/2025,2,0.48041132762126565,0.01700128964630272,0.49896534951065835,0.9539417231731497,0.39753584392152286,1.8389827611420677,536.5555555555555,0.7395833333333333,0.3567708333333333
14,158,0,33.140033333,35.600441667,01/08/2025,2,0.4901487655435805,0.005278948103971306,0.5123798538296187,0.9425723019491082,0.4062367346425934,1.4353074058019708,527.7777777777778,0.84375,0.4887152777777778
14,159,0,33.139836667,35.600428333,01/08/2025,2,0.4930353146109486,0.008906324274002906,0.5108962159713566,0.9540199730929344,0.40001934825226004,2.078838679766182,527.1111111111111,0.7708333333333333,0.359375
14,160,0,33.139625,35.600426667,01/08/2025,2,0.47458674747891294,0.015875813608537175,0.5035232848496138,0.9282747350373897,0.40813754151541404,1.3642943420934954,542.6666666666666,0.8020833333333334,0.4609375
14,161,0,33.13943,35.60041,01/08/2025,2,0.47196402795526043,0.010068234036140397,0.48969365264755665,0.9553773717401525,0.399526874037465,2.561047859822814,585.6666666666666,0.7,0.22135416666666666
14,162,0,33.139238333,35.600401667,01/08/2025,2,0.4560247569856192,0.01286013829878749,0.4873019470394553,0.9231292154895436,0.3798487274426144,2.2845300583088024,585.7777777777778,0.7395833333333333,0.3046875
14,163,0,33.139026667,35.60037,01/08/2025,2,0.4411845056882118,0.007472088244114129,0.467368484899766,0.9362931209307903,0.3718781483141496,1.9249935493429025,624.8888888888889,0.7916666666666666,0.3315972222222222
14,164,1,33.138808333,35.600365,01/08/2025,2,0.4318022673589704,0.004197449544192534,0.44939915079776643,0.9573207150906717,0.3559581423187679,0.7451475706431423,674.6666666666666,0.9270833333333334,0.7526041666666667
14,165,0,33.138731667,35.600373333,01/08/2025,2,0.4302286216093936,0.005114137161298613,0.46863232155909745,0.9085920161510346,0.35492090694340167,3.1380647036667964,655.4444444444445,0.65,0.21180555555555555
14,166,0,33.13873998884879,35.60004385714451,01/08/2025,2,0.3587606772834282,0.011376747963576057,0.44082331598032803,0.8224113164195339,0.3286554624946049,2.68514304294886,433.8888888888889,0.4689624645892351,0.23524305555555558
14,167,0,33.13900409577885,35.60006273212911,01/08/2025,2,0.36457592303716696,0.014407906316245871,0.430753689209012,0.8547748284154179,0.33631214705289453,1.9249935493429025,637.6666666666666,0.7916666666666666,0.3315972222222222
14,168,0,33.13922356945667,35.60007698444571,01/08/2025,2,0.3796392329231827,0.019042657497104765,0.44903967944513845,0.8473776334782441,0.3545463425053477,2.2845300583088024,622.8888888888889,0.7395833333333333,0.3046875
14,169,0,33.13941330636254,35.60008225836661,01/08/2025,2,0.4024776299460957,0.01983913106541631,0.4384814311803927,0.9168103906435553,0.3443239448064844,2.707518749639422,620.8888888888889,0.625,0.2708333333333333
14,170,1,33.13962532476266,35.600100899878065,01/08/2025,2,0.4089903005072643,0.014492870269974537,0.45899744539717485,0.8844026309907798,0.34146805908851524,2.078838679766182,576.8888888888889,0.7708333333333334,0.32812500000000006
14,171,0,33.13985226772052,35.600106340853756,01/08/2025,2,0.38666282613464426,0.022651018942172835,0.4498050281675677,0.8586794525711133,0.3429006508072608,2.4466516387672983,580.8888888888889,0.71875,0.27517361111111116
14,172,0,33.140034535297254,35.60012042646064,01/08/2025,2,0.3803278901102762,0.032501863210047784,0.43504168023044676,0.8782301352055453,0.3358639331841887,2.128154386514085,586.4444444444445,0.7604166666666666,0.3732638888888889
14,173,0,33.14023916864876,35.60012134484122,01/08/2025,2,0.3925429594173444,0.034206269534335434,0.4556741224531302,0.858672694385765,0.34039226132108047,1.9249935493429025,569.4444444444445,0.7916666666666666,0.3315972222222222
14,174,0,33.14045120106142,35.60013556413844,01/08/2025,2,0.43067618937233104,0.02082240354136692,0.48464051831582694,0.8732543841017992,0.3680092446171784,1.4353074058019706,546.0,0.84375,0.4887152777777778
14,175,0,33.140595,35.600145,01/08/2025,2,0.44966225662630144,0.014185291415146791,0.49601270441697803,0.8876897875968378,0.3754381718867348,1.4353074058019706,533.6666666666666,0.84375,0.4887152777777778
14,176,0,33.140833333,35.60017,01/08/2025,2,0.42023888973156226,0.03438181812108714,0.4767886308661503,0.8696521847074073,0.36675464137317343,1.4261994082884974,545.0,0.78125,0.4296875
14,177,0,33.141023333,35.600176667,01/08/2025,2,0.38560859049307056,0.034973500646429755,0.4500010302722306,0.8590103967643921,0.3471948160301388,1.4541978025686977,558.1111111111111,0.8541666666666666,0.564236111111111
14,178,0,33.141205,35.600185,01/08/2025,2,0.3558217432552609,0.025562498548187276,0.43136585682541784,0.837580511289512,0.28273239470137285,1.1625311359020314,574.1111111111111,0.8541666666666667,0.59375
14,179,0,33.141415,35.600195,01/08/2025,2,0.34439660292103597,0.03258929728042988,0.40045815540830154,0.8787595805457049,0.16262088670127298,1.6835024445205309,641.0,0.8125,0.4201388888888889
14,180,0,33.141525,35.600213333,01/08/2025,2,0.30333904897070046,0.02525297730688352,0.3170209855255968,0.9709643013094215,0.12412832568021337,1.6835024445205309,494.77777777777777,0.6252891287586738,0.4201388888888889
