image,Point_ID,Aleket_cnt,lat,long,date,Days_Before_Sample,ndvi,ndvi_std,gndvi,green_red_ratio,ndre,entropy,green,homogeneity,asm
1,2,1,33.161904167,35.64655731,27/05/2025,58,0.652096174166633,0.0069655427985394645,0.6609505214638497,0.9696065548655399,0.5074599516627066,4.194366543182522,517.3333333333334,0.23438370844358014,0.13975694444444448
1,3,1,33.161851242,35.646311857,27/05/2025,58,0.6854506013932125,0.007827460109159745,0.6781619583629398,1.028144758305448,0.5133459711561014,4.420507230104883,776.3333333333334,0.33108031674208144,0.12239583333333334
1,4,1,33.161798215,35.64607068,27/05/2025,58,0.7198392782528997,0.003157243402873767,0.697279120091308,1.0949221864965266,0.5491541493660907,2.534479625667783,774.5555555555555,0.6161764705882353,0.2821180555555556
1,5,1,33.161739218,35.645799122,27/05/2025,58,0.6583551604877997,0.013319360540407908,0.6602019891189749,0.9935689912039383,0.5050960489076465,4.8193665431825226,755.8888888888889,0.2640837072201867,0.1154513888888889
1,6,1,33.161683657,35.645553007,27/05/2025,58,0.7162861075371433,0.0063745688131455185,0.6946134847118596,1.0906846729469004,0.5482426784855323,4.098669398093777,773.6666666666666,0.3668080693815988,0.14930555555555555
1,7,1,33.16163386,35.64532035,27/05/2025,58,0.718296811032191,0.004298959593113438,0.7016619474552116,1.0695166790594408,0.5504490390973431,4.10343887700335,770.5555555555555,0.3770833333333334,0.12239583333333334
1,8,1,33.161579802,35.645072175,27/05/2025,58,0.6984756474414273,0.00566877631864808,0.6818145771986012,1.0657641375135862,0.5395064616011223,3.0666188279300868,798.1111111111111,0.5625,0.1953125
1,9,1,33.161522608,35.64481208,27/05/2025,58,0.70154622439382,0.010943115106075004,0.6920924034060884,1.038646033767751,0.5401445014812384,3.793093107165021,794.5555555555555,0.43236236802413275,0.15190972222222224
1,10,1,33.161467852,35.644562685,27/05/2025,58,0.7016111097277034,0.007945911152815803,0.6771716470482192,1.098003134837304,0.543871229707896,4.332141085934338,836.2222222222222,0.3706636500754148,0.12239583333333334
1,11,1,33.161407923,35.644284105,27/05/2025,58,0.6393492988504713,0.015131781436439899,0.6373029147685947,1.0080870777214115,0.48398124271636395,4.412912897259044,832.7777777777778,0.401943714076067,0.15538194444444445
1,12,1,33.161350028,35.644022393,27/05/2025,58,0.7044290960764176,0.0023737273286732782,0.6803396229964511,1.0970822669955858,0.5439124925115116,4.6811275426950285,836.8888888888889,0.25296945701357465,0.11458333333333334
1,13,2,33.161296493,35.643780253,27/05/2025,58,0.7008739336645021,0.004822593087648395,0.6834536477063206,1.0693495143093195,0.537368914618383,4.18643861802411,840.1111111111111,0.3298303167420814,0.12239583333333333
1,14,2,33.161295503,35.64377286,27/05/2025,58,0.7008739336645021,0.004822593087648395,0.6834536477063206,1.0693495143093195,0.537368914618383,4.18643861802411,840.1111111111111,0.3298303167420814,0.12239583333333333
1,15,2,33.161237957,35.64351069,27/05/2025,58,0.6888835795063544,0.00992979401279922,0.675142385618097,1.053196634669424,0.53020158927969,4.776828126933222,859.7777777777778,0.2757999025125998,0.1154513888888889
1,16,2,33.161181847,35.643255147,27/05/2025,58,0.683493150546222,0.0024882928775736488,0.6718393861511686,1.044164504046603,0.5233094251688066,2.607971801848314,859.4444444444445,0.6541666666666667,0.2170138888888889
1,17,2,33.161125505,35.643000462,27/05/2025,58,0.6885266247354073,0.00597412008524299,0.6770428289663399,1.0440286358276174,0.527313974465186,3.8486914649771697,845.4444444444445,0.39395739064856716,0.13368055555555555
1,18,2,33.161070167,35.642742588,27/05/2025,58,0.6578965831221153,0.0204114595326146,0.6543914069896861,1.013709700316674,0.5024000639283246,4.596251836004466,850.4444444444445,0.17498858587093877,0.11805555555555555
1,19,1,33.161016097,35.642499303,27/05/2025,58,0.697777016836333,0.010820851120014763,0.6787266250948771,1.07660869703872,0.5325730503820547,2.061303984200316,841.5555555555555,0.71875,0.3628472222222222
1,20,1,33.160961333,35.642243133,27/05/2025,58,0.7033278195010831,0.0048500130605196624,0.6864576268398609,1.0679066312264016,0.5336537357771175,3.29780885933532,832.1111111111111,0.56875,0.1753472222222222
1,21,1,33.160905407,35.641989658,27/05/2025,58,0.7018488576941959,0.010915504335098879,0.6825565433549684,1.0784547745447313,0.5362303520723655,3.5999739455562083,844.8888888888889,0.45208333333333334,0.1449652777777778
1,22,1,33.160851472,35.641743378,27/05/2025,58,0.6988784359763132,0.004777005882568284,0.6865406040944364,1.049158257455213,0.5369173851885809,2.604182000302357,835.8888888888889,0.6583333333333333,0.2751736111111111
1,23,1,33.160796293,35.64149581,27/05/2025,58,0.694576237027089,0.005980794702880577,0.6821410801129333,1.048425537908968,0.5330926657523544,4.420507230104883,854.0,0.24746417797888387,0.12239583333333334
1,24,2,33.16074556,35.641261182,27/05/2025,58,0.6761006816913486,0.007219783278403896,0.676949225152731,0.9973817445355521,0.5204065674931999,4.18933373234531,574.7777777777778,0.306279062021679,0.1328125
1,26,2,33.160473993,35.641542365,27/05/2025,58,0.6560894727761617,0.006829160404750386,0.6572776816137462,0.9959592282774908,0.5078237417556628,4.30068744001086,867.4444444444445,0.32560897435897435,0.12239583333333334
1,27,2,33.160527985,35.641783753,27/05/2025,58,0.6776550417553844,0.00659523819890689,0.6621386287331569,1.0583910750640142,0.514948777267778,2.4482537708610694,852.4444444444445,0.7,0.2795138888888889
1,28,1,33.160582947,35.642029865,27/05/2025,58,0.6791644603782558,0.007851590929875647,0.6703531007322966,1.033470686664855,0.5197630762712698,3.4717481629583626,836.1111111111111,0.551593137254902,0.15190972222222224
1,29,1,33.160636005,35.642282955,27/05/2025,58,0.677096222152933,0.009783307213971979,0.6744815024249888,1.0108604628232942,0.5263060095697516,1.3642943420934954,834.2222222222222,0.8020833333333333,0.4609375
1,30,1,33.160695432,35.642537193,27/05/2025,58,0.6848759956276829,0.006463633990296089,0.6734310114971652,1.0438436296625722,0.5248208126604439,2.9718226336265308,825.8888888888889,0.5395833333333333,0.28125
1,31,1,33.16074675,35.642782475,27/05/2025,58,0.6164892342164213,0.019800077959410863,0.6283905615166238,0.9643448751989985,0.47007899589206087,4.854981250360577,824.7777777777778,0.2960048000489177,0.12760416666666669
1,32,1,33.160798315,35.6430323,27/05/2025,58,0.6502995549865646,0.009599287346736785,0.6497052209270845,1.002595657298186,0.5141405469564831,4.1715263787562815,839.7777777777778,0.3394607843137255,0.1345486111111111
1,33,2,33.160855323,35.643279252,27/05/2025,58,0.6828532476004876,0.009984148207879517,0.6651444456840417,1.068082112168636,0.5287937047381034,5.0485332098491895,842.0,0.20488489054665526,0.1076388888888889
1,34,2,33.160907978,35.643522723,27/05/2025,58,0.6771720263894403,0.0034614452864541226,0.6629445245500099,1.053249229465599,0.5248681602538705,3.596822633626531,845.3333333333334,0.3208333333333333,0.17708333333333331
1,35,1,33.160966438,35.643779155,27/05/2025,58,0.6850519684469596,0.004565664206696956,0.6736306856466762,1.0436351738656267,0.5213178293797456,3.0654908807389765,813.0,0.5229166666666668,0.19791666666666669
1,36,1,33.161020612,35.644023725,27/05/2025,58,0.6958495085863637,0.014701937177820004,0.6749790430220617,1.0847562132236002,0.5158693180266722,3.552841670172532,806.5555555555555,0.4263447270800212,0.1440972222222222
1,37,1,33.161071323,35.644271332,27/05/2025,58,0.6574920328061757,0.01114147944244423,0.6423026765044654,1.0543213436581627,0.4975750814252863,4.549815690428227,834.1111111111111,0.21928534303534306,0.11545138888888891
1,38,1,33.161126305,35.644519178,27/05/2025,58,0.6610141411530227,0.014557611331859453,0.654453904220911,1.0238897861750915,0.5109322877596187,4.2055987125771095,832.1111111111111,0.212576224590646,0.1189236111111111
1,39,1,33.16118263,35.644765113,27/05/2025,58,0.6900853648313104,0.01016843728346702,0.6712574595921968,1.0734892783915795,0.5325247847791469,3.586042254410726,822.5555555555555,0.38235294117647056,0.16319444444444445
1,40,1,33.161234052,35.645006792,27/05/2025,58,0.6912444431846252,0.0056498500129778155,0.6777534607673498,1.0522335615433833,0.5311193959368093,3.9090372348154987,798.0,0.3895833333333333,0.16145833333333331
1,41,1,33.16128798,35.64524954,27/05/2025,58,0.6970882670659977,0.007901462856381256,0.6850571767866455,1.0474944777626665,0.5450500824310912,4.478846168850306,791.0,0.31966496473849415,0.14583333333333334
1,42,1,33.161338072,35.645487483,27/05/2025,58,0.7026943486825638,0.006618236281593117,0.6901454320659113,1.050605978584545,0.5435354470366272,3.6920095861313826,777.6666666666666,0.5087009803921568,0.1623263888888889
1,43,1,33.161391438,35.645724168,27/05/2025,58,0.6960919896380028,0.007968785413870862,0.6826281791705713,1.0530522135502736,0.5348778792937182,4.1902054819279435,783.2222222222222,0.4708333333333333,0.13628472222222224
1,44,1,33.161451178,35.645987818,27/05/2025,58,0.6730030372484316,0.007283751460371319,0.6626743154745994,1.0380417020811943,0.5094737451110682,4.846251836004467,779.1111111111111,0.2104064754800049,0.1076388888888889
1,45,1,33.161502477,35.646226487,27/05/2025,58,0.681370849082628,0.005063876403652867,0.6696599271645343,1.0441874523962238,0.5270967911134102,4.846251836004467,787.1111111111111,0.27471719457013577,0.1076388888888889
1,46,1,33.161554907,35.646464875,27/05/2025,58,0.6551436260680108,0.014151629114785898,0.6637564496083782,0.9696091385926761,0.4998814896882795,5.292481250360577,759.7777777777778,0.13657355430499116,0.10416666666666669
1,47,1,33.161614685,35.646747965,27/05/2025,58,0.5844718457237189,0.02090074921017701,0.6165738642679242,0.9058013261507285,0.4461055948354035,4.434153522439333,714.5555555555555,0.32399219337396795,0.1328125
1,50,1,33.161134613,35.646068373,27/05/2025,58,0.5981546768923925,0.01570694481046876,0.6278135070269879,0.9102766375484516,0.46102484834834573,5.090199876515856,753.8888888888889,0.2188415640836731,0.10416666666666669
1,51,1,33.161079387,35.64581745,27/05/2025,58,0.6623271759507253,0.005028434350152622,0.65768355387735,1.0168165130462334,0.49856993238686886,3.3403472755846204,793.4444444444445,0.4764705882352941,0.19618055555555558
1,52,0,33.161023875,35.64556372,27/05/2025,58,0.6670752599141052,0.010782860569054394,0.6582148097139063,1.032770274705272,0.5185484058084762,2.9649869772292354,805.2222222222222,0.5205882352941177,0.2508680555555555
1,53,0,33.160968185,35.645311618,27/05/2025,58,0.695817592624103,0.008729690666951125,0.6849460076451768,1.043116430565058,0.5272208347418903,4.6756874400108615,766.3333333333334,0.2828946027475439,0.1154513888888889
1,54,1,33.160917117,35.6450801,27/05/2025,58,0.6907531767784916,0.01020165731846856,0.681996994281615,1.0350626705814987,0.521613829847642,2.534479625667783,787.4444444444445,0.6520833333333333,0.2821180555555556
1,55,1,33.160866638,35.644850175,27/05/2025,58,0.6800748552435991,0.004988091045291484,0.6642787970326919,1.0598355763535827,0.5043514540536999,3.247575704662986,806.7777777777778,0.5310620235620235,0.2048611111111111
1,56,1,33.160810095,35.644588563,27/05/2025,58,0.6672246526305786,0.008514411964481702,0.6530236218199791,1.0519529718720562,0.5086503744011952,3.5986693980937767,815.2222222222222,0.45638197586727003,0.1579861111111111
1,57,1,33.160743152,35.64436066,27/05/2025,58,0.6845888026392433,0.005156341869590002,0.6670636811053188,1.0666482420783323,0.5179090663215804,3.966873115296189,804.0,0.40320512820512816,0.1605902777777778
1,58,1,33.160689237,35.644118827,27/05/2025,58,0.7026491348488045,0.006727387801917157,0.6785474898438557,1.0968971908752017,0.5321010035946608,4.270512835516972,787.2222222222222,0.1947133219192043,0.12152777777777779
1,59,1,33.160635753,35.643873842,27/05/2025,58,0.705286173696748,0.006490295492404937,0.6823273994691637,1.0928261902492507,0.5252421566514174,4.403501365713555,789.7777777777778,0.4531862745098039,0.13368055555555555
1,60,1,33.160585255,35.643639628,27/05/2025,58,0.6972391590715019,0.008153484075995032,0.6763181100990403,1.083269682215915,0.5325857510086407,3.793911130008381,801.2222222222222,0.5020833333333333,0.14149305555555558
1,61,1,33.160529465,35.643396377,27/05/2025,58,0.6880995775882086,0.005517542437251987,0.6737943536312831,1.0550589229994312,0.5303365594340382,4.164602669685038,812.6666666666666,0.41200980392156866,0.13454861111111113
1,62,1,33.160478112,35.643155417,27/05/2025,58,0.6684851086531018,0.004239780894341476,0.654066681767643,1.0528326070997194,0.5063648848038037,3.458429099751109,829.1111111111111,0.48112745098039217,0.1623263888888889
1,63,0,33.160426752,35.642917528,27/05/2025,58,0.6677124714101572,0.015919404641263492,0.6617886808323262,1.0226064986941794,0.5223407299973019,5.0901998765158565,802.5555555555555,0.14004759284171048,0.10416666666666669
1,64,1,33.160374338,35.64267693,27/05/2025,58,0.6927673204408585,0.005279256551930386,0.6777193657057552,1.0585260672070547,0.5228064244096862,3.254859712089615,809.7777777777778,0.545343137254902,0.1918402777777778
1,65,1,33.160321667,35.642433553,27/05/2025,58,0.7072065962737829,0.0068932244944245385,0.6768876499582248,1.1244061161231247,0.5304955267041257,2.68012332660786,806.2222222222222,0.65625,0.21874999999999994
1,66,1,33.160267302,35.642186545,27/05/2025,58,0.6973243928853815,0.00734742719175753,0.6778156296630238,1.0773123411572465,0.5337176635449838,4.611033209849189,798.3333333333334,0.40784313725490196,0.12239583333333334
1,67,1,33.160215403,35.641953228,27/05/2025,58,0.6838171868256856,0.006925275564035324,0.6775563944279223,1.024053371802808,0.5250292326613414,3.437907291846956,804.1111111111111,0.45865384615384613,0.15104166666666669
1,68,1,33.160160902,35.641708345,27/05/2025,58,0.6589409829199115,0.009703172855730654,0.6671296842992128,0.9715392975484575,0.5193045720622975,4.240341670172532,829.5555555555555,0.4319381598793364,0.1293402777777778
1,71,0,33.15991125,35.64199894,27/05/2025,58,0.6895357692056676,0.011245794211199634,0.6815074743300636,1.0324146338335256,0.5295097805521672,4.776828126933223,777.5555555555555,0.18461737492386882,0.11545138888888891
1,72,0,33.159965595,35.642245682,27/05/2025,58,0.701956402369786,0.006594593092818715,0.6836101115888272,1.073702237682142,0.5508909429106565,3.5923541066775266,791.8888888888889,0.35441176470588237,0.15538194444444445
1,73,0,33.160023748,35.642498748,27/05/2025,58,0.7043800694601375,0.008824213212594854,0.6832372505769873,1.0852890362637182,0.5377633059998651,3.816878720708277,784.4444444444445,0.44040346907993966,0.1371527777777778
1,74,1,33.160092528,35.642816152,27/05/2025,58,0.6897562577098036,0.0050556123060056775,0.6832126235664001,1.0254040951627312,0.532233500582156,3.1486850162569406,779.2222222222222,0.46875,0.1953125
1,75,1,33.16014033,35.643049575,27/05/2025,58,0.6420759945561109,0.02185977330825304,0.6395611281733844,1.0107628609547068,0.4907844319182466,4.846251836004468,776.3333333333334,0.14739330130273634,0.1076388888888889
1,76,0,33.160202665,35.643323637,27/05/2025,58,0.6523453261818493,0.013451081603297914,0.6498497843876865,1.0095713577392469,0.5079258180319888,3.9821575474056425,817.7777777777778,0.21966767347518656,0.18402777777777776
1,77,0,33.160255515,35.64356091,27/05/2025,58,0.6743075332261019,0.01223797002061858,0.6685510859963076,1.0218009900788232,0.5164317304233034,3.9167568998467095,796.8888888888889,0.3812877073906486,0.14583333333333337
1,78,0,33.16030711,35.643799343,27/05/2025,58,0.6983884852043504,0.005765586308916158,0.6768133417241731,1.0858568890056004,0.5322466534087021,4.027292584668899,797.7777777777778,0.5020833333333333,0.1857638888888889
1,79,0,33.160359295,35.644039982,27/05/2025,58,0.6835032127393792,0.007950249919857868,0.6668830526791631,1.0639515958139614,0.5221911831113256,3.0311835807481358,780.6666666666666,0.59375,0.23177083333333331
1,80,0,33.16041425,35.644280253,27/05/2025,58,0.6768652363415675,0.00598158751004052,0.6611197372465328,1.0589464265318655,0.5048089400137138,3.454172272078755,796.6666666666666,0.36041666666666666,0.19791666666666666
1,81,0,33.160462468,35.644512675,27/05/2025,58,0.652171479828098,0.013036173802738943,0.6571470023598329,0.9835364340468816,0.5116736672000343,5.0485332098491895,790.5555555555555,0.29730392156862745,0.1076388888888889
1,82,0,33.160514765,35.644741153,27/05/2025,58,0.6619296422378308,0.005720332067281641,0.6580732227287306,1.0138941184313035,0.508308516616271,3.2528363473510487,803.0,0.4823623680241327,0.2074652777777778
1,83,1,33.160565533,35.644975222,27/05/2025,58,0.679479129422963,0.011006306732315323,0.6711629815602224,1.0324957416764602,0.5203531714833038,4.381866543182522,809.6666666666666,0.37152149321266964,0.14409722222222224
1,84,1,33.160615463,35.645209277,27/05/2025,58,0.6714131194112124,0.009904288127831907,0.6669539001518874,1.0168094693928293,0.5159843972049419,3.642226962994476,814.1111111111111,0.41851101667278134,0.17708333333333334
1,85,1,33.16066841,35.645444015,27/05/2025,58,0.6599874856398198,0.009986206239890282,0.6576463646342617,1.0090919771835722,0.508147979601504,4.015336064760444,809.7777777777778,0.387697963800905,0.14409722222222224
1,86,1,33.160720382,35.645692387,27/05/2025,58,0.6144595987932091,0.021612609154234855,0.6382913187846835,0.9256091609550795,0.4817192915793352,4.846251836004467,765.8888888888889,0.16359355907060352,0.1076388888888889
1,89,0,33.160266512,35.645112597,27/05/2025,58,0.6221472640516333,0.02170128990469207,0.628984545701137,0.9793141414793103,0.4767481773438937,5.063314583693911,840.0,0.21515638375932492,0.11197916666666669
1,90,1,33.160211572,35.644867212,27/05/2025,58,0.6663487189281084,0.008756841832990433,0.6553513542826768,1.0400558135588762,0.5034682789678693,4.5736750035058655,816.4444444444445,0.2964949961273491,0.11197916666666669
1,91,0,33.160160582,35.644633925,27/05/2025,58,0.6223005246782777,0.009847904094913302,0.6381856605407105,0.9492250643850279,0.48289810021351187,3.4758456951388417,814.1111111111111,0.4916666666666666,0.1953125
1,92,1,33.160110772,35.644403592,27/05/2025,58,0.6807241823699839,0.006920477994593783,0.6706060571021811,1.0382286968501846,0.5161747676691131,4.099774142702669,799.1111111111111,0.32888386123680236,0.15104166666666666
1,93,1,33.160057588,35.644164157,27/05/2025,58,0.6926340901550158,0.004083630249787008,0.6852708432001733,1.0285799393960424,0.5354664270360114,4.001426440498355,785.5555555555555,0.4649509803921569,0.1449652777777778
1,94,1,33.160003118,35.64391539,27/05/2025,58,0.6924461393600018,0.004760214941638094,0.6792581179800183,1.051359915079411,0.5270949707527983,2.626736765917564,795.5555555555555,0.6541666666666667,0.2690972222222222
1,95,1,33.159952528,35.643679232,27/05/2025,58,0.7001400655277009,0.004920518753792515,0.6814221839208084,1.0744362385972674,0.5428945868761083,4.360568752113511,810.2222222222222,0.31348039215686274,0.11805555555555555
1,96,1,33.159900615,35.64344177,27/05/2025,58,0.6841489754177085,0.010038422317084645,0.670649449441645,1.051917421713355,0.5284946525281553,4.472794209361695,808.0,0.28161764705882353,0.12152777777777778
1,97,1,33.159848477,35.643206347,27/05/2025,58,0.6564370542534322,0.024702725682684383,0.6417770169415693,1.053584891360603,0.4883224959934008,4.675687440010859,812.0,0.1582987912647202,0.1154513888888889
1,98,1,33.159795493,35.642962257,27/05/2025,58,0.6978177017949482,0.011247058686795267,0.6803158018264628,1.0707429515333342,0.533020565869955,3.760430680196888,800.8888888888889,0.35434424809424814,0.13628472222222224
1,99,1,33.159742288,35.642722712,27/05/2025,58,0.702909255239637,0.005713047280545078,0.6862667164381677,1.0668819466671906,0.5421686270818573,4.846251836004467,803.7777777777778,0.18861802413273002,0.1076388888888889
1,100,0,33.15968937,35.642477,27/05/2025,58,0.7009088628964014,0.003932755551643141,0.6809364980958823,1.0797857396605677,0.5272695600966884,3.1176705313986384,800.2222222222222,0.6708333333333334,0.22395833333333337
1,101,1,33.159635603,35.642232272,27/05/2025,58,0.6784226900495249,0.008840484104254788,0.669515193871476,1.0335661889415815,0.5223271495949452,3.988683766964757,831.5555555555555,0.351593137254902,0.15538194444444448
1,102,0,33.159582878,35.641992193,27/05/2025,58,0.5502575751033115,0.043603197550992276,0.5987284240113341,0.8679877115775381,0.45614546276977347,5.0485332098491895,876.6666666666666,0.20250932493579554,0.10763888888888891
1,105,1,33.159348135,35.642439938,27/05/2025,58,0.7125820859421585,0.010433950636413942,0.6911062724228526,1.0888980814203082,0.5348773863563933,4.584686074297307,796.4444444444445,0.22691543353308058,0.1371527777777778
1,106,1,33.159400735,35.642679832,27/05/2025,58,0.7318234163704003,0.0052673253936388826,0.7029304139358138,1.127000332662412,0.5437276326886268,3.499557609147715,778.1111111111111,0.43124999999999997,0.16927083333333334
1,107,1,33.159453582,35.64291647,27/05/2025,58,0.7284205140775846,0.004860883134700961,0.7031325389511198,1.110008693345051,0.5470161169112353,4.530725856260162,771.3333333333334,0.3707107843137255,0.13368055555555555
1,108,1,33.159506357,35.643162467,27/05/2025,58,0.706802214296697,0.007910402472907575,0.6834303220239311,1.0950699314814356,0.5326085713796476,5.063314583693911,793.2222222222222,0.22228924253135157,0.11197916666666669
1,109,1,33.159556128,35.643414448,27/05/2025,58,0.6445488409075164,0.019361002826778353,0.6460964499822635,0.996657580250729,0.49271881849904076,4.818494793599889,796.6666666666666,0.2263026884350414,0.11197916666666669
1,110,1,33.159613697,35.643651843,27/05/2025,58,0.692717912813262,0.004844625582853862,0.6872000273397533,1.021669016797702,0.521351780296445,3.8308620445047485,788.3333333333334,0.4890760670172435,0.1371527777777778
1,111,1,33.15966682,35.643892862,27/05/2025,58,0.7161166240865788,0.009292756741135364,0.6896906902281996,1.1109104964670808,0.539779178592933,4.549815690428226,798.8888888888889,0.33857644409114995,0.1154513888888889
1,112,1,33.159719498,35.644131545,27/05/2025,58,0.6918790718760305,0.008993031779102852,0.6827583833764551,1.0359640039218718,0.5191481017763987,4.346251836004466,796.6666666666666,0.3128676470588236,0.1597222222222222
1,113,1,33.159773107,35.644375108,27/05/2025,58,0.6791289841556758,0.00988648591858944,0.670318172381908,1.0333457760729223,0.507918263278554,4.294372148594611,807.8888888888889,0.3324584199584199,0.1371527777777778
1,114,0,33.159829127,35.644622533,27/05/2025,58,0.611950526616633,0.023246852768957698,0.6191941344927623,0.9777363109126989,0.4852489087136324,4.846251836004468,830.0,0.21077723085076025,0.1076388888888889
1,117,0,33.15940016,35.644173385,27/05/2025,58,0.6377623242108561,0.00845100133857882,0.647125087004606,0.9686649839066358,0.48486799688791293,4.490341670172533,808.6666666666666,0.3101476193387958,0.1189236111111111
1,118,0,33.15934708,35.643931,27/05/2025,58,0.6657377186080912,0.00566031932508496,0.6650310373475726,1.0029062600011607,0.4983472394672526,3.3977979311017488,803.6666666666666,0.5357578166401695,0.1701388888888889
1,119,0,33.159294962,35.643689105,27/05/2025,58,0.6970413339548336,0.0068494820676894275,0.6753329755727667,1.0857659292494413,0.5021207717046133,4.4486750035058655,797.0,0.2866704374057315,0.11545138888888891
1,120,0,33.159226015,35.643452487,27/05/2025,58,0.6621930159562277,0.029036238465888962,0.6587280970622893,1.0151827494951031,0.48740523657987,4.596251836004466,769.7777777777778,0.19275734803393255,0.11805555555555555
1,121,0,33.159170393,35.643204777,27/05/2025,58,0.7060777447075282,0.005598953330851796,0.6855910551856468,1.0835112626264976,0.5345661806153985,3.9567337940873823,779.3333333333334,0.3873774509803922,0.1371527777777778
1,122,0,33.159117593,35.642966563,27/05/2025,58,0.6971405765051518,0.0070529338021363555,0.6851104867974214,1.0483568686268876,0.508802992983338,2.639591741451466,795.5555555555555,0.6583333333333334,0.23697916666666669
1,123,0,33.159065415,35.64272392,27/05/2025,58,0.6770241213321886,0.012669884958213645,0.6663461497446712,1.0400253764312306,0.5038724643300491,4.346251836004466,803.8888888888889,0.20630187616719362,0.1284722222222222
1,124,0,33.159009202,35.642481325,27/05/2025,58,0.5124873628636271,0.046386426407205916,0.5574570678178664,0.88389874458306,0.4040854960029256,5.063314583693912,883.6666666666666,0.15671404822767807,0.11197916666666669
1,127,0,33.158804015,35.642959248,27/05/2025,58,0.6958132885251271,0.016413918571995995,0.6751639659060638,1.0815105736687516,0.526051256293371,5.0485332098491895,808.2222222222222,0.20129759284171048,0.1076388888888889
1,128,0,33.158857932,35.643206732,27/05/2025,58,0.715639923635225,0.010364267859073096,0.6945504992029748,1.0881274143392243,0.5275194172824464,4.819366543182523,786.5555555555555,0.273538838612368,0.1154513888888889
1,129,1,33.158909628,35.643437948,27/05/2025,58,0.7097710109127658,0.0033798902956425586,0.6799826679414918,1.1224286308918114,0.5242225559156011,4.188461982762677,811.5555555555555,0.4208333333333333,0.13802083333333334
1,130,1,33.1589613,35.643677962,27/05/2025,58,0.684339155643902,0.0073389289000597765,0.6763365284925847,1.0309310191063437,0.5118446859023228,3.8953909424810482,782.5555555555555,0.2721813725490196,0.15798611111111113
1,131,1,33.159013632,35.643919578,27/05/2025,58,0.6316153557256482,0.016568461920479713,0.6375265790450388,0.9812544784689597,0.47613284141132234,3.898468554876343,829.2222222222222,0.42609529778647426,0.13368055555555555
1,134,0,33.158667682,35.643592803,27/05/2025,58,0.6186961579339605,0.01570675102939935,0.6283728069146158,0.9705122050650267,0.4627541420421141,4.619239399499472,801.2222222222222,0.3332107843137254,0.1076388888888889
1,135,0,33.15861547,35.643348467,27/05/2025,58,0.620685308708488,0.011533131856170175,0.634124170288667,0.9569007272090698,0.461585192765075,4.430255793112394,802.3333333333334,0.25351769190004486,0.1371527777777778
1,136,0,33.158563075,35.643114235,27/05/2025,58,0.5634554006597927,0.019168203374278017,0.5929442930847103,0.9154754666514323,0.4298953921966565,4.846251836004468,826.8888888888889,0.22178722840487547,0.10763888888888891
1,137,0,33.158525578,35.642949565,27/05/2025,58,0.48112782435349083,0.03532703105041124,0.529365693639299,0.8799758640821135,0.3704551799129594,4.159037234815499,602.0,0.18767877368168176,0.15104166666666666
2,2,1,33.161904167,35.64655731,01/06/2025,53,0.6122560992882463,0.004187278341213486,0.5986236836158858,1.0440502704437524,0.5052810773950597,3.9090372348154983,622.6666666666666,0.34587618427945477,0.16145833333333331
2,3,1,33.161851242,35.646311857,01/06/2025,53,0.6568048455186157,0.007202636595764588,0.6281981099544841,1.1023461269873034,0.522907934155692,4.819366543182522,931.8888888888889,0.23432106314459258,0.1154513888888889
2,4,1,33.161798215,35.64607068,01/06/2025,53,0.6885653501622073,0.002460032457825751,0.6532241776916689,1.1374265259973608,0.5513580789621331,2.8616450666536317,934.3333333333334,0.47916666666666663,0.2152777777777778
2,5,1,33.161739218,35.645799122,01/06/2025,53,0.6323850044866302,0.009641567383771903,0.6155858772626464,1.056795958145078,0.5028747197597954,4.802694271103769,916.5555555555555,0.35989997350291464,0.1267361111111111
2,6,1,33.161683657,35.645553007,01/06/2025,53,0.67804883288921,0.0037361310354832745,0.6489237878307741,1.1097495686531402,0.5410756259643154,3.468336958250496,915.2222222222222,0.53125,0.17274305555555558
2,7,1,33.16163386,35.64532035,01/06/2025,53,0.6851922461233078,0.0032022744172418957,0.6566523986807824,1.1094711128275143,0.5538297282112491,3.0666188279300863,921.2222222222222,0.6191176470588236,0.1953125
2,8,1,33.161579802,35.645072175,01/06/2025,53,0.6798369217466161,0.007126703753058992,0.6476442159315351,1.1224046175739537,0.5397138393410464,4.36923939949947,923.3333333333334,0.30902149321266964,0.11805555555555555
2,9,1,33.161522608,35.64481208,01/06/2025,53,0.6770965227620339,0.0073912148733788745,0.6508871041240822,1.0990567627551178,0.5373475666818579,4.4486750035058655,926.1111111111111,0.40436463046757165,0.12239583333333336
2,10,1,33.161467852,35.644562685,01/06/2025,53,0.6807424879441445,0.005786584379216234,0.6478593650390123,1.12519455016562,0.5407337847289945,3.415214526489481,957.0,0.4666666666666667,0.16319444444444442
2,11,1,33.161407923,35.644284105,01/06/2025,53,0.6147155063144527,0.010779071877237785,0.5992892144183236,1.0510483602207532,0.49396597947458976,3.6889264404983546,974.8888888888889,0.44583333333333336,0.16319444444444445
2,12,1,33.161350028,35.644022393,01/06/2025,53,0.6771354459823251,0.009562239001346931,0.6478294541638535,1.1112393644059477,0.5434269487882656,3.1521706916329766,961.4444444444445,0.5229166666666667,0.22395833333333331
2,13,2,33.161296493,35.643780253,01/06/2025,53,0.6795610753908714,0.010594145271626889,0.6437372916916789,1.1371627235774076,0.5436690330412511,3.2355040249663087,984.3333333333334,0.40208333333333335,0.21006944444444448
2,14,2,33.161295503,35.64377286,01/06/2025,53,0.6795610753908714,0.010594145271626889,0.6437372916916789,1.1371627235774076,0.5436690330412511,3.2355040249663087,984.3333333333334,0.40208333333333335,0.21006944444444448
2,15,2,33.161237957,35.64351069,01/06/2025,53,0.6674254008203334,0.005315900985187155,0.6369735088240254,1.1121083004883465,0.5234121555758748,3.5069776451728565,1012.6666666666666,0.4895833333333334,0.18055555555555558
2,16,2,33.161181847,35.643255147,01/06/2025,53,0.6541183287129919,0.009284088368553546,0.6369109221790792,1.0611931846725566,0.5185118155078934,4.186772210336683,984.7777777777778,0.2874383433206963,0.12586805555555555
2,17,2,33.161125505,35.643000462,01/06/2025,53,0.66407739392383,0.00770434616114846,0.6312675545335806,1.1200180678897251,0.5226593502302714,4.5587462305923765,994.6666666666666,0.2992871264930088,0.13020833333333334
2,18,2,33.161070167,35.642742588,01/06/2025,53,0.62580022808762,0.02752299707059877,0.6111331821573613,1.0501853273327595,0.49352726109351497,5.0485332098491895,997.5555555555555,0.10890704299940489,0.1076388888888889
2,19,1,33.161016097,35.642499303,01/06/2025,53,0.6589933379623699,0.006500194854841338,0.6399308769155422,1.068417131161219,0.5119467124063913,4.431739399499471,970.1111111111111,0.3348039215686274,0.11892361111111112
2,20,1,33.160961333,35.642243133,01/06/2025,53,0.6705996714122592,0.005678494154631906,0.6483719614588085,1.0821673602220971,0.531161901092511,3.258206189650282,979.3333333333334,0.5291666666666666,0.1953125
2,21,1,33.160905407,35.641989658,01/06/2025,53,0.661762013627007,0.006403612617577197,0.6377848190935964,1.0868898749157667,0.5260726107822027,4.034159127851423,990.6666666666666,0.3477941176470588,0.14583333333333334
2,22,1,33.160851472,35.641743378,01/06/2025,53,0.6702112139570509,0.007057531576914789,0.6408721412563656,1.1086059523724576,0.5210968944622583,3.9166315676613377,1007.2222222222222,0.36540346907993965,0.1579861111111111
2,23,1,33.160796293,35.64149581,01/06/2025,53,0.65477878897624,0.005154767288217602,0.6335155638443458,1.075692022145585,0.5151083911091479,4.430386658535499,1008.7777777777778,0.2503277957904931,0.11892361111111113
2,24,2,33.16074556,35.641261182,01/06/2025,53,0.6265594943136756,0.007954487401477708,0.6182131527124685,1.027903799669714,0.4956142379499451,4.663320189106001,683.6666666666666,0.22951850369329796,0.125
2,26,2,33.160473993,35.641542365,01/06/2025,53,0.631198864931022,0.004636314021505978,0.611467916903007,1.0665705862049955,0.4991504264421557,2.4150820599849467,1035.3333333333333,0.6479166666666667,0.2829861111111111
2,27,2,33.160527985,35.641783753,01/06/2025,53,0.6347411351408316,0.005198063536923189,0.6207022149599128,1.0477660852321444,0.5035449221663505,1.66524175848515,991.5555555555555,0.7708333333333333,0.4114583333333333
2,28,1,33.160582947,35.642029865,01/06/2025,53,0.6487057468520031,0.009063511406883539,0.6256994232084065,1.0809212175390872,0.5158952249847959,3.7335581526199153,997.8888888888889,0.37536764705882353,0.1484375
2,29,1,33.160636005,35.642282955,01/06/2025,53,0.6552937750745671,0.004626008680524976,0.6282383882145006,1.0964876147195008,0.5119722598182711,3.6650891943041093,992.4444444444445,0.42291666666666666,0.16493055555555555
2,30,1,33.160695432,35.642537193,01/06/2025,53,0.6558547832734287,0.00657328373730116,0.6304216073138065,1.090827668833294,0.5261168994160201,3.8988242140723095,986.3333333333334,0.35625,0.15104166666666669
2,31,1,33.16074675,35.642782475,01/06/2025,53,0.5735980411139778,0.019208917426119885,0.583329779905985,0.9714512146434787,0.4600076640683869,4.186772210336683,1007.7777777777778,0.2702600790836085,0.12586805555555555
2,32,1,33.160798315,35.6430323,01/06/2025,53,0.6175134702847775,0.010827192602009242,0.6100079413840936,1.0248138719439253,0.4986138555410021,5.063314583693912,977.1111111111111,0.23431173820879705,0.11197916666666669
2,33,2,33.160855323,35.643279252,01/06/2025,53,0.6545873570041272,0.004448607685155695,0.6208759111431292,1.1206696757467929,0.5164923523987868,3.8988242140723095,997.7777777777778,0.3708333333333333,0.15104166666666669
2,34,2,33.160907978,35.643522723,01/06/2025,53,0.6595265286893042,0.005981034700929556,0.6297084135684237,1.1076926347546994,0.5079995092604747,4.353846168850305,971.2222222222222,0.27470776772247363,0.125
2,35,1,33.160966438,35.643779155,01/06/2025,53,0.6611044185284437,0.004996068235830912,0.6356637145460102,1.0918939514394428,0.5170432116775625,3.572331588637416,954.7777777777778,0.40367647058823525,0.16319444444444448
2,36,1,33.161020612,35.644023725,01/06/2025,53,0.6697399916003131,0.0055198203076809,0.6413415372053118,1.1049561423172247,0.5342223927985688,4.619239399499472,953.3333333333334,0.3260558069381599,0.1076388888888889
2,37,1,33.161071323,35.644271332,01/06/2025,53,0.6373825432383945,0.010980589036440464,0.6182476892450939,1.065834895862725,0.5040516951834833,4.346251836004467,947.3333333333334,0.2969362745098039,0.1284722222222222
2,38,1,33.161126305,35.644519178,01/06/2025,53,0.641762906115407,0.005027712262582459,0.6193480920877626,1.0775459142675377,0.5148295397405536,4.353846168850305,949.8888888888889,0.33125,0.125
2,39,1,33.16118263,35.644765113,01/06/2025,53,0.6685295883411703,0.012696138660507327,0.6369949786047645,1.1174171968752713,0.5317975181277989,4.562907291846955,941.1111111111111,0.35019796380090495,0.13368055555555555
2,40,1,33.161234052,35.645006792,01/06/2025,53,0.6695879236460771,0.00342457804190358,0.641627563675914,1.1031271073621143,0.5371851728121093,4.0597653792437765,941.8888888888889,0.35821078431372544,0.140625
2,41,1,33.16128798,35.64524954,01/06/2025,53,0.6820607811305215,0.0051773326343673,0.6527475660639783,1.111608282794298,0.5468079061904423,4.230128649429343,920.7777777777778,0.36804298642533934,0.1189236111111111
2,42,1,33.161338072,35.645487483,01/06/2025,53,0.6761088520557421,0.005695100636079966,0.6461215385081057,1.1126406754821696,0.5396218190192481,3.7306502730537434,932.2222222222222,0.44117647058823534,0.140625
2,43,1,33.161391438,35.645724168,01/06/2025,53,0.6734275456082138,0.008883643741567438,0.6434161574174021,1.112225867222801,0.5331510413412845,4.823527604437102,941.8888888888889,0.24201546003016594,0.11892361111111113
2,44,1,33.161451178,35.645987818,01/06/2025,53,0.6420741101964563,0.009118347504929429,0.6204556419765705,1.0746848511588598,0.5140089250906696,4.638589126445729,928.3333333333334,0.2406114202437732,0.11458333333333334
2,45,1,33.161502477,35.646226487,01/06/2025,53,0.6544596131048965,0.011797052104494858,0.6283934664406889,1.093900704594165,0.5133142229538217,3.573194012124527,931.7777777777778,0.525,0.15190972222222224
2,46,1,33.161554907,35.646464875,01/06/2025,53,0.630593864808444,0.013817028867925909,0.6142150525057519,1.0554961272598318,0.5027351364997363,4.240341670172532,931.8888888888889,0.2792481961599609,0.1293402777777778
2,47,1,33.161614685,35.646747965,01/06/2025,53,0.5701635597501924,0.02204485324045166,0.568549375536,1.005807446548506,0.44564355365186453,3.9785862760721145,837.7777777777778,0.2812784907418316,0.11892361111111112
2,50,1,33.161134613,35.646068373,01/06/2025,53,0.5869397133020038,0.013423601021163585,0.5860294405311006,1.0034951225500626,0.47267546160706203,4.611033209849189,930.4444444444445,0.2719513574660633,0.12239583333333334
2,51,1,33.161079387,35.64581745,01/06/2025,53,0.640108935451063,0.011258609204192242,0.6119504453474874,1.0976295520067731,0.5002621242039281,3.494893489628405,952.4444444444445,0.39143277893277895,0.1814236111111111
2,52,0,33.161023875,35.64556372,01/06/2025,53,0.6498137188330104,0.00480916543885453,0.6252932837330365,1.0862686236469545,0.5067174873669502,3.725820189106,940.0,0.49583333333333335,0.1605902777777778
2,53,0,33.160968185,35.645311618,01/06/2025,53,0.6658908675967141,0.0053493253097146145,0.6362844161644294,1.108328789252552,0.5142369943604611,3.78619146497717,926.4444444444445,0.39534313725490194,0.15885416666666669
2,54,1,33.160917117,35.6450801,01/06/2025,53,0.6757427124920254,0.0028777640613501456,0.6432769756180219,1.1220123005167115,0.5380167906768533,4.152235418780177,944.2222222222222,0.35036764705882345,0.140625
2,55,1,33.160866638,35.644850175,01/06/2025,53,0.6661554318602924,0.009728728423538141,0.6346964848320827,1.116231262729152,0.5257737549950421,3.834686074297305,945.8888888888889,0.46825980392156863,0.1597222222222222
2,56,1,33.160810095,35.644588563,01/06/2025,53,0.6395187380653335,0.01985118590611738,0.6191749381820371,1.0708790536486226,0.5080532096776534,4.017617721195771,942.8888888888889,0.25078452506731197,0.13368055555555555
2,57,1,33.160743152,35.64436066,01/06/2025,53,0.6605383707440313,0.007936895619290922,0.6200996585442224,1.147629484027872,0.512917932446116,3.3168787207082775,936.3333333333334,0.5041666666666667,0.18055555555555555
2,58,1,33.160689237,35.644118827,01/06/2025,53,0.6718518117896799,0.007796656329563631,0.641695182455535,1.1124803243188799,0.5416725980104204,3.5500321518088245,938.6666666666666,0.44166666666666665,0.1909722222222222
2,59,1,33.160635753,35.643873842,01/06/2025,53,0.675416737636224,0.0054605638491660976,0.6418390048251944,1.126077249143486,0.5336751320783228,3.241677877490844,944.0,0.5833333333333334,0.2170138888888889
2,60,1,33.160585255,35.643639628,01/06/2025,53,0.6638750184912229,0.0044598517227552375,0.6338868017631206,1.1092022190203652,0.5284890483317571,3.68012332660786,953.7777777777778,0.36004901960784313,0.1684027777777778
2,61,1,33.160529465,35.643396377,01/06/2025,53,0.6612812115002425,0.004307939096756097,0.6345523548902957,1.0967211022304746,0.5182017309138135,2.8637255972809204,957.5555555555555,0.5895833333333333,0.234375
2,62,1,33.160478112,35.643155417,01/06/2025,53,0.6300313684357607,0.0069240015210987015,0.6163795383911417,1.0458757847653446,0.4979863049287543,3.490341670172532,977.5555555555555,0.47450980392156866,0.15538194444444448
2,63,0,33.160426752,35.642917528,01/06/2025,53,0.6463761478509435,0.013255669228198198,0.6255180527222989,1.0737897468729984,0.5162107419017739,4.663320189106001,967.0,0.2826263197586727,0.125
2,64,1,33.160374338,35.64267693,01/06/2025,53,0.6622584436389124,0.006925203020914458,0.6432078315558658,1.0692021521526978,0.5239139823545413,3.513203901482165,955.5555555555555,0.5682598039215686,0.1657986111111111
2,65,1,33.160321667,35.642433553,01/06/2025,53,0.663359575505013,0.009123361633622292,0.6289678397414087,1.1260720512152262,0.521960387244523,4.81849479359989,979.3333333333334,0.25799396681749626,0.11197916666666669
2,66,1,33.160267302,35.642186545,01/06/2025,53,0.6618306195899045,0.004986673996005526,0.6344078014894434,1.0994388243601196,0.5291037836006894,4.307874481009743,972.7777777777778,0.36394409114997345,0.13020833333333334
2,67,1,33.160215403,35.641953228,01/06/2025,53,0.6565907000713384,0.0065866027581254465,0.6328447777902824,1.0849830313138773,0.5187879763854781,4.473406066166137,972.7777777777778,0.3098039215686274,0.1154513888888889
2,68,1,33.160160902,35.641708345,01/06/2025,53,0.6342389154268554,0.007607652908852608,0.6206723281136297,1.0458371269540783,0.5001302603005606,3.688926440498354,986.0,0.36777903469079937,0.14930555555555555
2,71,0,33.15991125,35.64199894,01/06/2025,53,0.6428104257868587,0.004391108008236516,0.6268534313097418,1.055110114649092,0.5105574494909038,3.4793877652698146,955.4444444444445,0.4708333333333334,0.21180555555555558
2,72,0,33.159965595,35.642245682,01/06/2025,53,0.6457349531041343,0.005486415039626634,0.6239938604308034,1.0755926207486946,0.5152062298553578,2.861036648998637,958.2222222222222,0.5125,0.18836805555555555
2,73,0,33.160023748,35.642498748,01/06/2025,53,0.6601384098381143,0.00978397530685117,0.6294677518052761,1.1114972367341442,0.519917570904028,4.292829775237383,962.0,0.296075119236884,0.12673611111111113
2,74,1,33.160092528,35.642816152,01/06/2025,53,0.660591675111509,0.0037716948373582387,0.6366984614763239,1.086230678985429,0.5279360011432636,4.4303866585354985,948.5555555555555,0.3519702111613876,0.11892361111111112
2,75,1,33.16014033,35.643049575,01/06/2025,53,0.6184717738602911,0.021305077616336463,0.6033913641757143,1.0495764477122767,0.49381205519038374,5.292481250360577,947.3333333333334,0.07585730776378048,0.10416666666666669
2,76,0,33.160202665,35.643323637,01/06/2025,53,0.6164195706864225,0.006349770894226478,0.6019439886509839,1.0472500469459947,0.48787282628789225,3.7604306801968876,957.2222222222222,0.4457107843137255,0.1362847222222222
2,77,0,33.160255515,35.64356091,01/06/2025,53,0.6578028893378595,0.01190436933056003,0.6333161949797295,1.0881511166187052,0.5279061742720208,4.300424108083222,943.0,0.3272025702172761,0.13020833333333334
2,78,0,33.16030711,35.643799343,01/06/2025,53,0.6659757781942353,0.005555424933988228,0.6410730700204905,1.0911974110808218,0.5308559311562696,3.9215263787562824,940.0,0.4540441176470588,0.1449652777777778
2,79,0,33.160359295,35.644039982,01/06/2025,53,0.655337562240195,0.007967037474061097,0.6322003233655137,1.082907033937314,0.5267203134807955,3.8848925229268274,940.6666666666666,0.4160539215686274,0.1449652777777778
2,80,0,33.16041425,35.644280253,01/06/2025,53,0.6515276856019212,0.004716734646996196,0.6186171756085348,1.1172313689587088,0.5220927413888228,3.5486806089179543,951.8888888888889,0.49775641025641026,0.18055555555555558
2,81,0,33.160462468,35.644512675,01/06/2025,53,0.6313027577674286,0.01669107924667093,0.6161624846199056,1.0512266844957003,0.5058574249620722,4.819366543182522,948.1111111111111,0.20920671803024746,0.11545138888888891
2,82,0,33.160514765,35.644741153,01/06/2025,53,0.639755795492689,0.01114112183271538,0.6207015243069599,1.0658562413441144,0.5136099939891721,4.349467448142027,947.7777777777778,0.3145379825526885,0.12239583333333334
2,83,1,33.160565533,35.644975222,01/06/2025,53,0.6601160373265276,0.0026731531816289187,0.6332947753684257,1.0967031004371812,0.5261986804166738,3.3190457161149203,950.6666666666666,0.5625,0.16666666666666669
2,84,1,33.160615463,35.645209277,01/06/2025,53,0.6594089679543216,0.01328567378387081,0.6259783111581297,1.1225405119024487,0.5178529452907874,2.4842148111395685,964.3333333333334,0.6375,0.2803819444444444
2,85,1,33.16066841,35.645444015,01/06/2025,53,0.6426096416904742,0.004243673575468608,0.6195533762987996,1.079799033094773,0.5048448383028744,4.717354106677528,954.3333333333334,0.27221530920060333,0.11197916666666669
2,86,1,33.160720382,35.645692387,01/06/2025,53,0.6013658861058728,0.014763650692910356,0.5886514503798058,1.0407739046534301,0.47923211986787606,5.063314583693912,956.8888888888889,0.2463763197586727,0.11197916666666669
2,89,0,33.160266512,35.645112597,01/06/2025,53,0.6075553855024858,0.01632932691876403,0.6049407044814588,1.0089623957451355,0.48456280781768135,4.667481250360577,956.2222222222222,0.17234162895927602,0.125
2,90,1,33.160211572,35.644867212,01/06/2025,53,0.6473728410775278,0.003882910287323153,0.6315218658336632,1.055332865967417,0.5066235452831059,4.602303795493078,932.4444444444445,0.2063315294932942,0.11111111111111113
2,91,0,33.160160582,35.644633925,01/06/2025,53,0.6081899095637983,0.011879988277396737,0.6013069668110651,1.022564852481638,0.482138216487896,4.114555516547392,938.7777777777778,0.24953732012555543,0.15538194444444448
2,92,1,33.160110772,35.644403592,01/06/2025,53,0.6593412301702608,0.00560452126588582,0.6287176978469693,1.1106323683394312,0.5229771802030213,2.68514304294886,957.6666666666666,0.65625,0.23524305555555558
2,93,1,33.160057588,35.644164157,01/06/2025,53,0.6718093373615028,0.002297624688003152,0.6381516135151902,1.1252492025765917,0.5170735028910829,3.521388024249054,949.6666666666666,0.489093137254902,0.2048611111111111
2,94,1,33.160003118,35.64391539,01/06/2025,53,0.669379161172039,0.006464182085937987,0.642868966872555,1.0980837688048792,0.5327195813757899,2.2845300583088024,939.4444444444445,0.7395833333333333,0.3046875
2,95,1,33.159952528,35.643679232,01/06/2025,53,0.6638219982518078,0.0029402569401263986,0.6405812214305938,1.0844463900763248,0.5257074150966639,3.1387771577575547,940.8888888888889,0.5541666666666667,0.1918402777777778
2,96,1,33.159900615,35.64344177,01/06/2025,53,0.6514837558353347,0.0050233169516825,0.6248432797901569,1.0943378741920256,0.5100463365720754,4.193494793599888,962.3333333333334,0.432843137254902,0.1293402777777778
2,97,1,33.159848477,35.643206347,01/06/2025,53,0.6154556581005148,0.021231181248968074,0.6119806720787655,1.0122266495214354,0.4974145587200503,5.292481250360577,936.0,0.10583893778459953,0.10416666666666669
2,98,1,33.159795493,35.642962257,01/06/2025,53,0.6640455604897195,0.005099396184610483,0.6376535023757455,1.0961065935355867,0.5242835448796462,3.808021880078509,940.4444444444445,0.5149509803921568,0.14930555555555555
2,99,1,33.159742288,35.642722712,01/06/2025,53,0.6622021402878735,0.008528385941241334,0.6317761630256711,1.111230082050532,0.5231185874641553,3.46191400399336,966.0,0.5140931372549019,0.171875
2,100,0,33.15968937,35.642477,01/06/2025,53,0.656367670741282,0.0076225823333147865,0.6344508883207596,1.0787122074713378,0.522090099739143,2.9349805176698744,947.2222222222222,0.5645833333333333,0.1996527777777778
2,101,1,33.159635603,35.642232272,01/06/2025,53,0.6540669056688578,0.010727257657116119,0.6352836370201203,1.067229909032672,0.5240600386193911,4.469360937770434,971.0,0.3314609575638987,0.14236111111111113
2,102,0,33.159582878,35.641992193,01/06/2025,53,0.5116437336461034,0.03849789856441054,0.5442864163015604,0.9154669108568356,0.41631710017855184,4.223406066166138,1032.888888888889,0.23574151074151076,0.12586805555555558
2,105,1,33.159348135,35.642439938,01/06/2025,53,0.6613534678016507,0.006579291384393984,0.6317712424291373,1.1072224390764474,0.5227865862678175,4.544372148594611,955.7777777777778,0.35526960784313727,0.1267361111111111
2,106,1,33.159400735,35.642679832,01/06/2025,53,0.6807600792542996,0.0035309953029907097,0.6468139161085635,1.129303685146613,0.5375078564771897,3.3360994202994476,950.0,0.4911858974358974,0.17361111111111113
2,107,1,33.159453582,35.64291647,01/06/2025,53,0.6702966840450091,0.005929139871164826,0.6445756464693839,1.0952424964227856,0.5390200149464361,4.519641085934339,950.6666666666666,0.32985482654600307,0.11805555555555557
2,108,1,33.159506357,35.643162467,01/06/2025,53,0.6710622487288187,0.009464354896251758,0.6428067836416076,1.1051185087562791,0.5355204018042026,3.900285753575993,953.2222222222222,0.32252252252252245,0.1293402777777778
2,109,1,33.159556128,35.643414448,01/06/2025,53,0.6110321059477863,0.012338750587290039,0.5891540176292068,1.0713849989372852,0.4759750051654885,4.549815690428227,953.2222222222222,0.3489253393665158,0.1154513888888889
2,110,1,33.159613697,35.643651843,01/06/2025,53,0.653801850506013,0.005252065186364859,0.626543054282306,1.0971568541064063,0.49880387240455903,2.660862548155289,948.6666666666666,0.6041666666666667,0.24739583333333337
2,111,1,33.15966682,35.643892862,01/06/2025,53,0.6848255401790635,0.006688555724106627,0.6496150773499498,1.1361843049642428,0.5398235895828681,4.102303795493077,948.0,0.34950980392156866,0.13194444444444445
2,112,1,33.159719498,35.644131545,01/06/2025,53,0.670647477422016,0.006016369661297849,0.6373378484939282,1.1239395326850905,0.5172211080606743,3.899804762194655,954.5555555555555,0.4661764705882353,0.1328125
2,113,1,33.159773107,35.644375108,01/06/2025,53,0.6587659008147512,0.012231312897742982,0.6295350749887019,1.106413035434547,0.5125204831861324,2.9307901819817657,954.3333333333334,0.5354166666666667,0.19444444444444448
2,114,0,33.159829127,35.644622533,01/06/2025,53,0.5978584370348259,0.017143505391436897,0.5949378796851735,1.0096986054335213,0.4772317932567654,5.0485332098491895,970.2222222222222,0.19449650442297503,0.10763888888888891
2,117,0,33.15940016,35.644173385,01/06/2025,53,0.6273835115927854,0.010355861270999798,0.6117562815057854,1.0521516829783488,0.49594456013148375,4.473406066166138,948.8888888888889,0.301518741592271,0.1154513888888889
2,118,0,33.15934708,35.643931,01/06/2025,53,0.6436020901065178,0.006460592994553678,0.620043158309472,1.0818165066614298,0.518604166172138,3.4584290997511093,960.6666666666666,0.4375,0.1623263888888889
2,119,0,33.159294962,35.643689105,01/06/2025,53,0.6634554353780617,0.0023293911272766737,0.6355814691388727,1.101301965178818,0.5196526607116562,2.246507326436166,940.1111111111111,0.6395833333333333,0.27864583333333337
2,120,0,33.159226015,35.643452487,01/06/2025,53,0.6343564612244348,0.01811292631973263,0.6083250338005616,1.0896211901405795,0.4996837812157983,5.292481250360577,942.2222222222222,0.1290734449361587,0.10416666666666669
2,121,0,33.159170393,35.643204777,01/06/2025,53,0.6703301742014556,0.00385317601395992,0.6306644777524126,1.1478077145957362,0.5217855709387269,3.1991394612415434,950.0,0.49791666666666673,0.140625
2,122,0,33.159117593,35.642966563,01/06/2025,53,0.671305664884695,0.005728355375446534,0.634067953069901,1.1388206316451874,0.5266683371822674,4.186772210336683,963.8888888888889,0.373604826546003,0.12586805555555555
2,123,0,33.159065415,35.64272392,01/06/2025,53,0.6373179093308642,0.008854137130339668,0.6084957452518702,1.0992514900465826,0.5107825330559571,4.818494793599889,976.7777777777778,0.2621606334841629,0.11197916666666669
2,124,0,33.159009202,35.642481325,01/06/2025,53,0.4723302542665862,0.040312553346551316,0.47910954013083223,0.983843700640737,0.3589014996726769,5.06331458369391,1063.4444444444443,0.17226401561588076,0.11197916666666669
2,127,0,33.158804015,35.642959248,01/06/2025,53,0.6666903286958749,0.01202641594389797,0.6365132891380368,1.1112602563548664,0.5215739378755888,5.06331458369391,944.1111111111111,0.19626875178345765,0.11197916666666669
2,128,0,33.158857932,35.643206732,01/06/2025,53,0.6901770999896925,0.007405326244546994,0.6583758959134954,1.1243396551192388,0.5480941201165396,4.574546753088498,931.0,0.3152204863234275,0.1154513888888889
2,129,1,33.158909628,35.643437948,01/06/2025,53,0.6761433609109553,0.007951938677262243,0.6415560948952601,1.1305596194637675,0.5292126654129875,4.359898128338916,952.8888888888889,0.22680052790346908,0.11805555555555555
2,130,1,33.1589613,35.643677962,01/06/2025,53,0.6396764021681093,0.011164416281425386,0.6193825504690952,1.070352380806279,0.5005283414779846,5.0485332098491895,934.4444444444445,0.1916564754800049,0.1076388888888889
2,131,1,33.159013632,35.643919578,01/06/2025,53,0.6094544172044646,0.01726391336219723,0.5958030978736721,1.045014946587112,0.4879409617590517,3.943494793599888,990.3333333333334,0.30990940035057685,0.1605902777777778
2,134,0,33.158667682,35.643592803,01/06/2025,53,0.590798004618009,0.006827751474845077,0.5785492199865655,1.0382262500054915,0.47376949934387863,2.8061881477331987,965.1111111111111,0.6229166666666666,0.2170138888888889
2,135,0,33.15861547,35.643348467,01/06/2025,53,0.6111191709221732,0.009274501186453229,0.5954048914894828,1.0509650190556854,0.490505229545354,3.6918914859532483,951.3333333333334,0.4724358974358974,0.15885416666666666
2,136,0,33.158563075,35.643114235,01/06/2025,53,0.5657453420706848,0.014840383415204859,0.5614660638521651,1.0136800382796294,0.446964969911118,3.8571575474056425,977.2222222222222,0.38125,0.1701388888888889
2,137,0,33.158525578,35.642949565,01/06/2025,53,0.4627073758728338,0.0306457651550466,0.4909279778752773,0.9316716966802102,0.36958959803343044,3.932024798310503,690.4444444444445,0.21205032209644537,0.15104166666666666
3,2,1,33.161904167,35.64655731,05/06/2025,49,0.7050934599451627,0.009127412440471598,0.6990821400183697,1.0244177781063712,0.5438376043855744,4.147667065678643,462.44444444444446,0.3019982019762145,0.13628472222222224
3,3,1,33.161851242,35.646311857,05/06/2025,49,0.744637833670927,0.008305107809103169,0.7205323012289663,1.1102095644776127,0.564554759186884,4.709147917027246,690.4444444444445,0.29048453996983403,0.15104166666666669
3,4,1,33.161798215,35.64607068,05/06/2025,49,0.7642444142407054,0.004589328417519233,0.7357047371454289,1.1398919918695296,0.5798893995002015,3.4831183320952186,677.4444444444445,0.46862745098039216,0.17708333333333334
3,5,1,33.161739218,35.645799122,05/06/2025,49,0.7191969415206572,0.01008396573158117,0.7110970229700624,1.033891062110319,0.5591933832130502,4.532880086421832,666.8888888888889,0.3424778341690106,0.1189236111111111
3,6,1,33.161683657,35.645553007,05/06/2025,49,0.7725228601384255,0.007742595640281578,0.747139044470671,1.1285965443222976,0.5890651271193442,4.193231461672249,658.5555555555555,0.2749528657616893,0.1371527777777778
3,7,1,33.16163386,35.64532035,05/06/2025,49,0.7817203695617717,0.006545093584697266,0.7469881495283057,1.1827719636575582,0.5945166521717143,4.230519407630638,674.1111111111111,0.34210641637112227,0.12586805555555555
3,8,1,33.161579802,35.645072175,05/06/2025,49,0.7699128626928177,0.0052015934503930675,0.7394993464571403,1.15283731762756,0.5945199534759255,4.2633292336675375,688.7777777777778,0.3401489441930618,0.1189236111111111
3,9,1,33.161522608,35.64481208,05/06/2025,49,0.7725984703779578,0.005794133216439349,0.7475230874254986,1.1261737838845733,0.5898571816582125,4.087321295840315,679.1111111111111,0.3200613030148557,0.13802083333333334
3,10,1,33.161467852,35.644562685,05/06/2025,49,0.7637556927475352,0.0030165912218825513,0.7429043620403744,1.1013604635271355,0.5906085088879158,3.6502857535759934,694.6666666666666,0.5291666666666667,0.13975694444444445
3,11,1,33.161407923,35.644284105,05/06/2025,49,0.6966902004314784,0.01331190136746615,0.683295761806771,1.0533343899115462,0.5354801788180769,4.512918502671133,730.7777777777778,0.22952814184342163,0.11458333333333334
3,12,1,33.161350028,35.644022393,05/06/2025,49,0.7753053426088893,0.004179026224244672,0.7444383320367153,1.157811358803406,0.597618104578103,4.286967448142028,711.0,0.31720455749867515,0.14930555555555558
3,13,2,33.161296493,35.643780253,05/06/2025,49,0.7653657018715421,0.0069665629407687606,0.7369415102677883,1.140338256068666,0.5769431431694131,3.0489494740833263,725.4444444444445,0.5020833333333333,0.20486111111111113
3,14,2,33.161295503,35.64377286,05/06/2025,49,0.7653657018715421,0.0069665629407687606,0.7369415102677883,1.140338256068666,0.5769431431694131,3.0489494740833263,725.4444444444445,0.5020833333333333,0.20486111111111113
3,15,2,33.161237957,35.64351069,05/06/2025,49,0.7548327248761643,0.005926353570285649,0.724478537440843,1.1437705058019862,0.5558629225712237,4.263329233667537,755.6666666666666,0.4277714932126697,0.11892361111111112
3,16,2,33.161181847,35.643255147,05/06/2025,49,0.7439321465662492,0.006439801542071942,0.7261371756564672,1.081031585128995,0.5663369420066975,3.748400460754049,739.7777777777778,0.4856617647058824,0.1684027777777778
3,17,2,33.161125505,35.643000462,05/06/2025,49,0.7450043328769992,0.005396647218181024,0.7225661885967699,1.102720627313075,0.5676350873112291,2.8359813201213147,750.0,0.6474264705882352,0.3003472222222222
3,18,2,33.161070167,35.642742588,05/06/2025,49,0.7344886236087768,0.016549647833140082,0.7139188026072177,1.0917935755154775,0.5556063438210502,5.0901998765158565,748.2222222222222,0.14296854283386023,0.10416666666666669
3,19,1,33.161016097,35.642499303,05/06/2025,49,0.7562255907720408,0.003450624848422128,0.7284754341879646,1.1320597756658075,0.5765460009254257,2.8061881477331987,735.7777777777778,0.5166666666666666,0.2170138888888889
3,20,1,33.160961333,35.642243133,05/06/2025,49,0.76759472454284,0.008389748261291383,0.7371631349354941,1.15200025505624,0.5765353302743068,3.5110276044371003,736.0,0.4583333333333333,0.14409722222222224
3,21,1,33.160905407,35.641989658,05/06/2025,49,0.7553339252646009,0.006459955058172181,0.7323700315537788,1.1089640450782678,0.5679134665596677,3.1297949849424143,733.6666666666666,0.5541666666666666,0.18836805555555558
3,22,1,33.160851472,35.641743378,05/06/2025,49,0.7546537448015876,0.004760022390661671,0.7336393248538569,1.0991427050598415,0.5666115642998432,4.275693045422949,734.0,0.32091817496229263,0.13020833333333334
3,23,1,33.160796293,35.64149581,05/06/2025,49,0.7401959932209171,0.005446688359939046,0.7174016309336064,1.1023959190988903,0.5529021436943486,4.1591625670008705,756.4444444444445,0.3171097285067873,0.1232638888888889
3,24,2,33.16074556,35.641261182,05/06/2025,49,0.7165448209296065,0.007547689297030813,0.7085598518418849,1.0333654400977446,0.5340171620943613,4.159037234815497,518.2222222222222,0.2828709352217644,0.15104166666666669
3,26,2,33.160473993,35.641542365,05/06/2025,49,0.7136027838154301,0.0067347497478604836,0.7087647552039417,1.0205932380538214,0.5387436631315884,2.078838679766182,750.4444444444445,0.7708333333333333,0.359375
3,27,2,33.160527985,35.641783753,05/06/2025,49,0.7342916475266246,0.008991395975015812,0.7132322649156756,1.0942887263000372,0.5567091220054023,4.396647917027244,750.7777777777778,0.3644342872284049,0.17274305555555555
3,28,1,33.160582947,35.642029865,05/06/2025,49,0.7503777093429059,0.0038834580469237724,0.719119561427116,1.1459182361263773,0.560353584015377,1.789598901284349,744.6666666666666,0.8229166666666666,0.40885416666666663
3,29,1,33.160636005,35.642282955,05/06/2025,49,0.7461256940769276,0.005968036358467199,0.720801970262011,1.1161706341633473,0.5700027938836362,4.804585169337801,744.8888888888889,0.24525697077167669,0.11111111111111112
3,30,1,33.160695432,35.642537193,05/06/2025,49,0.7501652026498893,0.002666326089612133,0.727576658746398,1.1047557312661693,0.5669381703790398,3.3824047004525823,727.2222222222222,0.5645833333333333,0.16145833333333334
3,31,1,33.16074675,35.642782475,05/06/2025,49,0.6704222691761278,0.030581282225153564,0.6765948366116419,0.9833232407820228,0.5098744671267006,5.063314583693912,747.7777777777778,0.2152316419443392,0.11197916666666669
3,32,1,33.160798315,35.6430323,05/06/2025,49,0.7198978008175876,0.017867176260206806,0.7075387524960396,1.0535205682366824,0.5549893866993759,4.6985276044371,732.2222222222222,0.1668990729500055,0.11892361111111112
3,33,2,33.160855323,35.643279252,05/06/2025,49,0.7467739380670384,0.004497944003961496,0.7217950075577932,1.1147843373053146,0.5664979024302118,4.484289710683921,729.1111111111111,0.3355486425339367,0.12586805555555555
3,34,2,33.160907978,35.643522723,05/06/2025,49,0.7464676713026972,0.007653895660932014,0.7214466885330877,1.1150364052027422,0.565975803115583,3.906264013530221,727.6666666666666,0.2939573906485671,0.15104166666666669
3,35,1,33.160966438,35.643779155,05/06/2025,49,0.7544567960254156,0.004955647081699193,0.7326720823995758,1.102931199827052,0.5754609666683304,3.247575704662986,699.2222222222222,0.5625,0.2048611111111111
3,36,1,33.161020612,35.644023725,05/06/2025,49,0.7643997612277003,0.007000851346401978,0.7335414480193289,1.1525128752501843,0.5731061504874688,4.6756874400108615,703.4444444444445,0.3448773490685255,0.1154513888888889
3,37,1,33.161071323,35.644271332,05/06/2025,49,0.7300944984344242,0.011531058402635987,0.7126986801959242,1.075872813047707,0.5623049520916291,4.846251836004466,705.5555555555555,0.20560953487424075,0.1076388888888889
3,38,1,33.161126305,35.644519178,05/06/2025,49,0.7392947803473556,0.007887412921467095,0.7162021960095037,1.1036575645323232,0.5664504798660888,4.265072732832804,702.5555555555555,0.29444172679466796,0.12239583333333333
3,39,1,33.16118263,35.644765113,05/06/2025,49,0.7590000712285462,0.01025599391397028,0.7338434840403996,1.1217362918271208,0.5816171065281638,4.5587462305923765,690.6666666666666,0.30000056051526636,0.13020833333333331
3,40,1,33.161234052,35.645006792,05/06/2025,49,0.7665253748769978,0.004739713502067093,0.7371929716893606,1.145633159521338,0.5870559841314309,2.9150061931313047,686.1111111111111,0.53125,0.1875
3,41,1,33.16128798,35.64524954,05/06/2025,49,0.7665812368841826,0.002856794347534896,0.7345164890778143,1.158464455761642,0.58783917804875,4.385388849880725,691.0,0.2977469834087481,0.1371527777777778
3,42,1,33.161338072,35.645487483,05/06/2025,49,0.7668473348044286,0.007163159868063126,0.7423526085520213,1.1214605647852833,0.5894367936936162,3.1633456951388426,673.4444444444445,0.5897907239819005,0.20486111111111113
3,43,1,33.161391438,35.645724168,05/06/2025,49,0.7621584160172343,0.006934551411777073,0.7365032334838735,1.1248517946173295,0.5817625274597538,3.431796565388193,679.3333333333334,0.5229166666666667,0.1623263888888889
3,44,1,33.161451178,35.645987818,05/06/2025,49,0.7315757722201908,0.010788190893787531,0.7189443317393488,1.0561081110754802,0.5573302310708795,5.0901998765158565,680.1111111111111,0.152294079616533,0.10416666666666669
3,45,1,33.161502477,35.646226487,05/06/2025,49,0.739708123502439,0.006819196188738728,0.7207035961152735,1.0855099015449363,0.5592541979754118,4.017881053123411,690.6666666666666,0.46618589743589745,0.1640625
3,46,1,33.161554907,35.646464875,05/06/2025,49,0.715370453440001,0.009601955373552682,0.7033411496458669,1.0495478413931842,0.5406195619702389,5.063314583693911,689.2222222222222,0.2310273225714402,0.11197916666666669
3,47,1,33.161614685,35.646747965,05/06/2025,49,0.6454776402661077,0.017665311040688404,0.6477107669375571,0.9930528090978539,0.49930412846676714,5.063314583693912,652.5555555555555,0.1618816482025342,0.11197916666666669
3,50,1,33.161134613,35.646068373,05/06/2025,49,0.6500182710390159,0.01444162941853858,0.6633984723654403,0.9547201629647972,0.48583665854550684,4.2680987125771095,688.8888888888889,0.24561498715910476,0.11805555555555557
3,51,1,33.161079387,35.64581745,05/06/2025,49,0.7265169768460702,0.005421396112919675,0.7107655331425821,1.0675880093325019,0.5450450134037362,3.499557609147716,688.2222222222222,0.43333333333333335,0.16927083333333334
3,52,0,33.161023875,35.64556372,05/06/2025,49,0.735765260737911,0.008807887386591468,0.7184440308042054,1.0767677177584627,0.5595439053254526,4.393970462159743,690.7777777777778,0.35612745098039217,0.13368055555555555
3,53,0,33.160968185,35.645311618,05/06/2025,49,0.7562183849449982,0.010031139790803383,0.7322627942662611,1.1151803853641005,0.5751033723053534,5.090199876515856,682.1111111111111,0.1800999245852187,0.10416666666666669
3,54,1,33.160917117,35.6450801,05/06/2025,49,0.7688685858220066,0.0035391336756342663,0.7440536610061783,1.1235768965640986,0.588153783282112,3.0053241698252937,674.6666666666666,0.5833333333333334,0.1996527777777778
3,55,1,33.160866638,35.644850175,05/06/2025,49,0.7617530280058961,0.007183910767994425,0.7367758710596459,1.121355837692399,0.5768374292265608,4.558746230592377,681.6666666666666,0.38144796380090495,0.13020833333333334
3,56,1,33.160810095,35.644588563,05/06/2025,49,0.7241201645374604,0.011667767473722945,0.7178481500937377,1.0266524233120582,0.5633895959530443,3.4687640135302216,685.8888888888889,0.320673076923077,0.15017361111111113
3,57,1,33.160743152,35.64436066,05/06/2025,49,0.7504736174416895,0.004678889117330541,0.7303568586747762,1.0937628124895076,0.5688542485308448,3.624679502183638,675.5555555555555,0.5291666666666667,0.15885416666666669
3,58,1,33.160689237,35.644118827,05/06/2025,49,0.7589132858392631,0.004830041800962235,0.732251704649169,1.1280433271796844,0.5801568642795084,4.5587462305923765,691.1111111111111,0.44620098039215683,0.13020833333333334
3,59,1,33.160635753,35.643873842,05/06/2025,49,0.7611706134195142,0.007359745651060369,0.7341119844464199,1.1307491355440156,0.581590141040591,4.05068744001086,687.6666666666666,0.3117438649056296,0.1328125
3,60,1,33.160585255,35.643639628,05/06/2025,49,0.7628374960314735,0.004705684299195675,0.7371557739507342,1.1249538797777094,0.5861723019556937,3.9166315676613377,687.5555555555555,0.293563246504423,0.15798611111111113
3,61,1,33.160529465,35.643396377,05/06/2025,49,0.7539828286522918,0.005290821657052643,0.7291481111511869,1.1171858080710106,0.5733510577767066,2.254715752170299,707.0,0.7625,0.3706597222222222
3,62,1,33.160478112,35.643155417,05/06/2025,49,0.7274310611984918,0.005361656926749389,0.7107956336960238,1.0716285869797064,0.5695659964533986,4.163932045910443,734.4444444444445,0.4208333333333333,0.13802083333333334
3,63,0,33.160426752,35.642917528,05/06/2025,49,0.7406719430270432,0.01329091633941346,0.7241447182385072,1.0753177358655719,0.5572853166472824,4.846251836004468,704.3333333333334,0.206850006114712,0.1076388888888889
3,64,1,33.160374338,35.64267693,05/06/2025,49,0.7604568547525058,0.0035683381118049294,0.7330413182608927,1.13258441894462,0.5853777773421152,3.0957005842381937,709.1111111111111,0.6479166666666668,0.18836805555555558
3,65,1,33.160321667,35.642433553,05/06/2025,49,0.757097927264996,0.00356284326560831,0.7274680405368061,1.1414129812931586,0.5680533552136323,3.770105543670016,718.8888888888889,0.5104166666666667,0.18142361111111113
3,66,1,33.160267302,35.642186545,05/06/2025,49,0.755599782180828,0.005391498468594078,0.7255475502772475,1.1433001467869692,0.5720153339577573,4.434153522439333,722.8888888888889,0.3121247095511801,0.1328125
3,67,1,33.160215403,35.641953228,05/06/2025,49,0.7544694147538842,0.0023738748617497755,0.7299027993837063,1.1157997565100122,0.5738000647918188,2.9452887254061753,712.3333333333334,0.60625,0.2387152777777777
3,68,1,33.160160902,35.641708345,05/06/2025,49,0.7244403723148526,0.014497609345828675,0.7119856023361186,1.0549626072917595,0.5518231646403631,5.048533209849189,738.0,0.18464366515837102,0.1076388888888889
3,71,0,33.15991125,35.64199894,05/06/2025,49,0.722994934612327,0.008175320989790324,0.711761562386569,1.0477992403155065,0.5504950243580286,4.6811275426950285,722.6666666666666,0.2840250601280013,0.11458333333333334
3,72,0,33.159965595,35.642245682,05/06/2025,49,0.7415577531923068,0.005964331941583367,0.7205264438368093,1.0952553694623912,0.5663481058585943,3.599948439523366,719.3333333333334,0.47708333333333336,0.1519097222222222
3,73,0,33.160023748,35.642498748,05/06/2025,49,0.7556407300645537,0.0027103556107833204,0.7295082774738888,1.1238010414322606,0.5787251517975863,2.4652770151996863,708.0,0.4604166666666667,0.2925347222222222
3,74,1,33.160092528,35.642816152,05/06/2025,49,0.758702566649852,0.0034900481342787864,0.7308282956400467,1.1335851163832422,0.5827301003685766,4.369239399499471,701.0,0.3370098039215686,0.11805555555555555
3,75,1,33.16014033,35.643049575,05/06/2025,49,0.7324128359275943,0.017246942457552813,0.7178330696308238,1.0645053203777237,0.5659596022663826,5.292481250360577,678.1111111111111,0.14596779016981526,0.10416666666666669
3,76,0,33.160202665,35.643323637,05/06/2025,49,0.7185869267104374,0.014178529956951364,0.6996836931609894,1.0800059595841551,0.5590111607108768,5.0485332098491895,721.8888888888889,0.20129759284171048,0.1076388888888889
3,77,0,33.160255515,35.64356091,05/06/2025,49,0.7524392381016618,0.012490672662403857,0.7287163491886499,1.1128781473741023,0.5736545977539279,4.637918502671134,697.2222222222222,0.253674941910236,0.11458333333333334
3,78,0,33.16030711,35.643799343,05/06/2025,49,0.764275480066866,0.0031847098396062816,0.7411022542478695,1.1130074394354774,0.5888913947032007,3.499218483597409,677.6666666666666,0.5625,0.17534722222222224
3,79,0,33.160359295,35.644039982,05/06/2025,49,0.7446945913395964,0.007255039976515133,0.7233866826886347,1.098241116807509,0.5714449237608568,3.692009586131382,687.2222222222222,0.44297699849170435,0.1623263888888889
3,80,0,33.16041425,35.644280253,05/06/2025,49,0.737760708035569,0.007367099452524802,0.7187915093124998,1.0846411141846273,0.5697365796141116,4.433746230592377,699.0,0.37487745098039216,0.13020833333333334
3,81,0,33.160462468,35.644512675,05/06/2025,49,0.7245265559385624,0.004559709609361117,0.7153191768812626,1.039276941483283,0.5510740794071234,4.249272210336684,689.1111111111111,0.333578431372549,0.1267361111111111
3,82,0,33.160514765,35.644741153,05/06/2025,49,0.7333405856644738,0.010760292079889378,0.7144052787354729,1.0851172366118216,0.5627202883092336,2.918762129858187,701.7777777777778,0.53125,0.18229166666666669
3,83,1,33.160565533,35.644975222,05/06/2025,49,0.7531589192772552,0.008445673602667349,0.7320595586983814,1.0995369442886858,0.5847112937647855,4.3360388152612765,684.4444444444445,0.3469702111613876,0.14930555555555555
3,84,1,33.160615463,35.645209277,05/06/2025,49,0.7509738760938794,0.005163182658481088,0.7330522288264232,1.0829237425143876,0.5855932118161631,4.050424108083221,688.8888888888889,0.29129901960784316,0.140625
3,85,1,33.16066841,35.645444015,05/06/2025,49,0.7310757906026946,0.009046100505994177,0.7129595171264383,1.0787922018878784,0.5546510717037327,4.802694271103768,708.3333333333334,0.28507730015082955,0.1267361111111111
3,86,1,33.160720382,35.645692387,05/06/2025,49,0.6796536704757696,0.016797576353596806,0.6864375282105025,0.976296608641115,0.5195402561310047,5.0901998765158565,691.8888888888889,0.24224939447723054,0.10416666666666669
3,89,0,33.160266512,35.645112597,05/06/2025,49,0.6978535245940503,0.014154918848375173,0.6992968085860891,0.9947015275327096,0.5377445190948559,4.846251836004466,702.0,0.16717928335575394,0.1076388888888889
3,90,1,33.160211572,35.644867212,05/06/2025,49,0.737804707989161,0.0027964754965542436,0.7230969583002114,1.0651250845154872,0.5704057906390171,3.9963936296611426,692.5555555555555,0.496200980392157,0.13281250000000003
3,91,0,33.160160582,35.644633925,05/06/2025,49,0.6966570216224656,0.013676900352398666,0.6941759673781684,1.0102534689326843,0.5380580079823387,5.0485332098491895,702.4444444444445,0.23696052580557603,0.1076388888888889
3,92,1,33.160110772,35.644403592,05/06/2025,49,0.7487135083201385,0.005535810785210866,0.7256128797769291,1.1070790443130598,0.5723499291489168,3.760430680196888,705.6666666666666,0.45404411764705876,0.13628472222222224
3,93,1,33.160057588,35.644164157,05/06/2025,49,0.7631456941939367,0.005903140038595602,0.7306185632926969,1.1592205663360042,0.5866570483353478,3.4541722720787553,704.5555555555555,0.3791666666666666,0.19791666666666666
3,94,1,33.160003118,35.64391539,05/06/2025,49,0.7641574240454604,0.002864893247165067,0.7397434540682739,1.1192633904728966,0.5885145768404294,3.3508456951388417,686.1111111111111,0.5291666666666668,0.17274305555555558
3,95,1,33.159952528,35.643679232,05/06/2025,49,0.7689603334849391,0.0036618682803778928,0.7360196042334657,1.1642542747477664,0.5783320624521104,4.255123044017255,693.3333333333334,0.3567162467897762,0.1423611111111111
3,96,1,33.159900615,35.64344177,05/06/2025,49,0.7563531138112007,0.00961297927590604,0.729276787035687,1.1295762819651498,0.564402107085318,4.377968813855583,697.5555555555555,0.3011368778280543,0.12239583333333334
3,97,1,33.159848477,35.643206347,05/06/2025,49,0.7189355288407949,0.01495340277521219,0.7068544216138934,1.051391116316128,0.5557170195957009,4.81849479359989,708.0,0.2006771496692587,0.11197916666666669
3,98,1,33.159795493,35.642962257,05/06/2025,49,0.7612464325275271,0.003705912717515492,0.7298794697875696,1.1520698008728678,0.5863383563415153,3.9510891264457277,710.8888888888889,0.4223039215686274,0.1449652777777778
3,99,1,33.159742288,35.642722712,05/06/2025,49,0.760141995624274,0.005796942056193775,0.7312486963572081,1.1393727551528814,0.5764727896144453,4.552694271103769,702.3333333333334,0.30460407239819,0.1267361111111111
3,100,0,33.15968937,35.642477,05/06/2025,49,0.7429224603243472,0.004781573461385129,0.7249793534761637,1.0811495402645197,0.5554362854814121,3.364396221055516,693.6666666666666,0.4666666666666667,0.16319444444444445
3,101,1,33.159635603,35.642232272,05/06/2025,49,0.7392679756370654,0.0052068336555720525,0.7321096291649314,1.0316414336506785,0.5669888480809955,4.393970462159743,697.3333333333334,0.3590214932126696,0.11805555555555555
3,102,0,33.159582878,35.641992193,05/06/2025,49,0.5907467398948685,0.047264162264542026,0.616815156592286,0.9233448945682858,0.45358088539437236,5.292481250360577,817.3333333333334,0.04539758800478549,0.10416666666666669
3,105,1,33.159348135,35.642439938,05/06/2025,49,0.7550951266020541,0.005223946718891654,0.7265958172866205,1.1349020540950652,0.5604450295920134,3.4609169222253544,719.1111111111111,0.4333333333333333,0.1597222222222222
3,106,1,33.159400735,35.642679832,05/06/2025,49,0.7696780730002543,0.00374588370007305,0.7265878369142177,1.2169580142704106,0.5726129695413881,3.7212518360044657,734.2222222222222,0.48333333333333334,0.2013888888888889
3,107,1,33.159453582,35.64291647,05/06/2025,49,0.7713335199433189,0.0043937418918965215,0.7317073575120315,1.2003312594249644,0.5712637078676919,3.3360994202994476,723.3333333333334,0.5107843137254902,0.1736111111111111
3,108,1,33.159506357,35.643162467,05/06/2025,49,0.7646802011977217,0.0021247251289534474,0.732978311764082,1.1554825978775218,0.5720600181917731,3.6667624330844424,709.8888888888889,0.45196078431372555,0.15538194444444445
3,109,1,33.159556128,35.643414448,05/06/2025,49,0.7012826785298697,0.025063926310044046,0.6867191989680842,1.0620193705589838,0.5189002725307302,4.8193665431825226,704.3333333333334,0.1739279338763582,0.1154513888888889
3,110,1,33.159613697,35.643651843,05/06/2025,49,0.7478717223107851,0.007100043772293579,0.7216243836522778,1.121280097446293,0.5528594190934633,4.5923541066775275,715.4444444444445,0.34325980392156863,0.11545138888888891
3,111,1,33.15966682,35.643892862,05/06/2025,49,0.7713887021459097,0.007126513596947351,0.7365622213225801,1.1761266427897152,0.5615561168125202,4.20929531609601,711.6666666666666,0.31845776772247364,0.125
3,112,1,33.159719498,35.644131545,05/06/2025,49,0.7612651286211691,0.007934145462092425,0.73186675499444,1.1426227059151792,0.5694026194007599,3.2268427769068477,709.5555555555555,0.4149038461538461,0.20225694444444448
3,113,1,33.159773107,35.644375108,05/06/2025,49,0.7454581730130435,0.01051594850954453,0.7141315852782335,1.144442233255406,0.5521969038144178,4.516207814343076,729.0,0.3331636500754148,0.13020833333333334
3,114,0,33.159829127,35.644622533,05/06/2025,49,0.6738315785492539,0.022932377666912716,0.6706801162440686,1.0134152707652058,0.4951936184295542,4.596251836004467,743.3333333333334,0.2045943870423784,0.11805555555555555
3,117,0,33.15940016,35.644173385,05/06/2025,49,0.7128355113584253,0.007616398569129105,0.6966575530162271,1.0665846616120855,0.5276975178540709,4.317359712089615,734.6666666666666,0.38750000000000007,0.11111111111111113
3,118,0,33.15934708,35.643931,05/06/2025,49,0.7462659965442271,0.0033506714868716484,0.7164555521715196,1.137255413331938,0.5555234864831717,3.7072719513574435,730.2222222222222,0.5458333333333334,0.14756944444444445
3,119,0,33.159294962,35.643689105,05/06/2025,49,0.7504513583268648,0.003721325673270642,0.7257919328479644,1.11480150156445,0.5584785227365061,3.0311937531452875,702.3333333333334,0.5229166666666667,0.2265625
3,120,0,33.159226015,35.643452487,05/06/2025,49,0.7318898378318024,0.02242834872717305,0.7073008258145848,1.1111830306120107,0.5307725123788385,5.0485332098491895,699.6666666666666,0.11696062271567854,0.1076388888888889
3,121,0,33.159170393,35.643204777,05/06/2025,49,0.7705651954816772,0.0033693349145367244,0.7324595791435554,1.1919257528517315,0.5668798191676993,4.823527604437102,716.1111111111111,0.30019796380090497,0.11892361111111112
3,122,0,33.159117593,35.642966563,05/06/2025,49,0.7630687327415285,0.003706782715820972,0.7254825208353427,1.184428600384771,0.567872671225405,3.3708389387454214,738.4444444444445,0.36911764705882344,0.21874999999999997
3,123,0,33.159065415,35.64272392,05/06/2025,49,0.7271075388743056,0.010573285134753809,0.7063422301026264,1.089705107960611,0.5397018658554392,4.846251836004466,737.8888888888889,0.2764234539969834,0.1076388888888889
3,124,0,33.159009202,35.642481325,05/06/2025,49,0.5488529739334264,0.04456862603850374,0.5835625239577011,0.9046372508657529,0.4193145810791494,5.292481250360577,805.8888888888889,0.10137637001320822,0.10416666666666669
3,127,0,33.158804015,35.642959248,05/06/2025,49,0.7469444297490975,0.01470871955610972,0.7207568483576579,1.1233451902405056,0.5530881506593689,5.0485332098491895,725.3333333333334,0.24845888875300642,0.1076388888888889
3,128,0,33.158857932,35.643206732,05/06/2025,49,0.7794594662210488,0.007642876630433337,0.7356494134394759,1.22957337407687,0.5645491403745142,4.562907291846956,717.5555555555555,0.31514894419306183,0.13368055555555555
3,129,1,33.158909628,35.643437948,05/06/2025,49,0.7645473324065264,0.00998444468349051,0.734161003811145,1.1496683183164893,0.5608730975846555,3.0311835807481358,698.1111111111111,0.5051564856711915,0.23177083333333331
3,130,1,33.1589613,35.643677962,05/06/2025,49,0.7363154148758154,0.013191423470318068,0.7133006712317083,1.1035335815504366,0.5516922002197231,4.846251836004467,709.7777777777778,0.16490486527251236,0.1076388888888889
3,131,1,33.159013632,35.643919578,05/06/2025,49,0.7116932009279937,0.01575281566246288,0.6884396105047561,1.0972670182792394,0.5289443846108937,4.821520773344195,756.4444444444445,0.19929655334067098,0.10763888888888891
3,134,0,33.158667682,35.643592803,05/06/2025,49,0.6794806298947491,0.012572518533013197,0.6721387272491379,1.027877084085515,0.512544367127379,5.0485332098491895,739.8888888888889,0.20507775875422934,0.1076388888888889
3,135,0,33.15861547,35.643348467,05/06/2025,49,0.6997911349401043,0.005719786965087812,0.6860138621013057,1.0546715229694636,0.530678677145222,3.9785862760721145,740.1111111111111,0.39950980392156865,0.1189236111111111
3,136,0,33.158563075,35.643114235,05/06/2025,49,0.6397566491123512,0.015190874358175,0.6498868830305111,0.9662226302077159,0.49029167076133195,3.8571575474056425,758.0,0.3165441176470588,0.1701388888888889
3,137,0,33.158525578,35.642949565,05/06/2025,49,0.5211718677057814,0.04479024446402379,0.572089894566871,0.8664499430068117,0.40446638985832345,4.434153522439333,550.5555555555555,0.17514886529655171,0.1328125
4,2,1,33.161904167,35.64655731,09/06/2025,45,0.6714708568409434,0.0072988412237297365,0.6585616624706391,1.0475297679110571,0.5298468522914165,3.857157547405643,534.7777777777778,0.23692688138613005,0.1701388888888889
4,3,1,33.161851242,35.646311857,09/06/2025,45,0.7099717156648762,0.010130944872199094,0.6904802229413165,1.0803963104670684,0.5520499433614172,4.305867649916837,795.6666666666666,0.29598981900452487,0.11892361111111112
4,4,1,33.161798215,35.64607068,09/06/2025,45,0.7309031812670262,0.006136687496692537,0.704557053087137,1.1155693565625304,0.5787805605836737,3.25579206671042,792.5555555555555,0.5419117647058822,0.19010416666666669
4,5,1,33.161739218,35.645799122,09/06/2025,45,0.686653963958036,0.010748962322247568,0.6714974754042824,1.058079642905496,0.5302593957733768,5.090199876515856,771.0,0.11972063806144646,0.10416666666666669
4,6,1,33.161683657,35.645553007,09/06/2025,45,0.7338059524582111,0.007631764982405806,0.7010667814987931,1.1454093094145008,0.5729129819641596,4.625814583693912,790.3333333333334,0.3197341628959276,0.140625
4,7,1,33.16163386,35.64532035,09/06/2025,45,0.7374898148194341,0.0019737678254489414,0.7091834605507706,1.1263614184397641,0.5755080370779647,3.715738033785916,787.5555555555555,0.4770833333333334,0.12847222222222224
4,8,1,33.161579802,35.645072175,09/06/2025,45,0.7353243358615482,0.0042583018436379095,0.7089592093968498,1.1166924228817483,0.5745565644713948,5.048533209849189,782.4444444444445,0.2562688536953243,0.1076388888888889
4,9,1,33.161522608,35.64481208,09/06/2025,45,0.7415012044662936,0.003430851341774939,0.7107631908007933,1.139028427822235,0.5743116531316338,4.050222982275182,797.6666666666666,0.3051470588235294,0.13368055555555555
4,10,1,33.161467852,35.644562685,09/06/2025,45,0.7431763701759954,0.006462437183957759,0.7112965321431847,1.1453633909389618,0.5766098143550915,4.26809871257711,800.4444444444445,0.242618778280543,0.11805555555555557
4,11,1,33.161407923,35.644284105,09/06/2025,45,0.6665630820728734,0.010283510278187864,0.6641521051505926,1.0089698804205647,0.5279445326821026,4.385388849880725,817.2222222222222,0.2098972691099664,0.1371527777777778
4,12,1,33.161350028,35.644022393,09/06/2025,45,0.7428420592754399,0.004150083598505452,0.711513245800316,1.142630562702304,0.5784260094667696,3.944777274178926,807.8888888888889,0.420196638946639,0.13368055555555555
4,13,2,33.161296493,35.643780253,09/06/2025,45,0.7293032743724139,0.003135873620103612,0.7034054348517983,1.1125048979812977,0.5600441981614317,3.877968813855583,827.2222222222222,0.3948058069381599,0.1328125
4,14,2,33.161295503,35.64377286,09/06/2025,45,0.7293032743724139,0.003135873620103612,0.7034054348517983,1.1125048979812977,0.5600441981614317,3.877968813855583,827.2222222222222,0.3948058069381599,0.1328125
4,15,2,33.161237957,35.64351069,09/06/2025,45,0.7148447744986904,0.0083385036027605,0.6873815003491123,1.114574561310348,0.544763570694511,4.663320189106001,871.2222222222222,0.3135558069381599,0.1388888888888889
4,16,2,33.161181847,35.643255147,09/06/2025,45,0.7163871439247407,0.005618502323030297,0.6939145118305894,1.0935610209336792,0.5496792176199048,4.6943665431825226,849.7777777777778,0.32939469446822395,0.1310763888888889
4,17,2,33.161125505,35.643000462,09/06/2025,45,0.7189362339623946,0.00633384815353511,0.690824866702185,1.1186590815039013,0.5486360478006018,3.899804762194655,853.7777777777778,0.4854166666666666,0.1328125
4,18,2,33.161070167,35.642742588,09/06/2025,45,0.6831457027087736,0.022817006010202968,0.6686818588189583,1.0575306307511763,0.5246168727040497,4.603846168850304,856.7777777777778,0.15335442908972316,0.11458333333333334
4,19,1,33.161016097,35.642499303,09/06/2025,45,0.7309904679654501,0.004003051164905596,0.699805428255299,1.13687821265181,0.5605919724485611,3.2794468148305715,830.4444444444445,0.6270833333333333,0.1623263888888889
4,20,1,33.160961333,35.642243133,09/06/2025,45,0.732955434078058,0.0020891989149621863,0.7009707087578314,1.1408268761009883,0.5661352571967754,4.272186074297305,843.4444444444445,0.3212009803921569,0.1449652777777778
4,21,1,33.160905407,35.641989658,09/06/2025,45,0.7263047586270936,0.002506676393544421,0.6998282288006809,1.1138274331016573,0.5559221208701267,3.0043787207082775,846.0,0.5515931372549019,0.2543402777777778
4,22,1,33.160851472,35.641743378,09/06/2025,45,0.7242758740099781,0.005381139519381856,0.6942798706125141,1.1286818527057363,0.5541783856461348,4.083298234328003,850.1111111111111,0.36911764705882355,0.1371527777777778
4,23,1,33.160796293,35.64149581,09/06/2025,45,0.7047681518576352,0.003887950544118016,0.6829951707878608,1.0876174737722824,0.5404384814788319,3.8347597738316876,873.1111111111111,0.3518005279034691,0.15711805555555555
4,24,2,33.16074556,35.641261182,09/06/2025,45,0.6721851643127397,0.0074990522366776115,0.6621368494221751,1.0368846495441073,0.5062913066304057,4.063461982762676,600.0,0.33196799273404254,0.13975694444444445
4,26,2,33.160473993,35.641542365,09/06/2025,45,0.6854777036795543,0.004778336005110114,0.6686084202078506,1.0646628130350946,0.5290176800917856,2.9718226336265303,871.5555555555555,0.5395833333333333,0.28125
4,27,2,33.160527985,35.641783753,09/06/2025,45,0.6980874431340922,0.004391636513468205,0.6767512754094127,1.0846227405399091,0.5356428893046093,4.698527604437102,851.5555555555555,0.2906391402714933,0.11892361111111112
4,28,1,33.160582947,35.642029865,09/06/2025,45,0.715300488950754,0.005341284060283338,0.6878111413624458,1.1146932851800413,0.5568207466396342,4.102303795493077,851.4444444444445,0.4212009803921568,0.13194444444444445
4,29,1,33.160636005,35.642282955,09/06/2025,45,0.7261575757481231,0.004448337689267719,0.6909829120417785,1.1526514789327567,0.5619319428332816,2.119620502354003,857.5555555555555,0.7375,0.37239583333333326
4,30,1,33.160695432,35.642537193,09/06/2025,45,0.7223278968010494,0.008517081268231957,0.6975466690491489,1.105738942451095,0.5595559229336273,3.8544580256547483,825.0,0.380733306836248,0.1449652777777778
4,31,1,33.16074675,35.642782475,09/06/2025,45,0.6290011339295604,0.023396582240331098,0.6397491602992206,0.9657029983695828,0.4888873558565451,4.596251836004467,844.6666666666666,0.18917853939912757,0.11805555555555555
4,32,1,33.160798315,35.6430323,09/06/2025,45,0.6906206161980547,0.00882964831815409,0.673355734932898,1.0672670289730126,0.5347072876615857,4.366213419755166,830.5555555555555,0.37904411764705886,0.12239583333333334
4,33,2,33.160855323,35.643279252,09/06/2025,45,0.7210978098000121,0.004555552331598734,0.6881131949581015,1.140873996662621,0.5532332808793323,2.609567975175792,838.4444444444445,0.6145833333333333,0.21874999999999997
4,34,2,33.160907978,35.643522723,09/06/2025,45,0.7154355749570193,0.0039280404594406884,0.6927892445502449,1.094258378699031,0.5477462132175985,2.68012332660786,825.6666666666666,0.625,0.21874999999999994
4,35,1,33.160966438,35.643779155,09/06/2025,45,0.7229665358431009,0.006784830418943619,0.6981411348875749,1.1065825237542095,0.5578724248244734,4.4903416701725325,812.5555555555555,0.37745098039215685,0.1189236111111111
4,36,1,33.161020612,35.644023725,09/06/2025,45,0.7332404271919726,0.006554331626518193,0.7061688797446315,1.1194706270289705,0.5722206575979738,3.3858533076164026,793.0,0.61875,0.19010416666666669
4,37,1,33.161071323,35.644271332,09/06/2025,45,0.701429917812686,0.009967452838421821,0.6850632209837363,1.0659599717569803,0.5490210707176748,4.146314324714672,803.2222222222222,0.3944381598793364,0.12239583333333334
4,38,1,33.161126305,35.644519178,09/06/2025,45,0.7071841366905789,0.005031554952557233,0.6894253856315539,1.0720286459686912,0.5549697217577119,4.434153522439333,808.5555555555555,0.34523001508295625,0.1328125
4,39,1,33.16118263,35.644765113,09/06/2025,45,0.7256722733497475,0.00877559606440046,0.7054772725049506,1.086599448492683,0.573239446147992,4.681127542695028,783.6666666666666,0.26679864253393665,0.11458333333333334
4,40,1,33.161234052,35.645006792,09/06/2025,45,0.7368350307115904,0.005461795780288683,0.7014226436611857,1.1585835933404445,0.5721603085253422,4.042628649429343,800.6666666666666,0.41200980392156866,0.1371527777777778
4,41,1,33.16128798,35.64524954,09/06/2025,45,0.7330747046886044,0.003108059560532815,0.7075671425442612,1.1119703547405662,0.5752407761367755,1.6652417584851502,784.5555555555555,0.7708333333333334,0.41145833333333337
4,42,1,33.161338072,35.645487483,09/06/2025,45,0.7407058504875477,0.005641026119277034,0.7091229049207473,1.1426418916779244,0.5722542725386044,3.548680608917954,780.5555555555555,0.43669402751719827,0.18055555555555558
4,43,1,33.161391438,35.645724168,09/06/2025,45,0.7196721653042244,0.0057339587621492594,0.6962335224046592,1.0989167599332008,0.5693148211828958,4.574546753088499,801.3333333333334,0.21628582202111613,0.1154513888888889
4,44,1,33.161451178,35.645987818,09/06/2025,45,0.6914559927202332,0.012676038913765989,0.6709416276117512,1.0808415387102344,0.5353102803408829,4.017881053123411,799.5555555555555,0.36455938404467814,0.1640625
4,45,1,33.161502477,35.646226487,09/06/2025,45,0.7041251435031751,0.005972474107903137,0.6863193623783868,1.0715424738898287,0.5410463446301779,4.223406066166138,790.8888888888889,0.3682598039215686,0.12586805555555555
4,46,1,33.161554907,35.646464875,09/06/2025,45,0.679509915762411,0.005370366975735273,0.6693293855230842,1.038128723119578,0.529829416349345,3.1714616516090812,791.2222222222222,0.44718137254901963,0.18489583333333334
4,47,1,33.161614685,35.646747965,09/06/2025,45,0.6080720889875476,0.021392559286869766,0.6281124486328163,0.9372750239239964,0.4716683838172031,5.292481250360577,708.7777777777778,0.12292948294085576,0.10416666666666669
4,50,1,33.161134613,35.646068373,09/06/2025,45,0.6348298849882618,0.01571291940280625,0.6347520569410661,1.0010133256477272,0.49227762381648904,5.063314583693912,800.3333333333334,0.19601045615751497,0.11197916666666669
4,51,1,33.161079387,35.64581745,09/06/2025,45,0.6945397896045135,0.007808045808620826,0.680300228980714,1.055780785075954,0.5266414307580747,4.788320189106001,786.7777777777778,0.32610294117647054,0.1232638888888889
4,52,0,33.161023875,35.64556372,09/06/2025,45,0.6967682717518131,0.008517347377986744,0.6864878463342908,1.0406836888074646,0.539906299128323,4.463456377350588,784.8888888888889,0.4106146304675717,0.1267361111111111
4,53,0,33.160968185,35.645311618,09/06/2025,45,0.7230392676890509,0.0025218756589495965,0.6967409834811065,1.112146436418059,0.5549943656652648,3.708624692321415,792.8888888888889,0.4707107843137254,0.17708333333333334
4,54,1,33.160917117,35.6450801,09/06/2025,45,0.7374563876457862,0.0032111459454666207,0.7149067121236007,1.1004125171994252,0.5707314009330495,2.7246720130995152,779.4444444444445,0.6854166666666667,0.2508680555555556
4,55,1,33.160866638,35.644850175,09/06/2025,45,0.7287265567863133,0.005221493104212433,0.7089753653872003,1.0852284184981082,0.5700299760478832,4.846251836004467,782.2222222222222,0.22240470991905711,0.1076388888888889
4,56,1,33.160810095,35.644588563,09/06/2025,45,0.7092127882650692,0.006782261487006129,0.6913520566724461,1.072561469423551,0.5620198260486591,3.9367722103366827,792.3333333333334,0.31686463046757163,0.1362847222222222
4,57,1,33.160743152,35.64436066,09/06/2025,45,0.7189435597838645,0.004659471125257285,0.6939603497558371,1.105279549356432,0.5658824387208462,2.968693753145287,786.5555555555555,0.6229166666666667,0.203125
4,58,1,33.160689237,35.644118827,09/06/2025,45,0.7358708723284798,0.0014710630711336917,0.7049346749913672,1.1374715706862897,0.5713818710064532,2.604182000302357,795.6666666666666,0.6583333333333333,0.2751736111111111
4,59,1,33.160635753,35.643873842,09/06/2025,45,0.7421512061397237,0.0043707149210138645,0.7045303735298459,1.1714847915934383,0.5646147886142711,3.9861806089179534,788.0,0.3895833333333334,0.13802083333333331
4,60,1,33.160585255,35.643639628,09/06/2025,45,0.7377018844504344,0.0027583409589514835,0.7031731798949781,1.1548214118146602,0.5770061729109082,2.536366096041604,808.6666666666666,0.6854166666666667,0.2647569444444444
4,61,1,33.160529465,35.643396377,09/06/2025,45,0.7278051124692929,0.00422115762292597,0.7008248196937745,1.1169289719923468,0.57004997946028,2.9963770960154825,808.3333333333334,0.58125,0.1892361111111111
4,62,1,33.160478112,35.643155417,09/06/2025,45,0.7078584288268897,0.008095312196164836,0.6874919918382004,1.0833179766543417,0.5531459665002184,3.254859712089616,815.5555555555555,0.545343137254902,0.2074652777777778
4,63,0,33.160426752,35.642917528,09/06/2025,45,0.7079789350866152,0.009575803254631554,0.6811487743554187,1.1098044881334816,0.5442334077173281,3.9015647950055823,821.8888888888889,0.2292067652576978,0.14236111111111113
4,64,1,33.160374338,35.64267693,09/06/2025,45,0.7277932728659358,0.003318783138164375,0.7001442224245397,1.1196615987555982,0.5556047696882941,4.065336347351049,815.7777777777778,0.28268288084464555,0.15104166666666669
4,65,1,33.160321667,35.642433553,09/06/2025,45,0.7303890298695824,0.00382692787272309,0.6997523146386371,1.1339543484027044,0.5588610425328235,2.7587663271904805,813.2222222222222,0.48125,0.2760416666666667
4,66,1,33.160267302,35.642186545,09/06/2025,45,0.7301442905466755,0.0032871573106466913,0.697526642850065,1.1424457033601112,0.5591617912049944,4.56063712882641,816.6666666666666,0.3461538461538461,0.11458333333333334
4,67,1,33.160215403,35.641953228,09/06/2025,45,0.7280902464125236,0.004924452998932255,0.6984686651731857,1.1287362995623456,0.5602700517664454,3.29442258123563,827.4444444444445,0.5541666666666667,0.1840277777777778
4,68,1,33.160160902,35.641708345,09/06/2025,45,0.6962128465196691,0.011917974180833077,0.6832124480882725,1.051402398987611,0.5381758471360882,3.0311835807481353,839.0,0.4643217255717256,0.23177083333333331
4,71,0,33.15991125,35.64199894,09/06/2025,45,0.6900291380789622,0.006429160582337441,0.6720160262959909,1.070331437356542,0.5231692028434384,3.4040395229836156,830.7777777777778,0.4625,0.18055555555555558
4,72,0,33.159965595,35.642245682,09/06/2025,45,0.7093520550060979,0.005641740399045783,0.6873620968003988,1.0899116790756207,0.55002222528921,4.223406066166138,820.0,0.439093137254902,0.12586805555555555
4,73,0,33.160023748,35.642498748,09/06/2025,45,0.7285776875506497,0.006415007518617828,0.6945813027103864,1.1481995771001985,0.5536949770475299,3.715738033785916,808.1111111111111,0.49583333333333335,0.15277777777777776
4,74,1,33.160092528,35.642816152,09/06/2025,45,0.7218114933305269,0.005292485657658236,0.7011279431408091,1.0879802558464633,0.5692506488084967,3.9002857535759934,801.8888888888889,0.4290064102564103,0.1293402777777778
4,75,1,33.16014033,35.643049575,09/06/2025,45,0.6903363518330452,0.0137778586719211,0.6782949623591805,1.046759649579752,0.5417623776950113,4.675687440010862,777.1111111111111,0.23294535112863665,0.1154513888888889
4,76,0,33.160202665,35.643323637,09/06/2025,45,0.7005139271299283,0.006787577564386275,0.6837121387916407,1.0667868071869135,0.5437458213036814,4.3870467530885,805.5555555555555,0.2560294117647059,0.11458333333333334
4,77,0,33.160255515,35.64356091,09/06/2025,45,0.7276329092856783,0.005967262606015182,0.6981764475520831,1.127557543364163,0.563675631829172,4.788320189106002,796.0,0.2427525376054788,0.1232638888888889
4,78,0,33.16030711,35.643799343,09/06/2025,45,0.7355148341484253,0.0038614818883824756,0.7069391612719481,1.1267559141169488,0.574345836267038,2.68514304294886,790.6666666666666,0.5625,0.23524305555555555
4,79,0,33.160359295,35.644039982,09/06/2025,45,0.709500981604079,0.002544202353106049,0.6919249238770485,1.0715180597836873,0.5586345825572003,4.3173597120896146,789.8888888888889,0.30805052790346904,0.1267361111111111
4,80,0,33.16041425,35.644280253,09/06/2025,45,0.7220722454324714,0.006000041624487952,0.6933752498081647,1.1227178797710438,0.5605575388329782,2.890319531114783,797.7777777777778,0.6000000000000001,0.3046875
4,81,0,33.160462468,35.644512675,09/06/2025,45,0.7048381419505532,0.00953425134497386,0.6775680858107963,1.1107845063748216,0.5515611883652833,4.152525579695157,804.1111111111111,0.40430042599160243,0.14062500000000003
4,82,0,33.160514765,35.644741153,09/06/2025,45,0.7137949774519153,0.007143582521085803,0.6937058359821161,1.083536241191156,0.5566372345707793,2.078838679766182,787.6666666666666,0.7270833333333333,0.359375
4,83,1,33.160565533,35.644975222,09/06/2025,45,0.7326559886168109,0.007368431889473951,0.7003185104046604,1.1428873483388164,0.572898245609405,2.761635692840854,795.3333333333334,0.5078431372549019,0.20225694444444448
4,84,1,33.160615463,35.645209277,09/06/2025,45,0.7256835814189234,0.007595757240114611,0.6982949013225999,1.1184291043615713,0.5634982359156534,3.6071575474056425,804.8888888888889,0.41874999999999996,0.16493055555555555
4,85,1,33.16066841,35.645444015,09/06/2025,45,0.7058250189043336,0.006913784873887046,0.6900787769526668,1.063321243402537,0.5549851716794604,4.422661460266554,795.3333333333334,0.38024311075781664,0.1545138888888889
4,86,1,33.160720382,35.645692387,09/06/2025,45,0.6484890881594426,0.020799432874730104,0.6453341951524156,1.0129576203440085,0.501098290253468,4.352303795493078,799.4444444444445,0.2902322571440218,0.12152777777777778
4,89,0,33.160266512,35.645112597,09/06/2025,45,0.6713025402685031,0.017094741094960505,0.6606891760654281,1.0398519083024778,0.5164459036091509,4.596251836004467,808.0,0.20598885084179203,0.11805555555555555
4,90,1,33.160211572,35.644867212,09/06/2025,45,0.7145855621136556,0.007863380144006072,0.6938692841378707,1.0861247412327681,0.5536031666331392,4.272667065678644,792.8888888888889,0.31605392156862744,0.13454861111111113
4,91,0,33.160160582,35.644633925,09/06/2025,45,0.6777013432589427,0.010752199143047961,0.6640849956826966,1.0506826320972495,0.5321533372298997,5.048533209849189,812.1111111111111,0.21966536865747768,0.1076388888888889
4,92,1,33.160110772,35.644403592,09/06/2025,45,0.7257419844110218,0.00297365870755431,0.6900379703844757,1.1543044719699354,0.5628629823695199,2.4150820599849467,824.5555555555555,0.6479166666666667,0.2829861111111111
4,93,1,33.160057588,35.644164157,09/06/2025,45,0.7389069311405356,0.0019109786386898176,0.703893581785307,1.1575306138332475,0.5721566814900826,4.602303795493077,803.1111111111111,0.3080505279034691,0.11111111111111112
4,94,1,33.160003118,35.64391539,09/06/2025,45,0.7351462560795655,0.0036194957390519845,0.7079725788157046,1.120335377676425,0.5771942649064967,4.802694271103768,801.4444444444445,0.354788838612368,0.1267361111111111
4,95,1,33.159952528,35.643679232,09/06/2025,45,0.7359696350436553,0.007544116038662428,0.7007448455621823,1.15771905253482,0.5707161699869747,4.240341670172532,809.4444444444445,0.39394796380090497,0.13802083333333334
4,96,1,33.159900615,35.64344177,09/06/2025,45,0.7270024755966104,0.005054177581212668,0.7012092173599349,1.1112876156752376,0.5757715420251319,3.6519755260019866,802.2222222222222,0.4230392156862745,0.13802083333333334
4,97,1,33.159848477,35.643206347,09/06/2025,45,0.6952429957794359,0.01856487750621566,0.6769964629200106,1.0728191910852196,0.5440903450028083,5.0901998765158565,803.2222222222222,0.12558169457747861,0.10416666666666669
4,98,1,33.159795493,35.642962257,09/06/2025,45,0.7212558732742385,0.002214629772427821,0.6938692771282169,1.1159938821754702,0.5559277504230985,2.709774706395919,807.3333333333334,0.525,0.23697916666666666
4,99,1,33.159742288,35.642722712,09/06/2025,45,0.7273569356439973,0.004063264069252474,0.7019934754181106,1.1096748701937518,0.5621812567130241,3.9231996175366155,791.0,0.2977941176470588,0.14756944444444445
4,100,0,33.15968937,35.642477,09/06/2025,45,0.7148291826321194,0.006936752319495788,0.6815927292071078,1.1390493834081579,0.5502925070434281,4.057800781475361,832.1111111111111,0.24134615384615388,0.13628472222222224
4,101,1,33.159635603,35.642232272,09/06/2025,45,0.7064620574184434,0.00641949072424141,0.684280310732293,1.0901566312954187,0.5403040282681986,3.107551744756387,841.5555555555555,0.5895833333333333,0.16319444444444445
4,102,0,33.159582878,35.641992193,09/06/2025,45,0.5716593971102992,0.04239920434896858,0.6073489593895522,0.8994146721010109,0.4553823495690442,5.292481250360577,881.4444444444445,0.07182319583682567,0.10416666666666669
4,105,1,33.159348135,35.642439938,09/06/2025,45,0.7131428041898894,0.003057643532016521,0.6874612410545323,1.1062632084791686,0.5343469278045754,3.665474419267672,843.3333333333334,0.49375,0.1501736111111111
4,106,1,33.159400735,35.642679832,09/06/2025,45,0.7263464083173559,0.0039458027608217355,0.6959377284828624,1.1311950853256107,0.5460925390735752,4.048125918002233,827.1111111111111,0.42813914027149325,0.1623263888888889
4,107,1,33.159453582,35.64291647,09/06/2025,45,0.7341701391979362,0.002053492692559981,0.6934624055350069,1.181315076616809,0.5455796687701039,2.5738496345702995,849.0,0.6791666666666667,0.23350694444444448
4,108,1,33.159506357,35.643162467,09/06/2025,45,0.7301770962137799,0.005228959977234664,0.6931224580797544,1.1631521375926535,0.548293046164474,4.819366543182521,839.5555555555555,0.29985095389507155,0.1154513888888889
4,109,1,33.159556128,35.643414448,09/06/2025,45,0.668388081779779,0.01945128265762027,0.6589351874751801,1.0350501057247894,0.5139248919255164,4.821520773344194,814.2222222222222,0.11700801603402211,0.1076388888888889
4,110,1,33.159613697,35.643651843,09/06/2025,45,0.7224578544829507,0.003447139044802175,0.6786420493720876,1.1882635841511033,0.5377824346337392,3.3508456951388417,851.1111111111111,0.5541666666666667,0.17274305555555555
4,111,1,33.15966682,35.643892862,09/06/2025,45,0.7360860098863918,0.002666875614545708,0.7009001357324107,1.156877896702734,0.5536979949248461,3.983007230104883,822.8888888888889,0.4770833333333334,0.1440972222222222
4,112,1,33.159719498,35.644131545,09/06/2025,45,0.7237297684597364,0.007738477908918217,0.6897530611600291,1.1460443380847307,0.5453214499632271,4.547661460266554,840.1111111111111,0.4186274509803921,0.1232638888888889
4,113,1,33.159773107,35.644375108,09/06/2025,45,0.7165197208584474,0.008825195514654766,0.6875008090892657,1.1219167178570832,0.5360867491971535,4.603846168850306,820.4444444444445,0.2279034690799396,0.11458333333333334
4,114,0,33.159829127,35.644622533,09/06/2025,45,0.6581755135011345,0.02166163961666017,0.6414937475882722,1.0615773055848436,0.49214176180465774,4.596251836004467,847.1111111111111,0.2319625677713913,0.11805555555555557
4,117,0,33.15940016,35.644173385,09/06/2025,45,0.6910326431084737,0.005918841916114372,0.6681037566785073,1.0890925034434014,0.5267585890092296,4.3019664814404495,840.1111111111111,0.3290441176470589,0.13368055555555558
4,118,0,33.15934708,35.643931,09/06/2025,45,0.7192067891415803,0.006279689192336333,0.6828945415532662,1.1546018751576126,0.5400489486325768,3.503580670660026,840.5555555555555,0.5458333333333334,0.1371527777777778
4,119,0,33.159294962,35.643689105,09/06/2025,45,0.7280611576217326,0.003460318036586862,0.688411642088319,1.1727093222232645,0.5381576174957305,3.409289993274527,831.5555555555555,0.3622549019607843,0.15538194444444445
4,120,0,33.159226015,35.643452487,09/06/2025,45,0.6874025737736044,0.01647626950263927,0.6600270022481634,1.1070830384391237,0.5095738172304272,4.352303795493076,829.8888888888889,0.21853593715125455,0.12152777777777778
4,121,0,33.159170393,35.643204777,09/06/2025,45,0.7196310580884729,0.0033775383012292493,0.680556421767916,1.1658692874908114,0.5317356092223058,3.552097346863555,849.2222222222222,0.4229166666666667,0.14322916666666669
4,122,0,33.159117593,35.642966563,09/06/2025,45,0.7287635876985121,0.0037578388153250656,0.6931824746879949,1.1550562134717914,0.547747169300379,3.6894227674522515,841.3333333333334,0.5875,0.18315972222222224
4,123,0,33.159065415,35.64272392,09/06/2025,45,0.6943434485499536,0.006524811504507269,0.6670343295377168,1.107322912898384,0.5137708392647302,4.230128649429344,855.5555555555555,0.31966618768089355,0.11892361111111113
4,124,0,33.159009202,35.642481325,09/06/2025,45,0.5428178216086531,0.0381138186670005,0.5694134920384458,0.9286281640691928,0.4102159954668903,4.85498125036058,891.4444444444445,0.1614786902286902,0.12760416666666669
4,127,0,33.158804015,35.642959248,09/06/2025,45,0.7071235363025206,0.014595549409112622,0.6739334182561051,1.1367807787779656,0.5255523898853811,5.063314583693912,859.2222222222222,0.2042741327300151,0.11197916666666669
4,128,0,33.158857932,35.643206732,09/06/2025,45,0.7372723380470378,0.010935099563305477,0.6942350382779495,1.1954789614908528,0.5539642040247235,4.692623044017256,850.8888888888889,0.329786851330969,0.11892361111111112
4,129,1,33.158909628,35.643437948,09/06/2025,45,0.7314875868713345,0.0017722253988182825,0.6931344371576442,1.1688885921675027,0.5431357732899782,2.367670531398638,835.4444444444445,0.6104166666666667,0.27777777777777773
4,130,1,33.1589613,35.643677962,09/06/2025,45,0.7006191645573457,0.00675479346835026,0.6730598011553774,1.1104981280666064,0.5266242109052861,4.8193665431825226,832.1111111111111,0.2491897497044556,0.11545138888888891
4,131,1,33.159013632,35.643919578,09/06/2025,45,0.6858566493699817,0.017755688041211335,0.6595867477848727,1.102367290481339,0.5094276813846137,4.681127542695029,853.5555555555555,0.20472310545839958,0.11458333333333334
4,134,0,33.158667682,35.643592803,09/06/2025,45,0.6545517401322846,0.014816486152911349,0.6330395094601446,1.0778772645468195,0.4897644868996689,3.8947719513574426,852.7777777777778,0.3088009049773756,0.14322916666666669
4,135,0,33.15861547,35.643348467,09/06/2025,45,0.6625667647504354,0.011215270905991392,0.647583742882412,1.0548441200257157,0.48671196953816565,3.438314583693911,838.0,0.4682427336839102,0.18489583333333334
4,136,0,33.158563075,35.643114235,09/06/2025,45,0.6339219475073812,0.014041974128777621,0.6231118651549635,1.036713666949755,0.477817495784811,5.0485332098491895,860.7777777777778,0.19814291101055803,0.10763888888888891
4,137,0,33.158525578,35.642949565,09/06/2025,45,0.5373392662715347,0.03610592824855296,0.565706918868865,0.923476953920526,0.4486002679700574,4.461038815261277,607.6666666666666,0.13607489311581009,0.125
5,2,1,33.161904167,35.64655731,14/06/2025,40,0.7327794868239833,0.004959582101528375,0.7010769167169454,1.1396843424353407,0.5569911823191318,3.4541722720787553,503.6666666666667,0.30419881411630223,0.19791666666666666
5,3,1,33.161851242,35.646311857,14/06/2025,40,0.7635379317699382,0.0020036587362847517,0.7204518369084488,1.2119604171359875,0.5815632377738855,3.221979625667783,754.0,0.529854826546003,0.1736111111111111
5,4,1,33.161798215,35.64607068,14/06/2025,40,0.7761258954539243,0.0031177093049984264,0.730045630606301,1.2380961206981838,0.5897115929427001,3.4380546909157212,745.1111111111111,0.5875,0.1579861111111111
5,5,1,33.161739218,35.645799122,14/06/2025,40,0.7424033403374813,0.01609108296994528,0.7154674958985288,1.124231503915056,0.5745446224065183,4.294372148594611,717.3333333333334,0.20381272302542025,0.1371527777777778
5,6,1,33.161683657,35.645553007,14/06/2025,40,0.7770922471958639,0.006928611723584785,0.7229340015177184,1.2828719389112648,0.5799139287365259,4.141745971613138,767.8888888888889,0.41666666666666674,0.13020833333333334
5,7,1,33.16163386,35.64532035,14/06/2025,40,0.7837232625835895,0.002677381570152475,0.7380198383418276,1.2433083603691333,0.5895602575855177,3.8308620445047485,740.5555555555555,0.5520833333333333,0.1371527777777778
5,8,1,33.161579802,35.645072175,14/06/2025,40,0.7859615817428278,0.006474257231412039,0.7319054626935204,1.2931773084524036,0.5982854044694484,3.382277274178927,750.8888888888889,0.5229166666666667,0.17100694444444445
5,9,1,33.161522608,35.64481208,14/06/2025,40,0.7927949216441819,0.0046537732566659,0.7462706010710352,1.2582146526833264,0.6118716793020238,3.7859060661661377,745.0,0.48855580693815986,0.1579861111111111
5,10,1,33.161467852,35.644562685,14/06/2025,40,0.7858761070075333,0.0075204675020357275,0.7350300199808254,1.2740192127004801,0.5963284064149403,4.317359712089615,758.5555555555555,0.3465214932126696,0.1267361111111111
5,11,1,33.161407923,35.644284105,14/06/2025,40,0.7352418292095381,0.02527364930347884,0.6982111295264821,1.171347060015596,0.5548294142569717,5.292481250360577,780.2222222222222,0.14434734356174486,0.10416666666666669
5,12,1,33.161350028,35.644022393,14/06/2025,40,0.7850824104148828,0.002312466119956875,0.7355564758113351,1.2658537536641306,0.5901371782478781,1.3642943420934954,766.4444444444445,0.8020833333333333,0.4609375
5,13,2,33.161296493,35.643780253,14/06/2025,40,0.7566705776243778,0.01105603465908466,0.7080298749916456,1.2353588701141247,0.5684807086298844,3.443231461672249,840.8888888888889,0.4979166666666667,0.2048611111111111
5,14,2,33.161295503,35.64377286,14/06/2025,40,0.7566705776243778,0.01105603465908466,0.7080298749916456,1.2353588701141247,0.5684807086298844,3.443231461672249,840.8888888888889,0.4979166666666667,0.2048611111111111
5,15,2,33.161237957,35.64351069,14/06/2025,40,0.7403207292186305,0.004559307314900271,0.6969820712116455,1.1967301048549792,0.5425919751706137,1.4353074058019708,865.8888888888889,0.84375,0.4887152777777778
5,16,2,33.161181847,35.643255147,14/06/2025,40,0.7529365421652365,0.009439933850540618,0.7104349732358678,1.2021587545558847,0.561931825913308,3.503580670660026,829.0,0.54375,0.1840277777777778
5,17,2,33.161125505,35.643000462,14/06/2025,40,0.7492970179212602,0.008036126546280708,0.7025059443193284,1.2201929714824433,0.5560326530640123,3.692009586131382,822.5555555555555,0.4057427336839102,0.1623263888888889
5,18,2,33.161070167,35.642742588,14/06/2025,40,0.7530060850980191,0.01035325813559546,0.7159717353711454,1.1758798139539657,0.562550069676862,5.292481250360577,794.7777777777778,0.2352204863234275,0.10416666666666669
5,19,1,33.161016097,35.642499303,14/06/2025,40,0.772755067166859,0.0026403829180589576,0.7188521283011694,1.276284344398899,0.5757964452520606,4.8045851693378,800.7777777777778,0.2721874872610166,0.1111111111111111
5,20,1,33.160961333,35.642243133,14/06/2025,40,0.7718458879780682,0.003806918685954418,0.7174603351221956,1.278276559781794,0.5851474676894133,4.519641085934338,830.8888888888889,0.2916401695813461,0.11805555555555555
5,21,1,33.160905407,35.641989658,14/06/2025,40,0.7578212771193217,0.0038802356094057,0.7159483550208378,1.2016425681052578,0.5697012099635327,3.876964597768415,812.0,0.47708333333333336,0.1762152777777778
5,22,1,33.160851472,35.641743378,14/06/2025,40,0.7592386504895322,0.0018937219849329333,0.7084282029764889,1.2470716074064119,0.5672705668016447,3.221979625667783,837.0,0.5265760670172435,0.1736111111111111
5,23,1,33.160796293,35.64149581,14/06/2025,40,0.7386762142377629,0.004554370811840202,0.6936823992086316,1.203635379575584,0.5466743089752284,3.2124521612634207,868.6666666666666,0.5415441176470588,0.1875
5,24,2,33.16074556,35.641261182,14/06/2025,40,0.6841021290029143,0.014095932050961244,0.6653504636304564,1.0726753629536807,0.499107499038165,4.034159127851423,597.3333333333334,0.23050728967760417,0.14583333333333334
5,26,2,33.160473993,35.641542365,14/06/2025,40,0.7169888131214022,0.0037353142156347214,0.6803201273038317,1.1545827475500556,0.5304545477851599,2.5738496345702995,862.2222222222222,0.6791666666666667,0.21788194444444448
5,27,2,33.160527985,35.641783753,14/06/2025,40,0.7324215057607942,0.007239528711178102,0.6923319211723691,1.1781118941867632,0.5476095530891565,3.738472838821893,833.1111111111111,0.475,0.1640625
5,28,1,33.160582947,35.642029865,14/06/2025,40,0.7609289018522752,0.005111321183908076,0.7086014345275491,1.2565023078970698,0.5644404836868009,3.6124012863857193,823.8888888888889,0.2697303921568628,0.171875
5,29,1,33.160636005,35.642282955,14/06/2025,40,0.7696255340816338,0.006406224784815362,0.7210239371670004,1.2462678025222311,0.5713074438592103,4.0582817728566996,801.7777777777778,0.4333333333333334,0.1293402777777778
5,30,1,33.160695432,35.642537193,14/06/2025,40,0.7762944988378732,0.009444483514987041,0.7280966128841422,1.2519620764696349,0.580024340920178,3.385360419811954,784.2222222222222,0.4083333333333333,0.18055555555555555
5,31,1,33.16074675,35.642782475,14/06/2025,40,0.730406454043701,0.02438823932377152,0.6984217178611448,1.1459291028709533,0.5451050867528141,5.292481250360577,800.6666666666666,0.11214361350103996,0.10416666666666669
5,32,1,33.160798315,35.6430323,14/06/2025,40,0.7259922046717902,0.015631596215804604,0.6898760188314799,1.1571054914407184,0.5435593318179979,4.434153522439333,792.1111111111111,0.26815615333908016,0.1328125
5,33,2,33.160855323,35.643279252,14/06/2025,40,0.7687004450119277,0.0014537197350007803,0.7166913883747648,1.2620366988091447,0.5692396184249257,0.7451475706431423,800.2222222222222,0.9270833333333333,0.7526041666666667
5,34,2,33.160907978,35.643522723,14/06/2025,40,0.7598483458635101,0.005709347567134771,0.711926439496395,1.2341578793618735,0.5639679732121292,3.7305931071650207,794.7777777777778,0.4615196078431372,0.1440972222222222
5,35,1,33.160966438,35.643779155,14/06/2025,40,0.7647219738864579,0.0034297687230896066,0.7169923548538246,1.2366631606180558,0.5793900918340853,2.7149869772292354,785.0,0.7083333333333333,0.2612847222222222
5,36,1,33.161020612,35.644023725,14/06/2025,40,0.7693934872405316,0.0051266508089224,0.7250558595079948,1.2233605335013795,0.5834886563726375,4.223406066166138,765.8888888888889,0.37659313725490196,0.12586805555555555
5,37,1,33.161071323,35.644271332,14/06/2025,40,0.7514899770180707,0.00573333474603888,0.7111215825345679,1.189925297991452,0.5727496577423611,5.048533209849189,775.8888888888889,0.2543242186839748,0.1076388888888889
5,38,1,33.161126305,35.644519178,14/06/2025,40,0.7312754146377387,0.014777649659256816,0.6971877013114907,1.1514605743184694,0.5631172106674295,4.8193665431825226,775.0,0.26746086584321876,0.1154513888888889
5,39,1,33.16118263,35.644765113,14/06/2025,40,0.7719221314394781,0.0026822557385344586,0.7252271267142807,1.237341317872501,0.5877413870543913,4.099948439523366,755.2222222222222,0.43125,0.12586805555555558
5,40,1,33.161234052,35.645006792,14/06/2025,40,0.7680645959334522,0.0028381483442722327,0.7257841369925901,1.2115444256624055,0.587552919119006,4.292481250360578,747.8888888888889,0.42708333333333337,0.13368055555555555
5,41,1,33.16128798,35.64524954,14/06/2025,40,0.78002320620781,0.0053236502731347874,0.7321027858686553,1.2521577014886296,0.5899333837877582,3.9759092242129412,739.5555555555555,0.49276960784313734,0.1796875
5,42,1,33.161338072,35.645487483,14/06/2025,40,0.7743391768639234,0.004750188632293025,0.7257016620222329,1.2500649724398274,0.5916246930013366,3.4317965653881934,757.6666666666666,0.4919117647058823,0.1623263888888889
5,43,1,33.161391438,35.645724168,14/06/2025,40,0.7573942434854426,0.008535351277796163,0.7153685131487982,1.2032099108924368,0.5791008447611548,4.332141085934338,756.1111111111111,0.27976234152704743,0.1310763888888889
5,44,1,33.161451178,35.645987818,14/06/2025,40,0.7066894838076634,0.01304214102771943,0.6909286030107898,1.0643679882084505,0.5328498863379935,5.063314583693912,727.0,0.1953187632315888,0.11197916666666669
5,45,1,33.161502477,35.646226487,14/06/2025,40,0.7390429277225773,0.007280830020626379,0.7023624451032046,1.1657201105952149,0.5708794350082901,2.383888220226404,775.0,0.6395833333333334,0.2795138888888889
5,46,1,33.161554907,35.646464875,14/06/2025,40,0.7138472710867867,0.012762317356095756,0.6881346340180546,1.1082875526801335,0.5317570730394385,4.078855213411842,757.6666666666666,0.317552790346908,0.12586805555555558
5,47,1,33.161614685,35.646747965,14/06/2025,40,0.643361762877046,0.028319738855906475,0.643341213415979,1.0035249152940104,0.4977486356738866,5.292481250360577,684.7777777777778,0.07135450496041823,0.10416666666666669
5,50,1,33.161134613,35.646068373,14/06/2025,40,0.6533601863235954,0.011276241083843317,0.649623819131566,1.0138206447659168,0.49319652283375526,4.267897586769071,749.4444444444445,0.2750985997309527,0.1527777777777778
5,51,1,33.161079387,35.64581745,14/06/2025,40,0.7308293395000042,0.008008827614012424,0.69434869479972,1.1604956599050948,0.5541388758807282,4.352303795493078,768.3333333333334,0.38395550527903466,0.12152777777777778
5,52,0,33.161023875,35.64556372,14/06/2025,40,0.7203718654459079,0.020965287123596504,0.6960803562653832,1.1062026747950724,0.5520451439427043,4.663320189106001,766.7777777777778,0.17919107455872163,0.125
5,53,0,33.160968185,35.645311618,14/06/2025,40,0.774925252924502,0.005837393378959006,0.7298176708938843,1.2322208625513469,0.5923631512309373,4.140959817987997,752.7777777777778,0.15112469935999348,0.1371527777777778
5,54,1,33.160917117,35.6450801,14/06/2025,40,0.7860331401570846,0.003691644662785947,0.743007628131878,1.2310306241297828,0.5980951398013983,2.9887383625258925,731.6666666666666,0.4540441176470589,0.20052083333333334
5,55,1,33.160866638,35.644850175,14/06/2025,40,0.7818326038848642,0.006400468309963575,0.7330378777666763,1.2590841011956557,0.5963712913815686,4.568494793599887,734.8888888888889,0.3177696078431373,0.12239583333333334
5,56,1,33.160810095,35.644588563,14/06/2025,40,0.7360765785830489,0.014126184722486031,0.7065903477535508,1.1331168302647114,0.5676766501553568,5.048533209849189,745.0,0.19161188903835963,0.1076388888888889
5,57,1,33.160743152,35.64436066,14/06/2025,40,0.7638575582203158,0.010589568664357939,0.7221505724121755,1.2066658738758402,0.5763446525521988,4.284037234815498,735.4444444444445,0.26319758672699844,0.13368055555555555
5,58,1,33.160689237,35.644118827,14/06/2025,40,0.7846692780652914,0.0029598565603286445,0.7377108479365645,1.251130648853341,0.6033876909620393,3.8810519594886106,742.6666666666666,0.4224264705882353,0.1701388888888889
5,59,1,33.160635753,35.643873842,14/06/2025,40,0.7838958791001726,0.003033462931840269,0.7306387580846186,1.2848433370183932,0.5998183758476361,4.338456377350588,762.6666666666666,0.3961273490685256,0.1423611111111111
5,60,1,33.160585255,35.643639628,14/06/2025,40,0.7808061136768956,0.0023074729533727784,0.7329791171061321,1.2518060978920553,0.5954338549597875,4.023802147188916,743.0,0.3052696078431372,0.140625
5,61,1,33.160529465,35.643396377,14/06/2025,40,0.7791070335126838,0.004170095176458217,0.7311449208254738,1.251514173757645,0.5959247755078597,3.660034316583504,764.0,0.475,0.14930555555555555
5,62,1,33.160478112,35.643155417,14/06/2025,40,0.7203173036059858,0.021740762947062044,0.6870638232581192,1.1435802084685154,0.545585846564871,5.063314583693912,777.8888888888889,0.14217567724041605,0.11197916666666669
5,63,0,33.160426752,35.642917528,14/06/2025,40,0.7702483036295831,0.010004190702739914,0.7198450824049342,1.257336154039227,0.5846337115454774,4.577572732832804,758.8888888888889,0.30424208144796383,0.11111111111111113
5,64,1,33.160374338,35.64267693,14/06/2025,40,0.7829332522447034,0.005239037079794164,0.7310052183005702,1.2769611765812825,0.5875616191004686,2.902978141007726,755.2222222222222,0.46629901960784315,0.1875
5,65,1,33.160321667,35.642433553,14/06/2025,40,0.7738809760725192,0.0020983388121147127,0.7265822279149077,1.2423114034662162,0.5838399542177449,3.9015647950055827,760.0,0.41825980392156864,0.1423611111111111
5,66,1,33.160267302,35.642186545,14/06/2025,40,0.766684759762621,0.0026828335977962924,0.7176112238311159,1.2449836208918663,0.5713877818442414,4.422661460266554,771.7777777777778,0.38814102564102565,0.1545138888888889
5,67,1,33.160215403,35.641953228,14/06/2025,40,0.765809812537495,0.006904053084782448,0.7192780922731422,1.232331337242337,0.5768343048319748,3.198732169394588,775.8888888888889,0.5895833333333333,0.18489583333333334
5,68,1,33.160160902,35.641708345,14/06/2025,40,0.7080755182682293,0.019546599689065986,0.6821829570222877,1.1085827597298719,0.5409503346771101,5.063314583693912,813.5555555555555,0.22943418531653828,0.11197916666666669
5,71,0,33.15991125,35.64199894,14/06/2025,40,0.7171989152057774,0.013591697488126225,0.6814982116603182,1.151652951083523,0.5311604674118641,5.292481250360577,814.2222222222222,0.17637988667400434,0.10416666666666669
5,72,0,33.159965595,35.642245682,14/06/2025,40,0.7467444523493495,0.00639932208446114,0.7061275352157754,1.1885999056699381,0.5609884760508544,2.5738496345702995,772.2222222222222,0.6791666666666667,0.21788194444444445
5,73,0,33.160023748,35.642498748,14/06/2025,40,0.7600253277590179,0.005893866825679496,0.7175570567423217,1.2067323837861288,0.5788313121887083,3.8423541066775266,770.5555555555555,0.46458333333333335,0.1293402777777778
5,74,1,33.160092528,35.642816152,14/06/2025,40,0.7716917684222084,0.006360440419668317,0.7249912492519965,1.2379590958612976,0.5886477090146635,3.6594224597790608,757.7777777777778,0.446078431372549,0.15885416666666669
5,75,1,33.16014033,35.643049575,14/06/2025,40,0.7669876075817366,0.00975004870950688,0.7243651881934671,1.2134181149801617,0.5836873310899547,4.81849479359989,745.2222222222222,0.22808614610085196,0.11197916666666669
5,76,0,33.160202665,35.643323637,14/06/2025,40,0.7246516418185466,0.015071392468479815,0.695800391604791,1.124833131635402,0.5529043024012976,5.063314583693912,762.8888888888889,0.22462348660878076,0.11197916666666669
5,77,0,33.160255515,35.64356091,14/06/2025,40,0.7645638840558358,0.003146091653569974,0.726594847306264,1.1870997595611763,0.5896172188396436,4.265072732832804,739.8888888888889,0.35865384615384616,0.13802083333333334
5,78,0,33.16030711,35.643799343,14/06/2025,40,0.7790377039129416,0.00465162591845965,0.738298179710666,1.2127194283558618,0.6015446281091078,4.159553325202166,731.8888888888889,0.45596719457013574,0.1371527777777778
5,79,0,33.160359295,35.644039982,14/06/2025,40,0.7678133827929255,0.004142298483306796,0.7256334912292244,1.2107870954720616,0.5786991214620121,4.544372148594611,743.1111111111111,0.27436075781664016,0.1267361111111111
5,80,0,33.16041425,35.644280253,14/06/2025,40,0.7588853534859432,0.005340554801223644,0.7210230898674421,1.1828722612794453,0.5854071110726038,2.76188779184036,735.2222222222222,0.6020833333333333,0.2361111111111111
5,81,0,33.160462468,35.644512675,14/06/2025,40,0.765337307624673,0.005193855771676625,0.7250144809057788,1.199445571367468,0.5848034932659301,2.128154386514085,734.8888888888889,0.7791666666666668,0.3732638888888889
5,82,0,33.160514765,35.644741153,14/06/2025,40,0.7555952435890334,0.004361034443794101,0.7146030283876071,1.1960691498598888,0.5786957055257314,4.721251836004467,745.8888888888889,0.2867929864253394,0.1232638888888889
5,83,1,33.160565533,35.644975222,14/06/2025,40,0.7737471024029722,0.0038515804033513366,0.7331925348032526,1.2071633487684623,0.5998208257136719,3.1403360647604432,740.4444444444445,0.49374999999999997,0.2013888888888889
5,84,1,33.160615463,35.645209277,14/06/2025,40,0.770874943308937,0.006715233794384368,0.724552900016964,1.235457329637669,0.5848187346140724,4.562907291846955,760.2222222222222,0.382843137254902,0.13368055555555558
5,85,1,33.16066841,35.645444015,14/06/2025,40,0.7533836185223678,0.009669239971266123,0.7168848805266778,1.1731092852981106,0.5775977956488615,5.063314583693912,752.2222222222222,0.23046935510170805,0.11197916666666669
5,86,1,33.160720382,35.645692387,14/06/2025,40,0.6769665043894315,0.02133622441576792,0.6726631332990711,1.0171373982340586,0.5111668852759145,4.709147917027246,746.6666666666666,0.21797520581997157,0.15104166666666669
5,89,0,33.160266512,35.645112597,14/06/2025,40,0.7111682132294771,0.02135518197414277,0.692517569010058,1.0797375424361677,0.5481435818458089,5.0901998765158565,768.0,0.13721953854306795,0.10416666666666669
5,90,1,33.160211572,35.644867212,14/06/2025,40,0.749898657270474,0.0026483490760521823,0.716884778965815,1.153872597610518,0.572833771470845,3.1297949849424147,744.8888888888889,0.5541666666666666,0.18836805555555558
5,91,0,33.160160582,35.644633925,14/06/2025,40,0.7400394718138215,0.006979992432036901,0.7103919124909781,1.1339193484937429,0.5606955162541963,3.940490880738976,746.5555555555555,0.3252450980392157,0.14756944444444445
5,92,1,33.160110772,35.644403592,14/06/2025,40,0.7782912187811846,0.004250061220770299,0.7304299179062793,1.2496705616918662,0.5940457445804675,3.190205481927944,746.6666666666666,0.5573058069381599,0.18315972222222224
5,93,1,33.160057588,35.644164157,14/06/2025,40,0.7887181287912659,0.003922748003320016,0.7404215047977778,1.263197378934497,0.6044093086699576,3.892617721195771,740.7777777777778,0.33443627450980395,0.16145833333333334
5,94,1,33.160003118,35.64391539,14/06/2025,40,0.7827722128231177,0.0016824165837914502,0.7356940808221873,1.249907981574303,0.5934486373350228,3.2366450666536317,735.3333333333334,0.5604166666666668,0.2048611111111111
5,95,1,33.159952528,35.643679232,14/06/2025,40,0.7816385712582622,0.003143573330649789,0.7393557205506232,1.2228571158172796,0.6016166727878536,3.5213880242490543,735.0,0.5203431372549019,0.16666666666666669
5,96,1,33.159900615,35.64344177,14/06/2025,40,0.767929330042916,0.00439270800064638,0.7281768786094998,1.1982584713752678,0.5865045003720177,4.324546753088499,738.8888888888889,0.33897058823529413,0.12586805555555558
5,97,1,33.159848477,35.643206347,14/06/2025,40,0.7569625762221689,0.014918613805269324,0.7184782346190529,1.186744338921668,0.57825797663517,5.063314583693911,747.7777777777778,0.1932199526532382,0.11197916666666669
5,98,1,33.159795493,35.642962257,14/06/2025,40,0.7661143441241163,0.003161235814321766,0.7236484128693113,1.2108339230700422,0.5777644672048684,3.273669680684382,759.8888888888889,0.4645833333333333,0.1753472222222222
5,99,1,33.159742288,35.642722712,14/06/2025,40,0.7649636500555235,0.004472615164411748,0.718794059613214,1.2290364522013921,0.5781766952734687,4.186772210336683,765.3333333333334,0.3807598039215686,0.12586805555555555
5,100,0,33.15968937,35.642477,14/06/2025,40,0.7356904566364539,0.006245043756666607,0.7037225784066203,1.1425092587191161,0.5537477870815273,4.484289710683922,779.3333333333334,0.3180936875789817,0.12586805555555555
5,101,1,33.159635603,35.642232272,14/06/2025,40,0.7190577896253535,0.010954586817438364,0.6897445470220571,1.1247751787175824,0.5355566430482095,3.692009586131382,816.5555555555555,0.5041666666666667,0.1623263888888889
5,102,0,33.159582878,35.641992193,14/06/2025,40,0.46694648958807394,0.07095310700864137,0.5361505418835864,0.8357333060171199,0.36260125867937604,5.292481250360577,914.3333333333334,0.08639107386512684,0.10416666666666669
5,105,1,33.159348135,35.642439938,14/06/2025,40,0.7286281619180273,0.005820305917426709,0.6845714409494776,1.1931931221908596,0.5286739880358109,4.603846168850306,842.1111111111111,0.23669927846398436,0.11458333333333334
5,106,1,33.159400735,35.642679832,14/06/2025,40,0.7632614101638773,0.004564120255882568,0.7081165499298736,1.2732258224121646,0.554545785874487,2.128154386514085,822.3333333333334,0.6708333333333334,0.3732638888888889
5,107,1,33.159453582,35.64291647,14/06/2025,40,0.7681795082055669,0.0007928922185348061,0.7115723986957736,1.2853500381339529,0.5536091161917319,1.6835024445205309,813.7777777777778,0.8125,0.4201388888888889
5,108,1,33.159506357,35.643162467,14/06/2025,40,0.760793953727378,0.00487021973438631,0.7085623619394238,1.255937238573836,0.5498996605160468,4.263329233667537,808.8888888888889,0.3998774509803922,0.11892361111111112
5,109,1,33.159556128,35.643414448,14/06/2025,40,0.6863685705808604,0.015586167682829402,0.6642505100449658,1.0864467118259604,0.5014578225197633,4.602303795493078,757.0,0.19403943474633628,0.11111111111111112
5,110,1,33.159613697,35.643651843,14/06/2025,40,0.7481907759367901,0.003206064363361328,0.7154928162618778,1.151732706497994,0.557250071551941,1.8279538356873366,769.6666666666666,0.78125,0.3862847222222222
5,111,1,33.15966682,35.643892862,14/06/2025,40,0.7738578246786157,0.005386750675997334,0.71816907831285,1.2868254730814614,0.567624974345663,4.034159127851423,793.8888888888889,0.3122171945701357,0.14583333333333334
5,112,1,33.159719498,35.644131545,14/06/2025,40,0.7656321584563525,0.006031974805523503,0.7180156177444619,1.2373865832456925,0.5596672139747051,2.969972794574877,789.2222222222222,0.6145833333333334,0.20052083333333334
5,113,1,33.159773107,35.644375108,14/06/2025,40,0.7501955011813324,0.005948690863958641,0.7049427566975328,1.2129674761475733,0.5462712865223811,4.275693045422949,787.7777777777778,0.35992647058823535,0.12152777777777778
5,114,0,33.159829127,35.644622533,14/06/2025,40,0.6963589921867569,0.016411915618416893,0.6678327299368104,1.1137886518260032,0.5015979307660628,4.804585169337801,809.7777777777778,0.22538318861848272,0.11111111111111112
5,117,0,33.15940016,35.644173385,14/06/2025,40,0.733405489636291,0.011350633873913683,0.6962361383912434,1.1657803290735975,0.5395234551896152,4.200825794518089,790.8888888888889,0.31650641025641024,0.125
5,118,0,33.15934708,35.643931,14/06/2025,40,0.7621612269653268,0.0060849662315611034,0.7114074321690007,1.2504173005695494,0.5570897946192591,2.8840932748054744,792.2222222222222,0.5354166666666667,0.19097222222222227
5,119,0,33.159294962,35.643689105,14/06/2025,40,0.7625335893971145,0.009254632321364554,0.7114924722847428,1.2527120563855445,0.553644411053618,5.063314583693912,796.2222222222222,0.20303468060820998,0.11197916666666669
5,120,0,33.159226015,35.643452487,14/06/2025,40,0.7570769659810385,0.007107196040968136,0.7035513610021464,1.2588990063038936,0.5489831203583818,5.06331458369391,799.5555555555555,0.22767778525131466,0.11197916666666669
5,121,0,33.159170393,35.643204777,14/06/2025,40,0.7744683288528518,0.0065164490813228,0.717608291415712,1.2946887509081342,0.5611619936454467,4.163932045910443,789.5555555555555,0.4122171945701358,0.13802083333333334
5,122,0,33.159117593,35.642966563,14/06/2025,40,0.7618828547602344,0.004990085158272071,0.7103839364662015,1.2533283540564426,0.5433734027506261,3.2268427769068473,813.5555555555555,0.6270833333333333,0.20225694444444445
5,123,0,33.159065415,35.64272392,14/06/2025,40,0.7071568916809114,0.015033241767400134,0.667892809957179,1.1619292116806306,0.5080145803668638,5.0901998765158565,837.1111111111111,0.135430421581607,0.10416666666666669
5,124,0,33.159009202,35.642481325,14/06/2025,40,0.4301006351008731,0.04983494381108514,0.49644711343867914,0.8463391362149897,0.3241860565729237,5.063314583693911,908.6666666666666,0.20191821775223706,0.11197916666666669
5,127,0,33.158804015,35.642959248,14/06/2025,40,0.7186820438398202,0.019371181676125688,0.6853039519566964,1.1437075362086224,0.5127435810566695,4.692623044017256,787.5555555555555,0.23841094224684795,0.11892361111111113
5,128,0,33.158857932,35.643206732,14/06/2025,40,0.7581552158755165,0.009123311468280642,0.708124327291692,1.2430388607802487,0.5448482978206869,4.186772210336683,805.0,0.2543681973829033,0.12586805555555555
5,129,1,33.158909628,35.643437948,14/06/2025,40,0.7518810353169815,0.01814970383227847,0.7021620415165928,1.2403684725865622,0.5349152658496767,4.596251836004467,798.3333333333334,0.21043174962292607,0.11805555555555555
5,130,1,33.1589613,35.643677962,14/06/2025,40,0.7197043902905892,0.011291574097905528,0.6870026319464783,1.1393558280647822,0.52584370329836,5.292481250360577,766.3333333333334,0.15443337304869045,0.10416666666666669
5,131,1,33.159013632,35.643919578,14/06/2025,40,0.7223907398626203,0.02178472404914202,0.6851721402832777,1.1632945847122123,0.529166343949264,5.0901998765158565,808.2222222222222,0.12904646161999103,0.10416666666666669
5,134,0,33.158667682,35.643592803,14/06/2025,40,0.6931429933840928,0.006810292394523189,0.669170823266606,1.0938491850832426,0.5067540915676656,4.959147917027245,794.5555555555555,0.24755844645550526,0.11111111111111112
5,135,0,33.15861547,35.643348467,14/06/2025,40,0.6810915489815527,0.014974518636859406,0.6598857407011696,1.0812263571932783,0.49557218765213634,4.560637128826411,799.7777777777778,0.2470026731179905,0.11458333333333334
5,136,0,33.158563075,35.643114235,14/06/2025,40,0.6043434314100558,0.02931961735102193,0.6153525390732215,0.966057600427637,0.4495647545029735,4.403107168362811,818.4444444444445,0.17547394113570583,0.11805555555555557
5,137,0,33.158525578,35.642949565,14/06/2025,40,0.38969185021797054,0.03281609630123741,0.45838800338095465,0.8462371672067771,0.2924677751526582,4.175424108083221,649.2222222222222,0.2893869905261521,0.13194444444444445
6,2,1,33.161904167,35.64655731,19/06/2025,35,0.711116408848464,0.007045932839969967,0.6716630986361357,1.1637733172228057,0.5402752678864914,4.434153522439333,565.2222222222222,0.27037513063978214,0.1328125
6,3,1,33.161851242,35.646311857,19/06/2025,35,0.7447009769751607,0.005390216167411429,0.6893642963719231,1.2569908834320538,0.5605983704149272,4.24813712882641,855.6666666666666,0.4375,0.1345486111111111
6,4,1,33.161798215,35.64607068,19/06/2025,35,0.7735480485650912,0.005075941856342995,0.7145395877719699,1.304414834073838,0.5609635986065498,3.5837406251802886,812.6666666666666,0.49325980392156865,0.24739583333333331
6,5,1,33.161739218,35.645799122,19/06/2025,35,0.715985492400414,0.018858493595178053,0.677075786903266,1.1655551398626356,0.5488305044379806,5.048533209849189,816.0,0.1378175599358675,0.1076388888888889
6,6,1,33.161683657,35.645553007,19/06/2025,35,0.7720235183003277,0.004059009597172591,0.7075555805019341,1.3315899782491831,0.5751474689023586,3.2219796256677835,836.7777777777778,0.43125,0.1579861111111111
6,7,1,33.16163386,35.64532035,19/06/2025,35,0.7748303884282702,0.004693623554006137,0.7117981964889282,1.3276328019025407,0.5794340504558027,3.8786662666175187,841.4444444444445,0.308974358974359,0.15798611111111113
6,8,1,33.161579802,35.645072175,19/06/2025,35,0.7723377390487749,0.00368706273946792,0.7152271829534639,1.2927516881706242,0.5702208460406925,3.672487163445857,810.6666666666666,0.5062500000000001,0.1796875
6,9,1,33.161522608,35.64481208,19/06/2025,35,0.7877432647994628,0.005350697569464777,0.7192478950992642,1.376457803166514,0.5919439028178406,4.017881053123411,837.0,0.4982843137254902,0.1484375
6,10,1,33.161467852,35.644562685,19/06/2025,35,0.7849339071256417,0.005797999991889408,0.7160844475419378,1.3738760126978284,0.5795534158905365,4.532880086421832,846.2222222222222,0.2901018099547511,0.11892361111111112
6,11,1,33.161407923,35.644284105,19/06/2025,35,0.7008864088968684,0.011905866091165136,0.6691019450519625,1.1281684481525744,0.5308680661310876,4.284037234815498,853.1111111111111,0.23820893402860613,0.16493055555555555
6,12,1,33.161350028,35.644022393,19/06/2025,35,0.7834339248009421,0.003858517932361015,0.7136924477178752,1.3762304664439842,0.5780708743847305,4.519641085934338,857.3333333333334,0.2554265521177286,0.11805555555555555
6,13,2,33.161296493,35.643780253,19/06/2025,35,0.7577023641340195,0.009340536933948866,0.6970757845418044,1.295937566680028,0.5570481093458973,3.6650891943041093,902.1111111111111,0.53125,0.16493055555555555
6,14,2,33.161295503,35.64377286,19/06/2025,35,0.7577023641340195,0.009340536933948866,0.6970757845418044,1.295937566680028,0.5570481093458973,3.6650891943041093,902.1111111111111,0.53125,0.16493055555555555
6,15,2,33.161237957,35.64351069,19/06/2025,35,0.7264953393969795,0.006353736265749594,0.6704816428940908,1.2459919047857675,0.5324286948000262,3.645907032867716,968.8888888888889,0.5583333333333333,0.21180555555555558
6,16,2,33.161181847,35.643255147,19/06/2025,35,0.7340776815569353,0.00934372606419337,0.6797725579786317,1.2437533763383108,0.5365448162857328,4.007404700452582,927.0,0.453195701357466,0.16666666666666669
6,17,2,33.161125505,35.643000462,19/06/2025,35,0.7465989917367469,0.003900398271087486,0.6931462199149188,1.2492473951641336,0.5431781939501242,4.802694271103767,895.0,0.2876564856711915,0.1267361111111111
6,18,2,33.161070167,35.642742588,19/06/2025,35,0.7269385762569782,0.030291799078427807,0.6841030138990184,1.1962013467345913,0.5459435902311848,5.0901998765158565,896.3333333333334,0.07715145919146764,0.10416666666666669
6,19,1,33.161016097,35.642499303,19/06/2025,35,0.7598060491758825,0.004557726218521603,0.6991220706402904,1.297969392607655,0.5581605989173397,4.146314324714671,879.4444444444445,0.35281862745098036,0.12239583333333334
6,20,1,33.160961333,35.642243133,19/06/2025,35,0.7597776275310164,0.003626968524511942,0.6944561012809548,1.3214226794436337,0.5523030521452721,4.188663108570716,906.3333333333334,0.38750000000000007,0.1154513888888889
6,21,1,33.160905407,35.641989658,19/06/2025,35,0.7537315337628813,0.006581575127551098,0.686718206506493,1.3239956625820346,0.5405022226592441,3.9091625670008705,920.0,0.48125000000000007,0.15625
6,22,1,33.160851472,35.641743378,19/06/2025,35,0.7546697737385634,0.0012497459579807223,0.6900105403486315,1.3120426450464866,0.5455861907529863,2.376483606387077,923.8888888888889,0.6895833333333333,0.2890625
6,23,1,33.160796293,35.64149581,19/06/2025,35,0.7206156256439534,0.011891107164558892,0.6636924466065024,1.246095346129752,0.5149980103828954,2.8616450666536317,966.7777777777778,0.5562499999999999,0.1996527777777778
6,24,2,33.16074556,35.641261182,19/06/2025,35,0.6757839468741785,0.008630699829116972,0.6491147252674107,1.1000424004936356,0.48672541860869667,3.6111806089179543,652.6666666666666,0.3806367093393238,0.15017361111111113
6,26,2,33.160473993,35.641542365,19/06/2025,35,0.7111457822700379,0.012949354124575934,0.6657161490972513,1.1907001083452322,0.5274955856610819,4.6101614602665535,945.8888888888889,0.29294362235538707,0.11892361111111113
6,27,2,33.160527985,35.641783753,19/06/2025,35,0.7229146006916853,0.004735049169286112,0.6713153392325844,1.2228719689363978,0.5250539864441742,3.8620523585005877,917.0,0.3528153153153153,0.15711805555555555
6,28,1,33.160582947,35.642029865,19/06/2025,35,0.7511783717419775,0.0026656181884271587,0.6905639504817591,1.2882451271980686,0.5604268633510842,1.8869602933016412,896.4444444444445,0.65625,0.3984375
6,29,1,33.160636005,35.642282955,19/06/2025,35,0.7552914672564834,0.0036138266925147657,0.6963010019313453,1.2842789871231775,0.5670296529309268,4.577572732832804,889.6666666666666,0.31318815987933635,0.11111111111111112
6,30,1,33.160695432,35.642537193,19/06/2025,35,0.7657736584467503,0.0027011688632110112,0.7103809282834193,1.2768614787336028,0.5601646887950498,4.36056875211351,840.2222222222222,0.320343137254902,0.11805555555555555
6,31,1,33.16074675,35.642782475,19/06/2025,35,0.6792488770231384,0.030978354945718614,0.6558521332945924,1.0946620751871319,0.5114182520773709,5.292481250360577,874.8888888888889,0.11965533406709879,0.10416666666666669
6,32,1,33.160798315,35.6430323,19/06/2025,35,0.7377212770589535,0.006288877909633104,0.6801847624562298,1.261602592090122,0.54193992848486,3.830884111388142,874.0,0.46875,0.15104166666666669
6,33,2,33.160855323,35.643279252,19/06/2025,35,0.7540029751967944,0.006483910494962246,0.6973890987218094,1.2720191481617127,0.5529312970447045,3.0413966014913245,869.4444444444445,0.5995098039215687,0.24218749999999997
6,34,2,33.160907978,35.643522723,19/06/2025,35,0.7458091581585977,0.003928654006191016,0.6853169169512107,1.2823824471021847,0.5447436025849784,3.552097346863555,891.1111111111111,0.3139423076923077,0.15885416666666669
6,35,1,33.160966438,35.643779155,19/06/2025,35,0.7674409197670513,0.00462717076140682,0.6994643235461991,1.344286762185347,0.5713962205400894,3.3550067563934194,865.8888888888889,0.3444230769230769,0.1675347222222222
6,36,1,33.161020612,35.644023725,19/06/2025,35,0.7687584536956804,0.002037560474604665,0.7078620355104656,1.308405718867346,0.5699514064886834,3.350820189106,840.1111111111111,0.5019607843137255,0.1814236111111111
6,37,1,33.161071323,35.644271332,19/06/2025,35,0.7426570717342726,0.011401702393618414,0.6936626436178721,1.2264219297526198,0.5638114799592051,4.596251836004467,841.8888888888889,0.27152149321266966,0.11805555555555557
6,38,1,33.161126305,35.644519178,19/06/2025,35,0.747654586827847,0.009416997234831092,0.694553069143766,1.2492454039638354,0.5600904090526052,4.819366543182521,829.6666666666666,0.27345578044107455,0.1154513888888889
6,39,1,33.16118263,35.644765113,19/06/2025,35,0.77032541425007,0.0054868544220695835,0.7078805960856641,1.3190618789212578,0.576737966040693,3.9215263787562824,831.7777777777778,0.4399509803921569,0.1449652777777778
6,40,1,33.161234052,35.645006792,19/06/2025,35,0.7732546082618548,0.005144261150777327,0.7134939382581214,1.3082443235008974,0.5783865226370479,4.08771205404161,823.6666666666666,0.3556372549019608,0.12239583333333334
6,41,1,33.16128798,35.64524954,19/06/2025,35,0.7723608724332848,0.008659336626019488,0.7085882643806539,1.3294451976779904,0.5708969003018568,4.163932045910443,830.7777777777778,0.4110260996290408,0.13802083333333334
6,42,1,33.161338072,35.645487483,19/06/2025,35,0.7624247763325255,0.0033132722086542114,0.7035473859229121,1.2911409732052967,0.5668728506565992,4.610161460266556,828.4444444444445,0.3101244343891403,0.11892361111111112
6,43,1,33.161391438,35.645724168,19/06/2025,35,0.7553850025845644,0.005811945658372744,0.7003291562728571,1.2655664970738054,0.5645119741630921,3.8010947318578157,833.0,0.34150641025641026,0.1736111111111111
6,44,1,33.161451178,35.645987818,19/06/2025,35,0.6988222054994919,0.021283635493436835,0.6604585224134776,1.1559103739022627,0.5128879742867223,5.063314583693911,832.5555555555555,0.13499562384390573,0.11197916666666669
6,45,1,33.161502477,35.646226487,19/06/2025,35,0.7320399418030391,0.0033372426803792775,0.6845938979726219,1.210634581434949,0.5458492751023396,3.5196410859343388,840.4444444444445,0.3020833333333333,0.2152777777777778
6,46,1,33.161554907,35.646464875,19/06/2025,35,0.7063694027301399,0.00856875991331241,0.6606410254760315,1.188170186719934,0.5226431428296711,3.724688546745176,860.3333333333334,0.38492647058823526,0.14756944444444445
6,47,1,33.161614685,35.646747965,19/06/2025,35,0.6316946946243955,0.032708186536735635,0.622374462909367,1.034591209885913,0.479121917419417,4.802694271103768,756.4444444444445,0.18531192506014782,0.1267361111111111
6,50,1,33.161134613,35.646068373,19/06/2025,35,0.6492590277690307,0.020670765758970425,0.6300483869676765,1.0695967280233578,0.474513732827466,4.353846168850305,834.0,0.18164592760180995,0.125
6,51,1,33.161079387,35.64581745,19/06/2025,35,0.7214395226332616,0.008022817979976508,0.6757543756075083,1.1965987462788175,0.5450163410631813,3.398933012612021,844.2222222222222,0.4982843137254902,0.15885416666666669
6,52,0,33.161023875,35.64556372,19/06/2025,35,0.7355695968247771,0.01704423638596723,0.6812023024461975,1.2484160180224846,0.5434348189439514,4.802694271103766,838.5555555555555,0.25556240063593005,0.1267361111111111
6,53,0,33.160968185,35.645311618,19/06/2025,35,0.7649439000606876,0.007781194738566772,0.7059930331770649,1.2947793581838063,0.5681317827031158,4.6943665431825226,828.7777777777778,0.2846681749622926,0.1310763888888889
6,54,1,33.160917117,35.6450801,19/06/2025,35,0.7900919091380678,0.0051514706208844315,0.724580991987486,1.362416979251997,0.5980520405600878,4.574546753088499,817.4444444444445,0.2421134324183987,0.1154513888888889
6,55,1,33.160866638,35.644850175,19/06/2025,35,0.7777826689417686,0.007010231429896151,0.7184556840881283,1.3115400736970293,0.5897387031696134,4.519641085934338,811.5555555555555,0.26201979128449715,0.1267361111111111
6,56,1,33.160810095,35.644588563,19/06/2025,35,0.7543816482375961,0.011371084798184094,0.6996860973663669,1.263321118512679,0.564427077759029,4.596251836004467,804.8888888888889,0.18265516081692548,0.11805555555555557
6,57,1,33.160743152,35.64436066,19/06/2025,35,0.7603786728216981,0.008750977362040899,0.7060331603400621,1.2679898224599673,0.5784711548830793,3.9614495462576813,811.3333333333334,0.4065705128205128,0.12239583333333334
6,58,1,33.160689237,35.644118827,19/06/2025,35,0.780140137551441,0.0034735855988955585,0.724994298681962,1.2912855610823843,0.5977161978517946,4.3245467530885,788.3333333333334,0.35270550527903466,0.12586805555555555
6,59,1,33.160635753,35.643873842,19/06/2025,35,0.7760529628911407,0.004670510599947549,0.7166146227786183,1.3099291946845186,0.5877756671740406,3.503580670660026,813.6666666666666,0.53125,0.1371527777777778
6,60,1,33.160585255,35.643639628,19/06/2025,35,0.7784847916188586,0.0014273465579034306,0.7162909674037108,1.3272668281437443,0.588762640943819,4.532880086421833,819.4444444444445,0.2977469834087481,0.11892361111111112
6,61,1,33.160529465,35.643396377,19/06/2025,35,0.7740049374291309,0.004317544859024961,0.715214409941247,1.3036250318702127,0.5790273637922412,3.277170691632976,835.4444444444445,0.42916666666666664,0.2222222222222222
6,62,1,33.160478112,35.643155417,19/06/2025,35,0.7386523872636569,0.012195784277884137,0.6953452882126583,1.1971732305990117,0.5596263881629985,4.284037234815498,828.8888888888889,0.24441166279401572,0.13368055555555555
6,63,0,33.160426752,35.642917528,19/06/2025,35,0.7443182463762977,0.011268555196589173,0.695274796600424,1.2283831366030862,0.5541846087654119,4.804585169337801,830.6666666666666,0.2513893135216664,0.11111111111111113
6,64,1,33.160374338,35.64267693,19/06/2025,35,0.771117196190042,0.004449424992716576,0.7037268792067493,1.3458122941401607,0.5600171163673677,5.16748125036058,840.2222222222222,0.22586905344258287,0.11979166666666669
6,65,1,33.160321667,35.642433553,19/06/2025,35,0.7612250571227425,0.004208437307018731,0.7035520088823171,1.2838934513267677,0.5648286555118426,4.03806029632781,841.3333333333334,0.43193815987933637,0.13802083333333334
6,66,1,33.160267302,35.642186545,19/06/2025,35,0.7607427901831234,0.0036032958466984694,0.6964618102020449,1.3172285669875001,0.5581895706910722,3.9937584081181323,858.6666666666666,0.417288838612368,0.14409722222222224
6,67,1,33.160215403,35.641953228,19/06/2025,35,0.7610706018887666,0.002530749614991526,0.6982585154791816,1.3097226156255095,0.5609694978333188,3.50445242024266,868.6666666666666,0.4807598039215686,0.15625
6,68,1,33.160160902,35.641708345,19/06/2025,35,0.733918082267273,0.01188274973985232,0.6792970425636846,1.2461307360824103,0.541850004656867,5.0901998765158565,903.3333333333334,0.2135593738534915,0.10416666666666669
6,71,0,33.15991125,35.64199894,19/06/2025,35,0.7222977472311218,0.008626745880929496,0.6688039635948728,1.2319649903656487,0.530250101868127,3.6667624330844424,892.7777777777778,0.4979166666666667,0.15538194444444448
6,72,0,33.159965595,35.642245682,19/06/2025,35,0.7439452221388214,0.0078122268148572,0.6923536258159964,1.2388535702735721,0.5521647056430717,3.8551121157836827,851.4444444444445,0.4607371794871795,0.140625
6,73,0,33.160023748,35.642498748,19/06/2025,35,0.7590196841936054,0.005168561777906141,0.6998490096669138,1.2893221420747496,0.5725327521673739,3.1486850162569406,850.8888888888889,0.5365162957074722,0.1953125
6,74,1,33.160092528,35.642816152,19/06/2025,35,0.7720178096514081,0.0018316783296356788,0.7082657088392,1.3275349931835672,0.5832430661958347,4.575418502671132,830.5555555555555,0.39779411764705885,0.11892361111111112
6,75,1,33.16014033,35.643049575,19/06/2025,35,0.739918297110195,0.015542183872170982,0.6980679592936604,1.191641161390882,0.5690663806256583,4.284037234815498,792.7777777777778,0.1908068362480127,0.13368055555555555
6,76,0,33.160202665,35.643323637,19/06/2025,35,0.7586226829992893,0.005963597075451981,0.7008040105721359,1.281957427001978,0.58143855513,4.18643861802411,824.0,0.24771304675716435,0.12239583333333333
6,77,0,33.160255515,35.64356091,19/06/2025,35,0.7770572863630908,0.00898007018174614,0.7190421627711259,1.3035062923932372,0.5922906460558675,4.222925074784799,803.3333333333334,0.34790010225985835,0.13628472222222224
6,78,0,33.16030711,35.643799343,19/06/2025,35,0.7837086043326804,0.006509301848814819,0.7266556404990024,1.3062590397820242,0.5921126927260784,4.603846168850305,793.2222222222222,0.26870841995842,0.11458333333333334
6,79,0,33.160359295,35.644039982,19/06/2025,35,0.7578323840012309,0.007037776641224687,0.7128623406838849,1.217759550011123,0.5744109439715871,3.6071575474056434,786.7777777777778,0.3895833333333334,0.16493055555555558
6,80,0,33.16041425,35.644280253,19/06/2025,35,0.7619793046354112,0.004441158493169943,0.7068361349038478,1.2717716442939748,0.5733294835170691,3.585778922483087,799.2222222222222,0.5104166666666667,0.14843750000000003
6,81,0,33.160462468,35.644512675,19/06/2025,35,0.7450553377947087,0.013053006187193733,0.6955509343281807,1.2306840963606431,0.5716910117161342,4.802694271103768,816.8888888888889,0.29774311075781656,0.1267361111111111
6,82,0,33.160514765,35.644741153,19/06/2025,35,0.7652605977689074,0.008268756050627074,0.7103807422509487,1.2744886537052365,0.579577407088264,4.102303795493077,805.7777777777778,0.43603883861236803,0.13194444444444445
6,83,1,33.160565533,35.644975222,19/06/2025,35,0.7803709857616136,0.004763286072920966,0.7231478734925559,1.3029661719284704,0.5915667806344097,3.5723315886374163,802.8888888888889,0.50625,0.16319444444444445
6,84,1,33.160615463,35.645209277,19/06/2025,35,0.7647405682239292,0.0042844934852113575,0.7132038797798874,1.2559328753392194,0.5831820611041623,3.479387765269814,821.3333333333334,0.5149244833068363,0.1840277777777778
6,85,1,33.16066841,35.645444015,19/06/2025,35,0.7463898368684085,0.012603785216894791,0.6968650579601523,1.2318741815527234,0.5714480125753005,4.818494793599889,840.8888888888889,0.23289969834087482,0.11197916666666669
6,86,1,33.160720382,35.645692387,19/06/2025,35,0.6789499411225728,0.025509940036542757,0.648429074553198,1.1167622052857684,0.5050287799479265,4.804585169337801,847.0,0.09755717309860243,0.11111111111111112
6,89,0,33.160266512,35.645112597,19/06/2025,35,0.710003287184822,0.0182078597759155,0.6755248697464088,1.1429955238416187,0.5389542914515035,5.292481250360577,855.5555555555555,0.14938765882094432,0.10416666666666669
6,90,1,33.160211572,35.644867212,19/06/2025,35,0.7543193871787834,0.009497584936750174,0.6971585317973081,1.2749111779598226,0.5638325487356539,4.619239399499472,829.6666666666666,0.2641446027475439,0.1076388888888889
6,91,0,33.160160582,35.644633925,19/06/2025,35,0.7271782931806584,0.010021813439298,0.6850185669890406,1.18432680155624,0.5424766853488676,4.352303795493078,826.6666666666666,0.30594268476621417,0.12152777777777778
6,92,1,33.160110772,35.644403592,19/06/2025,35,0.7770808610069043,0.007059236538381084,0.7161243932402854,1.3201472421057,0.584312507707356,3.867886658535499,818.4444444444445,0.4041666666666667,0.1371527777777778
6,93,1,33.160057588,35.644164157,19/06/2025,35,0.7775319130504137,0.0031091464782099253,0.7180775846720864,1.3114465472139278,0.5912605112825111,2.792759514852448,812.5555555555555,0.6479166666666667,0.20225694444444448
6,94,1,33.160003118,35.64391539,19/06/2025,35,0.7810713009507957,0.0034273218309774536,0.7199482202206959,1.32470290138223,0.5889431468523981,3.9785862760721145,803.3333333333334,0.37948717948717947,0.14149305555555555
6,95,1,33.159952528,35.643679232,19/06/2025,35,0.7840029567870846,0.005501673851582091,0.7205956430207539,1.3419929756748403,0.5895166290898526,4.179585169337799,814.7777777777778,0.39743589743589747,0.1388888888888889
6,96,1,33.159900615,35.64344177,19/06/2025,35,0.7720471671075334,0.006356990824301571,0.7142747032338108,1.2967540053723698,0.5768581608820885,3.573194012124527,805.0,0.525,0.15190972222222224
6,97,1,33.159848477,35.643206347,19/06/2025,35,0.734750246157652,0.017526521471093015,0.6933182233231369,1.1873245294274457,0.5700173831450566,4.819366543182522,819.7777777777778,0.2249930529058785,0.1154513888888889
6,98,1,33.159795493,35.642962257,19/06/2025,35,0.7722471142507615,0.006036811521934218,0.7090002882882055,1.3257985866913753,0.583710390726816,4.180867649916838,830.5555555555555,0.48492647058823535,0.12586805555555558
6,99,1,33.159742288,35.642722712,19/06/2025,35,0.7666384742718957,0.002717990079686485,0.7045357978873934,1.3123797146366953,0.5717659309955117,3.6650891943041093,835.0,0.4083333333333333,0.16493055555555555
6,100,0,33.15968937,35.642477,19/06/2025,35,0.7465804384674449,0.0059279132427182595,0.6838355951936743,1.294856089677372,0.5502322420203868,3.390483463829209,869.3333333333334,0.5078431372549019,0.171875
6,101,1,33.159635603,35.642232272,19/06/2025,35,0.7363100401268237,0.006643084853047534,0.6847657033716595,1.232349633816226,0.5380462324771143,4.255994793599889,874.3333333333334,0.33844268476621414,0.14583333333333334
6,102,0,33.159582878,35.641992193,19/06/2025,35,0.5740231651675187,0.05178162280786138,0.5810509909080044,0.9837926133669678,0.4388529161430529,5.0485332098491895,955.3333333333334,0.08448122926786693,0.1076388888888889
6,105,1,33.159348135,35.642439938,19/06/2025,35,0.7366047265051772,0.009579762735961658,0.6721253269438932,1.294077039532948,0.5249956971901776,4.434153522439333,924.0,0.35131033182503774,0.1328125
6,106,1,33.159400735,35.642679832,19/06/2025,35,0.7563180011591629,0.004237594784244019,0.689611536966548,1.3243838764716354,0.5431311601173198,3.454172272078755,894.1111111111111,0.49166666666666664,0.19791666666666669
6,107,1,33.159453582,35.64291647,19/06/2025,35,0.76144477062179,0.0030144423928506864,0.6951567291988981,1.32798141678236,0.5487422031918522,4.056258408118133,885.2222222222222,0.41776960784313727,0.12586805555555555
6,108,1,33.159506357,35.643162467,19/06/2025,35,0.7511850919559921,0.008093752707875844,0.6973594878470805,1.2563306998285133,0.5459287298876152,2.7291820003023575,858.1111111111111,0.576602564102564,0.25781249999999994
6,109,1,33.159556128,35.643414448,19/06/2025,35,0.6938045102365862,0.019148564523586566,0.6533530037199226,1.161305768345211,0.5043368501037616,5.292481250360577,843.5555555555555,0.09302300058477447,0.10416666666666669
6,110,1,33.159613697,35.643651843,19/06/2025,35,0.7489514794023084,0.0037532034823069458,0.6907859784336614,1.274403186251912,0.538125318528653,2.9024646454057463,864.8888888888889,0.5354166666666667,0.20659722222222224
6,111,1,33.15966682,35.643892862,19/06/2025,35,0.767227820348288,0.003853697377675838,0.7002909902118388,1.3384670827504381,0.5606831024429216,2.516672272078755,873.4444444444445,0.6229166666666667,0.23524305555555552
6,112,1,33.159719498,35.644131545,19/06/2025,35,0.7565506192132627,0.007632399126730211,0.6950748063781194,1.2987775896874683,0.5522715377921285,2.9699118602854653,883.2222222222222,0.5458333333333334,0.2230902777777778
6,113,1,33.159773107,35.644375108,19/06/2025,35,0.7478070440874686,0.005896634321829567,0.6880478837961963,1.2810528501099756,0.5377033393259889,5.0901998765158565,867.4444444444445,0.20390449838979252,0.10416666666666669
6,114,0,33.159829127,35.644622533,19/06/2025,35,0.6849846691376622,0.020779643684432712,0.6461491429945265,1.1515638029993962,0.491880576814274,5.06331458369391,889.8888888888889,0.1876867565226622,0.11197916666666669
6,117,0,33.15940016,35.644173385,19/06/2025,35,0.7407820456225305,0.009417406999939412,0.6856713623071962,1.2530934172290262,0.5385742367143803,4.035034316583504,865.7777777777778,0.39997350291467937,0.1579861111111111
6,118,0,33.15934708,35.643931,19/06/2025,35,0.7614176458732114,0.005454691001565672,0.6973796212969665,1.3168394970036341,0.5541213902281323,4.417481250360577,866.3333333333334,0.41874999999999996,0.15104166666666669
6,119,0,33.159294962,35.643689105,19/06/2025,35,0.769396609342416,0.0058670870008812465,0.6942957906032705,1.3849388099451596,0.5571066885161126,4.4486750035058655,869.2222222222222,0.3343814968814968,0.12239583333333334
6,120,0,33.159226015,35.643452487,19/06/2025,35,0.7268331847026622,0.017111942532719495,0.6759379161430521,1.2233975122511476,0.5315317405450105,4.846251836004468,845.8888888888889,0.1743301742611242,0.1076388888888889
6,121,0,33.159170393,35.643204777,19/06/2025,35,0.7657933284492606,0.00491458090195643,0.6979298514019067,1.3415934875811375,0.545489999833201,4.5443721485946105,856.4444444444445,0.2609618951530716,0.12673611111111113
6,122,0,33.159117593,35.642966563,19/06/2025,35,0.7549047669591489,0.00765549497382987,0.6923244474167469,1.3024676618326008,0.5398702606269472,3.872528711171415,884.8888888888889,0.39701092495210144,0.14930555555555558
6,123,0,33.159065415,35.64272392,19/06/2025,35,0.7261404629452431,0.011513526059322017,0.6651495655332075,1.2686278980886303,0.5148158979437497,4.709147917027246,895.6666666666666,0.3071606334841629,0.15104166666666669
6,124,0,33.159009202,35.642481325,19/06/2025,35,0.534770198600732,0.0521652295167134,0.5351291658735378,1.0046313034082033,0.3824716739328615,5.292481250360577,958.7777777777778,0.13090310336996214,0.10416666666666669
6,127,0,33.158804015,35.642959248,19/06/2025,35,0.7448065529448437,0.008900059461182306,0.6815389278192878,1.2957364579078015,0.5377948176599515,4.544372148594611,889.8888888888889,0.20980392156862743,0.1267361111111111
6,128,0,33.158857932,35.643206732,19/06/2025,35,0.7689908523492271,0.009522300187138235,0.6978243314060326,1.3642147683438803,0.5507765290205122,4.5443721485946105,884.2222222222222,0.23542609351432878,0.1267361111111111
6,129,1,33.158909628,35.643437948,19/06/2025,35,0.7619696953987083,0.004577509782492037,0.6941614759115282,1.3365994060775401,0.542869608309022,3.552841670172532,871.1111111111111,0.39601091476091477,0.14409722222222224
6,130,1,33.1589613,35.643677962,19/06/2025,35,0.739271527750734,0.011053681635474912,0.68071487344258,1.2681588920841125,0.529426820183371,4.159037234815499,858.1111111111111,0.22528280542986423,0.15104166666666669
6,131,1,33.159013632,35.643919578,19/06/2025,35,0.7227418267414558,0.01691480662594555,0.6815483044428917,1.1788042451036822,0.5332894883618684,4.846251836004468,859.0,0.18454022461375405,0.1076388888888889
6,134,0,33.158667682,35.643592803,19/06/2025,35,0.6993677275418277,0.012812323991050747,0.6568794576754391,1.1719020964979159,0.5143667998397787,4.28806029632781,865.5555555555555,0.33217994578288695,0.1189236111111111
6,135,0,33.15861547,35.643348467,19/06/2025,35,0.6994891570663835,0.00967957074548085,0.6597171754394684,1.1604636524182117,0.5095537286543159,4.106000399011977,868.3333333333334,0.37536764705882353,0.15364583333333334
6,136,0,33.158563075,35.643114235,19/06/2025,35,0.663050814841765,0.02893894622991891,0.6296572118385702,1.1263955946912962,0.48594588837102953,4.846251836004468,885.2222222222222,0.1509034486975663,0.1076388888888889
6,137,0,33.158525578,35.642949565,19/06/2025,35,0.5226634556806662,0.06151253391587336,0.5312910880120754,0.9841442607323038,0.3717706836301489,4.159037234815499,631.4444444444445,0.1423066831175471,0.15104166666666666
7,2,1,33.161904167,35.64655731,23/06/2025,31,0.6624985755431024,0.010483405074404303,0.6403144846740679,1.081059276146619,0.4968202635360739,4.663320189106001,583.1111111111111,0.1960690175966462,0.125
7,3,1,33.161851242,35.646311857,23/06/2025,31,0.7160320616968864,0.005012730646446002,0.665017248288114,1.2159939861815876,0.5251729569576915,3.494893489628405,876.7777777777778,0.44182692307692306,0.1814236111111111
7,4,1,33.161798215,35.64607068,23/06/2025,31,0.7357196351319222,0.0028474606724730356,0.6794268019654779,1.2537761407930195,0.5497396790493151,2.7684763762821936,878.1111111111111,0.5208333333333335,0.2369791666666667
7,5,1,33.161739218,35.645799122,23/06/2025,31,0.6944495008075591,0.008652372152040221,0.6543810738078627,1.159045557055836,0.5209193661279783,3.547528993762021,848.1111111111111,0.3503676470588235,0.1527777777777778
7,6,1,33.161683657,35.645553007,23/06/2025,31,0.7365558836369324,0.0027772893412769334,0.6799414526678589,1.255883765183684,0.5358667193337505,4.694366543182523,861.2222222222222,0.30554298642533934,0.1310763888888889
7,7,1,33.16163386,35.64532035,23/06/2025,31,0.7475845635633882,0.005176115899643732,0.6869071804155997,1.2853627016059666,0.5520018526386077,3.9369196094054484,869.0,0.3691176470588235,0.13802083333333334
7,8,1,33.161579802,35.645072175,23/06/2025,31,0.7460276336694582,0.006352464120570595,0.6867878026139286,1.2772714534702558,0.5546760934576511,3.9789770342734103,871.0,0.4123774509803921,0.13975694444444445
7,9,1,33.161522608,35.64481208,23/06/2025,31,0.7583066921775039,0.002459201738675093,0.6979007695311995,1.2945022115345826,0.5660259810095821,2.2845300583088024,866.8888888888889,0.7395833333333333,0.3046875
7,10,1,33.161467852,35.644562685,23/06/2025,31,0.7525949588224937,0.004702166759083598,0.6955744492423342,1.2723997908729272,0.5655612695250117,3.817623044017255,868.2222222222222,0.5166666666666667,0.1796875
7,11,1,33.161407923,35.644284105,23/06/2025,31,0.6904985760017079,0.013501767530824518,0.655342864018217,1.1388678565786314,0.5127619928079027,4.681127542695029,877.1111111111111,0.21760603929721578,0.11458333333333334
7,12,1,33.161350028,35.644022393,23/06/2025,31,0.760997525041128,0.005155171835409067,0.6966205262798774,1.3182536372933142,0.5544001886025971,4.137918502671132,879.7777777777778,0.373604826546003,0.13541666666666669
7,13,2,33.161296493,35.643780253,23/06/2025,31,0.7385157916396055,0.007140596406556482,0.6817488912360852,1.2586562794626204,0.5425823982832219,4.4903416701725325,918.0,0.36563914027149313,0.1189236111111111
7,14,2,33.161295503,35.64377286,23/06/2025,31,0.7385157916396055,0.007140596406556482,0.6817488912360852,1.2586562794626204,0.5425823982832219,4.4903416701725325,918.0,0.36563914027149313,0.1189236111111111
7,15,2,33.161237957,35.64351069,23/06/2025,31,0.7061965843846871,0.009321331822886927,0.6587538920492224,1.195218254764001,0.5202483197178553,3.8592897106839215,971.7777777777778,0.270893665158371,0.12586805555555555
7,16,2,33.161181847,35.643255147,23/06/2025,31,0.718645514111167,0.007617142772652563,0.671602994439809,1.2002435926566717,0.5261596597680972,4.461038815261277,941.0,0.2894342872284049,0.125
7,17,2,33.161125505,35.643000462,23/06/2025,31,0.7270665967499818,0.0077919851974297474,0.6688555492712975,1.2560925539962546,0.5314122161116658,4.246653522439334,942.7777777777778,0.2638763197586727,0.1388888888888889
7,18,2,33.161070167,35.642742588,23/06/2025,31,0.6999380931916593,0.0164580999106115,0.6557770769204812,1.1794706609609238,0.5105036619640201,4.846251836004467,935.8888888888889,0.20460214111786626,0.10763888888888891
7,19,1,33.161016097,35.642499303,23/06/2025,31,0.7324125555607702,0.003967829351230674,0.6788106287689784,1.2388334218583905,0.5324980510556866,4.0420739585136225,916.1111111111111,0.25039592760180995,0.18663194444444448
7,20,1,33.160961333,35.642243133,23/06/2025,31,0.7254135757676119,0.0019880343193459616,0.6713375213756112,1.2357046136122731,0.5374708306309957,3.990748962019488,943.7777777777778,0.41911764705882354,0.14583333333333334
7,21,1,33.160905407,35.641989658,23/06/2025,31,0.7195814091069217,0.005153322333384499,0.6698118654017973,1.2129914357384752,0.5280781132514546,3.6147869792568113,945.4444444444445,0.4941176470588235,0.18402777777777776
7,22,1,33.160851472,35.641743378,23/06/2025,31,0.7210903557745599,0.0031476985157824137,0.6707776010810484,1.215967446579497,0.5182379801147882,4.532880086421833,939.3333333333334,0.3405825791855203,0.11892361111111112
7,23,1,33.160796293,35.64149581,23/06/2025,31,0.6913393789564884,0.006112608835428414,0.6481609139410053,1.1702455579653188,0.4961960905384131,4.192359712089615,980.2222222222222,0.3881881598793364,0.12847222222222224
7,24,2,33.16074556,35.641261182,23/06/2025,31,0.63623096025816,0.009505057851636717,0.6177773534496566,1.0634234598332364,0.46221674267235585,4.204986855772667,677.2222222222222,0.2920189299919078,0.15451388888888892
7,26,2,33.160473993,35.641542365,23/06/2025,31,0.6783517439359341,0.00371453633166034,0.6361536727845426,1.1605987873520052,0.4878709090619139,4.577572732832804,970.8888888888889,0.3620098039215686,0.11111111111111112
7,27,2,33.160527985,35.641783753,23/06/2025,31,0.6860867200279065,0.002801972878284018,0.650834980616216,1.1361552363383873,0.5101029753503975,3.199677618511604,941.2222222222222,0.47708333333333336,0.2326388888888889
7,28,1,33.160582947,35.642029865,23/06/2025,31,0.7169599464304311,0.004621250516224546,0.6600244759703631,1.2423180800011338,0.519365579824255,4.20559871257711,941.1111111111111,0.3713090069707716,0.11892361111111112
7,29,1,33.160636005,35.642282955,23/06/2025,31,0.7350686838655102,0.00792742250227167,0.6750016522892264,1.2713012313570418,0.537107086456421,4.461038815261277,924.8888888888889,0.36249999999999993,0.125
7,30,1,33.160695432,35.642537193,23/06/2025,31,0.7350926316077582,0.0019833720844071776,0.6803682218218056,1.2460784611614633,0.5403471836240464,1.9933241319059891,910.7777777777778,0.7604166666666666,0.2873263888888889
7,31,1,33.16074675,35.642782475,23/06/2025,31,0.6543672214021948,0.018975292080747216,0.6301005206432326,1.0884175759300247,0.4803216486737331,5.0901998765158565,908.4444444444445,0.20333710407239822,0.10416666666666669
7,32,1,33.160798315,35.6430323,23/06/2025,31,0.7056610121450023,0.01167835469794291,0.6673101385471021,1.1576002969048718,0.5263876244241755,4.5443721485946105,889.6666666666666,0.3432598039215686,0.1267361111111111
7,33,2,33.160855323,35.643279252,23/06/2025,31,0.7274688626186526,0.0035516221570311216,0.6722724199388276,1.242334878772431,0.529288668136068,3.4311974738287216,918.5555555555555,0.48750000000000004,0.1623263888888889
7,34,2,33.160907978,35.643522723,23/06/2025,31,0.724289083674074,0.004491818361480664,0.6641049263086679,1.2626772122552292,0.5212980699428812,3.6889264404983546,921.7777777777778,0.4666666666666667,0.14930555555555555
7,35,1,33.160966438,35.643779155,23/06/2025,31,0.7353883053180896,0.005008360995070921,0.6818639032248975,1.240747584149047,0.5470465779896202,4.265072732832804,886.2222222222222,0.3670343137254902,0.12239583333333333
7,36,1,33.161020612,35.644023725,23/06/2025,31,0.7467615001289063,0.0024503662121524348,0.691461940659656,1.2584651333595849,0.5604091279157065,2.128154386514085,878.6666666666666,0.7604166666666665,0.3732638888888889
7,37,1,33.161071323,35.644271332,23/06/2025,31,0.7258041377158801,0.006188691326414328,0.6708972848141416,1.2400817390943746,0.5388966122081903,4.050424108083222,874.6666666666666,0.44362745098039214,0.140625
7,38,1,33.161126305,35.644519178,23/06/2025,31,0.7239177050822291,0.007632866739242916,0.6802022822736882,1.188561643330935,0.5446071524811719,4.596251836004467,854.5555555555555,0.30606324650442296,0.11805555555555555
7,39,1,33.16118263,35.644765113,23/06/2025,31,0.7442027365705952,0.0070171592096214715,0.6943879050229483,1.2305294150188606,0.5615281903975293,3.89882421407231,851.5555555555555,0.4395833333333333,0.15104166666666669
7,40,1,33.161234052,35.645006792,23/06/2025,31,0.7568871076768091,0.005247238532271519,0.7001849662984493,1.2746387856095847,0.5653591836792401,3.8346860742973052,842.8888888888889,0.46458333333333335,0.15972222222222224
7,41,1,33.16128798,35.64524954,23/06/2025,31,0.74291513607753,0.003097454630481279,0.6904434943416579,1.2416284906417474,0.5476698502826931,3.355878505976054,861.2222222222222,0.47916666666666674,0.18489583333333331
7,42,1,33.161338072,35.645487483,23/06/2025,31,0.736620692854582,0.00829638354350753,0.6864248459256648,1.227164548375566,0.5467487097338557,4.681127542695029,856.1111111111111,0.2515974685092332,0.11458333333333334
7,43,1,33.161391438,35.645724168,23/06/2025,31,0.7253716217257189,0.007732067281653876,0.6779744870005465,1.2060690998946988,0.542801123867378,4.596251836004467,866.5555555555555,0.28190422322775266,0.11805555555555555
7,44,1,33.161451178,35.645987818,23/06/2025,31,0.6946891016304402,0.011451772306684808,0.6511290446951093,1.1734497250565574,0.5159342939486888,4.038060296327809,890.5555555555555,0.31873525537809827,0.1293402777777778
7,45,1,33.161502477,35.646226487,23/06/2025,31,0.7082499614183378,0.007744426299518149,0.6643870245488698,1.1810526916689008,0.5164506532153084,4.26809871257711,872.4444444444445,0.36875,0.11805555555555555
7,46,1,33.161554907,35.646464875,23/06/2025,31,0.6809976562234134,0.006782631187097198,0.6423871024610254,1.1479250974997457,0.5047427998363135,2.9249935493429025,884.2222222222222,0.5416666666666667,0.2135416666666667
7,47,1,33.161614685,35.646747965,23/06/2025,31,0.6170522362240018,0.020225916797351196,0.6036754583322931,1.0443331008683678,0.46324821633576674,5.292481250360577,793.2222222222222,0.1530262915388202,0.10416666666666669
7,50,1,33.161134613,35.646068373,23/06/2025,31,0.6300964019207433,0.015893338580099548,0.6172577011540897,1.0447499148160502,0.47298613427203784,4.231000399011977,864.3333333333334,0.2691082202111614,0.12239583333333334
7,51,1,33.161079387,35.64581745,23/06/2025,31,0.6897680568704001,0.0051509360629208335,0.655321144949281,1.1342902885230521,0.5204989067532222,3.4317965653881934,872.0,0.5181466817496229,0.1623263888888889
7,52,0,33.161023875,35.64556372,23/06/2025,31,0.7109577870275844,0.007496636817376776,0.6647522288198028,1.1921596092594193,0.5285763134370669,4.692623044017256,881.2222222222222,0.2860732810948019,0.1189236111111111
7,53,0,33.160968185,35.645311618,23/06/2025,31,0.7449872033395827,0.010058668468695383,0.6907730078207164,1.252786310526621,0.5606798432724502,3.613472838821893,851.5555555555555,0.44166666666666665,0.1657986111111111
7,54,1,33.160917117,35.6450801,23/06/2025,31,0.757045568278629,0.0043442354124663355,0.7026717978691711,1.2634180826407855,0.5759118101342333,1.9249935493429025,842.2222222222222,0.7916666666666667,0.3315972222222222
7,55,1,33.160866638,35.644850175,23/06/2025,31,0.7661080264971758,0.0033147672239893333,0.7082217047832935,1.289879666128044,0.5767539114917359,4.110161460266554,827.7777777777778,0.36858031674208147,0.1762152777777778
7,56,1,33.160810095,35.644588563,23/06/2025,31,0.7320302487980704,0.012714478928651745,0.6906520554374711,1.183604156849528,0.5626184270530361,4.473406066166138,831.2222222222222,0.26446205199792,0.1154513888888889
7,57,1,33.160743152,35.64436066,23/06/2025,31,0.7354269264341166,0.01067337981931615,0.6877971296659996,1.2154151103001576,0.5626280451026187,4.577572732832804,844.8888888888889,0.26958389384859965,0.1111111111111111
7,58,1,33.160689237,35.644118827,23/06/2025,31,0.7489537191653256,0.006455116656645804,0.6940218722340868,1.2587403606854315,0.5624936961222686,4.388719991868832,852.4444444444445,0.30754636989931106,0.12239583333333334
7,59,1,33.160635753,35.643873842,23/06/2025,31,0.7499898849641045,0.0024750293920680418,0.6968372018693287,1.2506001076914703,0.5694020161188871,4.105593107165021,843.4444444444445,0.46458333333333335,0.1371527777777778
7,60,1,33.160585255,35.643639628,23/06/2025,31,0.751817154549953,0.0020445942213824396,0.695398662524643,1.268163428026511,0.5630739862115388,4.417481250360577,851.6666666666666,0.3560803167420814,0.15104166666666669
7,61,1,33.160529465,35.643396377,23/06/2025,31,0.7526570747718129,0.003918604972320403,0.696960878527827,1.2653804136929472,0.5621124860111499,3.771388024249054,857.0,0.37957202111613875,0.14756944444444445
7,62,1,33.160478112,35.643155417,23/06/2025,31,0.7218054164105913,0.009218868877052748,0.6828855213250401,1.1671296304779393,0.5428325733813861,4.846251836004468,861.4444444444445,0.23588291345644283,0.1076388888888889
7,63,0,33.160426752,35.642917528,23/06/2025,31,0.721336839165054,0.01494392671402006,0.6790584377761165,1.1819962426354476,0.5447353712544889,4.881866543182522,864.0,0.19515638375932495,0.11111111111111113
7,64,1,33.160374338,35.64267693,23/06/2025,31,0.7367907214835088,0.004809252480881567,0.6837124331384034,1.239896145095737,0.5446551330638535,4.549815690428227,881.2222222222222,0.3594362745098039,0.11545138888888891
7,65,1,33.160321667,35.642433553,23/06/2025,31,0.7374784247734246,0.0024749992881846895,0.6800761391829552,1.2603438243815728,0.5396336993380162,1.6835024445205309,879.5555555555555,0.8125,0.4201388888888889
7,66,1,33.160267302,35.642186545,23/06/2025,31,0.7299422201762279,0.005333775552876288,0.6729917002775953,1.2522426523704842,0.5344308445143832,4.1595533252021655,906.2222222222222,0.4164969834087482,0.1371527777777778
7,67,1,33.160215403,35.641953228,23/06/2025,31,0.7242292954560655,0.0076044156127625445,0.673413909714251,1.220932948193068,0.5313528599372322,2.340738033785916,905.8888888888889,0.6895833333333333,0.3211805555555556
7,68,1,33.160160902,35.641708345,23/06/2025,31,0.699730935739819,0.010637324644871531,0.6595917820046135,1.1619569195247939,0.5142534513931654,4.638589126445728,921.7777777777778,0.21900885614120905,0.11458333333333334
7,71,0,33.15991125,35.64199894,23/06/2025,31,0.6904093221697395,0.006909656211766232,0.6508600266205868,1.1550282797631328,0.5065477727015872,3.7170907747498885,921.0,0.4375000000000001,0.14930555555555558
7,72,0,33.159965595,35.642245682,23/06/2025,31,0.7102127340854371,0.0024704568712183355,0.6648922160535082,1.1879533537983067,0.5248652189213714,2.9616506720657205,894.4444444444445,0.5729166666666667,0.21788194444444448
7,73,0,33.160023748,35.642498748,23/06/2025,31,0.7354578070506705,0.006264671991734327,0.6795140434141791,1.2526621756645024,0.5483178920165358,3.6502857535759934,882.8888888888889,0.5333333333333333,0.13975694444444445
7,74,1,33.160092528,35.642816152,23/06/2025,31,0.7435101354667257,0.0037123921956040947,0.692167629429429,1.2367199040676196,0.5626288906732656,3.784886917514739,866.3333333333334,0.4708333333333334,0.1371527777777778
7,75,1,33.16014033,35.643049575,23/06/2025,31,0.7069522543231774,0.014161666686220724,0.6729985251739015,1.1398879482608035,0.5296089160460191,4.596251836004467,832.3333333333334,0.19626793276004176,0.11805555555555555
7,76,0,33.160202665,35.643323637,23/06/2025,31,0.7285277927454896,0.010785428082531301,0.6872183262302528,1.1814004430949323,0.5451215256569049,4.861033209849189,840.4444444444445,0.23637112225347517,0.11197916666666669
7,77,0,33.160255515,35.64356091,23/06/2025,31,0.760469036595532,0.007474381047015334,0.6989773182095405,1.3033121960056036,0.5740962785065429,4.3019664814404495,846.2222222222222,0.22481324650442303,0.13368055555555558
7,78,0,33.16030711,35.643799343,23/06/2025,31,0.7554825592092999,0.004484201248252908,0.6972269434556916,1.281011924562613,0.5641689097380265,3.8725287111714155,835.7777777777778,0.51875,0.14930555555555555
7,79,0,33.160359295,35.644039982,23/06/2025,31,0.7400900669863402,0.008190305944691723,0.6883657758341839,1.237335432272894,0.5628535294864864,2.4786468811102855,833.0,0.6125,0.24739583333333331
7,80,0,33.16041425,35.644280253,23/06/2025,31,0.7333765960695214,0.0060695358397569905,0.6859432369867049,1.2117227995161255,0.5493881665674457,3.508613481497238,837.4444444444445,0.5437500000000001,0.20833333333333337
7,81,0,33.160462468,35.644512675,23/06/2025,31,0.7244334202648042,0.015363446137944594,0.6853254150534182,1.1712975198376958,0.5448350799159134,4.288060296327809,827.0,0.2860450465364382,0.1189236111111111
7,82,0,33.160514765,35.644741153,23/06/2025,31,0.7389047618964046,0.003196432143981281,0.6872000452306652,1.2350463182896547,0.5531787870646224,3.548680608917954,836.7777777777778,0.5458333333333333,0.18055555555555555
7,83,1,33.160565533,35.644975222,23/06/2025,31,0.7570615657516446,0.0059694446836114435,0.7017733374270203,1.2677231311870447,0.5751806350292319,3.613472838821893,845.5555555555555,0.5125,0.1657986111111111
7,84,1,33.160615463,35.645209277,23/06/2025,31,0.7380339286628589,0.005609961412351584,0.6938595059468289,1.1994728863373845,0.5676464869725378,2.8508291614931816,861.5555555555555,0.66875,0.22569444444444442
7,85,1,33.16066841,35.645444015,23/06/2025,31,0.7150990057461829,0.013232710276228346,0.6784512475240455,1.1538325233072142,0.5374918691119325,4.434153522439333,854.5555555555555,0.3206188598100363,0.1328125
7,86,1,33.160720382,35.645692387,23/06/2025,31,0.6507984799965516,0.021008341508969266,0.6323819201974801,1.0665629337803064,0.4987821938386847,4.263329233667537,879.3333333333334,0.28285551581821305,0.1189236111111111
7,89,0,33.160266512,35.645112597,23/06/2025,31,0.6717649599305812,0.01903774662866449,0.6513350796334496,1.0766084813270993,0.517088318212835,3.959147917027245,874.5555555555555,0.2850815767207446,0.21006944444444445
7,90,1,33.160211572,35.644867212,23/06/2025,31,0.7258915549013469,0.010175421884143101,0.6839595639976889,1.18243424169594,0.5497675055046972,4.861033209849189,850.5555555555555,0.27431362357832945,0.11197916666666669
7,91,0,33.160160582,35.644633925,23/06/2025,31,0.6981576350567961,0.009329765968102385,0.6699128949413076,1.1124177265592312,0.5266051067167875,4.359898128338917,832.3333333333334,0.2324000754147813,0.11805555555555557
7,92,1,33.160110772,35.644403592,23/06/2025,31,0.7478606889352855,0.004476279473060159,0.6972241444748634,1.236630677009549,0.5586527080012624,3.9789770342734103,834.4444444444445,0.45367647058823524,0.13975694444444445
7,93,1,33.160057588,35.644164157,23/06/2025,31,0.7502569191285169,0.004690932004680321,0.6999111947194784,1.2372314214337485,0.5686899578719387,3.2268427769068477,841.5555555555555,0.5786764705882352,0.20225694444444448
7,94,1,33.160003118,35.64391539,23/06/2025,31,0.7566060426599415,0.004847246763743897,0.7056065451339857,1.2464464418053973,0.5797782044290343,3.580884111388142,833.3333333333334,0.5208333333333334,0.16145833333333331
7,95,1,33.159952528,35.643679232,23/06/2025,31,0.7527368467514114,0.003410500031230436,0.6986946488152297,1.2573677984295752,0.560578441458828,3.437907291846956,841.6666666666666,0.48750000000000004,0.15104166666666669
7,96,1,33.159900615,35.64344177,23/06/2025,31,0.7457023134286512,0.006215867682519943,0.6934417878747091,1.2426853715726394,0.5602449285924517,4.431739399499471,848.7777777777778,0.38125,0.11892361111111112
7,97,1,33.159848477,35.643206347,23/06/2025,31,0.7097072626949953,0.013908708635312877,0.6767636933494088,1.1380501235474993,0.5385206083306708,3.803127068983564,850.5555555555555,0.3544117647058823,0.1623263888888889
7,98,1,33.159795493,35.642962257,23/06/2025,31,0.7379381772142914,0.006489413224408601,0.6855825365180637,1.2374543090463619,0.5446063998048921,2.553700325258954,852.0,0.6270833333333334,0.24739583333333331
7,99,1,33.159742288,35.642722712,23/06/2025,31,0.7327769228372154,0.004697520490221741,0.6792639619650802,1.2385466244639174,0.551767287632411,3.9785862760721145,872.5555555555555,0.360171568627451,0.12586805555555555
7,100,0,33.15968937,35.642477,23/06/2025,31,0.7210322255115342,0.006028476188733665,0.6737557579673452,1.2029867183456373,0.5325808799651592,2.078838679766182,884.3333333333334,0.7708333333333334,0.35937500000000006
7,101,1,33.159635603,35.642232272,23/06/2025,31,0.7062805464164345,0.00565716625430624,0.6618891124122704,1.1820703749585821,0.5291342847002125,2.180217524890209,917.5555555555555,0.6666666666666667,0.2907986111111111
7,102,0,33.159582878,35.641992193,23/06/2025,31,0.559641256447929,0.05681435128047339,0.5729829520853786,0.9659899342484058,0.421654681684106,5.0485332098491895,958.4444444444445,0.07520793168903708,0.1076388888888889
7,105,1,33.159348135,35.642439938,23/06/2025,31,0.6940695020205473,0.008473009801735354,0.6499593501905805,1.1752251143041899,0.49645623511170517,3.8988242140723095,942.5555555555555,0.2379287941787942,0.15104166666666669
7,106,1,33.159400735,35.642679832,23/06/2025,31,0.7258486378477687,0.007325427411221866,0.6688071450826926,1.2498460676375691,0.5176234576136066,4.056258408118133,928.2222222222222,0.3340686274509804,0.12586805555555555
7,107,1,33.159453582,35.64291647,23/06/2025,31,0.7289459743953377,0.005621386030214113,0.6739804886371281,1.2425397067717032,0.5208078007339728,3.878666266617519,910.2222222222222,0.23917797888386122,0.1579861111111111
7,108,1,33.159506357,35.643162467,23/06/2025,31,0.7298683389386302,0.009060946032731875,0.6730270555604336,1.2528659111464426,0.5170931456145751,2.4308241319059887,895.2222222222222,0.64375,0.24479166666666663
7,109,1,33.159556128,35.643414448,23/06/2025,31,0.6744390314074302,0.01842116628202824,0.6430852632590192,1.1190594954358875,0.4992823618569981,5.063314583693912,883.2222222222222,0.15394067161685773,0.11197916666666669
7,110,1,33.159613697,35.643651843,23/06/2025,31,0.7230681467759037,0.00773844053953126,0.6725293555834257,1.2192141356251287,0.525533060429551,3.0342934324239748,895.7777777777778,0.575,0.2230902777777778
7,111,1,33.15966682,35.643892862,23/06/2025,31,0.7341486602575016,0.004776464541580599,0.6807802908823287,1.2389931625804873,0.5282825679293431,4.343722183214058,899.7777777777778,0.31884992458521866,0.14756944444444445
7,112,1,33.159719498,35.644131545,23/06/2025,31,0.7272406404007855,0.0038595063269729253,0.6714819702970983,1.2449448471288695,0.5271512350453028,3.250840089726753,916.4444444444445,0.5041666666666668,0.1701388888888889
7,113,1,33.159773107,35.644375108,23/06/2025,31,0.7242685037383338,0.005585469000256004,0.669296721546042,1.2396223507502915,0.5193357935842812,4.596251836004467,898.8888888888889,0.33125,0.11805555555555555
7,114,0,33.159829127,35.644622533,23/06/2025,31,0.6640404586652083,0.016100873033186237,0.6298551430704362,1.1257053116820481,0.48028216125887596,4.819366543182521,916.4444444444445,0.22932315233785822,0.11545138888888891
7,117,0,33.15940016,35.644173385,23/06/2025,31,0.7017644160474482,0.008763580369174438,0.6581346522679401,1.1770301356147705,0.5093811185829922,3.966219025167254,899.7777777777778,0.28688725490196076,0.14583333333333334
7,118,0,33.15934708,35.643931,23/06/2025,31,0.7310685693141438,0.0057788120883322126,0.672413140986162,1.2612459729914713,0.5304766774503636,3.343356721683265,898.3333333333334,0.5119587970323265,0.1840277777777778
7,119,0,33.159294962,35.643689105,23/06/2025,31,0.7274108576660894,0.005415521470742413,0.6694319150776683,1.25481025678683,0.52254058720581,4.456733794087382,896.7777777777778,0.28298000489176955,0.1267361111111111
7,120,0,33.159226015,35.643452487,23/06/2025,31,0.6953083977770027,0.016914214304175217,0.6500746741330083,1.181360561777889,0.495461679009903,4.8215207733441945,889.7777777777778,0.1834198819157573,0.1076388888888889
7,121,0,33.159170393,35.643204777,23/06/2025,31,0.7332318606438096,0.003280877005487512,0.6771419572073427,1.2507707561114916,0.5239354118064193,4.175613740476479,894.0,0.3123303167420815,0.12152777777777779
7,122,0,33.159117593,35.642966563,23/06/2025,31,0.7238446286857703,0.00450748049245995,0.6713374296263032,1.2280448670095807,0.5114801341252168,3.2197682296173893,917.3333333333334,0.49950980392156863,0.1953125
7,123,0,33.159065415,35.64272392,23/06/2025,31,0.6948487318768439,0.007837971281679911,0.6470143862516585,1.1906445044650071,0.4935275787539809,4.300424108083222,923.7777777777778,0.35625000000000007,0.13020833333333334
7,124,0,33.159009202,35.642481325,23/06/2025,31,0.5170716369852145,0.04931737997921802,0.5318942136838847,0.9640896104137311,0.3826339133404403,5.0485332098491895,968.0,0.1308170262190032,0.1076388888888889
7,127,0,33.158804015,35.642959248,23/06/2025,31,0.7099335150743458,0.011509856457179233,0.6666157348128395,1.1801364826721021,0.5121487530305369,4.804585169337801,908.2222222222222,0.11124903183726713,0.11111111111111112
7,128,0,33.158857932,35.643206732,23/06/2025,31,0.7317682785166983,0.00948537173059318,0.6756502023164053,1.250950614220855,0.5221563114225629,4.5587462305923765,909.4444444444445,0.3441854184501243,0.13020833333333331
7,129,1,33.158909628,35.643437948,23/06/2025,31,0.7212925935507116,0.004665122643979746,0.6695477273833732,1.2228686617173534,0.5160410511939788,4.251426440498354,911.6666666666666,0.39583333333333337,0.12239583333333334
7,130,1,33.1589613,35.643677962,23/06/2025,31,0.694345539627753,0.011887381707974853,0.6546291128782449,1.1581675385316705,0.4974379786121801,4.57957956392571,892.7777777777778,0.289628480290245,0.12239583333333334
7,131,1,33.159013632,35.643919578,23/06/2025,31,0.6811463472533786,0.02016623048584125,0.6463945185411469,1.13468091459143,0.49943234225390815,5.167481250360579,907.3333333333334,0.1683752700664465,0.11979166666666669
7,134,0,33.158667682,35.643592803,23/06/2025,31,0.6545676922145713,0.008672399397629293,0.626612993847192,1.0999729702606393,0.48099523352664925,3.642226962994476,909.3333333333334,0.36578054298642537,0.17708333333333334
7,135,0,33.15861547,35.643348467,23/06/2025,31,0.6729749416901678,0.006431528774784696,0.6364269830263444,1.1367679577959788,0.4961093720947907,4.263329233667537,908.4444444444445,0.37279411764705883,0.11892361111111112
7,136,0,33.158563075,35.643114235,23/06/2025,31,0.6461491505388629,0.019170330674055523,0.617791160369089,1.100556916075007,0.46960968281045634,5.0485332098491895,909.6666666666666,0.1599206106559048,0.10763888888888891
7,137,0,33.158525578,35.642949565,23/06/2025,31,0.5204419725395901,0.033977293546755404,0.538388108419807,0.952640047089795,0.3865298469988297,4.663320189106001,653.6666666666666,0.10572844082601315,0.125
8,2,1,33.161904167,35.64655731,29/06/2025,25,0.6851081230635502,0.005661148245227455,0.6563249555628973,1.1107105354431754,0.4931557926157248,3.9090372348154983,592.7777777777778,0.24201966706092015,0.16145833333333334
8,3,1,33.161851242,35.646311857,29/06/2025,25,0.7170308243631567,0.0061362726446546395,0.6745665721933063,1.1794328564729826,0.5123033465419327,5.090199876515856,885.6666666666666,0.2013649056296115,0.10416666666666669
8,4,1,33.161798215,35.64607068,29/06/2025,25,0.7357253367821274,0.006026046031446117,0.6857151636323685,1.2251096254974199,0.5336702224295791,3.4683369582504953,905.0,0.43737745098039216,0.17274305555555555
8,5,1,33.161739218,35.645799122,29/06/2025,25,0.6969920519289303,0.008162657335307426,0.6704581590059234,1.1054177107096006,0.5154203738337616,4.681127542695029,846.5555555555555,0.250482552688435,0.11458333333333334
8,6,1,33.161683657,35.645553007,29/06/2025,25,0.7306528938083704,0.006273093665904831,0.6777419856037922,1.2344978347449116,0.5178758206361276,4.0575408886971704,898.4444444444445,0.4682427336839101,0.13368055555555558
8,7,1,33.16163386,35.64532035,29/06/2025,25,0.7343185854909138,0.0032616474335821336,0.6929529230305349,1.1840405020257319,0.5325190299435556,4.265072732832804,899.5555555555555,0.26272247360482653,0.12239583333333334
8,8,1,33.161579802,35.645072175,29/06/2025,25,0.7411346329551991,0.004731975062543595,0.6903625466801516,1.2330913991883503,0.5379635658382902,3.552694271103767,898.5555555555555,0.5145833333333333,0.15104166666666669
8,9,1,33.161522608,35.64481208,29/06/2025,25,0.751081740750291,0.009820561012886322,0.6909587984757032,1.2861629897932394,0.5409599844548283,4.8193665431825226,910.6666666666666,0.17746731270750957,0.1154513888888889
8,10,1,33.161467852,35.644562685,29/06/2025,25,0.7599474713524194,0.007263296248586607,0.7005229271372244,1.2918573981740984,0.5453427065573371,4.516134114808695,902.5555555555555,0.3338989441930619,0.14149305555555558
8,11,1,33.161407923,35.644284105,29/06/2025,25,0.7053456682781732,0.011570433964677981,0.6658365776296886,1.1621938537551169,0.5185546839644863,4.602303795493077,905.5555555555555,0.2524886877828054,0.11111111111111112
8,12,1,33.161350028,35.644022393,29/06/2025,25,0.7592531537020024,0.004289848864594912,0.7018947506775493,1.2804355036519026,0.5426788834003998,4.519641085934339,919.6666666666666,0.3474264705882353,0.11805555555555555
8,13,2,33.161296493,35.643780253,29/06/2025,25,0.7351995633774364,0.016736673714648136,0.6810903460017782,1.2463444846665999,0.5340805336790753,3.909159127851422,982.4444444444445,0.21736425339366514,0.1388888888888889
8,14,2,33.161295503,35.64377286,29/06/2025,25,0.7351995633774364,0.016736673714648136,0.6810903460017782,1.2463444846665999,0.5340805336790753,3.909159127851422,982.4444444444445,0.21736425339366514,0.1388888888888889
8,15,2,33.161237957,35.64351069,29/06/2025,25,0.693743864360241,0.012017017250001871,0.6465065904866197,1.188074134500012,0.47968982520312675,4.184284387862438,1036.2222222222222,0.28353129713423836,0.14756944444444445
8,16,2,33.161181847,35.643255147,29/06/2025,25,0.719428661543166,0.008474562607713334,0.6653249448331124,1.2320021606159974,0.5001146900132692,3.80700273142711,987.4444444444445,0.39580938404467814,0.15104166666666669
8,17,2,33.161125505,35.643000462,29/06/2025,25,0.722113657175113,0.005135029403693136,0.671518481273552,1.2178969734665273,0.5066737043619052,4.109987163445857,971.1111111111111,0.39828431372549017,0.140625
8,18,2,33.161070167,35.642742588,29/06/2025,25,0.6962587063742904,0.02433294343911898,0.6554589687030905,1.1661289335149434,0.499378763869665,4.776828126933223,964.4444444444445,0.1527549079630306,0.11545138888888891
8,19,1,33.161016097,35.642499303,29/06/2025,25,0.7388820394243409,0.004760050581359789,0.6915155098999773,1.2148985221134956,0.5367691057779714,4.218636587256564,930.7777777777778,0.4198529411764706,0.1267361111111111
8,20,1,33.160961333,35.642243133,29/06/2025,25,0.7327083435225815,0.007475049073845055,0.6750825563479428,1.2581458388943922,0.5091232697432899,4.316689088315021,981.0,0.2351338612368024,0.11805555555555555
8,21,1,33.160905407,35.641989658,29/06/2025,25,0.7211556657191944,0.0033094759413810557,0.6634075183269947,1.2490911403329628,0.5147042802123116,3.4416188279300868,1012.2222222222222,0.4708333333333333,0.20572916666666669
8,22,1,33.160851472,35.641743378,29/06/2025,25,0.7192395517482273,0.006142360470187893,0.6663820458389986,1.2261137843006427,0.5070488069313467,4.083973620206547,997.5555555555555,0.3678008401017726,0.15711805555555558
8,23,1,33.160796293,35.64149581,29/06/2025,25,0.6870971470558045,0.015085698926382389,0.6385144405994173,1.191268439980859,0.4778343505700091,4.602303795493078,1044.4444444444443,0.2638103318250377,0.11111111111111112
8,24,2,33.16074556,35.641261182,29/06/2025,25,0.653987531820968,0.006972945042258209,0.6209426039362087,1.1180786374402523,0.453282704440521,2.68514304294886,721.0,0.4687773922571219,0.23524305555555558
8,26,2,33.160473993,35.641542365,29/06/2025,25,0.6747724950971512,0.005106124439711732,0.6421820651469938,1.1222069170927051,0.47325633781268983,3.4584290997511093,1007.5555555555555,0.39326923076923076,0.1623263888888889
8,27,2,33.160527985,35.641783753,29/06/2025,25,0.7018109431837153,0.0069397805084869535,0.659679966892275,1.1710296441141905,0.50181651699905,4.084759773831688,977.5555555555555,0.3455128205128205,0.13281250000000003
8,28,1,33.160582947,35.642029865,29/06/2025,25,0.7162451649318567,0.006282355838277986,0.6708537425530021,1.1920527422668874,0.5138511176682491,3.936919609405448,958.8888888888889,0.4104166666666666,0.12934027777777776
8,29,1,33.160636005,35.642282955,29/06/2025,25,0.7338666595376014,0.004359335078396058,0.6783054117506532,1.249026916281198,0.5163805424003709,2.8061881477331987,955.2222222222222,0.5645833333333333,0.2170138888888889
8,30,1,33.160695432,35.642537193,29/06/2025,25,0.7507563540250978,0.006326993847940258,0.6961508468347866,1.2588153856932598,0.5511599877383182,3.9260947318578157,927.1111111111111,0.27332991928580164,0.14236111111111113
8,31,1,33.16074675,35.642782475,29/06/2025,25,0.6755368296173858,0.018257079865678726,0.6510311621326399,1.0931888963400653,0.5013456338222837,4.846251836004467,912.5555555555555,0.12511123307393032,0.1076388888888889
8,32,1,33.160798315,35.6430323,29/06/2025,25,0.7263298002606876,0.008638977506738345,0.6779700825216857,1.2120697042845154,0.5317912032650632,3.642226962994476,929.0,0.47948717948717956,0.1579861111111111
8,33,2,33.160855323,35.643279252,29/06/2025,25,0.7371713965613554,0.006349969866240737,0.6811691286319013,1.254438218397696,0.5156441101393994,2.4721130839387078,941.3333333333334,0.6104166666666666,0.2552083333333333
8,34,2,33.160907978,35.643522723,29/06/2025,25,0.7255614174283888,0.00836768712679929,0.6694185464410249,1.2458231878190784,0.523143914805197,4.300687440010861,956.7777777777778,0.2459388121152827,0.12239583333333334
8,35,1,33.160966438,35.643779155,29/06/2025,25,0.7413030178049852,0.0046724577901303965,0.6849138886081614,1.2591808357785566,0.530363288590967,3.516159620841537,928.4444444444445,0.5145833333333333,0.1623263888888889
8,36,1,33.161020612,35.644023725,29/06/2025,25,0.7524593525614186,0.004337836109408851,0.7000339056297487,1.2492288175267816,0.5460894017947379,4.846251836004467,897.5555555555555,0.2447950552362317,0.1076388888888889
8,37,1,33.161071323,35.644271332,29/06/2025,25,0.7285102954803606,0.009808131286298928,0.6795686587365769,1.2153927558674336,0.5261100493600384,4.186772210336684,898.3333333333334,0.2645795625942684,0.12586805555555555
8,38,1,33.161126305,35.644519178,29/06/2025,25,0.7352715947669378,0.005669091497703126,0.6849195927806666,1.2260314343498644,0.5559407379193415,3.152170691632976,901.7777777777778,0.4645833333333333,0.22395833333333331
8,39,1,33.16118263,35.644765113,29/06/2025,25,0.7559403378986415,0.007099025963998862,0.7033818854930092,1.2540085478164635,0.5545578968398573,4.164602669685038,883.5555555555555,0.32274698340874813,0.1345486111111111
8,40,1,33.161234052,35.645006792,29/06/2025,25,0.7506685912651495,0.0022725875415877343,0.6959709447196086,1.258748332415025,0.5561747121599612,3.7670795639257104,889.3333333333334,0.3873774509803922,0.1440972222222222
8,41,1,33.16128798,35.64524954,29/06/2025,25,0.7438536601400698,0.007109922898817722,0.6862416043534975,1.26731052279307,0.533379642437544,4.272667065678644,907.4444444444445,0.4125,0.1345486111111111
8,42,1,33.161338072,35.645487483,29/06/2025,25,0.7341190085436581,0.0067739423908994515,0.6865341069655106,1.2133975863690993,0.5289004599126196,4.099598313565132,904.2222222222222,0.43700980392156863,0.1371527777777778
8,43,1,33.161391438,35.645724168,29/06/2025,25,0.727456256076344,0.004632929332373183,0.6788736883045533,1.2127956221389533,0.5251754357620516,4.18805469091572,910.5555555555555,0.4182598039215687,0.13020833333333334
8,44,1,33.161451178,35.645987818,29/06/2025,25,0.7019225476786883,0.011879743101859668,0.6667023177190479,1.1427894830988663,0.5004929356564989,4.596251836004467,882.1111111111111,0.20386857445680975,0.11805555555555557
8,45,1,33.161502477,35.646226487,29/06/2025,25,0.7075941740377673,0.00562803110022499,0.6673378606008947,1.1653755995245194,0.5200501314664624,3.854573958513622,909.2222222222222,0.51875,0.20833333333333334
8,46,1,33.161554907,35.646464875,29/06/2025,25,0.6908803608631434,0.008781548388961011,0.6541685065753688,1.1440760826442875,0.5001450129885515,4.575418502671132,915.0,0.2891991765521177,0.1189236111111111
8,47,1,33.161614685,35.646747965,29/06/2025,25,0.6351097412825699,0.015880120765649482,0.6225279074484094,1.0436619971141938,0.4655788751847569,4.802694271103766,793.1111111111111,0.2700288053141933,0.1267361111111111
8,50,1,33.161134613,35.646068373,29/06/2025,25,0.6352184022014444,0.013479740644158536,0.6291981853149681,1.0213097548345784,0.4729021008474287,4.596251836004467,865.7777777777778,0.1937358814779905,0.11805555555555555
8,51,1,33.161079387,35.64581745,29/06/2025,25,0.7032132108856047,0.010652199956517987,0.6682357517843778,1.1420530131462014,0.5145356614320883,4.776828126933222,887.0,0.34901960784313724,0.1154513888888889
8,52,0,33.161023875,35.64556372,29/06/2025,25,0.7136858217774135,0.0027452721610112386,0.6727518223779229,1.1711288522577281,0.5254024069420912,3.61030885933532,893.4444444444445,0.4625,0.15711805555555555
8,53,0,33.160968185,35.645311618,29/06/2025,25,0.7448949160162297,0.006710561070602931,0.6934593166231344,1.2386276057722827,0.5409863005475188,5.167481250360579,880.5555555555555,0.250197963800905,0.11979166666666669
8,54,1,33.160917117,35.6450801,29/06/2025,25,0.7656786338482723,0.0073502083713396765,0.7123233628425704,1.2672971848177703,0.5739878049954011,2.339986977229236,854.0,0.7062499999999999,0.30295138888888884
8,55,1,33.160866638,35.644850175,29/06/2025,25,0.7602123712770773,0.005356445113726997,0.7108001776679516,1.2415278285185039,0.5725629006013309,4.078855213411842,855.8888888888889,0.30891958134605196,0.12586805555555555
8,56,1,33.160810095,35.644588563,29/06/2025,25,0.7402579053177692,0.007039129311109891,0.7008290424939859,1.1786788654073002,0.5529074387886834,4.163932045910443,840.8888888888889,0.35400075414781296,0.13802083333333334
8,57,1,33.160743152,35.64436066,29/06/2025,25,0.7508743230309727,0.008021669422845892,0.7018852974800127,1.2315000113508532,0.5514434747890574,4.2284388770033505,855.3333333333334,0.2751844125497299,0.13802083333333334
8,58,1,33.160689237,35.644118827,29/06/2025,25,0.7557728390358421,0.007606473312952341,0.7002630884291707,1.2675744283916186,0.5519557292753975,4.36923939949947,875.7777777777778,0.26845776772247365,0.11805555555555555
8,59,1,33.160635753,35.643873842,29/06/2025,25,0.7550757287353744,0.004799606841767639,0.6985890140985663,1.2722763795429741,0.5477296359948984,3.216751222260265,876.2222222222222,0.5625,0.19010416666666666
8,60,1,33.160585255,35.643639628,29/06/2025,25,0.7642299182845582,0.006234784709259546,0.7127917037420448,1.255139209769446,0.5545911351901912,4.343511255071193,857.0,0.30021172190289835,0.1371527777777778
8,61,1,33.160529465,35.643396377,29/06/2025,25,0.7666108478369617,0.006121766112296005,0.7075628970826623,1.2970255119085943,0.5573209948589092,4.519160094553001,878.6666666666666,0.2713989441930618,0.11458333333333334
8,62,1,33.160478112,35.643155417,29/06/2025,25,0.7401270266194397,0.009579137702700526,0.6897020839854907,1.2306125255924716,0.5359093320190825,5.0901998765158565,876.6666666666666,0.18267575004106745,0.10416666666666669
8,63,0,33.160426752,35.642917528,29/06/2025,25,0.7356709230626914,0.007989827631839301,0.6892580468089832,1.2083020488469771,0.5322224078395259,4.104458025654749,880.5555555555555,0.2755656108597285,0.1345486111111111
8,64,1,33.160374338,35.64267693,29/06/2025,25,0.737073540878161,0.007083495790796941,0.6870148774344136,1.2261403424725028,0.5321502493968016,4.213847135551883,911.0,0.279167227181933,0.1371527777777778
8,65,1,33.160321667,35.642433553,29/06/2025,25,0.7395303976893227,0.0068997775298617085,0.680206887834372,1.2719284117139509,0.5228989525666212,3.0841734230600863,931.6666666666666,0.4458333333333333,0.1996527777777778
8,66,1,33.160267302,35.642186545,29/06/2025,25,0.7368712154069705,0.004896420914153839,0.6827862422554154,1.2446953268482686,0.5288275040639139,2.4389247528036693,939.6666666666666,0.65625,0.3003472222222222
8,67,1,33.160215403,35.641953228,29/06/2025,25,0.7267467364652394,0.0038804838439590135,0.678674438600263,1.2096585576325785,0.5214920110613598,3.906264013530222,936.2222222222222,0.3249528657616893,0.15104166666666669
8,68,1,33.160160902,35.641708345,29/06/2025,25,0.7050962829352989,0.01184656802933284,0.6683041669846843,1.1502109782282433,0.5131218618648882,5.167481250360579,943.6666666666666,0.17634039582568992,0.11979166666666669
8,71,0,33.15991125,35.64199894,29/06/2025,25,0.6979742230668017,0.011402135571593268,0.6585926006035381,1.1588617684882103,0.5013062210576649,3.398933012612021,957.8888888888889,0.5432598039215686,0.15885416666666669
8,72,0,33.159965595,35.642245682,29/06/2025,25,0.7198299264565446,0.009211033977142888,0.6728105275667778,1.2013570807717078,0.5146752725164422,4.840199876515856,922.7777777777778,0.27862546369899316,0.11458333333333334
8,73,0,33.160023748,35.642498748,29/06/2025,25,0.7391449539663636,0.007333549253978885,0.6890086959916512,1.229072584417713,0.531114368772578,4.474467448142028,903.2222222222222,0.3514800150829563,0.12239583333333334
8,74,1,33.160092528,35.642816152,29/06/2025,25,0.7563353403137385,0.003438044995396704,0.7056764689991145,1.243743374121415,0.558134668750437,4.186772210336684,864.5555555555555,0.33807172557172555,0.12586805555555558
8,75,1,33.16014033,35.643049575,29/06/2025,25,0.724592917273151,0.012997048587004708,0.6926921506268325,1.1379695191185561,0.5412390263522512,5.0901998765158565,817.3333333333334,0.11200388386591278,0.10416666666666669
8,76,0,33.160202665,35.643323637,29/06/2025,25,0.7484733266478053,0.006645560630383383,0.7076505405868962,1.190523010662012,0.5513689481208589,3.9785862760721145,828.4444444444445,0.360171568627451,0.12586805555555555
8,77,0,33.160255515,35.64356091,29/06/2025,25,0.7661498437713398,0.0062162967935527795,0.7171633358186478,1.2442190019884787,0.577375903721684,4.30196648144045,835.4444444444445,0.2679769984917044,0.13368055555555558
8,78,0,33.16030711,35.643799343,29/06/2025,25,0.7680154647845829,0.0038741176374001364,0.7157514741861596,1.262758305564846,0.5675852342729546,4.352303795493078,841.8888888888889,0.34726621417797887,0.12152777777777778
8,79,0,33.160359295,35.644039982,29/06/2025,25,0.7458141189043659,0.004361667326072998,0.7052124806182013,1.1877901431393092,0.5489403993387239,3.6928241698252937,834.0,0.4875,0.16927083333333334
8,80,0,33.16041425,35.644280253,29/06/2025,25,0.7512356805984332,0.00295833267659043,0.7004629931986726,1.240202350086155,0.5637900362025889,3.097110491090888,855.7777777777778,0.5145833333333333,0.20399305555555555
8,81,0,33.160462468,35.644512675,29/06/2025,25,0.7278696288646653,0.011671555029030228,0.694288593337484,1.1463786552749853,0.5472599821047971,4.347534316583503,841.8888888888889,0.27741383351677473,0.12239583333333334
8,82,0,33.160514765,35.644741153,29/06/2025,25,0.7490073517592456,0.00529185757159508,0.7018724277508352,1.2213332917414772,0.5547524309274706,3.2689002017748097,849.5555555555555,0.4599264705882353,0.16579861111111113
8,83,1,33.160565533,35.644975222,29/06/2025,25,0.7647361261961837,0.003473734118507214,0.7097448787462765,1.273565402765626,0.5624605636704846,4.067359712089615,858.8888888888889,0.44791666666666674,0.12152777777777779
8,84,1,33.160615463,35.645209277,29/06/2025,25,0.7457297625082331,0.005975241442564647,0.7028902791003735,1.1983855103961494,0.5492766581512771,2.6970716958592256,865.6666666666666,0.6458333333333335,0.21440972222222227
8,85,1,33.16066841,35.645444015,29/06/2025,25,0.7280838270449826,0.0066536419220456465,0.6837118561465454,1.1943505542996342,0.545256395845092,5.0901998765158565,902.6666666666666,0.2042632791162203,0.10416666666666669
8,86,1,33.160720382,35.645692387,29/06/2025,25,0.6695174065935947,0.01848315002084167,0.6453128218871789,1.0903322761632492,0.5013491081206438,5.0901998765158565,885.0,0.1330493552156052,0.10416666666666669
8,89,0,33.160266512,35.645112597,29/06/2025,25,0.6981405034995322,0.017773020618591123,0.6728160016484319,1.102621127811489,0.5127154209821718,4.346251836004466,869.6666666666666,0.29500611471199706,0.1284722222222222
8,90,1,33.160211572,35.644867212,29/06/2025,25,0.7394903647551986,0.007924915717599972,0.6959628553597671,1.1976332863305155,0.5485386416260709,3.3858533076164026,872.0,0.43235294117647055,0.19010416666666669
8,91,0,33.160160582,35.644633925,29/06/2025,25,0.7162977582156869,0.011305170499312813,0.685473769219159,1.1297715117717917,0.5360374268655688,5.292481250360577,844.5555555555555,0.19204241571888628,0.10416666666666669
8,92,1,33.160110772,35.644403592,29/06/2025,25,0.7676584540208821,0.003894852652471975,0.7181639044943822,1.2481720051531278,0.5734785640040643,3.3325573501684755,832.6666666666666,0.5104166666666666,0.18489583333333334
8,93,1,33.160057588,35.644164157,29/06/2025,25,0.7629603160197764,0.004181475035121006,0.7158778456007897,1.2317529224331518,0.5655731067546137,2.791762433084443,840.5555555555555,0.6229166666666666,0.23350694444444442
8,94,1,33.160003118,35.64391539,29/06/2025,25,0.7730877251527207,0.0026552381420683643,0.7231883786086145,1.2553350005696717,0.5776767430425844,3.9150891943041093,830.8888888888889,0.31564856711915534,0.1545138888888889
8,95,1,33.159952528,35.643679232,29/06/2025,25,0.7701909465706683,0.004072327156670999,0.7158871305580681,1.2758758429577917,0.5642975443851488,2.91750675639342,849.3333333333334,0.6354166666666667,0.19444444444444442
8,96,1,33.159900615,35.64344177,29/06/2025,25,0.7632719160852154,0.006560787350470126,0.7121905609206679,1.2525224973894344,0.5629517790599272,4.819366543182522,854.7777777777778,0.31059954751131214,0.1154513888888889
8,97,1,33.159848477,35.643206347,29/06/2025,25,0.7148640553352155,0.01685539007294121,0.6749749508415536,1.1679259873308057,0.5203363348991369,4.840199876515856,859.8888888888889,0.10026740609398607,0.11458333333333334
8,98,1,33.159795493,35.642962257,29/06/2025,25,0.7527030435857338,0.003136109940853614,0.6978027841172508,1.2615044629525964,0.5524811440233806,4.549815690428226,889.1111111111111,0.3958333333333333,0.1154513888888889
8,99,1,33.159742288,35.642722712,29/06/2025,25,0.7512082135105184,0.0037947726414820286,0.6935840248445145,1.2741226375037886,0.5378021315598756,1.9354322346176824,908.5555555555555,0.75,0.4131944444444444
8,100,0,33.15968937,35.642477,29/06/2025,25,0.7311786493452422,0.005164851826919125,0.6768474023096548,1.240996829192359,0.526850738104897,2.707518749639422,915.7777777777778,0.5125000000000001,0.2708333333333333
8,101,1,33.159635603,35.642232272,29/06/2025,25,0.7273782875923568,0.007412968250841417,0.6852758112016263,1.1835464547790675,0.5277890889151622,4.923533209849188,920.8888888888889,0.22529447433859198,0.1232638888888889
8,102,0,33.159582878,35.641992193,29/06/2025,25,0.585564940958185,0.04334634836672411,0.6103490302271285,0.9296246469877149,0.4467179067925902,5.063314583693911,948.7777777777778,0.18223143890297616,0.11197916666666669
8,105,1,33.159348135,35.642439938,29/06/2025,25,0.7078822583151214,0.004716546299545304,0.6640709689354081,1.180756025943192,0.48975192753667873,3.458429099751109,972.5555555555555,0.4727941176470588,0.1623263888888889
8,106,1,33.159400735,35.642679832,29/06/2025,25,0.7269091540408577,0.00820300064633658,0.6703799427094252,1.24863808876285,0.5047188545882002,3.3108522672525083,976.8888888888889,0.5727941176470588,0.16666666666666669
8,107,1,33.159453582,35.64291647,29/06/2025,25,0.7377202779292609,0.003324686146859895,0.6794656793157754,1.2645657315951178,0.5163302336792912,4.663320189106001,948.0,0.20956493824140884,0.1388888888888889
8,108,1,33.159506357,35.643162467,29/06/2025,25,0.733843241329925,0.006757516160890438,0.6804012711754339,1.2395261025556137,0.5162817875812746,4.68717950218364,934.3333333333334,0.3490196078431373,0.1232638888888889
8,109,1,33.159556128,35.643414448,29/06/2025,25,0.7032694379306075,0.017872623734305097,0.6700251952570883,1.1358467471088092,0.4976833187948189,5.292481250360577,873.4444444444445,0.0446755525704187,0.10416666666666669
8,110,1,33.159613697,35.643651843,29/06/2025,25,0.7373521602993935,0.006405736797030254,0.6888905209118336,1.2189577113049335,0.5242634299730071,3.066618827930087,915.2222222222222,0.5791666666666666,0.1953125
8,111,1,33.15966682,35.643892862,29/06/2025,25,0.7453545584569902,0.006836414028757864,0.6900598260346321,1.2575380477035227,0.5211653764450985,3.0413966014913245,936.4444444444445,0.5201940911499735,0.2421875
8,112,1,33.159719498,35.644131545,29/06/2025,25,0.7360024576004903,0.0028551251329574927,0.6824914083238732,1.2410749654197981,0.5153965847634616,3.0841734230600863,936.1111111111111,0.65625,0.1996527777777778
8,113,1,33.159773107,35.644375108,29/06/2025,25,0.7370875183417845,0.007203864539380131,0.6859831018957352,1.2315073589348446,0.5175894164301663,3.9924924611847543,906.6666666666666,0.3117269984917044,0.13194444444444445
8,114,0,33.159829127,35.644622533,29/06/2025,25,0.686934146971344,0.021209268981151636,0.6601993398170193,1.105746479079658,0.49778834447264964,5.063314583693912,906.1111111111111,0.17136902560324369,0.11197916666666669
8,117,0,33.15940016,35.644173385,29/06/2025,25,0.735785252082487,0.01109378574158723,0.6924356172546995,1.195720810956252,0.5225897722404985,4.846251836004468,872.5555555555555,0.13746545793138687,0.1076388888888889
8,118,0,33.15934708,35.643931,29/06/2025,25,0.7479892004282489,0.006652136204946244,0.6943092108173741,1.252197779730562,0.5305698460195014,3.7321575474056425,901.3333333333334,0.34791666666666665,0.1545138888888889
8,119,0,33.159294962,35.643689105,29/06/2025,25,0.7426243903091909,0.0035880379305206966,0.6935969916561999,1.2250755984161612,0.5209868783178162,4.161707555363837,895.0,0.36617647058823527,0.12239583333333334
8,120,0,33.159226015,35.643452487,29/06/2025,25,0.7041976451018517,0.017509392707271636,0.6642091091667219,1.1641251818751226,0.49701106296439623,5.292481250360577,879.7777777777778,0.10966801429519953,0.10416666666666669
8,121,0,33.159170393,35.643204777,29/06/2025,25,0.7391728330219345,0.004977371470830188,0.6880737835541533,1.2325399260554086,0.5156891382167337,5.0485332098491895,902.7777777777778,0.2293060821001997,0.1076388888888889
8,122,0,33.159117593,35.642966563,29/06/2025,25,0.7445907122654154,0.010107159566928899,0.6872354724741337,1.26803672885734,0.5127057047877497,3.978586276072115,922.8888888888889,0.3511123680241327,0.1189236111111111
8,123,0,33.159065415,35.64272392,29/06/2025,25,0.7072855425985778,0.010798223965709383,0.6702826200312465,1.152147407287175,0.4973908680066702,4.776828126933222,924.4444444444445,0.2969745424157189,0.1154513888888889
8,124,0,33.159009202,35.642481325,29/06/2025,25,0.5662017104387612,0.028630399657815657,0.5752582617661841,0.9750042878074132,0.41462263997537824,5.063314583693911,960.7777777777778,0.22023358199828788,0.11197916666666669
8,127,0,33.158804015,35.642959248,29/06/2025,25,0.7333265185840221,0.008297547049584315,0.6868307634274244,1.2072967594841364,0.5172117130928842,4.396647917027245,917.8888888888889,0.30151950593127064,0.17274305555555555
8,128,0,33.158857932,35.643206732,29/06/2025,25,0.7442760954843011,0.008097390129197315,0.6913336211192274,1.245836998591688,0.5325749528411586,4.802694271103769,929.0,0.3531862745098039,0.1267361111111111
8,129,1,33.158909628,35.643437948,29/06/2025,25,0.7325716745631549,0.0048309381263433055,0.6835630497818782,1.217993710535983,0.5123509317244511,4.188461982762677,922.3333333333334,0.4097799722799723,0.13802083333333334
8,130,1,33.1589613,35.643677962,29/06/2025,25,0.7138888248190166,0.007829860132091122,0.6767495554137342,1.1554724399122966,0.5078379409661282,3.9090372348154987,904.1111111111111,0.39027149321266963,0.16145833333333334
8,131,1,33.159013632,35.643919578,29/06/2025,25,0.7045417115345104,0.01582107823910901,0.6717437606948546,1.1343571407311817,0.49919569466845787,4.4332817728566996,900.7777777777778,0.23511689291101057,0.1310763888888889
8,134,0,33.158667682,35.643592803,29/06/2025,25,0.6779547327636046,0.011205192285910803,0.6523254594537737,1.0972392934584083,0.4871319510173403,5.048533209849189,879.2222222222222,0.2117915049747905,0.1076388888888889
8,135,0,33.15861547,35.643348467,29/06/2025,25,0.6823483917918701,0.0034057457392995026,0.656504863883886,1.0983066812395959,0.4820438140831539,3.5877248192865823,915.5555555555555,0.4623774509803922,0.1875
8,136,0,33.158563075,35.643114235,29/06/2025,25,0.6760422303386979,0.01879406738697152,0.6488811062686782,1.1024745374467395,0.4814069022180193,4.5745467530885,907.0,0.2333085650212623,0.11545138888888891
8,137,0,33.158525578,35.642949565,29/06/2025,25,0.5739422058244018,0.034454063071557635,0.5929328254973144,0.9456199808762246,0.42625051462617086,4.663320189106001,625.4444444444445,0.14289472184444982,0.125
9,2,1,33.161904167,35.64655731,03/07/2025,21,0.6768576791287232,0.004756947105958748,0.6514394224041279,1.0951996437847973,0.5277754265492676,3.932024798310503,586.0,0.15344840604772775,0.15104166666666666
9,3,1,33.161851242,35.646311857,03/07/2025,21,0.6997958215549002,0.007624725356044664,0.666900362398713,1.131517115790281,0.5430760956602092,3.9369196094054484,887.2222222222222,0.4745098039215686,0.13802083333333334
9,4,1,33.161798215,35.64607068,03/07/2025,21,0.7164500680611112,0.007775591679657768,0.6620894900664012,1.2310696989528607,0.5517201899706063,4.202572732832805,908.4444444444445,0.3171530920060332,0.13368055555555558
9,5,1,33.161739218,35.645799122,03/07/2025,21,0.6945343491094149,0.006659523598065266,0.6683192061621192,1.1030042993463665,0.5521486614074009,4.596251836004466,848.3333333333334,0.3038316314051608,0.11805555555555555
9,6,1,33.161683657,35.645553007,03/07/2025,21,0.718959726097367,0.006186388127661577,0.6634409437667621,1.23785453217699,0.5533047001929501,4.8193665431825226,915.0,0.21852176837470955,0.11545138888888891
9,7,1,33.16163386,35.64532035,03/07/2025,21,0.7178484193652983,0.002681964747131193,0.6642404770357451,1.2284031886023898,0.5543702711585582,3.6054140482403754,925.1111111111111,0.5020833333333332,0.1701388888888889
9,8,1,33.161579802,35.645072175,03/07/2025,21,0.7244182125297809,0.008508306701522637,0.670823420924766,1.2334159435512864,0.5534064559066593,4.4486750035058655,913.1111111111111,0.373418073050426,0.12239583333333336
9,9,1,33.161522608,35.64481208,03/07/2025,21,0.7384601623118923,0.0040894641863817366,0.6838716578258046,1.2483258873951484,0.576625315274721,2.36580612790821,905.6666666666666,0.7270833333333333,0.35243055555555547
9,10,1,33.161467852,35.644562685,03/07/2025,21,0.7374663979043936,0.008137080063855493,0.67637352619711,1.2787258729892053,0.5671599243446421,3.298212382781587,911.7777777777778,0.4861486486486486,0.20052083333333331
9,11,1,33.161407923,35.644284105,03/07/2025,21,0.6969998002243419,0.008693522067256425,0.6572725507887272,1.1589957053548892,0.5446274316412397,3.624679502183638,885.7777777777778,0.4587820512820513,0.15885416666666669
9,12,1,33.161350028,35.644022393,03/07/2025,21,0.7376844135063174,0.004390706369457117,0.684619209614601,1.240196002093792,0.5760085993954548,4.0979250747848,907.5555555555555,0.3528700929436223,0.12239583333333334
9,13,2,33.161296493,35.643780253,03/07/2025,21,0.7238218421328608,0.009497562840589963,0.6663809311009227,1.250033738816622,0.5397478802864212,4.102303795493077,951.7777777777778,0.3763240899270311,0.13194444444444445
9,14,2,33.161295503,35.64377286,03/07/2025,21,0.7238218421328608,0.009497562840589963,0.6663809311009227,1.250033738816622,0.5397478802864212,4.102303795493077,951.7777777777778,0.3763240899270311,0.13194444444444445
9,15,2,33.161237957,35.64351069,03/07/2025,21,0.6774223310581095,0.018778445338849342,0.6372948729429431,1.1550875890197232,0.4998862435349184,3.800424108083221,1001.7777777777778,0.43221586971586967,0.1423611111111111
9,16,2,33.161181847,35.643255147,03/07/2025,21,0.7018336545358388,0.012667285440051083,0.6416725716200238,1.2472066602426246,0.5307021311068394,4.046789710683921,999.2222222222222,0.4354166666666667,0.1579861111111111
9,17,2,33.161125505,35.643000462,03/07/2025,21,0.7098366297985724,0.010146446435576136,0.6476710933053519,1.261161284806447,0.5405602703337571,4.36923939949947,992.2222222222222,0.3729166666666667,0.11805555555555555
9,18,2,33.161070167,35.642742588,03/07/2025,21,0.6970568770386713,0.015449447250117787,0.6407326231573011,1.2291673936599734,0.5199742462010971,4.846251836004467,974.1111111111111,0.2222662141779789,0.1076388888888889
9,19,1,33.161016097,35.642499303,03/07/2025,21,0.7161603942130159,0.004120924445112114,0.6647092184464758,1.2179740792243707,0.5550919672631802,5.048533209849189,932.6666666666666,0.21134228119522236,0.10763888888888891
9,20,1,33.160961333,35.642243133,03/07/2025,21,0.7092644474881546,0.0030092728370715955,0.6573266466563147,1.215689793674361,0.5351245161106062,3.4835453873749445,980.4444444444445,0.5041666666666667,0.14756944444444445
9,21,1,33.160905407,35.641989658,03/07/2025,21,0.6964921140630764,0.005942477963139955,0.6575871634095484,1.1550852250235628,0.5402592460501938,4.1595533252021655,969.2222222222222,0.4691176470588236,0.1371527777777778
9,22,1,33.160851472,35.641743378,03/07/2025,21,0.6947265854649392,0.0029246501672491273,0.6512154240598343,1.1727150295475592,0.5299146064943767,3.436047859822814,989.2222222222222,0.44567307692307695,0.1640625
9,23,1,33.160796293,35.64149581,03/07/2025,21,0.6735445548281169,0.015309708922090642,0.6426812178488106,1.1159875919955917,0.5054331931321736,3.5213880242490543,984.3333333333334,0.4578260670172435,0.20486111111111113
9,24,2,33.16074556,35.641261182,03/07/2025,21,0.6089468131685714,0.01666679073624822,0.5971473705411007,1.0387974086029774,0.44936379505892754,4.4193721485946105,690.3333333333334,0.20104951764707743,0.1284722222222222
9,26,2,33.160473993,35.641542365,03/07/2025,21,0.6678248087391774,0.008923092707099381,0.6329111626247808,1.1297395752469663,0.502717656914115,4.218636587256565,982.8888888888889,0.35722708002119763,0.1267361111111111
9,27,2,33.160527985,35.641783753,03/07/2025,21,0.675905394127398,0.006255797840510408,0.6397548185276763,1.1365537364748872,0.5122488986391561,4.881866543182522,953.8888888888889,0.16694421990691719,0.11111111111111112
9,28,1,33.160582947,35.642029865,03/07/2025,21,0.7067830349838323,0.006918339146802463,0.6518939409529625,1.2275798802798066,0.5395187001150894,4.240341670172532,974.2222222222222,0.329788838612368,0.1293402777777778
9,29,1,33.160636005,35.642282955,03/07/2025,21,0.705434576716896,0.005527831935021809,0.6572325113768199,1.1977865708238749,0.5377910920872082,3.857157547405643,952.0,0.47487745098039214,0.1701388888888889
9,30,1,33.160695432,35.642537193,03/07/2025,21,0.7344250908579103,0.006071315167211633,0.6689631535116954,1.29623769268594,0.5572311128970078,4.5506874400108615,933.1111111111111,0.3444381598793363,0.1310763888888889
9,31,1,33.16074675,35.642782475,03/07/2025,21,0.6785342793728629,0.020652373498885275,0.6504490619687932,1.1078255309314833,0.5303007613197921,5.063314583693911,884.8888888888889,0.13716438889313742,0.11197916666666669
9,32,1,33.160798315,35.6430323,03/07/2025,21,0.6977791882753036,0.013265805542370395,0.6436737008837857,1.219788908010499,0.5304771890352137,4.6811275426950285,919.4444444444445,0.18963046757164406,0.11458333333333334
9,33,2,33.160855323,35.643279252,03/07/2025,21,0.7112135494031566,0.005988213711820286,0.6576852865024886,1.2241386766319489,0.5379577450504842,4.110161460266554,955.3333333333334,0.4791666666666667,0.1762152777777778
9,34,2,33.160907978,35.643522723,03/07/2025,21,0.6985293839069591,0.0054560090568494075,0.6575331664873122,1.1640796668626021,0.5392294366724606,4.81849479359989,917.0,0.21074329419917653,0.11197916666666669
9,35,1,33.160966438,35.643779155,03/07/2025,21,0.715385429067156,0.007175102596011361,0.6667924882839161,1.2059212026219017,0.541500878230011,2.82750247244787,906.2222222222222,0.53125,0.22135416666666669
9,36,1,33.161020612,35.644023725,03/07/2025,21,0.7330314989471824,0.001942473172155442,0.6800281749871802,1.2364451091089501,0.5723899553395723,3.936919609405448,901.1111111111111,0.49375,0.13802083333333334
9,37,1,33.161071323,35.644271332,03/07/2025,21,0.7090000116990848,0.006328490575072111,0.6707846137967957,1.1575475632733057,0.5568136327443622,4.324546753088498,892.5555555555555,0.32728129713423826,0.12586805555555555
9,38,1,33.161126305,35.644519178,03/07/2025,21,0.7054399062546796,0.006143987073372327,0.6592154547511556,1.1898133296328766,0.5485068916539054,4.045654629173649,884.4444444444445,0.3952300150829563,0.12586805555555555
9,39,1,33.16118263,35.644765113,03/07/2025,21,0.7294805276691035,0.008403547137773696,0.6740143168585182,1.246147990445744,0.575958731181424,3.7262143864567436,902.4444444444445,0.5411764705882354,0.15885416666666666
9,40,1,33.161234052,35.645006792,03/07/2025,21,0.7286094654369494,0.014336585971515088,0.6767477754973126,1.229891480995815,0.5690649431519392,4.681127542695028,900.5555555555555,0.1716502588561412,0.11458333333333334
9,41,1,33.16128798,35.64524954,03/07/2025,21,0.714181111642506,0.006065685014671031,0.6641849141671042,1.210601536227405,0.5404189122226939,3.2963824188369655,914.4444444444445,0.5073623680241327,0.18142361111111113
9,42,1,33.161338072,35.645487483,03/07/2025,21,0.7139456446213219,0.00326769999109408,0.6625032635575412,1.2165198616263648,0.548935585622571,4.140959817987997,919.2222222222222,0.3394136500754148,0.1371527777777778
9,43,1,33.161391438,35.645724168,03/07/2025,21,0.7078856078922491,0.0026271442733955728,0.6636726305483897,1.1820990282977193,0.5436366559110146,4.586038815261278,922.5555555555555,0.2459790673025967,0.1076388888888889
9,44,1,33.161451178,35.645987818,03/07/2025,21,0.6495741538103323,0.010123662379643836,0.6157212116824478,1.1198481991041713,0.48886370267918916,3.9801121157836827,882.7777777777778,0.42358464799641266,0.2013888888888889
9,45,1,33.161502477,35.646226487,03/07/2025,21,0.6890394845071135,0.009572431207484949,0.6501282175697773,1.1526025025248257,0.5326622338357376,3.415067127420716,922.5555555555555,0.5416666666666667,0.15625
9,46,1,33.161554907,35.646464875,03/07/2025,21,0.6734148374364741,0.007060224885371826,0.6488665430520238,1.0914072622683693,0.5437769844310292,4.188461982762677,908.4444444444445,0.40723981900452483,0.13802083333333334
9,47,1,33.161614685,35.646747965,03/07/2025,21,0.6325795353260725,0.02413593582963429,0.6267614838954153,1.0225503943909997,0.4971250236946657,4.8193665431825226,780.7777777777778,0.28736623238798986,0.1154513888888889
9,50,1,33.161134613,35.646068373,03/07/2025,21,0.6277444860729323,0.011907739017448566,0.6131353115912185,1.0484488643410668,0.4958207847853678,5.0901998765158565,877.2222222222222,0.15468193306428601,0.10416666666666669
9,51,1,33.161079387,35.64581745,03/07/2025,21,0.6829499831484203,0.008801907057087116,0.6520575230101934,1.1178759973794947,0.540268694473629,4.854981250360578,884.2222222222222,0.22014685499979617,0.11892361111111112
9,52,0,33.161023875,35.64556372,03/07/2025,21,0.699659087266596,0.013597996215531203,0.6683130001687088,1.1255043627062755,0.5556314162682529,4.602303795493077,873.4444444444445,0.18855030501402148,0.1111111111111111
9,53,0,33.160968185,35.645311618,03/07/2025,21,0.7329709874030952,0.0038689027158034885,0.6767390853916818,1.2511553505317239,0.5729255728480935,4.136175003505865,896.2222222222222,0.489093137254902,0.1579861111111111
9,54,1,33.160917117,35.6450801,03/07/2025,21,0.7481106165655085,0.006862433461048296,0.6945101653917775,1.252198077949833,0.5872234389629046,4.178232428373828,872.4444444444445,0.3497284048754637,0.13020833333333334
9,55,1,33.160866638,35.644850175,03/07/2025,21,0.7497708104108962,0.0037942318711606257,0.6908273019340473,1.278839580317328,0.5919548749448764,3.9369196094054484,864.2222222222222,0.4437500000000001,0.1293402777777778
9,56,1,33.160810095,35.644588563,03/07/2025,21,0.7166442422836793,0.010748039706161104,0.6733024869186236,1.1833065456630596,0.559992886303854,5.0901998765158565,841.6666666666666,0.18464086560912418,0.10416666666666669
9,57,1,33.160743152,35.64436066,03/07/2025,21,0.7280076129606243,0.006197509488194416,0.6799191110938326,1.2108034565649204,0.5743046221696924,2.397274706395919,865.8888888888889,0.6354166666666667,0.2864583333333333
9,58,1,33.160689237,35.644118827,03/07/2025,21,0.7403866648799527,0.005298273107029721,0.6772765647360424,1.2906512602135378,0.584437055514438,4.2055987125771095,892.6666666666666,0.38700980392156864,0.11892361111111112
9,59,1,33.160635753,35.643873842,03/07/2025,21,0.7410914695989962,0.006194818881519033,0.6920155240954541,1.22462134300999,0.5945075660489727,4.406860937770433,877.0,0.2771982389629448,0.1328125
9,60,1,33.160585255,35.643639628,03/07/2025,21,0.7344988065337047,0.010247272870967845,0.6789592562408523,1.2505464276794642,0.5817786587114447,4.750814583693912,868.7777777777778,0.22650243569361214,0.13368055555555555
9,61,1,33.160529465,35.643396377,03/07/2025,21,0.7423131707460209,0.005746888382678201,0.6942284998082765,1.2208891135552855,0.5723097966626249,3.538198296070077,857.8888888888889,0.3836711711711712,0.1892361111111111
9,62,1,33.160478112,35.643155417,03/07/2025,21,0.7069516353817927,0.011669484743154478,0.6660334154955053,1.167565366003596,0.5556437092020059,4.596251836004466,862.3333333333334,0.22338092617504385,0.11805555555555557
9,63,0,33.160426752,35.642917528,03/07/2025,21,0.7122520875105993,0.00858585591831008,0.6766638198625419,1.1484196775344506,0.5581966107852232,4.821520773344195,857.7777777777778,0.20449838979250745,0.10763888888888891
9,64,1,33.160374338,35.64267693,03/07/2025,21,0.7172759049634307,0.005299385320782022,0.6679994701778644,1.209300580948476,0.5454264628499279,4.159037234815499,917.8888888888889,0.39739997350291467,0.15104166666666669
9,65,1,33.160321667,35.642433553,03/07/2025,21,0.7108599349000726,0.006844439473588455,0.6683556970582359,1.176832907509275,0.5499074669475076,3.876964597768415,916.1111111111111,0.3193156108597285,0.1762152777777778
9,66,1,33.160267302,35.642186545,03/07/2025,21,0.7023489275177427,0.006630950668359658,0.6586653046167553,1.1770276197161964,0.540895138670353,3.5041188279300868,922.6666666666666,0.37419871794871795,0.1527777777777778
9,67,1,33.160215403,35.641953228,03/07/2025,21,0.7072357699205896,0.010390183702309274,0.6583693734477228,1.2021525832423918,0.5376657585736062,4.56063712882641,931.4444444444445,0.24470771055240212,0.11458333333333334
9,68,1,33.160160902,35.641708345,03/07/2025,21,0.6920396560002561,0.014168014778495105,0.6476940275064275,1.1754399554133619,0.5319828000450113,4.846251836004467,942.1111111111111,0.18580979471922976,0.10763888888888891
9,71,0,33.15991125,35.64199894,03/07/2025,21,0.6728472175567861,0.010052618166877077,0.6393928332707632,1.1252007232694652,0.502973302644433,4.823527604437102,935.6666666666666,0.26332013574660634,0.11892361111111113
9,72,0,33.159965595,35.642245682,03/07/2025,21,0.7002786308092394,0.004968522111245206,0.6604911057493412,1.1602532979470432,0.5449133743834748,3.190205481927944,912.8888888888889,0.5541666666666667,0.18315972222222227
9,73,0,33.160023748,35.642498748,03/07/2025,21,0.7155040863400458,0.013354302788741326,0.6652389195024484,1.2136502904416726,0.5542007144143493,4.846251836004467,910.6666666666666,0.21537015927302383,0.10763888888888891
9,74,1,33.160092528,35.642816152,03/07/2025,21,0.7419450397721826,0.0065567490800023855,0.6871850298062321,1.2527257355241481,0.5844468825070277,3.5723315886374163,878.0,0.48750000000000004,0.16319444444444445
9,75,1,33.16014033,35.643049575,03/07/2025,21,0.7257267279160114,0.007978163115170902,0.6825377047127527,1.1872539364067336,0.575078912685294,4.4193721485946105,831.2222222222222,0.2504053544494721,0.12847222222222224
9,76,0,33.160202665,35.643323637,03/07/2025,21,0.7273757824207737,0.014886005255654939,0.6781875648900995,1.2170699035502643,0.5822729930204957,4.558746230592377,834.3333333333334,0.2702129448452978,0.13020833333333334
9,77,0,33.160255515,35.64356091,03/07/2025,21,0.7527635030475787,0.0109518844807571,0.6969330529503484,1.2672428259041157,0.6024434302128525,4.305867649916837,845.7777777777778,0.2683470367509105,0.11892361111111113
9,78,0,33.16030711,35.643799343,03/07/2025,21,0.754618305038536,0.007057055462647058,0.7010197622722969,1.2591899044771622,0.6004343752634236,3.045618332095218,846.1111111111111,0.5125,0.21440972222222227
9,79,0,33.160359295,35.644039982,03/07/2025,21,0.7357908065027821,0.006659795405325155,0.6860563718697466,1.2240608357602598,0.5789368383961186,4.709147917027246,855.6666666666666,0.31925018344135986,0.13541666666666669
9,80,0,33.16041425,35.644280253,03/07/2025,21,0.7345147614849483,0.006826374727012412,0.6861755548499375,1.2166366583859463,0.5878946107146061,4.959147917027245,854.6666666666666,0.20939270718682484,0.11111111111111112
9,81,0,33.160462468,35.644512675,03/07/2025,21,0.7152465186111802,0.004844368282429916,0.6814692980231216,1.1416600807913335,0.5789018830553229,2.9887383625258925,846.3333333333334,0.5874999999999999,0.20052083333333334
9,82,0,33.160514765,35.644741153,03/07/2025,21,0.7280547251217409,0.0067778246094694974,0.6702989913612617,1.2550034124708733,0.5649799609098654,3.9367722103366827,858.5555555555555,0.39374999999999993,0.1362847222222222
9,83,1,33.160565533,35.644975222,03/07/2025,21,0.7504591500993135,0.004590767603151745,0.6968805430824437,1.2536378761546787,0.5816396770732634,2.0364476625856467,851.5555555555555,0.6645833333333333,0.296875
9,84,1,33.160615463,35.645209277,03/07/2025,21,0.7355316125833239,0.008331221319988251,0.6876574443477513,1.2159589582661,0.57315070433007,4.338456377350588,859.6666666666666,0.36888197586726995,0.1423611111111111
9,85,1,33.16066841,35.645444015,03/07/2025,21,0.7258571943008651,0.00995735235561551,0.676422960171266,1.2163643320109976,0.5660885883815786,4.163932045910443,899.4444444444445,0.3701563837593249,0.13802083333333331
9,86,1,33.160720382,35.645692387,03/07/2025,21,0.6700129243274999,0.009431649160196901,0.646967520793299,1.0851666895479257,0.5268334374374553,4.516134114808694,879.3333333333334,0.17555007232715447,0.14149305555555555
9,89,0,33.160266512,35.645112597,03/07/2025,21,0.6996491850357994,0.012586936476768885,0.6678703761889371,1.1285042123249773,0.5565105712845602,4.854981250360577,874.8888888888889,0.24151563328033918,0.12760416666666669
9,90,1,33.160211572,35.644867212,03/07/2025,21,0.7291534678947711,0.0044773821719966975,0.6843929820953177,1.1966812273102152,0.5663295658855476,4.038320189106,851.8888888888889,0.29901960784313725,0.13888888888888892
9,91,0,33.160160582,35.644633925,03/07/2025,21,0.7232653954980377,0.010700519851848875,0.6838141335858915,1.1704680545982382,0.5836180516245187,4.8193665431825226,839.6666666666666,0.20886088313796528,0.1154513888888889
9,92,1,33.160110772,35.644403592,03/07/2025,21,0.7501618481404114,0.007759262686282882,0.6935208247450649,1.268914173354915,0.5938578102097226,3.876964597768415,859.7777777777778,0.43818815987933635,0.1762152777777778
9,93,1,33.160057588,35.644164157,03/07/2025,21,0.7478534802968331,0.004759004839426075,0.6979274594624634,1.233623991610434,0.5913518825366224,3.2789823570948933,854.4444444444445,0.55625,0.171875
9,94,1,33.160003118,35.64391539,03/07/2025,21,0.7580387114073739,0.009232001830438983,0.7001411788362176,1.2819890492447175,0.5980679577361662,3.966219025167254,845.7777777777778,0.2834558823529411,0.14583333333333334
9,95,1,33.159952528,35.643679232,03/07/2025,21,0.751270262019243,0.00557644644972101,0.7002679934277847,1.2418672447672112,0.5985417902428607,3.1013617855255093,848.5555555555555,0.5620098039215686,0.1987847222222222
9,96,1,33.159900615,35.64344177,03/07/2025,21,0.7396561107625181,0.007471830184738302,0.692203955639275,1.2160146550728557,0.5846282768988122,4.18643861802411,842.3333333333334,0.301791101055807,0.12239583333333334
9,97,1,33.159848477,35.643206347,03/07/2025,21,0.7124077379279745,0.016817462978894974,0.6740236123133665,1.1611496771035084,0.5601791640714743,4.30196648144045,855.8888888888889,0.1776332969930531,0.13368055555555558
9,98,1,33.159795493,35.642962257,03/07/2025,21,0.7342538286383724,0.00569372891169672,0.6837206192093982,1.2262395870080864,0.5707632945474984,3.9785862760721145,869.7777777777778,0.36569570135746604,0.1189236111111111
9,99,1,33.159742288,35.642722712,03/07/2025,21,0.7306712833756781,0.006052038091788895,0.6792078592279419,1.2279359658520077,0.5675901841510701,4.821520773344194,886.6666666666666,0.28103674941910234,0.1076388888888889
9,100,0,33.15968937,35.642477,03/07/2025,21,0.7100459611533402,0.004752061560539551,0.6644184578233272,1.1894161899804856,0.5433007063642773,2.9000224216483543,893.0,0.5208333333333334,0.23611111111111113
9,101,1,33.159635603,35.642232272,03/07/2025,21,0.7142291609850756,0.010691731295665608,0.6698453982532445,1.1864192982090769,0.5474012500560266,4.776828126933221,912.8888888888889,0.2372104149453504,0.1154513888888889
9,102,0,33.159582878,35.641992193,03/07/2025,21,0.54741953400739,0.04996717397220026,0.5637365190595767,0.9575858333017471,0.4396629288004639,5.0485332098491895,938.2222222222222,0.11168306243514253,0.1076388888888889
9,105,1,33.159348135,35.642439938,03/07/2025,21,0.689283205255555,0.007003117189160477,0.6506002673383661,1.1515250256555822,0.5195947013950523,4.450418502671132,953.4444444444445,0.2538838612368024,0.11892361111111112
9,106,1,33.159400735,35.642679832,03/07/2025,21,0.7066985932517961,0.012531385753544705,0.6728348369867511,1.1400643786273081,0.5318972533029418,4.611033209849188,914.0,0.3819381598793363,0.12239583333333334
9,107,1,33.159453582,35.64291647,03/07/2025,21,0.7184560833641753,0.007904330036084794,0.6654380173806862,1.22816683483708,0.5375609510490593,3.7480668684414757,945.6666666666666,0.4292438649056296,0.16493055555555555
9,108,1,33.159506357,35.643162467,03/07/2025,21,0.7120321767758236,0.0074040201247252465,0.6681033200941128,1.1830467968621412,0.5266613456537261,3.3581546291736486,900.5555555555555,0.5068156108597285,0.17881944444444445
9,109,1,33.159556128,35.643414448,03/07/2025,21,0.6485659545340322,0.01520681213154915,0.6274468840734634,1.0758614250192173,0.494044722536588,4.4903416701725325,857.3333333333334,0.27934734894921404,0.1189236111111111
9,110,1,33.159613697,35.643651843,03/07/2025,21,0.7098098007904117,0.006072095790762138,0.6641896821678719,1.1892364122392267,0.5386382088225647,4.204986855772667,907.0,0.4378676470588236,0.1545138888888889
9,111,1,33.15966682,35.643892862,03/07/2025,21,0.7297656876808625,0.013921778868952581,0.6769077120707181,1.2362990790645918,0.5597456983829479,2.9818146534546477,917.6666666666666,0.5520833333333333,0.2925347222222222
9,112,1,33.159719498,35.644131545,03/07/2025,21,0.7097646458531138,0.007141658861872395,0.6617319203806484,1.1996054914421328,0.5376630444188698,4.247936003018371,941.3333333333334,0.28169306184012066,0.12586805555555555
9,113,1,33.159773107,35.644375108,03/07/2025,21,0.7126214644433093,0.007325520915985028,0.6741279605605959,1.160537267187112,0.5448026498267377,4.763589126445728,892.5555555555555,0.3216723227752639,0.11458333333333334
9,114,0,33.159829127,35.644622533,03/07/2025,21,0.688539635650603,0.012248761267091903,0.6572721364372559,1.1217416537670766,0.5219018658821512,2.988738362525892,878.1111111111111,0.4849830316742081,0.20052083333333334
9,117,0,33.15940016,35.644173385,03/07/2025,21,0.7339773266110141,0.0072041568001576205,0.6900094054317409,1.1962470427052883,0.5563880409583315,4.846251836004468,857.3333333333334,0.26304854062207006,0.1076388888888889
9,118,0,33.15934708,35.643931,03/07/2025,21,0.7440468867133648,0.00792520453421489,0.6918570546765873,1.2415813278395111,0.5673471180104064,4.292829775237383,886.2222222222222,0.26907051282051286,0.1267361111111111
9,119,0,33.159294962,35.643689105,03/07/2025,21,0.7164465128681899,0.009398849808540072,0.667566913414349,1.2074192022716783,0.5299525773611556,4.819366543182522,893.8888888888889,0.31681240063593,0.1154513888888889
9,120,0,33.159226015,35.643452487,03/07/2025,21,0.6896488542293151,0.013466517513379132,0.6584067867409206,1.1220634558228935,0.5221722249789837,4.821520773344195,862.1111111111111,0.14681235373541135,0.10763888888888891
9,121,0,33.159170393,35.643204777,03/07/2025,21,0.7225380468269722,0.004208599912417386,0.6745509178161364,1.206633118694576,0.5392048847488602,3.8942337940873823,896.1111111111111,0.25344079939668174,0.16753472222222224
9,122,0,33.159117593,35.642966563,03/07/2025,21,0.7239103941848319,0.011941405363218133,0.6716123899495652,1.2278395537443383,0.5367122227757031,5.0485332098491895,924.1111111111111,0.23042532917532912,0.1076388888888889
9,123,0,33.159065415,35.64272392,03/07/2025,21,0.6938464682078106,0.01242472436168024,0.6514869599036226,1.1689464255190403,0.5241631318602848,4.332141085934338,926.5555555555555,0.2885858709388121,0.12239583333333334
9,124,0,33.159009202,35.642481325,03/07/2025,21,0.5051023256456132,0.0423359694567904,0.531705303039905,0.9324759463908868,0.383383676553562,5.06331458369391,912.5555555555555,0.1704753057604564,0.11197916666666669
9,127,0,33.158804015,35.642959248,03/07/2025,21,0.7087926343588137,0.004494844929323001,0.6632981969141691,1.1880874340136773,0.5354692300198814,4.396647917027245,909.8888888888889,0.31642335208511674,0.17274305555555555
9,128,0,33.158857932,35.643206732,03/07/2025,21,0.7167384588343431,0.014331650516155179,0.6711090702352793,1.1955440508041955,0.5419647418857877,3.672487163445857,930.2222222222222,0.45821078431372547,0.1796875
9,129,1,33.158909628,35.643437948,03/07/2025,21,0.7109852788380837,0.005520909192548691,0.6681535446990314,1.178012611150874,0.5404964460112992,3.8848925229268274,911.6666666666666,0.39779411764705874,0.1449652777777778
9,130,1,33.1589613,35.643677962,03/07/2025,21,0.6753539988593718,0.01609899991573879,0.6474407341803095,1.1075561815949766,0.5179353432150002,5.090199876515856,887.0,0.1571170661611838,0.10416666666666669
9,131,1,33.159013632,35.643919578,03/07/2025,21,0.7018689205042375,0.012637168269583521,0.6705590569794898,1.12689643335327,0.5277885636254079,4.393970462159743,875.7777777777778,0.2989579511638335,0.13368055555555555
9,134,0,33.158667682,35.643592803,03/07/2025,21,0.6774648235704561,0.006841804231615086,0.6521807638487651,1.0951111793073613,0.524287518407065,4.2943721485946105,861.7777777777778,0.24609529778647424,0.1371527777777778
9,135,0,33.15861547,35.643348467,03/07/2025,21,0.6652579075371838,0.016142196651543587,0.6429682975475329,1.0835664741842188,0.5114333644111801,4.02890865756051,886.5555555555555,0.3146587481146304,0.12586805555555555
9,136,0,33.158563075,35.643114235,03/07/2025,21,0.6448557127531638,0.0183694598791062,0.6258238140626711,1.0668472504513342,0.4898221776788977,4.603846168850304,879.8888888888889,0.20395927601809954,0.11458333333333334
9,137,0,33.158525578,35.642949565,03/07/2025,21,0.5327562193821559,0.04704316624153748,0.5531903664409151,0.9471171001723935,0.42795414275485477,4.663320189106001,614.1111111111111,0.10564759210109406,0.125
10,2,1,33.161904167,35.64655731,08/07/2025,16,0.6591141471553363,0.0070993813034489405,0.6368778437154866,1.0799574346832634,0.470777244918638,4.048533209849189,604.1111111111111,0.2920226155310795,0.14756944444444448
10,3,1,33.161851242,35.646311857,08/07/2025,16,0.6807216256297506,0.010134650039197623,0.6529136757773905,1.1066718964333015,0.4971088342850016,4.776828126933221,924.3333333333334,0.2708117752450607,0.1154513888888889
10,4,1,33.161798215,35.64607068,08/07/2025,16,0.6973431741208009,0.007544652300808016,0.6565583244698847,1.1632516270151632,0.5050398994840981,4.596251836004467,942.3333333333334,0.32818627450980387,0.11805555555555555
10,5,1,33.161739218,35.645799122,08/07/2025,16,0.6580058239065872,0.007977806601124137,0.6367860563831165,1.076231015771231,0.49091982856205685,4.403501365713556,884.0,0.3783371040723982,0.13368055555555558
10,6,1,33.161683657,35.645553007,08/07/2025,16,0.6823372129402417,0.013150302000504871,0.6425593157705395,1.1539421277430857,0.49363658770223257,4.959147917027245,941.7777777777778,0.13183461672145494,0.11111111111111112
10,7,1,33.16163386,35.64532035,08/07/2025,16,0.6913290744156576,0.0046836765553206275,0.6517498095909671,1.1553488717332203,0.49723233003807743,3.2268427769068477,958.1111111111111,0.6104166666666667,0.20225694444444445
10,8,1,33.161579802,35.645072175,08/07/2025,16,0.7007732327097431,0.007560151316606036,0.6566446269965671,1.178217774597914,0.5110639075690836,4.306739399499471,948.8888888888889,0.30719268476621414,0.1345486111111111
10,9,1,33.161522608,35.64481208,08/07/2025,16,0.719897624312556,0.002862008243913709,0.6715267302428413,1.2066931213053567,0.5315346795205219,3.8772372557915773,944.2222222222222,0.45453431372549014,0.15538194444444445
10,10,1,33.161467852,35.644562685,08/07/2025,16,0.7205538483153534,0.010076629483508438,0.6724833045256472,1.206930977296349,0.5231007810200005,3.599703882317734,945.5555555555555,0.46875,0.1449652777777778
10,11,1,33.161407923,35.644284105,08/07/2025,16,0.6835300256141417,0.009624954070046083,0.6451677882413445,1.1482217523740827,0.509495632837623,4.574546753088499,927.0,0.27479642483229283,0.11545138888888891
10,12,1,33.161350028,35.644022393,08/07/2025,16,0.7225716275761414,0.007189348741233539,0.6755714606166319,1.2026681769520897,0.5299413891168732,4.574546753088499,943.3333333333334,0.29019276629570745,0.11545138888888891
10,13,2,33.161296493,35.643780253,08/07/2025,16,0.6923427072547366,0.015815733756297915,0.6495892309423631,1.1702113598113817,0.4961479347530468,4.519641085934338,994.3333333333334,0.3009898190045249,0.1267361111111111
10,14,2,33.161295503,35.64377286,08/07/2025,16,0.6923427072547366,0.015815733756297915,0.6495892309423631,1.1702113598113817,0.4961479347530468,4.519641085934338,994.3333333333334,0.3009898190045249,0.1267361111111111
10,15,2,33.161237957,35.64351069,08/07/2025,16,0.6473260814430607,0.018565563123026006,0.618238125812907,1.1042792666335046,0.45591987565851827,3.8848925229268274,1042.5555555555557,0.41813725490196074,0.1449652777777778
10,16,2,33.161181847,35.643255147,08/07/2025,16,0.6712595075157775,0.015411675882592932,0.6307843637427808,1.1513176762295305,0.47638465508581856,5.0901998765158565,1036.7777777777778,0.26985294117647063,0.10416666666666669
10,17,2,33.161125505,35.643000462,08/07/2025,16,0.6854536213092194,0.00914595584752971,0.6389247022014934,1.1808072993315335,0.480645193942306,3.4494858187990878,1017.0,0.4253205128205128,0.17447916666666666
10,18,2,33.161070167,35.642742588,08/07/2025,16,0.6524290047546779,0.015921534064343004,0.626876444499332,1.091409984424986,0.4746182977311915,4.603846168850306,985.2222222222222,0.19926883331295098,0.11458333333333334
10,19,1,33.161016097,35.642499303,08/07/2025,16,0.7078912657137028,0.006455735333127363,0.659578389974152,1.200118287418869,0.5073667017226028,4.0465263787562815,964.5555555555555,0.3899038461538461,0.13628472222222224
10,20,1,33.160961333,35.642243133,08/07/2025,16,0.6980518521146217,0.0040675463460326956,0.6519694010160286,1.1850423383567343,0.4956998409645619,3.196937037578331,1004.4444444444445,0.6333333333333333,0.21875
10,21,1,33.160905407,35.641989658,08/07/2025,16,0.6830926333091835,0.0039374887825514415,0.6424504531136912,1.1563535269553744,0.4805474435088344,2.078838679766182,1017.0,0.7270833333333334,0.328125
10,22,1,33.160851472,35.641743378,08/07/2025,16,0.6857088246362022,0.005100641180989166,0.6416453990505077,1.171204675359168,0.4833316191651724,4.788320189106002,1039.2222222222222,0.2952205882352942,0.1232638888888889
10,23,1,33.160796293,35.64149581,08/07/2025,16,0.6517184866691276,0.004311744009163757,0.6236719922313982,1.0993662695079736,0.4481571164862815,3.8953909424810482,1030.5555555555557,0.31423887122416533,0.1579861111111111
10,24,2,33.16074556,35.641261182,08/07/2025,16,0.6074087518039645,0.009995855206974496,0.5966793513110896,1.034567608958137,0.4267076721881377,3.6054140482403754,706.0,0.26400472350998905,0.1701388888888889
10,26,2,33.160473993,35.641542365,08/07/2025,16,0.6437891204615602,0.007280417526529173,0.6186224968265727,1.0875243409811453,0.45410681059449093,4.81849479359989,1018.2222222222222,0.28412009294362234,0.11197916666666669
10,27,2,33.160527985,35.641783753,08/07/2025,16,0.6712859175533841,0.011728700451258324,0.6330786454570029,1.1429096374452388,0.4794563243175789,4.240341670172532,1004.3333333333334,0.3786530818148465,0.1293402777777778
10,28,1,33.160582947,35.642029865,08/07/2025,16,0.6851332771983971,0.006418707710820265,0.6452739001643091,1.1547187601525384,0.4860870131103382,2.4308241319059887,989.8888888888889,0.64375,0.24479166666666669
10,29,1,33.160636005,35.642282955,08/07/2025,16,0.698087361610674,0.008770849629364414,0.6491449815351613,1.1970611251931076,0.499698106586328,3.9002857535759934,997.3333333333334,0.303393665158371,0.1293402777777778
10,30,1,33.160695432,35.642537193,08/07/2025,16,0.7146191103719601,0.0037666092717808038,0.6640611811096688,1.2130149179151857,0.5191332730129482,3.50445242024266,970.5555555555555,0.5333333333333333,0.15625
10,31,1,33.16074675,35.642782475,08/07/2025,16,0.6636464507250435,0.01851067071307104,0.6416643498510636,1.0819884734069216,0.48823605937450104,5.0485332098491895,925.5555555555555,0.16132816267321287,0.1076388888888889
10,32,1,33.160798315,35.6430323,08/07/2025,16,0.694330220540908,0.008112459279848595,0.657739407146644,1.1449959517770967,0.5053953877956117,4.456733794087382,943.2222222222222,0.35608031674208146,0.1267361111111111
10,33,2,33.160855323,35.643279252,08/07/2025,16,0.691528708984528,0.007960697321008658,0.6491219990089634,1.1675861907301757,0.4922786847614856,3.8486914649771693,978.2222222222222,0.24804864253393666,0.13368055555555555
10,34,2,33.160907978,35.643522723,08/07/2025,16,0.6794547626796278,0.004810901397182622,0.6382309804580641,1.1570823445441387,0.4789903981611835,4.923533209849189,980.4444444444445,0.34358031674208145,0.12326388888888891
10,35,1,33.160966438,35.643779155,08/07/2025,16,0.7045496672820494,0.00633119352900716,0.6574857485604448,1.192608350473228,0.5100753745868226,4.324546753088499,947.6666666666666,0.41282051282051285,0.12586805555555555
10,36,1,33.161020612,35.644023725,08/07/2025,16,0.7119771859594627,0.00772878264493123,0.6719397921927319,1.1666104895300355,0.523533780046672,4.846251836004468,923.4444444444445,0.2424885858709388,0.1076388888888889
10,37,1,33.161071323,35.644271332,08/07/2025,16,0.6857934535250505,0.005159518244735086,0.6470984213212364,1.1496229486679665,0.4997902091029352,3.857157547405643,939.0,0.3312499999999999,0.1701388888888889
10,38,1,33.161126305,35.644519178,08/07/2025,16,0.6983012774557261,0.0032597086080883055,0.6628336828761465,1.1414403294796158,0.5168574045081947,4.366213419755166,921.0,0.23890638375932494,0.12239583333333334
10,39,1,33.16118263,35.644765113,08/07/2025,16,0.7151243286357905,0.006703572226147317,0.6695988306875068,1.1921559090078644,0.5261463334878713,3.6280996792786877,933.7777777777778,0.5115196078431372,0.19270833333333331
10,40,1,33.161234052,35.645006792,08/07/2025,16,0.7153255924846428,0.007606759034198085,0.6705365194246222,1.1890401552206742,0.5274136429818723,3.861180608917954,924.4444444444445,0.30213836574130687,0.13975694444444448
10,41,1,33.16128798,35.64524954,08/07/2025,16,0.6953304441574918,0.00488199881318604,0.6556257654363167,1.1575920133003939,0.5017777434696917,3.7305931071650207,952.4444444444445,0.5084884941502588,0.1440972222222222
10,42,1,33.161338072,35.645487483,08/07/2025,16,0.6881349049625256,0.005117032007110191,0.6517855066968347,1.1413479542792209,0.4991552925553837,4.512918502671133,954.7777777777778,0.2463989441930618,0.11458333333333334
10,43,1,33.161391438,35.645724168,08/07/2025,16,0.6820275252824087,0.004261324806334233,0.6440828548627336,1.145321486782347,0.4967466529964515,1.9249935493429025,959.5555555555555,0.7916666666666667,0.3315972222222222
10,44,1,33.161451178,35.645987818,08/07/2025,16,0.6483334169154524,0.008210072753922508,0.6285988135324468,1.0695002548569439,0.46991476469000315,4.881866543182522,924.7777777777778,0.19826546003016596,0.11111111111111113
10,45,1,33.161502477,35.646226487,08/07/2025,16,0.6579731422584512,0.00778689648243829,0.6359915822925546,1.0792311983272684,0.48553507406408186,3.596822633626531,940.0,0.4708333333333333,0.17708333333333331
10,46,1,33.161554907,35.646464875,08/07/2025,16,0.6451541457787751,0.008581552668628199,0.6259056342079833,1.0671008081873363,0.47073249941013906,4.4486750035058655,929.8888888888889,0.2826074660633484,0.11545138888888891
10,47,1,33.161614685,35.646747965,08/07/2025,16,0.5941241133746317,0.01492803095124701,0.602327715130704,0.9754215108315728,0.4345763629120204,5.048533209849189,798.8888888888889,0.1983613311904203,0.1076388888888889
10,50,1,33.161134613,35.646068373,08/07/2025,16,0.615395678406366,0.02180901360058287,0.6136751898683653,1.0072705050820452,0.45464720525293206,5.292481250360577,876.6666666666666,0.13202081040316338,0.10416666666666669
10,51,1,33.161079387,35.64581745,08/07/2025,16,0.6707364256426572,0.003942595935664558,0.6434249066512518,1.1010302701969985,0.48472681018791364,3.323341411193292,912.3333333333334,0.4770833333333333,0.1640625
10,52,0,33.161023875,35.64556372,08/07/2025,16,0.6828407258438385,0.008100507885666772,0.6525406856953219,1.116042713580156,0.5043229759895045,3.5035806706600257,904.3333333333334,0.4065705128205128,0.1371527777777778
10,53,0,33.160968185,35.645311618,08/07/2025,16,0.7089695663369242,0.009042209144394084,0.665543386348933,1.1798377081822689,0.5197066295821823,4.938314583693911,908.4444444444445,0.23139435443058112,0.12760416666666669
10,54,1,33.160917117,35.6450801,08/07/2025,16,0.7398267480824511,0.005591008488468779,0.6898077391700176,1.227721367071344,0.5486917689723015,4.577572732832804,885.2222222222222,0.27149499612734906,0.11111111111111112
10,55,1,33.160866638,35.644850175,08/07/2025,16,0.7427784545385417,0.003206174548993203,0.6933519499784316,1.2270319446295144,0.544638123403952,2.407472794574877,872.2222222222222,0.6875,0.30208333333333326
10,56,1,33.160810095,35.644588563,08/07/2025,16,0.7145865060725387,0.008398696181844217,0.6847014278219569,1.1248879787456367,0.5339924904466157,3.857157547405643,856.8888888888889,0.3080882352941176,0.1701388888888889
10,57,1,33.160743152,35.64436066,08/07/2025,16,0.7193128118180026,0.009659144429785512,0.6735835223034924,1.1955504577439375,0.5206213615957773,4.532880086421832,882.5555555555555,0.2955240308181485,0.11892361111111112
10,58,1,33.160689237,35.644118827,08/07/2025,16,0.7183804969726804,0.005477577131026496,0.6808376247602435,1.1590474043594936,0.5417830622820552,3.580884111388142,886.1111111111111,0.39779411764705885,0.16145833333333334
10,59,1,33.160635753,35.643873842,08/07/2025,16,0.7220410382755688,0.004299695295258075,0.6739568514888726,1.2068832271320735,0.542007357484976,3.552841670172532,901.2222222222222,0.4665064102564102,0.1440972222222222
10,60,1,33.160585255,35.643639628,08/07/2025,16,0.7336997945550212,0.010862067522028285,0.6833926314095112,1.2260324000356277,0.5358027320528103,4.251833732345311,886.5555555555555,0.26563914027149327,0.11458333333333334
10,61,1,33.160529465,35.643396377,08/07/2025,16,0.7374609585308596,0.00694436669507463,0.6821409048876571,1.250880494282411,0.540072317425385,3.307874481009744,900.2222222222222,0.42230392156862745,0.15104166666666666
10,62,1,33.160478112,35.643155417,08/07/2025,16,0.7063552938724946,0.008462967512565457,0.6728043951019499,1.1367814819021695,0.5239411421401114,4.433746230592377,890.0,0.29651563328033914,0.13020833333333334
10,63,0,33.160426752,35.642917528,08/07/2025,16,0.6942633075516118,0.005203821664915673,0.6573725389070025,1.146039882146617,0.5167294143460511,5.0485332098491895,917.6666666666666,0.26600678733031674,0.1076388888888889
10,64,1,33.160374338,35.64267693,08/07/2025,16,0.7020340205209137,0.007289539189746983,0.6564261221834579,1.1852384724534537,0.5080911622992903,3.771388024249054,957.4444444444445,0.5269607843137255,0.15625
10,65,1,33.160321667,35.642433553,08/07/2025,16,0.6966737997598231,0.005800242144977187,0.6568837558051792,1.158803339369442,0.5129194101893035,4.20929531609601,955.4444444444445,0.270541101055807,0.11805555555555555
10,66,1,33.160267302,35.642186545,08/07/2025,16,0.6879180887506747,0.010488289644249428,0.6538011817173492,1.1333003822836274,0.5103974524281185,4.001426440498355,953.8888888888889,0.40805052790346913,0.1449652777777778
10,67,1,33.160215403,35.641953228,08/07/2025,16,0.6908322707012142,0.010018305785523273,0.6565034639569816,1.134528131931095,0.5063658800562039,3.9668731152961887,958.6666666666666,0.4294871794871795,0.1605902777777778
10,68,1,33.160160902,35.641708345,08/07/2025,16,0.6679189114770454,0.00908507997889804,0.6464204111653964,1.0792106196088944,0.48688484092193046,4.36923939949947,946.0,0.3073529411764706,0.11805555555555555
10,71,0,33.15991125,35.64199894,08/07/2025,16,0.6525317131700652,0.006110270330575934,0.6314147111802598,1.074804311776384,0.4709544146969724,3.238598171007265,973.5555555555555,0.6041666666666666,0.1831597222222222
10,72,0,33.159965595,35.642245682,08/07/2025,16,0.6829520142482475,0.005983540323563202,0.6507003395991291,1.1235895135196206,0.4969247373307246,3.471537234815499,943.5555555555555,0.5541666666666667,0.1623263888888889
10,73,0,33.160023748,35.642498748,08/07/2025,16,0.704560710515805,0.0036375535641468794,0.6627842175202286,1.170197899836045,0.5197304582246728,4.023802147188917,932.0,0.38161764705882356,0.125
10,74,1,33.160092528,35.642816152,08/07/2025,16,0.7149169378091824,0.005665160649130724,0.674295772377464,1.1705788303165454,0.529935928043998,3.2124521612634203,899.1111111111111,0.60625,0.1875
10,75,1,33.16014033,35.643049575,08/07/2025,16,0.7035518763491879,0.013196447591621845,0.686193040086724,1.0701716727127781,0.539203371713666,5.292481250360577,822.4444444444445,0.13910159045424716,0.10416666666666669
10,76,0,33.160202665,35.643323637,08/07/2025,16,0.7300773689438114,0.0069569463365733025,0.686168796084496,1.1931288547140688,0.5538629534250394,3.998400460754049,852.3333333333334,0.31857445680975094,0.14930555555555555
10,77,0,33.160255515,35.64356091,08/07/2025,16,0.7412390633285684,0.005281282296352048,0.6953196453037076,1.209709614633245,0.556612962863694,4.431739399499471,860.8888888888889,0.2864253393665159,0.11892361111111112
10,78,0,33.16030711,35.643799343,08/07/2025,16,0.7343827371018625,0.003954508982861044,0.6932403238745053,1.1831199009129698,0.5556258677031622,2.2845300583088024,864.1111111111111,0.6958333333333333,0.3046875
10,79,0,33.160359295,35.644039982,08/07/2025,16,0.7182620635878108,0.003079439027641257,0.67922883397029,1.1650665338600623,0.5387513695335189,2.7249446711226777,872.5555555555555,0.7,0.22135416666666666
10,80,0,33.16041425,35.644280253,08/07/2025,16,0.7135191956629434,0.004713458926428471,0.6761406315940951,1.1559325511456278,0.5375513374183463,2.246507326436166,870.1111111111111,0.6979166666666667,0.27864583333333337
10,81,0,33.160462468,35.644512675,08/07/2025,16,0.7072136242794563,0.013214247463037941,0.6776519563678689,1.121642515104271,0.5369744173753646,4.5443721485946105,867.7777777777778,0.22115950226244344,0.1267361111111111
10,82,0,33.160514765,35.644741153,08/07/2025,16,0.7187267015891952,0.006512669825517713,0.6787601160613177,1.1696597030530858,0.5395705613984957,4.086840304458977,877.8888888888889,0.36825980392156865,0.12586805555555558
10,83,1,33.160565533,35.644975222,08/07/2025,16,0.7431937140131236,0.006262802059595021,0.688140882202646,1.2542590841264547,0.5485239570849525,4.027366284203282,888.0,0.29267024377318496,0.13802083333333334
10,84,1,33.160615463,35.645209277,08/07/2025,16,0.7192196605800647,0.0064238913917467385,0.6838502145519589,1.1500503953279004,0.5419514731267124,3.651975526001987,889.5555555555555,0.391421568627451,0.13802083333333334
10,85,1,33.16066841,35.645444015,08/07/2025,16,0.6951308552892522,0.009228057201942884,0.6657061024171075,1.116384078038157,0.5116926239082799,4.85498125036058,908.1111111111111,0.3231146304675716,0.11892361111111113
10,86,1,33.160720382,35.645692387,08/07/2025,16,0.6099331964108379,0.02856936089568583,0.6175551730799504,0.9784091851555561,0.4669015630069664,5.06331458369391,886.5555555555555,0.1578130579241594,0.11197916666666669
10,89,0,33.160266512,35.645112597,08/07/2025,16,0.6764148763057742,0.01567420789149037,0.6578115915386231,1.0713487826846249,0.5001195760107527,4.67568744001086,883.6666666666666,0.23317486038074275,0.1154513888888889
10,90,1,33.160211572,35.644867212,08/07/2025,16,0.7085170807106623,0.005120090427776125,0.6763114972484884,1.1322265281798838,0.5276537678346358,4.349467448142027,885.6666666666666,0.37451923076923077,0.12239583333333333
10,91,0,33.160160582,35.644633925,08/07/2025,16,0.6944967941780108,0.017727242586597157,0.6699301723938993,1.0977990243683697,0.5280097876412877,5.0485332098491895,852.6666666666666,0.17058868592627804,0.1076388888888889
10,92,1,33.160110772,35.644403592,08/07/2025,16,0.7411310032055325,0.006265540311747221,0.6957999037511892,1.2070594686589913,0.5579592346584781,4.532880086421833,868.2222222222222,0.3878676470588236,0.11892361111111112
10,93,1,33.160057588,35.644164157,08/07/2025,16,0.7373510952094763,0.0039684341176533765,0.6936418213990705,1.1967634190790182,0.5591106570056871,2.902978141007726,881.1111111111111,0.5104166666666666,0.1875
10,94,1,33.160003118,35.64391539,08/07/2025,16,0.7490352615924145,0.005476670784043097,0.7070685944711211,1.1963347331185112,0.569603519028561,3.013777157757555,856.3333333333334,0.4604166666666667,0.2092013888888889
10,95,1,33.159952528,35.643679232,08/07/2025,16,0.7455719796145356,0.004953099168580084,0.6996401672726448,1.212695995591788,0.5581709924318918,3.005872900563965,871.1111111111111,0.5895833333333333,0.19270833333333334
10,96,1,33.159900615,35.64344177,08/07/2025,16,0.7276298278247976,0.005847202238573512,0.6802846635962939,1.207203032609041,0.5418203697881301,4.218636587256565,885.6666666666666,0.4394607843137255,0.1267361111111111
10,97,1,33.159848477,35.643206347,08/07/2025,16,0.6877152449549399,0.015690919824516675,0.6683709949719165,1.0748963865034031,0.5129654357781769,5.292481250360577,853.5555555555555,0.08328629852123395,0.10416666666666669
10,98,1,33.159795493,35.642962257,08/07/2025,16,0.7248740238100678,0.003717800902210094,0.6776839623031797,1.2048664513957386,0.5324998310716702,2.725560296327809,898.8888888888889,0.6645833333333333,0.2690972222222222
10,99,1,33.159742288,35.642722712,08/07/2025,16,0.7174385182195901,0.004835940588029566,0.6746728834252813,1.1810041612844642,0.5319325087986078,3.6277945170348853,903.1111111111111,0.3795343137254902,0.1684027777777778
10,100,0,33.15968937,35.642477,08/07/2025,16,0.7065309815839674,0.007809582021302882,0.6714418682872492,1.1430180868711761,0.5173634211235232,5.048533209849189,905.0,0.25483031674208145,0.1076388888888889
10,101,1,33.159635603,35.642232272,08/07/2025,16,0.7018960127447066,0.0035404784626364002,0.6745972824617548,1.1094903815037784,0.5203095241732671,3.252836347351049,909.1111111111111,0.5479166666666666,0.2074652777777778
10,102,0,33.159582878,35.641992193,08/07/2025,16,0.5612742999100404,0.038906642897826235,0.5848352350127853,0.9343753974647705,0.4267493832855335,5.292481250360577,951.6666666666666,0.059655308981511564,0.10416666666666669
10,105,1,33.159348135,35.642439938,08/07/2025,16,0.6752017438441814,0.007557132533999429,0.6504906156484104,1.0924599014960592,0.47138373038256876,4.750814583693911,964.0,0.20410123924829807,0.11805555555555555
10,106,1,33.159400735,35.642679832,08/07/2025,16,0.693337065238847,0.006207191991216192,0.6585288148114956,1.1370643890818088,0.4903791931111557,3.954579563925711,961.7777777777778,0.3953431372549019,0.1449652777777778
10,107,1,33.159453582,35.64291647,08/07/2025,16,0.7022419514981704,0.0050655473291258005,0.6645427786606964,1.1523089026359308,0.48708709684676876,4.142617721195771,954.5555555555555,0.43909313725490196,0.13368055555555555
10,108,1,33.159506357,35.643162467,08/07/2025,16,0.7016818744017808,0.004740423158235373,0.6689544252543775,1.1318831243488712,0.49994003910712526,4.938314583693912,925.4444444444445,0.199297878194937,0.12760416666666669
10,109,1,33.159556128,35.643414448,08/07/2025,16,0.6627658485994279,0.02156717465284501,0.6409314541962047,1.080512453145439,0.4719998085763343,5.292481250360577,879.6666666666666,0.09042593018963423,0.10416666666666669
10,110,1,33.159613697,35.643651843,08/07/2025,16,0.7060830744249976,0.006127858665537895,0.6700981112924885,1.14687322482239,0.502255381818856,4.000945449117015,921.1111111111111,0.43443627450980393,0.1449652777777778
10,111,1,33.15966682,35.643892862,08/07/2025,16,0.7190818739505122,0.003580064423250819,0.6763246056064998,1.1816949367691165,0.5065069467881028,4.306739399499471,939.5555555555555,0.2688177713913008,0.13454861111111113
10,112,1,33.159719498,35.644131545,08/07/2025,16,0.702839266347507,0.0033524907239597707,0.6679142440307113,1.1410521439441557,0.5050616101251593,3.8423541066775266,954.3333333333334,0.4373774509803921,0.1293402777777778
10,113,1,33.159773107,35.644375108,08/07/2025,16,0.7071472228986961,0.004994123392434393,0.6742857163010308,1.1342488904865478,0.5134068197584623,4.602303795493078,912.7777777777778,0.29313725490196074,0.11111111111111112
10,114,0,33.159829127,35.644622533,08/07/2025,16,0.6530983477410268,0.013501102852571717,0.6499086715713525,1.0119427315252498,0.4860656322537704,5.0485332098491895,886.3333333333334,0.2137196302637479,0.1076388888888889
10,117,0,33.15940016,35.644173385,08/07/2025,16,0.710609641308782,0.0056455646049323755,0.6826543167303989,1.1147798612115365,0.521088011953369,5.0901998765158565,880.6666666666666,0.23539781297134238,0.10416666666666669
10,118,0,33.15934708,35.643931,08/07/2025,16,0.7307197041597532,0.006288134256551848,0.6909559384485325,1.1750884656451281,0.5272500944606008,3.7767544273988385,888.5555555555555,0.3951966389466389,0.1440972222222222
10,119,0,33.159294962,35.643689105,08/07/2025,16,0.7208158473653329,0.004456365119728214,0.6770132556870699,1.1871036120684746,0.5044905569114353,4.854981250360578,911.6666666666666,0.18223574252986016,0.11892361111111113
10,120,0,33.159226015,35.643452487,08/07/2025,16,0.6747488793122093,0.023143691659778958,0.6492761276298318,1.0983340739053566,0.4812727666774061,5.292481250360577,886.4444444444445,0.08371024206901388,0.10416666666666669
10,121,0,33.159170393,35.643204777,08/07/2025,16,0.7143211426182519,0.004264423353613247,0.6814373159419913,1.1371005413612731,0.5043068807203571,3.6801233266078603,891.3333333333334,0.37922169907464026,0.1684027777777778
10,122,0,33.159117593,35.642966563,08/07/2025,16,0.706241822398745,0.00941678471075258,0.6719537468960003,1.1402242054733762,0.509707217971055,4.846251836004468,927.6666666666666,0.18284608897055094,0.10763888888888891
10,123,0,33.159065415,35.64272392,08/07/2025,16,0.6804636063207697,0.007572536479827117,0.6521402809343233,1.1079883026940052,0.4890494061125612,4.429585169337798,939.7777777777778,0.3573529411764706,0.1371527777777778
10,124,0,33.159009202,35.642481325,08/07/2025,16,0.5196934713702872,0.042912273511142796,0.5599418022149345,0.8943607542064324,0.3838466649956509,5.06331458369391,928.3333333333334,0.18646961764708264,0.11197916666666669
10,127,0,33.158804015,35.642959248,08/07/2025,16,0.7038632755009764,0.009812745187412071,0.6720233443274595,1.129399081456803,0.4945511194437617,4.846251836004468,915.3333333333334,0.19943402872025542,0.1076388888888889
10,128,0,33.158857932,35.643206732,08/07/2025,16,0.711225900532778,0.006527652082376789,0.6750579939577347,1.1497374684237993,0.5076452062847732,4.544372148594611,936.3333333333334,0.24215309200603316,0.1267361111111111
10,129,1,33.158909628,35.643437948,08/07/2025,16,0.6912966894016771,0.005674490117968861,0.6609082674853544,1.1185459060215694,0.48683189478793604,4.159037234815499,935.3333333333334,0.3245098039215686,0.15104166666666669
10,130,1,33.1589613,35.643677962,08/07/2025,16,0.6701380174193504,0.012519337853085158,0.6437218412294813,1.0983222387972218,0.4618603651804725,5.292481250360577,923.7777777777778,0.1504599282540459,0.10416666666666669
10,131,1,33.159013632,35.643919578,08/07/2025,16,0.6762046630880637,0.015446729190981345,0.6595553177779897,1.0629869060749109,0.487679298940678,4.675687440010859,907.3333333333334,0.25895351799763566,0.1154513888888889
10,134,0,33.158667682,35.643592803,08/07/2025,16,0.6539882681016285,0.011360139450381196,0.642680731465637,1.0405098873865397,0.4748019579625191,4.300424108083222,885.6666666666666,0.2708710407239819,0.13020833333333334
10,135,0,33.15861547,35.643348467,08/07/2025,16,0.6500553585633542,0.00899055297101959,0.6409743096745613,1.0321307461499303,0.4673943208243812,4.802694271103766,907.0,0.33733031674208147,0.1267361111111111
10,136,0,33.158563075,35.643114235,08/07/2025,16,0.6322402823407174,0.02427237588931574,0.632124534781627,1.0012209481587915,0.46221635567596686,4.846251836004468,883.8888888888889,0.12220068166069056,0.1076388888888889
10,137,0,33.158525578,35.642949565,08/07/2025,16,0.5264198719781733,0.03666330641013614,0.5635086390488525,0.9015787086031627,0.39953235031366735,4.663320189106002,626.4444444444445,0.1377602949845333,0.125
11,2,1,33.161904167,35.64655731,14/07/2025,10,0.6383440923031033,0.004956359991159803,0.6202835512761558,1.0619090627215109,0.45874441394449955,4.173533209849189,606.0,0.3479559474035606,0.14756944444444448
11,3,1,33.161851242,35.646311857,14/07/2025,10,0.6689601784946828,0.003990450386518876,0.6453213226185294,1.086977786742234,0.4822523651262076,3.3505602963278096,918.1111111111111,0.5875,0.18229166666666666
11,4,1,33.161798215,35.64607068,14/07/2025,10,0.6942398375867023,0.003112771032359846,0.6527605314714776,1.1644305802583874,0.4954625957076013,2.1625056054120884,934.5555555555555,0.7375,0.30902777777777773
11,5,1,33.161739218,35.645799122,14/07/2025,10,0.6556931520458185,0.010912211697476438,0.6390855099449425,1.059223341032209,0.4755206151270905,3.3222706298909044,865.1111111111111,0.5291666666666668,0.17708333333333334
11,6,1,33.161683657,35.645553007,14/07/2025,10,0.670811104475066,0.0038682687569425228,0.6449494261043243,1.0956929125790702,0.47803428005104187,1.6835024445205309,929.4444444444445,0.8125,0.4201388888888889
11,7,1,33.16163386,35.64532035,14/07/2025,10,0.6685551686460163,0.0046881393540111746,0.6420129806359612,1.0978748574787607,0.47792152346330863,1.4353074058019706,960.0,0.84375,0.4887152777777778
11,8,1,33.161579802,35.645072175,14/07/2025,10,0.6863095981138831,0.004346387848655658,0.647980873062277,1.148373233829502,0.48807326639389825,3.499557609147716,940.3333333333334,0.5145833333333333,0.16927083333333334
11,9,1,33.161522608,35.64481208,14/07/2025,10,0.7178291225910101,0.002040754188036694,0.6711248112588112,1.1981952077292535,0.5198857867600756,2.254715752170299,917.2222222222222,0.7625,0.3706597222222222
11,10,1,33.161467852,35.644562685,14/07/2025,10,0.7171240527451332,0.00900095241201383,0.6708206244387516,1.1974138116677526,0.5153575103992599,3.2653360647604432,923.5555555555555,0.5583333333333332,0.18229166666666666
11,11,1,33.161407923,35.644284105,14/07/2025,10,0.6843911490603362,0.004419451816993745,0.6560880711733657,1.1084681529499976,0.5007456379688043,2.9024646454057463,882.6666666666666,0.5354166666666667,0.20659722222222224
11,12,1,33.161350028,35.644022393,14/07/2025,10,0.7220823907863939,0.007178041650248199,0.6721546180128845,1.2160956188804908,0.518161355489736,2.9133456951388417,919.7777777777778,0.6770833333333334,0.2152777777777778
11,13,2,33.161296493,35.643780253,14/07/2025,10,0.6830568844953275,0.010812762062068597,0.651461522329952,1.1210513298761586,0.49453984116904137,4.2943721485946105,971.0,0.2870098039215686,0.1371527777777778
11,14,2,33.161295503,35.64377286,14/07/2025,10,0.6830568844953275,0.010812762062068597,0.651461522329952,1.1210513298761586,0.49453984116904137,4.2943721485946105,971.0,0.2870098039215686,0.1371527777777778
11,15,2,33.161237957,35.64351069,14/07/2025,10,0.6245656512141865,0.006696752331428579,0.6040781796798422,1.068049294867385,0.43787324836485547,3.89882421407231,1043.888888888889,0.3165441176470588,0.15104166666666669
11,16,2,33.161181847,35.643255147,14/07/2025,10,0.6618362595515097,0.016069355793819094,0.6282776106656538,1.122608553223416,0.4620067602663414,4.846251836004468,1004.6666666666666,0.3036764705882353,0.1076388888888889
11,17,2,33.161125505,35.643000462,14/07/2025,10,0.6667036093670328,0.007171107493133697,0.6319883753955969,1.1281326478014946,0.47371282365726014,3.230259514852448,1001.7777777777778,0.5750000000000001,0.1597222222222222
11,18,2,33.161070167,35.642742588,14/07/2025,10,0.6444481874413189,0.01280238473834559,0.6236335434210232,1.0727770885124075,0.4702932421659461,4.389460876028361,984.1111111111111,0.20738122171945705,0.12847222222222224
11,19,1,33.161016097,35.642499303,14/07/2025,10,0.6969838892288778,0.004204451691889767,0.6574771716742789,1.1576273894724465,0.5079115726595265,1.8389827611420677,955.3333333333334,0.7395833333333333,0.3567708333333333
11,20,1,33.160961333,35.642243133,14/07/2025,10,0.6840480728653313,0.005196714206413423,0.6444132638340645,1.152944506714596,0.4918982919523194,1.4353074058019708,1000.0,0.84375,0.4887152777777778
11,21,1,33.160905407,35.641989658,14/07/2025,10,0.66506350805569,0.004626088024381573,0.6298608153066427,1.1291091080499678,0.47171996314494113,1.6835024445205309,1022.4444444444445,0.8125,0.4201388888888889
11,22,1,33.160851472,35.641743378,14/07/2025,10,0.6636624592855289,0.005217791240899104,0.6273654100930968,1.132815379828262,0.46622239483369593,2.4482537708610694,1023.7777777777778,0.73125,0.27951388888888884
11,23,1,33.160796293,35.64149581,14/07/2025,10,0.6336650914483966,0.0092663324584435,0.603090446053518,1.1048126610506281,0.4400483719723027,3.8848925229268274,1063.4444444444443,0.5125,0.1449652777777778
11,24,2,33.16074556,35.641261182,14/07/2025,10,0.5793531938943516,0.009363781521037682,0.5715996513217919,1.0240779421518273,0.3913700129334227,3.1521706916329766,722.6666666666666,0.3354541629170416,0.22395833333333331
11,26,2,33.160473993,35.641542365,14/07/2025,10,0.6257754872935251,0.009773458732904076,0.60491301806381,1.070224938810284,0.43714721563663256,2.4097279562666003,1019.4444444444445,0.73125,0.2881944444444445
11,27,2,33.160527985,35.641783753,14/07/2025,10,0.6473828366666189,0.0029434056031528853,0.6189527148335263,1.099611900145765,0.45793371005871847,3.2689002017748097,996.1111111111111,0.6187499999999999,0.1657986111111111
11,28,1,33.160582947,35.642029865,14/07/2025,10,0.6732012855822826,0.006659085370956522,0.6309453379250007,1.1590111440580153,0.46832672241965806,0.7451475706431423,1007.8888888888889,0.9270833333333333,0.7526041666666667
11,29,1,33.160636005,35.642282955,14/07/2025,10,0.6760907566934689,0.004065776676329351,0.6386521529413487,1.141346348418967,0.47995048000113705,2.4308241319059887,984.7777777777778,0.6875,0.24479166666666663
11,30,1,33.160695432,35.642537193,14/07/2025,10,0.7001108180235623,0.0034413098574570793,0.6566191392738083,1.175284312634003,0.5124167513974092,2.68514304294886,954.0,0.65625,0.23524305555555558
11,31,1,33.16074675,35.642782475,14/07/2025,10,0.6677106242773098,0.015644231607788564,0.642470365715916,1.0952140768283347,0.4891863072789832,4.802694271103768,910.5555555555555,0.30181561085972847,0.1267361111111111
11,32,1,33.160798315,35.6430323,14/07/2025,10,0.6777845224484533,0.008024085141789313,0.6446945238846955,1.1254896661969034,0.49287850927145715,3.9367722103366827,927.0,0.47500000000000003,0.1362847222222222
11,33,2,33.160855323,35.643279252,14/07/2025,10,0.690081084835213,0.008444318980037875,0.6440308701719979,1.1821999763807143,0.48829770064038264,1.7586169206466868,964.8888888888889,0.7083333333333333,0.3767361111111111
11,34,2,33.160907978,35.643522723,14/07/2025,10,0.6720497722106048,0.007488427374463153,0.6434629642654941,1.106515964046026,0.48389772749376664,2.307180590341786,949.0,0.71875,0.2647569444444445
11,35,1,33.160966438,35.643779155,14/07/2025,10,0.70162875538038,0.001907230675782342,0.6570009426809317,1.1805735129659543,0.5041904665956506,2.3684375810505314,937.2222222222222,0.6979166666666667,0.2404513888888889
11,36,1,33.161020612,35.644023725,14/07/2025,10,0.7066147722737194,0.0028099025194887584,0.6586453555307776,1.1972625156855194,0.5104240150921776,3.3858533076164026,933.8888888888889,0.6187499999999999,0.19010416666666669
11,37,1,33.161071323,35.644271332,14/07/2025,10,0.68196977758737,0.009183571409200224,0.6488255742763349,1.1275024560429918,0.49250206433505206,3.4948934896284056,919.3333333333334,0.49583333333333335,0.1814236111111111
11,38,1,33.161126305,35.644519178,14/07/2025,10,0.6829260416580544,0.00828539618957421,0.6499438981266864,1.1271796567621832,0.49874973158665625,4.396647917027245,910.4444444444445,0.4375,0.17274305555555555
11,39,1,33.16118263,35.644765113,14/07/2025,10,0.6998389382752835,0.006518616427328981,0.6636354185545452,1.145722817817052,0.5153382360803997,2.707518749639422,908.5555555555555,0.625,0.2708333333333333
11,40,1,33.161234052,35.645006792,14/07/2025,10,0.709980261477247,0.003959097588601208,0.6710265647043334,1.1613143052944659,0.5174360357727484,2.68514304294886,898.0,0.65625,0.23524305555555558
11,41,1,33.16128798,35.64524954,14/07/2025,10,0.6692118454490523,0.008673363737113348,0.6398419525191045,1.1090179513426648,0.4799764017353506,1.9249935493429025,963.7777777777778,0.7916666666666666,0.3315972222222222
11,42,1,33.161338072,35.645487483,14/07/2025,10,0.6605495634092687,0.006942080880070137,0.6419858491067607,1.0669344830454792,0.47556063068394444,3.6005602963278096,950.3333333333334,0.5354166666666667,0.171875
11,43,1,33.161391438,35.645724168,14/07/2025,10,0.6421730673131288,0.0062825158771037636,0.6221521160336647,1.0694208789814375,0.45432678304374957,2.4482537708610694,967.6666666666666,0.73125,0.2795138888888889
11,44,1,33.161451178,35.645987818,14/07/2025,10,0.6309276912727444,0.008219163354749334,0.6189644747623834,1.0402233244318715,0.45172649739141235,4.846251836004467,924.1111111111111,0.2617929864253394,0.1076388888888889
11,45,1,33.161502477,35.646226487,14/07/2025,10,0.6421589420826417,0.004319893796010213,0.6258716146578123,1.0561729071294406,0.46200471494217255,1.4353074058019708,935.2222222222222,0.84375,0.4887152777777778
11,46,1,33.161554907,35.646464875,14/07/2025,10,0.6353222541033667,0.006282083141392058,0.6198057933102249,1.053192816401076,0.457938914528748,3.4380546909157212,922.2222222222222,0.5875,0.15798611111111113
11,47,1,33.161614685,35.646747965,14/07/2025,10,0.5588172128023415,0.032426694755877485,0.5670547334404261,0.9784025240912079,0.3943380991908177,5.292481250360577,808.8888888888889,0.10443843042212557,0.10416666666666669
11,50,1,33.161134613,35.646068373,14/07/2025,10,0.6101919273774734,0.015889369104558102,0.60746455432912,1.0101754015959608,0.44551654576657274,4.788320189106002,874.3333333333334,0.34534313725490196,0.1232638888888889
11,51,1,33.161079387,35.64581745,14/07/2025,10,0.657537912999296,0.004626754983160646,0.6369444719562528,1.073750767530689,0.47633615390738626,2.5738496345702995,902.5555555555555,0.6791666666666667,0.23350694444444448
11,52,0,33.161023875,35.64556372,14/07/2025,10,0.6777272818708915,0.003983032216994299,0.644476909025284,1.1255326109258637,0.48482368791956776,3.573194012124527,908.6666666666666,0.525,0.15190972222222224
11,53,0,33.160968185,35.645311618,14/07/2025,10,0.6971841778707799,0.007560224133148181,0.6590695637129664,1.1530105559081327,0.5147882051428334,2.360640850566464,908.1111111111111,0.6666666666666666,0.2690972222222222
11,54,1,33.160917117,35.6450801,14/07/2025,10,0.7386638135657622,0.003902398570819642,0.6958670486830116,1.1932545055826471,0.5485371360091766,1.789598901284349,844.4444444444445,0.8229166666666666,0.40885416666666663
11,55,1,33.160866638,35.644850175,14/07/2025,10,0.7345802570071212,0.004410289723949765,0.6896441172928888,1.2007527921819512,0.5520117630683148,2.2845300583088024,859.4444444444445,0.7395833333333333,0.3046875
11,56,1,33.160810095,35.644588563,14/07/2025,10,0.7157681117637928,0.006599971162095577,0.6763062431433516,1.1662472011679346,0.529662249591502,3.152170691632976,854.4444444444445,0.4645833333333333,0.22395833333333331
11,57,1,33.160743152,35.64436066,14/07/2025,10,0.7132543226093795,0.0051988098240903936,0.6833201760278448,1.124271370408053,0.5368813247889924,2.68514304294886,842.1111111111111,0.54375,0.23524305555555558
11,58,1,33.160689237,35.644118827,14/07/2025,10,0.7184595030909097,0.002472378151649303,0.6718433122043831,1.1981851983969074,0.5190141083394183,1.7895989012843492,891.6666666666666,0.8229166666666667,0.40885416666666674
11,59,1,33.160635753,35.643873842,14/07/2025,10,0.716856776970453,0.0038922381614254634,0.671817898138834,1.1904920608775265,0.5241543782387366,1.4353074058019706,895.2222222222222,0.84375,0.4887152777777778
11,60,1,33.160585255,35.643639628,14/07/2025,10,0.7241787114841731,0.006674076605908989,0.6753724839176992,1.2119320141839767,0.534281147342982,1.5,891.1111111111111,0.75,0.3958333333333333
11,61,1,33.160529465,35.643396377,14/07/2025,10,0.7282941337483715,0.0023559386100239026,0.6831323327698604,1.1976947777303717,0.541126217226162,1.9249935493429025,877.6666666666666,0.7916666666666666,0.3315972222222222
11,62,1,33.160478112,35.643155417,14/07/2025,10,0.6978581693193497,0.011162042959421775,0.6594123039421809,1.1538800732016807,0.5163493966080525,4.81849479359989,902.2222222222222,0.30274499612734906,0.11197916666666669
11,63,0,33.160426752,35.642917528,14/07/2025,10,0.6885474396042591,0.0069451901502891634,0.6539582076226911,1.1345814299430563,0.5017961174662734,4.294372148594611,901.7777777777778,0.2723039215686274,0.1371527777777778
11,64,1,33.160374338,35.64267693,14/07/2025,10,0.6608613602221127,0.006968032204133443,0.6447243196526855,1.0584285625469478,0.47660258680888545,1.8389827611420677,949.1111111111111,0.7395833333333333,0.3567708333333333
11,65,1,33.160321667,35.642433553,14/07/2025,10,0.6445580316811829,0.00729580141983161,0.6369374614222857,1.0262950548597458,0.4729775011451793,3.425280148163905,966.4444444444445,0.5958333333333333,0.16319444444444445
11,66,1,33.160267302,35.642186545,14/07/2025,10,0.6506961326839112,0.010024061757832776,0.634594731575052,1.0572937413911558,0.4600527642569621,3.30700273142711,970.3333333333334,0.5375000000000001,0.17187500000000003
11,67,1,33.160215403,35.641953228,14/07/2025,10,0.6625724566067501,0.0055053891801555566,0.6358004797234935,1.0973909357709464,0.47866833322702107,1.6835024445205309,988.7777777777778,0.8125,0.4201388888888889
11,68,1,33.160160902,35.641708345,14/07/2025,10,0.6539089221353246,0.011107616484894105,0.6358493694279245,1.0646313827323122,0.47469781045226395,4.802694271103766,948.6666666666666,0.3256127450980392,0.1267361111111111
11,71,0,33.15991125,35.64199894,14/07/2025,10,0.6080293967812177,0.008926569349850021,0.611874195692665,0.9880747300766201,0.4258893420231004,3.5968226336265317,966.6666666666666,0.4708333333333333,0.17708333333333334
11,72,0,33.159965595,35.642245682,14/07/2025,10,0.6529707137986572,0.007753306375592646,0.6308620126568266,1.0785193365137937,0.45950133911292895,3.9090372348154987,966.0,0.45208333333333334,0.16145833333333334
11,73,0,33.160023748,35.642498748,14/07/2025,10,0.6815487368910614,0.006801540240752672,0.6513288368056327,1.1153506701752727,0.49281579570515915,3.1403360647604432,936.4444444444445,0.5958333333333333,0.20138888888888887
11,74,1,33.160092528,35.642816152,14/07/2025,10,0.7171660182454697,0.007000945858152376,0.677790664072282,1.1665303296785445,0.5286412049712524,3.1380647036667964,889.7777777777778,0.65,0.21180555555555555
11,75,1,33.16014033,35.643049575,14/07/2025,10,0.7086598333328219,0.009724379488199571,0.6776970533072598,1.1271252910103953,0.5262039529196845,5.06331458369391,815.3333333333334,0.1737339961084581,0.11197916666666669
11,76,0,33.160202665,35.643323637,14/07/2025,10,0.7297889249322984,0.009929622227670229,0.6916385117735203,1.167646005916305,0.5504106818183478,4.804585169337801,817.2222222222222,0.3057598039215686,0.11111111111111112
11,77,0,33.160255515,35.64356091,14/07/2025,10,0.7449830040140242,0.0038396541971148688,0.6999418779469931,1.2080436526973262,0.5676201273709501,2.078838679766182,840.6666666666666,0.7708333333333333,0.359375
11,78,0,33.16030711,35.643799343,14/07/2025,10,0.7328602838547161,0.007493238362082994,0.6857271783452606,1.2099729948257625,0.5467985578081048,2.2845300583088024,875.8888888888889,0.7395833333333333,0.3046875
11,79,0,33.160359295,35.644039982,14/07/2025,10,0.7075252369914443,0.004355939495932771,0.6727760676421702,1.1425830802706307,0.5292205586702323,1.6835024445205309,873.7777777777778,0.8125,0.4201388888888889
11,80,0,33.16041425,35.644280253,14/07/2025,10,0.7117231454817223,0.004288191365928317,0.6737526281762395,1.1576839004343824,0.5332418302150168,1.6835024445205309,871.3333333333334,0.8125,0.4201388888888889
11,81,0,33.160462468,35.644512675,14/07/2025,10,0.7106541825189683,0.009777453263127468,0.6777268197993563,1.1371424752515216,0.5322947965892061,4.164602669685038,827.1111111111111,0.45416666666666666,0.1345486111111111
11,82,0,33.160514765,35.644741153,14/07/2025,10,0.7172089800381634,0.005680907956361334,0.6785069779949408,1.1636031017650943,0.5381426945793322,3.5968226336265317,858.6666666666666,0.4708333333333332,0.17708333333333334
11,83,1,33.160565533,35.644975222,14/07/2025,10,0.7317731510124228,0.004550044148016356,0.6840981616809555,1.2116040981161258,0.5387033729635394,0.7451475706431423,880.2222222222222,0.9270833333333333,0.7526041666666667
11,84,1,33.160615463,35.645209277,14/07/2025,10,0.7277705721156706,0.0033040297567627484,0.6908910480057311,1.160343310476969,0.5471822402774204,4.042628649429343,856.6666666666666,0.4125,0.1371527777777778
11,85,1,33.16066841,35.645444015,14/07/2025,10,0.7098679455709944,0.010402554234605454,0.6787721791420072,1.1283529063062099,0.5298917057862077,4.473406066166138,857.3333333333334,0.31894796380090495,0.1154513888888889
11,86,1,33.160720382,35.645692387,14/07/2025,10,0.6163842046978412,0.025330120594441462,0.6168288282392345,1.0003915570681938,0.46090851322949583,5.292481250360577,883.2222222222222,0.14343809500373345,0.10416666666666669
11,89,0,33.160266512,35.645112597,14/07/2025,10,0.6662144107174166,0.01394253316592391,0.6551971881899177,1.0403367973847786,0.5001057489941487,5.0901998765158565,868.1111111111111,0.2067419795360972,0.10416666666666669
11,90,1,33.160211572,35.644867212,14/07/2025,10,0.6965435602590939,0.004962043783459777,0.6597201749754814,1.1462959493878566,0.5099599715114796,3.4380546909157212,900.5555555555555,0.5874999999999999,0.1579861111111111
11,91,0,33.160160582,35.644633925,14/07/2025,10,0.702072988018359,0.011463471027713843,0.6737263326058547,1.114669044087588,0.5323734394582283,4.396647917027245,850.1111111111111,0.3639234539969834,0.17274305555555555
11,92,1,33.160110772,35.644403592,14/07/2025,10,0.7418182612407525,0.0032035343387036134,0.6996938883561978,1.1922319705489874,0.564982386021998,-0.0,841.0,1.0,1.0
11,93,1,33.160057588,35.644164157,14/07/2025,10,0.7396313103063218,0.004316286026137261,0.6932349683068555,1.210957670716247,0.5507398058274728,2.6186779753360474,854.0,0.66875,0.25781249999999994
11,94,1,33.160003118,35.64391539,14/07/2025,10,0.7429021662940404,0.0036208514824117442,0.6970873392397553,1.210206626594817,0.5641768639931742,0.7451475706431423,863.6666666666666,0.9270833333333334,0.7526041666666667
11,95,1,33.159952528,35.643679232,14/07/2025,10,0.7457882880539766,0.002841992445595567,0.7033219963843285,1.196376032351867,0.5587796609766129,2.307180590341786,842.3333333333334,0.71875,0.2647569444444444
11,96,1,33.159900615,35.64344177,14/07/2025,10,0.7251359414311183,0.004265142338855732,0.6833670133546303,1.180983708347705,0.542772232233885,2.707518749639422,873.0,0.625,0.2708333333333333
11,97,1,33.159848477,35.643206347,14/07/2025,10,0.7009331254456285,0.01372919917887882,0.67097811659723,1.121569250159791,0.5264192982934645,4.2943721485946105,848.0,0.22952488687782802,0.1371527777777778
11,98,1,33.159795493,35.642962257,14/07/2025,10,0.7202144937549717,0.004916063945428141,0.6810690757119796,1.1666313473296717,0.5329327171872676,2.707518749639422,867.5555555555555,0.625,0.2708333333333333
11,99,1,33.159742288,35.642722712,14/07/2025,10,0.7106572856814082,0.005230683265958683,0.6753597124716773,1.145954965443774,0.5228160740658008,2.68514304294886,892.5555555555555,0.65625,0.23524305555555558
11,100,0,33.15968937,35.642477,14/07/2025,10,0.6836986413250168,0.010337375390533416,0.6563059274643609,1.1055325398591302,0.48851454040428977,2.4466516387672983,905.2222222222222,0.71875,0.2751736111111111
11,101,1,33.159635603,35.642232272,14/07/2025,10,0.6985008498940379,0.005183631164413936,0.6648102565483647,1.1344850298011506,0.4969359516070312,2.561047859822814,899.2222222222222,0.7,0.22135416666666666
11,102,0,33.159582878,35.641992193,14/07/2025,10,0.5435266665991525,0.04629341414218512,0.5797021715681296,0.9032113338572043,0.41011837219580083,5.0901998765158565,934.3333333333334,0.048331765807741345,0.10416666666666669
11,105,1,33.159348135,35.642439938,14/07/2025,10,0.6404488191645284,0.006761863413637212,0.6334820365162409,1.0241280563137058,0.44269397082158773,3.499557609147715,975.2222222222222,0.5145833333333334,0.16927083333333337
11,106,1,33.159400735,35.642679832,14/07/2025,10,0.6716193435454528,0.005214654167439192,0.648174556897248,1.0868512753610347,0.4631496855056276,2.4482537708610694,964.7777777777778,0.73125,0.27951388888888884
11,107,1,33.159453582,35.64291647,14/07/2025,10,0.6731332381151724,0.00457010654422142,0.6499464389894731,1.0862063335477057,0.4725639699844456,2.4466516387672983,973.2222222222222,0.71875,0.27517361111111116
11,108,1,33.159506357,35.643162467,14/07/2025,10,0.6763036748821667,0.0035241635217535955,0.6524296523986344,1.0895709939399763,0.4805376223388181,4.015358131643837,958.4444444444445,0.4625,0.1371527777777778
11,109,1,33.159556128,35.643414448,14/07/2025,10,0.6489849103795219,0.009105275977521733,0.6380350754768302,1.0389044649293449,0.4565806516457347,4.8193665431825226,881.7777777777778,0.2746435632465044,0.1154513888888889
11,110,1,33.159613697,35.643651843,14/07/2025,10,0.700793571819966,0.004305205757633204,0.6660919012826946,1.1394489298141373,0.4982736107333938,1.9933241319059891,912.8888888888889,0.7604166666666666,0.2873263888888889
11,111,1,33.15966682,35.643892862,14/07/2025,10,0.6949447572137288,0.01137828249350153,0.6594811506573639,1.1411504901233605,0.4884623816454895,1.8279538356873366,960.8888888888889,0.7812500000000001,0.4019097222222223
11,112,1,33.159719498,35.644131545,14/07/2025,10,0.6881987569202466,0.011513565392144997,0.6602754585904012,1.109238135906531,0.4870720567823764,1.944381475746753,955.0,0.7395833333333333,0.2977430555555555
11,113,1,33.159773107,35.644375108,14/07/2025,10,0.7031184096456069,0.003689773668449111,0.6663730443068757,1.1485966123391682,0.5043801179050004,2.707518749639422,921.4444444444445,0.625,0.2708333333333333
11,114,0,33.159829127,35.644622533,14/07/2025,10,0.6644941266428291,0.014291022781310466,0.6608594080401903,1.0137641436896698,0.48882161069356683,4.417073958513622,851.1111111111111,0.2779577371489136,0.15711805555555555
11,117,0,33.15940016,35.644173385,14/07/2025,10,0.731173662659899,0.008333373855656247,0.6986427817266958,1.1429977689747395,0.5410582981200549,4.396647917027245,837.2222222222222,0.46875,0.17274305555555555
11,118,0,33.15934708,35.643931,14/07/2025,10,0.7313423747924257,0.005804675651934149,0.6916238440842819,1.175462854240258,0.5334257834528494,2.307180590341786,875.6666666666666,0.71875,0.2647569444444444
11,119,0,33.159294962,35.643689105,14/07/2025,10,0.6979760050872097,0.006201289290199097,0.6650810156813736,1.131089043131995,0.498009980896869,4.456733794087382,915.4444444444445,0.4375,0.1267361111111111
11,120,0,33.159226015,35.643452487,14/07/2025,10,0.6513825311242419,0.00955200011172474,0.6428990808733126,1.0301037724592101,0.4634735327237542,5.0901998765158565,883.0,0.15672490929843874,0.10416666666666669
11,121,0,33.159170393,35.643204777,14/07/2025,10,0.6940887896192598,0.0038085121071832176,0.6668700156862236,1.1068590685817195,0.4868178567825682,3.2174240378112207,910.8888888888889,0.5958333333333333,0.1840277777777778
11,122,0,33.159117593,35.642966563,14/07/2025,10,0.6804573505417828,0.0072502510674470185,0.6517165463317348,1.1097709282161035,0.46523637657383027,2.561047859822814,952.2222222222222,0.7,0.22135416666666669
11,123,0,33.159065415,35.64272392,14/07/2025,10,0.6598152386113756,0.010373910375550495,0.6493874835612582,1.0375953646128027,0.46651452917663644,5.063314583693912,916.4444444444445,0.30686274509803924,0.11197916666666669
11,124,0,33.159009202,35.642481325,14/07/2025,10,0.49923709601796595,0.03573408772693629,0.5475822134919718,0.8777325062425542,0.35977974408006735,5.292481250360577,930.2222222222222,0.15235849537320126,0.10416666666666669
11,127,0,33.158804015,35.642959248,14/07/2025,10,0.6867856385869892,0.004609803973003986,0.6591154656696541,1.1065582518987809,0.4820917604858188,4.709147917027244,920.8888888888889,0.28289969834087486,0.13541666666666669
11,128,0,33.158857932,35.643206732,14/07/2025,10,0.6806045513999212,0.0033860079660306673,0.6648953052307645,1.0591813705764432,0.4760780131355815,3.442490577512721,930.7777777777778,0.5645833333333334,0.15538194444444445
11,129,1,33.158909628,35.643437948,14/07/2025,10,0.6636700640894904,0.007672606543688763,0.6458520621189621,1.0647013368052856,0.4728509413196581,4.347534316583504,944.4444444444445,0.395343137254902,0.12239583333333334
11,130,1,33.1589613,35.643677962,14/07/2025,10,0.6467887463764196,0.015448163985887034,0.6269808683560226,1.0701870099413806,0.4504383677122147,4.8045851693378,956.8888888888889,0.2404411764705882,0.11111111111111112
11,131,1,33.159013632,35.643919578,14/07/2025,10,0.676069774839544,0.011697183472491319,0.6614367301400711,1.05513753100152,0.49647460699343365,4.396647917027245,887.8888888888889,0.3473622661122661,0.17274305555555555
11,134,0,33.158667682,35.643592803,14/07/2025,10,0.6488332705011945,0.008730445197189273,0.6406472731156497,1.0287292771614849,0.4727446325366519,4.61318744001086,867.6666666666666,0.29897247360482654,0.11458333333333334
11,135,0,33.15861547,35.643348467,14/07/2025,10,0.6272522029484646,0.007799044908365978,0.6237104949319211,1.012164574815714,0.4446713078667328,3.5812528027060444,917.1111111111111,0.5354166666666667,0.14756944444444445
11,136,0,33.158563075,35.643114235,14/07/2025,10,0.6307155941102703,0.016975605335429057,0.6278150460771177,1.0104954498034995,0.4530470302034588,3.9090372348154983,886.3333333333334,0.24780354449472092,0.16145833333333331
11,137,0,33.158525578,35.642949565,14/07/2025,10,0.5276372155859163,0.03847363416646568,0.5699758307044676,0.8889715221074006,0.38823621924630247,4.663320189106001,614.6666666666666,0.13435197083913558,0.125
12,2,1,33.161904167,35.64655731,19/07/2025,5,0.41829729609321586,0.014600491398210654,0.5087858366961688,0.7938707131345094,0.2932101061035584,3.857157547405643,587.7777777777778,0.2326445589406419,0.1701388888888889
12,3,1,33.161851242,35.646311857,19/07/2025,5,0.41643309251535926,0.010905086421400475,0.5274850041442276,0.7507107165394784,0.2958834415908772,3.78619146497717,854.2222222222222,0.38259803921568625,0.15885416666666669
12,4,1,33.161798215,35.64607068,19/07/2025,5,0.41100952050458917,0.01380873680104183,0.508073228253093,0.7818105616866382,0.29060926426574824,4.2229250747848,896.0,0.4198529411764706,0.13628472222222224
12,5,1,33.161739218,35.645799122,19/07/2025,5,0.4172465718944502,0.014779607964869745,0.5157012441551487,0.7774132157070688,0.30380816863531884,3.1521706916329766,876.4444444444445,0.3729166666666666,0.22395833333333331
12,6,1,33.161683657,35.645553007,19/07/2025,5,0.39739300510154973,0.010647420069782242,0.5065720049068149,0.7594647045916623,0.28825902631749795,3.152170691632976,888.6666666666666,0.3574754901960784,0.22395833333333334
12,7,1,33.16163386,35.64532035,19/07/2025,5,0.4169859005681381,0.013913304710145239,0.5244513306890326,0.7582318798403253,0.3009940621932018,4.544372148594611,886.7777777777778,0.3193156108597285,0.1267361111111111
12,8,1,33.161579802,35.645072175,19/07/2025,5,0.4159470528402783,0.015238663180022231,0.5227591353239076,0.759935230684933,0.3025507728513412,4.846251836004468,877.2222222222222,0.27818627450980393,0.10763888888888891
12,9,1,33.161522608,35.64481208,19/07/2025,5,0.4493503395109913,0.016409301851756868,0.5333378288989489,0.8010661081339654,0.3199891741542711,4.292628649429344,896.4444444444445,0.32540535444947205,0.12673611111111113
12,10,1,33.161467852,35.644562685,19/07/2025,5,0.4361067402729263,0.01773634690127092,0.5238244458406756,0.7963611381812916,0.3143303172277172,3.9090372348154983,919.5555555555555,0.298604826546003,0.16145833333333334
12,11,1,33.161407923,35.644284105,19/07/2025,5,0.4238655144536132,0.01270912947901384,0.5175419293085817,0.7860596988446706,0.31085978045747864,3.573194012124527,911.3333333333334,0.525,0.15190972222222224
12,12,1,33.161350028,35.644022393,19/07/2025,5,0.4388626774093128,0.021136182831452383,0.5277665236379501,0.7930798274699954,0.32233247108745894,4.544372148594611,942.3333333333334,0.22323717948717942,0.1267361111111111
12,13,2,33.161296493,35.643780253,19/07/2025,5,0.418579654301116,0.018002004977820694,0.5135960168100344,0.7844302583724706,0.3081548694139347,4.594360937770434,969.8888888888889,0.37536764705882353,0.13368055555555558
12,14,2,33.161295503,35.64377286,19/07/2025,5,0.418579654301116,0.018002004977820694,0.5135960168100344,0.7844302583724706,0.3081548694139347,4.594360937770434,969.8888888888889,0.37536764705882353,0.13368055555555558
12,15,2,33.161237957,35.64351069,19/07/2025,5,0.3860320738234963,0.008116308223641802,0.49204706313138025,0.768631455721337,0.27901697594908537,4.159037234815499,990.2222222222222,0.3953431372549019,0.15104166666666666
12,16,2,33.161181847,35.643255147,19/07/2025,5,0.37122974230220795,0.010431529943163787,0.4811916540428068,0.7640609899760782,0.2730512417739706,3.596822633626531,997.0,0.47083333333333327,0.17708333333333331
12,17,2,33.161125505,35.643000462,19/07/2025,5,0.4024346041598818,0.011226690084801306,0.5008426682389092,0.7807123249255803,0.28899302419382855,3.152170691632976,975.3333333333334,0.4604166666666666,0.22395833333333331
12,18,2,33.161070167,35.642742588,19/07/2025,5,0.39194080947065985,0.01755905225317158,0.4973511759297413,0.7687817690199595,0.2780666256011851,2.707518749639422,958.2222222222222,0.5125000000000001,0.2708333333333333
12,19,1,33.161016097,35.642499303,19/07/2025,5,0.40726366035844036,0.01820535059577101,0.5057110887448988,0.7797014270712321,0.2954536435476191,4.18643861802411,950.0,0.3011029411764706,0.12239583333333334
12,20,1,33.160961333,35.642243133,19/07/2025,5,0.39512356117765884,0.01300877819251784,0.504050092447001,0.7607476591378152,0.2794512437691738,3.9139320459104434,947.6666666666666,0.48333333333333334,0.1484375
12,21,1,33.160905407,35.641989658,19/07/2025,5,0.4056641612810894,0.017852814923620522,0.4961962541722699,0.7967307603992759,0.2796903314360509,3.5968226336265317,989.4444444444445,0.4291666666666666,0.17708333333333331
12,22,1,33.160851472,35.641743378,19/07/2025,5,0.3929068481330916,0.014593445370593889,0.4971285811217379,0.7709000850678792,0.27855230083745885,3.152170691632976,987.8888888888889,0.48125000000000007,0.22395833333333331
12,23,1,33.160796293,35.64149581,19/07/2025,5,0.3726949990470232,0.019346421887315494,0.48994110298862686,0.7496123551931262,0.2598099420223811,3.724688546745176,992.8888888888889,0.4354166666666667,0.14756944444444445
12,24,2,33.16074556,35.641261182,19/07/2025,5,0.3400417348326836,0.012537876579296383,0.4602398489206929,0.7505001406568987,0.24080637339192001,4.434153522439333,694.2222222222222,0.27041910848593154,0.1328125
12,26,2,33.160473993,35.641542365,19/07/2025,5,0.52813492581658,0.01007673609274296,0.5653813908208172,0.8994226868052648,0.35505920412212666,3.9166315676613377,961.5555555555555,0.32916666666666666,0.1579861111111111
12,27,2,33.160527985,35.641783753,19/07/2025,5,0.5586516216058125,0.01923674838906967,0.581969359000701,0.9347423677687998,0.3745403024498159,4.294372148594611,945.3333333333334,0.24734162895927597,0.1371527777777778
12,28,1,33.160582947,35.642029865,19/07/2025,5,0.5737000941502441,0.005069977658294102,0.5808915820485366,0.9788227938801841,0.3806561448534671,4.804585169337801,976.3333333333334,0.25559012066365006,0.11111111111111112
12,29,1,33.160636005,35.642282955,19/07/2025,5,0.5837163674925737,0.01060563373213174,0.5910767553246848,0.9786461438524032,0.3892619463045345,4.40310716836281,953.0,0.22065600668541843,0.11805555555555557
12,30,1,33.160695432,35.642537193,19/07/2025,5,0.6063307586966932,0.01890571151027444,0.6087882547366267,0.9929804509397311,0.42258462232111976,4.663320189106001,924.6666666666666,0.2064326770209123,0.125
12,31,1,33.16074675,35.642782475,19/07/2025,5,0.5629785544388298,0.025206987554800938,0.5906325753438616,0.9221032140843344,0.39972096809239516,5.063314583693911,883.4444444444445,0.2610989666136725,0.11197916666666669
12,32,1,33.160798315,35.6430323,19/07/2025,5,0.5646035756257555,0.02407796173004667,0.5801874188240924,0.9565527097763806,0.38379864450692575,4.596251836004467,907.8888888888889,0.20673076923076922,0.11805555555555555
12,33,2,33.160855323,35.643279252,19/07/2025,5,0.6103379173567547,0.012344154583432337,0.6014644406558237,1.0295003163084333,0.42010525280159355,5.0485332098491895,930.7777777777778,0.20284690799396682,0.1076388888888889
12,34,2,33.160907978,35.643522723,19/07/2025,5,0.5957066233381282,0.013934256214969238,0.6024227234188373,0.9800363007857195,0.41003815207769806,5.292481250360577,900.4444444444445,0.1532314214667156,0.10416666666666669
12,35,1,33.160966438,35.643779155,19/07/2025,5,0.6104895565149253,0.015233807165177318,0.6033778618511343,1.0236166956883936,0.4180880204736368,5.292481250360577,917.5555555555555,0.1372817557376381,0.10416666666666669
12,36,1,33.161020612,35.644023725,19/07/2025,5,0.6125386101951215,0.020994482674068046,0.608661111514035,1.0139444833772049,0.4267521888682959,5.0485332098491895,904.2222222222222,0.14579210998328646,0.1076388888888889
12,37,1,33.161071323,35.644271332,19/07/2025,5,0.5895382635956393,0.02320354501335518,0.5999938586452914,0.9699795752798964,0.4055454163259655,4.804585169337801,875.7777777777778,0.13806362357832946,0.11111111111111112
12,38,1,33.161126305,35.644519178,19/07/2025,5,0.584725719235191,0.017701675647965678,0.590881451268329,0.9822916269513886,0.4088814628981314,4.544372148594611,924.7777777777778,0.2004226794667971,0.1267361111111111
12,39,1,33.16118263,35.644765113,19/07/2025,5,0.6087992679032664,0.01552281310504254,0.6038397877026168,1.0170848874842067,0.4226089487402703,5.0901998765158565,929.6666666666666,0.15829032652562064,0.10416666666666669
12,40,1,33.161234052,35.645006792,19/07/2025,5,0.6039889137977085,0.0195964051293567,0.6098141326229783,0.9830130345094139,0.43175442982684226,5.292481250360577,922.1111111111111,0.1378094553829848,0.10416666666666669
12,41,1,33.16128798,35.64524954,19/07/2025,5,0.5632662068477725,0.013695534123776994,0.5853959678091469,0.9365304719084049,0.39271005333348796,5.0901998765158565,956.7777777777778,0.1268002693953196,0.10416666666666669
12,42,1,33.161338072,35.645487483,19/07/2025,5,0.5528125158991739,0.014028793034682728,0.5810461163348668,0.9210025554617847,0.3800599714693294,4.759892522926829,930.6666666666666,0.17303345766581063,0.11197916666666669
12,43,1,33.161391438,35.645724168,19/07/2025,5,0.5370729965069531,0.018524404014302154,0.5723014795655648,0.9048003119059759,0.3736327660365115,5.292481250360577,935.0,0.16683614610085196,0.10416666666666669
12,44,1,33.161451178,35.645987818,19/07/2025,5,0.5315305137693449,0.011145594624781622,0.5663661667002473,0.9053141076020135,0.37265290652959554,4.544372148594611,917.4444444444445,0.2624151583710407,0.1267361111111111
12,45,1,33.161502477,35.646226487,19/07/2025,5,0.564287287276821,0.011154114385120196,0.5817169984288182,0.94977531928393,0.38689149039490217,4.596251836004467,926.6666666666666,0.21939102564102558,0.11805555555555555
12,46,1,33.161554907,35.646464875,19/07/2025,5,0.5408122239712053,0.013546436401903289,0.5758349033079793,0.9034602555654535,0.37592027717590404,5.0901998765158565,908.4444444444445,0.10553901186254128,0.10416666666666669
12,47,1,33.161614685,35.646747965,19/07/2025,5,0.4785497678458077,0.03652072447522794,0.5348075543411226,0.8617277245191058,0.3344612516137266,5.292481250360577,788.7777777777778,0.09153039171407645,0.10416666666666669
12,50,1,33.161134613,35.646068373,19/07/2025,5,0.5514809600351197,0.01410166186870213,0.5827497366795237,0.9128436163154228,0.40512437146394104,4.491213419755166,890.5555555555555,0.39828431372549017,0.1154513888888889
12,51,1,33.161079387,35.64581745,19/07/2025,5,0.6054981920773375,0.007369067025967564,0.6115698595365227,0.9810802719912789,0.42541925339644115,3.1521706916329766,922.5555555555555,0.4104166666666666,0.22395833333333331
12,52,0,33.161023875,35.64556372,19/07/2025,5,0.606410896905349,0.007445472896065015,0.612869703437358,0.97969861888811,0.42637534227301854,2.5738496345702995,919.8888888888889,0.6791666666666667,0.23350694444444448
12,53,0,33.160968185,35.645311618,19/07/2025,5,0.6405897241517461,0.01165557595761595,0.6404200754278885,1.0008914673457787,0.45731771964883894,5.0485332098491895,908.1111111111111,0.26012443438914024,0.10763888888888891
12,54,1,33.160917117,35.6450801,19/07/2025,5,0.6986445064423077,0.015249116712361878,0.6762421206312316,1.089944283509526,0.5060547518074006,4.596251836004466,861.4444444444445,0.2354920814479638,0.11805555555555555
12,55,1,33.160866638,35.644850175,19/07/2025,5,0.6946900671506224,0.002092810764749517,0.6690834085420214,1.1005058810614863,0.5095960428764301,4.417073958513622,869.8888888888889,0.4224264705882353,0.15711805555555555
12,56,1,33.160810095,35.644588563,19/07/2025,5,0.6730273161532134,0.010529243488654541,0.6550953669701459,1.0670979713686426,0.4977055289379725,4.347534316583504,866.2222222222222,0.3698529411764706,0.12239583333333334
12,57,1,33.160743152,35.64436066,19/07/2025,5,0.6784522829053974,0.003723713415522729,0.6528753767450479,1.096396128970385,0.48567563146812287,2.8616450666536317,889.7777777777778,0.6145833333333334,0.1996527777777778
12,58,1,33.160689237,35.644118827,19/07/2025,5,0.6711987136031988,0.006853863857638483,0.6468756380332752,1.090071791671797,0.4831831860554188,3.152170691632976,926.7777777777778,0.4604166666666666,0.22395833333333331
12,59,1,33.160635753,35.643873842,19/07/2025,5,0.6703220806776325,0.004542376613635145,0.6474205443704903,1.0843246194532308,0.48135660508602235,3.5968226336265317,927.2222222222222,0.47083333333333327,0.17708333333333334
12,60,1,33.160585255,35.643639628,19/07/2025,5,0.6879399499553577,0.007570210059644027,0.6507045154385209,1.1448215120738316,0.48822804850774165,3.6071575474056434,934.1111111111111,0.48125000000000007,0.16493055555555558
12,61,1,33.160529465,35.643396377,19/07/2025,5,0.6812440502423507,0.008501861530841733,0.6602534753782509,1.0797524107490082,0.49880720069888557,3.5968226336265317,899.6666666666666,0.4124999999999999,0.17708333333333334
12,62,1,33.160478112,35.643155417,19/07/2025,5,0.651173778344049,0.012042632258826756,0.6402394344754025,1.0389059610074962,0.46964807953869747,4.667481250360578,905.2222222222222,0.25436463046757163,0.125
12,63,0,33.160426752,35.642917528,19/07/2025,5,0.6408398155582152,0.005260461370641103,0.6324775479256544,1.0287895163925154,0.4549657454110373,3.3508456951388417,932.5555555555555,0.5541666666666667,0.17274305555555558
12,64,1,33.160374338,35.64267693,19/07/2025,5,0.6004274320670417,0.011751658119482518,0.621092782545323,0.9370797567401193,0.4254223491526161,2.4466516387672983,964.3333333333334,0.71875,0.2751736111111111
12,65,1,33.160321667,35.642433553,19/07/2025,5,0.5895674482234656,0.004531484739772098,0.6181996756075318,0.9139052750290543,0.4185072393442333,1.4353074058019706,966.2222222222222,0.84375,0.4887152777777778
12,66,1,33.160267302,35.642186545,19/07/2025,5,0.5835492845489619,0.006592663685757485,0.6089509515722538,0.9242062634560766,0.40354460960343735,3.2268427769068473,976.0,0.6270833333333333,0.20225694444444445
12,67,1,33.160215403,35.641953228,19/07/2025,5,0.6049467882552468,0.008024926658331632,0.607824015828609,0.9915492196260891,0.4136003067531117,3.571346476523496,981.3333333333334,0.5541666666666667,0.17100694444444445
12,68,1,33.160160902,35.641708345,19/07/2025,5,0.5991080357844166,0.0054442727652150675,0.6096324595573777,0.9673833918447756,0.42195727940805156,4.375814583693912,964.6666666666666,0.26985294117647063,0.1388888888888889
12,71,0,33.15991125,35.64199894,19/07/2025,5,0.5403520050567395,0.004249164261430618,0.5947855212854468,0.8516713055586578,0.3726748475487966,3.499557609147715,978.8888888888889,0.4333333333333334,0.16927083333333334
12,72,0,33.159965595,35.642245682,19/07/2025,5,0.5777598608081722,0.00708512624913402,0.6064013199973597,0.9156821796897172,0.4013183623045038,3.672487163445857,986.7777777777778,0.5666666666666667,0.1796875
12,73,0,33.160023748,35.642498748,19/07/2025,5,0.621432824143202,0.006703798012604761,0.6255556062370915,0.9869357613300002,0.44327652120527644,1.8150499598292538,986.4444444444445,0.78125,0.34635416666666663
12,74,1,33.160092528,35.642816152,19/07/2025,5,0.6812200118526773,0.0038062536846390138,0.6624765522758601,1.0708435245046963,0.5012700205210843,3.672487163445857,922.0,0.5666666666666667,0.1796875
12,75,1,33.16014033,35.643049575,19/07/2025,5,0.6941195750136291,0.01270581953972483,0.6632564300843696,1.1232227055908894,0.5094454598357938,5.0901998765158565,866.8888888888889,0.14215110472463413,0.10416666666666669
12,76,0,33.160202665,35.643323637,19/07/2025,5,0.7017093854372378,0.013873318115126819,0.6749438413918154,1.108726808320548,0.5286244547168045,4.846251836004466,852.5555555555555,0.2542420814479638,0.1076388888888889
12,77,0,33.160255515,35.64356091,19/07/2025,5,0.7111726256091724,0.002784592033126493,0.6778481528491277,1.1376224496857716,0.5332589446758614,1.6835024445205309,889.0,0.8125,0.4201388888888889
12,78,0,33.16030711,35.643799343,19/07/2025,5,0.6980569439113578,0.007266015665512809,0.6751072682322488,1.0913562335242517,0.5203783187290614,2.4308241319059887,899.0,0.6875,0.24479166666666669
12,79,0,33.160359295,35.644039982,19/07/2025,5,0.6678345107742234,0.00671397093234342,0.6546381598780003,1.0483120668274282,0.47905760327482777,1.4541978025686977,912.4444444444445,0.8541666666666666,0.564236111111111
12,80,0,33.16041425,35.644280253,19/07/2025,5,0.6765918872295683,0.012435694151199387,0.6652232521589903,1.0434332651392557,0.4982685067462573,1.4353074058019708,889.7777777777778,0.84375,0.4887152777777778
12,81,0,33.160462468,35.644512675,19/07/2025,5,0.6788846159063304,0.012028073428456559,0.6600913959230061,1.0715239028856152,0.5043302180124258,4.284037234815498,874.4444444444445,0.4229166666666666,0.13368055555555555
12,82,0,33.160514765,35.644741153,19/07/2025,5,0.6906076982070934,0.0027304679192278274,0.6657069541319997,1.096754885604462,0.5033237479753923,2.4482537708610694,880.2222222222222,0.7312500000000001,0.2795138888888889
12,83,1,33.160565533,35.644975222,19/07/2025,5,0.6978671092066272,0.002041758431534957,0.6765990089632905,1.0840688071569649,0.5111251837989522,2.68514304294886,874.4444444444445,0.65625,0.23524305555555555
12,84,1,33.160615463,35.645209277,19/07/2025,5,0.6928042452927969,0.008131726727835409,0.6760647864149225,1.0661436077152695,0.5136384678828675,3.4380546909157212,878.5555555555555,0.5874999999999999,0.1579861111111111
12,85,1,33.16066841,35.645444015,19/07/2025,5,0.6843321402511748,0.00752080949249867,0.6679293356337408,1.062684627009486,0.5121584734582237,4.596251836004467,876.2222222222222,0.33125,0.11805555555555557
12,86,1,33.160720382,35.645692387,19/07/2025,5,0.585283823204553,0.023055914088747867,0.6098737771466602,0.9277351293851227,0.43185072876808367,4.854981250360577,887.3333333333334,0.2202129448452978,0.12760416666666669
12,89,0,33.160266512,35.645112597,19/07/2025,5,0.6269905210066732,0.01395289912022304,0.6287580130107522,0.9944619179534553,0.4446118330768599,4.456733794087382,906.0,0.32434012066365003,0.1267361111111111
12,90,1,33.160211572,35.644867212,19/07/2025,5,0.6220941537255616,0.01459756493624987,0.6252901127417558,0.9903770804958809,0.44084466560434116,1.9249935493429025,939.5555555555555,0.7916666666666666,0.3315972222222222
12,91,0,33.160160582,35.644633925,19/07/2025,5,0.6786334993710311,0.01099036751654341,0.6572215098296037,1.0810164759237766,0.49925840122713677,4.818494793599889,864.2222222222222,0.35625000000000007,0.11197916666666669
12,92,1,33.160110772,35.644403592,19/07/2025,5,0.7025134242138414,0.0035525914739482486,0.6787079652026722,1.0955638375080143,0.521925543047121,2.998547859822814,870.1111111111111,0.6270833333333332,0.17881944444444445
12,93,1,33.160057588,35.644164157,19/07/2025,5,0.7018230890993057,0.0036532046239178113,0.6757218509998097,1.104757045951379,0.5142200389027904,4.535906066166136,882.4444444444445,0.36458333333333337,0.11458333333333334
12,94,1,33.160003118,35.64391539,19/07/2025,5,0.7102867478000506,0.0029811432292346654,0.6780942337863208,1.1324452272976515,0.529402168198136,3.899804762194655,887.5555555555555,0.4854166666666666,0.1328125
12,95,1,33.159952528,35.643679232,19/07/2025,5,0.7141139810828132,0.005751864869033958,0.6848073922055822,1.1221896577671864,0.530950219942469,2.2465073264361655,867.0,0.6979166666666666,0.2630208333333333
12,96,1,33.159900615,35.64344177,19/07/2025,5,0.6942942663303735,0.007533575629542469,0.6630851680846954,1.1232426816876773,0.5073227584564086,4.0465263787562815,897.6666666666666,0.3998774509803921,0.13628472222222224
12,97,1,33.159848477,35.643206347,19/07/2025,5,0.668207641424938,0.012879805470590148,0.6559747006646275,1.045608856424157,0.49383373557649424,4.142617721195771,870.7777777777778,0.3931372549019608,0.13368055555555555
12,98,1,33.159795493,35.642962257,19/07/2025,5,0.6839609197824736,0.007918240941404841,0.6655212517368795,1.0709021478359095,0.5019319697654603,2.5743440261990314,893.8888888888889,0.6875,0.24479166666666669
12,99,1,33.159742288,35.642722712,19/07/2025,5,0.6657568964418457,0.004001058923572339,0.6578979276153851,1.0285443073031566,0.4825972924422273,1.9249935493429022,906.4444444444445,0.7916666666666667,0.3315972222222222
12,100,0,33.15968937,35.642477,19/07/2025,5,0.6096873247064706,0.006666542794649073,0.620341111652203,0.9666272784044759,0.4289779742307473,1.4353074058019708,962.0,0.84375,0.4887152777777778
12,101,1,33.159635603,35.642232272,19/07/2025,5,0.6355387065966548,0.004343106816658124,0.6333469939056036,1.0074320489760082,0.437993355012701,1.9249935493429022,924.2222222222222,0.7916666666666667,0.3315972222222222
12,102,0,33.159582878,35.641992193,19/07/2025,5,0.4745568632691973,0.04153203488002887,0.5339377180362681,0.8536692593830605,0.34754558194323243,5.292481250360577,997.8888888888889,0.114684735640618,0.10416666666666669
12,105,1,33.159348135,35.642439938,19/07/2025,5,0.5824674849494107,0.00948558364990215,0.6064258505812872,0.9289543941112552,0.39186574642568667,4.099948439523366,1006.1111111111111,0.4349264705882353,0.12586805555555558
12,106,1,33.159400735,35.642679832,19/07/2025,5,0.6295584927713995,0.005788075872569364,0.63214176815015,0.9917058048929772,0.4243185766734795,3.9512199918688324,991.2222222222222,0.50625,0.1440972222222222
12,107,1,33.159453582,35.64291647,19/07/2025,5,0.646025724666685,0.0037188145519098763,0.6369238306875423,1.0314878687159514,0.4340588862741328,2.2845300583088024,985.3333333333334,0.7395833333333333,0.3046875
12,108,1,33.159506357,35.643162467,19/07/2025,5,0.6339126375474352,0.0037793841314131666,0.6316753644897948,1.0076135951411684,0.437884679426479,2.68514304294886,986.0,0.65625,0.23524305555555558
12,109,1,33.159556128,35.643414448,19/07/2025,5,0.5971513952661169,0.006553872867020682,0.6199593928279747,0.9304902655479536,0.42801158949982615,3.932024798310503,904.8888888888889,0.3774038461538461,0.15104166666666669
12,110,1,33.159613697,35.643651843,19/07/2025,5,0.6615743567251751,0.010230535090002326,0.6494518453273991,1.0442865647726862,0.4648629230752721,3.959147917027245,938.6666666666666,0.55,0.21006944444444445
12,111,1,33.15966682,35.643892862,19/07/2025,5,0.6469660368467144,0.01842922157558081,0.644933275592253,1.0092310545378906,0.44413844622237497,3.4948934896284056,968.2222222222222,0.5875,0.1814236111111111
12,112,1,33.159719498,35.644131545,19/07/2025,5,0.6529113096076787,0.008538264358816982,0.639297823791432,1.0479722129473719,0.446754454285765,2.9699118602854653,999.3333333333334,0.6583333333333332,0.2230902777777778
12,113,1,33.159773107,35.644375108,19/07/2025,5,0.6700592539318255,0.0049608871744637765,0.6639611157487949,1.0225303850457654,0.47110900330055777,2.4466516387672983,911.8888888888889,0.71875,0.2751736111111111
12,114,0,33.159829127,35.644622533,19/07/2025,5,0.6289245611177534,0.01365452506080426,0.635248620204521,0.9799247260793709,0.4464168985817039,4.535906066166136,905.0,0.2505184766214178,0.11458333333333334
12,117,0,33.15940016,35.644173385,19/07/2025,5,0.7027318860453375,0.005744562112459085,0.686630874642039,1.064616330371196,0.5107893291239641,3.596822633626531,862.7777777777778,0.4208333333333333,0.17708333333333337
12,118,0,33.15934708,35.643931,19/07/2025,5,0.7127547870297202,0.0020976370824647116,0.6873279801802966,1.1050045754945523,0.5147649461225983,1.66524175848515,886.8888888888889,0.7708333333333333,0.3645833333333333
12,119,0,33.159294962,35.643689105,19/07/2025,5,0.6592461007289455,0.008723431578336497,0.6519938014946303,1.0260512045505708,0.45819579396278054,3.78619146497717,941.6666666666666,0.34375,0.15885416666666666
12,120,0,33.159226015,35.643452487,19/07/2025,5,0.6161648869561025,0.010305532787644144,0.6260614696320621,0.968667233642428,0.4293303389190377,5.0485332098491895,934.6666666666666,0.19289394032041093,0.1076388888888889
12,121,0,33.159170393,35.643204777,19/07/2025,5,0.6461945577948994,0.006824162307123284,0.6513892038909361,0.9825833750168042,0.4489560927196447,3.1176705313986384,940.2222222222222,0.6708333333333334,0.22395833333333337
12,122,0,33.159117593,35.642966563,19/07/2025,5,0.6334955422493462,0.005004852394850918,0.6382043611136832,0.9843770304471923,0.43126536852613206,2.9133456951388417,967.1111111111111,0.6770833333333333,0.2152777777777778
12,123,0,33.159065415,35.64272392,19/07/2025,5,0.5922724453608185,0.012823439120729255,0.6193184091219082,0.9183457918264268,0.4070438999672433,3.959147917027245,949.8888888888889,0.3351733520851167,0.21006944444444442
12,124,0,33.159009202,35.642481325,19/07/2025,5,0.4382061939251624,0.037912284634583494,0.5211032082730185,0.806516890336248,0.3158950433845662,5.063314583693912,946.3333333333334,0.19115108707648162,0.11197916666666669
12,127,0,33.158804015,35.642959248,19/07/2025,5,0.627556039280689,0.007658870150633112,0.6347564567740812,0.9766866762221574,0.4404903972022999,4.417481250360577,945.2222222222222,0.3599264705882353,0.15104166666666669
12,128,0,33.158857932,35.643206732,19/07/2025,5,0.6374217088033416,0.007232751102896335,0.6437972833110774,0.9789171684697376,0.4377512045446606,4.535906066166137,965.3333333333334,0.3645833333333333,0.11458333333333334
12,129,1,33.158909628,35.643437948,19/07/2025,5,0.6141269115225879,0.013561200836095869,0.630651083536326,0.9482786050111253,0.4221696623274839,4.417073958513622,963.1111111111111,0.36936274509803924,0.15711805555555555
12,130,1,33.1589613,35.643677962,19/07/2025,5,0.5848667116496508,0.012481195672901017,0.6061777943877962,0.9369209681264579,0.40022506410336683,4.759892522926829,967.3333333333334,0.3060803167420814,0.11197916666666669
12,131,1,33.159013632,35.643919578,19/07/2025,5,0.6546222536239665,0.005411408475591998,0.643955125813117,1.037681562079488,0.4707100476081898,4.802694271103766,931.6666666666666,0.3256127450980392,0.1267361111111111
12,134,0,33.158667682,35.643592803,19/07/2025,5,0.6131326276782789,0.003309507478662239,0.6245613075831112,0.9637914766312539,0.4384425182985199,2.8445083368391986,894.5555555555555,0.625,0.19618055555555555
12,135,0,33.15861547,35.643348467,19/07/2025,5,0.5759600133840742,0.002449042887631871,0.6081559292072094,0.9055793625186309,0.40350074630345856,2.68514304294886,936.5555555555555,0.54375,0.23524305555555555
12,136,0,33.158563075,35.643114235,19/07/2025,5,0.5635785835615035,0.020069142711473628,0.5987730004984639,0.9000268872202918,0.4095111106157945,3.8988242140723095,919.3333333333334,0.30910302270596385,0.15104166666666669
12,137,0,33.158525578,35.642949565,19/07/2025,5,0.45973544434971525,0.03801479235182368,0.5313847488409281,0.8285830578203858,0.3466387096023555,4.461038815261277,645.7777777777778,0.1541222133644895,0.125
13,2,1,33.161904167,35.64655731,23/07/2025,1,0.29988549459252156,0.0070716906575900565,0.4381197829785093,0.7254739407636898,0.22471208002734053,3.476717444721476,606.6666666666666,0.38552706781270063,0.1814236111111111
13,3,1,33.161851242,35.646311857,23/07/2025,1,0.3098072006333412,0.010100623085461847,0.44799858762763634,0.7237851714973453,0.24073658950198634,2.254715752170299,926.2222222222222,0.7625,0.3706597222222222
13,4,1,33.161798215,35.64607068,23/07/2025,1,0.32258271495733165,0.008333077288499352,0.46700348859894486,0.7096382156995718,0.2548286922583547,2.68514304294886,920.2222222222222,0.65625,0.23524305555555558
13,5,1,33.161739218,35.645799122,23/07/2025,1,0.3235969951008418,0.0035237420769336667,0.4658307561357756,0.7132224937699554,0.2632918975366937,0.7451475706431423,909.8888888888889,0.9270833333333333,0.7526041666666667
13,6,1,33.161683657,35.645553007,23/07/2025,1,0.3095758103831217,0.006457148078747939,0.45535599944651417,0.7099887056129524,0.23257521612397758,1.4353074058019706,912.7777777777778,0.84375,0.4887152777777778
13,7,1,33.16163386,35.64532035,23/07/2025,1,0.32678100676827704,0.005003747878495214,0.4773579720794195,0.6972493772968231,0.2521460746459971,2.68514304294886,906.5555555555555,0.65625,0.23524305555555558
13,8,1,33.161579802,35.645072175,23/07/2025,1,0.3262664624593367,0.0040525773026411655,0.4702487169509369,0.7093230532753132,0.24625290564646699,2.7249446711226777,910.6666666666666,0.7,0.22135416666666669
13,9,1,33.161522608,35.64481208,23/07/2025,1,0.32222439923635204,0.00714801813548933,0.4690008051237432,0.7051988238178031,0.2391317455191836,1.992670531398638,921.2222222222222,0.7708333333333333,0.2604166666666667
13,10,1,33.161467852,35.644562685,23/07/2025,1,0.31262634243319626,0.009645398969766187,0.4626661708262118,0.7015509397608021,0.2303996324418306,1.9249935493429022,937.5555555555555,0.7916666666666666,0.3315972222222222
13,11,1,33.161407923,35.644284105,23/07/2025,1,0.32619485698938366,0.004405292589498944,0.4589604773455146,0.730073093224111,0.24872009870392717,2.128154386514085,950.1111111111111,0.7791666666666667,0.37326388888888884
13,12,1,33.161350028,35.644022393,23/07/2025,1,0.32048740164109557,0.00364358585794965,0.46499684625598153,0.7097745298503673,0.24007133632458977,2.68514304294886,963.3333333333334,0.65625,0.23524305555555558
13,13,2,33.161296493,35.643780253,23/07/2025,1,0.33259258887328547,0.007099088396754683,0.4704595133257855,0.7191024666653854,0.243928141523503,1.9249935493429025,974.7777777777778,0.7916666666666666,0.3315972222222222
13,14,2,33.161295503,35.64377286,23/07/2025,1,0.33259258887328547,0.007099088396754683,0.4704595133257855,0.7191024666653854,0.243928141523503,1.9249935493429025,974.7777777777778,0.7916666666666666,0.3315972222222222
13,15,2,33.161237957,35.64351069,23/07/2025,1,0.3072501499274154,0.006737430756727715,0.4560937071850301,0.7049649119992798,0.22973194451453763,1.4353074058019706,1012.7777777777778,0.84375,0.4887152777777778
13,16,2,33.161181847,35.643255147,23/07/2025,1,0.3080280396529761,0.0011062094362961545,0.45489088358677193,0.7083028346608155,0.2375460484619274,2.078838679766182,1004.2222222222222,0.7708333333333333,0.359375
13,17,2,33.161125505,35.643000462,23/07/2025,1,0.3176741617226215,0.006722065608642151,0.45780825127910585,0.7183375852017007,0.23612180722962078,2.078838679766182,1000.8888888888889,0.7708333333333334,0.32812500000000006
13,18,2,33.161070167,35.642742588,23/07/2025,1,0.3069307706706603,0.012254890389346691,0.4548407770157362,0.7067984932303619,0.23540764256124447,2.707518749639422,992.7777777777778,0.625,0.2708333333333333
13,19,1,33.161016097,35.642499303,23/07/2025,1,0.3201049520143347,0.0035193071364239405,0.4642293527427123,0.7104978894440132,0.24974858349171564,2.078838679766182,985.1111111111111,0.7708333333333334,0.35937500000000006
13,20,1,33.160961333,35.642243133,23/07/2025,1,0.3132277577145622,0.007387484465030439,0.45830596843841437,0.7104027973338561,0.2394153491372337,1.4353074058019706,979.7777777777778,0.84375,0.4887152777777778
13,21,1,33.160905407,35.641989658,23/07/2025,1,0.3104244277182926,0.00431699105639533,0.4497353574271087,0.7213573093917698,0.23549549050094493,1.0612781244591327,1009.8888888888889,0.875,0.5989583333333334
13,22,1,33.160851472,35.641743378,23/07/2025,1,0.296671840723455,0.006262086572959978,0.44955119511441566,0.7000993968117003,0.23697199845091227,2.254715752170299,998.0,0.7625,0.3706597222222222
13,23,1,33.160796293,35.64149581,23/07/2025,1,0.29928576453757927,0.008841739598246525,0.45145161156710084,0.7008626672444728,0.22441118479930441,-0.0,1014.3333333333334,1.0,1.0
13,24,2,33.16074556,35.641261182,23/07/2025,1,0.2841979683823765,0.003582043600303299,0.4389084972109016,0.6996164813017431,0.22366888648070557,1.6835024445205309,696.2222222222222,0.6250810810810812,0.4201388888888889
13,26,2,33.160473993,35.641542365,23/07/2025,1,0.3266412160389741,0.007291132905570903,0.46607115839716623,0.7175889440442832,0.24498731862959122,1.4353074058019706,975.5555555555555,0.84375,0.4887152777777778
13,27,2,33.160527985,35.641783753,23/07/2025,1,0.3305508959470031,0.009115698747173913,0.45401612719767953,0.7463972612087005,0.246566402311577,2.4482537708610694,975.2222222222222,0.73125,0.27951388888888884
13,28,1,33.160582947,35.642029865,23/07/2025,1,0.335471735286697,0.0027174595209187944,0.46591020808606753,0.7322532063683194,0.25445927888392345,1.6835024445205309,967.4444444444445,0.8125,0.4201388888888889
13,29,1,33.160636005,35.642282955,23/07/2025,1,0.34400558504484224,0.005473111908255518,0.4739622468178742,0.7312745822243587,0.26311740875255185,1.992670531398638,950.7777777777778,0.7708333333333333,0.2604166666666667
13,30,1,33.160695432,35.642537193,23/07/2025,1,0.3510641161493085,0.00508990436095339,0.47668408304633925,0.7379381070714242,0.26885135736583143,2.254715752170299,945.8888888888889,0.7625,0.3706597222222222
13,31,1,33.16074675,35.642782475,23/07/2025,1,0.3448921775882127,0.013524005460770634,0.45928116202734653,0.7610667098338367,0.25813009531499276,2.4308241319059887,947.5555555555555,0.6875,0.24479166666666669
13,32,1,33.160798315,35.6430323,23/07/2025,1,0.3378333741438823,0.002990901271824628,0.4615412330638692,0.7443504785858773,0.25760025377090284,2.4466516387672983,950.4444444444445,0.71875,0.27517361111111116
13,33,2,33.160855323,35.643279252,23/07/2025,1,0.33666562714452486,0.005132945899567647,0.4729440323942803,0.7211129532211861,0.24419867573720838,1.944381475746753,924.3333333333334,0.7395833333333334,0.2977430555555556
13,34,2,33.160907978,35.643522723,23/07/2025,1,0.33881904527835444,0.0036946934802823458,0.4688170522572158,0.7324471349195946,0.25640973992425553,2.254715752170299,938.7777777777778,0.7625,0.3706597222222222
13,35,1,33.160966438,35.643779155,23/07/2025,1,0.35497803998259236,0.006837272344321091,0.48017515727489013,0.7379244453323659,0.2579148877907855,2.370864469235365,919.7777777777778,0.7500000000000001,0.3385416666666667
13,36,1,33.161020612,35.644023725,23/07/2025,1,0.3415484450983185,0.006990288438641646,0.4801761023345665,0.7155927286233408,0.25499644141955097,1.6835024445205309,906.6666666666666,0.8125,0.4201388888888889
13,37,1,33.161071323,35.644271332,23/07/2025,1,0.3344253370660226,0.007973149350179457,0.463598893347347,0.7350344170840407,0.25308354059778204,2.9307901819817657,900.5555555555555,0.6479166666666667,0.19444444444444448
13,38,1,33.161126305,35.644519178,23/07/2025,1,0.3467130033405846,0.007533307233260624,0.48633720108732553,0.7124274863734112,0.2660061738050188,2.4482537708610694,866.7777777777778,0.73125,0.2795138888888889
13,39,1,33.16118263,35.644765113,23/07/2025,1,0.34430063021119595,0.005662879548400133,0.48427730627693627,0.7124045654877343,0.25973958723823765,2.9307901819817657,881.6666666666666,0.6479166666666667,0.19444444444444448
13,40,1,33.161234052,35.645006792,23/07/2025,1,0.34340312713554144,0.006140982124812936,0.4827627491886579,0.7138133651750235,0.26136460664782996,1.6835024445205309,875.2222222222222,0.8125,0.4201388888888889
13,41,1,33.16128798,35.64524954,23/07/2025,1,0.33205835138315937,0.004532294970292287,0.4832578525831093,0.6948013359639239,0.254454699061192,2.078838679766182,881.8888888888889,0.7708333333333334,0.35937500000000006
13,42,1,33.161338072,35.645487483,23/07/2025,1,0.3339920813119103,0.009912749383810876,0.48869117210018004,0.6881533060896706,0.25549316383375575,1.9933241319059891,875.1111111111111,0.7604166666666666,0.2873263888888889
13,43,1,33.161391438,35.645724168,23/07/2025,1,0.3350921255689724,0.009206217891118914,0.4836704464678799,0.698859666946797,0.25128394704301793,2.68514304294886,867.1111111111111,0.65625,0.23524305555555558
13,44,1,33.161451178,35.645987818,23/07/2025,1,0.3254208810748078,0.004754795360828572,0.468813891653221,0.7106452426783095,0.2484539927784192,2.4482537708610694,867.0,0.73125,0.27951388888888884
13,45,1,33.161502477,35.646226487,23/07/2025,1,0.3417396123804306,0.0071500845634913665,0.4756409631025221,0.7246365904280611,0.25430185308881165,2.2845300583088024,883.3333333333334,0.7395833333333333,0.3046875
13,46,1,33.161554907,35.646464875,23/07/2025,1,0.3328994578387551,0.0035277853899287224,0.469896725641892,0.720571891268448,0.25651662035924844,2.7249446711226777,884.7777777777778,0.7,0.22135416666666669
13,47,1,33.161614685,35.646747965,23/07/2025,1,0.30022653542367,0.004595294195434387,0.4360094665101205,0.7298570205942017,0.2281804170548699,2.4479811128379074,782.0,0.6979620002779072,0.3003472222222222
13,50,1,33.161134613,35.646068373,23/07/2025,1,0.32298152154171983,0.012845589816018183,0.4599743299567247,0.7230908977954347,0.24178233819816233,1.7908520829727552,852.8888888888889,0.625,0.5138888888888888
13,51,1,33.161079387,35.64581745,23/07/2025,1,0.34796248368806904,0.013802720993557652,0.47505102139943695,0.7363140131088759,0.256960228865114,1.6835024445205309,877.0,0.8125,0.4201388888888889
13,52,0,33.161023875,35.64556372,23/07/2025,1,0.33042041251145515,0.007546560736487089,0.4764241262547977,0.704750271649479,0.2538802861438116,0.7451475706431423,885.6666666666666,0.9270833333333333,0.7526041666666667
13,53,0,33.160968185,35.645311618,23/07/2025,1,0.35004514659783215,0.008712878974410266,0.4848337547720089,0.7208387672021749,0.26012888675903445,-0.0,862.2222222222222,1.0,1.0
13,54,1,33.160917117,35.6450801,23/07/2025,1,0.34957033590548586,0.0032098574485181423,0.48302136130590106,0.723316124670552,0.2634544472164329,0.7451475706431423,864.2222222222222,0.9270833333333334,0.7526041666666667
13,55,1,33.160866638,35.644850175,23/07/2025,1,0.34878028220881624,0.005604604571249289,0.4756778186543169,0.735926437705911,0.26383227400899123,2.078838679766182,869.8888888888889,0.7708333333333333,0.359375
13,56,1,33.160810095,35.644588563,23/07/2025,1,0.34727266680400515,0.002118396177165945,0.473799157505584,0.7369539380355028,0.25541293709880186,0.7451475706431423,864.1111111111111,0.9270833333333333,0.7526041666666667
13,57,1,33.160743152,35.64436066,23/07/2025,1,0.3579731790269594,0.004848901565274983,0.473288609497384,0.7562040881938202,0.272245044402881,1.9249935493429022,869.5555555555555,0.7916666666666667,0.3315972222222222
13,58,1,33.160689237,35.644118827,23/07/2025,1,0.34982785684103557,0.006241145823304774,0.4781380788356653,0.7331014807440086,0.26849074179877713,0.7451475706431423,866.4444444444445,0.9270833333333333,0.7526041666666667
13,59,1,33.160635753,35.643873842,23/07/2025,1,0.35844811753125067,0.005196650039289384,0.4817183898756212,0.7407357047161476,0.2741374747549878,1.7895989012843492,890.2222222222222,0.8229166666666667,0.40885416666666674
13,60,1,33.160585255,35.643639628,23/07/2025,1,0.3689131920457429,0.007128114101305051,0.4837170406635105,0.754832898287201,0.2718658404431073,3.3858533076164026,905.1111111111111,0.61875,0.19010416666666669
13,61,1,33.160529465,35.643396377,23/07/2025,1,0.3602093603956881,0.005990312539608536,0.4866537773716215,0.734232507113215,0.27180331149856823,-0.0,904.5555555555555,1.0,1.0
13,62,1,33.160478112,35.643155417,23/07/2025,1,0.33881427524622043,0.014810810817619641,0.4637405796712312,0.742263113792273,0.24889551535707868,3.0047949849424147,924.3333333333334,0.625,0.20572916666666669
13,63,0,33.160426752,35.642917528,23/07/2025,1,0.35221768749672117,0.007729265482916367,0.470312566471256,0.752116707224719,0.26634572150848873,2.7246720130995152,926.4444444444445,0.6854166666666667,0.2508680555555556
13,64,1,33.160374338,35.64267693,23/07/2025,1,0.34126713307485207,0.0074679178379438325,0.47312284104039193,0.7284114183121422,0.2559102946657173,1.4353074058019708,923.3333333333334,0.84375,0.4887152777777778
13,65,1,33.160321667,35.642433553,23/07/2025,1,0.34645789427735196,0.0029812178763589745,0.4765650193824729,0.7303608664616386,0.26566865561048086,2.079111337789344,924.0,0.73125,0.3315972222222222
13,66,1,33.160267302,35.642186545,23/07/2025,1,0.3364791936670637,0.007949578865792341,0.46533653368617717,0.7349942616703855,0.25358802162543814,2.9699118602854653,928.7777777777778,0.6583333333333332,0.2230902777777778
13,67,1,33.160215403,35.641953228,23/07/2025,1,0.3377039291001145,0.0035723861880306612,0.46530803934885967,0.7370496738565735,0.2503811446951294,1.944381475746753,932.3333333333334,0.7395833333333333,0.2977430555555555
13,68,1,33.160160902,35.641708345,23/07/2025,1,0.32845680474897093,0.006016612749942586,0.4617965354856363,0.7283736132462876,0.2562280079228843,3.2689002017748097,952.3333333333334,0.61875,0.16579861111111113
13,71,0,33.15991125,35.64199894,23/07/2025,1,0.31975572795319107,0.008938044793728428,0.46052237243661437,0.7166708456375813,0.24250449348088768,1.4541978025686977,949.2222222222222,0.8541666666666666,0.532986111111111
13,72,0,33.159965595,35.642245682,23/07/2025,1,0.34947807239402073,0.004965821870785353,0.4784230908540443,0.7318678524775514,0.26548603625335904,2.078838679766182,938.0,0.7708333333333334,0.32812500000000006
13,73,0,33.160023748,35.642498748,23/07/2025,1,0.35680778253659995,0.0035228234576999426,0.4900807556094296,0.7219359145023297,0.2711803285568398,0.7451475706431423,916.5555555555555,0.9270833333333334,0.7526041666666667
13,74,1,33.160092528,35.642816152,23/07/2025,1,0.38805903929989083,0.008291995605470101,0.514080992076229,0.7280949425276769,0.2828898450390567,1.9249935493429022,882.2222222222222,0.7916666666666667,0.3315972222222222
13,75,1,33.16014033,35.643049575,23/07/2025,1,0.3762969841370905,0.0021818476699474146,0.4955567356479718,0.7443048300187121,0.285546958945786,2.729182000302357,887.6666666666666,0.6875,0.2578125
13,76,0,33.160202665,35.643323637,23/07/2025,1,0.3814076255559139,0.00787078383529962,0.4927234608405045,0.7590994171856075,0.28975433529671174,0.7451475706431423,909.3333333333334,0.9270833333333334,0.7526041666666667
13,77,0,33.160255515,35.64356091,23/07/2025,1,0.3864355674388361,0.007097627680532251,0.5003051677813017,0.7526530092688153,0.28039930851774586,1.9249935493429022,887.8888888888889,0.7916666666666667,0.3315972222222222
13,78,0,33.16030711,35.643799343,23/07/2025,1,0.3858245913342819,0.002690562363195258,0.49780097763830017,0.7565818979977346,0.2761724882132157,2.307180590341786,889.0,0.71875,0.2647569444444445
13,79,0,33.160359295,35.644039982,23/07/2025,1,0.3762757107934178,0.007405012992591955,0.4955036967765204,0.7445251639381733,0.27620890313927426,1.4353074058019706,887.7777777777778,0.84375,0.4887152777777778
13,80,0,33.16041425,35.644280253,23/07/2025,1,0.3785320087570143,0.003676795549258819,0.49823140099307117,0.7429172794694409,0.2791269660733593,1.4353074058019706,883.1111111111111,0.84375,0.4887152777777778
13,81,0,33.160462468,35.644512675,23/07/2025,1,0.3715215630201683,0.006632826765801553,0.4876331411811256,0.7517045174906836,0.27430434259580533,2.930790181981766,868.1111111111111,0.6479166666666667,0.19444444444444448
13,82,0,33.160514765,35.644741153,23/07/2025,1,0.3725596531866109,0.004011735210869876,0.4890781767116494,0.7506297123738455,0.28477713789461134,2.2845300583088024,878.1111111111111,0.7395833333333333,0.3046875
13,83,1,33.160565533,35.644975222,23/07/2025,1,0.3710459326247654,0.004708651142080566,0.4932343238695268,0.7398435352367416,0.27650634414860775,1.9249935493429022,866.2222222222222,0.7916666666666666,0.3315972222222222
13,84,1,33.160615463,35.645209277,23/07/2025,1,0.37006192694977114,0.006223398248056729,0.4988146961623814,0.7273140679480662,0.2809341107277567,1.061278124459133,860.3333333333334,0.875,0.5989583333333334
13,85,1,33.16066841,35.645444015,23/07/2025,1,0.37334254323192995,0.00952210179119186,0.4922214221366806,0.7460217822356013,0.27525704863054645,2.4482537708610694,865.3333333333334,0.7312500000000001,0.2795138888888889
13,86,1,33.160720382,35.645692387,23/07/2025,1,0.3434045390428799,0.013540669866362789,0.46586660934934154,0.7461640209964655,0.24802284382062803,1.944381475746753,857.5555555555555,0.7395833333333333,0.2977430555555555
13,89,0,33.160266512,35.645112597,23/07/2025,1,0.3381377676576163,0.010258565598872981,0.4647237079000132,0.7387855864769558,0.25296577702688805,3.788861785525509,875.6666666666666,0.5375,0.1371527777777778
13,90,1,33.160211572,35.644867212,23/07/2025,1,0.3405074096527808,0.009137817739476204,0.47855899394705603,0.7170519297465837,0.26085770114108053,1.7895989012843492,897.0,0.8229166666666667,0.40885416666666674
13,91,0,33.160160582,35.644633925,23/07/2025,1,0.3533551847732935,0.007419491406013526,0.4820506674688823,0.7315054142591356,0.27285002864681457,2.707518749639422,883.0,0.625,0.2708333333333333
13,92,1,33.160110772,35.644403592,23/07/2025,1,0.3616746304759577,0.008273766950110017,0.4859247652259237,0.7382301976967733,0.273700107447295,3.573194012124527,896.6666666666666,0.525,0.15190972222222224
13,93,1,33.160057588,35.644164157,23/07/2025,1,0.3709687883723401,0.003758874058370846,0.4919849361755228,0.7421170960426768,0.2823768560355776,0.7451475706431423,899.8888888888889,0.9270833333333334,0.7526041666666667
13,94,1,33.160003118,35.64391539,23/07/2025,1,0.3650890824237727,0.006184100676574371,0.49477888062943115,0.7269054637931786,0.2712194048097424,2.9133456951388417,892.5555555555555,0.6770833333333334,0.2152777777777778
13,95,1,33.159952528,35.643679232,23/07/2025,1,0.37120574494682135,0.010595212499401105,0.5000793107902977,0.7269938119597825,0.2843372915219022,2.5738496345702995,901.0,0.6791666666666667,0.21788194444444448
13,96,1,33.159900615,35.64344177,23/07/2025,1,0.3667102281080082,0.00885010680687889,0.4899517591303012,0.738934643431166,0.27823034731904506,2.2465073264361655,904.1111111111111,0.6979166666666666,0.2630208333333333
13,97,1,33.159848477,35.643206347,23/07/2025,1,0.3557504217838905,0.0028031133363005784,0.47920404791837157,0.7409267955441521,0.26950697307669436,2.707518749639422,906.2222222222222,0.625,0.2708333333333333
13,98,1,33.159795493,35.642962257,23/07/2025,1,0.3602345033795844,0.003112942724208124,0.487867857271307,0.7320040396533254,0.27287260682454373,-0.0,895.6666666666666,1.0,1.0
13,99,1,33.159742288,35.642722712,23/07/2025,1,0.3474682917520676,0.004412568188704238,0.4818107357292987,0.7222920349839019,0.2686535410278716,1.8660106928656977,904.4444444444445,0.6875,0.3246527777777778
13,100,0,33.15968937,35.642477,23/07/2025,1,0.335372099394594,0.004968005496934762,0.47365071623753846,0.7177548408371935,0.25285471892617284,1.9249935493429025,938.0,0.7916666666666666,0.3315972222222222
13,101,1,33.159635603,35.642232272,23/07/2025,1,0.3262220974747053,0.00533438021816487,0.47075567905124377,0.7082913198053988,0.2573000815012013,2.078838679766182,968.3333333333334,0.7708333333333334,0.35937500000000006
13,102,0,33.159582878,35.641992193,23/07/2025,1,0.2656151463483477,0.016942618647109164,0.3950245705251574,0.7473933783617874,0.21269267323967897,2.2845300583088024,1031.6666666666667,0.7395833333333333,0.3046875
13,105,1,33.159348135,35.642439938,23/07/2025,1,0.3247472169370308,0.00865223510365893,0.46030195679827973,0.7251254699103288,0.2423070293637467,3.7888617855255093,982.7777777777778,0.5375,0.1371527777777778
13,106,1,33.159400735,35.642679832,23/07/2025,1,0.33742102726364465,0.007927571650104517,0.47322158011011173,0.7218694151847624,0.24949864260864915,1.9933241319059891,967.7777777777778,0.7604166666666666,0.2873263888888889
13,107,1,33.159453582,35.64291647,23/07/2025,1,0.34683053331522795,0.006264773628858136,0.472153944782123,0.7394685955380029,0.24906955350274185,2.4466516387672983,971.4444444444445,0.71875,0.2751736111111111
13,108,1,33.159506357,35.643162467,23/07/2025,1,0.3327051200830022,0.004353540151482516,0.4700783661612775,0.7199562726428969,0.24655931077406773,1.4353074058019706,952.1111111111111,0.84375,0.4887152777777778
13,109,1,33.159556128,35.643414448,23/07/2025,1,0.3431129927240527,0.004374974861902992,0.461658787051665,0.7531596747037843,0.2556491277097327,1.7895989012843492,935.0,0.8229166666666667,0.40885416666666674
13,110,1,33.159613697,35.643651843,23/07/2025,1,0.35794324933721045,0.0026184534514207924,0.48263271772588445,0.7380526818791051,0.2605188086396011,0.7451475706431423,949.3333333333334,0.9270833333333334,0.7526041666666667
13,111,1,33.15966682,35.643892862,23/07/2025,1,0.3459689342795464,0.012693732925817292,0.4790192606253059,0.7254181646744513,0.2522902574859978,2.930790181981766,970.8888888888889,0.6479166666666667,0.19444444444444448
13,112,1,33.159719498,35.644131545,23/07/2025,1,0.34785775753919124,0.003982142533115771,0.47585409591269673,0.7340302280088294,0.25752691455251114,1.8150499598292538,949.6666666666666,0.78125,0.34635416666666663
13,113,1,33.159773107,35.644375108,23/07/2025,1,0.3554947847482557,0.0032659572140897692,0.48249966489439067,0.7341920108456529,0.26256778870835273,2.2845300583088024,935.1111111111111,0.7395833333333333,0.3046875
13,114,0,33.159829127,35.644622533,23/07/2025,1,0.3445046075997148,0.014448305822577388,0.47527755547087125,0.7297711959723979,0.2652967332552869,3.899804762194655,917.3333333333334,0.48541666666666666,0.1328125
13,117,0,33.15940016,35.644173385,23/07/2025,1,0.34528770079726073,0.00827098003012651,0.4724373413405815,0.7364543450668581,0.26059805361064226,3.50445242024266,942.1111111111111,0.5958333333333333,0.15625
13,118,0,33.15934708,35.643931,23/07/2025,1,0.36279563516465685,0.005136737245282643,0.48912462578505345,0.7338980706736737,0.26848925612390073,2.4150820599849467,936.1111111111111,0.6479166666666667,0.2829861111111111
13,119,0,33.159294962,35.643689105,23/07/2025,1,0.36034278897255634,0.006739339169357035,0.48262733196896856,0.742324423099498,0.25975775749324403,2.68514304294886,948.1111111111111,0.65625,0.23524305555555558
13,120,0,33.159226015,35.643452487,23/07/2025,1,0.3237364268051899,0.004990635341437771,0.45787699913928265,0.7279555476623631,0.23497974213946346,3.2689002017748097,932.2222222222222,0.6187499999999999,0.1657986111111111
13,121,0,33.159170393,35.643204777,23/07/2025,1,0.3337348028846332,0.0025825346650898014,0.4666679498658528,0.7279595230441779,0.2534802872342059,-0.0,934.7777777777778,1.0,1.0
13,122,0,33.159117593,35.642966563,23/07/2025,1,0.34218586684788077,0.005011332950802206,0.47063529013422456,0.7345405693404948,0.24379821826685003,1.9933241319059891,986.5555555555555,0.7604166666666666,0.2873263888888889
13,123,0,33.159065415,35.64272392,23/07/2025,1,0.3293161528748388,0.006793855320250598,0.4563122601090473,0.7401065781250862,0.24310488251009163,1.9933241319059891,979.3333333333334,0.7604166666666666,0.2873263888888889
13,124,0,33.159009202,35.642481325,23/07/2025,1,0.3049273197256894,0.014011004174035934,0.42945823120467946,0.7496212619920711,0.22649041854863844,3.959147917027245,962.1111111111111,0.55,0.21006944444444442
13,127,0,33.158804015,35.642959248,23/07/2025,1,0.34202781781936664,0.007139727973133945,0.4792217646654161,0.7184089367315095,0.25664849601262074,3.4995576091477156,933.1111111111111,0.5645833333333332,0.16927083333333334
13,128,0,33.158857932,35.643206732,23/07/2025,1,0.35803062945883607,0.006540896718722454,0.48237752373271825,0.738785108342349,0.26257709506738103,3.3858533076164026,949.1111111111111,0.61875,0.19010416666666669
13,129,1,33.158909628,35.643437948,23/07/2025,1,0.3558018298496831,0.00697604688816352,0.4812045239501773,0.7372807021118155,0.2716178351119769,2.4308241319059887,946.8888888888889,0.6875,0.24479166666666669
13,130,1,33.1589613,35.643677962,23/07/2025,1,0.3512251951539685,0.003706258248958544,0.47304023552333974,0.7452028663211572,0.2575468436975443,1.6835024445205309,923.5555555555555,0.7000000000000001,0.4201388888888889
13,131,1,33.159013632,35.643919578,23/07/2025,1,0.3536306579786222,0.003249891722748869,0.47116022577571687,0.7528465338662494,0.2666771341987757,2.4466516387672987,932.4444444444445,0.71875,0.2751736111111111
13,134,0,33.158667682,35.643592803,23/07/2025,1,0.3286958980540293,0.005988586559354279,0.4520799425859578,0.7472053370630835,0.2518228588437263,2.9402089210773927,937.4444444444445,0.6791666666666667,0.21267361111111113
13,135,0,33.15861547,35.643348467,23/07/2025,1,0.330206534693906,0.007682660743451983,0.4596863108489642,0.7353198712744599,0.24330125026305144,2.9402089210773927,922.0,0.6791666666666667,0.21267361111111113
13,136,0,33.158563075,35.643114235,23/07/2025,1,0.3239924651898491,0.0069434028351769775,0.4560167076488359,0.7318670605366806,0.2484677953934534,3.494893489628405,915.4444444444445,0.5875,0.1814236111111111
13,137,0,33.158525578,35.642949565,23/07/2025,1,0.3037446864866691,0.0026719715211034924,0.424902360998761,0.7558707569318058,0.23543864691532632,2.9133456951388417,647.6666666666666,0.5209350260214402,0.2152777777777778
